{"type": "FeatureCollection", "features": [{"type": "Feature", "id": 8, "geometry": {"type": "Point", "coordinates": [-120.6739, 47.425]}, "properties": {"OBJECTID": 8, "SITE_ID": 757, "SITE_NAME": "Alta Vista", "ALTERNATE_NAMES": "Pole Pick No. 2", "PRIMARY_COMMODITY": "Gold (Au)", "COMMODITIES": "Gold", "ORE_MINERALS": "Arsenopyrite, pyrite", "GANGUE": "Quartz, calcite, talc", "LOCATION_DESCRIPTION": "On S side of Culver Gulch", "LEGAL_DESCRIPTION": "SW 1/4 of sec. 2, T22N, R17E", "LOCATION_ACCURACY": "coordinate accuracy highly variable", "COUNTY": "Chelan", "LATITUDE": 47.425, "LONGITUDE": -120.6739, "MINING_DISTRICT": "", "LOCATION_SOURCE": "USGS MAS/MILS Database ", "ASSAYS": "yes", "PRODUCTION": "", "COMMENTS": "Assays are in Bulletin 37."}}, {"type": "Feature", "id": 9, "geometry": {"type": "Point", "coordinates": [-120.7144, 47.4108]}, "properties": {"OBJECTID": 9, "SITE_ID": 758, "SITE_NAME": "Amigo", "ALTERNATE_NAMES": "", "PRIMARY_COMMODITY": "Gold (Au)", "COMMODITIES": "Gold, silver", "ORE_MINERALS": "Sulfides", "GANGUE": "", "LOCATION_DESCRIPTION": "Across Bear Creek from the Union and Dominion property, Negro Creek area", "LEGAL_DESCRIPTION": "sec. 9, T22N, R17E", "LOCATION_ACCURACY": "coordinate accuracy highly variable", "COUNTY": "Chelan", "LATITUDE": 47.4108, "LONGITUDE": -120.7144, "MINING_DISTRICT": "", "LOCATION_SOURCE": "USGS MAS/MILS Database ", "ASSAYS": "yes", "PRODUCTION": "", "COMMENTS": "Assays are in Bulletin 37."}}, {"type": "Feature", "id": 10, "geometry": {"type": "Point", "coordinates": [-120.6944, 47.4247]}, "properties": {"OBJECTID": 10, "SITE_ID": 759, "SITE_NAME": "Apex", "ALTERNATE_NAMES": "", "PRIMARY_COMMODITY": "Gold (Au)", "COMMODITIES": "Gold", "ORE_MINERALS": "", "GANGUE": "", "LOCATION_DESCRIPTION": "", "LEGAL_DESCRIPTION": "", "LOCATION_ACCURACY": "coordinate accuracy highly variable", "COUNTY": "Chelan", "LATITUDE": 47.4247, "LONGITUDE": -120.6944, "MINING_DISTRICT": "Blewett", "LOCATION_SOURCE": "USGS MAS/MILS Database ", "ASSAYS": "", "PRODUCTION": "yes", "COMMENTS": "Production information is in Bulletin 37."}}, {"type": "Feature", "id": 11, "geometry": {"type": "Point", "coordinates": [-120.65, 47.4289]}, "properties": {"OBJECTID": 11, "SITE_ID": 760, "SITE_NAME": "Apple Queen", "ALTERNATE_NAMES": "", "PRIMARY_COMMODITY": "Gold (Au)", "COMMODITIES": "Gold", "ORE_MINERALS": "", "GANGUE": "", "LOCATION_DESCRIPTION": "", "LEGAL_DESCRIPTION": "sec. 1, T22N, R17E", "LOCATION_ACCURACY": "coordinate accuracy highly variable", "COUNTY": "Chelan", "LATITUDE": 47.4289, "LONGITUDE": -120.65, "MINING_DISTRICT": "Blewett", "LOCATION_SOURCE": "USGS MAS/MILS Database ", "ASSAYS": "", "PRODUCTION": "", "COMMENTS": ""}}, {"type": "Feature", "id": 12, "geometry": {"type": "Point", "coordinates": [-120.65, 47.4278]}, "properties": {"OBJECTID": 12, "SITE_ID": 761, "SITE_NAME": "April Fool", "ALTERNATE_NAMES": "", "PRIMARY_COMMODITY": "Gold (Au)", "COMMODITIES": "Gold, silver", "ORE_MINERALS": "", "GANGUE": "", "LOCATION_DESCRIPTION": "", "LEGAL_DESCRIPTION": "sec. 1, T22N, R17E", "LOCATION_ACCURACY": "coordinate accuracy highly variable", "COUNTY": "Chelan", "LATITUDE": 47.4278, "LONGITUDE": -120.65, "MINING_DISTRICT": "Blewett", "LOCATION_SOURCE": "USGS MAS/MILS Database ", "ASSAYS": "", "PRODUCTION": "", "COMMENTS": ""}}, {"type": "Feature", "id": 14, "geometry": {"type": "Point", "coordinates": [-120.6594, 47.4233]}, "properties": {"OBJECTID": 14, "SITE_ID": 763, "SITE_NAME": "Black and White", "ALTERNATE_NAMES": "Black, Diamond Dick, Tip Top mine, White", "PRIMARY_COMMODITY": "Gold (Au)", "COMMODITIES": "Gold, silver", "ORE_MINERALS": "Free gold, pyrite, chalcopyrite, arsenopyrite", "GANGUE": "Quartz, calcite", "LOCATION_DESCRIPTION": "On E side of Peshastin Creek several hundred yards S of Blewett", "LEGAL_DESCRIPTION": "sec. 1, T22N, R17E", "LOCATION_ACCURACY": "coordinate accuracy highly variable", "COUNTY": "Chelan", "LATITUDE": 47.4233, "LONGITUDE": -120.6594, "MINING_DISTRICT": "", "LOCATION_SOURCE": "USGS MAS/MILS Database ", "ASSAYS": "yes", "PRODUCTION": "yes", "COMMENTS": "Assays are in Bulletin 37. Production information is in Bulletin 37."}}, {"type": "Feature", "id": 15, "geometry": {"type": "Point", "coordinates": [-120.6572, 47.4236]}, "properties": {"OBJECTID": 15, "SITE_ID": 764, "SITE_NAME": "Black Jack", "ALTERNATE_NAMES": "Blewett, La Rica", "PRIMARY_COMMODITY": "Gold (Au)", "COMMODITIES": "Gold, mercury", "ORE_MINERALS": "Free gold, native mercury, arsenopyrite, pyrite", "GANGUE": "", "LOCATION_DESCRIPTION": "Near Peshastin Creek", "LEGAL_DESCRIPTION": "SW 1/4 of sec. 1, T22N, R17E", "LOCATION_ACCURACY": "coordinate accuracy highly variable", "COUNTY": "Chelan", "LATITUDE": 47.4236, "LONGITUDE": -120.6572, "MINING_DISTRICT": "Blewett", "LOCATION_SOURCE": "USGS MAS/MILS Database ", "ASSAYS": "yes", "PRODUCTION": "yes", "COMMENTS": "Assays are in Bulletin 37. Production information is in Bulletin 37."}}, {"type": "Feature", "id": 16, "geometry": {"type": "Point", "coordinates": [-120.618, 47.422004]}, "properties": {"OBJECTID": 16, "SITE_ID": 765, "SITE_NAME": "Blewett", "ALTERNATE_NAMES": "", "PRIMARY_COMMODITY": "Gold (Au)", "COMMODITIES": "Gold", "ORE_MINERALS": "", "GANGUE": "", "LOCATION_DESCRIPTION": "", "LEGAL_DESCRIPTION": "SE 1/4 of sec. 2, T22N, R17E", "LOCATION_ACCURACY": "coordinates estimated from legal description", "COUNTY": "Chelan", "LATITUDE": 47.4220037413472, "LONGITUDE": -120.618, "MINING_DISTRICT": "Blewett", "LOCATION_SOURCE": "Bulletin 37", "ASSAYS": "", "PRODUCTION": "yes", "COMMENTS": "Production information is in Bulletin 37."}}, {"type": "Feature", "id": 17, "geometry": {"type": "Point", "coordinates": [-120.9511, 47.5256]}, "properties": {"OBJECTID": 17, "SITE_ID": 766, "SITE_NAME": "Blind Lead", "ALTERNATE_NAMES": "", "PRIMARY_COMMODITY": "Gold (Au)", "COMMODITIES": "Gold", "ORE_MINERALS": "Arsenopyrite", "GANGUE": "", "LOCATION_DESCRIPTION": "On a fork of Jack Creek", "LEGAL_DESCRIPTION": "", "LOCATION_ACCURACY": "coordinate accuracy highly variable", "COUNTY": "Chelan", "LATITUDE": 47.5256, "LONGITUDE": -120.9511, "MINING_DISTRICT": "Leavenworth", "LOCATION_SOURCE": "USGS MAS/MILS Database ", "ASSAYS": "yes", "PRODUCTION": "", "COMMENTS": "Assays are in Bulletin 37."}}, {"type": "Feature", "id": 18, "geometry": {"type": "Point", "coordinates": [-120.6917, 47.425]}, "properties": {"OBJECTID": 18, "SITE_ID": 767, "SITE_NAME": "Blinn", "ALTERNATE_NAMES": "", "PRIMARY_COMMODITY": "Gold (Au)", "COMMODITIES": "Gold", "ORE_MINERALS": "Pyrite, chalcopyrite", "GANGUE": "Quartz, calcite", "LOCATION_DESCRIPTION": "Claims extend from the head of Culver Gulch westward to and across Negro Creek", "LEGAL_DESCRIPTION": "NE 1/4 of sec. 3, T22N, R17E", "LOCATION_ACCURACY": "coordinate accuracy highly variable", "COUNTY": "Chelan", "LATITUDE": 47.425, "LONGITUDE": -120.6917, "MINING_DISTRICT": "", "LOCATION_SOURCE": "USGS MAS/MILS Database ", "ASSAYS": "", "PRODUCTION": "yes", "COMMENTS": "Production information is in Bulletin 37."}}, {"type": "Feature", "id": 19, "geometry": {"type": "Point", "coordinates": [-120.6553, 47.4275]}, "properties": {"OBJECTID": 19, "SITE_ID": 768, "SITE_NAME": "Blue Bell", "ALTERNATE_NAMES": "I. X. L.", "PRIMARY_COMMODITY": "Gold (Au)", "COMMODITIES": "Gold", "ORE_MINERALS": "Pyrite, free gold", "GANGUE": "Quartz, calcite", "LOCATION_DESCRIPTION": "On E side of Peshastin Creek 0.25 mi N of Blewett", "LEGAL_DESCRIPTION": "SW 1/4 of sec. 1, T22N, R17E", "LOCATION_ACCURACY": "coordinate accuracy highly variable", "COUNTY": "Chelan", "LATITUDE": 47.4275, "LONGITUDE": -120.6553, "MINING_DISTRICT": "", "LOCATION_SOURCE": "USGS MAS/MILS Database ", "ASSAYS": "", "PRODUCTION": "yes", "COMMENTS": "Production information is in Bulletin 37."}}, {"type": "Feature", "id": 20, "geometry": {"type": "Point", "coordinates": [-120.6722, 47.4269]}, "properties": {"OBJECTID": 20, "SITE_ID": 769, "SITE_NAME": "Bobtail", "ALTERNATE_NAMES": "Wye", "PRIMARY_COMMODITY": "Gold (Au)", "COMMODITIES": "Gold", "ORE_MINERALS": "", "GANGUE": "", "LOCATION_DESCRIPTION": "In Culver Gulch", "LEGAL_DESCRIPTION": "SW 1/4 of sec. 2, T22N, R17E", "LOCATION_ACCURACY": "coordinate accuracy highly variable", "COUNTY": "Chelan", "LATITUDE": 47.4269, "LONGITUDE": -120.6722, "MINING_DISTRICT": "Blewett", "LOCATION_SOURCE": "USGS MAS/MILS Database ", "ASSAYS": "", "PRODUCTION": "yes", "COMMENTS": "Production information is in Bulletin 37."}}, {"type": "Feature", "id": 21, "geometry": {"type": "Point", "coordinates": [-120.795, 47.4181]}, "properties": {"OBJECTID": 21, "SITE_ID": 770, "SITE_NAME": "Bonanza and Deadwood", "ALTERNATE_NAMES": "Bonanza, Deadwood", "PRIMARY_COMMODITY": "Gold (Au)", "COMMODITIES": "Gold, nickel", "ORE_MINERALS": "", "GANGUE": "", "LOCATION_DESCRIPTION": "Near head of Falls Creek, a tributary to Ingalls Creek", "LEGAL_DESCRIPTION": "", "LOCATION_ACCURACY": "coordinate accuracy highly variable", "COUNTY": "Chelan", "LATITUDE": 47.4181, "LONGITUDE": -120.795, "MINING_DISTRICT": "", "LOCATION_SOURCE": "USGS MAS/MILS Database ", "ASSAYS": "", "PRODUCTION": "", "COMMENTS": ""}}, {"type": "Feature", "id": 22, "geometry": {"type": "Point", "coordinates": [-120.6592, 47.3914]}, "properties": {"OBJECTID": 22, "SITE_ID": 771, "SITE_NAME": "Budge", "ALTERNATE_NAMES": "", "PRIMARY_COMMODITY": "Gold (Au)", "COMMODITIES": "Gold, silver", "ORE_MINERALS": "", "GANGUE": "", "LOCATION_DESCRIPTION": "On S bank of Shaser Creek near its mouth", "LEGAL_DESCRIPTION": "SW 1/4 of sec. 13, T22N, R17E", "LOCATION_ACCURACY": "coordinate accuracy highly variable", "COUNTY": "Chelan", "LATITUDE": 47.3914, "LONGITUDE": -120.6592, "MINING_DISTRICT": "", "LOCATION_SOURCE": "USGS MAS/MILS Database ", "ASSAYS": "yes", "PRODUCTION": "", "COMMENTS": "Assays are in Bulletin 37."}}, {"type": "Feature", "id": 25, "geometry": {"type": "Point", "coordinates": [-120.6736, 47.43]}, "properties": {"OBJECTID": 25, "SITE_ID": 774, "SITE_NAME": "Byron", "ALTERNATE_NAMES": "", "PRIMARY_COMMODITY": "Gold (Au)", "COMMODITIES": "Gold", "ORE_MINERALS": "", "GANGUE": "", "LOCATION_DESCRIPTION": "", "LEGAL_DESCRIPTION": "sec. 2, T22N, R17E", "LOCATION_ACCURACY": "coordinate accuracy highly variable", "COUNTY": "Chelan", "LATITUDE": 47.43, "LONGITUDE": -120.6736, "MINING_DISTRICT": "Blewett", "LOCATION_SOURCE": "USGS MAS/MILS Database ", "ASSAYS": "", "PRODUCTION": "", "COMMENTS": ""}}, {"type": "Feature", "id": 26, "geometry": {"type": "Point", "coordinates": [-120.6467, 47.43]}, "properties": {"OBJECTID": 26, "SITE_ID": 775, "SITE_NAME": "Caledonia", "ALTERNATE_NAMES": "", "PRIMARY_COMMODITY": "Gold (Au)", "COMMODITIES": "Gold, silver, copper", "ORE_MINERALS": "Pyrite, free gold, tetrahedrite", "GANGUE": "Quartz", "LOCATION_DESCRIPTION": "", "LEGAL_DESCRIPTION": "sec. 1, T22N, R17E", "LOCATION_ACCURACY": "coordinate accuracy highly variable", "COUNTY": "Chelan", "LATITUDE": 47.43, "LONGITUDE": -120.6467, "MINING_DISTRICT": "Blewett", "LOCATION_SOURCE": "USGS MAS/MILS Database ", "ASSAYS": "yes", "PRODUCTION": "", "COMMENTS": "Assays are in Bulletin 37."}}, {"type": "Feature", "id": 29, "geometry": {"type": "Point", "coordinates": [-120.3128, 47.3864]}, "properties": {"OBJECTID": 29, "SITE_ID": 778, "SITE_NAME": "Charlotte", "ALTERNATE_NAMES": "", "PRIMARY_COMMODITY": "Gold (Au)", "COMMODITIES": "Gold, silver", "ORE_MINERALS": "", "GANGUE": "Quartz", "LOCATION_DESCRIPTION": "Adjoining the Golden King property on the S", "LEGAL_DESCRIPTION": "sec. 22, T22N, R20E", "LOCATION_ACCURACY": "coordinate accuracy highly variable", "COUNTY": "Chelan", "LATITUDE": 47.3864, "LONGITUDE": -120.3128, "MINING_DISTRICT": "", "LOCATION_SOURCE": "USGS MAS/MILS Database ", "ASSAYS": "yes", "PRODUCTION": "", "COMMENTS": "Assays are in Bulletin 37."}}, {"type": "Feature", "id": 30, "geometry": {"type": "Point", "coordinates": [-120.714026, 47.427872]}, "properties": {"OBJECTID": 30, "SITE_ID": 779, "SITE_NAME": "Cinnabar King", "ALTERNATE_NAMES": "", "PRIMARY_COMMODITY": "Gold (Au)", "COMMODITIES": "Gold, nickel, mercury", "ORE_MINERALS": "", "GANGUE": "", "LOCATION_DESCRIPTION": "On Negro Creek", "LEGAL_DESCRIPTION": "", "LOCATION_ACCURACY": "coordinates estimated from location description", "COUNTY": "Chelan", "LATITUDE": 47.4278723465836, "LONGITUDE": -120.714026275106, "MINING_DISTRICT": "", "LOCATION_SOURCE": "Bulletin 37", "ASSAYS": "yes", "PRODUCTION": "", "COMMENTS": "Assays are in Bulletin 37."}}, {"type": "Feature", "id": 33, "geometry": {"type": "Point", "coordinates": [-120.680514, 47.419449]}, "properties": {"OBJECTID": 33, "SITE_ID": 782, "SITE_NAME": "Culver", "ALTERNATE_NAMES": "", "PRIMARY_COMMODITY": "Gold (Au)", "COMMODITIES": "Gold, silver", "ORE_MINERALS": "Free gold, arsenopyrite, pyrite", "GANGUE": "Quartz, calcite, talc", "LOCATION_DESCRIPTION": "", "LEGAL_DESCRIPTION": "SW 1/4 of sec. 2, T22N, R17E", "LOCATION_ACCURACY": "coordinates estimated from legal description", "COUNTY": "Chelan", "LATITUDE": 47.4194489296478, "LONGITUDE": -120.680514143592, "MINING_DISTRICT": "Blewett", "LOCATION_SOURCE": "Bulletin 37", "ASSAYS": "yes", "PRODUCTION": "yes", "COMMENTS": "Assays are in Bulletin 37. Production information is in Bulletin 37."}}, {"type": "Feature", "id": 34, "geometry": {"type": "Point", "coordinates": [-120.69, 47.4325]}, "properties": {"OBJECTID": 34, "SITE_ID": 783, "SITE_NAME": "Daisy Dean", "ALTERNATE_NAMES": "", "PRIMARY_COMMODITY": "Gold (Au)", "COMMODITIES": "Gold, silver, lead", "ORE_MINERALS": "", "GANGUE": "", "LOCATION_DESCRIPTION": "On Negro Creek, upstream from Eagle and Iowa prospect", "LEGAL_DESCRIPTION": "NE 1/4 of sec. 3, T22N, R17E", "LOCATION_ACCURACY": "coordinate accuracy highly variable", "COUNTY": "Chelan", "LATITUDE": 47.4325, "LONGITUDE": -120.69, "MINING_DISTRICT": "", "LOCATION_SOURCE": "USGS MAS/MILS Database ", "ASSAYS": "yes", "PRODUCTION": "", "COMMENTS": "Assays are in Bulletin 37."}}, {"type": "Feature", "id": 35, "geometry": {"type": "Point", "coordinates": [-120.675, 47.425]}, "properties": {"OBJECTID": 35, "SITE_ID": 784, "SITE_NAME": "Donahue", "ALTERNATE_NAMES": "", "PRIMARY_COMMODITY": "Gold (Au)", "COMMODITIES": "Gold", "ORE_MINERALS": "Free gold", "GANGUE": "", "LOCATION_DESCRIPTION": "", "LEGAL_DESCRIPTION": "", "LOCATION_ACCURACY": "coordinate accuracy highly variable", "COUNTY": "Chelan", "LATITUDE": 47.425, "LONGITUDE": -120.675, "MINING_DISTRICT": "Peshastin", "LOCATION_SOURCE": "USGS MAS/MILS Database ", "ASSAYS": "", "PRODUCTION": "yes", "COMMENTS": "Production information is in Bulletin 37."}}, {"type": "Feature", "id": 36, "geometry": {"type": "Point", "coordinates": [-120.6481, 47.4283]}, "properties": {"OBJECTID": 36, "SITE_ID": 785, "SITE_NAME": "Donaldson", "ALTERNATE_NAMES": "", "PRIMARY_COMMODITY": "Gold (Au)", "COMMODITIES": "Gold, silver", "ORE_MINERALS": "", "GANGUE": "", "LOCATION_DESCRIPTION": "", "LEGAL_DESCRIPTION": "sec. 1, T22N, R17E", "LOCATION_ACCURACY": "coordinate accuracy highly variable", "COUNTY": "Chelan", "LATITUDE": 47.4283, "LONGITUDE": -120.6481, "MINING_DISTRICT": "Blewett", "LOCATION_SOURCE": "USGS MAS/MILS Database ", "ASSAYS": "", "PRODUCTION": "", "COMMENTS": ""}}, {"type": "Feature", "id": 38, "geometry": {"type": "Point", "coordinates": [-120.6936, 47.4314]}, "properties": {"OBJECTID": 38, "SITE_ID": 787, "SITE_NAME": "Eagle and Iowa", "ALTERNATE_NAMES": "Eagle, Iowa", "PRIMARY_COMMODITY": "Gold (Au)", "COMMODITIES": "Gold, copper", "ORE_MINERALS": "Pyrite, chalcopyrite", "GANGUE": "", "LOCATION_DESCRIPTION": "On N side of Negro Creek", "LEGAL_DESCRIPTION": "NE 1/4 of sec. 3, T22N, R17E", "LOCATION_ACCURACY": "coordinate accuracy highly variable", "COUNTY": "Chelan", "LATITUDE": 47.4314, "LONGITUDE": -120.6936, "MINING_DISTRICT": "", "LOCATION_SOURCE": "USGS MAS/MILS Database ", "ASSAYS": "yes", "PRODUCTION": "", "COMMENTS": "Assays are in Bulletin 37."}}, {"type": "Feature", "id": 41, "geometry": {"type": "Point", "coordinates": [-120.6542, 47.4208]}, "properties": {"OBJECTID": 41, "SITE_ID": 790, "SITE_NAME": "Eureka", "ALTERNATE_NAMES": "Golden Chariot, Golden Cherry", "PRIMARY_COMMODITY": "Gold (Au)", "COMMODITIES": "Gold", "ORE_MINERALS": "", "GANGUE": "", "LOCATION_DESCRIPTION": "On E side of Peshastin Creek, 2,000 ft S of Blewett", "LEGAL_DESCRIPTION": "SW 1/4 of sec. 1, T22N, R17E", "LOCATION_ACCURACY": "coordinate accuracy highly variable", "COUNTY": "Chelan", "LATITUDE": 47.4208, "LONGITUDE": -120.6542, "MINING_DISTRICT": "", "LOCATION_SOURCE": "USGS MAS/MILS Database ", "ASSAYS": "yes", "PRODUCTION": "", "COMMENTS": "Assays are in Bulletin 37."}}, {"type": "Feature", "id": 42, "geometry": {"type": "Point", "coordinates": [-120.6547, 47.4219]}, "properties": {"OBJECTID": 42, "SITE_ID": 791, "SITE_NAME": "Fraction", "ALTERNATE_NAMES": "", "PRIMARY_COMMODITY": "Gold (Au)", "COMMODITIES": "Gold", "ORE_MINERALS": "", "GANGUE": "", "LOCATION_DESCRIPTION": "", "LEGAL_DESCRIPTION": "SW 1/4 of sec. 1, T22N, R17E", "LOCATION_ACCURACY": "coordinate accuracy highly variable", "COUNTY": "Chelan", "LATITUDE": 47.4219, "LONGITUDE": -120.6547, "MINING_DISTRICT": "Blewett", "LOCATION_SOURCE": "USGS MAS/MILS Database ", "ASSAYS": "", "PRODUCTION": "", "COMMENTS": ""}}, {"type": "Feature", "id": 43, "geometry": {"type": "Point", "coordinates": [-120.6736, 47.4106]}, "properties": {"OBJECTID": 43, "SITE_ID": 792, "SITE_NAME": "Gem", "ALTERNATE_NAMES": "", "PRIMARY_COMMODITY": "Gold (Au)", "COMMODITIES": "Gold, silver", "ORE_MINERALS": "", "GANGUE": "", "LOCATION_DESCRIPTION": "", "LEGAL_DESCRIPTION": "sec. 11, T22N, R17E", "LOCATION_ACCURACY": "coordinate accuracy highly variable", "COUNTY": "Chelan", "LATITUDE": 47.4106, "LONGITUDE": -120.6736, "MINING_DISTRICT": "", "LOCATION_SOURCE": "USGS MAS/MILS Database ", "ASSAYS": "yes", "PRODUCTION": "", "COMMENTS": "Assays are in Bulletin 37."}}, {"type": "Feature", "id": 46, "geometry": {"type": "Point", "coordinates": [-120.6406, 47.4231]}, "properties": {"OBJECTID": 46, "SITE_ID": 795, "SITE_NAME": "Gold Bond", "ALTERNATE_NAMES": "", "PRIMARY_COMMODITY": "Gold (Au)", "COMMODITIES": "Gold", "ORE_MINERALS": "Free gold", "GANGUE": "Quartz, calcite", "LOCATION_DESCRIPTION": "", "LEGAL_DESCRIPTION": "", "LOCATION_ACCURACY": "coordinate accuracy highly variable", "COUNTY": "Chelan", "LATITUDE": 47.4231, "LONGITUDE": -120.6406, "MINING_DISTRICT": "Blewett", "LOCATION_SOURCE": "USGS MAS/MILS Database ", "ASSAYS": "", "PRODUCTION": "yes", "COMMENTS": "Production information is in Bulletin 37."}}, {"type": "Feature", "id": 47, "geometry": {"type": "Point", "coordinates": [-120.3397, 47.3939]}, "properties": {"OBJECTID": 47, "SITE_ID": 796, "SITE_NAME": "Gold Knob", "ALTERNATE_NAMES": "", "PRIMARY_COMMODITY": "Gold (Au)", "COMMODITIES": "Gold, silver", "ORE_MINERALS": "", "GANGUE": "", "LOCATION_DESCRIPTION": "Squaw Saddle area", "LEGAL_DESCRIPTION": "secs. 16 and 21, T22N, R20E", "LOCATION_ACCURACY": "coordinate accuracy highly variable", "COUNTY": "Chelan", "LATITUDE": 47.3939, "LONGITUDE": -120.3397, "MINING_DISTRICT": "Wenatchee", "LOCATION_SOURCE": "USGS MAS/MILS Database ", "ASSAYS": "yes", "PRODUCTION": "", "COMMENTS": "Assays are in Bulletin 37."}}, {"type": "Feature", "id": 48, "geometry": {"type": "Point", "coordinates": [-120.6667, 47.4244]}, "properties": {"OBJECTID": 48, "SITE_ID": 797, "SITE_NAME": "Golden Eagle", "ALTERNATE_NAMES": "Lucky King", "PRIMARY_COMMODITY": "Gold (Au)", "COMMODITIES": "Gold", "ORE_MINERALS": "Pyrite, free gold", "GANGUE": "Quartz, calcite, talc", "LOCATION_DESCRIPTION": "On N side of Culver Gulch 0.5 mi above its junction with Peshastin Creek", "LEGAL_DESCRIPTION": "SE 1/4 of sec. 2, T22N, R17E", "LOCATION_ACCURACY": "coordinate accuracy highly variable", "COUNTY": "Chelan", "LATITUDE": 47.4244, "LONGITUDE": -120.6667, "MINING_DISTRICT": "", "LOCATION_SOURCE": "USGS MAS/MILS Database ", "ASSAYS": "yes", "PRODUCTION": "yes", "COMMENTS": "Assays are in Bulletin 37. Production information is in Bulletin 37."}}, {"type": "Feature", "id": 49, "geometry": {"type": "Point", "coordinates": [-120.6869, 47.4347]}, "properties": {"OBJECTID": 49, "SITE_ID": 798, "SITE_NAME": "Golden Guinea", "ALTERNATE_NAMES": "Francis L.", "PRIMARY_COMMODITY": "Gold (Au)", "COMMODITIES": "Gold, silver", "ORE_MINERALS": "", "GANGUE": "", "LOCATION_DESCRIPTION": "On N and S banks of Negro Creek about 2 mi above its mouth", "LEGAL_DESCRIPTION": "NE 1/4 of sec. 3, T22N, R17E", "LOCATION_ACCURACY": "coordinate accuracy highly variable", "COUNTY": "Chelan", "LATITUDE": 47.4347, "LONGITUDE": -120.6869, "MINING_DISTRICT": "", "LOCATION_SOURCE": "USGS MAS/MILS Database ", "ASSAYS": "yes", "PRODUCTION": "", "COMMENTS": "Assays are in Bulletin 37."}}, {"type": "Feature", "id": 50, "geometry": {"type": "Point", "coordinates": [-120.3158, 47.3822]}, "properties": {"OBJECTID": 50, "SITE_ID": 799, "SITE_NAME": "Gold King", "ALTERNATE_NAMES": "Compton, Golden King, Squillchuck, Wenatchee", "PRIMARY_COMMODITY": "Gold (Au)", "COMMODITIES": "Gold, silver", "ORE_MINERALS": "Pyrite", "GANGUE": "Quartz, calcite, siderite", "LOCATION_DESCRIPTION": "On W side of Squillchuck Creek", "LEGAL_DESCRIPTION": "near center of sec. 22, T22N, R20E", "LOCATION_ACCURACY": "coordinate accuracy highly variable", "COUNTY": "Chelan", "LATITUDE": 47.3822, "LONGITUDE": -120.3158, "MINING_DISTRICT": "", "LOCATION_SOURCE": "USGS MAS/MILS Database ", "ASSAYS": "yes", "PRODUCTION": "yes", "COMMENTS": "Assays are in Bulletin 37 and in the scanned files. Production information is in Bulletin 37."}}, {"type": "Feature", "id": 51, "geometry": {"type": "Point", "coordinates": [-120.6625, 47.4222]}, "properties": {"OBJECTID": 51, "SITE_ID": 800, "SITE_NAME": "Golden Wedge", "ALTERNATE_NAMES": "", "PRIMARY_COMMODITY": "Gold (Au)", "COMMODITIES": "Gold, copper", "ORE_MINERALS": "Pyrite, chalcopyrite", "GANGUE": "Quartz, calcite", "LOCATION_DESCRIPTION": "On N side of Culver Springs Gulch, 0.25 mi from Blewett Pass highway", "LEGAL_DESCRIPTION": "sec. 11, T22N, R17E", "LOCATION_ACCURACY": "coordinate accuracy highly variable", "COUNTY": "Chelan", "LATITUDE": 47.4222, "LONGITUDE": -120.6625, "MINING_DISTRICT": "", "LOCATION_SOURCE": "USGS MAS/MILS Database ", "ASSAYS": "yes", "PRODUCTION": "", "COMMENTS": "Assays are in Bulletin 37."}}, {"type": "Feature", "id": 52, "geometry": {"type": "Point", "coordinates": [-120.7278, 47.4278]}, "properties": {"OBJECTID": 52, "SITE_ID": 801, "SITE_NAME": "Gordon", "ALTERNATE_NAMES": "", "PRIMARY_COMMODITY": "Gold (Au)", "COMMODITIES": "Gold, nickel, silver", "ORE_MINERALS": "", "GANGUE": "", "LOCATION_DESCRIPTION": "On Bear Creek", "LEGAL_DESCRIPTION": "sec. 9, T22N, R17E", "LOCATION_ACCURACY": "coordinate accuracy highly variable", "COUNTY": "Chelan", "LATITUDE": 47.4278, "LONGITUDE": -120.7278, "MINING_DISTRICT": "", "LOCATION_SOURCE": "USGS MAS/MILS Database ", "ASSAYS": "", "PRODUCTION": "", "COMMENTS": ""}}, {"type": "Feature", "id": 54, "geometry": {"type": "Point", "coordinates": [-120.6519, 47.4264]}, "properties": {"OBJECTID": 54, "SITE_ID": 803, "SITE_NAME": "Hazel", "ALTERNATE_NAMES": "", "PRIMARY_COMMODITY": "Gold (Au)", "COMMODITIES": "Gold", "ORE_MINERALS": "", "GANGUE": "", "LOCATION_DESCRIPTION": "", "LEGAL_DESCRIPTION": "sec. 1, T22N, R17E", "LOCATION_ACCURACY": "coordinate accuracy highly variable", "COUNTY": "Chelan", "LATITUDE": 47.4264, "LONGITUDE": -120.6519, "MINING_DISTRICT": "Blewett", "LOCATION_SOURCE": "USGS MAS/MILS Database ", "ASSAYS": "", "PRODUCTION": "", "COMMENTS": ""}}, {"type": "Feature", "id": 56, "geometry": {"type": "Point", "coordinates": [-120.660322, 47.421593]}, "properties": {"OBJECTID": 56, "SITE_ID": 805, "SITE_NAME": "Homestake", "ALTERNATE_NAMES": "", "PRIMARY_COMMODITY": "Gold (Au)", "COMMODITIES": "Gold, silver", "ORE_MINERALS": "", "GANGUE": "", "LOCATION_DESCRIPTION": "On W side of Peshastin Creek near mouth of Culver Springs Gulch", "LEGAL_DESCRIPTION": "sec. 1, T22N, R17E", "LOCATION_ACCURACY": "coordinates estimated from legal description", "COUNTY": "Chelan", "LATITUDE": 47.421592871773, "LONGITUDE": -120.660321965296, "MINING_DISTRICT": "Blewett", "LOCATION_SOURCE": "Bulletin 37", "ASSAYS": "yes", "PRODUCTION": "yes", "COMMENTS": "Assays are in Bulletin 37. Production information is in Bulletin 37."}}, {"type": "Feature", "id": 57, "geometry": {"type": "Point", "coordinates": [-120.6756, 47.4256]}, "properties": {"OBJECTID": 57, "SITE_ID": 806, "SITE_NAME": "Hummingbird", "ALTERNATE_NAMES": "", "PRIMARY_COMMODITY": "Gold (Au)", "COMMODITIES": "Gold, copper, silver", "ORE_MINERALS": "Free gold, arsenopyrite, pyrite, chalcopyrite", "GANGUE": "Quartz, calcite, talc", "LOCATION_DESCRIPTION": "In Culver Gulch", "LEGAL_DESCRIPTION": "SE 1/4 of sec. 2, T22N, R17E", "LOCATION_ACCURACY": "coordinate accuracy highly variable", "COUNTY": "Chelan", "LATITUDE": 47.4256, "LONGITUDE": -120.6756, "MINING_DISTRICT": "Blewett", "LOCATION_SOURCE": "USGS MAS/MILS Database ", "ASSAYS": "", "PRODUCTION": "", "COMMENTS": ""}}, {"type": "Feature", "id": 59, "geometry": {"type": "Point", "coordinates": [-120.655868, 47.433603]}, "properties": {"OBJECTID": 59, "SITE_ID": 808, "SITE_NAME": "Johnson", "ALTERNATE_NAMES": "", "PRIMARY_COMMODITY": "Gold (Au)", "COMMODITIES": "Gold", "ORE_MINERALS": "", "GANGUE": "Talc", "LOCATION_DESCRIPTION": "0.75 mi N of Blewett and extending from Peshastin Creek eastward", "LEGAL_DESCRIPTION": "SE 1/4 of sec. 1, T22N, R17E", "LOCATION_ACCURACY": "coordinates estimated from legal description", "COUNTY": "Chelan", "LATITUDE": 47.4336028430833, "LONGITUDE": -120.655868178466, "MINING_DISTRICT": "", "LOCATION_SOURCE": "Bulletin 37", "ASSAYS": "yes", "PRODUCTION": "", "COMMENTS": "Assays are in Bulletin 37."}}, {"type": "Feature", "id": 62, "geometry": {"type": "Point", "coordinates": [-120.6569, 47.4239]}, "properties": {"OBJECTID": 62, "SITE_ID": 811, "SITE_NAME": "La Rica", "ALTERNATE_NAMES": "", "PRIMARY_COMMODITY": "Gold (Au)", "COMMODITIES": "Gold", "ORE_MINERALS": "", "GANGUE": "", "LOCATION_DESCRIPTION": "", "LEGAL_DESCRIPTION": "sec. 2, T22N, R17E", "LOCATION_ACCURACY": "coordinate accuracy highly variable", "COUNTY": "Chelan", "LATITUDE": 47.4239, "LONGITUDE": -120.6569, "MINING_DISTRICT": "Blewett", "LOCATION_SOURCE": "USGS MAS/MILS Database ", "ASSAYS": "", "PRODUCTION": "", "COMMENTS": ""}}, {"type": "Feature", "id": 63, "geometry": {"type": "Point", "coordinates": [-120.7275, 47.4231]}, "properties": {"OBJECTID": 63, "SITE_ID": 813, "SITE_NAME": "Last Chance", "ALTERNATE_NAMES": "", "PRIMARY_COMMODITY": "Gold (Au)", "COMMODITIES": "Gold", "ORE_MINERALS": "Free gold", "GANGUE": "", "LOCATION_DESCRIPTION": "On Negro Creek", "LEGAL_DESCRIPTION": "", "LOCATION_ACCURACY": "coordinate accuracy highly variable", "COUNTY": "Chelan", "LATITUDE": 47.4231, "LONGITUDE": -120.7275, "MINING_DISTRICT": "", "LOCATION_SOURCE": "USGS MAS/MILS Database ", "ASSAYS": "yes", "PRODUCTION": "", "COMMENTS": "Assays are in Bulletin 37."}}, {"type": "Feature", "id": 64, "geometry": {"type": "Point", "coordinates": [-120.9722, 47.5011]}, "properties": {"OBJECTID": 64, "SITE_ID": 814, "SITE_NAME": "Last Chance", "ALTERNATE_NAMES": "", "PRIMARY_COMMODITY": "Gold (Au)", "COMMODITIES": "Gold, lead", "ORE_MINERALS": "", "GANGUE": "", "LOCATION_DESCRIPTION": "In Solomon Creek Gulch, E of the Silver Fiend prospect", "LEGAL_DESCRIPTION": "T23N, R15E", "LOCATION_ACCURACY": "coordinate accuracy highly variable", "COUNTY": "Chelan", "LATITUDE": 47.5011, "LONGITUDE": -120.9722, "MINING_DISTRICT": "", "LOCATION_SOURCE": "USGS MAS/MILS Database ", "ASSAYS": "yes", "PRODUCTION": "", "COMMENTS": "Assays are in Bulletin 37."}}, {"type": "Feature", "id": 65, "geometry": {"type": "Point", "coordinates": [-120.6567, 47.4208]}, "properties": {"OBJECTID": 65, "SITE_ID": 815, "SITE_NAME": "Lone Rock", "ALTERNATE_NAMES": "", "PRIMARY_COMMODITY": "Gold (Au)", "COMMODITIES": "Gold, silver", "ORE_MINERALS": "", "GANGUE": "Calcite", "LOCATION_DESCRIPTION": "On E side of Peshastin Creek", "LEGAL_DESCRIPTION": "SW 1/4 of sec. 1, T22N, R17E", "LOCATION_ACCURACY": "coordinate accuracy highly variable", "COUNTY": "Chelan", "LATITUDE": 47.4208, "LONGITUDE": -120.6567, "MINING_DISTRICT": "Blewett", "LOCATION_SOURCE": "USGS MAS/MILS Database ", "ASSAYS": "yes", "PRODUCTION": "", "COMMENTS": "Assays are in Bulletin 37."}}, {"type": "Feature", "id": 66, "geometry": {"type": "Point", "coordinates": [-120.6542, 47.4253]}, "properties": {"OBJECTID": 66, "SITE_ID": 816, "SITE_NAME": "Lucky Queen", "ALTERNATE_NAMES": "", "PRIMARY_COMMODITY": "Gold (Au)", "COMMODITIES": "Gold, silver", "ORE_MINERALS": "Free gold, chromite", "GANGUE": "Talc, calcite, quartz", "LOCATION_DESCRIPTION": "About 0.25 mi N of Blewett on E side of Peshastin Creek", "LEGAL_DESCRIPTION": "SW 1/4 of sec. 1, T22N, R17E", "LOCATION_ACCURACY": "coordinate accuracy highly variable", "COUNTY": "Chelan", "LATITUDE": 47.4253, "LONGITUDE": -120.6542, "MINING_DISTRICT": "", "LOCATION_SOURCE": "USGS MAS/MILS Database ", "ASSAYS": "", "PRODUCTION": "yes", "COMMENTS": "Production information is in Bulletin 37."}}, {"type": "Feature", "id": 67, "geometry": {"type": "Point", "coordinates": [-120.6772, 47.4231]}, "properties": {"OBJECTID": 67, "SITE_ID": 818, "SITE_NAME": "Manistee", "ALTERNATE_NAMES": "", "PRIMARY_COMMODITY": "Gold (Au)", "COMMODITIES": "Gold, silver", "ORE_MINERALS": "", "GANGUE": "", "LOCATION_DESCRIPTION": "In Culver Gulch", "LEGAL_DESCRIPTION": "SW 1/4 of sec. 2, T22N, R17E", "LOCATION_ACCURACY": "coordinate accuracy highly variable", "COUNTY": "Chelan", "LATITUDE": 47.4231, "LONGITUDE": -120.6772, "MINING_DISTRICT": "Blewett", "LOCATION_SOURCE": "USGS MAS/MILS Database ", "ASSAYS": "yes", "PRODUCTION": "yes", "COMMENTS": "Assays are in Bulletin 37. Production information is in Bulletin 37."}}, {"type": "Feature", "id": 68, "geometry": {"type": "Point", "coordinates": [-120.6456, 47.4367]}, "properties": {"OBJECTID": 68, "SITE_ID": 819, "SITE_NAME": "Marion", "ALTERNATE_NAMES": "", "PRIMARY_COMMODITY": "Gold (Au)", "COMMODITIES": "Gold, silver", "ORE_MINERALS": "", "GANGUE": "", "LOCATION_DESCRIPTION": "", "LEGAL_DESCRIPTION": "", "LOCATION_ACCURACY": "coordinate accuracy highly variable", "COUNTY": "Chelan", "LATITUDE": 47.4367, "LONGITUDE": -120.6456, "MINING_DISTRICT": "Blewett", "LOCATION_SOURCE": "USGS MAS/MILS Database ", "ASSAYS": "yes", "PRODUCTION": "", "COMMENTS": "Assays are in Bulletin 37."}}, {"type": "Feature", "id": 69, "geometry": {"type": "Point", "coordinates": [-120.7175, 47.4272]}, "properties": {"OBJECTID": 69, "SITE_ID": 820, "SITE_NAME": "Meridian", "ALTERNATE_NAMES": "", "PRIMARY_COMMODITY": "Gold (Au)", "COMMODITIES": "Gold, silver, copper, nickel", "ORE_MINERALS": "", "GANGUE": "", "LOCATION_DESCRIPTION": "On S side of Negro Creek", "LEGAL_DESCRIPTION": "sec. 4, T22N, R17E", "LOCATION_ACCURACY": "coordinate accuracy highly variable", "COUNTY": "Chelan", "LATITUDE": 47.4272, "LONGITUDE": -120.7175, "MINING_DISTRICT": "", "LOCATION_SOURCE": "USGS MAS/MILS Database ", "ASSAYS": "yes", "PRODUCTION": "", "COMMENTS": "Assays are in Bulletin 37."}}, {"type": "Feature", "id": 71, "geometry": {"type": "Point", "coordinates": [-120.6617, 47.4464]}, "properties": {"OBJECTID": 71, "SITE_ID": 822, "SITE_NAME": "Monarch", "ALTERNATE_NAMES": "", "PRIMARY_COMMODITY": "Gold (Au)", "COMMODITIES": "Gold, nickel, cobalt", "ORE_MINERALS": "", "GANGUE": "", "LOCATION_DESCRIPTION": "On W side of Peshastin Creek", "LEGAL_DESCRIPTION": "sec. 36, T23N, R17E", "LOCATION_ACCURACY": "coordinate accuracy highly variable", "COUNTY": "Chelan", "LATITUDE": 47.4464, "LONGITUDE": -120.6617, "MINING_DISTRICT": "", "LOCATION_SOURCE": "USGS MAS/MILS Database ", "ASSAYS": "yes", "PRODUCTION": "", "COMMENTS": "Assays are in Bulletin 37."}}, {"type": "Feature", "id": 73, "geometry": {"type": "Point", "coordinates": [-120.9597, 47.5153]}, "properties": {"OBJECTID": 73, "SITE_ID": 824, "SITE_NAME": "Nevada and Excelsior", "ALTERNATE_NAMES": "Excelsior, Nevada", "PRIMARY_COMMODITY": "Gold (Au)", "COMMODITIES": "Gold, silver, nickel", "ORE_MINERALS": "", "GANGUE": "", "LOCATION_DESCRIPTION": "On a fork of Jack Creek", "LEGAL_DESCRIPTION": "", "LOCATION_ACCURACY": "coordinate accuracy highly variable", "COUNTY": "Chelan", "LATITUDE": 47.5153, "LONGITUDE": -120.9597, "MINING_DISTRICT": "Leavenworth", "LOCATION_SOURCE": "USGS MAS/MILS Database ", "ASSAYS": "", "PRODUCTION": "", "COMMENTS": ""}}, {"type": "Feature", "id": 74, "geometry": {"type": "Point", "coordinates": [-120.6789, 47.4461]}, "properties": {"OBJECTID": 74, "SITE_ID": 825, "SITE_NAME": "New York", "ALTERNATE_NAMES": "", "PRIMARY_COMMODITY": "Gold (Au)", "COMMODITIES": "Gold, silver, copper", "ORE_MINERALS": "", "GANGUE": "", "LOCATION_DESCRIPTION": "On divide between Negro and Ingalls Creeks", "LEGAL_DESCRIPTION": "center of sec. 35, T23N, R17E", "LOCATION_ACCURACY": "coordinate accuracy highly variable", "COUNTY": "Chelan", "LATITUDE": 47.4461, "LONGITUDE": -120.6789, "MINING_DISTRICT": "", "LOCATION_SOURCE": "USGS MAS/MILS Database ", "ASSAYS": "yes", "PRODUCTION": "", "COMMENTS": "Assays are in Bulletin 37."}}, {"type": "Feature", "id": 75, "geometry": {"type": "Point", "coordinates": [-120.7917, 47.4175]}, "properties": {"OBJECTID": 75, "SITE_ID": 826, "SITE_NAME": "Nickel Plate", "ALTERNATE_NAMES": "", "PRIMARY_COMMODITY": "Gold (Au)", "COMMODITIES": "Gold, nickel", "ORE_MINERALS": "", "GANGUE": "", "LOCATION_DESCRIPTION": "On headwaters of Negro Creek", "LEGAL_DESCRIPTION": "", "LOCATION_ACCURACY": "coordinate accuracy highly variable", "COUNTY": "Chelan", "LATITUDE": 47.4175, "LONGITUDE": -120.7917, "MINING_DISTRICT": "", "LOCATION_SOURCE": "USGS MAS/MILS Database ", "ASSAYS": "", "PRODUCTION": "", "COMMENTS": ""}}, {"type": "Feature", "id": 76, "geometry": {"type": "Point", "coordinates": [-120.7117, 47.4289]}, "properties": {"OBJECTID": 76, "SITE_ID": 827, "SITE_NAME": "North Pole", "ALTERNATE_NAMES": "", "PRIMARY_COMMODITY": "Gold (Au)", "COMMODITIES": "Gold, silver, copper, nickel, mercury", "ORE_MINERALS": "", "GANGUE": "", "LOCATION_DESCRIPTION": "On Negro Creek", "LEGAL_DESCRIPTION": "sec. 4, T22N, R17E", "LOCATION_ACCURACY": "coordinate accuracy highly variable", "COUNTY": "Chelan", "LATITUDE": 47.4289, "LONGITUDE": -120.7117, "MINING_DISTRICT": "", "LOCATION_SOURCE": "USGS MAS/MILS Database ", "ASSAYS": "", "PRODUCTION": "", "COMMENTS": ""}}, {"type": "Feature", "id": 77, "geometry": {"type": "Point", "coordinates": [-120.6686, 47.4239]}, "properties": {"OBJECTID": 77, "SITE_ID": 828, "SITE_NAME": "North Star", "ALTERNATE_NAMES": "", "PRIMARY_COMMODITY": "Gold (Au)", "COMMODITIES": "Gold", "ORE_MINERALS": "Pyrite, arsenopyrite", "GANGUE": "Quartz, calcite", "LOCATION_DESCRIPTION": "On S side and near upper end of Culver Gulch", "LEGAL_DESCRIPTION": "SE 1/4 of sec. 2, T22N, R17E", "LOCATION_ACCURACY": "coordinate accuracy highly variable", "COUNTY": "Chelan", "LATITUDE": 47.4239, "LONGITUDE": -120.6686, "MINING_DISTRICT": "Blewett", "LOCATION_SOURCE": "USGS MAS/MILS Database ", "ASSAYS": "yes", "PRODUCTION": "yes", "COMMENTS": "Assays are in Bulletin 37. Production information is in Bulletin 37."}}, {"type": "Feature", "id": 78, "geometry": {"type": "Point", "coordinates": [-120.6661, 47.4228]}, "properties": {"OBJECTID": 78, "SITE_ID": 829, "SITE_NAME": "Olden", "ALTERNATE_NAMES": "Eastern Star", "PRIMARY_COMMODITY": "Gold (Au)", "COMMODITIES": "Gold", "ORE_MINERALS": "", "GANGUE": "", "LOCATION_DESCRIPTION": "West of the Black Jack and immediately S of Peshastin mine", "LEGAL_DESCRIPTION": "SE 1/4 of sec. 2, T22N, R17E", "LOCATION_ACCURACY": "coordinate accuracy highly variable", "COUNTY": "Chelan", "LATITUDE": 47.4228, "LONGITUDE": -120.6661, "MINING_DISTRICT": "Blewett", "LOCATION_SOURCE": "USGS MAS/MILS Database ", "ASSAYS": "yes", "PRODUCTION": "yes", "COMMENTS": "Assays are in Bulletin 37. Production information is in Bulletin 37."}}, {"type": "Feature", "id": 79, "geometry": {"type": "Point", "coordinates": [-120.6772, 47.4322]}, "properties": {"OBJECTID": 79, "SITE_ID": 830, "SITE_NAME": "Olympia", "ALTERNATE_NAMES": "", "PRIMARY_COMMODITY": "Gold (Au)", "COMMODITIES": "Gold", "ORE_MINERALS": "Pyrite, arsenopyrite, chalcopyrite", "GANGUE": "Quartz, calcite", "LOCATION_DESCRIPTION": "About 600 ft below and due W of U. S Mineral Monument at head of Culver Gulch", "LEGAL_DESCRIPTION": "NW 1/4 of sec. 2, T22N, R17E", "LOCATION_ACCURACY": "coordinate accuracy highly variable", "COUNTY": "Chelan", "LATITUDE": 47.4322, "LONGITUDE": -120.6772, "MINING_DISTRICT": "", "LOCATION_SOURCE": "USGS MAS/MILS Database ", "ASSAYS": "", "PRODUCTION": "", "COMMENTS": ""}}, {"type": "Feature", "id": 81, "geometry": {"type": "Point", "coordinates": [-120.72, 47.4269]}, "properties": {"OBJECTID": 81, "SITE_ID": 832, "SITE_NAME": "Ontario", "ALTERNATE_NAMES": "", "PRIMARY_COMMODITY": "Gold (Au)", "COMMODITIES": "Gold, nickel, cobalt, copper", "ORE_MINERALS": "Sulfides", "GANGUE": "", "LOCATION_DESCRIPTION": "N of Negro Creek", "LEGAL_DESCRIPTION": "sec. 4, T22N, R17E", "LOCATION_ACCURACY": "coordinate accuracy highly variable", "COUNTY": "Chelan", "LATITUDE": 47.4269, "LONGITUDE": -120.72, "MINING_DISTRICT": "", "LOCATION_SOURCE": "USGS MAS/MILS Database ", "ASSAYS": "yes", "PRODUCTION": "", "COMMENTS": "Assays are in Bulletin 37."}}, {"type": "Feature", "id": 83, "geometry": {"type": "Point", "coordinates": [-120.7139, 47.4281]}, "properties": {"OBJECTID": 83, "SITE_ID": 834, "SITE_NAME": "P. P. Nickel", "ALTERNATE_NAMES": "", "PRIMARY_COMMODITY": "Gold (Au)", "COMMODITIES": "Gold, nickel", "ORE_MINERALS": "", "GANGUE": "", "LOCATION_DESCRIPTION": "On Negro Creek", "LEGAL_DESCRIPTION": "sec. 4, T22N, R17E", "LOCATION_ACCURACY": "coordinate accuracy highly variable", "COUNTY": "Chelan", "LATITUDE": 47.4281, "LONGITUDE": -120.7139, "MINING_DISTRICT": "", "LOCATION_SOURCE": "USGS MAS/MILS Database ", "ASSAYS": "yes", "PRODUCTION": "", "COMMENTS": "Assays are in Bulletin 37."}}, {"type": "Feature", "id": 86, "geometry": {"type": "Point", "coordinates": [-120.6625, 47.4247]}, "properties": {"OBJECTID": 86, "SITE_ID": 837, "SITE_NAME": "Peshastin", "ALTERNATE_NAMES": "Blewett, La Rica", "PRIMARY_COMMODITY": "Gold (Au)", "COMMODITIES": "Gold", "ORE_MINERALS": "Free gold, arsenopyrite, chalcopyrite, pyrite, galena, stibnite", "GANGUE": "Quartz, calcite", "LOCATION_DESCRIPTION": "In lower Culver Gulch 1,200 ft W of old town of Blewett", "LEGAL_DESCRIPTION": "SE 1/4 of sec. 2, T22N, R17E", "LOCATION_ACCURACY": "coordinate accuracy highly variable", "COUNTY": "Chelan", "LATITUDE": 47.4247, "LONGITUDE": -120.6625, "MINING_DISTRICT": "", "LOCATION_SOURCE": "USGS MAS/MILS Database ", "ASSAYS": "yes", "PRODUCTION": "yes", "COMMENTS": "Assays are in Bulletin 37 and in the scanned files. Production information is in Bulletin 37."}}, {"type": "Feature", "id": 87, "geometry": {"type": "Point", "coordinates": [-120.6756, 47.4272]}, "properties": {"OBJECTID": 87, "SITE_ID": 838, "SITE_NAME": "Phipps", "ALTERNATE_NAMES": "", "PRIMARY_COMMODITY": "Gold (Au)", "COMMODITIES": "Gold", "ORE_MINERALS": "Free gold, chalcopyrite, arsenopyrite, pyrite", "GANGUE": "", "LOCATION_DESCRIPTION": "On Negro Creek drainage just over the ridge from head of Culver Gulch", "LEGAL_DESCRIPTION": "SW 1/4 of sec. 2, T22N, R17E", "LOCATION_ACCURACY": "coordinate accuracy highly variable", "COUNTY": "Chelan", "LATITUDE": 47.4272, "LONGITUDE": -120.6756, "MINING_DISTRICT": "Blewett", "LOCATION_SOURCE": "USGS MAS/MILS Database ", "ASSAYS": "", "PRODUCTION": "", "COMMENTS": ""}}, {"type": "Feature", "id": 88, "geometry": {"type": "Point", "coordinates": [-120.6722, 47.4297]}, "properties": {"OBJECTID": 88, "SITE_ID": 839, "SITE_NAME": "Phoenix", "ALTERNATE_NAMES": "", "PRIMARY_COMMODITY": "Gold (Au)", "COMMODITIES": "Gold", "ORE_MINERALS": "", "GANGUE": "Quartz", "LOCATION_DESCRIPTION": "In Culver Gulch", "LEGAL_DESCRIPTION": "sec. 2, T22N, R17E", "LOCATION_ACCURACY": "coordinate accuracy highly variable", "COUNTY": "Chelan", "LATITUDE": 47.4297, "LONGITUDE": -120.6722, "MINING_DISTRICT": "Blewett", "LOCATION_SOURCE": "USGS MAS/MILS Database ", "ASSAYS": "yes", "PRODUCTION": "yes", "COMMENTS": "Assays are in Bulletin 37. Production information is in Bulletin 37."}}, {"type": "Feature", "id": 89, "geometry": {"type": "Point", "coordinates": [-120.6733, 47.4261]}, "properties": {"OBJECTID": 89, "SITE_ID": 841, "SITE_NAME": "Pole Pick", "ALTERNATE_NAMES": "", "PRIMARY_COMMODITY": "Gold (Au)", "COMMODITIES": "Gold", "ORE_MINERALS": "Free gold, pyrite", "GANGUE": "Quartz", "LOCATION_DESCRIPTION": "On S side of Culver Gulch about 0.5 mi W of Blewett", "LEGAL_DESCRIPTION": "SW 1/4 of sec. 2, T22N, R17E", "LOCATION_ACCURACY": "coordinate accuracy highly variable", "COUNTY": "Chelan", "LATITUDE": 47.4261, "LONGITUDE": -120.6733, "MINING_DISTRICT": "", "LOCATION_SOURCE": "USGS MAS/MILS Database ", "ASSAYS": "yes", "PRODUCTION": "yes", "COMMENTS": "Assays are in Bulletin 37. Production information is in Bulletin 37."}}, {"type": "Feature", "id": 91, "geometry": {"type": "Point", "coordinates": [-120.6764, 47.4236]}, "properties": {"OBJECTID": 91, "SITE_ID": 843, "SITE_NAME": "Prospect", "ALTERNATE_NAMES": "", "PRIMARY_COMMODITY": "Gold (Au)", "COMMODITIES": "Gold, silver", "ORE_MINERALS": "", "GANGUE": "Quartz, calcite, talc", "LOCATION_DESCRIPTION": "On N slope of ridge leading down to Culver Springs Gulch", "LEGAL_DESCRIPTION": "SW 1/4 of sec. 2, T22N, R17E", "LOCATION_ACCURACY": "coordinate accuracy highly variable", "COUNTY": "Chelan", "LATITUDE": 47.4236, "LONGITUDE": -120.6764, "MINING_DISTRICT": "Blewett", "LOCATION_SOURCE": "USGS MAS/MILS Database ", "ASSAYS": "", "PRODUCTION": "yes", "COMMENTS": "Production information is in Bulletin 37."}}, {"type": "Feature", "id": 92, "geometry": {"type": "Point", "coordinates": [-120.6722, 47.4278]}, "properties": {"OBJECTID": 92, "SITE_ID": 844, "SITE_NAME": "Rainbow Nos. 2 and 3", "ALTERNATE_NAMES": "Rainbow No. 2, Rainbow No. 3", "PRIMARY_COMMODITY": "Gold (Au)", "COMMODITIES": "Gold", "ORE_MINERALS": "", "GANGUE": "", "LOCATION_DESCRIPTION": "", "LEGAL_DESCRIPTION": "sec. 2, T17N, R22E", "LOCATION_ACCURACY": "coordinate accuracy highly variable", "COUNTY": "Chelan", "LATITUDE": 47.4278, "LONGITUDE": -120.6722, "MINING_DISTRICT": "Blewett", "LOCATION_SOURCE": "USGS MAS/MILS Database ", "ASSAYS": "", "PRODUCTION": "", "COMMENTS": ""}}, {"type": "Feature", "id": 93, "geometry": {"type": "Point", "coordinates": [-120.7036, 47.4275]}, "properties": {"OBJECTID": 93, "SITE_ID": 845, "SITE_NAME": "Rainier", "ALTERNATE_NAMES": "", "PRIMARY_COMMODITY": "Gold (Au)", "COMMODITIES": "Gold, silver, copper, nickel", "ORE_MINERALS": "", "GANGUE": "", "LOCATION_DESCRIPTION": "On Negro Creek", "LEGAL_DESCRIPTION": "secs. 3 and 4, T17N, R22E", "LOCATION_ACCURACY": "coordinate accuracy highly variable", "COUNTY": "Chelan", "LATITUDE": 47.4275, "LONGITUDE": -120.7036, "MINING_DISTRICT": "", "LOCATION_SOURCE": "USGS MAS/MILS Database ", "ASSAYS": "yes", "PRODUCTION": "", "COMMENTS": "Assays are in Bulletin 37."}}, {"type": "Feature", "id": 94, "geometry": {"type": "Point", "coordinates": [-120.6617, 47.4456]}, "properties": {"OBJECTID": 94, "SITE_ID": 846, "SITE_NAME": "Red Butte", "ALTERNATE_NAMES": "", "PRIMARY_COMMODITY": "Gold (Au)", "COMMODITIES": "Gold, nickel, cobalt", "ORE_MINERALS": "", "GANGUE": "", "LOCATION_DESCRIPTION": "On E side of Peshastin Creek", "LEGAL_DESCRIPTION": "sec. 36, T23N, R17E", "LOCATION_ACCURACY": "coordinate accuracy highly variable", "COUNTY": "Chelan", "LATITUDE": 47.4456, "LONGITUDE": -120.6617, "MINING_DISTRICT": "", "LOCATION_SOURCE": "USGS MAS/MILS Database ", "ASSAYS": "", "PRODUCTION": "yes", "COMMENTS": "Production information is in OFR 90-18."}}, {"type": "Feature", "id": 98, "geometry": {"type": "Point", "coordinates": [-120.6708, 47.4289]}, "properties": {"OBJECTID": 98, "SITE_ID": 850, "SITE_NAME": "Roy and Ray", "ALTERNATE_NAMES": "Ray, Roy", "PRIMARY_COMMODITY": "Gold (Au)", "COMMODITIES": "Gold", "ORE_MINERALS": "", "GANGUE": "", "LOCATION_DESCRIPTION": "", "LEGAL_DESCRIPTION": "sec. 2, T22N, R17E", "LOCATION_ACCURACY": "coordinate accuracy highly variable", "COUNTY": "Chelan", "LATITUDE": 47.4289, "LONGITUDE": -120.6708, "MINING_DISTRICT": "Blewett", "LOCATION_SOURCE": "USGS MAS/MILS Database ", "ASSAYS": "", "PRODUCTION": "", "COMMENTS": ""}}, {"type": "Feature", "id": 99, "geometry": {"type": "Point", "coordinates": [-120.773741, 47.578054]}, "properties": {"OBJECTID": 99, "SITE_ID": 851, "SITE_NAME": "Sailor Boy", "ALTERNATE_NAMES": "", "PRIMARY_COMMODITY": "Gold (Au)", "COMMODITIES": "Gold, silver", "ORE_MINERALS": "", "GANGUE": "", "LOCATION_DESCRIPTION": "Bridge Creek area", "LEGAL_DESCRIPTION": "", "LOCATION_ACCURACY": "coordinates estimated from location description", "COUNTY": "Chelan", "LATITUDE": 47.578054260143404, "LONGITUDE": -120.773740503539, "MINING_DISTRICT": "Stehekin", "LOCATION_SOURCE": "Bulletin 37", "ASSAYS": "yes", "PRODUCTION": "", "COMMENTS": "Assays are in Bulletin 37."}}, {"type": "Feature", "id": 100, "geometry": {"type": "Point", "coordinates": [-120.6667, 47.4228]}, "properties": {"OBJECTID": 100, "SITE_ID": 852, "SITE_NAME": "Sandell", "ALTERNATE_NAMES": "", "PRIMARY_COMMODITY": "Gold (Au)", "COMMODITIES": "Gold", "ORE_MINERALS": "Free gold, arsenopyrite, pyrite", "GANGUE": "Quartz, calcite, talc", "LOCATION_DESCRIPTION": "In Culver Gulch", "LEGAL_DESCRIPTION": "SE 1/4 of sec. 2, T22N, R17E", "LOCATION_ACCURACY": "coordinate accuracy highly variable", "COUNTY": "Chelan", "LATITUDE": 47.4228, "LONGITUDE": -120.6667, "MINING_DISTRICT": "Blewett", "LOCATION_SOURCE": "USGS MAS/MILS Database ", "ASSAYS": "", "PRODUCTION": "", "COMMENTS": ""}}, {"type": "Feature", "id": 102, "geometry": {"type": "Point", "coordinates": [-120.6539, 47.4008]}, "properties": {"OBJECTID": 102, "SITE_ID": 854, "SITE_NAME": "Snowflake", "ALTERNATE_NAMES": "", "PRIMARY_COMMODITY": "Gold (Au)", "COMMODITIES": "Gold", "ORE_MINERALS": "", "GANGUE": "", "LOCATION_DESCRIPTION": "", "LEGAL_DESCRIPTION": "", "LOCATION_ACCURACY": "coordinate accuracy highly variable", "COUNTY": "Chelan", "LATITUDE": 47.4008, "LONGITUDE": -120.6539, "MINING_DISTRICT": "Blewett", "LOCATION_SOURCE": "USGS MAS/MILS Database ", "ASSAYS": "yes", "PRODUCTION": "", "COMMENTS": "Assays are in Bulletin 37."}}, {"type": "Feature", "id": 103, "geometry": {"type": "Point", "coordinates": [-120.6278, 47.4292]}, "properties": {"OBJECTID": 103, "SITE_ID": 855, "SITE_NAME": "Sunset", "ALTERNATE_NAMES": "", "PRIMARY_COMMODITY": "Gold (Au)", "COMMODITIES": "Gold, copper", "ORE_MINERALS": "Sulfides", "GANGUE": "", "LOCATION_DESCRIPTION": "", "LEGAL_DESCRIPTION": "sec. 6, T22N, R18E", "LOCATION_ACCURACY": "coordinate accuracy highly variable", "COUNTY": "Chelan", "LATITUDE": 47.4292, "LONGITUDE": -120.6278, "MINING_DISTRICT": "Blewett", "LOCATION_SOURCE": "USGS MAS/MILS Database ", "ASSAYS": "yes", "PRODUCTION": "", "COMMENTS": "Assays are in Bulletin 37."}}, {"type": "Feature", "id": 108, "geometry": {"type": "Point", "coordinates": [-120.6458, 47.4239]}, "properties": {"OBJECTID": 108, "SITE_ID": 860, "SITE_NAME": "Tip Top", "ALTERNATE_NAMES": "", "PRIMARY_COMMODITY": "Gold (Au)", "COMMODITIES": "Gold", "ORE_MINERALS": "Free gold", "GANGUE": "Quartz", "LOCATION_DESCRIPTION": "E of the Eureka mine", "LEGAL_DESCRIPTION": "SE 1/4 of sec. 1, T22N, R17E", "LOCATION_ACCURACY": "coordinate accuracy highly variable", "COUNTY": "Chelan", "LATITUDE": 47.4239, "LONGITUDE": -120.6458, "MINING_DISTRICT": "Blewett", "LOCATION_SOURCE": "USGS MAS/MILS Database ", "ASSAYS": "yes", "PRODUCTION": "yes", "COMMENTS": "Assays are in Bulletin 37. Production information is in Bulletin 37."}}, {"type": "Feature", "id": 110, "geometry": {"type": "Point", "coordinates": [-120.7147, 47.4131]}, "properties": {"OBJECTID": 110, "SITE_ID": 862, "SITE_NAME": "Union and Dominion", "ALTERNATE_NAMES": "Dominion, Union", "PRIMARY_COMMODITY": "Gold (Au)", "COMMODITIES": "Gold, silver", "ORE_MINERALS": "", "GANGUE": "", "LOCATION_DESCRIPTION": "0.75 mi up Bear Creek from Negro Creek", "LEGAL_DESCRIPTION": "sec. 9, T22N, R17E", "LOCATION_ACCURACY": "coordinate accuracy highly variable", "COUNTY": "Chelan", "LATITUDE": 47.4131, "LONGITUDE": -120.7147, "MINING_DISTRICT": "", "LOCATION_SOURCE": "USGS MAS/MILS Database ", "ASSAYS": "yes", "PRODUCTION": "yes", "COMMENTS": "Assays are in Bulletin 37. Production information is in Bulletin 37."}}, {"type": "Feature", "id": 111, "geometry": {"type": "Point", "coordinates": [-120.6492, 47.4333]}, "properties": {"OBJECTID": 111, "SITE_ID": 863, "SITE_NAME": "Venus", "ALTERNATE_NAMES": "", "PRIMARY_COMMODITY": "Gold (Au)", "COMMODITIES": "Gold, silver", "ORE_MINERALS": "", "GANGUE": "", "LOCATION_DESCRIPTION": "", "LEGAL_DESCRIPTION": "sec. 1, T22N, R17E", "LOCATION_ACCURACY": "coordinate accuracy highly variable", "COUNTY": "Chelan", "LATITUDE": 47.4333, "LONGITUDE": -120.6492, "MINING_DISTRICT": "Blewett", "LOCATION_SOURCE": "USGS MAS/MILS Database ", "ASSAYS": "", "PRODUCTION": "", "COMMENTS": ""}}, {"type": "Feature", "id": 112, "geometry": {"type": "Point", "coordinates": [-120.684437, 47.434292]}, "properties": {"OBJECTID": 112, "SITE_ID": 864, "SITE_NAME": "War Eagle", "ALTERNATE_NAMES": "", "PRIMARY_COMMODITY": "Gold (Au)", "COMMODITIES": "Gold, nickel", "ORE_MINERALS": "", "GANGUE": "", "LOCATION_DESCRIPTION": "On both sides of Negro Creek about a mile from its mouth", "LEGAL_DESCRIPTION": "NE 1/4 of sec. 3, T22N, R17E", "LOCATION_ACCURACY": "coordinates estimated from legal description", "COUNTY": "Chelan", "LATITUDE": 47.4342917312134, "LONGITUDE": -120.684437307559, "MINING_DISTRICT": "", "LOCATION_SOURCE": "Bulletin 37", "ASSAYS": "yes", "PRODUCTION": "", "COMMENTS": "Assays are in Bulletin 37."}}, {"type": "Feature", "id": 113, "geometry": {"type": "Point", "coordinates": [-120.65, 47.4153]}, "properties": {"OBJECTID": 113, "SITE_ID": 865, "SITE_NAME": "Warrior General", "ALTERNATE_NAMES": "", "PRIMARY_COMMODITY": "Gold (Au)", "COMMODITIES": "Gold", "ORE_MINERALS": "", "GANGUE": "", "LOCATION_DESCRIPTION": "", "LEGAL_DESCRIPTION": "", "LOCATION_ACCURACY": "coordinate accuracy highly variable", "COUNTY": "Chelan", "LATITUDE": 47.4153, "LONGITUDE": -120.65, "MINING_DISTRICT": "Blewett", "LOCATION_SOURCE": "USGS MAS/MILS Database ", "ASSAYS": "", "PRODUCTION": "yes", "COMMENTS": "Production information is in Bulletin 37."}}, {"type": "Feature", "id": 115, "geometry": {"type": "Point", "coordinates": [-120.6786, 47.4286]}, "properties": {"OBJECTID": 115, "SITE_ID": 867, "SITE_NAME": "Wilder", "ALTERNATE_NAMES": "Ivanhoe, White Elephant", "PRIMARY_COMMODITY": "Gold (Au)", "COMMODITIES": "Gold, silver, copper", "ORE_MINERALS": "", "GANGUE": "", "LOCATION_DESCRIPTION": "On N side of Culver Gulch and S side of Negro Creek", "LEGAL_DESCRIPTION": "SW 1/4 of sec. 2, T22N, R17E", "LOCATION_ACCURACY": "coordinate accuracy highly variable", "COUNTY": "Chelan", "LATITUDE": 47.4286, "LONGITUDE": -120.6786, "MINING_DISTRICT": "Blewett", "LOCATION_SOURCE": "USGS MAS/MILS Database ", "ASSAYS": "yes", "PRODUCTION": "yes", "COMMENTS": "Assays are in Bulletin 37. Production information is in Bulletin 37."}}, {"type": "Feature", "id": 116, "geometry": {"type": "Point", "coordinates": [-120.6492, 47.4206]}, "properties": {"OBJECTID": 116, "SITE_ID": 868, "SITE_NAME": "Wright", "ALTERNATE_NAMES": "", "PRIMARY_COMMODITY": "Gold (Au)", "COMMODITIES": "Gold", "ORE_MINERALS": "", "GANGUE": "", "LOCATION_DESCRIPTION": "", "LEGAL_DESCRIPTION": "", "LOCATION_ACCURACY": "coordinate accuracy highly variable", "COUNTY": "Chelan", "LATITUDE": 47.4206, "LONGITUDE": -120.6492, "MINING_DISTRICT": "Blewett", "LOCATION_SOURCE": "USGS MAS/MILS Database ", "ASSAYS": "", "PRODUCTION": "yes", "COMMENTS": "Production information is in Bulletin 37."}}, {"type": "Feature", "id": 117, "geometry": {"type": "Point", "coordinates": [-120.4242, 47.6361]}, "properties": {"OBJECTID": 117, "SITE_ID": 869, "SITE_NAME": "Yankee Doodle", "ALTERNATE_NAMES": "", "PRIMARY_COMMODITY": "Gold (Au)", "COMMODITIES": "Gold", "ORE_MINERALS": "", "GANGUE": "", "LOCATION_DESCRIPTION": "", "LEGAL_DESCRIPTION": "", "LOCATION_ACCURACY": "coordinate accuracy highly variable", "COUNTY": "Chelan", "LATITUDE": 47.6361, "LONGITUDE": -120.4242, "MINING_DISTRICT": "Blewett", "LOCATION_SOURCE": "USGS MAS/MILS Database ", "ASSAYS": "yes", "PRODUCTION": "", "COMMENTS": "Assays are in Bulletin 37."}}, {"type": "Feature", "id": 276, "geometry": {"type": "Point", "coordinates": [-120.6933, 47.2675]}, "properties": {"OBJECTID": 276, "SITE_ID": 1042, "SITE_NAME": "B & B", "ALTERNATE_NAMES": "", "PRIMARY_COMMODITY": "Gold (Au)", "COMMODITIES": "Gold", "ORE_MINERALS": "", "GANGUE": "", "LOCATION_DESCRIPTION": "", "LEGAL_DESCRIPTION": "sec. 34, T21N, R17E", "LOCATION_ACCURACY": "coordinate accuracy highly variable", "COUNTY": "Kittitas", "LATITUDE": 47.2675, "LONGITUDE": -120.6933, "MINING_DISTRICT": "Swauk", "LOCATION_SOURCE": "USGS MAS/MILS Database ", "ASSAYS": "", "PRODUCTION": "yes", "COMMENTS": "Production information is in Bulletin 37."}}, {"type": "Feature", "id": 278, "geometry": {"type": "Point", "coordinates": [-120.643649, 47.251244]}, "properties": {"OBJECTID": 278, "SITE_ID": 1044, "SITE_NAME": "Bertha", "ALTERNATE_NAMES": "", "PRIMARY_COMMODITY": "Gold (Au)", "COMMODITIES": "Gold", "ORE_MINERALS": "", "GANGUE": "", "LOCATION_DESCRIPTION": "On gulch entering Boulder Creek", "LEGAL_DESCRIPTION": "", "LOCATION_ACCURACY": "coordinates estimated from location description", "COUNTY": "Kittitas", "LATITUDE": 47.2512438994562, "LONGITUDE": -120.643649140109, "MINING_DISTRICT": "", "LOCATION_SOURCE": "Bulletin 37", "ASSAYS": "", "PRODUCTION": "", "COMMENTS": ""}}, {"type": "Feature", "id": 279, "geometry": {"type": "Point", "coordinates": [-120.7003, 47.2936]}, "properties": {"OBJECTID": 279, "SITE_ID": 1046, "SITE_NAME": "Bloomquist Bros.", "ALTERNATE_NAMES": "", "PRIMARY_COMMODITY": "Gold (Au)", "COMMODITIES": "Gold", "ORE_MINERALS": "", "GANGUE": "", "LOCATION_DESCRIPTION": "At mouth of Blue Creek", "LEGAL_DESCRIPTION": "sec. 22, T21N, R17E", "LOCATION_ACCURACY": "coordinate accuracy highly variable", "COUNTY": "Kittitas", "LATITUDE": 47.2936, "LONGITUDE": -120.7003, "MINING_DISTRICT": "Swauk", "LOCATION_SOURCE": "USGS MAS/MILS Database ", "ASSAYS": "", "PRODUCTION": "", "COMMENTS": ""}}, {"type": "Feature", "id": 281, "geometry": {"type": "Point", "coordinates": [-120.660114, 47.266901]}, "properties": {"OBJECTID": 281, "SITE_ID": 1049, "SITE_NAME": "Brown Bear", "ALTERNATE_NAMES": "", "PRIMARY_COMMODITY": "Gold (Au)", "COMMODITIES": "Gold", "ORE_MINERALS": "", "GANGUE": "", "LOCATION_DESCRIPTION": "On ridge between Cougar and Lyons Gulches", "LEGAL_DESCRIPTION": "", "LOCATION_ACCURACY": "coordinates estimated from location description", "COUNTY": "Kittitas", "LATITUDE": 47.2669010745195, "LONGITUDE": -120.660113998647, "MINING_DISTRICT": "Swauk", "LOCATION_SOURCE": "Bulletin 37", "ASSAYS": "", "PRODUCTION": "yes", "COMMENTS": "Production information is in OFR 90-18."}}, {"type": "Feature", "id": 284, "geometry": {"type": "Point", "coordinates": [-120.638372, 47.281383]}, "properties": {"OBJECTID": 284, "SITE_ID": 1052, "SITE_NAME": "Cascade Chief", "ALTERNATE_NAMES": "First of August, Gladstone, Morrison", "PRIMARY_COMMODITY": "Gold (Au)", "COMMODITIES": "Gold", "ORE_MINERALS": "Gold", "GANGUE": "Quartz, calcite, talcose mineral", "LOCATION_DESCRIPTION": "4 mi up Cougar Gulch from Liberty post office", "LEGAL_DESCRIPTION": "SE 1/4 of the SW 1/4 of sec. 26, T21N, R17E", "LOCATION_ACCURACY": "generally from USGS 7.5-minute topographic map", "COUNTY": "Kittitas", "LATITUDE": 47.281383, "LONGITUDE": -120.638372, "MINING_DISTRICT": "", "LOCATION_SOURCE": "Open File Report 90-18", "ASSAYS": "yes", "PRODUCTION": "yes", "COMMENTS": "Assays are in Bulletin 37 and in the scanned files. Production information is in Bulletin 37."}}, {"type": "Feature", "id": 285, "geometry": {"type": "Point", "coordinates": [-120.589477, 47.255838]}, "properties": {"OBJECTID": 285, "SITE_ID": 1053, "SITE_NAME": "Chesapeake", "ALTERNATE_NAMES": "", "PRIMARY_COMMODITY": "Gold (Au)", "COMMODITIES": "Gold", "ORE_MINERALS": "", "GANGUE": "", "LOCATION_DESCRIPTION": "At head of Boulder Creek", "LEGAL_DESCRIPTION": "", "LOCATION_ACCURACY": "coordinates estimated from location description", "COUNTY": "Kittitas", "LATITUDE": 47.2558384912828, "LONGITUDE": -120.589477114726, "MINING_DISTRICT": "", "LOCATION_SOURCE": "Bulletin 37", "ASSAYS": "", "PRODUCTION": "", "COMMENTS": ""}}, {"type": "Feature", "id": 286, "geometry": {"type": "Point", "coordinates": [-120.645022, 47.256089]}, "properties": {"OBJECTID": 286, "SITE_ID": 1054, "SITE_NAME": "Clarence Jordin", "ALTERNATE_NAMES": "", "PRIMARY_COMMODITY": "Gold (Au)", "COMMODITIES": "Gold", "ORE_MINERALS": "Gold", "GANGUE": "Quartz, calcite", "LOCATION_DESCRIPTION": "On Snowshoe Ridge", "LEGAL_DESCRIPTION": "sec. 2, T20N, R17E", "LOCATION_ACCURACY": "generally from USGS 7.5-minute topographic map", "COUNTY": "Kittitas", "LATITUDE": 47.256089, "LONGITUDE": -120.645022, "MINING_DISTRICT": "Swauk", "LOCATION_SOURCE": "Open File Report 90-18", "ASSAYS": "", "PRODUCTION": "yes", "COMMENTS": "Production information is in Bulletin 37."}}, {"type": "Feature", "id": 287, "geometry": {"type": "Point", "coordinates": [-120.652124, 47.267272]}, "properties": {"OBJECTID": 287, "SITE_ID": 1055, "SITE_NAME": "Cougar", "ALTERNATE_NAMES": "", "PRIMARY_COMMODITY": "Gold (Au)", "COMMODITIES": "Gold", "ORE_MINERALS": "Free gold", "GANGUE": "", "LOCATION_DESCRIPTION": "", "LEGAL_DESCRIPTION": "sec. 36, T21N, R17E", "LOCATION_ACCURACY": "coordinates estimated from legal description", "COUNTY": "Kittitas", "LATITUDE": 47.2672716039565, "LONGITUDE": -120.65212366844, "MINING_DISTRICT": "Swauk", "LOCATION_SOURCE": "Bulletin 37", "ASSAYS": "", "PRODUCTION": "yes", "COMMENTS": "Production information is in Bulletin 37."}}, {"type": "Feature", "id": 292, "geometry": {"type": "Point", "coordinates": [-120.6553, 47.2508]}, "properties": {"OBJECTID": 292, "SITE_ID": 1060, "SITE_NAME": "Ewel", "ALTERNATE_NAMES": "Flag Mountain", "PRIMARY_COMMODITY": "Gold (Au)", "COMMODITIES": "Gold", "ORE_MINERALS": "", "GANGUE": "", "LOCATION_DESCRIPTION": "Liberty area", "LEGAL_DESCRIPTION": "N 1/2 of sec. 1, T20N, R17E", "LOCATION_ACCURACY": "coordinate accuracy highly variable", "COUNTY": "Kittitas", "LATITUDE": 47.2508, "LONGITUDE": -120.6553, "MINING_DISTRICT": "", "LOCATION_SOURCE": "USGS MAS/MILS Database ", "ASSAYS": "", "PRODUCTION": "yes", "COMMENTS": "Production information is in OFR 90-18."}}, {"type": "Feature", "id": 294, "geometry": {"type": "Point", "coordinates": [-120.639331, 47.281356]}, "properties": {"OBJECTID": 294, "SITE_ID": 1063, "SITE_NAME": "Flodine", "ALTERNATE_NAMES": "", "PRIMARY_COMMODITY": "Gold (Au)", "COMMODITIES": "Gold", "ORE_MINERALS": "Gold", "GANGUE": "Pyrite, quartz", "LOCATION_DESCRIPTION": "", "LEGAL_DESCRIPTION": "sec. 25, T21N, R17E; sec. 30, T21N, R18E", "LOCATION_ACCURACY": "generally from USGS 7.5-minute topographic map", "COUNTY": "Kittitas", "LATITUDE": 47.281356, "LONGITUDE": -120.639331, "MINING_DISTRICT": "", "LOCATION_SOURCE": "Open File Report 90-18", "ASSAYS": "yes", "PRODUCTION": "yes", "COMMENTS": "Assays are in Bulletin 37. Production information is in Bulletin 37."}}, {"type": "Feature", "id": 296, "geometry": {"type": "Point", "coordinates": [-120.643149, 47.267016]}, "properties": {"OBJECTID": 296, "SITE_ID": 1067, "SITE_NAME": "Gold Leaf", "ALTERNATE_NAMES": "", "PRIMARY_COMMODITY": "Gold (Au)", "COMMODITIES": "Gold, silver", "ORE_MINERALS": "Free gold (some in perfect octahedral crystals)", "GANGUE": "Quartz", "LOCATION_DESCRIPTION": "On E Fork of Williams Creek", "LEGAL_DESCRIPTION": "", "LOCATION_ACCURACY": "coordinates estimated from location description", "COUNTY": "Kittitas", "LATITUDE": 47.2670164451776, "LONGITUDE": -120.643148602759, "MINING_DISTRICT": "Swauk", "LOCATION_SOURCE": "Bulletin 37", "ASSAYS": "yes", "PRODUCTION": "yes", "COMMENTS": "Assays are in Bulletin 37. Production information is in Bulletin 37."}}, {"type": "Feature", "id": 298, "geometry": {"type": "Point", "coordinates": [-120.628326, 47.322899]}, "properties": {"OBJECTID": 298, "SITE_ID": 1069, "SITE_NAME": "Gold Reef", "ALTERNATE_NAMES": "", "PRIMARY_COMMODITY": "Gold (Au)", "COMMODITIES": "Gold, silver", "ORE_MINERALS": "", "GANGUE": "", "LOCATION_DESCRIPTION": "Swauk area, near Blewett Pass highway", "LEGAL_DESCRIPTION": "", "LOCATION_ACCURACY": "coordinates estimated from location description", "COUNTY": "Kittitas", "LATITUDE": 47.3228989488949, "LONGITUDE": -120.628325775384, "MINING_DISTRICT": "", "LOCATION_SOURCE": "Bulletin 37", "ASSAYS": "", "PRODUCTION": "yes", "COMMENTS": "Production information is in OFR 90-18."}}, {"type": "Feature", "id": 299, "geometry": {"type": "Point", "coordinates": [-120.660034, 47.254472]}, "properties": {"OBJECTID": 299, "SITE_ID": 1070, "SITE_NAME": "Golden", "ALTERNATE_NAMES": "", "PRIMARY_COMMODITY": "Gold (Au)", "COMMODITIES": "Gold", "ORE_MINERALS": "", "GANGUE": "", "LOCATION_DESCRIPTION": "Liberty", "LEGAL_DESCRIPTION": "", "LOCATION_ACCURACY": "coordinates estimated from location description", "COUNTY": "Kittitas", "LATITUDE": 47.2544719071221, "LONGITUDE": -120.660034444808, "MINING_DISTRICT": "", "LOCATION_SOURCE": "Bulletin 37", "ASSAYS": "", "PRODUCTION": "", "COMMENTS": ""}}, {"type": "Feature", "id": 300, "geometry": {"type": "Point", "coordinates": [-120.655481, 47.307919]}, "properties": {"OBJECTID": 300, "SITE_ID": 1072, "SITE_NAME": "Golden Fleece", "ALTERNATE_NAMES": "Mercer, T-Bone", "PRIMARY_COMMODITY": "Gold (Au)", "COMMODITIES": "Gold, silver", "ORE_MINERALS": "Gold", "GANGUE": "Pyrite, quartz, calcite", "LOCATION_DESCRIPTION": "", "LEGAL_DESCRIPTION": "NE 1/4 of the SW 1/4 of sec. 13, T21N, R17E", "LOCATION_ACCURACY": "generally from USGS 7.5-minute topographic map", "COUNTY": "Kittitas", "LATITUDE": 47.307919, "LONGITUDE": -120.655481, "MINING_DISTRICT": "Swauk", "LOCATION_SOURCE": "Open File Report 90-18", "ASSAYS": "yes", "PRODUCTION": "yes", "COMMENTS": "Assays are in Bulletin 37. Production information is in Bulletin 37."}}, {"type": "Feature", "id": 301, "geometry": {"type": "Point", "coordinates": [-120.6275, 47.3147]}, "properties": {"OBJECTID": 301, "SITE_ID": 1076, "SITE_NAME": "Hurley Creek", "ALTERNATE_NAMES": "Nairn", "PRIMARY_COMMODITY": "Gold (Au)", "COMMODITIES": "Gold", "ORE_MINERALS": "Pyrite", "GANGUE": "Quartz, calcite", "LOCATION_DESCRIPTION": "", "LEGAL_DESCRIPTION": "center N 1/2 of sec. 18, T21N, R18E", "LOCATION_ACCURACY": "coordinate accuracy highly variable", "COUNTY": "Kittitas", "LATITUDE": 47.3147, "LONGITUDE": -120.6275, "MINING_DISTRICT": "", "LOCATION_SOURCE": "USGS MAS/MILS Database ", "ASSAYS": "yes", "PRODUCTION": "", "COMMENTS": "Assays are in Bulletin 37."}}, {"type": "Feature", "id": 304, "geometry": {"type": "Point", "coordinates": [-120.648845, 47.287473]}, "properties": {"OBJECTID": 304, "SITE_ID": 1080, "SITE_NAME": "Liberty", "ALTERNATE_NAMES": "", "PRIMARY_COMMODITY": "Gold (Au)", "COMMODITIES": "Gold", "ORE_MINERALS": "Gold", "GANGUE": "Pyrite, quartz, calcite", "LOCATION_DESCRIPTION": "In Lyons Gulch.", "LEGAL_DESCRIPTION": "NW 1/4 of the NE 1/4 of sec. 25, T21N, R17E; sec. 19, T21N, R18E", "LOCATION_ACCURACY": "coordinates estimated from legal description", "COUNTY": "Kittitas", "LATITUDE": 47.2874727173919, "LONGITUDE": -120.648844618037, "MINING_DISTRICT": "", "LOCATION_SOURCE": "Bulletin 37", "ASSAYS": "yes", "PRODUCTION": "yes", "COMMENTS": "Assays are in Bulletin 37 and in the scanned files. Production information is in Bulletin 37."}}, {"type": "Feature", "id": 305, "geometry": {"type": "Point", "coordinates": [-120.6875, 47.2592]}, "properties": {"OBJECTID": 305, "SITE_ID": 1081, "SITE_NAME": "Little York", "ALTERNATE_NAMES": "", "PRIMARY_COMMODITY": "Gold (Au)", "COMMODITIES": "Gold, silver", "ORE_MINERALS": "Free gold", "GANGUE": "", "LOCATION_DESCRIPTION": "", "LEGAL_DESCRIPTION": "", "LOCATION_ACCURACY": "coordinate accuracy highly variable", "COUNTY": "Kittitas", "LATITUDE": 47.2592, "LONGITUDE": -120.6875, "MINING_DISTRICT": "Swauk", "LOCATION_SOURCE": "USGS MAS/MILS Database ", "ASSAYS": "yes", "PRODUCTION": "", "COMMENTS": "Assays are in Bulletin 37."}}, {"type": "Feature", "id": 306, "geometry": {"type": "Point", "coordinates": [-120.6889, 47.1011]}, "properties": {"OBJECTID": 306, "SITE_ID": 1082, "SITE_NAME": "Magpie Canyon", "ALTERNATE_NAMES": "", "PRIMARY_COMMODITY": "Gold (Au)", "COMMODITIES": "Gold", "ORE_MINERALS": "", "GANGUE": "", "LOCATION_DESCRIPTION": "", "LEGAL_DESCRIPTION": "NE 1/4 of sec. 34, T19N, R17E", "LOCATION_ACCURACY": "coordinate accuracy highly variable", "COUNTY": "Kittitas", "LATITUDE": 47.1011, "LONGITUDE": -120.6889, "MINING_DISTRICT": "", "LOCATION_SOURCE": "USGS MAS/MILS Database ", "ASSAYS": "", "PRODUCTION": "", "COMMENTS": ""}}, {"type": "Feature", "id": 307, "geometry": {"type": "Point", "coordinates": [-120.996066, 47.47997]}, "properties": {"OBJECTID": 307, "SITE_ID": 1085, "SITE_NAME": "Mary", "ALTERNATE_NAMES": "", "PRIMARY_COMMODITY": "Gold (Au)", "COMMODITIES": "Gold, silver, copper", "ORE_MINERALS": "", "GANGUE": "", "LOCATION_DESCRIPTION": "On Fortune Creek, Cle Elum River area", "LEGAL_DESCRIPTION": "", "LOCATION_ACCURACY": "coordinates estimated from location description", "COUNTY": "Kittitas", "LATITUDE": 47.4799697141926, "LONGITUDE": -120.996065813983, "MINING_DISTRICT": "", "LOCATION_SOURCE": "Bulletin 37", "ASSAYS": "", "PRODUCTION": "", "COMMENTS": ""}}, {"type": "Feature", "id": 309, "geometry": {"type": "Point", "coordinates": [-120.999167, 47.478331]}, "properties": {"OBJECTID": 309, "SITE_ID": 1087, "SITE_NAME": "Mayflower", "ALTERNATE_NAMES": "", "PRIMARY_COMMODITY": "Gold (Au)", "COMMODITIES": "Gold", "ORE_MINERALS": "", "GANGUE": "", "LOCATION_DESCRIPTION": "On Fortune Creek, Cle Elum River area", "LEGAL_DESCRIPTION": "", "LOCATION_ACCURACY": "coordinates estimated from location description", "COUNTY": "Kittitas", "LATITUDE": 47.4783314287815, "LONGITUDE": -120.999166673914, "MINING_DISTRICT": "", "LOCATION_SOURCE": "Bulletin 37", "ASSAYS": "", "PRODUCTION": "", "COMMENTS": ""}}, {"type": "Feature", "id": 310, "geometry": {"type": "Point", "coordinates": [-120.6511, 47.2586]}, "properties": {"OBJECTID": 310, "SITE_ID": 1090, "SITE_NAME": "Mountain Daisy", "ALTERNATE_NAMES": "", "PRIMARY_COMMODITY": "Gold (Au)", "COMMODITIES": "Gold", "ORE_MINERALS": "", "GANGUE": "", "LOCATION_DESCRIPTION": "", "LEGAL_DESCRIPTION": "sec. 1, T20N, R17E; sec. 6, T20N, R18E", "LOCATION_ACCURACY": "coordinate accuracy highly variable", "COUNTY": "Kittitas", "LATITUDE": 47.2586, "LONGITUDE": -120.6511, "MINING_DISTRICT": "Swauk", "LOCATION_SOURCE": "USGS MAS/MILS Database ", "ASSAYS": "", "PRODUCTION": "yes", "COMMENTS": "Production information is in Bulletin 37 and in OFR 90-18."}}, {"type": "Feature", "id": 312, "geometry": {"type": "Point", "coordinates": [-120.650656, 47.258597]}, "properties": {"OBJECTID": 312, "SITE_ID": 1093, "SITE_NAME": "Ollie Jordin", "ALTERNATE_NAMES": "", "PRIMARY_COMMODITY": "Gold (Au)", "COMMODITIES": "Gold", "ORE_MINERALS": "Gold", "GANGUE": "Quartz, calcite", "LOCATION_DESCRIPTION": "0.75 mi up Williams Creek from Liberty", "LEGAL_DESCRIPTION": "sec. 2, T20N, R17E", "LOCATION_ACCURACY": "generally from USGS 7.5-minute topographic map", "COUNTY": "Kittitas", "LATITUDE": 47.258597, "LONGITUDE": -120.650656, "MINING_DISTRICT": "", "LOCATION_SOURCE": "Open File Report 90-18", "ASSAYS": "yes", "PRODUCTION": "yes", "COMMENTS": "Assays are in Bulletin 37. Production information is in Bulletin 37."}}, {"type": "Feature", "id": 313, "geometry": {"type": "Point", "coordinates": [-120.993434, 47.480468]}, "properties": {"OBJECTID": 313, "SITE_ID": 1094, "SITE_NAME": "Queen of the Hills", "ALTERNATE_NAMES": "", "PRIMARY_COMMODITY": "Gold (Au)", "COMMODITIES": "Gold", "ORE_MINERALS": "", "GANGUE": "", "LOCATION_DESCRIPTION": "Fortune Creek, Cle Elum River area", "LEGAL_DESCRIPTION": "", "LOCATION_ACCURACY": "coordinates estimated from location description", "COUNTY": "Kittitas", "LATITUDE": 47.4804684133914, "LONGITUDE": -120.993433671286, "MINING_DISTRICT": "", "LOCATION_SOURCE": "Bulletin 37", "ASSAYS": "", "PRODUCTION": "", "COMMENTS": ""}}, {"type": "Feature", "id": 316, "geometry": {"type": "Point", "coordinates": [-121.002277, 47.477668]}, "properties": {"OBJECTID": 316, "SITE_ID": 1098, "SITE_NAME": "Ruby King", "ALTERNATE_NAMES": "", "PRIMARY_COMMODITY": "Gold (Au)", "COMMODITIES": "Gold, silver, copper, lead, antimony", "ORE_MINERALS": "", "GANGUE": "", "LOCATION_DESCRIPTION": "On Fortune Creek, Cle Elum River area", "LEGAL_DESCRIPTION": "", "LOCATION_ACCURACY": "coordinates estimated from location description", "COUNTY": "Kittitas", "LATITUDE": 47.4776680349936, "LONGITUDE": -121.002276501453, "MINING_DISTRICT": "", "LOCATION_SOURCE": "Bulletin 37", "ASSAYS": "", "PRODUCTION": "yes", "COMMENTS": "Production information is in OFR 90-18."}}, {"type": "Feature", "id": 320, "geometry": {"type": "Point", "coordinates": [-120.6236, 47.28]}, "properties": {"OBJECTID": 320, "SITE_ID": 1102, "SITE_NAME": "Sonny Brown", "ALTERNATE_NAMES": "", "PRIMARY_COMMODITY": "Gold (Au)", "COMMODITIES": "Gold, silver", "ORE_MINERALS": "Free gold", "GANGUE": "", "LOCATION_DESCRIPTION": "On Nelson Hill", "LEGAL_DESCRIPTION": "sec. 30, T21N, R18E", "LOCATION_ACCURACY": "coordinate accuracy highly variable", "COUNTY": "Kittitas", "LATITUDE": 47.28, "LONGITUDE": -120.6236, "MINING_DISTRICT": "", "LOCATION_SOURCE": "USGS MAS/MILS Database ", "ASSAYS": "", "PRODUCTION": "", "COMMENTS": ""}}, {"type": "Feature", "id": 321, "geometry": {"type": "Point", "coordinates": [-120.988762, 47.480732]}, "properties": {"OBJECTID": 321, "SITE_ID": 1103, "SITE_NAME": "Standard", "ALTERNATE_NAMES": "", "PRIMARY_COMMODITY": "Gold (Au)", "COMMODITIES": "Gold, lead", "ORE_MINERALS": "", "GANGUE": "", "LOCATION_DESCRIPTION": "On Fortune Creek, Cle Elum River area", "LEGAL_DESCRIPTION": "", "LOCATION_ACCURACY": "coordinates estimated from location description", "COUNTY": "Kittitas", "LATITUDE": 47.4807318859163, "LONGITUDE": -120.988761808225, "MINING_DISTRICT": "", "LOCATION_SOURCE": "Bulletin 37", "ASSAYS": "", "PRODUCTION": "", "COMMENTS": ""}}, {"type": "Feature", "id": 322, "geometry": {"type": "Point", "coordinates": [-120.6889, 47.3167]}, "properties": {"OBJECTID": 322, "SITE_ID": 1106, "SITE_NAME": "Sylvanite", "ALTERNATE_NAMES": "", "PRIMARY_COMMODITY": "Gold (Au)", "COMMODITIES": "Gold", "ORE_MINERALS": "Free gold", "GANGUE": "", "LOCATION_DESCRIPTION": "", "LEGAL_DESCRIPTION": "NE 1/4 of sec. 15, T21N, R17E", "LOCATION_ACCURACY": "coordinate accuracy highly variable", "COUNTY": "Kittitas", "LATITUDE": 47.3167, "LONGITUDE": -120.6889, "MINING_DISTRICT": "Swauk", "LOCATION_SOURCE": "USGS MAS/MILS Database ", "ASSAYS": "yes", "PRODUCTION": "yes", "COMMENTS": "Assays are in Bulletin 37. Production information is in Bulletin 37."}}, {"type": "Feature", "id": 324, "geometry": {"type": "Point", "coordinates": [-120.932866, 47.362984]}, "properties": {"OBJECTID": 324, "SITE_ID": 1108, "SITE_NAME": "Tip Top", "ALTERNATE_NAMES": "", "PRIMARY_COMMODITY": "Gold (Au)", "COMMODITIES": "Gold, silver, copper", "ORE_MINERALS": "", "GANGUE": "", "LOCATION_DESCRIPTION": "On divide between Fortune Creek and Teanaway Creek", "LEGAL_DESCRIPTION": "", "LOCATION_ACCURACY": "coordinates estimated from location description", "COUNTY": "Kittitas", "LATITUDE": 47.3629836408115, "LONGITUDE": -120.932866426668, "MINING_DISTRICT": "", "LOCATION_SOURCE": "Bulletin 37", "ASSAYS": "", "PRODUCTION": "", "COMMENTS": ""}}, {"type": "Feature", "id": 325, "geometry": {"type": "Point", "coordinates": [-120.9958, 47.5]}, "properties": {"OBJECTID": 325, "SITE_ID": 1109, "SITE_NAME": "Tip Top No. 1", "ALTERNATE_NAMES": "", "PRIMARY_COMMODITY": "Gold (Au)", "COMMODITIES": "Gold, silver, copper", "ORE_MINERALS": "", "GANGUE": "", "LOCATION_DESCRIPTION": "Head of N Fork Fortune Creek, Cle Elum River area", "LEGAL_DESCRIPTION": "", "LOCATION_ACCURACY": "coordinate accuracy highly variable", "COUNTY": "Kittitas", "LATITUDE": 47.5, "LONGITUDE": -120.9958, "MINING_DISTRICT": "", "LOCATION_SOURCE": "USGS MAS/MILS Database ", "ASSAYS": "", "PRODUCTION": "", "COMMENTS": ""}}, {"type": "Feature", "id": 326, "geometry": {"type": "Point", "coordinates": [-120.6278, 47.2792]}, "properties": {"OBJECTID": 326, "SITE_ID": 1111, "SITE_NAME": "True Fissure Gold", "ALTERNATE_NAMES": "", "PRIMARY_COMMODITY": "Gold (Au)", "COMMODITIES": "Gold", "ORE_MINERALS": "", "GANGUE": "", "LOCATION_DESCRIPTION": "", "LEGAL_DESCRIPTION": "sec. 30, T21N, R18E", "LOCATION_ACCURACY": "coordinate accuracy highly variable", "COUNTY": "Kittitas", "LATITUDE": 47.2792, "LONGITUDE": -120.6278, "MINING_DISTRICT": "Swauk", "LOCATION_SOURCE": "USGS MAS/MILS Database ", "ASSAYS": "", "PRODUCTION": "", "COMMENTS": ""}}, {"type": "Feature", "id": 328, "geometry": {"type": "Point", "coordinates": [-120.624581, 47.288689]}, "properties": {"OBJECTID": 328, "SITE_ID": 1115, "SITE_NAME": "Wall Street", "ALTERNATE_NAMES": "", "PRIMARY_COMMODITY": "Gold (Au)", "COMMODITIES": "Gold", "ORE_MINERALS": "Gold", "GANGUE": "Quartz", "LOCATION_DESCRIPTION": "5.5 mi up Cougar Gulch from Liberty", "LEGAL_DESCRIPTION": "sec. 30, T21N, R18E", "LOCATION_ACCURACY": "generally from USGS 7.5-minute topographic map", "COUNTY": "Kittitas", "LATITUDE": 47.288689, "LONGITUDE": -120.624581, "MINING_DISTRICT": "", "LOCATION_SOURCE": "Open File Report 90-18", "ASSAYS": "yes", "PRODUCTION": "yes", "COMMENTS": "Assays are in Bulletin 37. Production information is in Bulletin 37."}}, {"type": "Feature", "id": 330, "geometry": {"type": "Point", "coordinates": [-120.6922, 47.2364]}, "properties": {"OBJECTID": 330, "SITE_ID": 1117, "SITE_NAME": "Washington", "ALTERNATE_NAMES": "", "PRIMARY_COMMODITY": "Gold (Au)", "COMMODITIES": "Gold", "ORE_MINERALS": "", "GANGUE": "", "LOCATION_DESCRIPTION": "", "LEGAL_DESCRIPTION": "sec. 10, T20N, R17E", "LOCATION_ACCURACY": "coordinate accuracy highly variable", "COUNTY": "Kittitas", "LATITUDE": 47.2364, "LONGITUDE": -120.6922, "MINING_DISTRICT": "Swauk", "LOCATION_SOURCE": "USGS MAS/MILS Database ", "ASSAYS": "", "PRODUCTION": "", "COMMENTS": ""}}, {"type": "Feature", "id": 332, "geometry": {"type": "Point", "coordinates": [-120.6189, 47.3319]}, "properties": {"OBJECTID": 332, "SITE_ID": 1119, "SITE_NAME": "Zerwekh", "ALTERNATE_NAMES": "Big Z", "PRIMARY_COMMODITY": "Gold (Au)", "COMMODITIES": "Gold, silver arsenic, vanadium, thallium are reported, but their occurrence here is doubtful", "ORE_MINERALS": "Pyrite, free gold", "GANGUE": "", "LOCATION_DESCRIPTION": "Near head of Swauk Creek", "LEGAL_DESCRIPTION": "sec. 8, T21N, R18E", "LOCATION_ACCURACY": "coordinate accuracy highly variable", "COUNTY": "Kittitas", "LATITUDE": 47.3319, "LONGITUDE": -120.6189, "MINING_DISTRICT": "", "LOCATION_SOURCE": "USGS MAS/MILS Database ", "ASSAYS": "yes", "PRODUCTION": "", "COMMENTS": "Assays are in Bulletin 37."}}, {"type": "Feature", "id": 853, "geometry": {"type": "Point", "coordinates": [-120.6578, 47.4358]}, "properties": {"OBJECTID": 853, "SITE_ID": 1720, "SITE_NAME": "Bloom Placer", "ALTERNATE_NAMES": "", "PRIMARY_COMMODITY": "Gold (Au)", "COMMODITIES": "Gold", "ORE_MINERALS": "", "GANGUE": "", "LOCATION_DESCRIPTION": "On Peshastin Creek", "LEGAL_DESCRIPTION": "sec. 1, T22N, R17E", "LOCATION_ACCURACY": "coordinate accuracy highly variable", "COUNTY": "Chelan", "LATITUDE": 47.4358, "LONGITUDE": -120.6578, "MINING_DISTRICT": "", "LOCATION_SOURCE": "USGS MAS/MILS Database ", "ASSAYS": "yes", "PRODUCTION": "yes", "COMMENTS": "Assays are in Bulletin 37. Production information is in Bulletin 37."}}, {"type": "Feature", "id": 854, "geometry": {"type": "Point", "coordinates": [-120.6519, 47.4328]}, "properties": {"OBJECTID": 854, "SITE_ID": 1721, "SITE_NAME": "Cook Placer", "ALTERNATE_NAMES": "", "PRIMARY_COMMODITY": "Gold (Au)", "COMMODITIES": "Gold", "ORE_MINERALS": "", "GANGUE": "", "LOCATION_DESCRIPTION": "", "LEGAL_DESCRIPTION": "", "LOCATION_ACCURACY": "coordinate accuracy highly variable", "COUNTY": "Chelan", "LATITUDE": 47.4328, "LONGITUDE": -120.6519, "MINING_DISTRICT": "Blewett", "LOCATION_SOURCE": "USGS MAS/MILS Database ", "ASSAYS": "", "PRODUCTION": "yes", "COMMENTS": "Production information is in Bulletin 37."}}, {"type": "Feature", "id": 855, "geometry": {"type": "Point", "coordinates": [-120.6436, 47.4356]}, "properties": {"OBJECTID": 855, "SITE_ID": 1722, "SITE_NAME": "Crawford Placer", "ALTERNATE_NAMES": "", "PRIMARY_COMMODITY": "Gold (Au)", "COMMODITIES": "Gold", "ORE_MINERALS": "", "GANGUE": "", "LOCATION_DESCRIPTION": "", "LEGAL_DESCRIPTION": "", "LOCATION_ACCURACY": "coordinate accuracy highly variable", "COUNTY": "Chelan", "LATITUDE": 47.4356, "LONGITUDE": -120.6436, "MINING_DISTRICT": "Blewett", "LOCATION_SOURCE": "USGS MAS/MILS Database ", "ASSAYS": "", "PRODUCTION": "yes", "COMMENTS": "Production information is in Bulletin 37."}}, {"type": "Feature", "id": 858, "geometry": {"type": "Point", "coordinates": [-120.795, 47.5711]}, "properties": {"OBJECTID": 858, "SITE_ID": 1725, "SITE_NAME": "Icicle Creek Placers", "ALTERNATE_NAMES": "", "PRIMARY_COMMODITY": "Gold (Au)", "COMMODITIES": "Gold", "ORE_MINERALS": "", "GANGUE": "", "LOCATION_DESCRIPTION": "Along Icicle Creek", "LEGAL_DESCRIPTION": "", "LOCATION_ACCURACY": "coordinate accuracy highly variable", "COUNTY": "Chelan", "LATITUDE": 47.5711, "LONGITUDE": -120.795, "MINING_DISTRICT": "", "LOCATION_SOURCE": "USGS MAS/MILS Database ", "ASSAYS": "", "PRODUCTION": "yes", "COMMENTS": "Production information is in Bulletin 37."}}, {"type": "Feature", "id": 859, "geometry": {"type": "Point", "coordinates": [-120.6611, 47.4608]}, "properties": {"OBJECTID": 859, "SITE_ID": 1726, "SITE_NAME": "Ingalls Creek Placer", "ALTERNATE_NAMES": "", "PRIMARY_COMMODITY": "Gold (Au)", "COMMODITIES": "Gold", "ORE_MINERALS": "", "GANGUE": "", "LOCATION_DESCRIPTION": "On Peshastin Creek at the mouth of Ingalls Creek", "LEGAL_DESCRIPTION": "sec. 25, T23N, R17E", "LOCATION_ACCURACY": "coordinate accuracy highly variable", "COUNTY": "Chelan", "LATITUDE": 47.4608, "LONGITUDE": -120.6611, "MINING_DISTRICT": "", "LOCATION_SOURCE": "USGS MAS/MILS Database ", "ASSAYS": "", "PRODUCTION": "yes", "COMMENTS": "Production information is in Bulletin 37."}}, {"type": "Feature", "id": 861, "geometry": {"type": "Point", "coordinates": [-120.69, 47.5853]}, "properties": {"OBJECTID": 861, "SITE_ID": 1728, "SITE_NAME": "Leavenworth Placer", "ALTERNATE_NAMES": "", "PRIMARY_COMMODITY": "Gold (Au)", "COMMODITIES": "Gold", "ORE_MINERALS": "", "GANGUE": "", "LOCATION_DESCRIPTION": "Near Leavenworth", "LEGAL_DESCRIPTION": "secs. 10 and 11, T24N, R17E", "LOCATION_ACCURACY": "coordinate accuracy highly variable", "COUNTY": "Chelan", "LATITUDE": 47.5853, "LONGITUDE": -120.69, "MINING_DISTRICT": "", "LOCATION_SOURCE": "USGS MAS/MILS Database ", "ASSAYS": "", "PRODUCTION": "", "COMMENTS": ""}}, {"type": "Feature", "id": 863, "geometry": {"type": "Point", "coordinates": [-120.665483, 47.442992]}, "properties": {"OBJECTID": 863, "SITE_ID": 1730, "SITE_NAME": "Negro Creek Placers", "ALTERNATE_NAMES": "Negro Creek Placer", "PRIMARY_COMMODITY": "Gold (Au)", "COMMODITIES": "Gold, chromium, plutonium", "ORE_MINERALS": "Native gold, chromite", "GANGUE": "Sand, gravel", "LOCATION_DESCRIPTION": "From the mouth of Negro Creek upstream for 2 mi", "LEGAL_DESCRIPTION": "secs. 2 and 3, T22N, R17E", "LOCATION_ACCURACY": "generally from USGS 7.5-minute topographic map", "COUNTY": "Chelan", "LATITUDE": 47.442992, "LONGITUDE": -120.665483, "MINING_DISTRICT": "", "LOCATION_SOURCE": "Open File Report 90-18", "ASSAYS": "yes", "PRODUCTION": "yes", "COMMENTS": "Assays are in Bulletin 37. Production information is in Bulletin 37."}}, {"type": "Feature", "id": 864, "geometry": {"type": "Point", "coordinates": [-120.6411, 47.4264]}, "properties": {"OBJECTID": 864, "SITE_ID": 1731, "SITE_NAME": "Peake and Son Placer", "ALTERNATE_NAMES": "Peake, Son Placer", "PRIMARY_COMMODITY": "Gold (Au)", "COMMODITIES": "Gold", "ORE_MINERALS": "", "GANGUE": "", "LOCATION_DESCRIPTION": "", "LEGAL_DESCRIPTION": "", "LOCATION_ACCURACY": "coordinate accuracy highly variable", "COUNTY": "Chelan", "LATITUDE": 47.4264, "LONGITUDE": -120.6411, "MINING_DISTRICT": "Blewett", "LOCATION_SOURCE": "USGS MAS/MILS Database ", "ASSAYS": "", "PRODUCTION": "yes", "COMMENTS": "Production information is in Bulletin 37."}}, {"type": "Feature", "id": 865, "geometry": {"type": "Point", "coordinates": [-120.656939, 47.405756]}, "properties": {"OBJECTID": 865, "SITE_ID": 1732, "SITE_NAME": "Peshastin Creek Placers", "ALTERNATE_NAMES": "", "PRIMARY_COMMODITY": "Gold (Au)", "COMMODITIES": "Gold", "ORE_MINERALS": "Native gold", "GANGUE": "Sand, gravel", "LOCATION_DESCRIPTION": "On upper reaches of Peshastin Creek", "LEGAL_DESCRIPTION": "T22N, R17E", "LOCATION_ACCURACY": "generally from USGS 7.5-minute topographic map", "COUNTY": "Chelan", "LATITUDE": 47.405756, "LONGITUDE": -120.656939, "MINING_DISTRICT": "", "LOCATION_SOURCE": "Open File Report 90-18", "ASSAYS": "yes", "PRODUCTION": "yes", "COMMENTS": "Assays are in Bulletin 37. Production information is in Bulletin 37."}}, {"type": "Feature", "id": 867, "geometry": {"type": "Point", "coordinates": [-120.6556, 47.4497]}, "properties": {"OBJECTID": 867, "SITE_ID": 1734, "SITE_NAME": "Ruby Creek Placer", "ALTERNATE_NAMES": "", "PRIMARY_COMMODITY": "Gold (Au)", "COMMODITIES": "Gold", "ORE_MINERALS": "", "GANGUE": "", "LOCATION_DESCRIPTION": "At the mouth of Ruby Creek", "LEGAL_DESCRIPTION": "sec. 36, T23N, R17E", "LOCATION_ACCURACY": "coordinate accuracy highly variable", "COUNTY": "Chelan", "LATITUDE": 47.4497, "LONGITUDE": -120.6556, "MINING_DISTRICT": "", "LOCATION_SOURCE": "USGS MAS/MILS Database ", "ASSAYS": "", "PRODUCTION": "", "COMMENTS": ""}}, {"type": "Feature", "id": 868, "geometry": {"type": "Point", "coordinates": [-120.6639, 47.3911]}, "properties": {"OBJECTID": 868, "SITE_ID": 1735, "SITE_NAME": "Shaser Creek Placer", "ALTERNATE_NAMES": "", "PRIMARY_COMMODITY": "Gold (Au)", "COMMODITIES": "Gold", "ORE_MINERALS": "", "GANGUE": "", "LOCATION_DESCRIPTION": "Near mouth of Shaser Creek", "LEGAL_DESCRIPTION": "SE 1/4 of sec. 14, T22N, R17E", "LOCATION_ACCURACY": "coordinate accuracy highly variable", "COUNTY": "Chelan", "LATITUDE": 47.3911, "LONGITUDE": -120.6639, "MINING_DISTRICT": "", "LOCATION_SOURCE": "USGS MAS/MILS Database ", "ASSAYS": "yes", "PRODUCTION": "yes", "COMMENTS": "Assays are in Bulletin 37. Production information is in Bulletin 37."}}, {"type": "Feature", "id": 869, "geometry": {"type": "Point", "coordinates": [-120.6639, 47.4308]}, "properties": {"OBJECTID": 869, "SITE_ID": 1736, "SITE_NAME": "Simbach Placer", "ALTERNATE_NAMES": "", "PRIMARY_COMMODITY": "Gold (Au)", "COMMODITIES": "Gold", "ORE_MINERALS": "", "GANGUE": "", "LOCATION_DESCRIPTION": "", "LEGAL_DESCRIPTION": "", "LOCATION_ACCURACY": "coordinate accuracy highly variable", "COUNTY": "Chelan", "LATITUDE": 47.4308, "LONGITUDE": -120.6639, "MINING_DISTRICT": "Blewett", "LOCATION_SOURCE": "USGS MAS/MILS Database ", "ASSAYS": "", "PRODUCTION": "yes", "COMMENTS": "Production information is in Bulletin 37."}}, {"type": "Feature", "id": 870, "geometry": {"type": "Point", "coordinates": [-120.6556, 47.4333]}, "properties": {"OBJECTID": 870, "SITE_ID": 1737, "SITE_NAME": "Solita Placer", "ALTERNATE_NAMES": "", "PRIMARY_COMMODITY": "Gold (Au)", "COMMODITIES": "Gold", "ORE_MINERALS": "", "GANGUE": "", "LOCATION_DESCRIPTION": "On Peshastin Creek", "LEGAL_DESCRIPTION": "", "LOCATION_ACCURACY": "coordinate accuracy highly variable", "COUNTY": "Chelan", "LATITUDE": 47.4333, "LONGITUDE": -120.6556, "MINING_DISTRICT": "", "LOCATION_SOURCE": "USGS MAS/MILS Database ", "ASSAYS": "", "PRODUCTION": "yes", "COMMENTS": "Production information is in Bulletin 37."}}, {"type": "Feature", "id": 872, "geometry": {"type": "Point", "coordinates": [-120.5667, 47.5417]}, "properties": {"OBJECTID": 872, "SITE_ID": 1739, "SITE_NAME": "Wednesday Placer", "ALTERNATE_NAMES": "", "PRIMARY_COMMODITY": "Gold (Au)", "COMMODITIES": "Gold", "ORE_MINERALS": "", "GANGUE": "", "LOCATION_DESCRIPTION": "On Wenatchee River near Dryden", "LEGAL_DESCRIPTION": "", "LOCATION_ACCURACY": "coordinate accuracy highly variable", "COUNTY": "Chelan", "LATITUDE": 47.5417, "LONGITUDE": -120.5667, "MINING_DISTRICT": "", "LOCATION_SOURCE": "USGS MAS/MILS Database ", "ASSAYS": "", "PRODUCTION": "yes", "COMMENTS": "Production information is in Bulletin 37."}}, {"type": "Feature", "id": 873, "geometry": {"type": "Point", "coordinates": [-120.3083, 47.4292]}, "properties": {"OBJECTID": 873, "SITE_ID": 1740, "SITE_NAME": "Wenatchee Placer", "ALTERNATE_NAMES": "", "PRIMARY_COMMODITY": "Gold (Au)", "COMMODITIES": "Gold", "ORE_MINERALS": "", "GANGUE": "", "LOCATION_DESCRIPTION": "At Wenatchee", "LEGAL_DESCRIPTION": "sec. 3, T22N, R20E", "LOCATION_ACCURACY": "coordinate accuracy highly variable", "COUNTY": "Chelan", "LATITUDE": 47.4292, "LONGITUDE": -120.3083, "MINING_DISTRICT": "", "LOCATION_SOURCE": "USGS MAS/MILS Database ", "ASSAYS": "", "PRODUCTION": "yes", "COMMENTS": "Production information is in OFR 90-18."}}, {"type": "Feature", "id": 874, "geometry": {"type": "Point", "coordinates": [-120.5736, 47.5594]}, "properties": {"OBJECTID": 874, "SITE_ID": 1741, "SITE_NAME": "Wenatchee River Placer", "ALTERNATE_NAMES": "", "PRIMARY_COMMODITY": "Gold (Au)", "COMMODITIES": "Gold", "ORE_MINERALS": "", "GANGUE": "", "LOCATION_DESCRIPTION": "On Wenatchee River 1.5 mi below Peshastin", "LEGAL_DESCRIPTION": "sec. 22, T24N, R18E", "LOCATION_ACCURACY": "coordinate accuracy highly variable", "COUNTY": "Chelan", "LATITUDE": 47.5594, "LONGITUDE": -120.5736, "MINING_DISTRICT": "", "LOCATION_SOURCE": "USGS MAS/MILS Database ", "ASSAYS": "yes", "PRODUCTION": "yes", "COMMENTS": "Assays are in Bulletin 37. Production information is in Bulletin 37."}}, {"type": "Feature", "id": 875, "geometry": {"type": "Point", "coordinates": [-120.6583, 47.4111]}, "properties": {"OBJECTID": 875, "SITE_ID": 1742, "SITE_NAME": "Wilson Placer", "ALTERNATE_NAMES": "", "PRIMARY_COMMODITY": "Gold (Au)", "COMMODITIES": "Gold", "ORE_MINERALS": "", "GANGUE": "", "LOCATION_DESCRIPTION": "", "LEGAL_DESCRIPTION": "", "LOCATION_ACCURACY": "coordinate accuracy highly variable", "COUNTY": "Chelan", "LATITUDE": 47.4111, "LONGITUDE": -120.6583, "MINING_DISTRICT": "Blewett", "LOCATION_SOURCE": "USGS MAS/MILS Database ", "ASSAYS": "", "PRODUCTION": "yes", "COMMENTS": "Production information is in Bulletin 37."}}, {"type": "Feature", "id": 938, "geometry": {"type": "Point", "coordinates": [-120.7028, 47.2625]}, "properties": {"OBJECTID": 938, "SITE_ID": 1814, "SITE_NAME": "Baker Creek Placers", "ALTERNATE_NAMES": "", "PRIMARY_COMMODITY": "Gold (Au)", "COMMODITIES": "Gold", "ORE_MINERALS": "", "GANGUE": "", "LOCATION_DESCRIPTION": "Along Baker Creek above its junction with Swauk Creek", "LEGAL_DESCRIPTION": "", "LOCATION_ACCURACY": "coordinate accuracy highly variable", "COUNTY": "Kittitas", "LATITUDE": 47.2625, "LONGITUDE": -120.7028, "MINING_DISTRICT": "", "LOCATION_SOURCE": "USGS MAS/MILS Database ", "ASSAYS": "", "PRODUCTION": "", "COMMENTS": ""}}, {"type": "Feature", "id": 940, "geometry": {"type": "Point", "coordinates": [-120.71599, 47.267513]}, "properties": {"OBJECTID": 940, "SITE_ID": 1816, "SITE_NAME": "Bear Cat Placer", "ALTERNATE_NAMES": "", "PRIMARY_COMMODITY": "Gold (Au)", "COMMODITIES": "Gold", "ORE_MINERALS": "", "GANGUE": "", "LOCATION_DESCRIPTION": "", "LEGAL_DESCRIPTION": "sec. 33, T21N, R17E", "LOCATION_ACCURACY": "coordinates estimated from legal description", "COUNTY": "Kittitas", "LATITUDE": 47.2675133617376, "LONGITUDE": -120.715989669284, "MINING_DISTRICT": "Swauk", "LOCATION_SOURCE": "Bulletin 37", "ASSAYS": "", "PRODUCTION": "yes", "COMMENTS": "Production information is in Bulletin 37."}}, {"type": "Feature", "id": 941, "geometry": {"type": "Point", "coordinates": [-120.6961, 47.2397]}, "properties": {"OBJECTID": 941, "SITE_ID": 1817, "SITE_NAME": "Becker Placer", "ALTERNATE_NAMES": "", "PRIMARY_COMMODITY": "Gold (Au)", "COMMODITIES": "Gold", "ORE_MINERALS": "", "GANGUE": "", "LOCATION_DESCRIPTION": "", "LEGAL_DESCRIPTION": "sec. 10, T20N, R17E", "LOCATION_ACCURACY": "coordinate accuracy highly variable", "COUNTY": "Kittitas", "LATITUDE": 47.2397, "LONGITUDE": -120.6961, "MINING_DISTRICT": "Swauk", "LOCATION_SOURCE": "USGS MAS/MILS Database ", "ASSAYS": "", "PRODUCTION": "yes", "COMMENTS": "Production information is in Bulletin 37."}}, {"type": "Feature", "id": 943, "geometry": {"type": "Point", "coordinates": [-120.657558, 47.254486]}, "properties": {"OBJECTID": 943, "SITE_ID": 1822, "SITE_NAME": "Boulder Creek Placer", "ALTERNATE_NAMES": "", "PRIMARY_COMMODITY": "Gold (Au)", "COMMODITIES": "Gold", "ORE_MINERALS": "Gold", "GANGUE": "Sand, gravel", "LOCATION_DESCRIPTION": "At junction of Boulder and Williams Creeks", "LEGAL_DESCRIPTION": "sec. 1, T20N, R17E", "LOCATION_ACCURACY": "generally from USGS 7.5-minute topographic map", "COUNTY": "Kittitas", "LATITUDE": 47.254486, "LONGITUDE": -120.657558, "MINING_DISTRICT": "", "LOCATION_SOURCE": "Open File Report 90-18", "ASSAYS": "yes", "PRODUCTION": "yes", "COMMENTS": "Assays are in Bulletin 37. Production information is in Bulletin 37."}}, {"type": "Feature", "id": 944, "geometry": {"type": "Point", "coordinates": [-120.6986, 47.3]}, "properties": {"OBJECTID": 944, "SITE_ID": 1823, "SITE_NAME": "Bovee Placer", "ALTERNATE_NAMES": "", "PRIMARY_COMMODITY": "Gold (Au)", "COMMODITIES": "Gold", "ORE_MINERALS": "", "GANGUE": "", "LOCATION_DESCRIPTION": "Near Blewett highway, 0.5 mi N of Mineral Springs", "LEGAL_DESCRIPTION": "maybe N 1/2 of sec. 22, T21N, R17E", "LOCATION_ACCURACY": "coordinate accuracy highly variable", "COUNTY": "Kittitas", "LATITUDE": 47.3, "LONGITUDE": -120.6986, "MINING_DISTRICT": "", "LOCATION_SOURCE": "USGS MAS/MILS Database ", "ASSAYS": "", "PRODUCTION": "", "COMMENTS": ""}}, {"type": "Feature", "id": 945, "geometry": {"type": "Point", "coordinates": [-120.6878, 47.2419]}, "properties": {"OBJECTID": 945, "SITE_ID": 1824, "SITE_NAME": "Bryant Bar Placer", "ALTERNATE_NAMES": "Deer Gulch", "PRIMARY_COMMODITY": "Gold (Au)", "COMMODITIES": "Gold", "ORE_MINERALS": "Coarse free gold", "GANGUE": "", "LOCATION_DESCRIPTION": "", "LEGAL_DESCRIPTION": "sec. 10, T20N, R17E", "LOCATION_ACCURACY": "coordinate accuracy highly variable", "COUNTY": "Kittitas", "LATITUDE": 47.2419, "LONGITUDE": -120.6878, "MINING_DISTRICT": "Swauk", "LOCATION_SOURCE": "USGS MAS/MILS Database ", "ASSAYS": "yes", "PRODUCTION": "yes", "COMMENTS": "Assays are in Bulletin 37. Production information is in Bulletin 37."}}, {"type": "Feature", "id": 946, "geometry": {"type": "Point", "coordinates": [-120.6781, 47.2444]}, "properties": {"OBJECTID": 946, "SITE_ID": 1825, "SITE_NAME": "Burcham Placer", "ALTERNATE_NAMES": "", "PRIMARY_COMMODITY": "Gold (Au)", "COMMODITIES": "Gold", "ORE_MINERALS": "", "GANGUE": "", "LOCATION_DESCRIPTION": "", "LEGAL_DESCRIPTION": "NE 1/4 of sec. 10, T20N, R17E", "LOCATION_ACCURACY": "coordinate accuracy highly variable", "COUNTY": "Kittitas", "LATITUDE": 47.2444, "LONGITUDE": -120.6781, "MINING_DISTRICT": "Swauk", "LOCATION_SOURCE": "USGS MAS/MILS Database ", "ASSAYS": "", "PRODUCTION": "yes", "COMMENTS": "Production information is in Bulletin 37."}}, {"type": "Feature", "id": 947, "geometry": {"type": "Point", "coordinates": [-120.6953, 47.2553]}, "properties": {"OBJECTID": 947, "SITE_ID": 1826, "SITE_NAME": "Cedar Creek Placer", "ALTERNATE_NAMES": "", "PRIMARY_COMMODITY": "Gold (Au)", "COMMODITIES": "Gold, silver", "ORE_MINERALS": "", "GANGUE": "", "LOCATION_DESCRIPTION": "", "LEGAL_DESCRIPTION": "NE 1/4 of sec. 3, T20N, R17E", "LOCATION_ACCURACY": "coordinate accuracy highly variable", "COUNTY": "Kittitas", "LATITUDE": 47.2553, "LONGITUDE": -120.6953, "MINING_DISTRICT": "", "LOCATION_SOURCE": "USGS MAS/MILS Database ", "ASSAYS": "", "PRODUCTION": "yes", "COMMENTS": "Production information is in Bulletin 37."}}, {"type": "Feature", "id": 950, "geometry": {"type": "Point", "coordinates": [-120.6761, 47.2358]}, "properties": {"OBJECTID": 950, "SITE_ID": 1829, "SITE_NAME": "Dennett Placer", "ALTERNATE_NAMES": "", "PRIMARY_COMMODITY": "Gold (Au)", "COMMODITIES": "Gold", "ORE_MINERALS": "", "GANGUE": "", "LOCATION_DESCRIPTION": "", "LEGAL_DESCRIPTION": "SE 1/4 of sec. 10, T20N, R17E", "LOCATION_ACCURACY": "coordinate accuracy highly variable", "COUNTY": "Kittitas", "LATITUDE": 47.2358, "LONGITUDE": -120.6761, "MINING_DISTRICT": "Swauk", "LOCATION_SOURCE": "USGS MAS/MILS Database ", "ASSAYS": "", "PRODUCTION": "yes", "COMMENTS": "Production information is in Bulletin 37."}}, {"type": "Feature", "id": 952, "geometry": {"type": "Point", "coordinates": [-120.652884, 47.261156]}, "properties": {"OBJECTID": 952, "SITE_ID": 1831, "SITE_NAME": "Elliott Placer", "ALTERNATE_NAMES": "", "PRIMARY_COMMODITY": "Gold (Au)", "COMMODITIES": "Gold", "ORE_MINERALS": "", "GANGUE": "", "LOCATION_DESCRIPTION": "On Williams Creek", "LEGAL_DESCRIPTION": "", "LOCATION_ACCURACY": "coordinates estimated from location description", "COUNTY": "Kittitas", "LATITUDE": 47.2611562812175, "LONGITUDE": -120.652883900751, "MINING_DISTRICT": "", "LOCATION_SOURCE": "Bulletin 37", "ASSAYS": "yes", "PRODUCTION": "", "COMMENTS": "Assays are in Bulletin 37."}}, {"type": "Feature", "id": 954, "geometry": {"type": "Point", "coordinates": [-120.7042, 47.2383]}, "properties": {"OBJECTID": 954, "SITE_ID": 1836, "SITE_NAME": "Fraction Placer", "ALTERNATE_NAMES": "", "PRIMARY_COMMODITY": "Gold (Au)", "COMMODITIES": "Gold", "ORE_MINERALS": "", "GANGUE": "", "LOCATION_DESCRIPTION": "", "LEGAL_DESCRIPTION": "sec. 10, T20N, R17E", "LOCATION_ACCURACY": "coordinate accuracy highly variable", "COUNTY": "Kittitas", "LATITUDE": 47.2383, "LONGITUDE": -120.7042, "MINING_DISTRICT": "Swauk", "LOCATION_SOURCE": "USGS MAS/MILS Database ", "ASSAYS": "", "PRODUCTION": "", "COMMENTS": ""}}, {"type": "Feature", "id": 956, "geometry": {"type": "Point", "coordinates": [-120.6964, 47.2256]}, "properties": {"OBJECTID": 956, "SITE_ID": 1838, "SITE_NAME": "Gold Bar Placer", "ALTERNATE_NAMES": "", "PRIMARY_COMMODITY": "Gold (Au)", "COMMODITIES": "Gold", "ORE_MINERALS": "", "GANGUE": "", "LOCATION_DESCRIPTION": "", "LEGAL_DESCRIPTION": "sec. 15, T20N, R17E", "LOCATION_ACCURACY": "coordinate accuracy highly variable", "COUNTY": "Kittitas", "LATITUDE": 47.2256, "LONGITUDE": -120.6964, "MINING_DISTRICT": "Swauk", "LOCATION_SOURCE": "USGS MAS/MILS Database ", "ASSAYS": "", "PRODUCTION": "yes", "COMMENTS": "Production information is in Bulletin 37."}}, {"type": "Feature", "id": 957, "geometry": {"type": "Point", "coordinates": [-120.6492, 47.2683]}, "properties": {"OBJECTID": 957, "SITE_ID": 1842, "SITE_NAME": "Hinton-McCauley Placer", "ALTERNATE_NAMES": "", "PRIMARY_COMMODITY": "Gold (Au)", "COMMODITIES": "Gold", "ORE_MINERALS": "", "GANGUE": "", "LOCATION_DESCRIPTION": "", "LEGAL_DESCRIPTION": "sec. 36, T21N, R17E", "LOCATION_ACCURACY": "coordinate accuracy highly variable", "COUNTY": "Kittitas", "LATITUDE": 47.2683, "LONGITUDE": -120.6492, "MINING_DISTRICT": "", "LOCATION_SOURCE": "USGS MAS/MILS Database ", "ASSAYS": "", "PRODUCTION": "yes", "COMMENTS": "Production information is in Bulletin 37."}}, {"type": "Feature", "id": 958, "geometry": {"type": "Point", "coordinates": [-120.6875, 47.1]}, "properties": {"OBJECTID": 958, "SITE_ID": 1847, "SITE_NAME": "Magpie Canyon Placer", "ALTERNATE_NAMES": "", "PRIMARY_COMMODITY": "Gold (Au)", "COMMODITIES": "Gold", "ORE_MINERALS": "", "GANGUE": "", "LOCATION_DESCRIPTION": "", "LEGAL_DESCRIPTION": "NE 1/4 of sec. 34, T19N, R18E", "LOCATION_ACCURACY": "coordinate accuracy highly variable", "COUNTY": "Kittitas", "LATITUDE": 47.1, "LONGITUDE": -120.6875, "MINING_DISTRICT": "", "LOCATION_SOURCE": "USGS MAS/MILS Database ", "ASSAYS": "", "PRODUCTION": "", "COMMENTS": ""}}, {"type": "Feature", "id": 961, "geometry": {"type": "Point", "coordinates": [-120.5422, 47.2756]}, "properties": {"OBJECTID": 961, "SITE_ID": 1850, "SITE_NAME": "Naneum Creek Placer", "ALTERNATE_NAMES": "", "PRIMARY_COMMODITY": "Gold (Au)", "COMMODITIES": "Gold", "ORE_MINERALS": "", "GANGUE": "", "LOCATION_DESCRIPTION": "", "LEGAL_DESCRIPTION": "secs. 25 and 26, T21N, R18E", "LOCATION_ACCURACY": "coordinate accuracy highly variable", "COUNTY": "Kittitas", "LATITUDE": 47.2756, "LONGITUDE": -120.5422, "MINING_DISTRICT": "", "LOCATION_SOURCE": "USGS MAS/MILS Database ", "ASSAYS": "", "PRODUCTION": "", "COMMENTS": ""}}, {"type": "Feature", "id": 962, "geometry": {"type": "Point", "coordinates": [-120.645197, 47.253896]}, "properties": {"OBJECTID": 962, "SITE_ID": 1853, "SITE_NAME": "Nugget Placer", "ALTERNATE_NAMES": "", "PRIMARY_COMMODITY": "Gold (Au)", "COMMODITIES": "Gold", "ORE_MINERALS": "", "GANGUE": "", "LOCATION_DESCRIPTION": "", "LEGAL_DESCRIPTION": "secs. 1 and 2, T20N, R17E; sec. 6, T20N, R18E", "LOCATION_ACCURACY": "coordinates estimated from legal description", "COUNTY": "Kittitas", "LATITUDE": 47.2538956763322, "LONGITUDE": -120.645196801711, "MINING_DISTRICT": "", "LOCATION_SOURCE": "Bulletin 37", "ASSAYS": "", "PRODUCTION": "yes", "COMMENTS": "Production information is in Bulletin 37."}}, {"type": "Feature", "id": 963, "geometry": {"type": "Point", "coordinates": [-120.666406, 47.253014]}, "properties": {"OBJECTID": 963, "SITE_ID": 1854, "SITE_NAME": "Old Bigney Placer", "ALTERNATE_NAMES": "", "PRIMARY_COMMODITY": "Gold (Au)", "COMMODITIES": "Gold", "ORE_MINERALS": "Gold", "GANGUE": "Sand, gravel", "LOCATION_DESCRIPTION": "Near Liberty", "LEGAL_DESCRIPTION": "SW 1/4 of sec. 1, T20N, R17E", "LOCATION_ACCURACY": "generally from USGS 7.5-minute topographic map", "COUNTY": "Kittitas", "LATITUDE": 47.253014, "LONGITUDE": -120.666406, "MINING_DISTRICT": "", "LOCATION_SOURCE": "Open File Report 90-18", "ASSAYS": "", "PRODUCTION": "yes", "COMMENTS": "Production information is in Bulletin 37."}}, {"type": "Feature", "id": 964, "geometry": {"type": "Point", "coordinates": [-120.7181, 47.1133]}, "properties": {"OBJECTID": 964, "SITE_ID": 1855, "SITE_NAME": "Perry Placer", "ALTERNATE_NAMES": "", "PRIMARY_COMMODITY": "Gold (Au)", "COMMODITIES": "Gold", "ORE_MINERALS": "", "GANGUE": "", "LOCATION_DESCRIPTION": "On Yakima River about 2 mi below mouth of Swauk Creek", "LEGAL_DESCRIPTION": "sec. 28 probable, T19N, R17E", "LOCATION_ACCURACY": "coordinate accuracy highly variable", "COUNTY": "Kittitas", "LATITUDE": 47.1133, "LONGITUDE": -120.7181, "MINING_DISTRICT": "", "LOCATION_SOURCE": "USGS MAS/MILS Database ", "ASSAYS": "yes", "PRODUCTION": "yes", "COMMENTS": "Assays are in Bulletin 37. Production information is in Bulletin 37."}}, {"type": "Feature", "id": 965, "geometry": {"type": "Point", "coordinates": [-120.7333, 47.1358]}, "properties": {"OBJECTID": 965, "SITE_ID": 1857, "SITE_NAME": "Sheep Springs Placer", "ALTERNATE_NAMES": "", "PRIMARY_COMMODITY": "Gold (Au)", "COMMODITIES": "Gold", "ORE_MINERALS": "Free gold, very fine", "GANGUE": "", "LOCATION_DESCRIPTION": "", "LEGAL_DESCRIPTION": "SE 1/4 of sec. 17, T19N, R17E", "LOCATION_ACCURACY": "coordinate accuracy highly variable", "COUNTY": "Kittitas", "LATITUDE": 47.1358, "LONGITUDE": -120.7333, "MINING_DISTRICT": "Swauk", "LOCATION_SOURCE": "USGS MAS/MILS Database ", "ASSAYS": "yes", "PRODUCTION": "yes", "COMMENTS": "Assays are in Bulletin 37. Production information is in OFR 90-18."}}, {"type": "Feature", "id": 966, "geometry": {"type": "Point", "coordinates": [-120.699606, 47.213658]}, "properties": {"OBJECTID": 966, "SITE_ID": 1860, "SITE_NAME": "Swauk Creek Placers", "ALTERNATE_NAMES": "", "PRIMARY_COMMODITY": "Gold (Au)", "COMMODITIES": "Gold", "ORE_MINERALS": "Gold", "GANGUE": "Sand, gravel", "LOCATION_DESCRIPTION": "Along Swauk Creek between the mouths of Baker and First Creeks", "LEGAL_DESCRIPTION": "", "LOCATION_ACCURACY": "generally from USGS 7.5-minute topographic map", "COUNTY": "Kittitas", "LATITUDE": 47.213658, "LONGITUDE": -120.699606, "MINING_DISTRICT": "", "LOCATION_SOURCE": "Open File Report 90-18", "ASSAYS": "yes", "PRODUCTION": "yes", "COMMENTS": "Assays are in Bulletin 37. Production information is in Bulletin 37."}}, {"type": "Feature", "id": 967, "geometry": {"type": "Point", "coordinates": [-120.699108, 47.247409]}, "properties": {"OBJECTID": 967, "SITE_ID": 1861, "SITE_NAME": "Swauk Mining & Dredging Placer", "ALTERNATE_NAMES": "", "PRIMARY_COMMODITY": "Gold (Au)", "COMMODITIES": "Gold", "ORE_MINERALS": "", "GANGUE": "", "LOCATION_DESCRIPTION": "", "LEGAL_DESCRIPTION": "secs. 3 and 10, T20N, R17E", "LOCATION_ACCURACY": "coordinates estimated from legal description", "COUNTY": "Kittitas", "LATITUDE": 47.2474091224225, "LONGITUDE": -120.699108439141, "MINING_DISTRICT": "", "LOCATION_SOURCE": "Bulletin 37", "ASSAYS": "yes", "PRODUCTION": "yes", "COMMENTS": "Assays are in Bulletin 37. Production information is in Bulletin 37."}}, {"type": "Feature", "id": 968, "geometry": {"type": "Point", "coordinates": [-120.807047, 47.22554]}, "properties": {"OBJECTID": 968, "SITE_ID": 1862, "SITE_NAME": "Teanaway River Placers", "ALTERNATE_NAMES": "", "PRIMARY_COMMODITY": "Gold (Au)", "COMMODITIES": "Gold", "ORE_MINERALS": "", "GANGUE": "", "LOCATION_DESCRIPTION": "Along Teanaway River", "LEGAL_DESCRIPTION": "", "LOCATION_ACCURACY": "coordinates estimated from location description", "COUNTY": "Kittitas", "LATITUDE": 47.2255395963155, "LONGITUDE": -120.807047228071, "MINING_DISTRICT": "", "LOCATION_SOURCE": "Bulletin 37", "ASSAYS": "", "PRODUCTION": "yes", "COMMENTS": "Production information is in OFR 90-18."}}, {"type": "Feature", "id": 969, "geometry": {"type": "Point", "coordinates": [-120.672989, 47.269617]}, "properties": {"OBJECTID": 969, "SITE_ID": 1864, "SITE_NAME": "Weninger and Little May Placer", "ALTERNATE_NAMES": "Little May Placer, Weninger", "PRIMARY_COMMODITY": "Gold (Au)", "COMMODITIES": "Gold", "ORE_MINERALS": "", "GANGUE": "", "LOCATION_DESCRIPTION": "Liberty", "LEGAL_DESCRIPTION": "", "LOCATION_ACCURACY": "coordinates estimated from location description", "COUNTY": "Kittitas", "LATITUDE": 47.2696173917809, "LONGITUDE": -120.672989098455, "MINING_DISTRICT": "", "LOCATION_SOURCE": "Bulletin 37", "ASSAYS": "", "PRODUCTION": "yes", "COMMENTS": "Production information is in Bulletin 37."}}, {"type": "Feature", "id": 970, "geometry": {"type": "Point", "coordinates": [-120.682114, 47.245994]}, "properties": {"OBJECTID": 970, "SITE_ID": 1865, "SITE_NAME": "Williams Creek Placers", "ALTERNATE_NAMES": "", "PRIMARY_COMMODITY": "Gold (Au)", "COMMODITIES": "Gold", "ORE_MINERALS": "Gold", "GANGUE": "Sand, gravel", "LOCATION_DESCRIPTION": "Along Williams Creek near Liberty and at its junction with Swauk Creek", "LEGAL_DESCRIPTION": "", "LOCATION_ACCURACY": "generally from USGS 7.5-minute topographic map", "COUNTY": "Kittitas", "LATITUDE": 47.245994, "LONGITUDE": -120.682114, "MINING_DISTRICT": "", "LOCATION_SOURCE": "Open File Report 90-18", "ASSAYS": "", "PRODUCTION": "yes", "COMMENTS": "Production information is in Bulletin 37."}}, {"type": "Feature", "id": 971, "geometry": {"type": "Point", "coordinates": [-120.7281, 47.1328]}, "properties": {"OBJECTID": 971, "SITE_ID": 1866, "SITE_NAME": "Yakima River Placer", "ALTERNATE_NAMES": "", "PRIMARY_COMMODITY": "Gold (Au)", "COMMODITIES": "Gold", "ORE_MINERALS": "", "GANGUE": "", "LOCATION_DESCRIPTION": "", "LEGAL_DESCRIPTION": "secs. 20 and 21, T19N, R17E", "LOCATION_ACCURACY": "coordinate accuracy highly variable", "COUNTY": "Kittitas", "LATITUDE": 47.1328, "LONGITUDE": -120.7281, "MINING_DISTRICT": "", "LOCATION_SOURCE": "USGS MAS/MILS Database ", "ASSAYS": "", "PRODUCTION": "", "COMMENTS": ""}}, {"type": "Feature", "id": 1418, "geometry": {"type": "Point", "coordinates": [-120.659728, 47.42485]}, "properties": {"OBJECTID": 1418, "SITE_ID": 3872, "SITE_NAME": "Blewett camp", "ALTERNATE_NAMES": "Alta Vista, Black Jack, Blewett, Blue Bell, Culver, Eureka, Fraction, Golden Eagle, Hummingbird, La Rica, Lucky Queen, Manistee, North Star, Olden, Peshastin, Phipps, Pole Pick #1, Pole Pick No. 1, Prospect, Sandell, Tip Top, Wilder", "PRIMARY_COMMODITY": "Gold (Au)", "COMMODITIES": "Gold, silver, mercury, copper", "ORE_MINERALS": "Native gold, native copper, chalcopyrite, malachite, galena, stibnite, cinnabar, magnetite, hematite, chromite", "GANGUE": "", "LOCATION_DESCRIPTION": "Near Peshastin Creek", "LEGAL_DESCRIPTION": "SW 1/4 of sec. 1, T22N, R17E", "LOCATION_ACCURACY": "GPS coordinates", "COUNTY": "Chelan", "LATITUDE": 47.42485, "LONGITUDE": -120.659728, "MINING_DISTRICT": "Blewett", "LOCATION_SOURCE": "IAML Database ", "ASSAYS": "", "PRODUCTION": "yes", "COMMENTS": "Production information is in OFR 90-18."}}, {"type": "Feature", "id": 1419, "geometry": {"type": "Point", "coordinates": [-120.325153, 47.395622]}, "properties": {"OBJECTID": 1419, "SITE_ID": 3873, "SITE_NAME": "Cannon", "ALTERNATE_NAMES": "Asamera", "PRIMARY_COMMODITY": "Gold (Au)", "COMMODITIES": "Gold, silver, arsenic, selenium", "ORE_MINERALS": "Electrum, gold, pyrargyrite, naumannite, acanthite, aguilarite, chalcopyrite, stibnite, sphalerite, galena, hessite", "GANGUE": "Pyrite, arsenopyrite, marcasite, quartz, chalcedony, adularia, calcite; other alteration minerals include sericite, argillic minerals, potassium silicates,, chlorite", "LOCATION_DESCRIPTION": "On the W side of Squillchuck Creek", "LEGAL_DESCRIPTION": "NE 1/4 of the SW 1/4 of sec. 22, T22N, R20E", "LOCATION_ACCURACY": "GPS coordinates", "COUNTY": "Chelan", "LATITUDE": 47.395622, "LONGITUDE": -120.325153, "MINING_DISTRICT": "Wenatchee", "LOCATION_SOURCE": "IAML Database ", "ASSAYS": "", "PRODUCTION": "yes", "COMMENTS": "Production information is in OFR 90-18."}}, {"type": "Feature", "id": 1420, "geometry": {"type": "Point", "coordinates": [-120.315208, 47.382064]}, "properties": {"OBJECTID": 1420, "SITE_ID": 3875, "SITE_NAME": "Lovitt", "ALTERNATE_NAMES": "Gold King, Golden King, L-D, Squillchuck, Wenatchee", "PRIMARY_COMMODITY": "Gold (Au)", "COMMODITIES": "Gold, silver", "ORE_MINERALS": "Electrum, native gold, pyrargyrite, naumannite, acanthite, aguilarite, chalcopyrite, stibnite, sphalerite, galena, hessite", "GANGUE": "Pyrite, arsenopyrite, marcasite, quartz, chalcedony, adularia, calcite, siderite; other alteration minerals include sericite, argillic minerals, potassium silicates,, chlorite", "LOCATION_DESCRIPTION": "On the W side of Squillchuck Creek", "LEGAL_DESCRIPTION": "NE 1/4 of the SW 1/4 of sec. 22, T22N, R20E", "LOCATION_ACCURACY": "GPS coordinates", "COUNTY": "Chelan", "LATITUDE": 47.382064, "LONGITUDE": -120.315208, "MINING_DISTRICT": "Wenatchee", "LOCATION_SOURCE": "IAML Database ", "ASSAYS": "yes", "PRODUCTION": "yes", "COMMENTS": "Assays are in the scanned files. Production information is in OFR 90-18."}}, {"type": "Feature", "id": 1421, "geometry": {"type": "Point", "coordinates": [-120.610408, 47.269861]}, "properties": {"OBJECTID": 1421, "SITE_ID": 3877, "SITE_NAME": "Francis Virdin Park", "ALTERNATE_NAMES": "", "PRIMARY_COMMODITY": "Gold (Au)", "COMMODITIES": "Gold, silver", "ORE_MINERALS": "Gold", "GANGUE": "Quartz, calcite", "LOCATION_DESCRIPTION": "", "LEGAL_DESCRIPTION": "NW 1/4 of sec. 32, T21N, R18E", "LOCATION_ACCURACY": "generally from USGS 7.5-minute topographic map", "COUNTY": "Kittitas", "LATITUDE": 47.269861, "LONGITUDE": -120.610408, "MINING_DISTRICT": "Swauk", "LOCATION_SOURCE": "Open File Report 90-18", "ASSAYS": "", "PRODUCTION": "yes", "COMMENTS": "Production information is in OFR 90-18."}}, {"type": "Feature", "id": 1431, "geometry": {"type": "Point", "coordinates": [-120.695, 47.492]}, "properties": {"OBJECTID": 1431, "SITE_ID": 3901, "SITE_NAME": "Blewett District", "ALTERNATE_NAMES": "", "PRIMARY_COMMODITY": "Gold (Au)", "COMMODITIES": "Gold", "ORE_MINERALS": "", "GANGUE": "", "LOCATION_DESCRIPTION": "", "LEGAL_DESCRIPTION": "", "LOCATION_ACCURACY": "mining district centroid", "COUNTY": "Chelan", "LATITUDE": 47.492, "LONGITUDE": -120.695, "MINING_DISTRICT": "Blewett", "LOCATION_SOURCE": "Washington metal mine files", "ASSAYS": "", "PRODUCTION": "", "COMMENTS": ""}}, {"type": "Feature", "id": 1450, "geometry": {"type": "Point", "coordinates": [-120.725, 47.2361]}, "properties": {"OBJECTID": 1450, "SITE_ID": 4001, "SITE_NAME": "Twisp Mining District", "ALTERNATE_NAMES": "Chloride District, Twisp District", "PRIMARY_COMMODITY": "Gold (Au)", "COMMODITIES": "Gold", "ORE_MINERALS": "", "GANGUE": "", "LOCATION_DESCRIPTION": "", "LEGAL_DESCRIPTION": "", "LOCATION_ACCURACY": "mining district centroid", "COUNTY": "", "LATITUDE": 47.2361, "LONGITUDE": -120.725, "MINING_DISTRICT": "Twisp", "LOCATION_SOURCE": "Mining in the Pacific Northwest", "ASSAYS": "", "PRODUCTION": "", "COMMENTS": ""}}]}