{
"type": "FeatureCollection",
"name": "blew_mrds",
"crs": { "type": "name", "properties": { "name": "urn:ogc:def:crs:OGC:1.3:CRS84" } },
"features": [
{ "type": "Feature", "properties": { "gml_id": "mrds.8751", "lowerCorner": "47.516490 -120.917850", "upperCorner": "47.516490 -120.917850", "dep_id": 10008994, "site_name": "Bald Eagle & Gray Eagle", "dev_stat": "Occurrence", "fips_code": "f53007", "huc_code": "h17020011", "quad_code": "q48122NEA4", "url": "https://mrdata.usgs.gov/mrds/show-mrds.php?dep_id=10008994", "code_list": "CU SB" }, "geometry": { "type": "Point", "coordinates": [ 47.51649, -120.91785 ] } },
{ "type": "Feature", "properties": { "gml_id": "mrds.8753", "lowerCorner": "47.512880 -120.983120", "upperCorner": "47.512880 -120.983120", "dep_id": 10008996, "site_name": "Humbug", "dev_stat": "Occurrence", "fips_code": "f53007", "huc_code": "h17020011", "quad_code": "q48122NEA4", "url": "https://mrdata.usgs.gov/mrds/show-mrds.php?dep_id=10008996", "code_list": "PB AG AU CU SB" }, "geometry": { "type": "Point", "coordinates": [ 47.51288, -120.98312 ] } },
{ "type": "Feature", "properties": { "gml_id": "mrds.8756", "lowerCorner": "47.510100 -120.987290", "upperCorner": "47.510100 -120.987290", "dep_id": 10008999, "site_name": "Silver Fiend", "dev_stat": "Occurrence", "fips_code": "f53007", "huc_code": "h17020011", "quad_code": "q48122NEA4", "url": "https://mrdata.usgs.gov/mrds/show-mrds.php?dep_id=10008999", "code_list": "PB AG AU CU SB" }, "geometry": { "type": "Point", "coordinates": [ 47.5101, -120.98729 ] } },
{ "type": "Feature", "properties": { "gml_id": "mrds.8758", "lowerCorner": "47.510380 -120.984240", "upperCorner": "47.510380 -120.984240", "dep_id": 10009001, "site_name": "White Star", "dev_stat": "Occurrence", "fips_code": "f53007", "huc_code": "h17020011", "quad_code": "q48122NEA4", "url": "https://mrdata.usgs.gov/mrds/show-mrds.php?dep_id=10009001", "code_list": "PB AG AU CU SB" }, "geometry": { "type": "Point", "coordinates": [ 47.51038, -120.98424 ] } },
{ "type": "Feature", "properties": { "gml_id": "mrds.8760", "lowerCorner": "47.511760 -120.984240", "upperCorner": "47.511760 -120.984240", "dep_id": 10009003, "site_name": "Snook & Ellen Prospects", "dev_stat": "Occurrence", "fips_code": "f53007", "huc_code": "h17020011", "quad_code": "q48122NEA4", "url": "https://mrdata.usgs.gov/mrds/show-mrds.php?dep_id=10009003", "code_list": "ZN AU AG PB SB AS NI" }, "geometry": { "type": "Point", "coordinates": [ 47.51176, -120.98424 ] } },
{ "type": "Feature", "properties": { "gml_id": "mrds.35739", "lowerCorner": "47.441490 -120.983680", "upperCorner": "47.441490 -120.983680", "dep_id": 10036895, "site_name": "Mount Hawkins Mine", "dev_stat": "Past Producer", "fips_code": "f53037", "huc_code": "h17030001", "quad_code": "q48122SEA1", "url": "https://mrdata.usgs.gov/mrds/show-mrds.php?dep_id=10036895", "code_list": "CR" }, "geometry": { "type": "Point", "coordinates": [ 47.44149, -120.98368 ] } },
{ "type": "Feature", "properties": { "gml_id": "mrds.35740", "lowerCorner": "47.405100 -120.838120", "upperCorner": "47.405100 -120.838120", "dep_id": 10036896, "site_name": "Standup Creek Prospect", "dev_stat": "Occurrence", "fips_code": "f53037", "huc_code": "h17030001", "quad_code": "q48122SEB1", "url": "https://mrdata.usgs.gov/mrds/show-mrds.php?dep_id=10036896", "code_list": "CR" }, "geometry": { "type": "Point", "coordinates": [ 47.4051, -120.83812 ] } },
{ "type": "Feature", "properties": { "gml_id": "mrds.35747", "lowerCorner": "47.436760 -120.861460", "upperCorner": "47.436760 -120.861460", "dep_id": 10036903, "site_name": "Grandview Prospect", "dev_stat": "Occurrence", "fips_code": "f53007", "huc_code": "h17020011", "quad_code": "q48122SEB1", "url": "https://mrdata.usgs.gov/mrds/show-mrds.php?dep_id=10036903", "code_list": "CU AG AU NI CR" }, "geometry": { "type": "Point", "coordinates": [ 47.43676, -120.86146 ] } },
{ "type": "Feature", "properties": { "gml_id": "mrds.35763", "lowerCorner": "47.403150 -120.856180", "upperCorner": "47.403150 -120.856180", "dep_id": 10036919, "site_name": "Bean Creek Deposit - Area 1", "dev_stat": "Occurrence", "fips_code": "f53037", "huc_code": "h17030001", "quad_code": "q48122SEB1", "url": "https://mrdata.usgs.gov/mrds/show-mrds.php?dep_id=10036919", "code_list": "FE NI CR" }, "geometry": { "type": "Point", "coordinates": [ 47.40315, -120.85618 ] } },
{ "type": "Feature", "properties": { "gml_id": "mrds.35764", "lowerCorner": "47.403150 -120.864510", "upperCorner": "47.403150 -120.864510", "dep_id": 10036920, "site_name": "Bean Creek Deposit - Area 2", "dev_stat": "Occurrence", "fips_code": "f53037", "huc_code": "h17030001", "quad_code": "q48122SEB1", "url": "https://mrdata.usgs.gov/mrds/show-mrds.php?dep_id=10036920", "code_list": "FE NI CR" }, "geometry": { "type": "Point", "coordinates": [ 47.40315, -120.86451 ] } },
{ "type": "Feature", "properties": { "gml_id": "mrds.35765", "lowerCorner": "47.405100 -120.889240", "upperCorner": "47.405100 -120.889240", "dep_id": 10036921, "site_name": "Iron Peak Deposits - Area 1", "dev_stat": "Occurrence", "fips_code": "f53037", "huc_code": "h17030001", "quad_code": "q48122SEA1", "url": "https://mrdata.usgs.gov/mrds/show-mrds.php?dep_id=10036921", "code_list": "FE NI CR" }, "geometry": { "type": "Point", "coordinates": [ 47.4051, -120.88924 ] } },
{ "type": "Feature", "properties": { "gml_id": "mrds.35766", "lowerCorner": "47.406490 -120.897850", "upperCorner": "47.406490 -120.897850", "dep_id": 10036922, "site_name": "Iron Peak Deposits - Area 2", "dev_stat": "Occurrence", "fips_code": "f53037", "huc_code": "h17030001", "quad_code": "q48122SEA1", "url": "https://mrdata.usgs.gov/mrds/show-mrds.php?dep_id=10036922", "code_list": "FE NI CR" }, "geometry": { "type": "Point", "coordinates": [ 47.40649, -120.89785 ] } },
{ "type": "Feature", "properties": { "gml_id": "mrds.35767", "lowerCorner": "47.407040 -120.909240", "upperCorner": "47.407040 -120.909240", "dep_id": 10036923, "site_name": "Iron Peak Deposits - Area 3", "dev_stat": "Occurrence", "fips_code": "f53037", "huc_code": "h17030001", "quad_code": "q48122SEA1", "url": "https://mrdata.usgs.gov/mrds/show-mrds.php?dep_id=10036923", "code_list": "FE NI CR" }, "geometry": { "type": "Point", "coordinates": [ 47.40704, -120.90924 ] } },
{ "type": "Feature", "properties": { "gml_id": "mrds.35768", "lowerCorner": "47.411760 -120.922570", "upperCorner": "47.411760 -120.922570", "dep_id": 10036924, "site_name": "Iron Peak Deposits - Area 5", "dev_stat": "Occurrence", "fips_code": "f53037", "huc_code": "h17030001", "quad_code": "q48122SEA1", "url": "https://mrdata.usgs.gov/mrds/show-mrds.php?dep_id=10036924", "code_list": "FE NI CR" }, "geometry": { "type": "Point", "coordinates": [ 47.41176, -120.92257 ] } },
{ "type": "Feature", "properties": { "gml_id": "mrds.35769", "lowerCorner": "47.413150 -120.930070", "upperCorner": "47.413150 -120.930070", "dep_id": 10036925, "site_name": "Iron Peak Deposits - Area 6", "dev_stat": "Occurrence", "fips_code": "f53037", "huc_code": "h17030001", "quad_code": "q48122SEA1", "url": "https://mrdata.usgs.gov/mrds/show-mrds.php?dep_id=10036925", "code_list": "FE NI CR" }, "geometry": { "type": "Point", "coordinates": [ 47.41315, -120.93007 ] } },
{ "type": "Feature", "properties": { "gml_id": "mrds.35770", "lowerCorner": "47.398990 -120.803960", "upperCorner": "47.398990 -120.803960", "dep_id": 10036926, "site_name": "Stafford Creek Deposits - Area 1", "dev_stat": "Occurrence", "fips_code": "f53037", "huc_code": "h17030001", "quad_code": "q48122SEB1", "url": "https://mrdata.usgs.gov/mrds/show-mrds.php?dep_id=10036926", "code_list": "FE NI CR" }, "geometry": { "type": "Point", "coordinates": [ 47.39899, -120.80396 ] } },
{ "type": "Feature", "properties": { "gml_id": "mrds.35771", "lowerCorner": "47.403430 -120.817850", "upperCorner": "47.403430 -120.817850", "dep_id": 10036927, "site_name": "Stafford Creek Deposits - Area 2", "dev_stat": "Occurrence", "fips_code": "f53037", "huc_code": "h17030001", "quad_code": "q48122SEB1", "url": "https://mrdata.usgs.gov/mrds/show-mrds.php?dep_id=10036927", "code_list": "FE NI CR" }, "geometry": { "type": "Point", "coordinates": [ 47.40343, -120.81785 ] } },
{ "type": "Feature", "properties": { "gml_id": "mrds.38946", "lowerCorner": "47.452500 -120.741390", "upperCorner": "47.452500 -120.741390", "dep_id": 10040154, "site_name": "Velma", "dev_stat": "Occurrence", "fips_code": "f53007", "huc_code": "h17020011", "quad_code": "q48122SEC1", "url": "https://mrdata.usgs.gov/mrds/show-mrds.php?dep_id=10040154", "code_list": "HG NI AU AG CU" }, "geometry": { "type": "Point", "coordinates": [ 47.4525, -120.74139 ] } },
{ "type": "Feature", "properties": { "gml_id": "mrds.38954", "lowerCorner": "47.458000 -120.749000", "upperCorner": "47.458000 -120.749000", "dep_id": 10040162, "site_name": "Bartlett", "dev_stat": "Occurrence", "fips_code": "f53007", "huc_code": "h17020011", "quad_code": "q48122SEC1", "url": "https://mrdata.usgs.gov/mrds/show-mrds.php?dep_id=10040162", "code_list": "HG" }, "geometry": { "type": "Point", "coordinates": [ 47.458, -120.749 ] } },
{ "type": "Feature", "properties": { "gml_id": "mrds.38956", "lowerCorner": "47.421940 -120.990280", "upperCorner": "47.421940 -120.990280", "dep_id": 10040164, "site_name": "Teanaway River", "dev_stat": "Occurrence", "fips_code": "f53037", "huc_code": "h17030001", "quad_code": "q48122SEA1", "url": "https://mrdata.usgs.gov/mrds/show-mrds.php?dep_id=10040164", "code_list": "HG" }, "geometry": { "type": "Point", "coordinates": [ 47.42194, -120.99028 ] } },
{ "type": "Feature", "properties": { "gml_id": "mrds.38957", "lowerCorner": "47.410930 -120.859440", "upperCorner": "47.410930 -120.859440", "dep_id": 10040165, "site_name": "Morning Glory", "dev_stat": "Occurrence", "fips_code": "f53037", "huc_code": "h17030001", "quad_code": "q48122SEB1", "url": "https://mrdata.usgs.gov/mrds/show-mrds.php?dep_id=10040165", "code_list": "HG" }, "geometry": { "type": "Point", "coordinates": [ 47.41093, -120.85944 ] } },
{ "type": "Feature", "properties": { "gml_id": "mrds.38958", "lowerCorner": "47.441200 -120.979440", "upperCorner": "47.441200 -120.979440", "dep_id": 10040166, "site_name": "Keystone", "dev_stat": "Occurrence", "fips_code": "f53037", "huc_code": "h17030001", "quad_code": "q48122SEA1", "url": "https://mrdata.usgs.gov/mrds/show-mrds.php?dep_id=10040166", "code_list": "HG NI AU" }, "geometry": { "type": "Point", "coordinates": [ 47.4412, -120.97944 ] } },
{ "type": "Feature", "properties": { "gml_id": "mrds.38963", "lowerCorner": "47.414170 -120.857500", "upperCorner": "47.414170 -120.857500", "dep_id": 10040171, "site_name": "Boulder Creek", "dev_stat": "Occurrence", "fips_code": "f53037", "huc_code": "h17030001", "quad_code": "q48122SEB1", "url": "https://mrdata.usgs.gov/mrds/show-mrds.php?dep_id=10040171", "code_list": "HG" }, "geometry": { "type": "Point", "coordinates": [ 47.41417, -120.8575 ] } },
{ "type": "Feature", "properties": { "gml_id": "mrds.38964", "lowerCorner": "47.411940 -120.860560", "upperCorner": "47.411940 -120.860560", "dep_id": 10040172, "site_name": "Big Thing", "dev_stat": "Occurrence", "fips_code": "f53037", "huc_code": "h17030001", "quad_code": "q48122SEB1", "url": "https://mrdata.usgs.gov/mrds/show-mrds.php?dep_id=10040172", "code_list": "HG" }, "geometry": { "type": "Point", "coordinates": [ 47.41194, -120.86056 ] } },
{ "type": "Feature", "properties": { "gml_id": "mrds.38965", "lowerCorner": "47.452780 -120.965000", "upperCorner": "47.452780 -120.965000", "dep_id": 10040173, "site_name": "Ben Nevis", "dev_stat": "Occurrence", "fips_code": "f53037", "huc_code": "h17030001", "quad_code": "q48122SEA1", "url": "https://mrdata.usgs.gov/mrds/show-mrds.php?dep_id=10040173", "code_list": "HG" }, "geometry": { "type": "Point", "coordinates": [ 47.45278, -120.965 ] } },
{ "type": "Feature", "properties": { "gml_id": "mrds.41134", "lowerCorner": "47.501210 -120.975070", "upperCorner": "47.501210 -120.975070", "dep_id": 10042397, "site_name": "Pickwick Mine", "dev_stat": "Past Producer", "fips_code": "f53007", "huc_code": "h17020011", "quad_code": "q48122NEA4", "url": "https://mrdata.usgs.gov/mrds/show-mrds.php?dep_id=10042397", "code_list": "CU AG AU NI MO W" }, "geometry": { "type": "Point", "coordinates": [ 47.50121, -120.97507 ] } },
{ "type": "Feature", "properties": { "gml_id": "mrds.127376", "lowerCorner": "47.507620 -120.975580", "upperCorner": "47.507620 -120.975580", "dep_id": 10130902, "site_name": "Ellen & Snook Prospect", "dev_stat": "Unknown", "fips_code": "f53007", "huc_code": "h17020011", "quad_code": "q48122NEA4", "url": "https://mrdata.usgs.gov/mrds/show-mrds.php?dep_id=10130902", "code_list": "SB AS CU AU" }, "geometry": { "type": "Point", "coordinates": [ 47.50762, -120.97558 ] } },
{ "type": "Feature", "properties": { "gml_id": "mrds.127684", "lowerCorner": "47.429220 -120.847280", "upperCorner": "47.429220 -120.847280", "dep_id": 10131212, "site_name": "Clean Sweep", "dev_stat": "Unknown", "fips_code": "f53007", "huc_code": "h17020011", "quad_code": "q48122SEB1", "url": "https://mrdata.usgs.gov/mrds/show-mrds.php?dep_id=10131212", "code_list": "CU AU AG" }, "geometry": { "type": "Point", "coordinates": [ 47.42922, -120.84728 ] } },
{ "type": "Feature", "properties": { "gml_id": "mrds.127834", "lowerCorner": "47.480920 -120.986180", "upperCorner": "47.480920 -120.986180", "dep_id": 10131363, "site_name": "Silver Bowl", "dev_stat": "Prospect", "fips_code": "f53037", "huc_code": "h17030001", "quad_code": "q48122SEA1", "url": "https://mrdata.usgs.gov/mrds/show-mrds.php?dep_id=10131363", "code_list": "AU CU AG" }, "geometry": { "type": "Point", "coordinates": [ 47.48092, -120.98618 ] } },
{ "type": "Feature", "properties": { "gml_id": "mrds.128289", "lowerCorner": "47.143420 -120.992880", "upperCorner": "47.143420 -120.992880", "dep_id": 10131828, "site_name": "Denney", "dev_stat": "Prospect", "fips_code": "f53037", "huc_code": "h17030001", "quad_code": "q48122SEA3", "url": "https://mrdata.usgs.gov/mrds/show-mrds.php?dep_id=10131828", "code_list": "MN" }, "geometry": { "type": "Point", "coordinates": [ 47.14342, -120.99288 ] } },
{ "type": "Feature", "properties": { "gml_id": "mrds.128517", "lowerCorner": "47.387920 -120.890880", "upperCorner": "47.387920 -120.890880", "dep_id": 10132057, "site_name": "Jordan & Brown Claims", "dev_stat": "Prospect", "fips_code": "f53037", "huc_code": "h17030001", "quad_code": "q48122SEA1", "url": "https://mrdata.usgs.gov/mrds/show-mrds.php?dep_id=10132057", "code_list": "FE CR NI" }, "geometry": { "type": "Point", "coordinates": [ 47.38792, -120.89088 ] } },
{ "type": "Feature", "properties": { "gml_id": "mrds.151433", "lowerCorner": "47.154820 -120.960580", "upperCorner": "47.154820 -120.960580", "dep_id": 10155552, "site_name": "Durrwachter", "dev_stat": "Prospect", "fips_code": "f53037", "huc_code": "h17030001", "quad_code": "q48122SEA3", "url": "https://mrdata.usgs.gov/mrds/show-mrds.php?dep_id=10155552", "code_list": "FE ABR_G" }, "geometry": { "type": "Point", "coordinates": [ 47.15482, -120.96058 ] } },
{ "type": "Feature", "properties": { "gml_id": "mrds.151608", "lowerCorner": "47.484820 -120.966180", "upperCorner": "47.484820 -120.966180", "dep_id": 10155729, "site_name": "Benita", "dev_stat": "Prospect", "fips_code": "f53037", "huc_code": "h17020011", "quad_code": "q48122SEA1", "url": "https://mrdata.usgs.gov/mrds/show-mrds.php?dep_id=10155729", "code_list": "CU AU AG" }, "geometry": { "type": "Point", "coordinates": [ 47.48482, -120.96618 ] } },
{ "type": "Feature", "properties": { "gml_id": "mrds.151655", "lowerCorner": "47.301720 -120.759470", "upperCorner": "47.301720 -120.759470", "dep_id": 10155777, "site_name": "Redtop-Cle Elum Lake Locality", "dev_stat": "Prospect", "fips_code": "f53037", "huc_code": "h17030001", "quad_code": "q48122SEB2", "url": "https://mrdata.usgs.gov/mrds/show-mrds.php?dep_id=10155777", "code_list": "GEM" }, "geometry": { "type": "Point", "coordinates": [ 47.30172, -120.75947 ] } },
{ "type": "Feature", "properties": { "gml_id": "mrds.152111", "lowerCorner": "47.440620 -120.990080", "upperCorner": "47.440620 -120.990080", "dep_id": 10156238, "site_name": "Boyles", "dev_stat": "Prospect", "fips_code": "f53037", "huc_code": "h17030001", "quad_code": "q48122SEA1", "url": "https://mrdata.usgs.gov/mrds/show-mrds.php?dep_id=10156238", "code_list": "CU AU AG" }, "geometry": { "type": "Point", "coordinates": [ 47.44062, -120.99008 ] } },
{ "type": "Feature", "properties": { "gml_id": "mrds.175086", "lowerCorner": "47.111220 -120.941470", "upperCorner": "47.111220 -120.941470", "dep_id": 10179779, "site_name": "Taneum Creek", "dev_stat": "Prospect", "fips_code": "f53037", "huc_code": "h17030001", "quad_code": "q48122SEA4", "url": "https://mrdata.usgs.gov/mrds/show-mrds.php?dep_id=10179779", "code_list": "GRF" }, "geometry": { "type": "Point", "coordinates": [ 47.11122, -120.94147 ] } },
{ "type": "Feature", "properties": { "gml_id": "mrds.175468", "lowerCorner": "47.428420 -120.824480", "upperCorner": "47.428420 -120.824480", "dep_id": 10180167, "site_name": "Starlite", "dev_stat": "Unknown", "fips_code": "f53007", "huc_code": "h17020011", "quad_code": "q48122SEB1", "url": "https://mrdata.usgs.gov/mrds/show-mrds.php?dep_id=10180167", "code_list": "NI CR AU" }, "geometry": { "type": "Point", "coordinates": [ 47.42842, -120.82448 ] } },
{ "type": "Feature", "properties": { "gml_id": "mrds.198437", "lowerCorner": "47.455420 -120.915080", "upperCorner": "47.455420 -120.915080", "dep_id": 10203673, "site_name": "Hope Lodie No 2", "dev_stat": "Occurrence", "fips_code": "f53007", "huc_code": "h17020011", "quad_code": "q48122SEA1", "url": "https://mrdata.usgs.gov/mrds/show-mrds.php?dep_id=10203673", "code_list": "CU NI" }, "geometry": { "type": "Point", "coordinates": [ 47.45542, -120.91508 ] } },
{ "type": "Feature", "properties": { "gml_id": "mrds.199118", "lowerCorner": "47.129220 -120.786170", "upperCorner": "47.129220 -120.786170", "dep_id": 10204358, "site_name": "Unnamed Pit", "dev_stat": "Past Producer", "fips_code": "f53037", "huc_code": "h17030001", "quad_code": "q48122SEB3", "url": "https://mrdata.usgs.gov/mrds/show-mrds.php?dep_id=10204358", "code_list": "SDG" }, "geometry": { "type": "Point", "coordinates": [ 47.12922, -120.78617 ] } },
{ "type": "Feature", "properties": { "gml_id": "mrds.199260", "lowerCorner": "47.291520 -120.959480", "upperCorner": "47.291520 -120.959480", "dep_id": 10204503, "site_name": "Cumby", "dev_stat": "Past Producer", "fips_code": "f53037", "huc_code": "h17030001", "quad_code": "q48122SEA2", "url": "https://mrdata.usgs.gov/mrds/show-mrds.php?dep_id=10204503", "code_list": "GEM" }, "geometry": { "type": "Point", "coordinates": [ 47.29152, -120.95948 ] } },
{ "type": "Feature", "properties": { "gml_id": "mrds.199679", "lowerCorner": "47.419220 -120.817880", "upperCorner": "47.419220 -120.817880", "dep_id": 10204924, "site_name": "Pass West of Navaho Peak", "dev_stat": "Prospect", "fips_code": "f53037", "huc_code": "h17020011", "quad_code": "q48122SEB1", "url": "https://mrdata.usgs.gov/mrds/show-mrds.php?dep_id=10204924", "code_list": "AU CU AG" }, "geometry": { "type": "Point", "coordinates": [ 47.41922, -120.81788 ] } },
{ "type": "Feature", "properties": { "gml_id": "mrds.199730", "lowerCorner": "47.392620 -120.815380", "upperCorner": "47.392620 -120.815380", "dep_id": 10204975, "site_name": "Stafford Creek Area 2", "dev_stat": "Prospect", "fips_code": "f53037", "huc_code": "h17030001", "quad_code": "q48122SEB1", "url": "https://mrdata.usgs.gov/mrds/show-mrds.php?dep_id=10204975", "code_list": "CR FE NI" }, "geometry": { "type": "Point", "coordinates": [ 47.39262, -120.81538 ] } },
{ "type": "Feature", "properties": { "gml_id": "mrds.221901", "lowerCorner": "47.501220 -120.976180", "upperCorner": "47.501220 -120.976180", "dep_id": 10227682, "site_name": "Silver Fiend", "dev_stat": "Prospect", "fips_code": "f53007", "huc_code": "h17020011", "quad_code": "q48122NEA4", "url": "https://mrdata.usgs.gov/mrds/show-mrds.php?dep_id=10227682", "code_list": "PB CU AU AG" }, "geometry": { "type": "Point", "coordinates": [ 47.50122, -120.97618 ] } },
{ "type": "Feature", "properties": { "gml_id": "mrds.221940", "lowerCorner": "47.417320 -120.792880", "upperCorner": "47.417320 -120.792880", "dep_id": 10227721, "site_name": "Nickel Plate", "dev_stat": "Occurrence", "fips_code": "f53007", "huc_code": "h17020011", "quad_code": "q48122SEB1", "url": "https://mrdata.usgs.gov/mrds/show-mrds.php?dep_id=10227721", "code_list": "AU NI" }, "geometry": { "type": "Point", "coordinates": [ 47.41732, -120.79288 ] } },
{ "type": "Feature", "properties": { "gml_id": "mrds.222212", "lowerCorner": "47.515120 -120.960880", "upperCorner": "47.515120 -120.960880", "dep_id": 10227995, "site_name": "Nevada & Excelsior", "dev_stat": "Prospect", "fips_code": "f53007", "huc_code": "h17020011", "quad_code": "q48122NEA4", "url": "https://mrdata.usgs.gov/mrds/show-mrds.php?dep_id=10227995", "code_list": "AU NI AG" }, "geometry": { "type": "Point", "coordinates": [ 47.51512, -120.96088 ] } },
{ "type": "Feature", "properties": { "gml_id": "mrds.222583", "lowerCorner": "47.389820 -120.805580", "upperCorner": "47.389820 -120.805580", "dep_id": 10228369, "site_name": "Stafford Creek Area 1", "dev_stat": "Prospect", "fips_code": "f53037", "huc_code": "h17030001", "quad_code": "q48122SEB1", "url": "https://mrdata.usgs.gov/mrds/show-mrds.php?dep_id=10228369", "code_list": "CR FE NI" }, "geometry": { "type": "Point", "coordinates": [ 47.38982, -120.80558 ] } },
{ "type": "Feature", "properties": { "gml_id": "mrds.222602", "lowerCorner": "47.404520 -120.851180", "upperCorner": "47.404520 -120.851180", "dep_id": 10228388, "site_name": "Bean Creek Area 1", "dev_stat": "Prospect", "fips_code": "f53037", "huc_code": "h17030001", "quad_code": "q48122SEB1", "url": "https://mrdata.usgs.gov/mrds/show-mrds.php?dep_id=10228388", "code_list": "CR FE NI" }, "geometry": { "type": "Point", "coordinates": [ 47.40452, -120.85118 ] } },
{ "type": "Feature", "properties": { "gml_id": "mrds.222786", "lowerCorner": "47.421520 -120.905880", "upperCorner": "47.421520 -120.905880", "dep_id": 10228573, "site_name": "Beverly-Eldorado Pass Prospect", "dev_stat": "Prospect", "fips_code": "f53037", "huc_code": "h17030001", "quad_code": "q48122SEA1", "url": "https://mrdata.usgs.gov/mrds/show-mrds.php?dep_id=10228573", "code_list": "NI CR" }, "geometry": { "type": "Point", "coordinates": [ 47.42152, -120.90588 ] } },
{ "type": "Feature", "properties": { "gml_id": "mrds.222827", "lowerCorner": "47.406220 -120.899780", "upperCorner": "47.406220 -120.899780", "dep_id": 10228614, "site_name": "Iron Peak Area 2", "dev_stat": "Prospect", "fips_code": "f53037", "huc_code": "h17030001", "quad_code": "q48122SEA1", "url": "https://mrdata.usgs.gov/mrds/show-mrds.php?dep_id=10228614", "code_list": "CR FE NI" }, "geometry": { "type": "Point", "coordinates": [ 47.40622, -120.89978 ] } },
{ "type": "Feature", "properties": { "gml_id": "mrds.222894", "lowerCorner": "47.412320 -120.915880", "upperCorner": "47.412320 -120.915880", "dep_id": 10228682, "site_name": "Iron Peak Area 4", "dev_stat": "Prospect", "fips_code": "f53037", "huc_code": "h17030001", "quad_code": "q48122SEA1", "url": "https://mrdata.usgs.gov/mrds/show-mrds.php?dep_id=10228682", "code_list": "CR FE NI" }, "geometry": { "type": "Point", "coordinates": [ 47.41232, -120.91588 ] } },
{ "type": "Feature", "properties": { "gml_id": "mrds.223243", "lowerCorner": "47.197020 -120.962280", "upperCorner": "47.197020 -120.962280", "dep_id": 10229034, "site_name": "Cle Elum Pit", "dev_stat": "Past Producer", "fips_code": "f53037", "huc_code": "h17030001", "quad_code": "q48122SEA3", "url": "https://mrdata.usgs.gov/mrds/show-mrds.php?dep_id=10229034", "code_list": "SDG" }, "geometry": { "type": "Point", "coordinates": [ 47.19702, -120.96228 ] } },
{ "type": "Feature", "properties": { "gml_id": "mrds.223250", "lowerCorner": "47.053120 -120.970070", "upperCorner": "47.053120 -120.970070", "dep_id": 10229042, "site_name": "Frost Mountain Pit", "dev_stat": "Past Producer", "fips_code": "f53037", "huc_code": "h17030001", "quad_code": "q48122SEA4", "url": "https://mrdata.usgs.gov/mrds/show-mrds.php?dep_id=10229042", "code_list": "SDG" }, "geometry": { "type": "Point", "coordinates": [ 47.05312, -120.97007 ] } },
{ "type": "Feature", "properties": { "gml_id": "mrds.246682", "lowerCorner": "47.444820 -120.978980", "upperCorner": "47.444820 -120.978980", "dep_id": 10253056, "site_name": "Johnson", "dev_stat": "Prospect", "fips_code": "f53037", "huc_code": "h17030001", "quad_code": "q48122SEA1", "url": "https://mrdata.usgs.gov/mrds/show-mrds.php?dep_id=10253056", "code_list": "CU" }, "geometry": { "type": "Point", "coordinates": [ 47.44482, -120.97898 ] } },
{ "type": "Feature", "properties": { "gml_id": "mrds.246798", "lowerCorner": "47.609520 -120.899780", "upperCorner": "47.609520 -120.899780", "dep_id": 10253173, "site_name": "Addie No. 1", "dev_stat": "Occurrence", "fips_code": "f53007", "huc_code": "h17020011", "quad_code": "q48122NEA4", "url": "https://mrdata.usgs.gov/mrds/show-mrds.php?dep_id=10253173", "code_list": "AU" }, "geometry": { "type": "Point", "coordinates": [ 47.60952, -120.89978 ] } },
{ "type": "Feature", "properties": { "gml_id": "mrds.246843", "lowerCorner": "47.525420 -120.952280", "upperCorner": "47.525420 -120.952280", "dep_id": 10253219, "site_name": "Blind Lead", "dev_stat": "Occurrence", "fips_code": "f53007", "huc_code": "h17020011", "quad_code": "q48122NEA4", "url": "https://mrdata.usgs.gov/mrds/show-mrds.php?dep_id=10253219", "code_list": "AU" }, "geometry": { "type": "Point", "coordinates": [ 47.52542, -120.95228 ] } },
{ "type": "Feature", "properties": { "gml_id": "mrds.246908", "lowerCorner": "47.499820 -120.967880", "upperCorner": "47.499820 -120.967880", "dep_id": 10253285, "site_name": "White Star", "dev_stat": "Prospect", "fips_code": "f53007", "huc_code": "h17020011", "quad_code": "q48122SEA1", "url": "https://mrdata.usgs.gov/mrds/show-mrds.php?dep_id=10253285", "code_list": "CU PB AU AG" }, "geometry": { "type": "Point", "coordinates": [ 47.49982, -120.96788 ] } },
{ "type": "Feature", "properties": { "gml_id": "mrds.250015", "lowerCorner": "47.144020 -120.796970", "upperCorner": "47.144020 -120.796970", "dep_id": 10256501, "site_name": "Dubinsky Quarry", "dev_stat": "Past Producer", "fips_code": "f53037", "huc_code": "h17030001", "quad_code": "q48122SEB3", "url": "https://mrdata.usgs.gov/mrds/show-mrds.php?dep_id=10256501", "code_list": "STN_C" }, "geometry": { "type": "Point", "coordinates": [ 47.14402, -120.79697 ] } },
{ "type": "Feature", "properties": { "gml_id": "mrds.270184", "lowerCorner": "47.191720 -120.966180", "upperCorner": "47.191720 -120.966180", "dep_id": 10277113, "site_name": "Unnamed Pit", "dev_stat": "Past Producer", "fips_code": "f53037", "huc_code": "h17030001", "quad_code": "q48122SEA3", "url": "https://mrdata.usgs.gov/mrds/show-mrds.php?dep_id=10277113", "code_list": "SDG" }, "geometry": { "type": "Point", "coordinates": [ 47.19172, -120.96618 ] } },
{ "type": "Feature", "properties": { "gml_id": "mrds.270206", "lowerCorner": "47.194520 -120.788670", "upperCorner": "47.194520 -120.788670", "dep_id": 10277135, "site_name": "Cooper Pit", "dev_stat": "Past Producer", "fips_code": "f53037", "huc_code": "h17030001", "quad_code": "q48122SEB3", "url": "https://mrdata.usgs.gov/mrds/show-mrds.php?dep_id=10277135", "code_list": "SDG" }, "geometry": { "type": "Point", "coordinates": [ 47.19452, -120.78867 ] } },
{ "type": "Feature", "properties": { "gml_id": "mrds.270599", "lowerCorner": "47.431220 -120.941980", "upperCorner": "47.431220 -120.941980", "dep_id": 10277535, "site_name": "Beautiful Snow", "dev_stat": "Prospect", "fips_code": "f53037", "huc_code": "h17030001", "quad_code": "q48122SEA1", "url": "https://mrdata.usgs.gov/mrds/show-mrds.php?dep_id=10277535", "code_list": "AU AG" }, "geometry": { "type": "Point", "coordinates": [ 47.43122, -120.94198 ] } },
{ "type": "Feature", "properties": { "gml_id": "mrds.270719", "lowerCorner": "47.440620 -120.990080", "upperCorner": "47.440620 -120.990080", "dep_id": 10277656, "site_name": "Crown Copper", "dev_stat": "Prospect", "fips_code": "f53037", "huc_code": "h17030001", "quad_code": "q48122SEA1", "url": "https://mrdata.usgs.gov/mrds/show-mrds.php?dep_id=10277656", "code_list": "CU AU NI AG" }, "geometry": { "type": "Point", "coordinates": [ 47.44062, -120.99008 ] } },
{ "type": "Feature", "properties": { "gml_id": "mrds.274450", "lowerCorner": "47.152920 -120.914770", "upperCorner": "47.152920 -120.914770", "dep_id": 10281499, "site_name": "Denny     Assigned To Pittsburg", "dev_stat": "Prospect", "fips_code": "f53037", "huc_code": "h17030001", "quad_code": "q48122SEA3", "url": "https://mrdata.usgs.gov/mrds/show-mrds.php?dep_id=10281499", "code_list": "MN" }, "geometry": { "type": "Point", "coordinates": [ 47.15292, -120.91477 ] } },
{ "type": "Feature", "properties": { "gml_id": "mrds.293503", "lowerCorner": "47.417920 -120.796180", "upperCorner": "47.417920 -120.796180", "dep_id": 10300985, "site_name": "Bonanza & Deadwood", "dev_stat": "Prospect", "fips_code": "f53007", "huc_code": "h17020011", "quad_code": "q48122SEB1", "url": "https://mrdata.usgs.gov/mrds/show-mrds.php?dep_id=10300985", "code_list": "AU NI" }, "geometry": { "type": "Point", "coordinates": [ 47.41792, -120.79618 ] } },
{ "type": "Feature", "properties": { "gml_id": "mrds.293622", "lowerCorner": "47.502020 -120.981980", "upperCorner": "47.502020 -120.981980", "dep_id": 10301104, "site_name": "King Solomon", "dev_stat": "Prospect", "fips_code": "f53007", "huc_code": "h17020011", "quad_code": "q48122NEA4", "url": "https://mrdata.usgs.gov/mrds/show-mrds.php?dep_id=10301104", "code_list": "CU AU AG" }, "geometry": { "type": "Point", "coordinates": [ 47.50202, -120.98198 ] } },
{ "type": "Feature", "properties": { "gml_id": "mrds.293952", "lowerCorner": "47.387920 -120.890880", "upperCorner": "47.387920 -120.890880", "dep_id": 10301434, "site_name": "Iron Peak Area 1", "dev_stat": "Prospect", "fips_code": "f53037", "huc_code": "h17030001", "quad_code": "q48122SEA1", "url": "https://mrdata.usgs.gov/mrds/show-mrds.php?dep_id=10301434", "code_list": "CR FE NI" }, "geometry": { "type": "Point", "coordinates": [ 47.38792, -120.89088 ] } },
{ "type": "Feature", "properties": { "gml_id": "mrds.293958", "lowerCorner": "47.412620 -120.920080", "upperCorner": "47.412620 -120.920080", "dep_id": 10301440, "site_name": "Iron Peak Area 5", "dev_stat": "Prospect", "fips_code": "f53037", "huc_code": "h17030001", "quad_code": "q48122SEA1", "url": "https://mrdata.usgs.gov/mrds/show-mrds.php?dep_id=10301440", "code_list": "CR FE NI" }, "geometry": { "type": "Point", "coordinates": [ 47.41262, -120.92008 ] } },
{ "type": "Feature", "properties": { "gml_id": "mrds.294005", "lowerCorner": "47.183720 -120.940380", "upperCorner": "47.183720 -120.940380", "dep_id": 10301487, "site_name": "Unnamed Quarry", "dev_stat": "Past Producer", "fips_code": "f53037", "huc_code": "h17030001", "quad_code": "q48122SEA3", "url": "https://mrdata.usgs.gov/mrds/show-mrds.php?dep_id=10301487", "code_list": "SDG" }, "geometry": { "type": "Point", "coordinates": [ 47.18372, -120.94038 ] } },
{ "type": "Feature", "properties": { "gml_id": "mrds.294331", "lowerCorner": "47.552920 -120.771980", "upperCorner": "47.552920 -120.771980", "dep_id": 10301817, "site_name": "Bubbly Ranch", "dev_stat": "Unknown", "fips_code": "f53007", "huc_code": "h17020011", "quad_code": "q48122NEB4", "url": "https://mrdata.usgs.gov/mrds/show-mrds.php?dep_id=10301817", "code_list": "AU ABR_G" }, "geometry": { "type": "Point", "coordinates": [ 47.55292, -120.77198 ] } },
{ "type": "Feature", "properties": { "gml_id": "mrds.294349", "lowerCorner": "47.405120 -120.838080", "upperCorner": "47.405120 -120.838080", "dep_id": 10301835, "site_name": "Standup Creek", "dev_stat": "Occurrence", "fips_code": "f53037", "huc_code": "h17030001", "quad_code": "q48122SEB1", "url": "https://mrdata.usgs.gov/mrds/show-mrds.php?dep_id=10301835", "code_list": "CR" }, "geometry": { "type": "Point", "coordinates": [ 47.40512, -120.83808 ] } },
{ "type": "Feature", "properties": { "gml_id": "mrds.294403", "lowerCorner": "47.113720 -120.933370", "upperCorner": "47.113720 -120.933370", "dep_id": 10301889, "site_name": "Taneum Creek", "dev_stat": "Occurrence", "fips_code": "f53037", "huc_code": "h17030001", "quad_code": "q48122SEA4", "url": "https://mrdata.usgs.gov/mrds/show-mrds.php?dep_id=10301889", "code_list": "CU" }, "geometry": { "type": "Point", "coordinates": [ 47.11372, -120.93337 ] } },
{ "type": "Feature", "properties": { "gml_id": "mrds.294532", "lowerCorner": "47.188720 -120.935880", "upperCorner": "47.188720 -120.935880", "dep_id": 10302019, "site_name": "Cle Elum Sand and Gravel", "dev_stat": "Producer", "fips_code": "f53037", "huc_code": "h17030001", "quad_code": "q48122SEA3", "url": "https://mrdata.usgs.gov/mrds/show-mrds.php?dep_id=10302019", "code_list": "CLY" }, "geometry": { "type": "Point", "coordinates": [ 47.18872, -120.93588 ] } },
{ "type": "Feature", "properties": { "gml_id": "mrds.198907", "lowerCorner": "47.397330 -120.340060", "upperCorner": "47.397330 -120.340060", "dep_id": 10204146, "site_name": "Squaw Saddle Clay Deposit", "dev_stat": "Occurrence", "fips_code": "f53007", "huc_code": "h17020010", "quad_code": "q48122SEF1", "url": "https://mrdata.usgs.gov/mrds/show-mrds.php?dep_id=10204146", "code_list": "AL" }, "geometry": { "type": "Point", "coordinates": [ 47.39733, -120.34006 ] } },
{ "type": "Feature", "properties": { "gml_id": "mrds.293545", "lowerCorner": "47.529520 -120.548070", "upperCorner": "47.529520 -120.548070", "dep_id": 10301027, "site_name": "Smith Pit", "dev_stat": "Past Producer", "fips_code": "f53007", "huc_code": "h17020011", "quad_code": "q48122NED4", "url": "https://mrdata.usgs.gov/mrds/show-mrds.php?dep_id=10301027", "code_list": "SDG" }, "geometry": { "type": "Point", "coordinates": [ 47.52952, -120.54807 ] } },
{ "type": "Feature", "properties": { "gml_id": "mrds.82655", "lowerCorner": "47.395390 -120.326440", "upperCorner": "47.395390 -120.326440", "dep_id": 10085026, "site_name": "Cannon Mine", "dev_stat": "Producer", "fips_code": "f53007", "huc_code": "h17020010", "quad_code": "q48122SEF1", "url": "https://mrdata.usgs.gov/mrds/show-mrds.php?dep_id=10085026", "code_list": "AU AG CU SB PB AS" }, "geometry": { "type": "Point", "coordinates": [ 47.39539, -120.32644 ] } },
{ "type": "Feature", "properties": { "gml_id": "mrds.47150", "lowerCorner": "47.598150 -120.650620", "upperCorner": "47.598150 -120.650620", "dep_id": 10048484, "site_name": "Leavenworth Placer", "dev_stat": "Occurrence", "fips_code": "f53007", "huc_code": "h17020011", "quad_code": "q48122NEC4", "url": "https://mrdata.usgs.gov/mrds/show-mrds.php?dep_id=10048484", "code_list": "PGE_PT" }, "geometry": { "type": "Point", "coordinates": [ 47.59815, -120.65062 ] } },
{ "type": "Feature", "properties": { "gml_id": "mrds.47275", "lowerCorner": "47.213430 -120.700890", "upperCorner": "47.213430 -120.700890", "dep_id": 10048612, "site_name": "Swauk Creek Placers", "dev_stat": "Occurrence", "fips_code": "f53037", "huc_code": "h17030001", "quad_code": "q48122SEC3", "url": "https://mrdata.usgs.gov/mrds/show-mrds.php?dep_id=10048612", "code_list": "AU" }, "geometry": { "type": "Point", "coordinates": [ 47.21343, -120.70089 ] } },
{ "type": "Feature", "properties": { "gml_id": "mrds.47277", "lowerCorner": "47.405650 -120.658110", "upperCorner": "47.405650 -120.658110", "dep_id": 10048615, "site_name": "Peshastin Creek Placers", "dev_stat": "Occurrence", "fips_code": "f53007", "huc_code": "h17020011", "quad_code": "q48122SEC1", "url": "https://mrdata.usgs.gov/mrds/show-mrds.php?dep_id=10048615", "code_list": "AU AG" }, "geometry": { "type": "Point", "coordinates": [ 47.40565, -120.65811 ] } },
{ "type": "Feature", "properties": { "gml_id": "mrds.47288", "lowerCorner": "47.269820 -120.611450", "upperCorner": "47.269820 -120.611450", "dep_id": 10048626, "site_name": "Francis Virdin Park", "dev_stat": "Occurrence", "fips_code": "f53037", "huc_code": "h17030001", "quad_code": "q48122SED2", "url": "https://mrdata.usgs.gov/mrds/show-mrds.php?dep_id=10048626", "code_list": "AU AG" }, "geometry": { "type": "Point", "coordinates": [ 47.26982, -120.61145 ] } },
{ "type": "Feature", "properties": { "gml_id": "mrds.47293", "lowerCorner": "47.288430 -120.625610", "upperCorner": "47.288430 -120.625610", "dep_id": 10048631, "site_name": "Wall Street", "dev_stat": "Occurrence", "fips_code": "f53037", "huc_code": "h17030001", "quad_code": "q48122SEC2", "url": "https://mrdata.usgs.gov/mrds/show-mrds.php?dep_id=10048631", "code_list": "AU" }, "geometry": { "type": "Point", "coordinates": [ 47.28843, -120.62561 ] } },
{ "type": "Feature", "properties": { "gml_id": "mrds.47322", "lowerCorner": "47.458440 -120.399230", "upperCorner": "47.458440 -120.399230", "dep_id": 10048661, "site_name": "Wallace", "dev_stat": "Prospect", "fips_code": "f53007", "huc_code": "h17020011", "quad_code": "q48122SEE1", "url": "https://mrdata.usgs.gov/mrds/show-mrds.php?dep_id=10048661", "code_list": "AU AG" }, "geometry": { "type": "Point", "coordinates": [ 47.45844, -120.39923 ] } },
{ "type": "Feature", "properties": { "gml_id": "mrds.54290", "lowerCorner": "47.392320 -120.659230", "upperCorner": "47.392320 -120.659230", "dep_id": 10055839, "site_name": "Blewett Iron", "dev_stat": "Occurrence", "fips_code": "f53007", "huc_code": "h17020011", "quad_code": "q48122SEC1", "url": "https://mrdata.usgs.gov/mrds/show-mrds.php?dep_id=10055839", "code_list": "FE NI CR" }, "geometry": { "type": "Point", "coordinates": [ 47.39232, -120.65923 ] } },
{ "type": "Feature", "properties": { "gml_id": "mrds.54291", "lowerCorner": "47.395390 -120.326440", "upperCorner": "47.395390 -120.326440", "dep_id": 10055841, "site_name": "Cannon", "dev_stat": "Past Producer", "fips_code": "f53007", "huc_code": "h17020010", "quad_code": "q48122SEF1", "url": "https://mrdata.usgs.gov/mrds/show-mrds.php?dep_id=10055841", "code_list": "AU AG" }, "geometry": { "type": "Point", "coordinates": [ 47.39539, -120.32644 ] } },
{ "type": "Feature", "properties": { "gml_id": "mrds.54293", "lowerCorner": "47.381770 -120.316440", "upperCorner": "47.381770 -120.316440", "dep_id": 10055844, "site_name": "Lovitt", "dev_stat": "Past Producer", "fips_code": "f53007", "huc_code": "h17020010", "quad_code": "q48122SEF1", "url": "https://mrdata.usgs.gov/mrds/show-mrds.php?dep_id=10055844", "code_list": "AU AG" }, "geometry": { "type": "Point", "coordinates": [ 47.38177, -120.31644 ] } },
{ "type": "Feature", "properties": { "gml_id": "mrds.54295", "lowerCorner": "47.442880 -120.666730", "upperCorner": "47.442880 -120.666730", "dep_id": 10055846, "site_name": "Negro Creek Placers", "dev_stat": "Past Producer", "fips_code": "f53007", "huc_code": "h17020011", "quad_code": "q48122SEC1", "url": "https://mrdata.usgs.gov/mrds/show-mrds.php?dep_id=10055846", "code_list": "AU CR PGE_PT" }, "geometry": { "type": "Point", "coordinates": [ 47.44288, -120.66673 ] } },
{ "type": "Feature", "properties": { "gml_id": "mrds.54387", "lowerCorner": "47.269820 -120.611450", "upperCorner": "47.269820 -120.611450", "dep_id": 10055943, "site_name": "Francis Virdin Park", "dev_stat": "Occurrence", "fips_code": "f53037", "huc_code": "h17030001", "quad_code": "q48122SED2", "url": "https://mrdata.usgs.gov/mrds/show-mrds.php?dep_id=10055943", "code_list": "AU AG" }, "geometry": { "type": "Point", "coordinates": [ 47.26982, -120.61145 ] } },
{ "type": "Feature", "properties": { "gml_id": "mrds.54388", "lowerCorner": "47.307880 -120.656730", "upperCorner": "47.307880 -120.656730", "dep_id": 10055944, "site_name": "Golden Fleece", "dev_stat": "Occurrence", "fips_code": "f53037", "huc_code": "h17030001", "quad_code": "q48122SEC2", "url": "https://mrdata.usgs.gov/mrds/show-mrds.php?dep_id=10055944", "code_list": "AU AG" }, "geometry": { "type": "Point", "coordinates": [ 47.30788, -120.65673 ] } },
{ "type": "Feature", "properties": { "gml_id": "mrds.54390", "lowerCorner": "47.296760 -120.641730", "upperCorner": "47.296760 -120.641730", "dep_id": 10055947, "site_name": "Liberty", "dev_stat": "Occurrence", "fips_code": "f53037", "huc_code": "h17030001", "quad_code": "q48122SEC2", "url": "https://mrdata.usgs.gov/mrds/show-mrds.php?dep_id=10055947", "code_list": "AU" }, "geometry": { "type": "Point", "coordinates": [ 47.29676, -120.64173 ] } },
{ "type": "Feature", "properties": { "gml_id": "mrds.54392", "lowerCorner": "47.257320 -120.647000", "upperCorner": "47.257320 -120.647000", "dep_id": 10055949, "site_name": "Mountain Daisy", "dev_stat": "Occurrence", "fips_code": "f53037", "huc_code": "h17030001", "quad_code": "q48122SEC2", "url": "https://mrdata.usgs.gov/mrds/show-mrds.php?dep_id=10055949", "code_list": "AU" }, "geometry": { "type": "Point", "coordinates": [ 47.25732, -120.647 ] } },
{ "type": "Feature", "properties": { "gml_id": "mrds.54395", "lowerCorner": "47.213430 -120.700890", "upperCorner": "47.213430 -120.700890", "dep_id": 10055953, "site_name": "Swauk Creek Placers", "dev_stat": "Occurrence", "fips_code": "f53037", "huc_code": "h17030001", "quad_code": "q48122SEC3", "url": "https://mrdata.usgs.gov/mrds/show-mrds.php?dep_id=10055953", "code_list": "AU" }, "geometry": { "type": "Point", "coordinates": [ 47.21343, -120.70089 ] } },
{ "type": "Feature", "properties": { "gml_id": "mrds.82697", "lowerCorner": "47.386340 -120.429450", "upperCorner": "47.386340 -120.429450", "dep_id": 10085069, "site_name": "Cannon Mine", "dev_stat": "Producer", "fips_code": "f53007", "huc_code": "h17020010", "quad_code": "q48122SEE1", "url": "https://mrdata.usgs.gov/mrds/show-mrds.php?dep_id=10085069", "code_list": "AU" }, "geometry": { "type": "Point", "coordinates": [ 47.38634, -120.42945 ] } },
{ "type": "Feature", "properties": { "gml_id": "mrds.90460", "lowerCorner": "47.441490 -120.983680", "upperCorner": "47.441490 -120.983680", "dep_id": 10093012, "site_name": "Mount Hawkins", "dev_stat": "Occurrence", "fips_code": "f53037", "huc_code": "h17030001", "quad_code": "q48122SEA1", "url": "https://mrdata.usgs.gov/mrds/show-mrds.php?dep_id=10093012", "code_list": "CR" }, "geometry": { "type": "Point", "coordinates": [ 47.44149, -120.98368 ] } },
{ "type": "Feature", "properties": { "gml_id": "mrds.93222", "lowerCorner": "47.281210 -120.640610", "upperCorner": "47.281210 -120.640610", "dep_id": 10095807, "site_name": "Flodine", "dev_stat": "Occurrence", "fips_code": "f53037", "huc_code": "h17030001", "quad_code": "q48122SEC2", "url": "https://mrdata.usgs.gov/mrds/show-mrds.php?dep_id=10095807", "code_list": "AU" }, "geometry": { "type": "Point", "coordinates": [ 47.28121, -120.64061 ] } },
{ "type": "Feature", "properties": { "gml_id": "mrds.127190", "lowerCorner": "47.585120 -120.691180", "upperCorner": "47.585120 -120.691180", "dep_id": 10130715, "site_name": "Leavenworth Placer", "dev_stat": "Occurrence", "fips_code": "f53007", "huc_code": "h17020011", "quad_code": "q48122NEC4", "url": "https://mrdata.usgs.gov/mrds/show-mrds.php?dep_id=10130715", "code_list": "AU" }, "geometry": { "type": "Point", "coordinates": [ 47.58512, -120.69118 ] } },
{ "type": "Feature", "properties": { "gml_id": "mrds.127207", "lowerCorner": "47.634520 -120.470570", "upperCorner": "47.634520 -120.470570", "dep_id": 10130732, "site_name": "Entiat Mtns A", "dev_stat": "Occurrence", "fips_code": "f53007", "huc_code": "h17020011", "quad_code": "q48122NEE3", "url": "https://mrdata.usgs.gov/mrds/show-mrds.php?dep_id=10130732", "code_list": "MG" }, "geometry": { "type": "Point", "coordinates": [ 47.63452, -120.47057 ] } },
{ "type": "Feature", "properties": { "gml_id": "mrds.127434", "lowerCorner": "47.422620 -120.667870", "upperCorner": "47.422620 -120.667870", "dep_id": 10130960, "site_name": "Sandell", "dev_stat": "Past Producer", "fips_code": "f53007", "huc_code": "h17020011", "quad_code": "q48122SEC1", "url": "https://mrdata.usgs.gov/mrds/show-mrds.php?dep_id=10130960", "code_list": "AU AS" }, "geometry": { "type": "Point", "coordinates": [ 47.42262, -120.66787 ] } },
{ "type": "Feature", "properties": { "gml_id": "mrds.127501", "lowerCorner": "47.481220 -120.585870", "upperCorner": "47.481220 -120.585870", "dep_id": 10131027, "site_name": "Amalgamated Gold Mines Co", "dev_stat": "Past Producer", "fips_code": "f53007", "huc_code": "h17020011", "quad_code": "q48122SED1", "url": "https://mrdata.usgs.gov/mrds/show-mrds.php?dep_id=10131027", "code_list": "AU AG" }, "geometry": { "type": "Point", "coordinates": [ 47.48122, -120.58587 ] } },
{ "type": "Feature", "properties": { "gml_id": "mrds.127567", "lowerCorner": "47.635930 -120.425370", "upperCorner": "47.635930 -120.425370", "dep_id": 10131094, "site_name": "Yankee Doodle", "dev_stat": "Prospect", "fips_code": "f53007", "huc_code": "h17020010", "quad_code": "q48122NEE3", "url": "https://mrdata.usgs.gov/mrds/show-mrds.php?dep_id=10131094", "code_list": "AU" }, "geometry": { "type": "Point", "coordinates": [ 47.63593, -120.42537 ] } },
{ "type": "Feature", "properties": { "gml_id": "mrds.127668", "lowerCorner": "47.605420 -120.656780", "upperCorner": "47.605420 -120.656780", "dep_id": 10131195, "site_name": "Barkee Pit", "dev_stat": "Past Producer", "fips_code": "f53007", "huc_code": "h17020011", "quad_code": "q48122NEC4", "url": "https://mrdata.usgs.gov/mrds/show-mrds.php?dep_id=10131195", "code_list": "SDG" }, "geometry": { "type": "Point", "coordinates": [ 47.60542, -120.65678 ] } },
{ "type": "Feature", "properties": { "gml_id": "mrds.127919", "lowerCorner": "47.444820 -120.978980", "upperCorner": "47.444820 -120.978980", "dep_id": 10131449, "site_name": "Denny Cobalt Prospect", "dev_stat": "Past Producer", "fips_code": "f53037", "huc_code": "h17030001", "quad_code": "q48122SEA1", "url": "https://mrdata.usgs.gov/mrds/show-mrds.php?dep_id=10131449", "code_list": "CU CO AU AG" }, "geometry": { "type": "Point", "coordinates": [ 47.44482, -120.97898 ] } },
{ "type": "Feature", "properties": { "gml_id": "mrds.128011", "lowerCorner": "47.075120 -120.488960", "upperCorner": "47.075120 -120.488960", "dep_id": 10131543, "site_name": "Stokes Pit", "dev_stat": "Past Producer", "fips_code": "f53037", "huc_code": "h17030001", "quad_code": "q48122SEE4", "url": "https://mrdata.usgs.gov/mrds/show-mrds.php?dep_id=10131543", "code_list": "SDG" }, "geometry": { "type": "Point", "coordinates": [ 47.07512, -120.48896 ] } },
{ "type": "Feature", "properties": { "gml_id": "mrds.128371", "lowerCorner": "47.229020 -120.994280", "upperCorner": "47.229020 -120.994280", "dep_id": 10131911, "site_name": "Roslyn-Cascade Mine Dump", "dev_stat": "Occurrence", "fips_code": "f53037", "huc_code": "h17030001", "quad_code": "q48122SEA3", "url": "https://mrdata.usgs.gov/mrds/show-mrds.php?dep_id=10131911", "code_list": "STN_C" }, "geometry": { "type": "Point", "coordinates": [ 47.22902, -120.99428 ] } },
{ "type": "Feature", "properties": { "gml_id": "mrds.151372", "lowerCorner": "47.435420 -120.644770", "upperCorner": "47.435420 -120.644770", "dep_id": 10155490, "site_name": "Crawford Placer", "dev_stat": "Past Producer", "fips_code": "f53007", "huc_code": "h17020011", "quad_code": "q48122SEC1", "url": "https://mrdata.usgs.gov/mrds/show-mrds.php?dep_id=10155490", "code_list": "AU" }, "geometry": { "type": "Point", "coordinates": [ 47.43542, -120.64477 ] } },
{ "type": "Feature", "properties": { "gml_id": "mrds.151439", "lowerCorner": "47.524220 -120.467870", "upperCorner": "47.524220 -120.467870", "dep_id": 10155558, "site_name": "Hughes Pit", "dev_stat": "Past Producer", "fips_code": "f53007", "huc_code": "h17020011", "quad_code": "q48122NEE4", "url": "https://mrdata.usgs.gov/mrds/show-mrds.php?dep_id=10155558", "code_list": "SDG" }, "geometry": { "type": "Point", "coordinates": [ 47.52422, -120.46787 ] } },
{ "type": "Feature", "properties": { "gml_id": "mrds.151485", "lowerCorner": "47.426220 -120.642270", "upperCorner": "47.426220 -120.642270", "dep_id": 10155605, "site_name": "Peak and Son Placer", "dev_stat": "Past Producer", "fips_code": "f53007", "huc_code": "h17020011", "quad_code": "q48122SEC1", "url": "https://mrdata.usgs.gov/mrds/show-mrds.php?dep_id=10155605", "code_list": "AU" }, "geometry": { "type": "Point", "coordinates": [ 47.42622, -120.64227 ] } },
{ "type": "Feature", "properties": { "gml_id": "mrds.151722", "lowerCorner": "47.320620 -120.693970", "upperCorner": "47.320620 -120.693970", "dep_id": 10155845, "site_name": "Mcdonough Nos 1 and 2", "dev_stat": "Prospect", "fips_code": "f53037", "huc_code": "h17030001", "quad_code": "q48122SEC2", "url": "https://mrdata.usgs.gov/mrds/show-mrds.php?dep_id=10155845", "code_list": "AU" }, "geometry": { "type": "Point", "coordinates": [ 47.32062, -120.69397 ] } },
{ "type": "Feature", "properties": { "gml_id": "mrds.151777", "lowerCorner": "47.275420 -120.543370", "upperCorner": "47.275420 -120.543370", "dep_id": 10155901, "site_name": "Naneum Creek Placer", "dev_stat": "Prospect", "fips_code": "f53037", "huc_code": "h17030001", "quad_code": "q48122SED2", "url": "https://mrdata.usgs.gov/mrds/show-mrds.php?dep_id=10155901", "code_list": "AU" }, "geometry": { "type": "Point", "coordinates": [ 47.27542, -120.54337 ] } },
{ "type": "Feature", "properties": { "gml_id": "mrds.151787", "lowerCorner": "47.402330 -120.300560", "upperCorner": "47.402330 -120.300560", "dep_id": 10155911, "site_name": "Unnamed Pit", "dev_stat": "Past Producer", "fips_code": "f53007", "huc_code": "h17020010", "quad_code": "q48122SEF1", "url": "https://mrdata.usgs.gov/mrds/show-mrds.php?dep_id=10155911", "code_list": "SDG" }, "geometry": { "type": "Point", "coordinates": [ 47.40233, -120.30056 ] } },
{ "type": "Feature", "properties": { "gml_id": "mrds.151888", "lowerCorner": "47.433130 -120.334460", "upperCorner": "47.433130 -120.334460", "dep_id": 10156014, "site_name": "Wenatchee Brick & Tile Co.", "dev_stat": "Past Producer", "fips_code": "f53007", "huc_code": "h17020010", "quad_code": "q48122SEF1", "url": "https://mrdata.usgs.gov/mrds/show-mrds.php?dep_id=10156014", "code_list": "CLY" }, "geometry": { "type": "Point", "coordinates": [ 47.43313, -120.33446 ] } },
{ "type": "Feature", "properties": { "gml_id": "mrds.152036", "lowerCorner": "47.427920 -120.695570", "upperCorner": "47.427920 -120.695570", "dep_id": 10156163, "site_name": "Leo", "dev_stat": "Prospect", "fips_code": "f53007", "huc_code": "h17020011", "quad_code": "q48122SEC1", "url": "https://mrdata.usgs.gov/mrds/show-mrds.php?dep_id=10156163", "code_list": "CU AU AG" }, "geometry": { "type": "Point", "coordinates": [ 47.42792, -120.69557 ] } },
{ "type": "Feature", "properties": { "gml_id": "mrds.152040", "lowerCorner": "47.255120 -120.696470", "upperCorner": "47.255120 -120.696470", "dep_id": 10156167, "site_name": "Cedar Creek Placer", "dev_stat": "Past Producer", "fips_code": "f53037", "huc_code": "h17030001", "quad_code": "q48122SEC2", "url": "https://mrdata.usgs.gov/mrds/show-mrds.php?dep_id=10156167", "code_list": "AU AG" }, "geometry": { "type": "Point", "coordinates": [ 47.25512, -120.69647 ] } },
{ "type": "Feature", "properties": { "gml_id": "mrds.152053", "lowerCorner": "47.632920 -120.528070", "upperCorner": "47.632920 -120.528070", "dep_id": 10156180, "site_name": "Dryden", "dev_stat": "Unknown", "fips_code": "f53007", "huc_code": "h17020011", "quad_code": "q48122NED3", "url": "https://mrdata.usgs.gov/mrds/show-mrds.php?dep_id=10156180", "code_list": "V" }, "geometry": { "type": "Point", "coordinates": [ 47.63292, -120.52807 ] } },
{ "type": "Feature", "properties": { "gml_id": "mrds.152085", "lowerCorner": "47.197020 -120.867870", "upperCorner": "47.197020 -120.867870", "dep_id": 10156212, "site_name": "Unnamed Pit", "dev_stat": "Past Producer", "fips_code": "f53037", "huc_code": "h17030001", "quad_code": "q48122SEB3", "url": "https://mrdata.usgs.gov/mrds/show-mrds.php?dep_id=10156212", "code_list": "SDG" }, "geometry": { "type": "Point", "coordinates": [ 47.19702, -120.86787 ] } },
{ "type": "Feature", "properties": { "gml_id": "mrds.155409", "lowerCorner": "47.385930 -120.334460", "upperCorner": "47.385930 -120.334460", "dep_id": 10159657, "site_name": "Wenatchee Silica Sand Quarry", "dev_stat": "Past Producer", "fips_code": "f53007", "huc_code": "h17020010", "quad_code": "q48122SEF1", "url": "https://mrdata.usgs.gov/mrds/show-mrds.php?dep_id=10159657", "code_list": "SIL" }, "geometry": { "type": "Point", "coordinates": [ 47.38593, -120.33446 ] } },
{ "type": "Feature", "properties": { "gml_id": "mrds.175108", "lowerCorner": "47.258720 -120.698670", "upperCorner": "47.258720 -120.698670", "dep_id": 10179801, "site_name": "Oro Fino Mine", "dev_stat": "Past Producer", "fips_code": "f53037", "huc_code": "h17030001", "quad_code": "q48122SEC2", "url": "https://mrdata.usgs.gov/mrds/show-mrds.php?dep_id=10179801", "code_list": "AU" }, "geometry": { "type": "Point", "coordinates": [ 47.25872, -120.69867 ] } },
{ "type": "Feature", "properties": { "gml_id": "mrds.175277", "lowerCorner": "47.430620 -120.665070", "upperCorner": "47.430620 -120.665070", "dep_id": 10179971, "site_name": "Simbach Placer", "dev_stat": "Past Producer", "fips_code": "f53007", "huc_code": "h17020011", "quad_code": "q48122SEC1", "url": "https://mrdata.usgs.gov/mrds/show-mrds.php?dep_id=10179971", "code_list": "AU" }, "geometry": { "type": "Point", "coordinates": [ 47.43062, -120.66507 ] } },
{ "type": "Feature", "properties": { "gml_id": "mrds.175318", "lowerCorner": "47.446220 -120.662870", "upperCorner": "47.446220 -120.662870", "dep_id": 10180013, "site_name": "Monarch", "dev_stat": "Prospect", "fips_code": "f53007", "huc_code": "h17020011", "quad_code": "q48122SEC1", "url": "https://mrdata.usgs.gov/mrds/show-mrds.php?dep_id=10180013", "code_list": "AU CO NI" }, "geometry": { "type": "Point", "coordinates": [ 47.44622, -120.66287 ] } },
{ "type": "Feature", "properties": { "gml_id": "mrds.175386", "lowerCorner": "47.113120 -120.719270", "upperCorner": "47.113120 -120.719270", "dep_id": 10180083, "site_name": "Perry Placer", "dev_stat": "Past Producer", "fips_code": "f53037", "huc_code": "h17030001", "quad_code": "q48122SEC4", "url": "https://mrdata.usgs.gov/mrds/show-mrds.php?dep_id=10180083", "code_list": "AU" }, "geometry": { "type": "Point", "coordinates": [ 47.11312, -120.71927 ] } },
{ "type": "Feature", "properties": { "gml_id": "mrds.175508", "lowerCorner": "47.179020 -120.970880", "upperCorner": "47.179020 -120.970880", "dep_id": 10180207, "site_name": "Cle Elum Pit", "dev_stat": "Past Producer", "fips_code": "f53037", "huc_code": "h17030001", "quad_code": "q48122SEA3", "url": "https://mrdata.usgs.gov/mrds/show-mrds.php?dep_id=10180207", "code_list": "SDG" }, "geometry": { "type": "Point", "coordinates": [ 47.17902, -120.97088 ] } },
{ "type": "Feature", "properties": { "gml_id": "mrds.175555", "lowerCorner": "47.398120 -120.649470", "upperCorner": "47.398120 -120.649470", "dep_id": 10180254, "site_name": "Dept of Highways", "dev_stat": "Unknown", "fips_code": "f53007", "huc_code": "h17020011", "quad_code": "q48122SEC1", "url": "https://mrdata.usgs.gov/mrds/show-mrds.php?dep_id=10180254", "code_list": "SDG" }, "geometry": { "type": "Point", "coordinates": [ 47.39812, -120.64947 ] } },
{ "type": "Feature", "properties": { "gml_id": "mrds.175590", "lowerCorner": "47.521220 -120.953980", "upperCorner": "47.521220 -120.953980", "dep_id": 10180289, "site_name": "Jack Creek", "dev_stat": "Unknown", "fips_code": "f53007", "huc_code": "h17020011", "quad_code": "q48122NEA4", "url": "https://mrdata.usgs.gov/mrds/show-mrds.php?dep_id=10180289", "code_list": "AU AG" }, "geometry": { "type": "Point", "coordinates": [ 47.52122, -120.95398 ] } },
{ "type": "Feature", "properties": { "gml_id": "mrds.175605", "lowerCorner": "47.257920 -120.696770", "upperCorner": "47.257920 -120.696770", "dep_id": 10180304, "site_name": "Nugget Placer", "dev_stat": "Past Producer", "fips_code": "f53037", "huc_code": "h17030001", "quad_code": "q48122SEC2", "url": "https://mrdata.usgs.gov/mrds/show-mrds.php?dep_id=10180304", "code_list": "AU" }, "geometry": { "type": "Point", "coordinates": [ 47.25792, -120.69677 ] } },
{ "type": "Feature", "properties": { "gml_id": "mrds.198238", "lowerCorner": "47.541520 -120.567870", "upperCorner": "47.541520 -120.567870", "dep_id": 10203473, "site_name": "Wednesday Placer", "dev_stat": "Past Producer", "fips_code": "f53007", "huc_code": "h17020011", "quad_code": "q48122NED4", "url": "https://mrdata.usgs.gov/mrds/show-mrds.php?dep_id=10203473", "code_list": "AU" }, "geometry": { "type": "Point", "coordinates": [ 47.54152, -120.56787 ] } },
{ "type": "Feature", "properties": { "gml_id": "mrds.198403", "lowerCorner": "47.434520 -120.688070", "upperCorner": "47.434520 -120.688070", "dep_id": 10203639, "site_name": "Golden Guinea", "dev_stat": "Prospect", "fips_code": "f53007", "huc_code": "h17020011", "quad_code": "q48122SEC1", "url": "https://mrdata.usgs.gov/mrds/show-mrds.php?dep_id=10203639", "code_list": "AU AG" }, "geometry": { "type": "Point", "coordinates": [ 47.43452, -120.68807 ] } },
{ "type": "Feature", "properties": { "gml_id": "mrds.198419", "lowerCorner": "47.460120 -120.903380", "upperCorner": "47.460120 -120.903380", "dep_id": 10203655, "site_name": "South Mount Stuart Workings", "dev_stat": "Occurrence", "fips_code": "f53007", "huc_code": "h17020011", "quad_code": "q48122SEA1", "url": "https://mrdata.usgs.gov/mrds/show-mrds.php?dep_id=10203655", "code_list": "AU CU AG" }, "geometry": { "type": "Point", "coordinates": [ 47.46012, -120.90338 ] } },
{ "type": "Feature", "properties": { "gml_id": "mrds.198724", "lowerCorner": "47.525120 -120.956480", "upperCorner": "47.525120 -120.956480", "dep_id": 10203961, "site_name": "Bald Eagle & Grey Eagle", "dev_stat": "Prospect", "fips_code": "f53007", "huc_code": "h17020011", "quad_code": "q48122NEA4", "url": "https://mrdata.usgs.gov/mrds/show-mrds.php?dep_id=10203961", "code_list": "CU SB" }, "geometry": { "type": "Point", "coordinates": [ 47.52512, -120.95648 ] } },
{ "type": "Feature", "properties": { "gml_id": "mrds.198725", "lowerCorner": "47.619830 -120.316170", "upperCorner": "47.619830 -120.316170", "dep_id": 10203962, "site_name": "Mills Canyon", "dev_stat": "Occurrence", "fips_code": "f53007", "huc_code": "h17020010", "quad_code": "q48122NEF4", "url": "https://mrdata.usgs.gov/mrds/show-mrds.php?dep_id=10203962", "code_list": "MG" }, "geometry": { "type": "Point", "coordinates": [ 47.61983, -120.31617 ] } },
{ "type": "Feature", "properties": { "gml_id": "mrds.198866", "lowerCorner": "47.617620 -120.683080", "upperCorner": "47.617620 -120.683080", "dep_id": 10204104, "site_name": "Black Republican", "dev_stat": "Unknown", "fips_code": "f53007", "huc_code": "h17020011", "quad_code": "q48122NEC4", "url": "https://mrdata.usgs.gov/mrds/show-mrds.php?dep_id=10204104", "code_list": "NB CO NI" }, "geometry": { "type": "Point", "coordinates": [ 47.61762, -120.68308 ] } },
{ "type": "Feature", "properties": { "gml_id": "mrds.199007", "lowerCorner": "47.429520 -120.508370", "upperCorner": "47.429520 -120.508370", "dep_id": 10204246, "site_name": "Mission Creek C", "dev_stat": "Occurrence", "fips_code": "f53007", "huc_code": "h17020011", "quad_code": "q48122SED1", "url": "https://mrdata.usgs.gov/mrds/show-mrds.php?dep_id=10204246", "code_list": "STN_C" }, "geometry": { "type": "Point", "coordinates": [ 47.42952, -120.50837 ] } },
{ "type": "Feature", "properties": { "gml_id": "mrds.199231", "lowerCorner": "47.287920 -120.634270", "upperCorner": "47.287920 -120.634270", "dep_id": 10204474, "site_name": "Wall Street", "dev_stat": "Past Producer", "fips_code": "f53037", "huc_code": "h17030001", "quad_code": "q48122SEC2", "url": "https://mrdata.usgs.gov/mrds/show-mrds.php?dep_id=10204474", "code_list": "AU" }, "geometry": { "type": "Point", "coordinates": [ 47.28792, -120.63427 ] } },
{ "type": "Feature", "properties": { "gml_id": "mrds.199373", "lowerCorner": "47.314520 -120.628670", "upperCorner": "47.314520 -120.628670", "dep_id": 10204618, "site_name": "Hurley Creek", "dev_stat": "Prospect", "fips_code": "f53037", "huc_code": "h17030001", "quad_code": "q48122SEC2", "url": "https://mrdata.usgs.gov/mrds/show-mrds.php?dep_id=10204618", "code_list": "AU" }, "geometry": { "type": "Point", "coordinates": [ 47.31452, -120.62867 ] } },
{ "type": "Feature", "properties": { "gml_id": "mrds.203165", "lowerCorner": "47.415120 -120.651170", "upperCorner": "47.415120 -120.651170", "dep_id": 10208528, "site_name": "Warrior General", "dev_stat": "Past Producer", "fips_code": "f53007", "huc_code": "h17020011", "quad_code": "q48122SEC1", "url": "https://mrdata.usgs.gov/mrds/show-mrds.php?dep_id=10208528", "code_list": "AU" }, "geometry": { "type": "Point", "coordinates": [ 47.41512, -120.65117 ] } },
{ "type": "Feature", "properties": { "gml_id": "mrds.221939", "lowerCorner": "47.519520 -120.495370", "upperCorner": "47.519520 -120.495370", "dep_id": 10227720, "site_name": "Unnamed Pit", "dev_stat": "Past Producer", "fips_code": "f53007", "huc_code": "h17020011", "quad_code": "q48122NEE4", "url": "https://mrdata.usgs.gov/mrds/show-mrds.php?dep_id=10227720", "code_list": "SDG" }, "geometry": { "type": "Point", "coordinates": [ 47.51952, -120.49537 ] } },
{ "type": "Feature", "properties": { "gml_id": "mrds.222100", "lowerCorner": "47.492930 -120.417870", "upperCorner": "47.492930 -120.417870", "dep_id": 10227883, "site_name": "Riverview Prospect", "dev_stat": "Occurrence", "fips_code": "f53007", "huc_code": "h17020011", "quad_code": "q48122SEE1", "url": "https://mrdata.usgs.gov/mrds/show-mrds.php?dep_id=10227883", "code_list": "CU" }, "geometry": { "type": "Point", "coordinates": [ 47.49293, -120.41787 ] } },
{ "type": "Feature", "properties": { "gml_id": "mrds.222109", "lowerCorner": "47.346730 -120.337860", "upperCorner": "47.346730 -120.337860", "dep_id": 10227892, "site_name": "Upper Squillchuck Cr. Clay Deposit", "dev_stat": "Occurrence", "fips_code": "f53007", "huc_code": "h17020010", "quad_code": "q48122SEF2", "url": "https://mrdata.usgs.gov/mrds/show-mrds.php?dep_id=10227892", "code_list": "AL" }, "geometry": { "type": "Point", "coordinates": [ 47.34673, -120.33786 ] } },
{ "type": "Feature", "properties": { "gml_id": "mrds.222174", "lowerCorner": "47.397920 -120.630370", "upperCorner": "47.397920 -120.630370", "dep_id": 10227957, "site_name": "Sunset Placer Claim", "dev_stat": "Unknown", "fips_code": "f53007", "huc_code": "h17020011", "quad_code": "q48122SEC1", "url": "https://mrdata.usgs.gov/mrds/show-mrds.php?dep_id=10227957", "code_list": "AU" }, "geometry": { "type": "Point", "coordinates": [ 47.39792, -120.63037 ] } },
{ "type": "Feature", "properties": { "gml_id": "mrds.222304", "lowerCorner": "47.607930 -120.428370", "upperCorner": "47.607930 -120.428370", "dep_id": 10228088, "site_name": "Swakane Creek Deposit", "dev_stat": "Occurrence", "fips_code": "f53007", "huc_code": "h17020010", "quad_code": "q48122NEE4", "url": "https://mrdata.usgs.gov/mrds/show-mrds.php?dep_id=10228088", "code_list": "ASB" }, "geometry": { "type": "Point", "coordinates": [ 47.60793, -120.42837 ] } },
{ "type": "Feature", "properties": { "gml_id": "mrds.222395", "lowerCorner": "47.382030 -120.316960", "upperCorner": "47.382030 -120.316960", "dep_id": 10228180, "site_name": "Golden King Mine", "dev_stat": "Past Producer", "fips_code": "f53007", "huc_code": "h17020010", "quad_code": "q48122SEF1", "url": "https://mrdata.usgs.gov/mrds/show-mrds.php?dep_id=10228180", "code_list": "AU AG" }, "geometry": { "type": "Point", "coordinates": [ 47.38203, -120.31696 ] } },
{ "type": "Feature", "properties": { "gml_id": "mrds.222412", "lowerCorner": "47.640120 -120.648380", "upperCorner": "47.640120 -120.648380", "dep_id": 10228197, "site_name": "Leavenworth", "dev_stat": "Prospect", "fips_code": "f53007", "huc_code": "h17020011", "quad_code": "q48122NEC3", "url": "https://mrdata.usgs.gov/mrds/show-mrds.php?dep_id=10228197", "code_list": "SDG SIL" }, "geometry": { "type": "Point", "coordinates": [ 47.64012, -120.64838 ] } },
{ "type": "Feature", "properties": { "gml_id": "mrds.222483", "lowerCorner": "47.433120 -120.656770", "upperCorner": "47.433120 -120.656770", "dep_id": 10228268, "site_name": "Solita Placer", "dev_stat": "Past Producer", "fips_code": "f53007", "huc_code": "h17020011", "quad_code": "q48122SEC1", "url": "https://mrdata.usgs.gov/mrds/show-mrds.php?dep_id=10228268", "code_list": "AU" }, "geometry": { "type": "Point", "coordinates": [ 47.43312, -120.65677 ] } },
{ "type": "Feature", "properties": { "gml_id": "mrds.222958", "lowerCorner": "47.267620 -120.713970", "upperCorner": "47.267620 -120.713970", "dep_id": 10228746, "site_name": "New Kitty Hawk", "dev_stat": "Prospect", "fips_code": "f53037", "huc_code": "h17030001", "quad_code": "q48122SEC2", "url": "https://mrdata.usgs.gov/mrds/show-mrds.php?dep_id=10228746", "code_list": "AU" }, "geometry": { "type": "Point", "coordinates": [ 47.26762, -120.71397 ] } },
{ "type": "Feature", "properties": { "gml_id": "mrds.222974", "lowerCorner": "47.285620 -120.635570", "upperCorner": "47.285620 -120.635570", "dep_id": 10228762, "site_name": "Cougar", "dev_stat": "Prospect", "fips_code": "f53037", "huc_code": "h17030001", "quad_code": "q48122SEC2", "url": "https://mrdata.usgs.gov/mrds/show-mrds.php?dep_id=10228762", "code_list": "AU" }, "geometry": { "type": "Point", "coordinates": [ 47.28562, -120.63557 ] } },
{ "type": "Feature", "properties": { "gml_id": "mrds.223090", "lowerCorner": "47.279020 -120.628970", "upperCorner": "47.279020 -120.628970", "dep_id": 10228879, "site_name": "True Fissure Gold", "dev_stat": "Occurrence", "fips_code": "f53037", "huc_code": "h17030001", "quad_code": "q48122SEC2", "url": "https://mrdata.usgs.gov/mrds/show-mrds.php?dep_id=10228879", "code_list": "AU" }, "geometry": { "type": "Point", "coordinates": [ 47.27902, -120.62897 ] } },
{ "type": "Feature", "properties": { "gml_id": "mrds.246182", "lowerCorner": "47.513420 -120.480370", "upperCorner": "47.513420 -120.480370", "dep_id": 10252548, "site_name": "Cashmere Pit", "dev_stat": "Past Producer", "fips_code": "f53007", "huc_code": "h17020011", "quad_code": "q48122NEE4", "url": "https://mrdata.usgs.gov/mrds/show-mrds.php?dep_id=10252548", "code_list": "SDG" }, "geometry": { "type": "Point", "coordinates": [ 47.51342, -120.48037 ] } },
{ "type": "Feature", "properties": { "gml_id": "mrds.246320", "lowerCorner": "47.415420 -120.933080", "upperCorner": "47.415420 -120.933080", "dep_id": 10252687, "site_name": "Iron Peak Area 7", "dev_stat": "Prospect", "fips_code": "f53037", "huc_code": "h17030001", "quad_code": "q48122SEA1", "url": "https://mrdata.usgs.gov/mrds/show-mrds.php?dep_id=10252687", "code_list": "CR FE NI" }, "geometry": { "type": "Point", "coordinates": [ 47.41542, -120.93308 ] } },
{ "type": "Feature", "properties": { "gml_id": "mrds.246405", "lowerCorner": "47.408120 -120.658070", "upperCorner": "47.408120 -120.658070", "dep_id": 10252772, "site_name": "Peshastin Creek Placers", "dev_stat": "Past Producer", "fips_code": "f53007", "huc_code": "h17020011", "quad_code": "q48122SEC1", "url": "https://mrdata.usgs.gov/mrds/show-mrds.php?dep_id=10252772", "code_list": "AU" }, "geometry": { "type": "Point", "coordinates": [ 47.40812, -120.65807 ] } },
{ "type": "Feature", "properties": { "gml_id": "mrds.246419", "lowerCorner": "47.472930 -120.420070", "upperCorner": "47.472930 -120.420070", "dep_id": 10252786, "site_name": "Monitor", "dev_stat": "Occurrence", "fips_code": "f53007", "huc_code": "h17020011", "quad_code": "q48122SEE1", "url": "https://mrdata.usgs.gov/mrds/show-mrds.php?dep_id=10252786", "code_list": "SN" }, "geometry": { "type": "Point", "coordinates": [ 47.47293, -120.42007 ] } },
{ "type": "Feature", "properties": { "gml_id": "mrds.246498", "lowerCorner": "47.248720 -120.639270", "upperCorner": "47.248720 -120.639270", "dep_id": 10252867, "site_name": "Mountain Beaver No. 1", "dev_stat": "Past Producer", "fips_code": "f53037", "huc_code": "h17030001", "quad_code": "q48122SEC3", "url": "https://mrdata.usgs.gov/mrds/show-mrds.php?dep_id=10252867", "code_list": "AU" }, "geometry": { "type": "Point", "coordinates": [ 47.24872, -120.63927 ] } },
{ "type": "Feature", "properties": { "gml_id": "mrds.246597", "lowerCorner": "47.517930 -120.410870", "upperCorner": "47.517930 -120.410870", "dep_id": 10252969, "site_name": "Mac Dougal Canyon", "dev_stat": "Past Producer", "fips_code": "f53007", "huc_code": "h17020011", "quad_code": "q48122NEE4", "url": "https://mrdata.usgs.gov/mrds/show-mrds.php?dep_id=10252969", "code_list": "PUM" }, "geometry": { "type": "Point", "coordinates": [ 47.51793, -120.41087 ] } },
{ "type": "Feature", "properties": { "gml_id": "mrds.246642", "lowerCorner": "47.426720 -120.721170", "upperCorner": "47.426720 -120.721170", "dep_id": 10253015, "site_name": "Ontario", "dev_stat": "Prospect", "fips_code": "f53007", "huc_code": "h17020011", "quad_code": "q48122SEC1", "url": "https://mrdata.usgs.gov/mrds/show-mrds.php?dep_id=10253015", "code_list": "AU CO CU NI" }, "geometry": { "type": "Point", "coordinates": [ 47.42672, -120.72117 ] } },
{ "type": "Feature", "properties": { "gml_id": "mrds.246664", "lowerCorner": "47.194220 -120.578960", "upperCorner": "47.194220 -120.578960", "dep_id": 10253037, "site_name": "Crystal Pit", "dev_stat": "Past Producer", "fips_code": "f53037", "huc_code": "h17030001", "quad_code": "q48122SED3", "url": "https://mrdata.usgs.gov/mrds/show-mrds.php?dep_id=10253037", "code_list": "STN_C" }, "geometry": { "type": "Point", "coordinates": [ 47.19422, -120.57896 ] } },
{ "type": "Feature", "properties": { "gml_id": "mrds.246888", "lowerCorner": "47.099820 -120.688670", "upperCorner": "47.099820 -120.688670", "dep_id": 10253265, "site_name": "Magpie Canyon Placer", "dev_stat": "Prospect", "fips_code": "f53037", "huc_code": "h17030001", "quad_code": "q48122SEC4", "url": "https://mrdata.usgs.gov/mrds/show-mrds.php?dep_id=10253265", "code_list": "AU" }, "geometry": { "type": "Point", "coordinates": [ 47.09982, -120.68867 ] } },
{ "type": "Feature", "properties": { "gml_id": "mrds.269354", "lowerCorner": "47.424220 -120.667870", "upperCorner": "47.424220 -120.667870", "dep_id": 10276277, "site_name": "Golden Eagle", "dev_stat": "Past Producer", "fips_code": "f53007", "huc_code": "h17020011", "quad_code": "q48122SEC1", "url": "https://mrdata.usgs.gov/mrds/show-mrds.php?dep_id=10276277", "code_list": "AU" }, "geometry": { "type": "Point", "coordinates": [ 47.42422, -120.66787 ] } },
{ "type": "Feature", "properties": { "gml_id": "mrds.269376", "lowerCorner": "47.445420 -120.662870", "upperCorner": "47.445420 -120.662870", "dep_id": 10276299, "site_name": "Red Butte", "dev_stat": "Prospect", "fips_code": "f53007", "huc_code": "h17020011", "quad_code": "q48122SEC1", "url": "https://mrdata.usgs.gov/mrds/show-mrds.php?dep_id=10276299", "code_list": "AU CO NI" }, "geometry": { "type": "Point", "coordinates": [ 47.44542, -120.66287 ] } },
{ "type": "Feature", "properties": { "gml_id": "mrds.269690", "lowerCorner": "47.432020 -120.678370", "upperCorner": "47.432020 -120.678370", "dep_id": 10276614, "site_name": "Olympia", "dev_stat": "Unknown", "fips_code": "f53007", "huc_code": "h17020011", "quad_code": "q48122SEC1", "url": "https://mrdata.usgs.gov/mrds/show-mrds.php?dep_id=10276614", "code_list": "AU AS CU" }, "geometry": { "type": "Point", "coordinates": [ 47.43202, -120.67837 ] } },
{ "type": "Feature", "properties": { "gml_id": "mrds.269745", "lowerCorner": "47.551520 -120.579770", "upperCorner": "47.551520 -120.579770", "dep_id": 10276669, "site_name": "Unnamed Pit", "dev_stat": "Past Producer", "fips_code": "f53007", "huc_code": "h17020011", "quad_code": "q48122NED4", "url": "https://mrdata.usgs.gov/mrds/show-mrds.php?dep_id=10276669", "code_list": "SDG" }, "geometry": { "type": "Point", "coordinates": [ 47.55152, -120.57977 ] } },
{ "type": "Feature", "properties": { "gml_id": "mrds.269858", "lowerCorner": "47.569820 -120.595570", "upperCorner": "47.569820 -120.595570", "dep_id": 10276782, "site_name": "Peshastin Pit", "dev_stat": "Past Producer", "fips_code": "f53007", "huc_code": "h17020011", "quad_code": "q48122NED4", "url": "https://mrdata.usgs.gov/mrds/show-mrds.php?dep_id=10276782", "code_list": "SDG" }, "geometry": { "type": "Point", "coordinates": [ 47.56982, -120.59557 ] } },
{ "type": "Feature", "properties": { "gml_id": "mrds.269950", "lowerCorner": "47.427020 -120.718670", "upperCorner": "47.427020 -120.718670", "dep_id": 10276876, "site_name": "Meridian", "dev_stat": "Occurrence", "fips_code": "f53007", "huc_code": "h17020011", "quad_code": "q48122SEC1", "url": "https://mrdata.usgs.gov/mrds/show-mrds.php?dep_id=10276876", "code_list": "AU CU NI AG" }, "geometry": { "type": "Point", "coordinates": [ 47.42702, -120.71867 ] } },
{ "type": "Feature", "properties": { "gml_id": "mrds.269952", "lowerCorner": "47.551520 -120.696780", "upperCorner": "47.551520 -120.696780", "dep_id": 10276878, "site_name": "Iclce Creek", "dev_stat": "Prospect", "fips_code": "f53007", "huc_code": "h17020011", "quad_code": "q48122NEC4", "url": "https://mrdata.usgs.gov/mrds/show-mrds.php?dep_id=10276878", "code_list": "ASB" }, "geometry": { "type": "Point", "coordinates": [ 47.55152, -120.69678 ] } },
{ "type": "Feature", "properties": { "gml_id": "mrds.270221", "lowerCorner": "47.442920 -120.980880", "upperCorner": "47.442920 -120.980880", "dep_id": 10277152, "site_name": "Skipper Chrome Mining Co.", "dev_stat": "Past Producer", "fips_code": "f53037", "huc_code": "h17030001", "quad_code": "q48122SEA1", "url": "https://mrdata.usgs.gov/mrds/show-mrds.php?dep_id=10277152", "code_list": "CR" }, "geometry": { "type": "Point", "coordinates": [ 47.44292, -120.98088 ] } },
{ "type": "Feature", "properties": { "gml_id": "mrds.270251", "lowerCorner": "47.283420 -120.648370", "upperCorner": "47.283420 -120.648370", "dep_id": 10277182, "site_name": "Cascade Chief", "dev_stat": "Past Producer", "fips_code": "f53037", "huc_code": "h17030001", "quad_code": "q48122SEC2", "url": "https://mrdata.usgs.gov/mrds/show-mrds.php?dep_id=10277182", "code_list": "AU" }, "geometry": { "type": "Point", "coordinates": [ 47.28342, -120.64837 ] } },
{ "type": "Feature", "properties": { "gml_id": "mrds.270271", "lowerCorner": "47.397920 -120.662270", "upperCorner": "47.397920 -120.662270", "dep_id": 10277202, "site_name": "Shaser Creek Claims", "dev_stat": "Prospect", "fips_code": "f53007", "huc_code": "h17020011", "quad_code": "q48122SEC1", "url": "https://mrdata.usgs.gov/mrds/show-mrds.php?dep_id=10277202", "code_list": "AU FE" }, "geometry": { "type": "Point", "coordinates": [ 47.39792, -120.66227 ] } },
{ "type": "Feature", "properties": { "gml_id": "mrds.270273", "lowerCorner": "47.483130 -120.405370", "upperCorner": "47.483130 -120.405370", "dep_id": 10277204, "site_name": "Monitor Pot", "dev_stat": "Past Producer", "fips_code": "f53007", "huc_code": "h17020011", "quad_code": "q48122SEE1", "url": "https://mrdata.usgs.gov/mrds/show-mrds.php?dep_id=10277204", "code_list": "SDG" }, "geometry": { "type": "Point", "coordinates": [ 47.48313, -120.40537 ] } },
{ "type": "Feature", "properties": { "gml_id": "mrds.270428", "lowerCorner": "47.396520 -120.653370", "upperCorner": "47.396520 -120.653370", "dep_id": 10277362, "site_name": "Blewett Pass Pitwash Nickel Alloy", "dev_stat": "Past Producer", "fips_code": "f53007", "huc_code": "h17020011", "quad_code": "q48122SEC1", "url": "https://mrdata.usgs.gov/mrds/show-mrds.php?dep_id=10277362", "code_list": "FE CR NI" }, "geometry": { "type": "Point", "coordinates": [ 47.39652, -120.65337 ] } },
{ "type": "Feature", "properties": { "gml_id": "mrds.270494", "lowerCorner": "47.236220 -120.693370", "upperCorner": "47.236220 -120.693370", "dep_id": 10277429, "site_name": "Washington", "dev_stat": "Prospect", "fips_code": "f53037", "huc_code": "h17030001", "quad_code": "q48122SEC3", "url": "https://mrdata.usgs.gov/mrds/show-mrds.php?dep_id=10277429", "code_list": "AU" }, "geometry": { "type": "Point", "coordinates": [ 47.23622, -120.69337 ] } },
{ "type": "Feature", "properties": { "gml_id": "mrds.293134", "lowerCorner": "47.431220 -120.689270", "upperCorner": "47.431220 -120.689270", "dep_id": 10300611, "site_name": "War Eagle", "dev_stat": "Prospect", "fips_code": "f53007", "huc_code": "h17020011", "quad_code": "q48122SEC1", "url": "https://mrdata.usgs.gov/mrds/show-mrds.php?dep_id=10300611", "code_list": "AU NI" }, "geometry": { "type": "Point", "coordinates": [ 47.43122, -120.68927 ] } },
{ "type": "Feature", "properties": { "gml_id": "mrds.293350", "lowerCorner": "47.410420 -120.674770", "upperCorner": "47.410420 -120.674770", "dep_id": 10300831, "site_name": "Gem", "dev_stat": "Prospect", "fips_code": "f53007", "huc_code": "h17020011", "quad_code": "q48122SEC1", "url": "https://mrdata.usgs.gov/mrds/show-mrds.php?dep_id=10300831", "code_list": "AU AG" }, "geometry": { "type": "Point", "coordinates": [ 47.41042, -120.67477 ] } },
{ "type": "Feature", "properties": { "gml_id": "mrds.293401", "lowerCorner": "47.420620 -120.655370", "upperCorner": "47.420620 -120.655370", "dep_id": 10300883, "site_name": "Eureka", "dev_stat": "Unknown", "fips_code": "f53007", "huc_code": "h17020011", "quad_code": "q48122SEC1", "url": "https://mrdata.usgs.gov/mrds/show-mrds.php?dep_id=10300883", "code_list": "AU" }, "geometry": { "type": "Point", "coordinates": [ 47.42062, -120.65537 ] } },
{ "type": "Feature", "properties": { "gml_id": "mrds.293884", "lowerCorner": "47.415920 -120.807280", "upperCorner": "47.415920 -120.807280", "dep_id": 10301366, "site_name": "South Navaho Peak", "dev_stat": "Prospect", "fips_code": "f53037", "huc_code": "h17020011", "quad_code": "q48122SEB1", "url": "https://mrdata.usgs.gov/mrds/show-mrds.php?dep_id=10301366", "code_list": "CU AU AG" }, "geometry": { "type": "Point", "coordinates": [ 47.41592, -120.80728 ] } },
{ "type": "Feature", "properties": { "gml_id": "mrds.294154", "lowerCorner": "47.251520 -120.699770", "upperCorner": "47.251520 -120.699770", "dep_id": 10301638, "site_name": "Burcham", "dev_stat": "Past Producer", "fips_code": "f53037", "huc_code": "h17030001", "quad_code": "q48122SEC2", "url": "https://mrdata.usgs.gov/mrds/show-mrds.php?dep_id=10301638", "code_list": "STN_C" }, "geometry": { "type": "Point", "coordinates": [ 47.25152, -120.69977 ] } },
{ "type": "Feature", "properties": { "gml_id": "mrds.294156", "lowerCorner": "47.560920 -120.571970", "upperCorner": "47.560920 -120.571970", "dep_id": 10301640, "site_name": "Unnamed Pit", "dev_stat": "Past Producer", "fips_code": "f53007", "huc_code": "h17020011", "quad_code": "q48122NED4", "url": "https://mrdata.usgs.gov/mrds/show-mrds.php?dep_id=10301640", "code_list": "SDG" }, "geometry": { "type": "Point", "coordinates": [ 47.56092, -120.57197 ] } },
{ "type": "Feature", "properties": { "gml_id": "mrds.294174", "lowerCorner": "47.422630 -120.324760", "upperCorner": "47.422630 -120.324760", "dep_id": 10301659, "site_name": "(Facility) Wenatchee Aluminum Smelter", "dev_stat": "Plant", "fips_code": "f53007", "huc_code": "h17020010", "quad_code": "q48122SEF1", "url": "https://mrdata.usgs.gov/mrds/show-mrds.php?dep_id=10301659", "code_list": "AL_C" }, "geometry": { "type": "Point", "coordinates": [ 47.42263, -120.32476 ] } },
{ "type": "Feature", "properties": { "gml_id": "mrds.294206", "lowerCorner": "47.524230 -120.351770", "upperCorner": "47.524230 -120.351770", "dep_id": 10301691, "site_name": "Burch Mountain No 2", "dev_stat": "Past Producer", "fips_code": "f53007", "huc_code": "h17020010", "quad_code": "q48122NEF4", "url": "https://mrdata.usgs.gov/mrds/show-mrds.php?dep_id=10301691", "code_list": "SIL" }, "geometry": { "type": "Point", "coordinates": [ 47.52423, -120.35177 ] } },
{ "type": "Feature", "properties": { "gml_id": "mrds.294279", "lowerCorner": "47.431220 -120.715570", "upperCorner": "47.431220 -120.715570", "dep_id": 10301764, "site_name": "Century 21", "dev_stat": "Occurrence", "fips_code": "f53007", "huc_code": "h17020011", "quad_code": "q48122SEC1", "url": "https://mrdata.usgs.gov/mrds/show-mrds.php?dep_id=10301764", "code_list": "CU AU NI AG" }, "geometry": { "type": "Point", "coordinates": [ 47.43122, -120.71557 ] } },
{ "type": "Feature", "properties": { "gml_id": "mrds.294290", "lowerCorner": "47.296520 -120.649270", "upperCorner": "47.296520 -120.649270", "dep_id": 10301775, "site_name": "Lion Gulch", "dev_stat": "Past Producer", "fips_code": "f53037", "huc_code": "h17030001", "quad_code": "q48122SEC2", "url": "https://mrdata.usgs.gov/mrds/show-mrds.php?dep_id=10301775", "code_list": "STN_F" }, "geometry": { "type": "Point", "coordinates": [ 47.29652, -120.64927 ] } },
{ "type": "Feature", "properties": { "gml_id": "mrds.294291", "lowerCorner": "47.249820 -120.630870", "upperCorner": "47.249820 -120.630870", "dep_id": 10301776, "site_name": "Clarence Jordin", "dev_stat": "Past Producer", "fips_code": "f53037", "huc_code": "h17030001", "quad_code": "q48122SEC3", "url": "https://mrdata.usgs.gov/mrds/show-mrds.php?dep_id=10301776", "code_list": "AU" }, "geometry": { "type": "Point", "coordinates": [ 47.24982, -120.63087 ] } },
{ "type": "Feature", "properties": { "gml_id": "mrds.294427", "lowerCorner": "47.512320 -120.979780", "upperCorner": "47.512320 -120.979780", "dep_id": 10301913, "site_name": "Chinook Mine", "dev_stat": "Unknown", "fips_code": "f53007", "huc_code": "h17020011", "quad_code": "q48122NEA4", "url": "https://mrdata.usgs.gov/mrds/show-mrds.php?dep_id=10301913", "code_list": "CU AU AG" }, "geometry": { "type": "Point", "coordinates": [ 47.51232, -120.97978 ] } },
{ "type": "Feature", "properties": { "gml_id": "mrds.269327", "lowerCorner": "47.382330 -120.318660", "upperCorner": "47.382330 -120.318660", "dep_id": 10276250, "site_name": "Brown Quarry", "dev_stat": "Past Producer", "fips_code": "f53007", "huc_code": "h17020010", "quad_code": "q48122SEF1", "url": "https://mrdata.usgs.gov/mrds/show-mrds.php?dep_id=10276250", "code_list": "SIL" }, "geometry": { "type": "Point", "coordinates": [ 47.38233, -120.31866 ] } },
{ "type": "Feature", "properties": { "gml_id": "mrds.127064", "lowerCorner": "47.463730 -120.377560", "upperCorner": "47.463730 -120.377560", "dep_id": 10130588, "site_name": "Shotwell Road", "dev_stat": "Occurrence", "fips_code": "f53007", "huc_code": "h17020011", "quad_code": "q48122SEE1", "url": "https://mrdata.usgs.gov/mrds/show-mrds.php?dep_id=10130588", "code_list": "STN_C" }, "geometry": { "type": "Point", "coordinates": [ 47.46373, -120.37756 ] } },
{ "type": "Feature", "properties": { "gml_id": "mrds.127258", "lowerCorner": "47.427620 -120.673370", "upperCorner": "47.427620 -120.673370", "dep_id": 10130784, "site_name": "Rainbow Nos 2 and 3", "dev_stat": "Occurrence", "fips_code": "f53007", "huc_code": "h17020011", "quad_code": "q48122SEC1", "url": "https://mrdata.usgs.gov/mrds/show-mrds.php?dep_id=10130784", "code_list": "AU" }, "geometry": { "type": "Point", "coordinates": [ 47.42762, -120.67337 ] } },
{ "type": "Feature", "properties": { "gml_id": "mrds.128012", "lowerCorner": "47.252320 -120.585070", "upperCorner": "47.252320 -120.585070", "dep_id": 10131544, "site_name": "Liberty", "dev_stat": "Occurrence", "fips_code": "f53037", "huc_code": "h17030001", "quad_code": "q48122SED2", "url": "https://mrdata.usgs.gov/mrds/show-mrds.php?dep_id=10131544", "code_list": "GEM" }, "geometry": { "type": "Point", "coordinates": [ 47.25232, -120.58507 ] } },
{ "type": "Feature", "properties": { "gml_id": "mrds.151384", "lowerCorner": "47.426220 -120.653070", "upperCorner": "47.426220 -120.653070", "dep_id": 10155502, "site_name": "Hazel", "dev_stat": "Occurrence", "fips_code": "f53007", "huc_code": "h17020011", "quad_code": "q48122SEC1", "url": "https://mrdata.usgs.gov/mrds/show-mrds.php?dep_id=10155502", "code_list": "AU" }, "geometry": { "type": "Point", "coordinates": [ 47.42622, -120.65307 ] } },
{ "type": "Feature", "properties": { "gml_id": "mrds.151527", "lowerCorner": "47.529520 -120.547570", "upperCorner": "47.529520 -120.547570", "dep_id": 10155647, "site_name": "Peshastin Pit", "dev_stat": "Past Producer", "fips_code": "f53007", "huc_code": "h17020011", "quad_code": "q48122NED4", "url": "https://mrdata.usgs.gov/mrds/show-mrds.php?dep_id=10155647", "code_list": "SDG" }, "geometry": { "type": "Point", "coordinates": [ 47.52952, -120.54757 ] } },
{ "type": "Feature", "properties": { "gml_id": "mrds.151618", "lowerCorner": "47.429820 -120.706470", "upperCorner": "47.429820 -120.706470", "dep_id": 10155739, "site_name": "Caldo Prospect", "dev_stat": "Prospect", "fips_code": "f53007", "huc_code": "h17020011", "quad_code": "q48122SEC1", "url": "https://mrdata.usgs.gov/mrds/show-mrds.php?dep_id=10155739", "code_list": "MIC AU AG" }, "geometry": { "type": "Point", "coordinates": [ 47.42982, -120.70647 ] } },
{ "type": "Feature", "properties": { "gml_id": "mrds.151740", "lowerCorner": "47.423720 -120.669770", "upperCorner": "47.423720 -120.669770", "dep_id": 10155863, "site_name": "North Star", "dev_stat": "Past Producer", "fips_code": "f53007", "huc_code": "h17020011", "quad_code": "q48122SEC1", "url": "https://mrdata.usgs.gov/mrds/show-mrds.php?dep_id=10155863", "code_list": "AU AS" }, "geometry": { "type": "Point", "coordinates": [ 47.42372, -120.66977 ] } },
{ "type": "Feature", "properties": { "gml_id": "mrds.151815", "lowerCorner": "47.349520 -120.673070", "upperCorner": "47.349520 -120.673070", "dep_id": 10155939, "site_name": "Dept of Highways", "dev_stat": "Occurrence", "fips_code": "f53007", "huc_code": "h17020011", "quad_code": "q48122SEC2", "url": "https://mrdata.usgs.gov/mrds/show-mrds.php?dep_id=10155939", "code_list": "STN_C" }, "geometry": { "type": "Point", "coordinates": [ 47.34952, -120.67307 ] } },
{ "type": "Feature", "properties": { "gml_id": "mrds.151892", "lowerCorner": "47.449820 -120.666470", "upperCorner": "47.449820 -120.666470", "dep_id": 10156018, "site_name": "New State Lode Claim", "dev_stat": "Occurrence", "fips_code": "f53007", "huc_code": "h17020011", "quad_code": "q48122SEC1", "url": "https://mrdata.usgs.gov/mrds/show-mrds.php?dep_id=10156018", "code_list": "AU" }, "geometry": { "type": "Point", "coordinates": [ 47.44982, -120.66647 ] } },
{ "type": "Feature", "properties": { "gml_id": "mrds.151968", "lowerCorner": "47.427620 -120.696970", "upperCorner": "47.427620 -120.696970", "dep_id": 10156094, "site_name": "Black Jack", "dev_stat": "Past Producer", "fips_code": "f53007", "huc_code": "h17020011", "quad_code": "q48122SEC1", "url": "https://mrdata.usgs.gov/mrds/show-mrds.php?dep_id=10156094", "code_list": "AU" }, "geometry": { "type": "Point", "coordinates": [ 47.42762, -120.69697 ] } },
{ "type": "Feature", "properties": { "gml_id": "mrds.175095", "lowerCorner": "47.490620 -120.935580", "upperCorner": "47.490620 -120.935580", "dep_id": 10179788, "site_name": "Jack Creek", "dev_stat": "Occurrence", "fips_code": "f53007", "huc_code": "h17020011", "quad_code": "q48122SEA1", "url": "https://mrdata.usgs.gov/mrds/show-mrds.php?dep_id=10179788", "code_list": "MO" }, "geometry": { "type": "Point", "coordinates": [ 47.49062, -120.93558 ] } },
{ "type": "Feature", "properties": { "gml_id": "mrds.175250", "lowerCorner": "47.488730 -120.313660", "upperCorner": "47.488730 -120.313660", "dep_id": 10179943, "site_name": "Olds Pit", "dev_stat": "Past Producer", "fips_code": "f53007", "huc_code": "h17020010", "quad_code": "q48122SEF1", "url": "https://mrdata.usgs.gov/mrds/show-mrds.php?dep_id=10179943", "code_list": "SDG" }, "geometry": { "type": "Point", "coordinates": [ 47.48873, -120.31366 ] } },
{ "type": "Feature", "properties": { "gml_id": "mrds.175267", "lowerCorner": "47.429520 -120.673370", "upperCorner": "47.429520 -120.673370", "dep_id": 10179960, "site_name": "Phoenix", "dev_stat": "Past Producer", "fips_code": "f53007", "huc_code": "h17020011", "quad_code": "q48122SEC1", "url": "https://mrdata.usgs.gov/mrds/show-mrds.php?dep_id=10179960", "code_list": "AU" }, "geometry": { "type": "Point", "coordinates": [ 47.42952, -120.67337 ] } },
{ "type": "Feature", "properties": { "gml_id": "mrds.175547", "lowerCorner": "47.132620 -120.729270", "upperCorner": "47.132620 -120.729270", "dep_id": 10180246, "site_name": "Yakima River Placer", "dev_stat": "Occurrence", "fips_code": "f53037", "huc_code": "h17030001", "quad_code": "q48122SEC3", "url": "https://mrdata.usgs.gov/mrds/show-mrds.php?dep_id=10180246", "code_list": "AU" }, "geometry": { "type": "Point", "coordinates": [ 47.13262, -120.72927 ] } },
{ "type": "Feature", "properties": { "gml_id": "mrds.198300", "lowerCorner": "47.558720 -120.585870", "upperCorner": "47.558720 -120.585870", "dep_id": 10203535, "site_name": "Unnamed Pit", "dev_stat": "Past Producer", "fips_code": "f53007", "huc_code": "h17020011", "quad_code": "q48122NED4", "url": "https://mrdata.usgs.gov/mrds/show-mrds.php?dep_id=10203535", "code_list": "SDG" }, "geometry": { "type": "Point", "coordinates": [ 47.55872, -120.58587 ] } },
{ "type": "Feature", "properties": { "gml_id": "mrds.198522", "lowerCorner": "47.424820 -120.675070", "upperCorner": "47.424820 -120.675070", "dep_id": 10203758, "site_name": "Alta Vista", "dev_stat": "Unknown", "fips_code": "f53007", "huc_code": "h17020011", "quad_code": "q48122SEC1", "url": "https://mrdata.usgs.gov/mrds/show-mrds.php?dep_id=10203758", "code_list": "AU" }, "geometry": { "type": "Point", "coordinates": [ 47.42482, -120.67507 ] } },
{ "type": "Feature", "properties": { "gml_id": "mrds.198627", "lowerCorner": "47.428120 -120.649270", "upperCorner": "47.428120 -120.649270", "dep_id": 10203864, "site_name": "Donaldson", "dev_stat": "Occurrence", "fips_code": "f53007", "huc_code": "h17020011", "quad_code": "q48122SEC1", "url": "https://mrdata.usgs.gov/mrds/show-mrds.php?dep_id=10203864", "code_list": "AG AU" }, "geometry": { "type": "Point", "coordinates": [ 47.42812, -120.64927 ] } },
{ "type": "Feature", "properties": { "gml_id": "mrds.198753", "lowerCorner": "47.421720 -120.655870", "upperCorner": "47.421720 -120.655870", "dep_id": 10203990, "site_name": "Fraction", "dev_stat": "Past Producer", "fips_code": "f53007", "huc_code": "h17020011", "quad_code": "q48122SEC1", "url": "https://mrdata.usgs.gov/mrds/show-mrds.php?dep_id=10203990", "code_list": "AU" }, "geometry": { "type": "Point", "coordinates": [ 47.42172, -120.65587 ] } },
{ "type": "Feature", "properties": { "gml_id": "mrds.198896", "lowerCorner": "47.410920 -120.659470", "upperCorner": "47.410920 -120.659470", "dep_id": 10204134, "site_name": "Wilson Placer", "dev_stat": "Past Producer", "fips_code": "f53007", "huc_code": "h17020011", "quad_code": "q48122SEC1", "url": "https://mrdata.usgs.gov/mrds/show-mrds.php?dep_id=10204134", "code_list": "AU" }, "geometry": { "type": "Point", "coordinates": [ 47.41092, -120.65947 ] } },
{ "type": "Feature", "properties": { "gml_id": "mrds.199070", "lowerCorner": "47.151720 -120.716470", "upperCorner": "47.151720 -120.716470", "dep_id": 10204310, "site_name": "Cooper Quarry", "dev_stat": "Past Producer", "fips_code": "f53037", "huc_code": "h17030001", "quad_code": "q48122SEC3", "url": "https://mrdata.usgs.gov/mrds/show-mrds.php?dep_id=10204310", "code_list": "STN_C" }, "geometry": { "type": "Point", "coordinates": [ 47.15172, -120.71647 ] } },
{ "type": "Feature", "properties": { "gml_id": "mrds.221910", "lowerCorner": "47.425120 -120.655370", "upperCorner": "47.425120 -120.655370", "dep_id": 10227691, "site_name": "Lucky Queen", "dev_stat": "Past Producer", "fips_code": "f53007", "huc_code": "h17020011", "quad_code": "q48122SEC1", "url": "https://mrdata.usgs.gov/mrds/show-mrds.php?dep_id=10227691", "code_list": "AU CR AG" }, "geometry": { "type": "Point", "coordinates": [ 47.42512, -120.65537 ] } },
{ "type": "Feature", "properties": { "gml_id": "mrds.221911", "lowerCorner": "47.497920 -120.976180", "upperCorner": "47.497920 -120.976180", "dep_id": 10227692, "site_name": "Pickwick", "dev_stat": "Occurrence", "fips_code": "f53007", "huc_code": "h17020011", "quad_code": "q48122SEA1", "url": "https://mrdata.usgs.gov/mrds/show-mrds.php?dep_id=10227692", "code_list": "CU AU MO NI AG" }, "geometry": { "type": "Point", "coordinates": [ 47.49792, -120.97618 ] } },
{ "type": "Feature", "properties": { "gml_id": "mrds.222145", "lowerCorner": "47.570630 -120.396170", "upperCorner": "47.570630 -120.396170", "dep_id": 10227928, "site_name": "Burch Mtn", "dev_stat": "Occurrence", "fips_code": "f53007", "huc_code": "h17020011", "quad_code": "q48122NEE4", "url": "https://mrdata.usgs.gov/mrds/show-mrds.php?dep_id=10227928", "code_list": "ASB" }, "geometry": { "type": "Point", "coordinates": [ 47.57063, -120.39617 ] } },
{ "type": "Feature", "properties": { "gml_id": "mrds.222626", "lowerCorner": "47.102920 -120.965570", "upperCorner": "47.102920 -120.965570", "dep_id": 10228412, "site_name": "Taneum 23 Pit", "dev_stat": "Past Producer", "fips_code": "f53037", "huc_code": "h17030001", "quad_code": "q48122SEA4", "url": "https://mrdata.usgs.gov/mrds/show-mrds.php?dep_id=10228412", "code_list": "SDG" }, "geometry": { "type": "Point", "coordinates": [ 47.10292, -120.96557 ] } },
{ "type": "Feature", "properties": { "gml_id": "mrds.223346", "lowerCorner": "47.228420 -120.608370", "upperCorner": "47.228420 -120.608370", "dep_id": 10229139, "site_name": "Unnamed Quarry", "dev_stat": "Producer", "fips_code": "f53037", "huc_code": "h17030001", "quad_code": "q48122SED3", "url": "https://mrdata.usgs.gov/mrds/show-mrds.php?dep_id=10229139", "code_list": "STN_C" }, "geometry": { "type": "Point", "coordinates": [ 47.22842, -120.60837 ] } },
{ "type": "Feature", "properties": { "gml_id": "mrds.246338", "lowerCorner": "47.530420 -120.547570", "upperCorner": "47.530420 -120.547570", "dep_id": 10252705, "site_name": "Unnamed Pit", "dev_stat": "Past Producer", "fips_code": "f53007", "huc_code": "h17020011", "quad_code": "q48122NED4", "url": "https://mrdata.usgs.gov/mrds/show-mrds.php?dep_id=10252705", "code_list": "SDG" }, "geometry": { "type": "Point", "coordinates": [ 47.53042, -120.54757 ] } },
{ "type": "Feature", "properties": { "gml_id": "mrds.246526", "lowerCorner": "47.416670 -120.666670", "upperCorner": "47.416670 -120.666670", "dep_id": 10252896, "site_name": "Peshastin", "dev_stat": "Unknown", "fips_code": "f53007", "huc_code": "h17020011", "quad_code": "q48122SEC1", "url": "https://mrdata.usgs.gov/mrds/show-mrds.php?dep_id=10252896", "code_list": "NI" }, "geometry": { "type": "Point", "coordinates": [ 47.41667, -120.66667 ] } },
{ "type": "Feature", "properties": { "gml_id": "mrds.246899", "lowerCorner": "47.297020 -120.641470", "upperCorner": "47.297020 -120.641470", "dep_id": 10253276, "site_name": "Liberty", "dev_stat": "Past Producer", "fips_code": "f53037", "huc_code": "h17030001", "quad_code": "q48122SEC2", "url": "https://mrdata.usgs.gov/mrds/show-mrds.php?dep_id=10253276", "code_list": "AU" }, "geometry": { "type": "Point", "coordinates": [ 47.29702, -120.64147 ] } },
{ "type": "Feature", "properties": { "gml_id": "mrds.269670", "lowerCorner": "47.429020 -120.628970", "upperCorner": "47.429020 -120.628970", "dep_id": 10276594, "site_name": "Sunset", "dev_stat": "Prospect", "fips_code": "f53007", "huc_code": "h17020011", "quad_code": "q48122SEC1", "url": "https://mrdata.usgs.gov/mrds/show-mrds.php?dep_id=10276594", "code_list": "AU CU" }, "geometry": { "type": "Point", "coordinates": [ 47.42902, -120.62897 ] } },
{ "type": "Feature", "properties": { "gml_id": "mrds.269822", "lowerCorner": "47.449520 -120.656770", "upperCorner": "47.449520 -120.656770", "dep_id": 10276746, "site_name": "Ruby Creek Placer", "dev_stat": "Prospect", "fips_code": "f53007", "huc_code": "h17020011", "quad_code": "q48122SEC1", "url": "https://mrdata.usgs.gov/mrds/show-mrds.php?dep_id=10276746", "code_list": "AU" }, "geometry": { "type": "Point", "coordinates": [ 47.44952, -120.65677 ] } },
{ "type": "Feature", "properties": { "gml_id": "mrds.270220", "lowerCorner": "47.239520 -120.697270", "upperCorner": "47.239520 -120.697270", "dep_id": 10277151, "site_name": "Becker Placer", "dev_stat": "Past Producer", "fips_code": "f53037", "huc_code": "h17030001", "quad_code": "q48122SEC3", "url": "https://mrdata.usgs.gov/mrds/show-mrds.php?dep_id=10277151", "code_list": "AU" }, "geometry": { "type": "Point", "coordinates": [ 47.23952, -120.69727 ] } },
{ "type": "Feature", "properties": { "gml_id": "mrds.270803", "lowerCorner": "47.243120 -120.696970", "upperCorner": "47.243120 -120.696970", "dep_id": 10277741, "site_name": "Swauk Creek Placers", "dev_stat": "Past Producer", "fips_code": "f53037", "huc_code": "h17030001", "quad_code": "q48122SEC3", "url": "https://mrdata.usgs.gov/mrds/show-mrds.php?dep_id=10277741", "code_list": "AU" }, "geometry": { "type": "Point", "coordinates": [ 47.24312, -120.69697 ] } },
{ "type": "Feature", "properties": { "gml_id": "mrds.274129", "lowerCorner": "47.427920 -120.715070", "upperCorner": "47.427920 -120.715070", "dep_id": 10281170, "site_name": "P P Nickel", "dev_stat": "Prospect", "fips_code": "f53007", "huc_code": "h17020011", "quad_code": "q48122SEC1", "url": "https://mrdata.usgs.gov/mrds/show-mrds.php?dep_id=10281170", "code_list": "AU NI" }, "geometry": { "type": "Point", "coordinates": [ 47.42792, -120.71507 ] } },
{ "type": "Feature", "properties": { "gml_id": "mrds.293324", "lowerCorner": "47.522620 -120.495370", "upperCorner": "47.522620 -120.495370", "dep_id": 10300803, "site_name": "Unnamed Pit", "dev_stat": "Past Producer", "fips_code": "f53007", "huc_code": "h17020011", "quad_code": "q48122NEE4", "url": "https://mrdata.usgs.gov/mrds/show-mrds.php?dep_id=10300803", "code_list": "SDG" }, "geometry": { "type": "Point", "coordinates": [ 47.52262, -120.49537 ] } },
{ "type": "Feature", "properties": { "gml_id": "mrds.293635", "lowerCorner": "47.425920 -120.674470", "upperCorner": "47.425920 -120.674470", "dep_id": 10301117, "site_name": "Pole Pick", "dev_stat": "Past Producer", "fips_code": "f53007", "huc_code": "h17020011", "quad_code": "q48122SEC1", "url": "https://mrdata.usgs.gov/mrds/show-mrds.php?dep_id=10301117", "code_list": "AU" }, "geometry": { "type": "Point", "coordinates": [ 47.42592, -120.67447 ] } },
{ "type": "Feature", "properties": { "gml_id": "mrds.293652", "lowerCorner": "47.390920 -120.665070", "upperCorner": "47.390920 -120.665070", "dep_id": 10301134, "site_name": "Shaser Creek Placer", "dev_stat": "Past Producer", "fips_code": "f53007", "huc_code": "h17020011", "quad_code": "q48122SEC1", "url": "https://mrdata.usgs.gov/mrds/show-mrds.php?dep_id=10301134", "code_list": "AU" }, "geometry": { "type": "Point", "coordinates": [ 47.39092, -120.66507 ] } },
{ "type": "Feature", "properties": { "gml_id": "mrds.293921", "lowerCorner": "47.120920 -120.973680", "upperCorner": "47.120920 -120.973680", "dep_id": 10301403, "site_name": "Taneum Deposit", "dev_stat": "Occurrence", "fips_code": "f53037", "huc_code": "h17030001", "quad_code": "q48122SEA4", "url": "https://mrdata.usgs.gov/mrds/show-mrds.php?dep_id=10301403", "code_list": "FE" }, "geometry": { "type": "Point", "coordinates": [ 47.12092, -120.97368 ] } },
{ "type": "Feature", "properties": { "gml_id": "mrds.127152", "lowerCorner": "47.483430 -120.401970", "upperCorner": "47.483430 -120.401970", "dep_id": 10130676, "site_name": "James Pit", "dev_stat": "Past Producer", "fips_code": "f53007", "huc_code": "h17020011", "quad_code": "q48122SEE1", "url": "https://mrdata.usgs.gov/mrds/show-mrds.php?dep_id=10130676", "code_list": "SDG" }, "geometry": { "type": "Point", "coordinates": [ 47.48343, -120.40197 ] } },
{ "type": "Feature", "properties": { "gml_id": "mrds.127772", "lowerCorner": "47.424220 -120.510070", "upperCorner": "47.424220 -120.510070", "dep_id": 10131301, "site_name": "Mission Creek B", "dev_stat": "Occurrence", "fips_code": "f53007", "huc_code": "h17020011", "quad_code": "q48122SED1", "url": "https://mrdata.usgs.gov/mrds/show-mrds.php?dep_id=10131301", "code_list": "STN_C" }, "geometry": { "type": "Point", "coordinates": [ 47.42422, -120.51007 ] } },
{ "type": "Feature", "properties": { "gml_id": "mrds.198554", "lowerCorner": "47.395130 -120.321460", "upperCorner": "47.395130 -120.321460", "dep_id": 10203790, "site_name": "Dry Gulch", "dev_stat": "Occurrence", "fips_code": "f53007", "huc_code": "h17020010", "quad_code": "q48122SEF1", "url": "https://mrdata.usgs.gov/mrds/show-mrds.php?dep_id=10203790", "code_list": "PER" }, "geometry": { "type": "Point", "coordinates": [ 47.39513, -120.32146 ] } },
{ "type": "Feature", "properties": { "gml_id": "mrds.198808", "lowerCorner": "47.524230 -120.350870", "upperCorner": "47.524230 -120.350870", "dep_id": 10204046, "site_name": "Burch Mountain No 1", "dev_stat": "Past Producer", "fips_code": "f53007", "huc_code": "h17020010", "quad_code": "q48122NEF4", "url": "https://mrdata.usgs.gov/mrds/show-mrds.php?dep_id=10204046", "code_list": "SIL" }, "geometry": { "type": "Point", "coordinates": [ 47.52423, -120.35087 ] } },
{ "type": "Feature", "properties": { "gml_id": "mrds.246354", "lowerCorner": "47.423720 -120.646970", "upperCorner": "47.423720 -120.646970", "dep_id": 10252721, "site_name": "Tip Top", "dev_stat": "Past Producer", "fips_code": "f53007", "huc_code": "h17020011", "quad_code": "q48122SEC1", "url": "https://mrdata.usgs.gov/mrds/show-mrds.php?dep_id=10252721", "code_list": "AU" }, "geometry": { "type": "Point", "coordinates": [ 47.42372, -120.64697 ] } },
{ "type": "Feature", "properties": { "gml_id": "mrds.246844", "lowerCorner": "47.145130 -120.408660", "upperCorner": "47.145130 -120.408660", "dep_id": 10253220, "site_name": "Hart Pit", "dev_stat": "Past Producer", "fips_code": "f53037", "huc_code": "h17030001", "quad_code": "q48122SEE3", "url": "https://mrdata.usgs.gov/mrds/show-mrds.php?dep_id=10253220", "code_list": "SDG" }, "geometry": { "type": "Point", "coordinates": [ 47.14513, -120.40866 ] } },
{ "type": "Feature", "properties": { "gml_id": "mrds.269921", "lowerCorner": "47.460620 -120.662270", "upperCorner": "47.460620 -120.662270", "dep_id": 10276847, "site_name": "Ingalls Creek Placer", "dev_stat": "Past Producer", "fips_code": "f53007", "huc_code": "h17020011", "quad_code": "q48122SEC1", "url": "https://mrdata.usgs.gov/mrds/show-mrds.php?dep_id=10276847", "code_list": "AU" }, "geometry": { "type": "Point", "coordinates": [ 47.46062, -120.66227 ] } },
{ "type": "Feature", "properties": { "gml_id": "mrds.270172", "lowerCorner": "47.371230 -120.317860", "upperCorner": "47.371230 -120.317860", "dep_id": 10277100, "site_name": "Lower Squillchuck Cr. Clay Deposit", "dev_stat": "Occurrence", "fips_code": "f53007", "huc_code": "h17020010", "quad_code": "q48122SEF2", "url": "https://mrdata.usgs.gov/mrds/show-mrds.php?dep_id=10277100", "code_list": "AL" }, "geometry": { "type": "Point", "coordinates": [ 47.37123, -120.31786 ] } },
{ "type": "Feature", "properties": { "gml_id": "mrds.293118", "lowerCorner": "47.470930 -120.332860", "upperCorner": "47.470930 -120.332860", "dep_id": 10300595, "site_name": "Unnamed Pit", "dev_stat": "Past Producer", "fips_code": "f53007", "huc_code": "h17020011", "quad_code": "q48122SEF1", "url": "https://mrdata.usgs.gov/mrds/show-mrds.php?dep_id=10300595", "code_list": "SDG" }, "geometry": { "type": "Point", "coordinates": [ 47.47093, -120.33286 ] } },
{ "type": "Feature", "properties": { "gml_id": "mrds.127428", "lowerCorner": "47.472330 -120.332560", "upperCorner": "47.472330 -120.332560", "dep_id": 10130954, "site_name": "Weister Pit", "dev_stat": "Past Producer", "fips_code": "f53007", "huc_code": "h17020011", "quad_code": "q48122SEF1", "url": "https://mrdata.usgs.gov/mrds/show-mrds.php?dep_id=10130954", "code_list": "SDG" }, "geometry": { "type": "Point", "coordinates": [ 47.47233, -120.33256 ] } },
{ "type": "Feature", "properties": { "gml_id": "mrds.128543", "lowerCorner": "47.293420 -120.701470", "upperCorner": "47.293420 -120.701470", "dep_id": 10132083, "site_name": "Bloomquist Bros.", "dev_stat": "Occurrence", "fips_code": "f53037", "huc_code": "h17030001", "quad_code": "q48122SEC2", "url": "https://mrdata.usgs.gov/mrds/show-mrds.php?dep_id=10132083", "code_list": "AU" }, "geometry": { "type": "Point", "coordinates": [ 47.29342, -120.70147 ] } },
{ "type": "Feature", "properties": { "gml_id": "mrds.151547", "lowerCorner": "47.433120 -120.650370", "upperCorner": "47.433120 -120.650370", "dep_id": 10155667, "site_name": "Venus", "dev_stat": "Occurrence", "fips_code": "f53007", "huc_code": "h17020011", "quad_code": "q48122SEC1", "url": "https://mrdata.usgs.gov/mrds/show-mrds.php?dep_id=10155667", "code_list": "AG AU" }, "geometry": { "type": "Point", "coordinates": [ 47.43312, -120.65037 ] } },
{ "type": "Feature", "properties": { "gml_id": "mrds.175781", "lowerCorner": "47.312020 -120.663670", "upperCorner": "47.312020 -120.663670", "dep_id": 10180483, "site_name": "Dot-En-El Prospect", "dev_stat": "Occurrence", "fips_code": "f53037", "huc_code": "h17030001", "quad_code": "q48122SEC2", "url": "https://mrdata.usgs.gov/mrds/show-mrds.php?dep_id=10180483", "code_list": "AU" }, "geometry": { "type": "Point", "coordinates": [ 47.31202, -120.66367 ] } },
{ "type": "Feature", "properties": { "gml_id": "mrds.199000", "lowerCorner": "47.472320 -120.644770", "upperCorner": "47.472320 -120.644770", "dep_id": 10204239, "site_name": "Peshastin Creek", "dev_stat": "Past Producer", "fips_code": "f53007", "huc_code": "h17020011", "quad_code": "q48122SEC1", "url": "https://mrdata.usgs.gov/mrds/show-mrds.php?dep_id=10204239", "code_list": "NI CR" }, "geometry": { "type": "Point", "coordinates": [ 47.47232, -120.64477 ] } },
{ "type": "Feature", "properties": { "gml_id": "mrds.209973", "lowerCorner": "47.634520 -120.446970", "upperCorner": "47.634520 -120.446970", "dep_id": 10215409, "site_name": "Chumstick Mountain Deposit", "dev_stat": "Prospect", "fips_code": "f53007", "huc_code": "h17020010", "quad_code": "q48122NEE3", "url": "https://mrdata.usgs.gov/mrds/show-mrds.php?dep_id=10215409", "code_list": "ASB" }, "geometry": { "type": "Point", "coordinates": [ 47.63452, -120.44697 ] } },
{ "type": "Feature", "properties": { "gml_id": "mrds.222231", "lowerCorner": "47.440630 -120.340060", "upperCorner": "47.440630 -120.340060", "dep_id": 10228014, "site_name": "Unnamed Pit", "dev_stat": "Past Producer", "fips_code": "f53007", "huc_code": "h17020010", "quad_code": "q48122SEF1", "url": "https://mrdata.usgs.gov/mrds/show-mrds.php?dep_id=10228014", "code_list": "SDG" }, "geometry": { "type": "Point", "coordinates": [ 47.44063, -120.34006 ] } },
{ "type": "Feature", "properties": { "gml_id": "mrds.222901", "lowerCorner": "47.259020 -120.688670", "upperCorner": "47.259020 -120.688670", "dep_id": 10228689, "site_name": "Little York Claim", "dev_stat": "Prospect", "fips_code": "f53037", "huc_code": "h17030001", "quad_code": "q48122SEC2", "url": "https://mrdata.usgs.gov/mrds/show-mrds.php?dep_id=10228689", "code_list": "AU" }, "geometry": { "type": "Point", "coordinates": [ 47.25902, -120.68867 ] } },
{ "type": "Feature", "properties": { "gml_id": "mrds.223075", "lowerCorner": "47.246520 -120.693370", "upperCorner": "47.246520 -120.693370", "dep_id": 10228864, "site_name": "Bob Hopper Mine", "dev_stat": "Past Producer", "fips_code": "f53037", "huc_code": "h17030001", "quad_code": "q48122SEC3", "url": "https://mrdata.usgs.gov/mrds/show-mrds.php?dep_id=10228864", "code_list": "AU" }, "geometry": { "type": "Point", "coordinates": [ 47.24652, -120.69337 ] } },
{ "type": "Feature", "properties": { "gml_id": "mrds.246271", "lowerCorner": "47.524820 -120.468970", "upperCorner": "47.524820 -120.468970", "dep_id": 10252638, "site_name": "Sanitary Landfill", "dev_stat": "Producer", "fips_code": "f53007", "huc_code": "h17020011", "quad_code": "q48122NEE4", "url": "https://mrdata.usgs.gov/mrds/show-mrds.php?dep_id=10252638", "code_list": "SDG" }, "geometry": { "type": "Point", "coordinates": [ 47.52482, -120.46897 ] } },
{ "type": "Feature", "properties": { "gml_id": "mrds.269575", "lowerCorner": "47.422020 -120.663670", "upperCorner": "47.422020 -120.663670", "dep_id": 10276498, "site_name": "Golden Wedge", "dev_stat": "Prospect", "fips_code": "f53007", "huc_code": "h17020011", "quad_code": "q48122SEC1", "url": "https://mrdata.usgs.gov/mrds/show-mrds.php?dep_id=10276498", "code_list": "AU CU" }, "geometry": { "type": "Point", "coordinates": [ 47.42202, -120.66367 ] } },
{ "type": "Feature", "properties": { "gml_id": "mrds.270545", "lowerCorner": "47.267320 -120.694470", "upperCorner": "47.267320 -120.694470", "dep_id": 10277481, "site_name": "B and B", "dev_stat": "Past Producer", "fips_code": "f53037", "huc_code": "h17030001", "quad_code": "q48122SEC2", "url": "https://mrdata.usgs.gov/mrds/show-mrds.php?dep_id=10277481", "code_list": "AU" }, "geometry": { "type": "Point", "coordinates": [ 47.26732, -120.69447 ] } },
{ "type": "Feature", "properties": { "gml_id": "mrds.293203", "lowerCorner": "47.542020 -120.629770", "upperCorner": "47.542020 -120.629770", "dep_id": 10300681, "site_name": "Mill Creek", "dev_stat": "Occurrence", "fips_code": "f53007", "huc_code": "h17020011", "quad_code": "q48122NEC4", "url": "https://mrdata.usgs.gov/mrds/show-mrds.php?dep_id=10300681", "code_list": "ASB" }, "geometry": { "type": "Point", "coordinates": [ 47.54202, -120.62977 ] } },
{ "type": "Feature", "properties": { "gml_id": "mrds.293461", "lowerCorner": "47.427020 -120.676770", "upperCorner": "47.427020 -120.676770", "dep_id": 10300943, "site_name": "Phipps", "dev_stat": "Past Producer", "fips_code": "f53007", "huc_code": "h17020011", "quad_code": "q48122SEC1", "url": "https://mrdata.usgs.gov/mrds/show-mrds.php?dep_id=10300943", "code_list": "AU AS CU" }, "geometry": { "type": "Point", "coordinates": [ 47.42702, -120.67677 ] } },
{ "type": "Feature", "properties": { "gml_id": "mrds.198695", "lowerCorner": "47.397920 -120.660870", "upperCorner": "47.397920 -120.660870", "dep_id": 10203932, "site_name": "Sunshine Placer", "dev_stat": "Unknown", "fips_code": "f53007", "huc_code": "h17020011", "quad_code": "q48122SEC1", "url": "https://mrdata.usgs.gov/mrds/show-mrds.php?dep_id=10203932", "code_list": "AU" }, "geometry": { "type": "Point", "coordinates": [ 47.39792, -120.66087 ] } },
{ "type": "Feature", "properties": { "gml_id": "mrds.198812", "lowerCorner": "47.401730 -120.342260", "upperCorner": "47.401730 -120.342260", "dep_id": 10204050, "site_name": "Squaw Saddle No. 1", "dev_stat": "Occurrence", "fips_code": "f53007", "huc_code": "h17020010", "quad_code": "q48122SEF1", "url": "https://mrdata.usgs.gov/mrds/show-mrds.php?dep_id=10204050", "code_list": "GYP" }, "geometry": { "type": "Point", "coordinates": [ 47.40173, -120.34226 ] } },
{ "type": "Feature", "properties": { "gml_id": "mrds.246390", "lowerCorner": "47.510120 -120.475370", "upperCorner": "47.510120 -120.475370", "dep_id": 10252757, "site_name": "Cashmere", "dev_stat": "Occurrence", "fips_code": "f53007", "huc_code": "h17020011", "quad_code": "q48122NEE4", "url": "https://mrdata.usgs.gov/mrds/show-mrds.php?dep_id=10252757", "code_list": "SDG" }, "geometry": { "type": "Point", "coordinates": [ 47.51012, -120.47537 ] } },
{ "type": "Feature", "properties": { "gml_id": "mrds.246841", "lowerCorner": "47.630620 -120.969490", "upperCorner": "47.630620 -120.969490", "dep_id": 10253217, "site_name": "Elvira Gold", "dev_stat": "Unknown", "fips_code": "f53007", "huc_code": "h17020011", "quad_code": "q48122NEA3", "url": "https://mrdata.usgs.gov/mrds/show-mrds.php?dep_id=10253217", "code_list": "AU CU AG" }, "geometry": { "type": "Point", "coordinates": [ 47.63062, -120.96949 ] } },
{ "type": "Feature", "properties": { "gml_id": "mrds.270011", "lowerCorner": "47.475420 -120.661970", "upperCorner": "47.475420 -120.661970", "dep_id": 10276938, "site_name": "Garnierite", "dev_stat": "Unknown", "fips_code": "f53007", "huc_code": "h17020011", "quad_code": "q48122SEC1", "url": "https://mrdata.usgs.gov/mrds/show-mrds.php?dep_id=10276938", "code_list": "NI" }, "geometry": { "type": "Point", "coordinates": [ 47.47542, -120.66197 ] } },
{ "type": "Feature", "properties": { "gml_id": "mrds.270742", "lowerCorner": "47.279820 -120.624770", "upperCorner": "47.279820 -120.624770", "dep_id": 10277679, "site_name": "Sonny Brown", "dev_stat": "Prospect", "fips_code": "f53037", "huc_code": "h17030001", "quad_code": "q48122SED2", "url": "https://mrdata.usgs.gov/mrds/show-mrds.php?dep_id=10277679", "code_list": "AU AG" }, "geometry": { "type": "Point", "coordinates": [ 47.27982, -120.62477 ] } },
{ "type": "Feature", "properties": { "gml_id": "mrds.106495", "lowerCorner": "47.444820 -120.979240", "upperCorner": "47.444820 -120.979240", "dep_id": 10109505, "site_name": "Dolphin Mine", "dev_stat": "Producer", "fips_code": "f53037", "huc_code": "h17030001", "quad_code": "q48122SEA1", "url": "https://mrdata.usgs.gov/mrds/show-mrds.php?dep_id=10109505", "code_list": "CU AG AU CO FE" }, "geometry": { "type": "Point", "coordinates": [ 47.44482, -120.97924 ] } },
{ "type": "Feature", "properties": { "gml_id": "mrds.151854", "lowerCorner": "47.120620 -120.933070", "upperCorner": "47.120620 -120.933070", "dep_id": 10155979, "site_name": "Boose", "dev_stat": "Prospect", "fips_code": "f53037", "huc_code": "h17030001", "quad_code": "q48122SEA4", "url": "https://mrdata.usgs.gov/mrds/show-mrds.php?dep_id=10155979", "code_list": "SIL" }, "geometry": { "type": "Point", "coordinates": [ 47.12062, -120.93307 ] } },
{ "type": "Feature", "properties": { "gml_id": "mrds.8752", "lowerCorner": "47.420650 -120.657280", "upperCorner": "47.420650 -120.657280", "dep_id": 10008995, "site_name": "Caledonia", "dev_stat": "Occurrence", "fips_code": "f53007", "huc_code": "h17020011", "quad_code": "q48122SEC1", "url": "https://mrdata.usgs.gov/mrds/show-mrds.php?dep_id=10008995", "code_list": "AU CU AG SB" }, "geometry": { "type": "Point", "coordinates": [ 47.42065, -120.65728 ] } },
{ "type": "Feature", "properties": { "gml_id": "mrds.22003", "lowerCorner": "47.249820 -120.667840", "upperCorner": "47.249820 -120.667840", "dep_id": 10022645, "site_name": "Fraction Placer Claim", "dev_stat": "Producer", "fips_code": "f53037", "huc_code": "h17030001", "quad_code": "q48122SEC3", "url": "https://mrdata.usgs.gov/mrds/show-mrds.php?dep_id=10022645", "code_list": "AU" }, "geometry": { "type": "Point", "coordinates": [ 47.24982, -120.66784 ] } },
{ "type": "Feature", "properties": { "gml_id": "mrds.35749", "lowerCorner": "47.293150 -120.700060", "upperCorner": "47.293150 -120.700060", "dep_id": 10036905, "site_name": "Bloomquist Bros. Prospect", "dev_stat": "Occurrence", "fips_code": "f53037", "huc_code": "h17030001", "quad_code": "q48122SEC2", "url": "https://mrdata.usgs.gov/mrds/show-mrds.php?dep_id=10036905", "code_list": "AU" }, "geometry": { "type": "Point", "coordinates": [ 47.29315, -120.70006 ] } },
{ "type": "Feature", "properties": { "gml_id": "mrds.35750", "lowerCorner": "47.281210 -120.639500", "upperCorner": "47.281210 -120.639500", "dep_id": 10036906, "site_name": "Cascade Chief Mine", "dev_stat": "Producer", "fips_code": "f53037", "huc_code": "h17030001", "quad_code": "q48122SEC2", "url": "https://mrdata.usgs.gov/mrds/show-mrds.php?dep_id=10036906", "code_list": "AU" }, "geometry": { "type": "Point", "coordinates": [ 47.28121, -120.6395 ] } },
{ "type": "Feature", "properties": { "gml_id": "mrds.35751", "lowerCorner": "47.307880 -120.656450", "upperCorner": "47.307880 -120.656450", "dep_id": 10036907, "site_name": "Golden Fleece Mine", "dev_stat": "Past Producer", "fips_code": "f53037", "huc_code": "h17030001", "quad_code": "q48122SEC2", "url": "https://mrdata.usgs.gov/mrds/show-mrds.php?dep_id=10036907", "code_list": "AU AG" }, "geometry": { "type": "Point", "coordinates": [ 47.30788, -120.65645 ] } },
{ "type": "Feature", "properties": { "gml_id": "mrds.35752", "lowerCorner": "47.315380 -120.631170", "upperCorner": "47.315380 -120.631170", "dep_id": 10036908, "site_name": "Hurley Creek Prospect", "dev_stat": "Occurrence", "fips_code": "f53037", "huc_code": "h17030001", "quad_code": "q48122SEC2", "url": "https://mrdata.usgs.gov/mrds/show-mrds.php?dep_id=10036908", "code_list": "AU" }, "geometry": { "type": "Point", "coordinates": [ 47.31538, -120.63117 ] } },
{ "type": "Feature", "properties": { "gml_id": "mrds.35753", "lowerCorner": "47.282600 -120.623110", "upperCorner": "47.282600 -120.623110", "dep_id": 10036909, "site_name": "Sonny Brown Prospect", "dev_stat": "Occurrence", "fips_code": "f53037", "huc_code": "h17030001", "quad_code": "q48122SED2", "url": "https://mrdata.usgs.gov/mrds/show-mrds.php?dep_id=10036909", "code_list": "AU AG" }, "geometry": { "type": "Point", "coordinates": [ 47.2826, -120.62311 ] } },
{ "type": "Feature", "properties": { "gml_id": "mrds.35754", "lowerCorner": "47.329820 -120.615890", "upperCorner": "47.329820 -120.615890", "dep_id": 10036910, "site_name": "Zerwekh Prospect", "dev_stat": "Occurrence", "fips_code": "f53037", "huc_code": "h17030001", "quad_code": "q48122SED2", "url": "https://mrdata.usgs.gov/mrds/show-mrds.php?dep_id=10036910", "code_list": "AU AG MO V TI_M" }, "geometry": { "type": "Point", "coordinates": [ 47.32982, -120.61589 ] } },
{ "type": "Feature", "properties": { "gml_id": "mrds.35755", "lowerCorner": "47.098990 -120.690340", "upperCorner": "47.098990 -120.690340", "dep_id": 10036911, "site_name": "Magpie Canyon Prospect", "dev_stat": "Occurrence", "fips_code": "f53037", "huc_code": "h17030001", "quad_code": "q48122SEC4", "url": "https://mrdata.usgs.gov/mrds/show-mrds.php?dep_id=10036911", "code_list": "AU" }, "geometry": { "type": "Point", "coordinates": [ 47.09899, -120.69034 ] } },
{ "type": "Feature", "properties": { "gml_id": "mrds.35756", "lowerCorner": "47.254260 -120.658670", "upperCorner": "47.254260 -120.658670", "dep_id": 10036912, "site_name": "Boulder Creek Placer", "dev_stat": "Past Producer", "fips_code": "f53037", "huc_code": "h17030001", "quad_code": "q48122SEC2", "url": "https://mrdata.usgs.gov/mrds/show-mrds.php?dep_id=10036912", "code_list": "AU" }, "geometry": { "type": "Point", "coordinates": [ 47.25426, -120.65867 ] } },
{ "type": "Feature", "properties": { "gml_id": "mrds.35757", "lowerCorner": "47.300930 -120.699500", "upperCorner": "47.300930 -120.699500", "dep_id": 10036913, "site_name": "Bovee Placer", "dev_stat": "Occurrence", "fips_code": "f53037", "huc_code": "h17030001", "quad_code": "q48122SEC2", "url": "https://mrdata.usgs.gov/mrds/show-mrds.php?dep_id=10036913", "code_list": "AU" }, "geometry": { "type": "Point", "coordinates": [ 47.30093, -120.6995 ] } },
{ "type": "Feature", "properties": { "gml_id": "mrds.35759", "lowerCorner": "47.245930 -120.683390", "upperCorner": "47.245930 -120.683390", "dep_id": 10036915, "site_name": "Williams Creek Placers", "dev_stat": "Past Producer", "fips_code": "f53037", "huc_code": "h17030001", "quad_code": "q48122SEC3", "url": "https://mrdata.usgs.gov/mrds/show-mrds.php?dep_id=10036915", "code_list": "AU" }, "geometry": { "type": "Point", "coordinates": [ 47.24593, -120.68339 ] } },
{ "type": "Feature", "properties": { "gml_id": "mrds.35760", "lowerCorner": "47.240650 -120.690610", "upperCorner": "47.240650 -120.690610", "dep_id": 10036916, "site_name": "Bryant Bar Placer", "dev_stat": "Past Producer", "fips_code": "f53037", "huc_code": "h17030001", "quad_code": "q48122SEC3", "url": "https://mrdata.usgs.gov/mrds/show-mrds.php?dep_id=10036916", "code_list": "AU" }, "geometry": { "type": "Point", "coordinates": [ 47.24065, -120.69061 ] } },
{ "type": "Feature", "properties": { "gml_id": "mrds.35761", "lowerCorner": "47.252880 -120.667560", "upperCorner": "47.252880 -120.667560", "dep_id": 10036917, "site_name": "Old Bigney Placer", "dev_stat": "Producer", "fips_code": "f53037", "huc_code": "h17030001", "quad_code": "q48122SEC2", "url": "https://mrdata.usgs.gov/mrds/show-mrds.php?dep_id=10036917", "code_list": "AU" }, "geometry": { "type": "Point", "coordinates": [ 47.25288, -120.66756 ] } },
{ "type": "Feature", "properties": { "gml_id": "mrds.35762", "lowerCorner": "47.243990 -120.695610", "upperCorner": "47.243990 -120.695610", "dep_id": 10036918, "site_name": "Swauk Mining & Dredging Placer", "dev_stat": "Past Producer", "fips_code": "f53037", "huc_code": "h17030001", "quad_code": "q48122SEC3", "url": "https://mrdata.usgs.gov/mrds/show-mrds.php?dep_id=10036918", "code_list": "AU" }, "geometry": { "type": "Point", "coordinates": [ 47.24399, -120.69561 ] } },
{ "type": "Feature", "properties": { "gml_id": "mrds.36711", "lowerCorner": "47.386340 -120.429450", "upperCorner": "47.386340 -120.429450", "dep_id": 10037874, "site_name": "Washington State", "dev_stat": "Producer", "fips_code": "f53007", "huc_code": "h17020010", "quad_code": "q48122SEE1", "url": "https://mrdata.usgs.gov/mrds/show-mrds.php?dep_id=10037874", "code_list": "PGE_PT" }, "geometry": { "type": "Point", "coordinates": [ 47.38634, -120.42945 ] } },
{ "type": "Feature", "properties": { "gml_id": "mrds.38947", "lowerCorner": "47.430000 -120.705280", "upperCorner": "47.430000 -120.705280", "dep_id": 10040155, "site_name": "Tom Burke", "dev_stat": "Occurrence", "fips_code": "f53007", "huc_code": "h17020011", "quad_code": "q48122SEC1", "url": "https://mrdata.usgs.gov/mrds/show-mrds.php?dep_id=10040155", "code_list": "HG" }, "geometry": { "type": "Point", "coordinates": [ 47.43, -120.70528 ] } },
{ "type": "Feature", "properties": { "gml_id": "mrds.38948", "lowerCorner": "47.398330 -120.331390", "upperCorner": "47.398330 -120.331390", "dep_id": 10040156, "site_name": "Squaw Saddle", "dev_stat": "Occurrence", "fips_code": "f53007", "huc_code": "h17020010", "quad_code": "q48122SEF1", "url": "https://mrdata.usgs.gov/mrds/show-mrds.php?dep_id=10040156", "code_list": "HG" }, "geometry": { "type": "Point", "coordinates": [ 47.39833, -120.33139 ] } },
{ "type": "Feature", "properties": { "gml_id": "mrds.38949", "lowerCorner": "47.425930 -120.717500", "upperCorner": "47.425930 -120.717500", "dep_id": 10040157, "site_name": "Shoshone", "dev_stat": "Occurrence", "fips_code": "f53007", "huc_code": "h17020011", "quad_code": "q48122SEC1", "url": "https://mrdata.usgs.gov/mrds/show-mrds.php?dep_id=10040157", "code_list": "HG NI" }, "geometry": { "type": "Point", "coordinates": [ 47.42593, -120.7175 ] } },
{ "type": "Feature", "properties": { "gml_id": "mrds.38951", "lowerCorner": "47.427220 -120.720280", "upperCorner": "47.427220 -120.720280", "dep_id": 10040159, "site_name": "North Pole", "dev_stat": "Occurrence", "fips_code": "f53007", "huc_code": "h17020011", "quad_code": "q48122SEC1", "url": "https://mrdata.usgs.gov/mrds/show-mrds.php?dep_id=10040159", "code_list": "AU HG AG CU NI" }, "geometry": { "type": "Point", "coordinates": [ 47.42722, -120.72028 ] } },
{ "type": "Feature", "properties": { "gml_id": "mrds.38952", "lowerCorner": "47.405280 -120.685000", "upperCorner": "47.405280 -120.685000", "dep_id": 10040160, "site_name": "King Creek", "dev_stat": "Occurrence", "fips_code": "f53007", "huc_code": "h17020011", "quad_code": "q48122SEC1", "url": "https://mrdata.usgs.gov/mrds/show-mrds.php?dep_id=10040160", "code_list": "HG" }, "geometry": { "type": "Point", "coordinates": [ 47.40528, -120.685 ] } },
{ "type": "Feature", "properties": { "gml_id": "mrds.38953", "lowerCorner": "47.424720 -120.659720", "upperCorner": "47.424720 -120.659720", "dep_id": 10040161, "site_name": "Blewett Camp", "dev_stat": "Past Producer", "fips_code": "f53007", "huc_code": "h17020011", "quad_code": "q48122SEC1", "url": "https://mrdata.usgs.gov/mrds/show-mrds.php?dep_id=10040161", "code_list": "AU AG CU HG CR AS PB SB W" }, "geometry": { "type": "Point", "coordinates": [ 47.42472, -120.65972 ] } },
{ "type": "Feature", "properties": { "gml_id": "mrds.41113", "lowerCorner": "47.381770 -120.316440", "upperCorner": "47.381770 -120.316440", "dep_id": 10042374, "site_name": "Lovitt", "dev_stat": "Past Producer", "fips_code": "f53007", "huc_code": "h17020010", "quad_code": "q48122SEF1", "url": "https://mrdata.usgs.gov/mrds/show-mrds.php?dep_id=10042374", "code_list": "AU AG CU SB ZN PB AS" }, "geometry": { "type": "Point", "coordinates": [ 47.38177, -120.31644 ] } },
{ "type": "Feature", "properties": { "gml_id": "mrds.47287", "lowerCorner": "47.255930 -120.646170", "upperCorner": "47.255930 -120.646170", "dep_id": 10048625, "site_name": "Clarence Jordin", "dev_stat": "Past Producer", "fips_code": "f53037", "huc_code": "h17030001", "quad_code": "q48122SEC2", "url": "https://mrdata.usgs.gov/mrds/show-mrds.php?dep_id=10048625", "code_list": "AU" }, "geometry": { "type": "Point", "coordinates": [ 47.25593, -120.64617 ] } },
{ "type": "Feature", "properties": { "gml_id": "mrds.47290", "lowerCorner": "47.296760 -120.641730", "upperCorner": "47.296760 -120.641730", "dep_id": 10048628, "site_name": "Liberty", "dev_stat": "Occurrence", "fips_code": "f53037", "huc_code": "h17030001", "quad_code": "q48122SEC2", "url": "https://mrdata.usgs.gov/mrds/show-mrds.php?dep_id=10048628", "code_list": "AU" }, "geometry": { "type": "Point", "coordinates": [ 47.29676, -120.64173 ] } },
{ "type": "Feature", "properties": { "gml_id": "mrds.47291", "lowerCorner": "47.257320 -120.647000", "upperCorner": "47.257320 -120.647000", "dep_id": 10048629, "site_name": "Mountain Daisy", "dev_stat": "Occurrence", "fips_code": "f53037", "huc_code": "h17030001", "quad_code": "q48122SEC2", "url": "https://mrdata.usgs.gov/mrds/show-mrds.php?dep_id=10048629", "code_list": "AU" }, "geometry": { "type": "Point", "coordinates": [ 47.25732, -120.647 ] } },
{ "type": "Feature", "properties": { "gml_id": "mrds.47320", "lowerCorner": "47.408160 -120.349490", "upperCorner": "47.408160 -120.349490", "dep_id": 10048659, "site_name": "Simon-Cumbo", "dev_stat": "Prospect", "fips_code": "f53007", "huc_code": "h17020010", "quad_code": "q48122SEF1", "url": "https://mrdata.usgs.gov/mrds/show-mrds.php?dep_id=10048659", "code_list": "AU AG" }, "geometry": { "type": "Point", "coordinates": [ 47.40816, -120.34949 ] } },
{ "type": "Feature", "properties": { "gml_id": "mrds.47323", "lowerCorner": "47.369000 -120.313100", "upperCorner": "47.369000 -120.313100", "dep_id": 10048662, "site_name": "Compton", "dev_stat": "Producer", "fips_code": "f53007", "huc_code": "h17020010", "quad_code": "q48122SEF2", "url": "https://mrdata.usgs.gov/mrds/show-mrds.php?dep_id=10048662", "code_list": "AU AG" }, "geometry": { "type": "Point", "coordinates": [ 47.369, -120.3131 ] } },
{ "type": "Feature", "properties": { "gml_id": "mrds.54296", "lowerCorner": "47.405650 -120.658110", "upperCorner": "47.405650 -120.658110", "dep_id": 10055847, "site_name": "Peshastin Creek Placers", "dev_stat": "Occurrence", "fips_code": "f53007", "huc_code": "h17020011", "quad_code": "q48122SEC1", "url": "https://mrdata.usgs.gov/mrds/show-mrds.php?dep_id=10055847", "code_list": "AU" }, "geometry": { "type": "Point", "coordinates": [ 47.40565, -120.65811 ] } },
{ "type": "Feature", "properties": { "gml_id": "mrds.54380", "lowerCorner": "47.254260 -120.658670", "upperCorner": "47.254260 -120.658670", "dep_id": 10055936, "site_name": "Boulder Creek Placer", "dev_stat": "Occurrence", "fips_code": "f53037", "huc_code": "h17030001", "quad_code": "q48122SEC2", "url": "https://mrdata.usgs.gov/mrds/show-mrds.php?dep_id=10055936", "code_list": "AU" }, "geometry": { "type": "Point", "coordinates": [ 47.25426, -120.65867 ] } },
{ "type": "Feature", "properties": { "gml_id": "mrds.54381", "lowerCorner": "47.281210 -120.639500", "upperCorner": "47.281210 -120.639500", "dep_id": 10055937, "site_name": "Cascade Chief", "dev_stat": "Occurrence", "fips_code": "f53037", "huc_code": "h17030001", "quad_code": "q48122SEC2", "url": "https://mrdata.usgs.gov/mrds/show-mrds.php?dep_id=10055937", "code_list": "AU" }, "geometry": { "type": "Point", "coordinates": [ 47.28121, -120.6395 ] } },
{ "type": "Feature", "properties": { "gml_id": "mrds.54382", "lowerCorner": "47.255930 -120.646170", "upperCorner": "47.255930 -120.646170", "dep_id": 10055938, "site_name": "Clarence Jordin", "dev_stat": "Occurrence", "fips_code": "f53037", "huc_code": "h17030001", "quad_code": "q48122SEC2", "url": "https://mrdata.usgs.gov/mrds/show-mrds.php?dep_id=10055938", "code_list": "AU" }, "geometry": { "type": "Point", "coordinates": [ 47.25593, -120.64617 ] } },
{ "type": "Feature", "properties": { "gml_id": "mrds.54386", "lowerCorner": "47.281210 -120.640610", "upperCorner": "47.281210 -120.640610", "dep_id": 10055942, "site_name": "Flodine", "dev_stat": "Occurrence", "fips_code": "f53037", "huc_code": "h17030001", "quad_code": "q48122SEC2", "url": "https://mrdata.usgs.gov/mrds/show-mrds.php?dep_id=10055942", "code_list": "AU" }, "geometry": { "type": "Point", "coordinates": [ 47.28121, -120.64061 ] } },
{ "type": "Feature", "properties": { "gml_id": "mrds.54393", "lowerCorner": "47.258430 -120.651730", "upperCorner": "47.258430 -120.651730", "dep_id": 10055950, "site_name": "Ollie Jordin", "dev_stat": "Occurrence", "fips_code": "f53037", "huc_code": "h17030001", "quad_code": "q48122SEC2", "url": "https://mrdata.usgs.gov/mrds/show-mrds.php?dep_id=10055950", "code_list": "AU" }, "geometry": { "type": "Point", "coordinates": [ 47.25843, -120.65173 ] } },
{ "type": "Feature", "properties": { "gml_id": "mrds.54396", "lowerCorner": "47.245930 -120.683390", "upperCorner": "47.245930 -120.683390", "dep_id": 10055954, "site_name": "Williams Creek Placer", "dev_stat": "Occurrence", "fips_code": "f53037", "huc_code": "h17030001", "quad_code": "q48122SEC3", "url": "https://mrdata.usgs.gov/mrds/show-mrds.php?dep_id=10055954", "code_list": "AU" }, "geometry": { "type": "Point", "coordinates": [ 47.24593, -120.68339 ] } },
{ "type": "Feature", "properties": { "gml_id": "mrds.66352", "lowerCorner": "47.392320 -120.659230", "upperCorner": "47.392320 -120.659230", "dep_id": 10068216, "site_name": "Blewett Iron", "dev_stat": "Prospect", "fips_code": "f53007", "huc_code": "h17020011", "quad_code": "q48122SEC1", "url": "https://mrdata.usgs.gov/mrds/show-mrds.php?dep_id=10068216", "code_list": "FE NI CR" }, "geometry": { "type": "Point", "coordinates": [ 47.39232, -120.65923 ] } },
{ "type": "Feature", "properties": { "gml_id": "mrds.90461", "lowerCorner": "47.252880 -120.667560", "upperCorner": "47.252880 -120.667560", "dep_id": 10093013, "site_name": "Old Bigney Placer", "dev_stat": "Occurrence", "fips_code": "f53037", "huc_code": "h17030001", "quad_code": "q48122SEC2", "url": "https://mrdata.usgs.gov/mrds/show-mrds.php?dep_id=10093013", "code_list": "AU" }, "geometry": { "type": "Point", "coordinates": [ 47.25288, -120.66756 ] } },
{ "type": "Feature", "properties": { "gml_id": "mrds.90462", "lowerCorner": "47.288430 -120.625610", "upperCorner": "47.288430 -120.625610", "dep_id": 10093014, "site_name": "Wall Street", "dev_stat": "Occurrence", "fips_code": "f53037", "huc_code": "h17030001", "quad_code": "q48122SEC2", "url": "https://mrdata.usgs.gov/mrds/show-mrds.php?dep_id=10093014", "code_list": "AU" }, "geometry": { "type": "Point", "coordinates": [ 47.28843, -120.62561 ] } },
{ "type": "Feature", "properties": { "gml_id": "mrds.93223", "lowerCorner": "47.258430 -120.651730", "upperCorner": "47.258430 -120.651730", "dep_id": 10095808, "site_name": "Ollie Jordin", "dev_stat": "Occurrence", "fips_code": "f53037", "huc_code": "h17030001", "quad_code": "q48122SEC2", "url": "https://mrdata.usgs.gov/mrds/show-mrds.php?dep_id=10095808", "code_list": "AU" }, "geometry": { "type": "Point", "coordinates": [ 47.25843, -120.65173 ] } },
{ "type": "Feature", "properties": { "gml_id": "mrds.100763", "lowerCorner": "47.111760 -120.720340", "upperCorner": "47.111760 -120.720340", "dep_id": 10103542, "site_name": "Perry Placer", "dev_stat": "Past Producer", "fips_code": "f53037", "huc_code": "h17030001", "quad_code": "q48122SEC4", "url": "https://mrdata.usgs.gov/mrds/show-mrds.php?dep_id=10103542", "code_list": "AU" }, "geometry": { "type": "Point", "coordinates": [ 47.11176, -120.72034 ] } },
{ "type": "Feature", "properties": { "gml_id": "mrds.127049", "lowerCorner": "47.503130 -120.317260", "upperCorner": "47.503130 -120.317260", "dep_id": 10130573, "site_name": "Starnose", "dev_stat": "Past Producer", "fips_code": "f53007", "huc_code": "h17020010", "quad_code": "q48122NEF4", "url": "https://mrdata.usgs.gov/mrds/show-mrds.php?dep_id=10130573", "code_list": "LST" }, "geometry": { "type": "Point", "coordinates": [ 47.50313, -120.31726 ] } },
{ "type": "Feature", "properties": { "gml_id": "mrds.127077", "lowerCorner": "47.427320 -120.704770", "upperCorner": "47.427320 -120.704770", "dep_id": 10130601, "site_name": "Rainier", "dev_stat": "Prospect", "fips_code": "f53007", "huc_code": "h17020011", "quad_code": "q48122SEC1", "url": "https://mrdata.usgs.gov/mrds/show-mrds.php?dep_id=10130601", "code_list": "AU CU NI AG" }, "geometry": { "type": "Point", "coordinates": [ 47.42732, -120.70477 ] } },
{ "type": "Feature", "properties": { "gml_id": "mrds.127089", "lowerCorner": "47.606220 -120.635880", "upperCorner": "47.606220 -120.635880", "dep_id": 10130613, "site_name": "Redmon Pit", "dev_stat": "Past Producer", "fips_code": "f53007", "huc_code": "h17020011", "quad_code": "q48122NEC4", "url": "https://mrdata.usgs.gov/mrds/show-mrds.php?dep_id=10130613", "code_list": "STN_C" }, "geometry": { "type": "Point", "coordinates": [ 47.60622, -120.63588 ] } },
{ "type": "Feature", "properties": { "gml_id": "mrds.127102", "lowerCorner": "47.589520 -120.673980", "upperCorner": "47.589520 -120.673980", "dep_id": 10130626, "site_name": "Unnamed Pit", "dev_stat": "Past Producer", "fips_code": "f53007", "huc_code": "h17020011", "quad_code": "q48122NEC4", "url": "https://mrdata.usgs.gov/mrds/show-mrds.php?dep_id=10130626", "code_list": "SDG" }, "geometry": { "type": "Point", "coordinates": [ 47.58952, -120.67398 ] } },
{ "type": "Feature", "properties": { "gml_id": "mrds.127119", "lowerCorner": "47.412920 -120.715870", "upperCorner": "47.412920 -120.715870", "dep_id": 10130643, "site_name": "Union and Dominion", "dev_stat": "Past Producer", "fips_code": "f53007", "huc_code": "h17020011", "quad_code": "q48122SEC1", "url": "https://mrdata.usgs.gov/mrds/show-mrds.php?dep_id=10130643", "code_list": "AU AG" }, "geometry": { "type": "Point", "coordinates": [ 47.41292, -120.71587 ] } },
{ "type": "Feature", "properties": { "gml_id": "mrds.127155", "lowerCorner": "47.427620 -120.728970", "upperCorner": "47.427620 -120.728970", "dep_id": 10130679, "site_name": "Gordon", "dev_stat": "Prospect", "fips_code": "f53007", "huc_code": "h17020011", "quad_code": "q48122SEC1", "url": "https://mrdata.usgs.gov/mrds/show-mrds.php?dep_id=10130679", "code_list": "AU NI AG" }, "geometry": { "type": "Point", "coordinates": [ 47.42762, -120.72897 ] } },
{ "type": "Feature", "properties": { "gml_id": "mrds.127173", "lowerCorner": "47.514230 -120.439470", "upperCorner": "47.514230 -120.439470", "dep_id": 10130697, "site_name": "Carey Pit", "dev_stat": "Past Producer", "fips_code": "f53007", "huc_code": "h17020011", "quad_code": "q48122NEE4", "url": "https://mrdata.usgs.gov/mrds/show-mrds.php?dep_id=10130697", "code_list": "SDG" }, "geometry": { "type": "Point", "coordinates": [ 47.51423, -120.43947 ] } },
{ "type": "Feature", "properties": { "gml_id": "mrds.127349", "lowerCorner": "47.467020 -120.653970", "upperCorner": "47.467020 -120.653970", "dep_id": 10130875, "site_name": "Allen", "dev_stat": "Past Producer", "fips_code": "f53007", "huc_code": "h17020011", "quad_code": "q48122SEC1", "url": "https://mrdata.usgs.gov/mrds/show-mrds.php?dep_id=10130875", "code_list": "SDG" }, "geometry": { "type": "Point", "coordinates": [ 47.46702, -120.65397 ] } },
{ "type": "Feature", "properties": { "gml_id": "mrds.127480", "lowerCorner": "47.420620 -120.657870", "upperCorner": "47.420620 -120.657870", "dep_id": 10131006, "site_name": "Lone Rock", "dev_stat": "Prospect", "fips_code": "f53007", "huc_code": "h17020011", "quad_code": "q48122SEC1", "url": "https://mrdata.usgs.gov/mrds/show-mrds.php?dep_id=10131006", "code_list": "AU AG" }, "geometry": { "type": "Point", "coordinates": [ 47.42062, -120.65787 ] } },
{ "type": "Feature", "properties": { "gml_id": "mrds.127516", "lowerCorner": "47.422920 -120.641770", "upperCorner": "47.422920 -120.641770", "dep_id": 10131042, "site_name": "Gold Bond Nickel", "dev_stat": "Occurrence", "fips_code": "f53007", "huc_code": "h17020011", "quad_code": "q48122SEC1", "url": "https://mrdata.usgs.gov/mrds/show-mrds.php?dep_id=10131042", "code_list": "NI" }, "geometry": { "type": "Point", "coordinates": [ 47.42292, -120.64177 ] } },
{ "type": "Feature", "properties": { "gml_id": "mrds.127519", "lowerCorner": "47.468130 -120.340360", "upperCorner": "47.468130 -120.340360", "dep_id": 10131045, "site_name": "Unnamed Pit", "dev_stat": "Past Producer", "fips_code": "f53007", "huc_code": "h17020011", "quad_code": "q48122SEF1", "url": "https://mrdata.usgs.gov/mrds/show-mrds.php?dep_id=10131045", "code_list": "SDG" }, "geometry": { "type": "Point", "coordinates": [ 47.46813, -120.34036 ] } },
{ "type": "Feature", "properties": { "gml_id": "mrds.127541", "lowerCorner": "47.428720 -120.651170", "upperCorner": "47.428720 -120.651170", "dep_id": 10131068, "site_name": "Apple Queen", "dev_stat": "Occurrence", "fips_code": "f53007", "huc_code": "h17020011", "quad_code": "q48122SEC1", "url": "https://mrdata.usgs.gov/mrds/show-mrds.php?dep_id=10131068", "code_list": "AU" }, "geometry": { "type": "Point", "coordinates": [ 47.42872, -120.65117 ] } },
{ "type": "Feature", "properties": { "gml_id": "mrds.127716", "lowerCorner": "47.514220 -120.448970", "upperCorner": "47.514220 -120.448970", "dep_id": 10131245, "site_name": "Unnamed Pit", "dev_stat": "Past Producer", "fips_code": "f53007", "huc_code": "h17020011", "quad_code": "q48122NEE4", "url": "https://mrdata.usgs.gov/mrds/show-mrds.php?dep_id=10131245", "code_list": "SDG" }, "geometry": { "type": "Point", "coordinates": [ 47.51422, -120.44897 ] } },
{ "type": "Feature", "properties": { "gml_id": "mrds.127735", "lowerCorner": "47.391220 -120.660370", "upperCorner": "47.391220 -120.660370", "dep_id": 10131264, "site_name": "Budge", "dev_stat": "Prospect", "fips_code": "f53007", "huc_code": "h17020011", "quad_code": "q48122SEC1", "url": "https://mrdata.usgs.gov/mrds/show-mrds.php?dep_id=10131264", "code_list": "AG AU" }, "geometry": { "type": "Point", "coordinates": [ 47.39122, -120.66037 ] } },
{ "type": "Feature", "properties": { "gml_id": "mrds.127746", "lowerCorner": "47.425420 -120.676770", "upperCorner": "47.425420 -120.676770", "dep_id": 10131275, "site_name": "Hummingbird", "dev_stat": "Past Producer", "fips_code": "f53007", "huc_code": "h17020011", "quad_code": "q48122SEC1", "url": "https://mrdata.usgs.gov/mrds/show-mrds.php?dep_id=10131275", "code_list": "AU AS CU AG" }, "geometry": { "type": "Point", "coordinates": [ 47.42542, -120.67677 ] } },
{ "type": "Feature", "properties": { "gml_id": "mrds.127747", "lowerCorner": "47.410620 -120.715570", "upperCorner": "47.410620 -120.715570", "dep_id": 10131276, "site_name": "Amigo", "dev_stat": "Occurrence", "fips_code": "f53007", "huc_code": "h17020011", "quad_code": "q48122SEC1", "url": "https://mrdata.usgs.gov/mrds/show-mrds.php?dep_id=10131276", "code_list": "AU AG" }, "geometry": { "type": "Point", "coordinates": [ 47.41062, -120.71557 ] } },
{ "type": "Feature", "properties": { "gml_id": "mrds.127754", "lowerCorner": "47.428420 -120.679770", "upperCorner": "47.428420 -120.679770", "dep_id": 10131283, "site_name": "Wilder", "dev_stat": "Past Producer", "fips_code": "f53007", "huc_code": "h17020011", "quad_code": "q48122SEC1", "url": "https://mrdata.usgs.gov/mrds/show-mrds.php?dep_id=10131283", "code_list": "AU CU AG" }, "geometry": { "type": "Point", "coordinates": [ 47.42842, -120.67977 ] } },
{ "type": "Feature", "properties": { "gml_id": "mrds.127783", "lowerCorner": "47.393730 -120.340860", "upperCorner": "47.393730 -120.340860", "dep_id": 10131312, "site_name": "Gold Knob", "dev_stat": "Prospect", "fips_code": "f53007", "huc_code": "h17020010", "quad_code": "q48122SEF1", "url": "https://mrdata.usgs.gov/mrds/show-mrds.php?dep_id=10131312", "code_list": "AU AG" }, "geometry": { "type": "Point", "coordinates": [ 47.39373, -120.34086 ] } },
{ "type": "Feature", "properties": { "gml_id": "mrds.127788", "lowerCorner": "47.445920 -120.680070", "upperCorner": "47.445920 -120.680070", "dep_id": 10131317, "site_name": "New York", "dev_stat": "Prospect", "fips_code": "f53007", "huc_code": "h17020011", "quad_code": "q48122SEC1", "url": "https://mrdata.usgs.gov/mrds/show-mrds.php?dep_id=10131317", "code_list": "AU CU AG" }, "geometry": { "type": "Point", "coordinates": [ 47.44592, -120.68007 ] } },
{ "type": "Feature", "properties": { "gml_id": "mrds.127810", "lowerCorner": "47.270420 -120.610870", "upperCorner": "47.270420 -120.610870", "dep_id": 10131339, "site_name": "Gold Hill Suburb", "dev_stat": "Past Producer", "fips_code": "f53037", "huc_code": "h17030001", "quad_code": "q48122SED2", "url": "https://mrdata.usgs.gov/mrds/show-mrds.php?dep_id=10131339", "code_list": "AU" }, "geometry": { "type": "Point", "coordinates": [ 47.27042, -120.61087 ] } },
{ "type": "Feature", "properties": { "gml_id": "mrds.128216", "lowerCorner": "47.248120 -120.646170", "upperCorner": "47.248120 -120.646170", "dep_id": 10131754, "site_name": "Eureka Quartz Claim", "dev_stat": "Prospect", "fips_code": "f53037", "huc_code": "h17030001", "quad_code": "q48122SEC3", "url": "https://mrdata.usgs.gov/mrds/show-mrds.php?dep_id=10131754", "code_list": "AU" }, "geometry": { "type": "Point", "coordinates": [ 47.24812, -120.64617 ] } },
{ "type": "Feature", "properties": { "gml_id": "mrds.128498", "lowerCorner": "47.252620 -120.668070", "upperCorner": "47.252620 -120.668070", "dep_id": 10132038, "site_name": "Williams Creek Placer", "dev_stat": "Past Producer", "fips_code": "f53037", "huc_code": "h17030001", "quad_code": "q48122SEC2", "url": "https://mrdata.usgs.gov/mrds/show-mrds.php?dep_id=10132038", "code_list": "AU" }, "geometry": { "type": "Point", "coordinates": [ 47.25262, -120.66807 ] } },
{ "type": "Feature", "properties": { "gml_id": "mrds.151417", "lowerCorner": "47.429030 -120.309460", "upperCorner": "47.429030 -120.309460", "dep_id": 10155536, "site_name": "Wenatchee Placer", "dev_stat": "Prospect", "fips_code": "f53007", "huc_code": "h17020010", "quad_code": "q48122SEF1", "url": "https://mrdata.usgs.gov/mrds/show-mrds.php?dep_id=10155536", "code_list": "AU" }, "geometry": { "type": "Point", "coordinates": [ 47.42903, -120.30946 ] } },
{ "type": "Feature", "properties": { "gml_id": "mrds.151477", "lowerCorner": "47.117020 -120.740870", "upperCorner": "47.117020 -120.740870", "dep_id": 10155597, "site_name": "Adams Quarry", "dev_stat": "Past Producer", "fips_code": "f53037", "huc_code": "h17030001", "quad_code": "q48122SEC4", "url": "https://mrdata.usgs.gov/mrds/show-mrds.php?dep_id=10155597", "code_list": "STN_C" }, "geometry": { "type": "Point", "coordinates": [ 47.11702, -120.74087 ] } },
{ "type": "Feature", "properties": { "gml_id": "mrds.151531", "lowerCorner": "47.507330 -120.330060", "upperCorner": "47.507330 -120.330060", "dep_id": 10155651, "site_name": "Boyles", "dev_stat": "Occurrence", "fips_code": "f53007", "huc_code": "h17020010", "quad_code": "q48122NEF4", "url": "https://mrdata.usgs.gov/mrds/show-mrds.php?dep_id=10155651", "code_list": "SIL" }, "geometry": { "type": "Point", "coordinates": [ 47.50733, -120.33006 ] } },
{ "type": "Feature", "properties": { "gml_id": "mrds.151633", "lowerCorner": "47.052020 -120.610860", "upperCorner": "47.052020 -120.610860", "dep_id": 10155754, "site_name": "O'Neal Pit", "dev_stat": "Past Producer", "fips_code": "f53037", "huc_code": "h17030001", "quad_code": "q48122SED4", "url": "https://mrdata.usgs.gov/mrds/show-mrds.php?dep_id=10155754", "code_list": "SDG" }, "geometry": { "type": "Point", "coordinates": [ 47.05202, -120.61086 ] } },
{ "type": "Feature", "properties": { "gml_id": "mrds.151668", "lowerCorner": "47.331720 -120.695570", "upperCorner": "47.331720 -120.695570", "dep_id": 10155790, "site_name": "Little Wampum", "dev_stat": "Prospect", "fips_code": "f53037", "huc_code": "h17030001", "quad_code": "q48122SEC2", "url": "https://mrdata.usgs.gov/mrds/show-mrds.php?dep_id=10155790", "code_list": "AU" }, "geometry": { "type": "Point", "coordinates": [ 47.33172, -120.69557 ] } },
{ "type": "Feature", "properties": { "gml_id": "mrds.151703", "lowerCorner": "47.424520 -120.695570", "upperCorner": "47.424520 -120.695570", "dep_id": 10155826, "site_name": "Apex", "dev_stat": "Past Producer", "fips_code": "f53007", "huc_code": "h17020011", "quad_code": "q48122SEC1", "url": "https://mrdata.usgs.gov/mrds/show-mrds.php?dep_id=10155826", "code_list": "AU" }, "geometry": { "type": "Point", "coordinates": [ 47.42452, -120.69557 ] } },
{ "type": "Feature", "properties": { "gml_id": "mrds.151763", "lowerCorner": "47.397020 -120.673370", "upperCorner": "47.397020 -120.673370", "dep_id": 10155887, "site_name": "Peshastin Creek", "dev_stat": "Occurrence", "fips_code": "f53007", "huc_code": "h17020011", "quad_code": "q48122SEC1", "url": "https://mrdata.usgs.gov/mrds/show-mrds.php?dep_id=10155887", "code_list": "ASB" }, "geometry": { "type": "Point", "coordinates": [ 47.39702, -120.67337 ] } },
{ "type": "Feature", "properties": { "gml_id": "mrds.151772", "lowerCorner": "47.258420 -120.652270", "upperCorner": "47.258420 -120.652270", "dep_id": 10155896, "site_name": "Mountain Daisy", "dev_stat": "Past Producer", "fips_code": "f53037", "huc_code": "h17030001", "quad_code": "q48122SEC2", "url": "https://mrdata.usgs.gov/mrds/show-mrds.php?dep_id=10155896", "code_list": "AU" }, "geometry": { "type": "Point", "coordinates": [ 47.25842, -120.65227 ] } },
{ "type": "Feature", "properties": { "gml_id": "mrds.151828", "lowerCorner": "47.244220 -120.679270", "upperCorner": "47.244220 -120.679270", "dep_id": 10155952, "site_name": "Burcham Placer", "dev_stat": "Past Producer", "fips_code": "f53037", "huc_code": "h17030001", "quad_code": "q48122SEC3", "url": "https://mrdata.usgs.gov/mrds/show-mrds.php?dep_id=10155952", "code_list": "AU" }, "geometry": { "type": "Point", "coordinates": [ 47.24422, -120.67927 ] } },
{ "type": "Feature", "properties": { "gml_id": "mrds.151889", "lowerCorner": "47.426720 -120.673370", "upperCorner": "47.426720 -120.673370", "dep_id": 10156015, "site_name": "Bobtail", "dev_stat": "Past Producer", "fips_code": "f53007", "huc_code": "h17020011", "quad_code": "q48122SEC1", "url": "https://mrdata.usgs.gov/mrds/show-mrds.php?dep_id=10156015", "code_list": "AU" }, "geometry": { "type": "Point", "coordinates": [ 47.42672, -120.67337 ] } },
{ "type": "Feature", "properties": { "gml_id": "mrds.151922", "lowerCorner": "47.424820 -120.692870", "upperCorner": "47.424820 -120.692870", "dep_id": 10156048, "site_name": "Blinn", "dev_stat": "Past Producer", "fips_code": "f53007", "huc_code": "h17020011", "quad_code": "q48122SEC1", "url": "https://mrdata.usgs.gov/mrds/show-mrds.php?dep_id=10156048", "code_list": "AU S" }, "geometry": { "type": "Point", "coordinates": [ 47.42482, -120.69287 ] } },
{ "type": "Feature", "properties": { "gml_id": "mrds.151960", "lowerCorner": "47.241720 -120.688970", "upperCorner": "47.241720 -120.688970", "dep_id": 10156086, "site_name": "Bryant Bar Placer", "dev_stat": "Past Producer", "fips_code": "f53037", "huc_code": "h17030001", "quad_code": "q48122SEC3", "url": "https://mrdata.usgs.gov/mrds/show-mrds.php?dep_id=10156086", "code_list": "AU" }, "geometry": { "type": "Point", "coordinates": [ 47.24172, -120.68897 ] } },
{ "type": "Feature", "properties": { "gml_id": "mrds.152023", "lowerCorner": "47.436520 -120.646770", "upperCorner": "47.436520 -120.646770", "dep_id": 10156150, "site_name": "Marion", "dev_stat": "Past Producer", "fips_code": "f53007", "huc_code": "h17020011", "quad_code": "q48122SEC1", "url": "https://mrdata.usgs.gov/mrds/show-mrds.php?dep_id=10156150", "code_list": "AU AG" }, "geometry": { "type": "Point", "coordinates": [ 47.43652, -120.64677 ] } },
{ "type": "Feature", "properties": { "gml_id": "mrds.152047", "lowerCorner": "47.395920 -120.653370", "upperCorner": "47.395920 -120.653370", "dep_id": 10156174, "site_name": "Rothert", "dev_stat": "Occurrence", "fips_code": "f53007", "huc_code": "h17020011", "quad_code": "q48122SEC1", "url": "https://mrdata.usgs.gov/mrds/show-mrds.php?dep_id=10156174", "code_list": "FE" }, "geometry": { "type": "Point", "coordinates": [ 47.39592, -120.65337 ] } },
{ "type": "Feature", "properties": { "gml_id": "mrds.152123", "lowerCorner": "47.298420 -120.640570", "upperCorner": "47.298420 -120.640570", "dep_id": 10156250, "site_name": "Caralona", "dev_stat": "Prospect", "fips_code": "f53037", "huc_code": "h17030001", "quad_code": "q48122SEC2", "url": "https://mrdata.usgs.gov/mrds/show-mrds.php?dep_id=10156250", "code_list": "AU" }, "geometry": { "type": "Point", "coordinates": [ 47.29842, -120.64057 ] } },
{ "type": "Feature", "properties": { "gml_id": "mrds.155708", "lowerCorner": "47.451220 -120.640370", "upperCorner": "47.451220 -120.640370", "dep_id": 10159962, "site_name": "Peshastin", "dev_stat": "Unknown", "fips_code": "f53007", "huc_code": "h17020011", "quad_code": "q48122SEC1", "url": "https://mrdata.usgs.gov/mrds/show-mrds.php?dep_id=10159962", "code_list": "U" }, "geometry": { "type": "Point", "coordinates": [ 47.45122, -120.64037 ] } },
{ "type": "Feature", "properties": { "gml_id": "mrds.175113", "lowerCorner": "47.373130 -120.339760", "upperCorner": "47.373130 -120.339760", "dep_id": 10179806, "site_name": "Deegan Deposit", "dev_stat": "Occurrence", "fips_code": "f53007", "huc_code": "h17020010", "quad_code": "q48122SEF2", "url": "https://mrdata.usgs.gov/mrds/show-mrds.php?dep_id=10179806", "code_list": "SIL" }, "geometry": { "type": "Point", "coordinates": [ 47.37313, -120.33976 ] } },
{ "type": "Feature", "properties": { "gml_id": "mrds.175207", "lowerCorner": "47.425920 -120.680370", "upperCorner": "47.425920 -120.680370", "dep_id": 10179900, "site_name": "M.D.O.I.# 1 Mine and Mill", "dev_stat": "Past Producer", "fips_code": "f53007", "huc_code": "h17020011", "quad_code": "q48122SEC1", "url": "https://mrdata.usgs.gov/mrds/show-mrds.php?dep_id=10179900", "code_list": "AU AG" }, "geometry": { "type": "Point", "coordinates": [ 47.42592, -120.68037 ] } },
{ "type": "Feature", "properties": { "gml_id": "mrds.175240", "lowerCorner": "47.474820 -120.628370", "upperCorner": "47.474820 -120.628370", "dep_id": 10179933, "site_name": "Stephens", "dev_stat": "Occurrence", "fips_code": "f53007", "huc_code": "h17020011", "quad_code": "q48122SEC1", "url": "https://mrdata.usgs.gov/mrds/show-mrds.php?dep_id=10179933", "code_list": "NI" }, "geometry": { "type": "Point", "coordinates": [ 47.47482, -120.62837 ] } },
{ "type": "Feature", "properties": { "gml_id": "mrds.175374", "lowerCorner": "47.262320 -120.703970", "upperCorner": "47.262320 -120.703970", "dep_id": 10180071, "site_name": "Baker Creek Placers", "dev_stat": "Past Producer", "fips_code": "f53037", "huc_code": "h17030001", "quad_code": "q48122SEC2", "url": "https://mrdata.usgs.gov/mrds/show-mrds.php?dep_id=10180071", "code_list": "AU" }, "geometry": { "type": "Point", "coordinates": [ 47.26232, -120.70397 ] } },
{ "type": "Feature", "properties": { "gml_id": "mrds.175404", "lowerCorner": "47.587020 -120.700380", "upperCorner": "47.587020 -120.700380", "dep_id": 10180101, "site_name": "Leavenworth", "dev_stat": "Prospect", "fips_code": "f53007", "huc_code": "h17020011", "quad_code": "q48122NEC4", "url": "https://mrdata.usgs.gov/mrds/show-mrds.php?dep_id=10180101", "code_list": "SIL" }, "geometry": { "type": "Point", "coordinates": [ 47.58702, -120.70038 ] } },
{ "type": "Feature", "properties": { "gml_id": "mrds.175407", "lowerCorner": "47.225420 -120.697570", "upperCorner": "47.225420 -120.697570", "dep_id": 10180104, "site_name": "Gold Bar Placer", "dev_stat": "Past Producer", "fips_code": "f53037", "huc_code": "h17030001", "quad_code": "q48122SEC3", "url": "https://mrdata.usgs.gov/mrds/show-mrds.php?dep_id=10180104", "code_list": "AU" }, "geometry": { "type": "Point", "coordinates": [ 47.22542, -120.69757 ] } },
{ "type": "Feature", "properties": { "gml_id": "mrds.175469", "lowerCorner": "47.435620 -120.658970", "upperCorner": "47.435620 -120.658970", "dep_id": 10180168, "site_name": "Bloom Placer", "dev_stat": "Past Producer", "fips_code": "f53007", "huc_code": "h17020011", "quad_code": "q48122SEC1", "url": "https://mrdata.usgs.gov/mrds/show-mrds.php?dep_id=10180168", "code_list": "AU" }, "geometry": { "type": "Point", "coordinates": [ 47.43562, -120.65897 ] } },
{ "type": "Feature", "properties": { "gml_id": "mrds.175625", "lowerCorner": "47.427320 -120.656470", "upperCorner": "47.427320 -120.656470", "dep_id": 10180324, "site_name": "Blue Bell", "dev_stat": "Past Producer", "fips_code": "f53007", "huc_code": "h17020011", "quad_code": "q48122SEC1", "url": "https://mrdata.usgs.gov/mrds/show-mrds.php?dep_id=10180324", "code_list": "AU" }, "geometry": { "type": "Point", "coordinates": [ 47.42732, -120.65647 ] } },
{ "type": "Feature", "properties": { "gml_id": "mrds.175643", "lowerCorner": "47.250620 -120.656470", "upperCorner": "47.250620 -120.656470", "dep_id": 10180342, "site_name": "Ewell", "dev_stat": "Prospect", "fips_code": "f53037", "huc_code": "h17030001", "quad_code": "q48122SEC2", "url": "https://mrdata.usgs.gov/mrds/show-mrds.php?dep_id=10180342", "code_list": "AU" }, "geometry": { "type": "Point", "coordinates": [ 47.25062, -120.65647 ] } },
{ "type": "Feature", "properties": { "gml_id": "mrds.175654", "lowerCorner": "47.424520 -120.663670", "upperCorner": "47.424520 -120.663670", "dep_id": 10180353, "site_name": "Peshastin", "dev_stat": "Past Producer", "fips_code": "f53007", "huc_code": "h17020011", "quad_code": "q48122SEC1", "url": "https://mrdata.usgs.gov/mrds/show-mrds.php?dep_id=10180353", "code_list": "AU SB AS CU" }, "geometry": { "type": "Point", "coordinates": [ 47.42452, -120.66367 ] } },
{ "type": "Feature", "properties": { "gml_id": "mrds.175701", "lowerCorner": "47.530420 -120.442870", "upperCorner": "47.530420 -120.442870", "dep_id": 10180400, "site_name": "Radio Claims", "dev_stat": "Prospect", "fips_code": "f53007", "huc_code": "h17020011", "quad_code": "q48122NEE4", "url": "https://mrdata.usgs.gov/mrds/show-mrds.php?dep_id=10180400", "code_list": "AU AG" }, "geometry": { "type": "Point", "coordinates": [ 47.53042, -120.44287 ] } },
{ "type": "Feature", "properties": { "gml_id": "mrds.175845", "lowerCorner": "47.280420 -120.693670", "upperCorner": "47.280420 -120.693670", "dep_id": 10180547, "site_name": "Black Diamond", "dev_stat": "Past Producer", "fips_code": "f53037", "huc_code": "h17030001", "quad_code": "q48122SEC2", "url": "https://mrdata.usgs.gov/mrds/show-mrds.php?dep_id=10180547", "code_list": "STN_F" }, "geometry": { "type": "Point", "coordinates": [ 47.28042, -120.69367 ] } },
{ "type": "Feature", "properties": { "gml_id": "mrds.179003", "lowerCorner": "47.487320 -120.652270", "upperCorner": "47.487320 -120.652270", "dep_id": 10183800, "site_name": "Howell Claim", "dev_stat": "Unknown", "fips_code": "f53007", "huc_code": "h17020011", "quad_code": "q48122SEC1", "url": "https://mrdata.usgs.gov/mrds/show-mrds.php?dep_id=10183800", "code_list": "AU" }, "geometry": { "type": "Point", "coordinates": [ 47.48732, -120.65227 ] } },
{ "type": "Feature", "properties": { "gml_id": "mrds.198263", "lowerCorner": "47.429820 -120.647870", "upperCorner": "47.429820 -120.647870", "dep_id": 10203498, "site_name": "Caledonia", "dev_stat": "Prospect", "fips_code": "f53007", "huc_code": "h17020011", "quad_code": "q48122SEC1", "url": "https://mrdata.usgs.gov/mrds/show-mrds.php?dep_id=10203498", "code_list": "AG SB CU AU" }, "geometry": { "type": "Point", "coordinates": [ 47.42982, -120.64787 ] } },
{ "type": "Feature", "properties": { "gml_id": "mrds.198274", "lowerCorner": "47.432620 -120.653070", "upperCorner": "47.432620 -120.653070", "dep_id": 10203509, "site_name": "Cook Placer", "dev_stat": "Past Producer", "fips_code": "f53007", "huc_code": "h17020011", "quad_code": "q48122SEC1", "url": "https://mrdata.usgs.gov/mrds/show-mrds.php?dep_id=10203509", "code_list": "AU" }, "geometry": { "type": "Point", "coordinates": [ 47.43262, -120.65307 ] } },
{ "type": "Feature", "properties": { "gml_id": "mrds.198337", "lowerCorner": "47.435130 -120.305860", "upperCorner": "47.435130 -120.305860", "dep_id": 10203573, "site_name": "Unnamed Pit", "dev_stat": "Past Producer", "fips_code": "f53017", "huc_code": "h17020010", "quad_code": "q48122SEF1", "url": "https://mrdata.usgs.gov/mrds/show-mrds.php?dep_id=10203573", "code_list": "SDG" }, "geometry": { "type": "Point", "coordinates": [ 47.43513, -120.30586 ] } },
{ "type": "Feature", "properties": { "gml_id": "mrds.198343", "lowerCorner": "47.389530 -120.318660", "upperCorner": "47.389530 -120.318660", "dep_id": 10203579, "site_name": "Rooster Comb", "dev_stat": "Occurrence", "fips_code": "f53007", "huc_code": "h17020010", "quad_code": "q48122SEF1", "url": "https://mrdata.usgs.gov/mrds/show-mrds.php?dep_id=10203579", "code_list": "PER" }, "geometry": { "type": "Point", "coordinates": [ 47.38953, -120.31866 ] } },
{ "type": "Feature", "properties": { "gml_id": "mrds.198356", "lowerCorner": "47.424820 -120.676170", "upperCorner": "47.424820 -120.676170", "dep_id": 10203592, "site_name": "Donahue", "dev_stat": "Plant", "fips_code": "f53007", "huc_code": "h17020011", "quad_code": "q48122SEC1", "url": "https://mrdata.usgs.gov/mrds/show-mrds.php?dep_id=10203592", "code_list": "AU" }, "geometry": { "type": "Point", "coordinates": [ 47.42482, -120.67617 ] } },
{ "type": "Feature", "properties": { "gml_id": "mrds.198415", "lowerCorner": "47.387630 -120.305560", "upperCorner": "47.387630 -120.305560", "dep_id": 10203651, "site_name": "Cain", "dev_stat": "Occurrence", "fips_code": "f53007", "huc_code": "h17020010", "quad_code": "q48122SEF1", "url": "https://mrdata.usgs.gov/mrds/show-mrds.php?dep_id=10203651", "code_list": "SIL" }, "geometry": { "type": "Point", "coordinates": [ 47.38763, -120.30556 ] } },
{ "type": "Feature", "properties": { "gml_id": "mrds.198515", "lowerCorner": "47.489530 -120.316760", "upperCorner": "47.489530 -120.316760", "dep_id": 10203751, "site_name": "Bolyard Pit", "dev_stat": "Past Producer", "fips_code": "f53007", "huc_code": "h17020010", "quad_code": "q48122SEF1", "url": "https://mrdata.usgs.gov/mrds/show-mrds.php?dep_id=10203751", "code_list": "SDG" }, "geometry": { "type": "Point", "coordinates": [ 47.48953, -120.31676 ] } },
{ "type": "Feature", "properties": { "gml_id": "mrds.198652", "lowerCorner": "47.391530 -120.332260", "upperCorner": "47.391530 -120.332260", "dep_id": 10203889, "site_name": "Dry Gulch Clay Deposit", "dev_stat": "Occurrence", "fips_code": "f53007", "huc_code": "h17020010", "quad_code": "q48122SEF1", "url": "https://mrdata.usgs.gov/mrds/show-mrds.php?dep_id=10203889", "code_list": "AL" }, "geometry": { "type": "Point", "coordinates": [ 47.39153, -120.33226 ] } },
{ "type": "Feature", "properties": { "gml_id": "mrds.198679", "lowerCorner": "47.399220 -120.663370", "upperCorner": "47.399220 -120.663370", "dep_id": 10203916, "site_name": "Blewett Iron-Nickel Deposit", "dev_stat": "Prospect", "fips_code": "f53007", "huc_code": "h17020011", "quad_code": "q48122SEC1", "url": "https://mrdata.usgs.gov/mrds/show-mrds.php?dep_id=10203916", "code_list": "FE NI CR" }, "geometry": { "type": "Point", "coordinates": [ 47.39922, -120.66337 ] } },
{ "type": "Feature", "properties": { "gml_id": "mrds.198845", "lowerCorner": "47.479230 -120.319260", "upperCorner": "47.479230 -120.319260", "dep_id": 10204083, "site_name": "Unnamed Pit", "dev_stat": "Past Producer", "fips_code": "f53007", "huc_code": "h17020010", "quad_code": "q48122SEF1", "url": "https://mrdata.usgs.gov/mrds/show-mrds.php?dep_id=10204083", "code_list": "SDG" }, "geometry": { "type": "Point", "coordinates": [ 47.47923, -120.31926 ] } },
{ "type": "Feature", "properties": { "gml_id": "mrds.198923", "lowerCorner": "47.407020 -120.659270", "upperCorner": "47.407020 -120.659270", "dep_id": 10204162, "site_name": "Shoestring Claims", "dev_stat": "Occurrence", "fips_code": "f53007", "huc_code": "h17020011", "quad_code": "q48122SEC1", "url": "https://mrdata.usgs.gov/mrds/show-mrds.php?dep_id=10204162", "code_list": "AU AG" }, "geometry": { "type": "Point", "coordinates": [ 47.40702, -120.65927 ] } },
{ "type": "Feature", "properties": { "gml_id": "mrds.199336", "lowerCorner": "47.331720 -120.620070", "upperCorner": "47.331720 -120.620070", "dep_id": 10204581, "site_name": "Zerwekh", "dev_stat": "Prospect", "fips_code": "f53037", "huc_code": "h17030001", "quad_code": "q48122SED2", "url": "https://mrdata.usgs.gov/mrds/show-mrds.php?dep_id=10204581", "code_list": "AU AG" }, "geometry": { "type": "Point", "coordinates": [ 47.33172, -120.62007 ] } },
{ "type": "Feature", "properties": { "gml_id": "mrds.199584", "lowerCorner": "47.255420 -120.629470", "upperCorner": "47.255420 -120.629470", "dep_id": 10204829, "site_name": "Anna May Claim", "dev_stat": "Past Producer", "fips_code": "f53037", "huc_code": "h17030001", "quad_code": "q48122SEC2", "url": "https://mrdata.usgs.gov/mrds/show-mrds.php?dep_id=10204829", "code_list": "AU" }, "geometry": { "type": "Point", "coordinates": [ 47.25542, -120.62947 ] } },
{ "type": "Feature", "properties": { "gml_id": "mrds.199597", "lowerCorner": "47.260920 -120.668070", "upperCorner": "47.260920 -120.668070", "dep_id": 10204842, "site_name": "J and J Prospect", "dev_stat": "Occurrence", "fips_code": "f53037", "huc_code": "h17030001", "quad_code": "q48122SEC2", "url": "https://mrdata.usgs.gov/mrds/show-mrds.php?dep_id=10204842", "code_list": "AU" }, "geometry": { "type": "Point", "coordinates": [ 47.26092, -120.66807 ] } },
{ "type": "Feature", "properties": { "gml_id": "mrds.199601", "lowerCorner": "47.238120 -120.705370", "upperCorner": "47.238120 -120.705370", "dep_id": 10204846, "site_name": "Fraction Placer", "dev_stat": "Past Producer", "fips_code": "f53037", "huc_code": "h17030001", "quad_code": "q48122SEC3", "url": "https://mrdata.usgs.gov/mrds/show-mrds.php?dep_id=10204846", "code_list": "AU" }, "geometry": { "type": "Point", "coordinates": [ 47.23812, -120.70537 ] } },
{ "type": "Feature", "properties": { "gml_id": "mrds.221837", "lowerCorner": "47.416520 -120.509770", "upperCorner": "47.416520 -120.509770", "dep_id": 10227618, "site_name": "Mission Creek A", "dev_stat": "Occurrence", "fips_code": "f53007", "huc_code": "h17020011", "quad_code": "q48122SED1", "url": "https://mrdata.usgs.gov/mrds/show-mrds.php?dep_id=10227618", "code_list": "STN_C" }, "geometry": { "type": "Point", "coordinates": [ 47.41652, -120.50977 ] } },
{ "type": "Feature", "properties": { "gml_id": "mrds.221848", "lowerCorner": "47.399830 -120.334460", "upperCorner": "47.399830 -120.334460", "dep_id": 10227629, "site_name": "Squaw Saddle No. 2", "dev_stat": "Occurrence", "fips_code": "f53007", "huc_code": "h17020010", "quad_code": "q48122SEF1", "url": "https://mrdata.usgs.gov/mrds/show-mrds.php?dep_id=10227629", "code_list": "AL GYP" }, "geometry": { "type": "Point", "coordinates": [ 47.39983, -120.33446 ] } },
{ "type": "Feature", "properties": { "gml_id": "mrds.221982", "lowerCorner": "47.428720 -120.671970", "upperCorner": "47.428720 -120.671970", "dep_id": 10227763, "site_name": "Roy and Ray", "dev_stat": "Occurrence", "fips_code": "f53007", "huc_code": "h17020011", "quad_code": "q48122SEC1", "url": "https://mrdata.usgs.gov/mrds/show-mrds.php?dep_id=10227763", "code_list": "AU" }, "geometry": { "type": "Point", "coordinates": [ 47.42872, -120.67197 ] } },
{ "type": "Feature", "properties": { "gml_id": "mrds.222163", "lowerCorner": "47.532920 -120.526470", "upperCorner": "47.532920 -120.526470", "dep_id": 10227946, "site_name": "Carter Pit", "dev_stat": "Past Producer", "fips_code": "f53007", "huc_code": "h17020011", "quad_code": "q48122NED4", "url": "https://mrdata.usgs.gov/mrds/show-mrds.php?dep_id=10227946", "code_list": "SDG" }, "geometry": { "type": "Point", "coordinates": [ 47.53292, -120.52647 ] } },
{ "type": "Feature", "properties": { "gml_id": "mrds.222179", "lowerCorner": "47.432320 -120.691170", "upperCorner": "47.432320 -120.691170", "dep_id": 10227962, "site_name": "Daisy Dean", "dev_stat": "Prospect", "fips_code": "f53007", "huc_code": "h17020011", "quad_code": "q48122SEC1", "url": "https://mrdata.usgs.gov/mrds/show-mrds.php?dep_id=10227962", "code_list": "AU PB AG" }, "geometry": { "type": "Point", "coordinates": [ 47.43232, -120.69117 ] } },
{ "type": "Feature", "properties": { "gml_id": "mrds.222236", "lowerCorner": "47.427620 -120.651170", "upperCorner": "47.427620 -120.651170", "dep_id": 10228019, "site_name": "April Fool", "dev_stat": "Occurrence", "fips_code": "f53007", "huc_code": "h17020011", "quad_code": "q48122SEC1", "url": "https://mrdata.usgs.gov/mrds/show-mrds.php?dep_id=10228019", "code_list": "AU AG" }, "geometry": { "type": "Point", "coordinates": [ 47.42762, -120.65117 ] } },
{ "type": "Feature", "properties": { "gml_id": "mrds.222318", "lowerCorner": "47.431220 -120.694770", "upperCorner": "47.431220 -120.694770", "dep_id": 10228102, "site_name": "Eagle and Iowa", "dev_stat": "Prospect", "fips_code": "f53007", "huc_code": "h17020011", "quad_code": "q48122SEC1", "url": "https://mrdata.usgs.gov/mrds/show-mrds.php?dep_id=10228102", "code_list": "AU CU" }, "geometry": { "type": "Point", "coordinates": [ 47.43122, -120.69477 ] } },
{ "type": "Feature", "properties": { "gml_id": "mrds.222421", "lowerCorner": "47.412320 -120.651170", "upperCorner": "47.412320 -120.651170", "dep_id": 10228206, "site_name": "Tinex Prospect", "dev_stat": "Occurrence", "fips_code": "f53007", "huc_code": "h17020011", "quad_code": "q48122SEC1", "url": "https://mrdata.usgs.gov/mrds/show-mrds.php?dep_id=10228206", "code_list": "SN W" }, "geometry": { "type": "Point", "coordinates": [ 47.41232, -120.65117 ] } },
{ "type": "Feature", "properties": { "gml_id": "mrds.222422", "lowerCorner": "47.385930 -120.313660", "upperCorner": "47.385930 -120.313660", "dep_id": 10228207, "site_name": "Squillchuck Canyon", "dev_stat": "Occurrence", "fips_code": "f53007", "huc_code": "h17020010", "quad_code": "q48122SEF1", "url": "https://mrdata.usgs.gov/mrds/show-mrds.php?dep_id=10228207", "code_list": "SIL" }, "geometry": { "type": "Point", "coordinates": [ 47.38593, -120.31366 ] } },
{ "type": "Feature", "properties": { "gml_id": "mrds.222476", "lowerCorner": "47.559220 -120.574770", "upperCorner": "47.559220 -120.574770", "dep_id": 10228261, "site_name": "Wenatchee River Placer", "dev_stat": "Past Producer", "fips_code": "f53007", "huc_code": "h17020011", "quad_code": "q48122NED4", "url": "https://mrdata.usgs.gov/mrds/show-mrds.php?dep_id=10228261", "code_list": "AU" }, "geometry": { "type": "Point", "coordinates": [ 47.55922, -120.57477 ] } },
{ "type": "Feature", "properties": { "gml_id": "mrds.222775", "lowerCorner": "47.268120 -120.650370", "upperCorner": "47.268120 -120.650370", "dep_id": 10228562, "site_name": "Hinton-Mccauley Placer", "dev_stat": "Past Producer", "fips_code": "f53037", "huc_code": "h17030001", "quad_code": "q48122SEC2", "url": "https://mrdata.usgs.gov/mrds/show-mrds.php?dep_id=10228562", "code_list": "AU" }, "geometry": { "type": "Point", "coordinates": [ 47.26812, -120.65037 ] } },
{ "type": "Feature", "properties": { "gml_id": "mrds.222856", "lowerCorner": "47.164520 -120.707870", "upperCorner": "47.164520 -120.707870", "dep_id": 10228643, "site_name": "Unnamed Pit", "dev_stat": "Past Producer", "fips_code": "f53037", "huc_code": "h17030001", "quad_code": "q48122SEC3", "url": "https://mrdata.usgs.gov/mrds/show-mrds.php?dep_id=10228643", "code_list": "STN" }, "geometry": { "type": "Point", "coordinates": [ 47.16452, -120.70787 ] } },
{ "type": "Feature", "properties": { "gml_id": "mrds.223029", "lowerCorner": "47.307620 -120.656470", "upperCorner": "47.307620 -120.656470", "dep_id": 10228817, "site_name": "Golden Fleece", "dev_stat": "Past Producer", "fips_code": "f53037", "huc_code": "h17030001", "quad_code": "q48122SEC2", "url": "https://mrdata.usgs.gov/mrds/show-mrds.php?dep_id=10228817", "code_list": "AU AG" }, "geometry": { "type": "Point", "coordinates": [ 47.30762, -120.65647 ] } },
{ "type": "Feature", "properties": { "gml_id": "mrds.223136", "lowerCorner": "47.274820 -120.599770", "upperCorner": "47.274820 -120.599770", "dep_id": 10228925, "site_name": "Tm Claims", "dev_stat": "Prospect", "fips_code": "f53037", "huc_code": "h17030001", "quad_code": "q48122SED2", "url": "https://mrdata.usgs.gov/mrds/show-mrds.php?dep_id=10228925", "code_list": "AU AG" }, "geometry": { "type": "Point", "coordinates": [ 47.27482, -120.59977 ] } },
{ "type": "Feature", "properties": { "gml_id": "mrds.226009", "lowerCorner": "47.560920 -120.678980", "upperCorner": "47.560920 -120.678980", "dep_id": 10231915, "site_name": "Unnamed Pit", "dev_stat": "Past Producer", "fips_code": "f53007", "huc_code": "h17020011", "quad_code": "q48122NEC4", "url": "https://mrdata.usgs.gov/mrds/show-mrds.php?dep_id=10231915", "code_list": "SDG" }, "geometry": { "type": "Point", "coordinates": [ 47.56092, -120.67898 ] } },
{ "type": "Feature", "properties": { "gml_id": "mrds.246154", "lowerCorner": "47.235620 -120.677270", "upperCorner": "47.235620 -120.677270", "dep_id": 10252520, "site_name": "Dennett Placer", "dev_stat": "Past Producer", "fips_code": "f53037", "huc_code": "h17030001", "quad_code": "q48122SEC3", "url": "https://mrdata.usgs.gov/mrds/show-mrds.php?dep_id=10252520", "code_list": "AU" }, "geometry": { "type": "Point", "coordinates": [ 47.23562, -120.67727 ] } },
{ "type": "Feature", "properties": { "gml_id": "mrds.246294", "lowerCorner": "47.100920 -120.690070", "upperCorner": "47.100920 -120.690070", "dep_id": 10252661, "site_name": "Magpie Canyon", "dev_stat": "Prospect", "fips_code": "f53037", "huc_code": "h17030001", "quad_code": "q48122SEC4", "url": "https://mrdata.usgs.gov/mrds/show-mrds.php?dep_id=10252661", "code_list": "AU" }, "geometry": { "type": "Point", "coordinates": [ 47.10092, -120.69007 ] } },
{ "type": "Feature", "properties": { "gml_id": "mrds.246409", "lowerCorner": "47.395430 -120.326160", "upperCorner": "47.395430 -120.326160", "dep_id": 10252776, "site_name": "Cannon Gold Mine", "dev_stat": "Plant", "fips_code": "f53007", "huc_code": "h17020010", "quad_code": "q48122SEF1", "url": "https://mrdata.usgs.gov/mrds/show-mrds.php?dep_id=10252776", "code_list": "AU AG" }, "geometry": { "type": "Point", "coordinates": [ 47.39543, -120.32616 ] } },
{ "type": "Feature", "properties": { "gml_id": "mrds.246453", "lowerCorner": "47.424820 -120.661770", "upperCorner": "47.424820 -120.661770", "dep_id": 10252820, "site_name": "Blewett Tungsten", "dev_stat": "Prospect", "fips_code": "f53007", "huc_code": "h17020011", "quad_code": "q48122SEC1", "url": "https://mrdata.usgs.gov/mrds/show-mrds.php?dep_id=10252820", "code_list": "AU W" }, "geometry": { "type": "Point", "coordinates": [ 47.42482, -120.66177 ] } },
{ "type": "Feature", "properties": { "gml_id": "mrds.246482", "lowerCorner": "47.423420 -120.677570", "upperCorner": "47.423420 -120.677570", "dep_id": 10252850, "site_name": "Prospect", "dev_stat": "Past Producer", "fips_code": "f53007", "huc_code": "h17020011", "quad_code": "q48122SEC1", "url": "https://mrdata.usgs.gov/mrds/show-mrds.php?dep_id=10252850", "code_list": "AU AG" }, "geometry": { "type": "Point", "coordinates": [ 47.42342, -120.67757 ] } },
{ "type": "Feature", "properties": { "gml_id": "mrds.246524", "lowerCorner": "47.135620 -120.734470", "upperCorner": "47.135620 -120.734470", "dep_id": 10252894, "site_name": "Sheep Springs Placer", "dev_stat": "Prospect", "fips_code": "f53037", "huc_code": "h17030001", "quad_code": "q48122SEC3", "url": "https://mrdata.usgs.gov/mrds/show-mrds.php?dep_id=10252894", "code_list": "AU" }, "geometry": { "type": "Point", "coordinates": [ 47.13562, -120.73447 ] } },
{ "type": "Feature", "properties": { "gml_id": "mrds.246632", "lowerCorner": "47.252620 -120.665570", "upperCorner": "47.252620 -120.665570", "dep_id": 10253005, "site_name": "Old Bigney Placer", "dev_stat": "Past Producer", "fips_code": "f53037", "huc_code": "h17030001", "quad_code": "q48122SEC2", "url": "https://mrdata.usgs.gov/mrds/show-mrds.php?dep_id=10253005", "code_list": "AU" }, "geometry": { "type": "Point", "coordinates": [ 47.25262, -120.66557 ] } },
{ "type": "Feature", "properties": { "gml_id": "mrds.246700", "lowerCorner": "47.422620 -120.667270", "upperCorner": "47.422620 -120.667270", "dep_id": 10253074, "site_name": "Eastern Star", "dev_stat": "Past Producer", "fips_code": "f53007", "huc_code": "h17020011", "quad_code": "q48122SEC1", "url": "https://mrdata.usgs.gov/mrds/show-mrds.php?dep_id=10253074", "code_list": "AU" }, "geometry": { "type": "Point", "coordinates": [ 47.42262, -120.66727 ] } },
{ "type": "Feature", "properties": { "gml_id": "mrds.246711", "lowerCorner": "47.529820 -120.482570", "upperCorner": "47.529820 -120.482570", "dep_id": 10253085, "site_name": "Watson Pit", "dev_stat": "Producer", "fips_code": "f53007", "huc_code": "h17020011", "quad_code": "q48122NEE4", "url": "https://mrdata.usgs.gov/mrds/show-mrds.php?dep_id=10253085", "code_list": "SDG" }, "geometry": { "type": "Point", "coordinates": [ 47.52982, -120.48257 ] } },
{ "type": "Feature", "properties": { "gml_id": "mrds.246744", "lowerCorner": "47.429820 -120.674770", "upperCorner": "47.429820 -120.674770", "dep_id": 10253118, "site_name": "Byron", "dev_stat": "Occurrence", "fips_code": "f53007", "huc_code": "h17020011", "quad_code": "q48122SEC1", "url": "https://mrdata.usgs.gov/mrds/show-mrds.php?dep_id=10253118", "code_list": "AU" }, "geometry": { "type": "Point", "coordinates": [ 47.42982, -120.67477 ] } },
{ "type": "Feature", "properties": { "gml_id": "mrds.246770", "lowerCorner": "47.278120 -120.647270", "upperCorner": "47.278120 -120.647270", "dep_id": 10253145, "site_name": "Hardhead #2", "dev_stat": "Prospect", "fips_code": "f53037", "huc_code": "h17030001", "quad_code": "q48122SEC2", "url": "https://mrdata.usgs.gov/mrds/show-mrds.php?dep_id=10253145", "code_list": "AU" }, "geometry": { "type": "Point", "coordinates": [ 47.27812, -120.64727 ] } },
{ "type": "Feature", "properties": { "gml_id": "mrds.246809", "lowerCorner": "47.422920 -120.728670", "upperCorner": "47.422920 -120.728670", "dep_id": 10253184, "site_name": "Last Chance", "dev_stat": "Prospect", "fips_code": "f53007", "huc_code": "h17020011", "quad_code": "q48122SEC1", "url": "https://mrdata.usgs.gov/mrds/show-mrds.php?dep_id=10253184", "code_list": "AU" }, "geometry": { "type": "Point", "coordinates": [ 47.42292, -120.72867 ] } },
{ "type": "Feature", "properties": { "gml_id": "mrds.269478", "lowerCorner": "47.470620 -120.643970", "upperCorner": "47.470620 -120.643970", "dep_id": 10276401, "site_name": "Ingalls Creek", "dev_stat": "Occurrence", "fips_code": "f53007", "huc_code": "h17020011", "quad_code": "q48122SEC1", "url": "https://mrdata.usgs.gov/mrds/show-mrds.php?dep_id=10276401", "code_list": "MG" }, "geometry": { "type": "Point", "coordinates": [ 47.47062, -120.64397 ] } },
{ "type": "Feature", "properties": { "gml_id": "mrds.269752", "lowerCorner": "47.420620 -120.659270", "upperCorner": "47.420620 -120.659270", "dep_id": 10276676, "site_name": "Homestake", "dev_stat": "Past Producer", "fips_code": "f53007", "huc_code": "h17020011", "quad_code": "q48122SEC1", "url": "https://mrdata.usgs.gov/mrds/show-mrds.php?dep_id=10276676", "code_list": "AG AU" }, "geometry": { "type": "Point", "coordinates": [ 47.42062, -120.65927 ] } },
{ "type": "Feature", "properties": { "gml_id": "mrds.269793", "lowerCorner": "47.423120 -120.660570", "upperCorner": "47.423120 -120.660570", "dep_id": 10276717, "site_name": "Black and White", "dev_stat": "Past Producer", "fips_code": "f53007", "huc_code": "h17020011", "quad_code": "q48122SEC1", "url": "https://mrdata.usgs.gov/mrds/show-mrds.php?dep_id=10276717", "code_list": "AU AG" }, "geometry": { "type": "Point", "coordinates": [ 47.42312, -120.66057 ] } },
{ "type": "Feature", "properties": { "gml_id": "mrds.270038", "lowerCorner": "47.422920 -120.678370", "upperCorner": "47.422920 -120.678370", "dep_id": 10276965, "site_name": "Manistee", "dev_stat": "Past Producer", "fips_code": "f53007", "huc_code": "h17020011", "quad_code": "q48122SEC1", "url": "https://mrdata.usgs.gov/mrds/show-mrds.php?dep_id=10276965", "code_list": "AU AG" }, "geometry": { "type": "Point", "coordinates": [ 47.42292, -120.67837 ] } },
{ "type": "Feature", "properties": { "gml_id": "mrds.270049", "lowerCorner": "47.386230 -120.313960", "upperCorner": "47.386230 -120.313960", "dep_id": 10276976, "site_name": "Charlotte", "dev_stat": "Unknown", "fips_code": "f53007", "huc_code": "h17020010", "quad_code": "q48122SEF1", "url": "https://mrdata.usgs.gov/mrds/show-mrds.php?dep_id=10276976", "code_list": "AU AG" }, "geometry": { "type": "Point", "coordinates": [ 47.38623, -120.31396 ] } },
{ "type": "Feature", "properties": { "gml_id": "mrds.270338", "lowerCorner": "47.316520 -120.690070", "upperCorner": "47.316520 -120.690070", "dep_id": 10277271, "site_name": "Sylvanite", "dev_stat": "Occurrence", "fips_code": "f53037", "huc_code": "h17030001", "quad_code": "q48122SEC2", "url": "https://mrdata.usgs.gov/mrds/show-mrds.php?dep_id=10277271", "code_list": "AU" }, "geometry": { "type": "Point", "coordinates": [ 47.31652, -120.69007 ] } },
{ "type": "Feature", "properties": { "gml_id": "mrds.270578", "lowerCorner": "47.224020 -120.699770", "upperCorner": "47.224020 -120.699770", "dep_id": 10277514, "site_name": "Unnamed Pit", "dev_stat": "Past Producer", "fips_code": "f53037", "huc_code": "h17030001", "quad_code": "q48122SEC3", "url": "https://mrdata.usgs.gov/mrds/show-mrds.php?dep_id=10277514", "code_list": "SDG" }, "geometry": { "type": "Point", "coordinates": [ 47.22402, -120.69977 ] } },
{ "type": "Feature", "properties": { "gml_id": "mrds.270654", "lowerCorner": "47.174820 -120.709470", "upperCorner": "47.174820 -120.709470", "dep_id": 10277591, "site_name": "Virden Locality", "dev_stat": "Prospect", "fips_code": "f53037", "huc_code": "h17030001", "quad_code": "q48122SEC3", "url": "https://mrdata.usgs.gov/mrds/show-mrds.php?dep_id=10277591", "code_list": "GEM" }, "geometry": { "type": "Point", "coordinates": [ 47.17482, -120.70947 ] } },
{ "type": "Feature", "properties": { "gml_id": "mrds.270668", "lowerCorner": "47.385930 -120.303960", "upperCorner": "47.385930 -120.303960", "dep_id": 10277605, "site_name": "N.W.L. Brown", "dev_stat": "Prospect", "fips_code": "f53007", "huc_code": "h17020010", "quad_code": "q48122SEF1", "url": "https://mrdata.usgs.gov/mrds/show-mrds.php?dep_id=10277605", "code_list": "CLY" }, "geometry": { "type": "Point", "coordinates": [ 47.38593, -120.30396 ] } },
{ "type": "Feature", "properties": { "gml_id": "mrds.270703", "lowerCorner": "47.324020 -120.691970", "upperCorner": "47.324020 -120.691970", "dep_id": 10277640, "site_name": "Little Bear", "dev_stat": "Prospect", "fips_code": "f53037", "huc_code": "h17030001", "quad_code": "q48122SEC2", "url": "https://mrdata.usgs.gov/mrds/show-mrds.php?dep_id=10277640", "code_list": "AU" }, "geometry": { "type": "Point", "coordinates": [ 47.32402, -120.69197 ] } },
{ "type": "Feature", "properties": { "gml_id": "mrds.270751", "lowerCorner": "47.060430 -120.398060", "upperCorner": "47.060430 -120.398060", "dep_id": 10277688, "site_name": "Unnamed Pit", "dev_stat": "Past Producer", "fips_code": "f53037", "huc_code": "h17030001", "quad_code": "q48122SEE4", "url": "https://mrdata.usgs.gov/mrds/show-mrds.php?dep_id=10277688", "code_list": "SDG" }, "geometry": { "type": "Point", "coordinates": [ 47.06043, -120.39806 ] } },
{ "type": "Feature", "properties": { "gml_id": "mrds.270757", "lowerCorner": "47.415130 -120.334460", "upperCorner": "47.415130 -120.334460", "dep_id": 10277694, "site_name": "Skyline", "dev_stat": "Prospect", "fips_code": "f53007", "huc_code": "h17020010", "quad_code": "q48122SEF1", "url": "https://mrdata.usgs.gov/mrds/show-mrds.php?dep_id=10277694", "code_list": "AU" }, "geometry": { "type": "Point", "coordinates": [ 47.41513, -120.33446 ] } },
{ "type": "Feature", "properties": { "gml_id": "mrds.270828", "lowerCorner": "47.258120 -120.683070", "upperCorner": "47.258120 -120.683070", "dep_id": 10277766, "site_name": "Golden Group", "dev_stat": "Prospect", "fips_code": "f53037", "huc_code": "h17030001", "quad_code": "q48122SEC2", "url": "https://mrdata.usgs.gov/mrds/show-mrds.php?dep_id=10277766", "code_list": "AU" }, "geometry": { "type": "Point", "coordinates": [ 47.25812, -120.68307 ] } },
{ "type": "Feature", "properties": { "gml_id": "mrds.293279", "lowerCorner": "47.423720 -120.658070", "upperCorner": "47.423720 -120.658070", "dep_id": 10300758, "site_name": "La Rica", "dev_stat": "Past Producer", "fips_code": "f53007", "huc_code": "h17020011", "quad_code": "q48122SEC1", "url": "https://mrdata.usgs.gov/mrds/show-mrds.php?dep_id=10300758", "code_list": "AU" }, "geometry": { "type": "Point", "coordinates": [ 47.42372, -120.65807 ] } },
{ "type": "Feature", "properties": { "gml_id": "mrds.293311", "lowerCorner": "47.648120 -120.728380", "upperCorner": "47.648120 -120.728380", "dep_id": 10300790, "site_name": "Tumwater Canyon", "dev_stat": "Occurrence", "fips_code": "f53007", "huc_code": "h17020011", "quad_code": "q48122NEC3", "url": "https://mrdata.usgs.gov/mrds/show-mrds.php?dep_id=10300790", "code_list": "MIC TLC" }, "geometry": { "type": "Point", "coordinates": [ 47.64812, -120.72838 ] } },
{ "type": "Feature", "properties": { "gml_id": "mrds.293382", "lowerCorner": "47.423420 -120.658370", "upperCorner": "47.423420 -120.658370", "dep_id": 10300863, "site_name": "Black Jack", "dev_stat": "Past Producer", "fips_code": "f53007", "huc_code": "h17020011", "quad_code": "q48122SEC1", "url": "https://mrdata.usgs.gov/mrds/show-mrds.php?dep_id=10300863", "code_list": "AU HG" }, "geometry": { "type": "Point", "coordinates": [ 47.42342, -120.65837 ] } },
{ "type": "Feature", "properties": { "gml_id": "mrds.293414", "lowerCorner": "47.420420 -120.650370", "upperCorner": "47.420420 -120.650370", "dep_id": 10300896, "site_name": "Wright", "dev_stat": "Past Producer", "fips_code": "f53007", "huc_code": "h17020011", "quad_code": "q48122SEC1", "url": "https://mrdata.usgs.gov/mrds/show-mrds.php?dep_id=10300896", "code_list": "AU" }, "geometry": { "type": "Point", "coordinates": [ 47.42042, -120.65037 ] } },
{ "type": "Feature", "properties": { "gml_id": "mrds.293479", "lowerCorner": "47.589020 -120.663680", "upperCorner": "47.589020 -120.663680", "dep_id": 10300961, "site_name": "Leavenworth", "dev_stat": "Past Producer", "fips_code": "f53007", "huc_code": "h17020011", "quad_code": "q48122NEC4", "url": "https://mrdata.usgs.gov/mrds/show-mrds.php?dep_id=10300961", "code_list": "CLY" }, "geometry": { "type": "Point", "coordinates": [ 47.58902, -120.66368 ] } },
{ "type": "Feature", "properties": { "gml_id": "mrds.293513", "lowerCorner": "47.424830 -120.326160", "upperCorner": "47.424830 -120.326160", "dep_id": 10300995, "site_name": "Sampson Pit", "dev_stat": "Past Producer", "fips_code": "f53007", "huc_code": "h17020010", "quad_code": "q48122SEF1", "url": "https://mrdata.usgs.gov/mrds/show-mrds.php?dep_id=10300995", "code_list": "STN_C" }, "geometry": { "type": "Point", "coordinates": [ 47.42483, -120.32616 ] } },
{ "type": "Feature", "properties": { "gml_id": "mrds.293699", "lowerCorner": "47.437930 -120.338060", "upperCorner": "47.437930 -120.338060", "dep_id": 10301181, "site_name": "Unnamed Pit", "dev_stat": "Past Producer", "fips_code": "f53007", "huc_code": "h17020010", "quad_code": "q48122SEF1", "url": "https://mrdata.usgs.gov/mrds/show-mrds.php?dep_id=10301181", "code_list": "SDG" }, "geometry": { "type": "Point", "coordinates": [ 47.43793, -120.33806 ] } },
{ "type": "Feature", "properties": { "gml_id": "mrds.293722", "lowerCorner": "47.400620 -120.655070", "upperCorner": "47.400620 -120.655070", "dep_id": 10301204, "site_name": "Snowflake", "dev_stat": "Prospect", "fips_code": "f53007", "huc_code": "h17020011", "quad_code": "q48122SEC1", "url": "https://mrdata.usgs.gov/mrds/show-mrds.php?dep_id=10301204", "code_list": "AU AG" }, "geometry": { "type": "Point", "coordinates": [ 47.40062, -120.65507 ] } },
{ "type": "Feature", "properties": { "gml_id": "mrds.293761", "lowerCorner": "47.433120 -120.656970", "upperCorner": "47.433120 -120.656970", "dep_id": 10301243, "site_name": "Johnson", "dev_stat": "Prospect", "fips_code": "f53007", "huc_code": "h17020011", "quad_code": "q48122SEC1", "url": "https://mrdata.usgs.gov/mrds/show-mrds.php?dep_id=10301243", "code_list": "AU" }, "geometry": { "type": "Point", "coordinates": [ 47.43312, -120.65697 ] } },
{ "type": "Feature", "properties": { "gml_id": "mrds.293773", "lowerCorner": "47.494020 -120.635370", "upperCorner": "47.494020 -120.635370", "dep_id": 10301255, "site_name": "Latimer", "dev_stat": "Unknown", "fips_code": "f53007", "huc_code": "h17020011", "quad_code": "q48122SEC1", "url": "https://mrdata.usgs.gov/mrds/show-mrds.php?dep_id=10301255", "code_list": "SDG" }, "geometry": { "type": "Point", "coordinates": [ 47.49402, -120.63537 ] } },
{ "type": "Feature", "properties": { "gml_id": "mrds.293985", "lowerCorner": "47.114020 -120.660870", "upperCorner": "47.114020 -120.660870", "dep_id": 10301467, "site_name": "Smithson Pit", "dev_stat": "Past Producer", "fips_code": "f53037", "huc_code": "h17030001", "quad_code": "q48122SEC4", "url": "https://mrdata.usgs.gov/mrds/show-mrds.php?dep_id=10301467", "code_list": "SDG" }, "geometry": { "type": "Point", "coordinates": [ 47.11402, -120.66087 ] } },
{ "type": "Feature", "properties": { "gml_id": "mrds.294136", "lowerCorner": "47.299820 -120.699770", "upperCorner": "47.299820 -120.699770", "dep_id": 10301619, "site_name": "Bovee Placer", "dev_stat": "Prospect", "fips_code": "f53037", "huc_code": "h17030001", "quad_code": "q48122SEC2", "url": "https://mrdata.usgs.gov/mrds/show-mrds.php?dep_id=10301619", "code_list": "AU" }, "geometry": { "type": "Point", "coordinates": [ 47.29982, -120.69977 ] } },
{ "type": "Feature", "properties": { "gml_id": "mrds.294379", "lowerCorner": "47.281720 -120.641170", "upperCorner": "47.281720 -120.641170", "dep_id": 10301865, "site_name": "Flodine", "dev_stat": "Past Producer", "fips_code": "f53037", "huc_code": "h17030001", "quad_code": "q48122SEC2", "url": "https://mrdata.usgs.gov/mrds/show-mrds.php?dep_id=10301865", "code_list": "AU" }, "geometry": { "type": "Point", "coordinates": [ 47.28172, -120.64117 ] } },
{ "type": "Feature", "properties": { "gml_id": "mrds.294472", "lowerCorner": "47.258420 -120.652270", "upperCorner": "47.258420 -120.652270", "dep_id": 10301958, "site_name": "Ollie Jordin", "dev_stat": "Past Producer", "fips_code": "f53037", "huc_code": "h17030001", "quad_code": "q48122SEC2", "url": "https://mrdata.usgs.gov/mrds/show-mrds.php?dep_id=10301958", "code_list": "AU" }, "geometry": { "type": "Point", "coordinates": [ 47.25842, -120.65227 ] } },
{ "type": "Feature", "properties": { "gml_id": "mrds.294602", "lowerCorner": "47.065120 -120.676170", "upperCorner": "47.065120 -120.676170", "dep_id": 10302089, "site_name": "Unnamed Pit", "dev_stat": "Past Producer", "fips_code": "f53037", "huc_code": "h17030001", "quad_code": "q48122SEC4", "url": "https://mrdata.usgs.gov/mrds/show-mrds.php?dep_id=10302089", "code_list": "SDG" }, "geometry": { "type": "Point", "coordinates": [ 47.06512, -120.67617 ] } },
{ "type": "Feature", "properties": { "gml_id": "mrds.297326", "lowerCorner": "47.519820 -120.497870", "upperCorner": "47.519820 -120.497870", "dep_id": 10304905, "site_name": "Unnamed Pit", "dev_stat": "Past Producer", "fips_code": "f53007", "huc_code": "h17020011", "quad_code": "q48122NEE4", "url": "https://mrdata.usgs.gov/mrds/show-mrds.php?dep_id=10304905", "code_list": "SDG" }, "geometry": { "type": "Point", "coordinates": [ 47.51982, -120.49787 ] } },
{ "type": "Feature", "properties": { "gml_id": "mrds.38960", "lowerCorner": "47.103610 -120.956940", "upperCorner": "47.103610 -120.956940", "dep_id": 10040168, "site_name": "H-O-M-E", "dev_stat": "Past Producer", "fips_code": "f53037", "huc_code": "h17030001", "quad_code": "q48122SEA4", "url": "https://mrdata.usgs.gov/mrds/show-mrds.php?dep_id=10040168", "code_list": "HG" }, "geometry": { "type": "Point", "coordinates": [ 47.10361, -120.95694 ] } },
{ "type": "Feature", "properties": { "gml_id": "mrds.54384", "lowerCorner": "47.444820 -120.979240", "upperCorner": "47.444820 -120.979240", "dep_id": 10055940, "site_name": "Dolphin", "dev_stat": "Occurrence", "fips_code": "f53037", "huc_code": "h17030001", "quad_code": "q48122SEA1", "url": "https://mrdata.usgs.gov/mrds/show-mrds.php?dep_id=10055940", "code_list": "CU AG AU CO" }, "geometry": { "type": "Point", "coordinates": [ 47.44482, -120.97924 ] } },
{ "type": "Feature", "properties": { "gml_id": "mrds.92775", "lowerCorner": "47.411210 -120.916180", "upperCorner": "47.411210 -120.916180", "dep_id": 10095356, "site_name": "Iron Peak Deposits - Area 4", "dev_stat": "Occurrence", "fips_code": "f53037", "huc_code": "h17030001", "quad_code": "q48122SEA1", "url": "https://mrdata.usgs.gov/mrds/show-mrds.php?dep_id=10095356", "code_list": "FE NI CR" }, "geometry": { "type": "Point", "coordinates": [ 47.41121, -120.91618 ] } },
{ "type": "Feature", "properties": { "gml_id": "mrds.92776", "lowerCorner": "47.415380 -120.931740", "upperCorner": "47.415380 -120.931740", "dep_id": 10095357, "site_name": "Iron Peak Deposits - Area 7", "dev_stat": "Occurrence", "fips_code": "f53037", "huc_code": "h17030001", "quad_code": "q48122SEA1", "url": "https://mrdata.usgs.gov/mrds/show-mrds.php?dep_id=10095357", "code_list": "FE NI CR" }, "geometry": { "type": "Point", "coordinates": [ 47.41538, -120.93174 ] } },
{ "type": "Feature", "properties": { "gml_id": "mrds.128085", "lowerCorner": "47.499820 -120.996980", "upperCorner": "47.499820 -120.996980", "dep_id": 10131621, "site_name": "Tip Top No. 1", "dev_stat": "Prospect", "fips_code": "f53037", "huc_code": "h17020011", "quad_code": "q48122SEA1", "url": "https://mrdata.usgs.gov/mrds/show-mrds.php?dep_id=10131621", "code_list": "AU CU AG" }, "geometry": { "type": "Point", "coordinates": [ 47.49982, -120.99698 ] } },
{ "type": "Feature", "properties": { "gml_id": "mrds.128205", "lowerCorner": "47.183420 -120.910870", "upperCorner": "47.183420 -120.910870", "dep_id": 10131743, "site_name": "Gravel Pit", "dev_stat": "Past Producer", "fips_code": "f53037", "huc_code": "h17030001", "quad_code": "q48122SEA3", "url": "https://mrdata.usgs.gov/mrds/show-mrds.php?dep_id=10131743", "code_list": "SDG" }, "geometry": { "type": "Point", "coordinates": [ 47.18342, -120.91087 ] } },
{ "type": "Feature", "properties": { "gml_id": "mrds.128508", "lowerCorner": "47.452920 -120.970080", "upperCorner": "47.452920 -120.970080", "dep_id": 10132048, "site_name": "Tip Top Mine", "dev_stat": "Prospect", "fips_code": "f53037", "huc_code": "h17030001", "quad_code": "q48122SEA1", "url": "https://mrdata.usgs.gov/mrds/show-mrds.php?dep_id=10132048", "code_list": "AU CU AG" }, "geometry": { "type": "Point", "coordinates": [ 47.45292, -120.97008 ] } },
{ "type": "Feature", "properties": { "gml_id": "mrds.151429", "lowerCorner": "47.412620 -120.804780", "upperCorner": "47.412620 -120.804780", "dep_id": 10155548, "site_name": "Ball Eagle Prospect", "dev_stat": "Prospect", "fips_code": "f53037", "huc_code": "h17020011", "quad_code": "q48122SEB1", "url": "https://mrdata.usgs.gov/mrds/show-mrds.php?dep_id=10155548", "code_list": "CU AU NI AG" }, "geometry": { "type": "Point", "coordinates": [ 47.41262, -120.80478 ] } },
{ "type": "Feature", "properties": { "gml_id": "mrds.151836", "lowerCorner": "47.454520 -120.913680", "upperCorner": "47.454520 -120.913680", "dep_id": 10155960, "site_name": "Hardcash", "dev_stat": "Prospect", "fips_code": "f53007", "huc_code": "h17020011", "quad_code": "q48122SEA1", "url": "https://mrdata.usgs.gov/mrds/show-mrds.php?dep_id=10155960", "code_list": "NI CR" }, "geometry": { "type": "Point", "coordinates": [ 47.45452, -120.91368 ] } },
{ "type": "Feature", "properties": { "gml_id": "mrds.151916", "lowerCorner": "47.133120 -120.785870", "upperCorner": "47.133120 -120.785870", "dep_id": 10156042, "site_name": "Ballard Pit", "dev_stat": "Past Producer", "fips_code": "f53037", "huc_code": "h17030001", "quad_code": "q48122SEB3", "url": "https://mrdata.usgs.gov/mrds/show-mrds.php?dep_id=10156042", "code_list": "SDG" }, "geometry": { "type": "Point", "coordinates": [ 47.13312, -120.78587 ] } },
{ "type": "Feature", "properties": { "gml_id": "mrds.151966", "lowerCorner": "47.176720 -120.848970", "upperCorner": "47.176720 -120.848970", "dep_id": 10156092, "site_name": "Unnamed Pit", "dev_stat": "Past Producer", "fips_code": "f53037", "huc_code": "h17030001", "quad_code": "q48122SEB3", "url": "https://mrdata.usgs.gov/mrds/show-mrds.php?dep_id=10156092", "code_list": "SDG" }, "geometry": { "type": "Point", "coordinates": [ 47.17672, -120.84897 ] } },
{ "type": "Feature", "properties": { "gml_id": "mrds.175376", "lowerCorner": "47.176720 -120.841770", "upperCorner": "47.176720 -120.841770", "dep_id": 10180073, "site_name": "Ellensburg Cement Pit", "dev_stat": "Past Producer", "fips_code": "f53037", "huc_code": "h17030001", "quad_code": "q48122SEB3", "url": "https://mrdata.usgs.gov/mrds/show-mrds.php?dep_id=10180073", "code_list": "SDG" }, "geometry": { "type": "Point", "coordinates": [ 47.17672, -120.84177 ] } },
{ "type": "Feature", "properties": { "gml_id": "mrds.175793", "lowerCorner": "47.088720 -120.795570", "upperCorner": "47.088720 -120.795570", "dep_id": 10180495, "site_name": "Unnamed Prospect", "dev_stat": "Prospect", "fips_code": "f53037", "huc_code": "h17030001", "quad_code": "q48122SEB4", "url": "https://mrdata.usgs.gov/mrds/show-mrds.php?dep_id=10180495", "code_list": "AL" }, "geometry": { "type": "Point", "coordinates": [ 47.08872, -120.79557 ] } },
{ "type": "Feature", "properties": { "gml_id": "mrds.175824", "lowerCorner": "47.601720 -120.895580", "upperCorner": "47.601720 -120.895580", "dep_id": 10180526, "site_name": "Trout Creek", "dev_stat": "Occurrence", "fips_code": "f53007", "huc_code": "h17020011", "quad_code": "q48122NEA4", "url": "https://mrdata.usgs.gov/mrds/show-mrds.php?dep_id=10180526", "code_list": "ASB" }, "geometry": { "type": "Point", "coordinates": [ 47.60172, -120.89558 ] } },
{ "type": "Feature", "properties": { "gml_id": "mrds.199115", "lowerCorner": "47.405120 -120.861980", "upperCorner": "47.405120 -120.861980", "dep_id": 10204355, "site_name": "Bean Creek Area 2", "dev_stat": "Prospect", "fips_code": "f53037", "huc_code": "h17030001", "quad_code": "q48122SEB1", "url": "https://mrdata.usgs.gov/mrds/show-mrds.php?dep_id=10204355", "code_list": "FE CR NI" }, "geometry": { "type": "Point", "coordinates": [ 47.40512, -120.86198 ] } },
{ "type": "Feature", "properties": { "gml_id": "mrds.222042", "lowerCorner": "47.500920 -120.973380", "upperCorner": "47.500920 -120.973380", "dep_id": 10227824, "site_name": "Last Chance", "dev_stat": "Prospect", "fips_code": "f53007", "huc_code": "h17020011", "quad_code": "q48122NEA4", "url": "https://mrdata.usgs.gov/mrds/show-mrds.php?dep_id=10227824", "code_list": "AU PB" }, "geometry": { "type": "Point", "coordinates": [ 47.50092, -120.97338 ] } },
{ "type": "Feature", "properties": { "gml_id": "mrds.222782", "lowerCorner": "47.415620 -120.928380", "upperCorner": "47.415620 -120.928380", "dep_id": 10228569, "site_name": "Iron Peak Area 6", "dev_stat": "Prospect", "fips_code": "f53037", "huc_code": "h17030001", "quad_code": "q48122SEA1", "url": "https://mrdata.usgs.gov/mrds/show-mrds.php?dep_id=10228569", "code_list": "CR FE NI" }, "geometry": { "type": "Point", "coordinates": [ 47.41562, -120.92838 ] } },
{ "type": "Feature", "properties": { "gml_id": "mrds.222834", "lowerCorner": "47.440620 -120.987880", "upperCorner": "47.440620 -120.987880", "dep_id": 10228621, "site_name": "Mount Hawkins", "dev_stat": "Past Producer", "fips_code": "f53037", "huc_code": "h17030001", "quad_code": "q48122SEA1", "url": "https://mrdata.usgs.gov/mrds/show-mrds.php?dep_id=10228621", "code_list": "CR" }, "geometry": { "type": "Point", "coordinates": [ 47.44062, -120.98788 ] } },
{ "type": "Feature", "properties": { "gml_id": "mrds.222981", "lowerCorner": "47.410120 -120.910880", "upperCorner": "47.410120 -120.910880", "dep_id": 10228769, "site_name": "Iron Peak Area 3", "dev_stat": "Prospect", "fips_code": "f53037", "huc_code": "h17030001", "quad_code": "q48122SEA1", "url": "https://mrdata.usgs.gov/mrds/show-mrds.php?dep_id=10228769", "code_list": "CR FE NI" }, "geometry": { "type": "Point", "coordinates": [ 47.41012, -120.91088 ] } },
{ "type": "Feature", "properties": { "gml_id": "mrds.246502", "lowerCorner": "47.184220 -120.997880", "upperCorner": "47.184220 -120.997880", "dep_id": 10252871, "site_name": "Unnamed Pit", "dev_stat": "Past Producer", "fips_code": "f53037", "huc_code": "h17030001", "quad_code": "q48122SEA3", "url": "https://mrdata.usgs.gov/mrds/show-mrds.php?dep_id=10252871", "code_list": "STN_C" }, "geometry": { "type": "Point", "coordinates": [ 47.18422, -120.99788 ] } },
{ "type": "Feature", "properties": { "gml_id": "mrds.246800", "lowerCorner": "47.406220 -120.899780", "upperCorner": "47.406220 -120.899780", "dep_id": 10253175, "site_name": "Teanaway", "dev_stat": "Prospect", "fips_code": "f53037", "huc_code": "h17030001", "quad_code": "q48122SEA1", "url": "https://mrdata.usgs.gov/mrds/show-mrds.php?dep_id=10253175", "code_list": "CR FE NI" }, "geometry": { "type": "Point", "coordinates": [ 47.40622, -120.89978 ] } },
{ "type": "Feature", "properties": { "gml_id": "mrds.250524", "lowerCorner": "47.570920 -120.796180", "upperCorner": "47.570920 -120.796180", "dep_id": 10257018, "site_name": "Icicle Creek", "dev_stat": "Past Producer", "fips_code": "f53007", "huc_code": "h17020011", "quad_code": "q48122NEB4", "url": "https://mrdata.usgs.gov/mrds/show-mrds.php?dep_id=10257018", "code_list": "AU" }, "geometry": { "type": "Point", "coordinates": [ 47.57092, -120.79618 ] } },
{ "type": "Feature", "properties": { "gml_id": "mrds.269393", "lowerCorner": "47.502620 -120.959480", "upperCorner": "47.502620 -120.959480", "dep_id": 10276316, "site_name": "Humbug", "dev_stat": "Occurrence", "fips_code": "f53007", "huc_code": "h17020011", "quad_code": "q48122NEA4", "url": "https://mrdata.usgs.gov/mrds/show-mrds.php?dep_id=10276316", "code_list": "PB CU AU AG" }, "geometry": { "type": "Point", "coordinates": [ 47.50262, -120.95948 ] } },
{ "type": "Feature", "properties": { "gml_id": "mrds.269761", "lowerCorner": "47.500920 -120.985880", "upperCorner": "47.500920 -120.985880", "dep_id": 10276685, "site_name": "Van Epps", "dev_stat": "Prospect", "fips_code": "f53007", "huc_code": "h17020011", "quad_code": "q48122NEA4", "url": "https://mrdata.usgs.gov/mrds/show-mrds.php?dep_id=10276685", "code_list": "SB CU AU PB AG ZN" }, "geometry": { "type": "Point", "coordinates": [ 47.50092, -120.98588 ] } },
{ "type": "Feature", "properties": { "gml_id": "mrds.270087", "lowerCorner": "47.559520 -120.903980", "upperCorner": "47.559520 -120.903980", "dep_id": 10277014, "site_name": "Trout Lake", "dev_stat": "Occurrence", "fips_code": "f53007", "huc_code": "h17020011", "quad_code": "q48122NEA4", "url": "https://mrdata.usgs.gov/mrds/show-mrds.php?dep_id=10277014", "code_list": "ASB" }, "geometry": { "type": "Point", "coordinates": [ 47.55952, -120.90398 ] } },
{ "type": "Feature", "properties": { "gml_id": "mrds.270402", "lowerCorner": "47.452620 -120.965580", "upperCorner": "47.452620 -120.965580", "dep_id": 10277336, "site_name": "Teanaway", "dev_stat": "Prospect", "fips_code": "f53037", "huc_code": "h17030001", "quad_code": "q48122SEA1", "url": "https://mrdata.usgs.gov/mrds/show-mrds.php?dep_id=10277336", "code_list": "NI CU" }, "geometry": { "type": "Point", "coordinates": [ 47.45262, -120.96558 ] } },
{ "type": "Feature", "properties": { "gml_id": "mrds.293489", "lowerCorner": "47.406220 -120.769780", "upperCorner": "47.406220 -120.769780", "dep_id": 10300971, "site_name": "Negro Creek", "dev_stat": "Prospect", "fips_code": "f53007", "huc_code": "h17020011", "quad_code": "q48122SEB1", "url": "https://mrdata.usgs.gov/mrds/show-mrds.php?dep_id=10300971", "code_list": "FE CR NI" }, "geometry": { "type": "Point", "coordinates": [ 47.40622, -120.76978 ] } },
{ "type": "Feature", "properties": { "gml_id": "mrds.293512", "lowerCorner": "47.437320 -120.865580", "upperCorner": "47.437320 -120.865580", "dep_id": 10300994, "site_name": "Lost Mine", "dev_stat": "Prospect", "fips_code": "f53007", "huc_code": "h17020011", "quad_code": "q48122SEB1", "url": "https://mrdata.usgs.gov/mrds/show-mrds.php?dep_id=10300994", "code_list": "CU NI" }, "geometry": { "type": "Point", "coordinates": [ 47.43732, -120.86558 ] } },
{ "type": "Feature", "properties": { "gml_id": "mrds.294048", "lowerCorner": "47.410280 -120.792220", "upperCorner": "47.410280 -120.792220", "dep_id": 10301530, "site_name": "Copper Queen 1&2", "dev_stat": "Unknown", "fips_code": "f53007", "huc_code": "h17020011", "quad_code": "q48122SEB1", "url": "https://mrdata.usgs.gov/mrds/show-mrds.php?dep_id=10301530", "code_list": "CU AU AG" }, "geometry": { "type": "Point", "coordinates": [ 47.41028, -120.79222 ] } }
]
}
