{"type": "FeatureCollection", "features": [{"type": "Feature", "id": 3318214, "geometry": {"type": "Polygon", "coordinates": [[[-120.70352, 47.12104], [-120.70885, 47.12105], [-120.70883, 47.11741], [-120.70348, 47.11741], [-120.70352, 47.12104]]]}, "properties": {"OBJECTID": 3318214, "PARCEL_SYST_ID": 5107, "PARCEL_TYPE_CD": 1, "PARCEL_LABEL_NM": null, "PARCEL_NM": null, "REVERSION_RIGHTS_FLG": "N", "OWN_RIGHT_DISPUTE_FLG": "N", "SURFACE_RIGHTS_FLG": "Y", "MINERAL_RIGHTS_FLG": "Y", "TIMBER_RIGHTS_FLG": "Y", "SURFACE_TRUST_CD": 3, "SURFACE_TRUST_NM": "Common School and Indemnity", "MINERAL_TRUST_CD": 3, "MINERAL_TRUST_NM": "Common School and Indemnity", "TIMBER_TRUST_CD": 3, "TIMBER_TRUST_NM": "Common School and Indemnity", "OWNER_AGENT_SYST_ID": 58706, "STEWARD_AGENT_SYST_ID": 63986, "MANAGER_AGENT_SYST_ID": 63986, "TIMBER_OWNER_NM": null, "TIMBER_EXP_DT": null, "ORIGINAL_PATENT_DT": null, "COUNTY_JURISDICT_DESG_CD": 19, "COUNTY_NM": "Kittitas", "COUNTY_PARCEL_NO": null, "REGION_JURISDICT_DESG_CD": 100, "REGION_NM": "Southeast Region", "HCP_JURISDICT_DESG_CD": null, "HCP_DESG_CD": 1, "HCP_DESG_DT": 854611200000, "HCP_WITHDRAWAL_DT": null, "PARCEL_DESC_TXT": null, "EDIT_DATE": 1430244363000, "EDIT_STATUS": 1, "EDIT_WHO": "JDUG490", "EASEMENT_TYPE_CD": null, "EASEMENT_TYPE_NM": null, "PARCEL_ACQUIRE_AUTH_NO": "CLEAR LIST 13 INDEMNITY", "PARCEL_DISPOSAL_AUTH_NO": null, "SHAPE.AREA": 1761871.7871035, "SHAPE.LEN": 5309.4958011464, "GLOBALID": "{69955A16-4413-4F79-A0AF-B66139E41376}"}}, {"type": "Feature", "id": 3318215, "geometry": {"type": "Polygon", "coordinates": [[[-120.32349, 47.33292], [-120.32346, 47.32559], [-120.32412, 47.31883], [-120.31323, 47.31924], [-120.30801, 47.31906], [-120.308, 47.32247], [-120.30264, 47.32239], [-120.30247, 47.32584], [-120.30215, 47.33281], [-120.31337, 47.33282], [-120.32349, 47.33292]]]}, "properties": {"OBJECTID": 3318215, "PARCEL_SYST_ID": 10940, "PARCEL_TYPE_CD": 1, "PARCEL_LABEL_NM": null, "PARCEL_NM": null, "REVERSION_RIGHTS_FLG": "N", "OWN_RIGHT_DISPUTE_FLG": "N", "SURFACE_RIGHTS_FLG": "Y", "MINERAL_RIGHTS_FLG": "Y", "TIMBER_RIGHTS_FLG": "Y", "SURFACE_TRUST_CD": 4, "SURFACE_TRUST_NM": "Agricultural School", "MINERAL_TRUST_CD": 4, "MINERAL_TRUST_NM": "Agricultural School", "TIMBER_TRUST_CD": 4, "TIMBER_TRUST_NM": "Agricultural School", "OWNER_AGENT_SYST_ID": 58706, "STEWARD_AGENT_SYST_ID": 63986, "MANAGER_AGENT_SYST_ID": 63986, "TIMBER_OWNER_NM": null, "TIMBER_EXP_DT": null, "ORIGINAL_PATENT_DT": null, "COUNTY_JURISDICT_DESG_CD": 4, "COUNTY_NM": "Chelan", "COUNTY_PARCEL_NO": null, "REGION_JURISDICT_DESG_CD": 100, "REGION_NM": "Southeast Region", "HCP_JURISDICT_DESG_CD": null, "HCP_DESG_CD": 1, "HCP_DESG_DT": 854611200000, "HCP_WITHDRAWAL_DT": null, "PARCEL_DESC_TXT": null, "EDIT_DATE": 1430870672000, "EDIT_STATUS": 1, "EDIT_WHO": "JDUG490", "EASEMENT_TYPE_CD": null, "EASEMENT_TYPE_NM": null, "PARCEL_ACQUIRE_AUTH_NO": "CLEAR LIST 5 AGRICULTURAL", "PARCEL_DISPOSAL_AUTH_NO": null, "SHAPE.AREA": 24735687.004601, "SHAPE.LEN": 20817.1182249856, "GLOBALID": "{70BF3718-230F-4F73-ADD1-114CB6CC6148}"}}, {"type": "Feature", "id": 3322630, "geometry": {"type": "Polygon", "coordinates": [[[-120.34686, 47.14845], [-120.36906, 47.14857], [-120.36938, 47.13393], [-120.35331, 47.13374], [-120.348, 47.13368], [-120.34686, 47.14845]]]}, "properties": {"OBJECTID": 3322630, "PARCEL_SYST_ID": 112636, "PARCEL_TYPE_CD": 1, "PARCEL_LABEL_NM": null, "PARCEL_NM": null, "REVERSION_RIGHTS_FLG": "N", "OWN_RIGHT_DISPUTE_FLG": "N", "SURFACE_RIGHTS_FLG": "Y", "MINERAL_RIGHTS_FLG": "N", "TIMBER_RIGHTS_FLG": "Y", "SURFACE_TRUST_CD": 3, "SURFACE_TRUST_NM": "Common School and Indemnity", "MINERAL_TRUST_CD": 0, "MINERAL_TRUST_NM": "Trust Status Not Applicable Or Unknown", "TIMBER_TRUST_CD": 3, "TIMBER_TRUST_NM": "Common School and Indemnity", "OWNER_AGENT_SYST_ID": 58706, "STEWARD_AGENT_SYST_ID": 63986, "MANAGER_AGENT_SYST_ID": 63986, "TIMBER_OWNER_NM": null, "TIMBER_EXP_DT": null, "ORIGINAL_PATENT_DT": null, "COUNTY_JURISDICT_DESG_CD": 19, "COUNTY_NM": "Kittitas", "COUNTY_PARCEL_NO": null, "REGION_JURISDICT_DESG_CD": 100, "REGION_NM": "Southeast Region", "HCP_JURISDICT_DESG_CD": null, "HCP_DESG_CD": 1, "HCP_DESG_DT": 1203667200000, "HCP_WITHDRAWAL_DT": null, "PARCEL_DESC_TXT": "W-KT-32", "EDIT_DATE": 1329379200000, "EDIT_STATUS": 0, "EDIT_WHO": "jdug490", "EASEMENT_TYPE_CD": null, "EASEMENT_TYPE_NM": null, "PARCEL_ACQUIRE_AUTH_NO": "86-079379", "PARCEL_DISPOSAL_AUTH_NO": null, "SHAPE.AREA": 29104672.947405, "SHAPE.LEN": 21584.0521053478, "GLOBALID": "{C53C49AB-5771-4140-9108-1CC8656FE76F}"}}, {"type": "Feature", "id": 3322673, "geometry": {"type": "Polygon", "coordinates": [[[-120.2829, 47.17494], [-120.28049, 47.19008], [-120.29133, 47.19002], [-120.30213, 47.18997], [-120.30248, 47.17546], [-120.2829, 47.17494]]]}, "properties": {"OBJECTID": 3322673, "PARCEL_SYST_ID": 112675, "PARCEL_TYPE_CD": 1, "PARCEL_LABEL_NM": null, "PARCEL_NM": null, "REVERSION_RIGHTS_FLG": "N", "OWN_RIGHT_DISPUTE_FLG": "N", "SURFACE_RIGHTS_FLG": "Y", "MINERAL_RIGHTS_FLG": "N", "TIMBER_RIGHTS_FLG": "Y", "SURFACE_TRUST_CD": 10, "SURFACE_TRUST_NM": "Scientific School", "MINERAL_TRUST_CD": 0, "MINERAL_TRUST_NM": "Trust Status Not Applicable Or Unknown", "TIMBER_TRUST_CD": 10, "TIMBER_TRUST_NM": "Scientific School", "OWNER_AGENT_SYST_ID": 58706, "STEWARD_AGENT_SYST_ID": 63986, "MANAGER_AGENT_SYST_ID": 63986, "TIMBER_OWNER_NM": null, "TIMBER_EXP_DT": null, "ORIGINAL_PATENT_DT": null, "COUNTY_JURISDICT_DESG_CD": 19, "COUNTY_NM": "Kittitas", "COUNTY_PARCEL_NO": null, "REGION_JURISDICT_DESG_CD": 100, "REGION_NM": "Southeast Region", "HCP_JURISDICT_DESG_CD": null, "HCP_DESG_CD": 1, "HCP_DESG_DT": 1203667200000, "HCP_WITHDRAWAL_DT": null, "PARCEL_DESC_TXT": "W-KT-69", "EDIT_DATE": 1329379200000, "EDIT_STATUS": 0, "EDIT_WHO": "jdug490", "EASEMENT_TYPE_CD": null, "EASEMENT_TYPE_NM": null, "PARCEL_ACQUIRE_AUTH_NO": "86-079379", "PARCEL_DISPOSAL_AUTH_NO": null, "SHAPE.AREA": 27730973.36518, "SHAPE.LEN": 21100.8122825791, "GLOBALID": "{540B1193-8073-40A5-B75C-AC60D50CF180}"}}, {"type": "Feature", "id": 3322674, "geometry": {"type": "Polygon", "coordinates": [[[-120.30859, 47.15923], [-120.31437, 47.15929], [-120.31419, 47.15567], [-120.30863, 47.15561], [-120.30859, 47.15923]]]}, "properties": {"OBJECTID": 3322674, "PARCEL_SYST_ID": 5213, "PARCEL_TYPE_CD": 1, "PARCEL_LABEL_NM": null, "PARCEL_NM": null, "REVERSION_RIGHTS_FLG": "N", "OWN_RIGHT_DISPUTE_FLG": "N", "SURFACE_RIGHTS_FLG": "Y", "MINERAL_RIGHTS_FLG": "Y", "TIMBER_RIGHTS_FLG": "Y", "SURFACE_TRUST_CD": 8, "SURFACE_TRUST_NM": "Normal School", "MINERAL_TRUST_CD": 3, "MINERAL_TRUST_NM": "Common School and Indemnity", "TIMBER_TRUST_CD": 8, "TIMBER_TRUST_NM": "Normal School", "OWNER_AGENT_SYST_ID": 58706, "STEWARD_AGENT_SYST_ID": 63986, "MANAGER_AGENT_SYST_ID": 63986, "TIMBER_OWNER_NM": null, "TIMBER_EXP_DT": null, "ORIGINAL_PATENT_DT": null, "COUNTY_JURISDICT_DESG_CD": 19, "COUNTY_NM": "Kittitas", "COUNTY_PARCEL_NO": null, "REGION_JURISDICT_DESG_CD": 100, "REGION_NM": "Southeast Region", "HCP_JURISDICT_DESG_CD": null, "HCP_DESG_CD": 1, "HCP_DESG_DT": 1203667200000, "HCP_WITHDRAWAL_DT": null, "PARCEL_DESC_TXT": null, "EDIT_DATE": 1329379200000, "EDIT_STATUS": 1, "EDIT_WHO": "jdug490", "EASEMENT_TYPE_CD": null, "EASEMENT_TYPE_NM": null, "PARCEL_ACQUIRE_AUTH_NO": "86-079379", "PARCEL_DISPOSAL_AUTH_NO": null, "SHAPE.AREA": 1865276.2388, "SHAPE.LEN": 5467.5331596489605, "GLOBALID": "{14283F60-63A5-4D8C-AAD3-B13CF31B9090}"}}, {"type": "Feature", "id": 3322679, "geometry": {"type": "Polygon", "coordinates": [[[-120.30279, 47.16916], [-120.303, 47.17547], [-120.32354, 47.1754], [-120.32476, 47.17539], [-120.32529, 47.16281], [-120.31453, 47.16316], [-120.30257, 47.16282], [-120.30268, 47.16601], [-120.30279, 47.16916]]]}, "properties": {"OBJECTID": 3322679, "PARCEL_SYST_ID": 112623, "PARCEL_TYPE_CD": 1, "PARCEL_LABEL_NM": null, "PARCEL_NM": null, "REVERSION_RIGHTS_FLG": "N", "OWN_RIGHT_DISPUTE_FLG": "N", "SURFACE_RIGHTS_FLG": "Y", "MINERAL_RIGHTS_FLG": "N", "TIMBER_RIGHTS_FLG": "Y", "SURFACE_TRUST_CD": 8, "SURFACE_TRUST_NM": "Normal School", "MINERAL_TRUST_CD": 0, "MINERAL_TRUST_NM": "Trust Status Not Applicable Or Unknown", "TIMBER_TRUST_CD": 8, "TIMBER_TRUST_NM": "Normal School", "OWNER_AGENT_SYST_ID": 58706, "STEWARD_AGENT_SYST_ID": 63986, "MANAGER_AGENT_SYST_ID": 63986, "TIMBER_OWNER_NM": null, "TIMBER_EXP_DT": null, "ORIGINAL_PATENT_DT": null, "COUNTY_JURISDICT_DESG_CD": 19, "COUNTY_NM": "Kittitas", "COUNTY_PARCEL_NO": null, "REGION_JURISDICT_DESG_CD": 100, "REGION_NM": "Southeast Region", "HCP_JURISDICT_DESG_CD": null, "HCP_DESG_CD": 1, "HCP_DESG_DT": 1203667200000, "HCP_WITHDRAWAL_DT": null, "PARCEL_DESC_TXT": "W-KT-20", "EDIT_DATE": 1329379200000, "EDIT_STATUS": 0, "EDIT_WHO": "jdug490", "EASEMENT_TYPE_CD": null, "EASEMENT_TYPE_NM": null, "PARCEL_ACQUIRE_AUTH_NO": "86-079379", "PARCEL_DISPOSAL_AUTH_NO": null, "SHAPE.AREA": 25102700.776605, "SHAPE.LEN": 20278.0297351987, "GLOBALID": "{6D3FCD12-B607-4B88-AA5E-492C4F8721E1}"}}, {"type": "Feature", "id": 3322681, "geometry": {"type": "Polygon", "coordinates": [[[-120.32323, 47.18983], [-120.34479, 47.19097], [-120.34466, 47.17549], [-120.34087, 47.17547], [-120.32476, 47.17539], [-120.32354, 47.1754], [-120.32323, 47.18983]]]}, "properties": {"OBJECTID": 3322681, "PARCEL_SYST_ID": 112674, "PARCEL_TYPE_CD": 1, "PARCEL_LABEL_NM": null, "PARCEL_NM": null, "REVERSION_RIGHTS_FLG": "N", "OWN_RIGHT_DISPUTE_FLG": "N", "SURFACE_RIGHTS_FLG": "Y", "MINERAL_RIGHTS_FLG": "N", "TIMBER_RIGHTS_FLG": "Y", "SURFACE_TRUST_CD": 3, "SURFACE_TRUST_NM": "Common School and Indemnity", "MINERAL_TRUST_CD": 0, "MINERAL_TRUST_NM": "Trust Status Not Applicable Or Unknown", "TIMBER_TRUST_CD": 3, "TIMBER_TRUST_NM": "Common School and Indemnity", "OWNER_AGENT_SYST_ID": 58706, "STEWARD_AGENT_SYST_ID": 63986, "MANAGER_AGENT_SYST_ID": 63986, "TIMBER_OWNER_NM": null, "TIMBER_EXP_DT": null, "ORIGINAL_PATENT_DT": null, "COUNTY_JURISDICT_DESG_CD": 19, "COUNTY_NM": "Kittitas", "COUNTY_PARCEL_NO": null, "REGION_JURISDICT_DESG_CD": 100, "REGION_NM": "Southeast Region", "HCP_JURISDICT_DESG_CD": null, "HCP_DESG_CD": 1, "HCP_DESG_DT": 1203667200000, "HCP_WITHDRAWAL_DT": null, "PARCEL_DESC_TXT": "W-KT-68", "EDIT_DATE": 1329379200000, "EDIT_STATUS": 0, "EDIT_WHO": "jdug490", "EASEMENT_TYPE_CD": null, "EASEMENT_TYPE_NM": null, "PARCEL_ACQUIRE_AUTH_NO": "86-079379", "PARCEL_DISPOSAL_AUTH_NO": null, "SHAPE.AREA": 28954838.5461, "SHAPE.LEN": 21536.9810921551, "GLOBALID": "{CD02293F-AB09-49B7-B326-F715E67638F8}"}}, {"type": "Feature", "id": 3322682, "geometry": {"type": "Polygon", "coordinates": [[[-120.42905, 47.19013], [-120.4295, 47.20469], [-120.4345, 47.20466], [-120.43981, 47.20464], [-120.45034, 47.20459], [-120.44989, 47.18992], [-120.42905, 47.19013]]]}, "properties": {"OBJECTID": 3322682, "PARCEL_SYST_ID": 112662, "PARCEL_TYPE_CD": 1, "PARCEL_LABEL_NM": null, "PARCEL_NM": null, "REVERSION_RIGHTS_FLG": "N", "OWN_RIGHT_DISPUTE_FLG": "N", "SURFACE_RIGHTS_FLG": "Y", "MINERAL_RIGHTS_FLG": "N", "TIMBER_RIGHTS_FLG": "Y", "SURFACE_TRUST_CD": 3, "SURFACE_TRUST_NM": "Common School and Indemnity", "MINERAL_TRUST_CD": 0, "MINERAL_TRUST_NM": "Trust Status Not Applicable Or Unknown", "TIMBER_TRUST_CD": 3, "TIMBER_TRUST_NM": "Common School and Indemnity", "OWNER_AGENT_SYST_ID": 58706, "STEWARD_AGENT_SYST_ID": 63986, "MANAGER_AGENT_SYST_ID": 63986, "TIMBER_OWNER_NM": null, "TIMBER_EXP_DT": null, "ORIGINAL_PATENT_DT": null, "COUNTY_JURISDICT_DESG_CD": 19, "COUNTY_NM": "Kittitas", "COUNTY_PARCEL_NO": null, "REGION_JURISDICT_DESG_CD": 100, "REGION_NM": "Southeast Region", "HCP_JURISDICT_DESG_CD": null, "HCP_DESG_CD": 1, "HCP_DESG_DT": 1203667200000, "HCP_WITHDRAWAL_DT": null, "PARCEL_DESC_TXT": "W-KT-57", "EDIT_DATE": 1329379200000, "EDIT_STATUS": 0, "EDIT_WHO": "jdug490", "EASEMENT_TYPE_CD": null, "EASEMENT_TYPE_NM": null, "PARCEL_ACQUIRE_AUTH_NO": "86-079379", "PARCEL_DISPOSAL_AUTH_NO": null, "SHAPE.AREA": 27619003.10859, "SHAPE.LEN": 21024.420201294102, "GLOBALID": "{9CF14E1E-D9DF-40ED-83F1-570A913DDE3A}"}}, {"type": "Feature", "id": 3322690, "geometry": {"type": "Polygon", "coordinates": [[[-120.32532, 47.12626], [-120.32582, 47.11881], [-120.30342, 47.11891], [-120.3032, 47.13365], [-120.31924, 47.13354], [-120.31961, 47.12631], [-120.32532, 47.12626]]]}, "properties": {"OBJECTID": 3322690, "PARCEL_SYST_ID": 112639, "PARCEL_TYPE_CD": 1, "PARCEL_LABEL_NM": null, "PARCEL_NM": null, "REVERSION_RIGHTS_FLG": "N", "OWN_RIGHT_DISPUTE_FLG": "N", "SURFACE_RIGHTS_FLG": "Y", "MINERAL_RIGHTS_FLG": "N", "TIMBER_RIGHTS_FLG": "Y", "SURFACE_TRUST_CD": 3, "SURFACE_TRUST_NM": "Common School and Indemnity", "MINERAL_TRUST_CD": 0, "MINERAL_TRUST_NM": "Trust Status Not Applicable Or Unknown", "TIMBER_TRUST_CD": 3, "TIMBER_TRUST_NM": "Common School and Indemnity", "OWNER_AGENT_SYST_ID": 58706, "STEWARD_AGENT_SYST_ID": 63986, "MANAGER_AGENT_SYST_ID": 63986, "TIMBER_OWNER_NM": null, "TIMBER_EXP_DT": null, "ORIGINAL_PATENT_DT": null, "COUNTY_JURISDICT_DESG_CD": 19, "COUNTY_NM": "Kittitas", "COUNTY_PARCEL_NO": null, "REGION_JURISDICT_DESG_CD": 100, "REGION_NM": "Southeast Region", "HCP_JURISDICT_DESG_CD": null, "HCP_DESG_CD": 1, "HCP_DESG_DT": 1203667200000, "HCP_WITHDRAWAL_DT": null, "PARCEL_DESC_TXT": "W-KT-35", "EDIT_DATE": 1329379200000, "EDIT_STATUS": 0, "EDIT_WHO": "jdug490", "EASEMENT_TYPE_CD": null, "EASEMENT_TYPE_NM": null, "PARCEL_ACQUIRE_AUTH_NO": "86-079379", "PARCEL_DISPOSAL_AUTH_NO": null, "SHAPE.AREA": 25702343.2281, "SHAPE.LEN": 21729.9745215016, "GLOBALID": "{809CA3BF-C6E8-49D6-88DE-C58C73BFBF95}"}}, {"type": "Feature", "id": 3322734, "geometry": {"type": "Polygon", "coordinates": [[[-120.30279, 47.15184], [-120.31395, 47.15195], [-120.31378, 47.14835], [-120.30286, 47.14826], [-120.30279, 47.15184]]]}, "properties": {"OBJECTID": 3322734, "PARCEL_SYST_ID": 5212, "PARCEL_TYPE_CD": 1, "PARCEL_LABEL_NM": null, "PARCEL_NM": null, "REVERSION_RIGHTS_FLG": "N", "OWN_RIGHT_DISPUTE_FLG": "N", "SURFACE_RIGHTS_FLG": "Y", "MINERAL_RIGHTS_FLG": "Y", "TIMBER_RIGHTS_FLG": "Y", "SURFACE_TRUST_CD": 8, "SURFACE_TRUST_NM": "Normal School", "MINERAL_TRUST_CD": 3, "MINERAL_TRUST_NM": "Common School and Indemnity", "TIMBER_TRUST_CD": 8, "TIMBER_TRUST_NM": "Normal School", "OWNER_AGENT_SYST_ID": 58706, "STEWARD_AGENT_SYST_ID": 63986, "MANAGER_AGENT_SYST_ID": 63986, "TIMBER_OWNER_NM": null, "TIMBER_EXP_DT": null, "ORIGINAL_PATENT_DT": null, "COUNTY_JURISDICT_DESG_CD": 19, "COUNTY_NM": "Kittitas", "COUNTY_PARCEL_NO": null, "REGION_JURISDICT_DESG_CD": 100, "REGION_NM": "Southeast Region", "HCP_JURISDICT_DESG_CD": null, "HCP_DESG_CD": 1, "HCP_DESG_DT": 1203667200000, "HCP_WITHDRAWAL_DT": null, "PARCEL_DESC_TXT": "W-KT-26", "EDIT_DATE": 1329379200000, "EDIT_STATUS": 1, "EDIT_WHO": "jdug490", "EASEMENT_TYPE_CD": null, "EASEMENT_TYPE_NM": null, "PARCEL_ACQUIRE_AUTH_NO": "86-079379", "PARCEL_DISPOSAL_AUTH_NO": null, "SHAPE.AREA": 3595715.42, "SHAPE.LEN": 8113.729209591491, "GLOBALID": "{10EE71D5-3B22-40B6-B8AA-BCA9452DD636}"}}, {"type": "Feature", "id": 3322737, "geometry": {"type": "Polygon", "coordinates": [[[-120.32476, 47.17539], [-120.34087, 47.17547], [-120.34098, 47.16926], [-120.33031, 47.16903], [-120.33051, 47.16286], [-120.32529, 47.16281], [-120.32476, 47.17539]]]}, "properties": {"OBJECTID": 3322737, "PARCEL_SYST_ID": 5209, "PARCEL_TYPE_CD": 1, "PARCEL_LABEL_NM": null, "PARCEL_NM": null, "REVERSION_RIGHTS_FLG": "N", "OWN_RIGHT_DISPUTE_FLG": "N", "SURFACE_RIGHTS_FLG": "Y", "MINERAL_RIGHTS_FLG": "Y", "TIMBER_RIGHTS_FLG": "Y", "SURFACE_TRUST_CD": 3, "SURFACE_TRUST_NM": "Common School and Indemnity", "MINERAL_TRUST_CD": 3, "MINERAL_TRUST_NM": "Common School and Indemnity", "TIMBER_TRUST_CD": 3, "TIMBER_TRUST_NM": "Common School and Indemnity", "OWNER_AGENT_SYST_ID": 58706, "STEWARD_AGENT_SYST_ID": 63986, "MANAGER_AGENT_SYST_ID": 63986, "TIMBER_OWNER_NM": null, "TIMBER_EXP_DT": null, "ORIGINAL_PATENT_DT": null, "COUNTY_JURISDICT_DESG_CD": 19, "COUNTY_NM": "Kittitas", "COUNTY_PARCEL_NO": null, "REGION_JURISDICT_DESG_CD": 100, "REGION_NM": "Southeast Region", "HCP_JURISDICT_DESG_CD": null, "HCP_DESG_CD": 1, "HCP_DESG_DT": 1203667200000, "HCP_WITHDRAWAL_DT": null, "PARCEL_DESC_TXT": "W-KT-21", "EDIT_DATE": 1329379200000, "EDIT_STATUS": 1, "EDIT_WHO": "jdug490", "EASEMENT_TYPE_CD": null, "EASEMENT_TYPE_NM": null, "PARCEL_ACQUIRE_AUTH_NO": "86-079379", "PARCEL_DISPOSAL_AUTH_NO": null, "SHAPE.AREA": 12153742.5057, "SHAPE.LEN": 17065.597556019402, "GLOBALID": "{9C1DCB3B-9FAE-47B3-97ED-FB42059E129C}"}}, {"type": "Feature", "id": 3322754, "geometry": {"type": "Polygon", "coordinates": [[[-120.49206, 47.21895], [-120.51326, 47.2192], [-120.51323, 47.20462], [-120.49216, 47.20385], [-120.49206, 47.21895]]]}, "properties": {"OBJECTID": 3322754, "PARCEL_SYST_ID": 112658, "PARCEL_TYPE_CD": 1, "PARCEL_LABEL_NM": null, "PARCEL_NM": null, "REVERSION_RIGHTS_FLG": "N", "OWN_RIGHT_DISPUTE_FLG": "N", "SURFACE_RIGHTS_FLG": "Y", "MINERAL_RIGHTS_FLG": "N", "TIMBER_RIGHTS_FLG": "Y", "SURFACE_TRUST_CD": 3, "SURFACE_TRUST_NM": "Common School and Indemnity", "MINERAL_TRUST_CD": 0, "MINERAL_TRUST_NM": "Trust Status Not Applicable Or Unknown", "TIMBER_TRUST_CD": 3, "TIMBER_TRUST_NM": "Common School and Indemnity", "OWNER_AGENT_SYST_ID": 58706, "STEWARD_AGENT_SYST_ID": 63986, "MANAGER_AGENT_SYST_ID": 63986, "TIMBER_OWNER_NM": null, "TIMBER_EXP_DT": null, "ORIGINAL_PATENT_DT": null, "COUNTY_JURISDICT_DESG_CD": 19, "COUNTY_NM": "Kittitas", "COUNTY_PARCEL_NO": null, "REGION_JURISDICT_DESG_CD": 100, "REGION_NM": "Southeast Region", "HCP_JURISDICT_DESG_CD": null, "HCP_DESG_CD": 1, "HCP_DESG_DT": 1203667200000, "HCP_WITHDRAWAL_DT": null, "PARCEL_DESC_TXT": "W-KT-53", "EDIT_DATE": 1329379200000, "EDIT_STATUS": 0, "EDIT_WHO": "jdug490", "EASEMENT_TYPE_CD": null, "EASEMENT_TYPE_NM": null, "PARCEL_ACQUIRE_AUTH_NO": "86-079379", "PARCEL_DISPOSAL_AUTH_NO": null, "SHAPE.AREA": 28425157.77376, "SHAPE.LEN": 21336.141633561998, "GLOBALID": "{A4718F90-5679-4345-A2A9-EDFA23DF6ABF}"}}, {"type": "Feature", "id": 3322926, "geometry": {"type": "Polygon", "coordinates": [[[-120.45034, 47.20459], [-120.46047, 47.2047], [-120.47124, 47.2044], [-120.47074, 47.19023], [-120.44989, 47.18992], [-120.45034, 47.20459]]]}, "properties": {"OBJECTID": 3322926, "PARCEL_SYST_ID": 5192, "PARCEL_TYPE_CD": 1, "PARCEL_LABEL_NM": null, "PARCEL_NM": null, "REVERSION_RIGHTS_FLG": "N", "OWN_RIGHT_DISPUTE_FLG": "N", "SURFACE_RIGHTS_FLG": "Y", "MINERAL_RIGHTS_FLG": "Y", "TIMBER_RIGHTS_FLG": "Y", "SURFACE_TRUST_CD": 3, "SURFACE_TRUST_NM": "Common School and Indemnity", "MINERAL_TRUST_CD": 3, "MINERAL_TRUST_NM": "Common School and Indemnity", "TIMBER_TRUST_CD": 3, "TIMBER_TRUST_NM": "Common School and Indemnity", "OWNER_AGENT_SYST_ID": 58706, "STEWARD_AGENT_SYST_ID": 63986, "MANAGER_AGENT_SYST_ID": 63986, "TIMBER_OWNER_NM": null, "TIMBER_EXP_DT": null, "ORIGINAL_PATENT_DT": null, "COUNTY_JURISDICT_DESG_CD": 19, "COUNTY_NM": "Kittitas", "COUNTY_PARCEL_NO": null, "REGION_JURISDICT_DESG_CD": 100, "REGION_NM": "Southeast Region", "HCP_JURISDICT_DESG_CD": null, "HCP_DESG_CD": 1, "HCP_DESG_DT": 854611200000, "HCP_WITHDRAWAL_DT": null, "PARCEL_DESC_TXT": null, "EDIT_DATE": 1309330800000, "EDIT_STATUS": 1, "EDIT_WHO": "jdug490", "EASEMENT_TYPE_CD": null, "EASEMENT_TYPE_NM": null, "PARCEL_ACQUIRE_AUTH_NO": "CLEAR LIST 10 INDEMNITY", "PARCEL_DISPOSAL_AUTH_NO": null, "SHAPE.AREA": 27485403.5735, "SHAPE.LEN": 20905.6363440597, "GLOBALID": "{C0FB30E8-7658-44F7-924E-E842A9A56B1D}"}}, {"type": "Feature", "id": 3322927, "geometry": {"type": "Polygon", "coordinates": [[[-120.50135, 47.26049], [-120.51186, 47.2606], [-120.51214, 47.25517], [-120.50692, 47.25516], [-120.50714, 47.25174], [-120.50188, 47.25176], [-120.50255, 47.24764], [-120.49176, 47.2482], [-120.49107, 47.25525], [-120.49626, 47.25523], [-120.49611, 47.25878], [-120.50139, 47.25881], [-120.50135, 47.26049]]]}, "properties": {"OBJECTID": 3322927, "PARCEL_SYST_ID": 5180, "PARCEL_TYPE_CD": 1, "PARCEL_LABEL_NM": null, "PARCEL_NM": null, "REVERSION_RIGHTS_FLG": "N", "OWN_RIGHT_DISPUTE_FLG": "N", "SURFACE_RIGHTS_FLG": "Y", "MINERAL_RIGHTS_FLG": "Y", "TIMBER_RIGHTS_FLG": "Y", "SURFACE_TRUST_CD": 3, "SURFACE_TRUST_NM": "Common School and Indemnity", "MINERAL_TRUST_CD": 3, "MINERAL_TRUST_NM": "Common School and Indemnity", "TIMBER_TRUST_CD": 3, "TIMBER_TRUST_NM": "Common School and Indemnity", "OWNER_AGENT_SYST_ID": 58706, "STEWARD_AGENT_SYST_ID": 63986, "MANAGER_AGENT_SYST_ID": 63986, "TIMBER_OWNER_NM": null, "TIMBER_EXP_DT": null, "ORIGINAL_PATENT_DT": null, "COUNTY_JURISDICT_DESG_CD": 19, "COUNTY_NM": "Kittitas", "COUNTY_PARCEL_NO": null, "REGION_JURISDICT_DESG_CD": 100, "REGION_NM": "Southeast Region", "HCP_JURISDICT_DESG_CD": null, "HCP_DESG_CD": 1, "HCP_DESG_DT": 854611200000, "HCP_WITHDRAWAL_DT": null, "PARCEL_DESC_TXT": null, "EDIT_DATE": 1309330800000, "EDIT_STATUS": 1, "EDIT_WHO": "jdug490", "EASEMENT_TYPE_CD": null, "EASEMENT_TYPE_NM": null, "PARCEL_ACQUIRE_AUTH_NO": "CLEAR LIST 10 INDEMNITY", "PARCEL_DISPOSAL_AUTH_NO": null, "SHAPE.AREA": 15480936.411665, "SHAPE.LEN": 19737.3097426466, "GLOBALID": "{0AA867AB-1FAC-4595-A5E8-80CCAA43D098}"}}, {"type": "Feature", "id": 3322949, "geometry": {"type": "Polygon", "coordinates": [[[-120.27993, 47.22663], [-120.27954, 47.23365], [-120.29028, 47.2336], [-120.301, 47.23358], [-120.30143, 47.22044], [-120.30147, 47.21915], [-120.29861, 47.21917], [-120.29211, 47.2192], [-120.28012, 47.21927], [-120.28, 47.22418], [-120.27993, 47.22663]]]}, "properties": {"OBJECTID": 3322949, "PARCEL_SYST_ID": 5226, "PARCEL_TYPE_CD": 1, "PARCEL_LABEL_NM": null, "PARCEL_NM": null, "REVERSION_RIGHTS_FLG": "N", "OWN_RIGHT_DISPUTE_FLG": "N", "SURFACE_RIGHTS_FLG": "Y", "MINERAL_RIGHTS_FLG": "Y", "TIMBER_RIGHTS_FLG": "Y", "SURFACE_TRUST_CD": 3, "SURFACE_TRUST_NM": "Common School and Indemnity", "MINERAL_TRUST_CD": 3, "MINERAL_TRUST_NM": "Common School and Indemnity", "TIMBER_TRUST_CD": 3, "TIMBER_TRUST_NM": "Common School and Indemnity", "OWNER_AGENT_SYST_ID": 58706, "STEWARD_AGENT_SYST_ID": 63986, "MANAGER_AGENT_SYST_ID": 63986, "TIMBER_OWNER_NM": null, "TIMBER_EXP_DT": null, "ORIGINAL_PATENT_DT": null, "COUNTY_JURISDICT_DESG_CD": 19, "COUNTY_NM": "Kittitas", "COUNTY_PARCEL_NO": null, "REGION_JURISDICT_DESG_CD": 100, "REGION_NM": "Southeast Region", "HCP_JURISDICT_DESG_CD": null, "HCP_DESG_CD": 1, "HCP_DESG_DT": 854611200000, "HCP_WITHDRAWAL_DT": null, "PARCEL_DESC_TXT": null, "EDIT_DATE": 1309330800000, "EDIT_STATUS": 1, "EDIT_WHO": "jdug490", "EASEMENT_TYPE_CD": null, "EASEMENT_TYPE_NM": null, "PARCEL_ACQUIRE_AUTH_NO": null, "PARCEL_DISPOSAL_AUTH_NO": null, "SHAPE.AREA": 27848741.3793, "SHAPE.LEN": 21145.429301653003, "GLOBALID": "{DB4FC9B2-2189-4302-88E0-FD6EC2654FD4}"}}, {"type": "Feature", "id": 3322981, "geometry": {"type": "Polygon", "coordinates": [[[-120.7941, 47.18206], [-120.79406, 47.17487], [-120.78342, 47.17505], [-120.77282, 47.17522], [-120.77332, 47.18201], [-120.77315, 47.18257], [-120.77308, 47.18878], [-120.77301, 47.18909], [-120.78358, 47.18919], [-120.79413, 47.18923], [-120.7941, 47.18206]]]}, "properties": {"OBJECTID": 3322981, "PARCEL_SYST_ID": 5062, "PARCEL_TYPE_CD": 1, "PARCEL_LABEL_NM": null, "PARCEL_NM": null, "REVERSION_RIGHTS_FLG": "N", "OWN_RIGHT_DISPUTE_FLG": "N", "SURFACE_RIGHTS_FLG": "Y", "MINERAL_RIGHTS_FLG": "Y", "TIMBER_RIGHTS_FLG": "Y", "SURFACE_TRUST_CD": 3, "SURFACE_TRUST_NM": "Common School and Indemnity", "MINERAL_TRUST_CD": 3, "MINERAL_TRUST_NM": "Common School and Indemnity", "TIMBER_TRUST_CD": 3, "TIMBER_TRUST_NM": "Common School and Indemnity", "OWNER_AGENT_SYST_ID": 58706, "STEWARD_AGENT_SYST_ID": 63986, "MANAGER_AGENT_SYST_ID": 63986, "TIMBER_OWNER_NM": null, "TIMBER_EXP_DT": null, "ORIGINAL_PATENT_DT": null, "COUNTY_JURISDICT_DESG_CD": 19, "COUNTY_NM": "Kittitas", "COUNTY_PARCEL_NO": null, "REGION_JURISDICT_DESG_CD": 100, "REGION_NM": "Southeast Region", "HCP_JURISDICT_DESG_CD": null, "HCP_DESG_CD": 1, "HCP_DESG_DT": 854611200000, "HCP_WITHDRAWAL_DT": null, "PARCEL_DESC_TXT": null, "EDIT_DATE": 1309330800000, "EDIT_STATUS": 1, "EDIT_WHO": "jdug490", "EASEMENT_TYPE_CD": null, "EASEMENT_TYPE_NM": null, "PARCEL_ACQUIRE_AUTH_NO": "US PATENT NO 46-87-0001", "PARCEL_DISPOSAL_AUTH_NO": null, "SHAPE.AREA": 26915402.9564115, "SHAPE.LEN": 20841.0224713058, "GLOBALID": "{60865A56-023C-446D-B43B-038D99960C4B}"}}, {"type": "Feature", "id": 3323118, "geometry": {"type": "Polygon", "coordinates": [[[-120.92474, 47.31058], [-120.93524, 47.31063], [-120.93526, 47.3034], [-120.92474, 47.30336], [-120.92474, 47.31058]]]}, "properties": {"OBJECTID": 3323118, "PARCEL_SYST_ID": 116269, "PARCEL_TYPE_CD": 1, "PARCEL_LABEL_NM": "Teanaway Com Forest", "PARCEL_NM": null, "REVERSION_RIGHTS_FLG": "N", "OWN_RIGHT_DISPUTE_FLG": "N", "SURFACE_RIGHTS_FLG": "Y", "MINERAL_RIGHTS_FLG": "N", "TIMBER_RIGHTS_FLG": "Y", "SURFACE_TRUST_CD": 48, "SURFACE_TRUST_NM": "Community Forest Trust", "MINERAL_TRUST_CD": 0, "MINERAL_TRUST_NM": "Trust Status Not Applicable Or Unknown", "TIMBER_TRUST_CD": 48, "TIMBER_TRUST_NM": "Community Forest Trust", "OWNER_AGENT_SYST_ID": 58706, "STEWARD_AGENT_SYST_ID": 63986, "MANAGER_AGENT_SYST_ID": 63986, "TIMBER_OWNER_NM": null, "TIMBER_EXP_DT": null, "ORIGINAL_PATENT_DT": null, "COUNTY_JURISDICT_DESG_CD": 19, "COUNTY_NM": "Kittitas", "COUNTY_PARCEL_NO": null, "REGION_JURISDICT_DESG_CD": 100, "REGION_NM": "Southeast Region", "HCP_JURISDICT_DESG_CD": null, "HCP_DESG_CD": 2, "HCP_DESG_DT": null, "HCP_WITHDRAWAL_DT": null, "PARCEL_DESC_TXT": "EDIT CORRECTION", "EDIT_DATE": 1426106752000, "EDIT_STATUS": 0, "EDIT_WHO": "JDUG490", "EASEMENT_TYPE_CD": null, "EASEMENT_TYPE_NM": null, "PARCEL_ACQUIRE_AUTH_NO": "08-090298", "PARCEL_DISPOSAL_AUTH_NO": null, "SHAPE.AREA": 6873377.79163, "SHAPE.LEN": 10487.0892737132, "GLOBALID": "{686D6230-398E-45BF-961D-24A4C9E1AD43}"}}, {"type": "Feature", "id": 3323275, "geometry": {"type": "Polygon", "coordinates": [[[-120.4024, 47.15451], [-120.39645, 47.15482], [-120.39645, 47.16184], [-120.40239, 47.16138], [-120.40766, 47.16129], [-120.4077, 47.15433], [-120.4024, 47.15451]]]}, "properties": {"OBJECTID": 3323275, "PARCEL_SYST_ID": 4725, "PARCEL_TYPE_CD": 1, "PARCEL_LABEL_NM": null, "PARCEL_NM": null, "REVERSION_RIGHTS_FLG": "N", "OWN_RIGHT_DISPUTE_FLG": "N", "SURFACE_RIGHTS_FLG": "Y", "MINERAL_RIGHTS_FLG": "N", "TIMBER_RIGHTS_FLG": "Y", "SURFACE_TRUST_CD": 3, "SURFACE_TRUST_NM": "Common School and Indemnity", "MINERAL_TRUST_CD": 0, "MINERAL_TRUST_NM": "Trust Status Not Applicable Or Unknown", "TIMBER_TRUST_CD": 3, "TIMBER_TRUST_NM": "Common School and Indemnity", "OWNER_AGENT_SYST_ID": 58706, "STEWARD_AGENT_SYST_ID": 63986, "MANAGER_AGENT_SYST_ID": 63986, "TIMBER_OWNER_NM": null, "TIMBER_EXP_DT": null, "ORIGINAL_PATENT_DT": null, "COUNTY_JURISDICT_DESG_CD": 19, "COUNTY_NM": "Kittitas", "COUNTY_PARCEL_NO": null, "REGION_JURISDICT_DESG_CD": 100, "REGION_NM": "Southeast Region", "HCP_JURISDICT_DESG_CD": null, "HCP_DESG_CD": 1, "HCP_DESG_DT": 854611200000, "HCP_WITHDRAWAL_DT": null, "PARCEL_DESC_TXT": null, "EDIT_DATE": 1309330800000, "EDIT_STATUS": 1, "EDIT_WHO": "jdug490", "EASEMENT_TYPE_CD": null, "EASEMENT_TYPE_NM": null, "PARCEL_ACQUIRE_AUTH_NO": "86-000167", "PARCEL_DISPOSAL_AUTH_NO": null, "SHAPE.AREA": 7063548.58875, "SHAPE.LEN": 10700.8134446203, "GLOBALID": "{D1D5BA19-47CE-42BF-98A5-9F973B1BE430}"}}, {"type": "Feature", "id": 3323322, "geometry": {"type": "Polygon", "coordinates": [[[-120.29133, 47.19002], [-120.28049, 47.19008], [-120.28077, 47.20469], [-120.29179, 47.20469], [-120.30232, 47.20437], [-120.30213, 47.18997], [-120.29133, 47.19002]]]}, "properties": {"OBJECTID": 3323322, "PARCEL_SYST_ID": 112670, "PARCEL_TYPE_CD": 1, "PARCEL_LABEL_NM": null, "PARCEL_NM": null, "REVERSION_RIGHTS_FLG": "N", "OWN_RIGHT_DISPUTE_FLG": "N", "SURFACE_RIGHTS_FLG": "Y", "MINERAL_RIGHTS_FLG": "N", "TIMBER_RIGHTS_FLG": "Y", "SURFACE_TRUST_CD": 11, "SURFACE_TRUST_NM": "University - Original", "MINERAL_TRUST_CD": 0, "MINERAL_TRUST_NM": "Trust Status Not Applicable Or Unknown", "TIMBER_TRUST_CD": 11, "TIMBER_TRUST_NM": "University - Original", "OWNER_AGENT_SYST_ID": 58706, "STEWARD_AGENT_SYST_ID": 63986, "MANAGER_AGENT_SYST_ID": 63986, "TIMBER_OWNER_NM": null, "TIMBER_EXP_DT": null, "ORIGINAL_PATENT_DT": null, "COUNTY_JURISDICT_DESG_CD": 19, "COUNTY_NM": "Kittitas", "COUNTY_PARCEL_NO": null, "REGION_JURISDICT_DESG_CD": 100, "REGION_NM": "Southeast Region", "HCP_JURISDICT_DESG_CD": null, "HCP_DESG_CD": 1, "HCP_DESG_DT": 1203667200000, "HCP_WITHDRAWAL_DT": null, "PARCEL_DESC_TXT": "W-KT-64", "EDIT_DATE": 1695340555000, "EDIT_STATUS": 0, "EDIT_WHO": "TSTE490", "EASEMENT_TYPE_CD": null, "EASEMENT_TYPE_NM": null, "PARCEL_ACQUIRE_AUTH_NO": "86-079379", "PARCEL_DISPOSAL_AUTH_NO": null, "SHAPE.AREA": 28558744.164058, "SHAPE.LEN": 21317.566372760502, "GLOBALID": "{1757F298-4B54-4074-8DF2-437EDE4744DD}"}}, {"type": "Feature", "id": 3323340, "geometry": {"type": "Polygon", "coordinates": [[[-120.48175, 47.21904], [-120.4806, 47.21188], [-120.47555, 47.21197], [-120.47599, 47.2192], [-120.48175, 47.21904]]]}, "properties": {"OBJECTID": 3323340, "PARCEL_SYST_ID": 13286, "PARCEL_TYPE_CD": 1, "PARCEL_LABEL_NM": null, "PARCEL_NM": null, "REVERSION_RIGHTS_FLG": "N", "OWN_RIGHT_DISPUTE_FLG": "N", "SURFACE_RIGHTS_FLG": "Y", "MINERAL_RIGHTS_FLG": "N", "TIMBER_RIGHTS_FLG": "Y", "SURFACE_TRUST_CD": 3, "SURFACE_TRUST_NM": "Common School and Indemnity", "MINERAL_TRUST_CD": 0, "MINERAL_TRUST_NM": "Trust Status Not Applicable Or Unknown", "TIMBER_TRUST_CD": 3, "TIMBER_TRUST_NM": "Common School and Indemnity", "OWNER_AGENT_SYST_ID": 58706, "STEWARD_AGENT_SYST_ID": 63986, "MANAGER_AGENT_SYST_ID": 63986, "TIMBER_OWNER_NM": null, "TIMBER_EXP_DT": null, "ORIGINAL_PATENT_DT": null, "COUNTY_JURISDICT_DESG_CD": 19, "COUNTY_NM": "Kittitas", "COUNTY_PARCEL_NO": null, "REGION_JURISDICT_DESG_CD": 100, "REGION_NM": "Southeast Region", "HCP_JURISDICT_DESG_CD": null, "HCP_DESG_CD": 1, "HCP_DESG_DT": 854611200000, "HCP_WITHDRAWAL_DT": null, "PARCEL_DESC_TXT": null, "EDIT_DATE": 1309330800000, "EDIT_STATUS": 1, "EDIT_WHO": "jdug490", "EASEMENT_TYPE_CD": null, "EASEMENT_TYPE_NM": null, "PARCEL_ACQUIRE_AUTH_NO": "US PATENT NO 46-86-0020", "PARCEL_DISPOSAL_AUTH_NO": null, "SHAPE.AREA": 3538867.3337, "SHAPE.LEN": 7960.315991236431, "GLOBALID": "{1818576E-0AB5-47E6-B458-63E01BB0E278}"}}, {"type": "Feature", "id": 3323351, "geometry": {"type": "Polygon", "coordinates": [[[-120.34348, 47.23379], [-120.34324, 47.24823], [-120.36454, 47.24823], [-120.36458, 47.24655], [-120.36486, 47.23369], [-120.34596, 47.23378], [-120.34348, 47.23379]]]}, "properties": {"OBJECTID": 3323351, "PARCEL_SYST_ID": 5224, "PARCEL_TYPE_CD": 1, "PARCEL_LABEL_NM": null, "PARCEL_NM": null, "REVERSION_RIGHTS_FLG": "N", "OWN_RIGHT_DISPUTE_FLG": "N", "SURFACE_RIGHTS_FLG": "Y", "MINERAL_RIGHTS_FLG": "Y", "TIMBER_RIGHTS_FLG": "Y", "SURFACE_TRUST_CD": 3, "SURFACE_TRUST_NM": "Common School and Indemnity", "MINERAL_TRUST_CD": 3, "MINERAL_TRUST_NM": "Common School and Indemnity", "TIMBER_TRUST_CD": 3, "TIMBER_TRUST_NM": "Common School and Indemnity", "OWNER_AGENT_SYST_ID": 58706, "STEWARD_AGENT_SYST_ID": 63986, "MANAGER_AGENT_SYST_ID": 63986, "TIMBER_OWNER_NM": null, "TIMBER_EXP_DT": null, "ORIGINAL_PATENT_DT": null, "COUNTY_JURISDICT_DESG_CD": 19, "COUNTY_NM": "Kittitas", "COUNTY_PARCEL_NO": null, "REGION_JURISDICT_DESG_CD": 100, "REGION_NM": "Southeast Region", "HCP_JURISDICT_DESG_CD": null, "HCP_DESG_CD": 1, "HCP_DESG_DT": 854611200000, "HCP_WITHDRAWAL_DT": null, "PARCEL_DESC_TXT": null, "EDIT_DATE": 1309330800000, "EDIT_STATUS": 1, "EDIT_WHO": "jdug490", "EASEMENT_TYPE_CD": null, "EASEMENT_TYPE_NM": null, "PARCEL_ACQUIRE_AUTH_NO": "CLEAR LIST 10 INDEMNITY", "PARCEL_DISPOSAL_AUTH_NO": null, "SHAPE.AREA": 28003513.08015, "SHAPE.LEN": 21168.6295138532, "GLOBALID": "{E8B8A196-6C0D-4663-A41A-4A4B5CA4803B}"}}, {"type": "Feature", "id": 3323367, "geometry": {"type": "Polygon", "coordinates": [[[-120.38926, 47.52407], [-120.38898, 47.53879], [-120.41059, 47.53799], [-120.41038, 47.52371], [-120.38926, 47.52407]]]}, "properties": {"OBJECTID": 3323367, "PARCEL_SYST_ID": 10933, "PARCEL_TYPE_CD": 1, "PARCEL_LABEL_NM": null, "PARCEL_NM": null, "REVERSION_RIGHTS_FLG": "N", "OWN_RIGHT_DISPUTE_FLG": "N", "SURFACE_RIGHTS_FLG": "Y", "MINERAL_RIGHTS_FLG": "Y", "TIMBER_RIGHTS_FLG": "Y", "SURFACE_TRUST_CD": 3, "SURFACE_TRUST_NM": "Common School and Indemnity", "MINERAL_TRUST_CD": 3, "MINERAL_TRUST_NM": "Common School and Indemnity", "TIMBER_TRUST_CD": 3, "TIMBER_TRUST_NM": "Common School and Indemnity", "OWNER_AGENT_SYST_ID": 58706, "STEWARD_AGENT_SYST_ID": 63986, "MANAGER_AGENT_SYST_ID": 63986, "TIMBER_OWNER_NM": null, "TIMBER_EXP_DT": null, "ORIGINAL_PATENT_DT": null, "COUNTY_JURISDICT_DESG_CD": 4, "COUNTY_NM": "Chelan", "COUNTY_PARCEL_NO": null, "REGION_JURISDICT_DESG_CD": 100, "REGION_NM": "Southeast Region", "HCP_JURISDICT_DESG_CD": null, "HCP_DESG_CD": 1, "HCP_DESG_DT": 854611200000, "HCP_WITHDRAWAL_DT": null, "PARCEL_DESC_TXT": null, "EDIT_DATE": 1309330800000, "EDIT_STATUS": 1, "EDIT_WHO": "jdug490", "EASEMENT_TYPE_CD": null, "EASEMENT_TYPE_NM": null, "PARCEL_ACQUIRE_AUTH_NO": "US PATENT NO 46-74-0026", "PARCEL_DISPOSAL_AUTH_NO": null, "SHAPE.AREA": 27925098.483265, "SHAPE.LEN": 21148.5505538705, "GLOBALID": "{59866049-583B-4D74-B3C0-4059FA1D77C1}"}}, {"type": "Feature", "id": 3323386, "geometry": {"type": "Polygon", "coordinates": [[[-120.30248, 47.17546], [-120.30213, 47.18997], [-120.31264, 47.18977], [-120.32323, 47.18983], [-120.32354, 47.1754], [-120.303, 47.17547], [-120.30248, 47.17546]]]}, "properties": {"OBJECTID": 3323386, "PARCEL_SYST_ID": 5234, "PARCEL_TYPE_CD": 1, "PARCEL_LABEL_NM": null, "PARCEL_NM": null, "REVERSION_RIGHTS_FLG": "N", "OWN_RIGHT_DISPUTE_FLG": "N", "SURFACE_RIGHTS_FLG": "Y", "MINERAL_RIGHTS_FLG": "Y", "TIMBER_RIGHTS_FLG": "Y", "SURFACE_TRUST_CD": 3, "SURFACE_TRUST_NM": "Common School and Indemnity", "MINERAL_TRUST_CD": 3, "MINERAL_TRUST_NM": "Common School and Indemnity", "TIMBER_TRUST_CD": 3, "TIMBER_TRUST_NM": "Common School and Indemnity", "OWNER_AGENT_SYST_ID": 58706, "STEWARD_AGENT_SYST_ID": 63986, "MANAGER_AGENT_SYST_ID": 63986, "TIMBER_OWNER_NM": null, "TIMBER_EXP_DT": null, "ORIGINAL_PATENT_DT": null, "COUNTY_JURISDICT_DESG_CD": 19, "COUNTY_NM": "Kittitas", "COUNTY_PARCEL_NO": null, "REGION_JURISDICT_DESG_CD": 100, "REGION_NM": "Southeast Region", "HCP_JURISDICT_DESG_CD": null, "HCP_DESG_CD": 1, "HCP_DESG_DT": 854611200000, "HCP_WITHDRAWAL_DT": null, "PARCEL_DESC_TXT": null, "EDIT_DATE": 1309330800000, "EDIT_STATUS": 1, "EDIT_WHO": "jdug490", "EASEMENT_TYPE_CD": null, "EASEMENT_TYPE_NM": null, "PARCEL_ACQUIRE_AUTH_NO": "CLEAR LIST 12 INDEMNITY", "PARCEL_DISPOSAL_AUTH_NO": null, "SHAPE.AREA": 27529948.6021705, "SHAPE.LEN": 21041.1705774176, "GLOBALID": "{7A80750B-01FD-416F-B931-5AF805C12877}"}}, {"type": "Feature", "id": 3323768, "geometry": {"type": "Polygon", "coordinates": [[[-120.57155, 47.13192], [-120.58168, 47.13221], [-120.58173, 47.11748], [-120.57133, 47.11741], [-120.57155, 47.13192]]]}, "properties": {"OBJECTID": 3323768, "PARCEL_SYST_ID": 5139, "PARCEL_TYPE_CD": 1, "PARCEL_LABEL_NM": null, "PARCEL_NM": null, "REVERSION_RIGHTS_FLG": "N", "OWN_RIGHT_DISPUTE_FLG": "N", "SURFACE_RIGHTS_FLG": "Y", "MINERAL_RIGHTS_FLG": "Y", "TIMBER_RIGHTS_FLG": "Y", "SURFACE_TRUST_CD": 3, "SURFACE_TRUST_NM": "Common School and Indemnity", "MINERAL_TRUST_CD": 3, "MINERAL_TRUST_NM": "Common School and Indemnity", "TIMBER_TRUST_CD": 3, "TIMBER_TRUST_NM": "Common School and Indemnity", "OWNER_AGENT_SYST_ID": 58706, "STEWARD_AGENT_SYST_ID": 63986, "MANAGER_AGENT_SYST_ID": 63986, "TIMBER_OWNER_NM": null, "TIMBER_EXP_DT": null, "ORIGINAL_PATENT_DT": null, "COUNTY_JURISDICT_DESG_CD": 19, "COUNTY_NM": "Kittitas", "COUNTY_PARCEL_NO": null, "REGION_JURISDICT_DESG_CD": 100, "REGION_NM": "Southeast Region", "HCP_JURISDICT_DESG_CD": null, "HCP_DESG_CD": 1, "HCP_DESG_DT": 854611200000, "HCP_WITHDRAWAL_DT": null, "PARCEL_DESC_TXT": null, "EDIT_DATE": 1309330800000, "EDIT_STATUS": 1, "EDIT_WHO": "jdug490", "EASEMENT_TYPE_CD": null, "EASEMENT_TYPE_NM": null, "PARCEL_ACQUIRE_AUTH_NO": "CLEAR LIST 13 INDEMNITY", "PARCEL_DISPOSAL_AUTH_NO": null, "SHAPE.AREA": 13622485.17135, "SHAPE.LEN": 15778.444279737201, "GLOBALID": "{C3FE9F44-85A9-47BD-8303-E50D0E365A90}"}}, {"type": "Feature", "id": 3323787, "geometry": {"type": "Polygon", "coordinates": [[[-120.62406, 47.14642], [-120.63471, 47.14641], [-120.64521, 47.14639], [-120.64513, 47.13916], [-120.64505, 47.13193], [-120.63476, 47.13189], [-120.62411, 47.13184], [-120.62408, 47.13889], [-120.62408, 47.13911], [-120.62406, 47.14642]]]}, "properties": {"OBJECTID": 3323787, "PARCEL_SYST_ID": 5138, "PARCEL_TYPE_CD": 1, "PARCEL_LABEL_NM": null, "PARCEL_NM": null, "REVERSION_RIGHTS_FLG": "N", "OWN_RIGHT_DISPUTE_FLG": "N", "SURFACE_RIGHTS_FLG": "Y", "MINERAL_RIGHTS_FLG": "Y", "TIMBER_RIGHTS_FLG": "Y", "SURFACE_TRUST_CD": 3, "SURFACE_TRUST_NM": "Common School and Indemnity", "MINERAL_TRUST_CD": 3, "MINERAL_TRUST_NM": "Common School and Indemnity", "TIMBER_TRUST_CD": 3, "TIMBER_TRUST_NM": "Common School and Indemnity", "OWNER_AGENT_SYST_ID": 58706, "STEWARD_AGENT_SYST_ID": 63986, "MANAGER_AGENT_SYST_ID": 63986, "TIMBER_OWNER_NM": null, "TIMBER_EXP_DT": null, "ORIGINAL_PATENT_DT": null, "COUNTY_JURISDICT_DESG_CD": 19, "COUNTY_NM": "Kittitas", "COUNTY_PARCEL_NO": null, "REGION_JURISDICT_DESG_CD": 100, "REGION_NM": "Southeast Region", "HCP_JURISDICT_DESG_CD": null, "HCP_DESG_CD": 1, "HCP_DESG_DT": 854611200000, "HCP_WITHDRAWAL_DT": null, "PARCEL_DESC_TXT": null, "EDIT_DATE": 1309330800000, "EDIT_STATUS": 1, "EDIT_WHO": "jdug490", "EASEMENT_TYPE_CD": null, "EASEMENT_TYPE_NM": null, "PARCEL_ACQUIRE_AUTH_NO": "CLEAR LIST 13 INDEMNITY", "PARCEL_DISPOSAL_AUTH_NO": null, "SHAPE.AREA": 27732191.17594, "SHAPE.LEN": 21063.2174893808, "GLOBALID": "{ACBF1D2B-D325-4250-9C64-53EE5380DD8C}"}}, {"type": "Feature", "id": 3323841, "geometry": {"type": "Polygon", "coordinates": [[[-120.8781, 47.08738], [-120.88882, 47.08727], [-120.89802, 47.0875], [-120.89747, 47.0773], [-120.89752, 47.07026], [-120.88848, 47.07022], [-120.87796, 47.07055], [-120.87771, 47.07753], [-120.87766, 47.08739], [-120.8781, 47.08738]]]}, "properties": {"OBJECTID": 3323841, "PARCEL_SYST_ID": 5044, "PARCEL_TYPE_CD": 1, "PARCEL_LABEL_NM": null, "PARCEL_NM": null, "REVERSION_RIGHTS_FLG": "N", "OWN_RIGHT_DISPUTE_FLG": "N", "SURFACE_RIGHTS_FLG": "Y", "MINERAL_RIGHTS_FLG": "Y", "TIMBER_RIGHTS_FLG": "Y", "SURFACE_TRUST_CD": 3, "SURFACE_TRUST_NM": "Common School and Indemnity", "MINERAL_TRUST_CD": 3, "MINERAL_TRUST_NM": "Common School and Indemnity", "TIMBER_TRUST_CD": 3, "TIMBER_TRUST_NM": "Common School and Indemnity", "OWNER_AGENT_SYST_ID": 58706, "STEWARD_AGENT_SYST_ID": 63986, "MANAGER_AGENT_SYST_ID": 63986, "TIMBER_OWNER_NM": null, "TIMBER_EXP_DT": null, "ORIGINAL_PATENT_DT": null, "COUNTY_JURISDICT_DESG_CD": 19, "COUNTY_NM": "Kittitas", "COUNTY_PARCEL_NO": null, "REGION_JURISDICT_DESG_CD": 100, "REGION_NM": "Southeast Region", "HCP_JURISDICT_DESG_CD": null, "HCP_DESG_CD": 1, "HCP_DESG_DT": 854611200000, "HCP_WITHDRAWAL_DT": null, "PARCEL_DESC_TXT": null, "EDIT_DATE": 1309330800000, "EDIT_STATUS": 1, "EDIT_WHO": "jdug490", "EASEMENT_TYPE_CD": null, "EASEMENT_TYPE_NM": null, "PARCEL_ACQUIRE_AUTH_NO": "CLEAR LIST 21 INDEMNITY", "PARCEL_DISPOSAL_AUTH_NO": null, "SHAPE.AREA": 30789352.814965, "SHAPE.LEN": 22387.496946886302, "GLOBALID": "{D8957968-2380-41A9-99FD-8AA9287BCAEC}"}}, {"type": "Feature", "id": 3323998, "geometry": {"type": "Polygon", "coordinates": [[[-120.80876, 47.26011], [-120.80859, 47.27067], [-120.81931, 47.27063], [-120.83004, 47.27058], [-120.83008, 47.25995], [-120.81492, 47.26056], [-120.80876, 47.26011]]]}, "properties": {"OBJECTID": 3323998, "PARCEL_SYST_ID": 116202, "PARCEL_TYPE_CD": 1, "PARCEL_LABEL_NM": "Teanaway Com Forest", "PARCEL_NM": null, "REVERSION_RIGHTS_FLG": "N", "OWN_RIGHT_DISPUTE_FLG": "N", "SURFACE_RIGHTS_FLG": "Y", "MINERAL_RIGHTS_FLG": "Y", "TIMBER_RIGHTS_FLG": "Y", "SURFACE_TRUST_CD": 48, "SURFACE_TRUST_NM": "Community Forest Trust", "MINERAL_TRUST_CD": 48, "MINERAL_TRUST_NM": "Community Forest Trust", "TIMBER_TRUST_CD": 48, "TIMBER_TRUST_NM": "Community Forest Trust", "OWNER_AGENT_SYST_ID": 58706, "STEWARD_AGENT_SYST_ID": 63986, "MANAGER_AGENT_SYST_ID": 63986, "TIMBER_OWNER_NM": null, "TIMBER_EXP_DT": null, "ORIGINAL_PATENT_DT": null, "COUNTY_JURISDICT_DESG_CD": 19, "COUNTY_NM": "Kittitas", "COUNTY_PARCEL_NO": null, "REGION_JURISDICT_DESG_CD": 100, "REGION_NM": "Southeast Region", "HCP_JURISDICT_DESG_CD": null, "HCP_DESG_CD": 2, "HCP_DESG_DT": null, "HCP_WITHDRAWAL_DT": null, "PARCEL_DESC_TXT": null, "EDIT_DATE": 1395847238000, "EDIT_STATUS": 0, "EDIT_WHO": "JDUG490", "EASEMENT_TYPE_CD": null, "EASEMENT_TYPE_NM": null, "PARCEL_ACQUIRE_AUTH_NO": "08-090298", "PARCEL_DISPOSAL_AUTH_NO": null, "SHAPE.AREA": 20048952.6864675, "SHAPE.LEN": 18367.2502616349, "GLOBALID": "{2F900F4D-9237-45C8-8C9A-5B17DC974E63}"}}, {"type": "Feature", "id": 3324030, "geometry": {"type": "Polygon", "coordinates": [[[-120.32484, 47.1335], [-120.325, 47.1409], [-120.32482, 47.14844], [-120.34686, 47.14845], [-120.348, 47.13368], [-120.32484, 47.1335]]]}, "properties": {"OBJECTID": 3324030, "PARCEL_SYST_ID": 5217, "PARCEL_TYPE_CD": 1, "PARCEL_LABEL_NM": null, "PARCEL_NM": null, "REVERSION_RIGHTS_FLG": "N", "OWN_RIGHT_DISPUTE_FLG": "N", "SURFACE_RIGHTS_FLG": "Y", "MINERAL_RIGHTS_FLG": "Y", "TIMBER_RIGHTS_FLG": "Y", "SURFACE_TRUST_CD": 3, "SURFACE_TRUST_NM": "Common School and Indemnity", "MINERAL_TRUST_CD": 3, "MINERAL_TRUST_NM": "Common School and Indemnity", "TIMBER_TRUST_CD": 3, "TIMBER_TRUST_NM": "Common School and Indemnity", "OWNER_AGENT_SYST_ID": 58706, "STEWARD_AGENT_SYST_ID": 63986, "MANAGER_AGENT_SYST_ID": 63986, "TIMBER_OWNER_NM": null, "TIMBER_EXP_DT": null, "ORIGINAL_PATENT_DT": null, "COUNTY_JURISDICT_DESG_CD": 19, "COUNTY_NM": "Kittitas", "COUNTY_PARCEL_NO": null, "REGION_JURISDICT_DESG_CD": 100, "REGION_NM": "Southeast Region", "HCP_JURISDICT_DESG_CD": null, "HCP_DESG_CD": 1, "HCP_DESG_DT": 854611200000, "HCP_WITHDRAWAL_DT": null, "PARCEL_DESC_TXT": null, "EDIT_DATE": 1309330800000, "EDIT_STATUS": 1, "EDIT_WHO": "jdug490", "EASEMENT_TYPE_CD": null, "EASEMENT_TYPE_NM": null, "PARCEL_ACQUIRE_AUTH_NO": "US PATENT NO 46-87-0001", "PARCEL_DISPOSAL_AUTH_NO": null, "SHAPE.AREA": 30361228.4113, "SHAPE.LEN": 22091.9267610737, "GLOBALID": "{67B9E13E-CDCB-479F-AAEC-BCFE09BA84AD}"}}, {"type": "Feature", "id": 3324055, "geometry": {"type": "Polygon", "coordinates": [[[-120.78789, 47.2743], [-120.78784, 47.28154], [-120.79832, 47.28149], [-120.79821, 47.27425], [-120.78789, 47.2743]]]}, "properties": {"OBJECTID": 3324055, "PARCEL_SYST_ID": 116204, "PARCEL_TYPE_CD": 1, "PARCEL_LABEL_NM": "Teanaway Com Forest", "PARCEL_NM": null, "REVERSION_RIGHTS_FLG": "N", "OWN_RIGHT_DISPUTE_FLG": "N", "SURFACE_RIGHTS_FLG": "Y", "MINERAL_RIGHTS_FLG": "N", "TIMBER_RIGHTS_FLG": "Y", "SURFACE_TRUST_CD": 48, "SURFACE_TRUST_NM": "Community Forest Trust", "MINERAL_TRUST_CD": 0, "MINERAL_TRUST_NM": "Trust Status Not Applicable Or Unknown", "TIMBER_TRUST_CD": 48, "TIMBER_TRUST_NM": "Community Forest Trust", "OWNER_AGENT_SYST_ID": 58706, "STEWARD_AGENT_SYST_ID": 63986, "MANAGER_AGENT_SYST_ID": 63986, "TIMBER_OWNER_NM": null, "TIMBER_EXP_DT": null, "ORIGINAL_PATENT_DT": null, "COUNTY_JURISDICT_DESG_CD": 19, "COUNTY_NM": "Kittitas", "COUNTY_PARCEL_NO": null, "REGION_JURISDICT_DESG_CD": 100, "REGION_NM": "Southeast Region", "HCP_JURISDICT_DESG_CD": null, "HCP_DESG_CD": 2, "HCP_DESG_DT": null, "HCP_WITHDRAWAL_DT": null, "PARCEL_DESC_TXT": null, "EDIT_DATE": 1395847238000, "EDIT_STATUS": 0, "EDIT_WHO": "JDUG490", "EASEMENT_TYPE_CD": null, "EASEMENT_TYPE_NM": null, "PARCEL_ACQUIRE_AUTH_NO": "08-090298", "PARCEL_DISPOSAL_AUTH_NO": null, "SHAPE.AREA": 6821531.006825, "SHAPE.LEN": 10448.118876701501, "GLOBALID": "{108AD189-BC4E-47A9-8351-9DF625236D42}"}}, {"type": "Feature", "id": 3324056, "geometry": {"type": "Polygon", "coordinates": [[[-120.81977, 47.28863], [-120.80907, 47.28869], [-120.80917, 47.30318], [-120.82974, 47.30324], [-120.8301, 47.2959], [-120.81961, 47.29592], [-120.81977, 47.28863]]]}, "properties": {"OBJECTID": 3324056, "PARCEL_SYST_ID": 116212, "PARCEL_TYPE_CD": 1, "PARCEL_LABEL_NM": "Teanaway Com Forest", "PARCEL_NM": null, "REVERSION_RIGHTS_FLG": "N", "OWN_RIGHT_DISPUTE_FLG": "N", "SURFACE_RIGHTS_FLG": "Y", "MINERAL_RIGHTS_FLG": "Y", "TIMBER_RIGHTS_FLG": "Y", "SURFACE_TRUST_CD": 48, "SURFACE_TRUST_NM": "Community Forest Trust", "MINERAL_TRUST_CD": 48, "MINERAL_TRUST_NM": "Community Forest Trust", "TIMBER_TRUST_CD": 48, "TIMBER_TRUST_NM": "Community Forest Trust", "OWNER_AGENT_SYST_ID": 58706, "STEWARD_AGENT_SYST_ID": 63986, "MANAGER_AGENT_SYST_ID": 63986, "TIMBER_OWNER_NM": null, "TIMBER_EXP_DT": null, "ORIGINAL_PATENT_DT": null, "COUNTY_JURISDICT_DESG_CD": 19, "COUNTY_NM": "Kittitas", "COUNTY_PARCEL_NO": null, "REGION_JURISDICT_DESG_CD": 100, "REGION_NM": "Southeast Region", "HCP_JURISDICT_DESG_CD": null, "HCP_DESG_CD": 2, "HCP_DESG_DT": null, "HCP_WITHDRAWAL_DT": null, "PARCEL_DESC_TXT": null, "EDIT_DATE": 1395847238000, "EDIT_STATUS": 0, "EDIT_WHO": "JDUG490", "EASEMENT_TYPE_CD": null, "EASEMENT_TYPE_NM": null, "PARCEL_ACQUIRE_AUTH_NO": "08-090298", "PARCEL_DISPOSAL_AUTH_NO": null, "SHAPE.AREA": 20679142.1213325, "SHAPE.LEN": 20984.632964565302, "GLOBALID": "{54D0F97B-D659-452E-B289-CCD6FC51CC97}"}}, {"type": "Feature", "id": 3324057, "geometry": {"type": "Polygon", "coordinates": [[[-120.80917, 47.30318], [-120.80907, 47.28869], [-120.79843, 47.28874], [-120.78779, 47.28878], [-120.78777, 47.30328], [-120.79044, 47.30327], [-120.79312, 47.30326], [-120.80382, 47.30321], [-120.80917, 47.30318]]]}, "properties": {"OBJECTID": 3324057, "PARCEL_SYST_ID": 116213, "PARCEL_TYPE_CD": 1, "PARCEL_LABEL_NM": "Teanaway Com Forest", "PARCEL_NM": null, "REVERSION_RIGHTS_FLG": "N", "OWN_RIGHT_DISPUTE_FLG": "N", "SURFACE_RIGHTS_FLG": "Y", "MINERAL_RIGHTS_FLG": "N", "TIMBER_RIGHTS_FLG": "Y", "SURFACE_TRUST_CD": 48, "SURFACE_TRUST_NM": "Community Forest Trust", "MINERAL_TRUST_CD": 0, "MINERAL_TRUST_NM": "Trust Status Not Applicable Or Unknown", "TIMBER_TRUST_CD": 48, "TIMBER_TRUST_NM": "Community Forest Trust", "OWNER_AGENT_SYST_ID": 58706, "STEWARD_AGENT_SYST_ID": 63986, "MANAGER_AGENT_SYST_ID": 63986, "TIMBER_OWNER_NM": null, "TIMBER_EXP_DT": null, "ORIGINAL_PATENT_DT": null, "COUNTY_JURISDICT_DESG_CD": 19, "COUNTY_NM": "Kittitas", "COUNTY_PARCEL_NO": null, "REGION_JURISDICT_DESG_CD": 100, "REGION_NM": "Southeast Region", "HCP_JURISDICT_DESG_CD": null, "HCP_DESG_CD": 2, "HCP_DESG_DT": null, "HCP_WITHDRAWAL_DT": null, "PARCEL_DESC_TXT": null, "EDIT_DATE": 1395847238000, "EDIT_STATUS": 0, "EDIT_WHO": "JDUG490", "EASEMENT_TYPE_CD": null, "EASEMENT_TYPE_NM": null, "PARCEL_ACQUIRE_AUTH_NO": "08-090298", "PARCEL_DISPOSAL_AUTH_NO": null, "SHAPE.AREA": 28007074.249762, "SHAPE.LEN": 21168.850160274204, "GLOBALID": "{CDA2E01A-2EA7-4DF8-BEBD-1CA13C9AEE1A}"}}, {"type": "Feature", "id": 3324126, "geometry": {"type": "Polygon", "coordinates": [[[-120.80909, 47.31037], [-120.8195, 47.31029], [-120.81952, 47.31394], [-120.83014, 47.31407], [-120.83017, 47.31021], [-120.82974, 47.30324], [-120.80917, 47.30318], [-120.80909, 47.31037]]]}, "properties": {"OBJECTID": 3324126, "PARCEL_SYST_ID": 116215, "PARCEL_TYPE_CD": 1, "PARCEL_LABEL_NM": "Teanaway Com Forest", "PARCEL_NM": null, "REVERSION_RIGHTS_FLG": "N", "OWN_RIGHT_DISPUTE_FLG": "N", "SURFACE_RIGHTS_FLG": "Y", "MINERAL_RIGHTS_FLG": "Y", "TIMBER_RIGHTS_FLG": "Y", "SURFACE_TRUST_CD": 48, "SURFACE_TRUST_NM": "Community Forest Trust", "MINERAL_TRUST_CD": 48, "MINERAL_TRUST_NM": "Community Forest Trust", "TIMBER_TRUST_CD": 48, "TIMBER_TRUST_NM": "Community Forest Trust", "OWNER_AGENT_SYST_ID": 58706, "STEWARD_AGENT_SYST_ID": 63986, "MANAGER_AGENT_SYST_ID": 63986, "TIMBER_OWNER_NM": null, "TIMBER_EXP_DT": null, "ORIGINAL_PATENT_DT": null, "COUNTY_JURISDICT_DESG_CD": 19, "COUNTY_NM": "Kittitas", "COUNTY_PARCEL_NO": null, "REGION_JURISDICT_DESG_CD": 100, "REGION_NM": "Southeast Region", "HCP_JURISDICT_DESG_CD": null, "HCP_DESG_CD": 2, "HCP_DESG_DT": null, "HCP_WITHDRAWAL_DT": null, "PARCEL_DESC_TXT": null, "EDIT_DATE": 1395847238000, "EDIT_STATUS": 0, "EDIT_WHO": "JDUG490", "EASEMENT_TYPE_CD": null, "EASEMENT_TYPE_NM": null, "PARCEL_ACQUIRE_AUTH_NO": "08-090298", "PARCEL_DISPOSAL_AUTH_NO": null, "SHAPE.AREA": 16961073.9990105, "SHAPE.LEN": 18228.4401337641, "GLOBALID": "{D93CE272-9C8E-40BE-94BB-71F0B64AEFB4}"}}, {"type": "Feature", "id": 3324127, "geometry": {"type": "Polygon", "coordinates": [[[-120.87254, 47.31767], [-120.87784, 47.3177], [-120.87784, 47.31409], [-120.87254, 47.31406], [-120.87254, 47.31767]]]}, "properties": {"OBJECTID": 3324127, "PARCEL_SYST_ID": 116219, "PARCEL_TYPE_CD": 1, "PARCEL_LABEL_NM": "Teanaway Com Forest", "PARCEL_NM": null, "REVERSION_RIGHTS_FLG": "N", "OWN_RIGHT_DISPUTE_FLG": "N", "SURFACE_RIGHTS_FLG": "Y", "MINERAL_RIGHTS_FLG": "Y", "TIMBER_RIGHTS_FLG": "Y", "SURFACE_TRUST_CD": 48, "SURFACE_TRUST_NM": "Community Forest Trust", "MINERAL_TRUST_CD": 48, "MINERAL_TRUST_NM": "Community Forest Trust", "TIMBER_TRUST_CD": 48, "TIMBER_TRUST_NM": "Community Forest Trust", "OWNER_AGENT_SYST_ID": 58706, "STEWARD_AGENT_SYST_ID": 63986, "MANAGER_AGENT_SYST_ID": 63986, "TIMBER_OWNER_NM": null, "TIMBER_EXP_DT": null, "ORIGINAL_PATENT_DT": null, "COUNTY_JURISDICT_DESG_CD": 19, "COUNTY_NM": "Kittitas", "COUNTY_PARCEL_NO": null, "REGION_JURISDICT_DESG_CD": 100, "REGION_NM": "Southeast Region", "HCP_JURISDICT_DESG_CD": null, "HCP_DESG_CD": 2, "HCP_DESG_DT": null, "HCP_WITHDRAWAL_DT": null, "PARCEL_DESC_TXT": null, "EDIT_DATE": 1395847238000, "EDIT_STATUS": 0, "EDIT_WHO": "JDUG490", "EASEMENT_TYPE_CD": null, "EASEMENT_TYPE_NM": null, "PARCEL_ACQUIRE_AUTH_NO": "08-090298", "PARCEL_DISPOSAL_AUTH_NO": null, "SHAPE.AREA": 1729934.54706, "SHAPE.LEN": 5261.168339914881, "GLOBALID": "{1373C69F-E29A-4346-9742-2D4B6CBF8F32}"}}, {"type": "Feature", "id": 3324128, "geometry": {"type": "Polygon", "coordinates": [[[-120.89306, 47.31778], [-120.88313, 47.31773], [-120.87784, 47.3177], [-120.87254, 47.31767], [-120.87276, 47.33206], [-120.89288, 47.33236], [-120.89297, 47.32507], [-120.89306, 47.31778]]]}, "properties": {"OBJECTID": 3324128, "PARCEL_SYST_ID": 116223, "PARCEL_TYPE_CD": 1, "PARCEL_LABEL_NM": "Teanaway Com Forest", "PARCEL_NM": null, "REVERSION_RIGHTS_FLG": "N", "OWN_RIGHT_DISPUTE_FLG": "N", "SURFACE_RIGHTS_FLG": "Y", "MINERAL_RIGHTS_FLG": "N", "TIMBER_RIGHTS_FLG": "Y", "SURFACE_TRUST_CD": 48, "SURFACE_TRUST_NM": "Community Forest Trust", "MINERAL_TRUST_CD": 0, "MINERAL_TRUST_NM": "Trust Status Not Applicable Or Unknown", "TIMBER_TRUST_CD": 48, "TIMBER_TRUST_NM": "Community Forest Trust", "OWNER_AGENT_SYST_ID": 58706, "STEWARD_AGENT_SYST_ID": 63986, "MANAGER_AGENT_SYST_ID": 63986, "TIMBER_OWNER_NM": null, "TIMBER_EXP_DT": null, "ORIGINAL_PATENT_DT": null, "COUNTY_JURISDICT_DESG_CD": 19, "COUNTY_NM": "Kittitas", "COUNTY_PARCEL_NO": null, "REGION_JURISDICT_DESG_CD": 100, "REGION_NM": "Southeast Region", "HCP_JURISDICT_DESG_CD": null, "HCP_DESG_CD": 2, "HCP_DESG_DT": null, "HCP_WITHDRAWAL_DT": null, "PARCEL_DESC_TXT": null, "EDIT_DATE": 1395847238000, "EDIT_STATUS": 0, "EDIT_WHO": "JDUG490", "EASEMENT_TYPE_CD": null, "EASEMENT_TYPE_NM": null, "PARCEL_ACQUIRE_AUTH_NO": "08-090298", "PARCEL_DISPOSAL_AUTH_NO": null, "SHAPE.AREA": 26622797.499003, "SHAPE.LEN": 20646.722146478, "GLOBALID": "{5F136D24-1339-47B6-A3AA-2A3F520FDF8D}"}}, {"type": "Feature", "id": 3324180, "geometry": {"type": "Polygon", "coordinates": [[[-120.58267, 47.58244], [-120.5982, 47.58254], [-120.59821, 47.57898], [-120.593, 47.5789], [-120.59293, 47.57526], [-120.5876, 47.57524], [-120.58257, 47.57521], [-120.58267, 47.58244]]]}, "properties": {"OBJECTID": 3324180, "PARCEL_SYST_ID": 10908, "PARCEL_TYPE_CD": 1, "PARCEL_LABEL_NM": null, "PARCEL_NM": null, "REVERSION_RIGHTS_FLG": "N", "OWN_RIGHT_DISPUTE_FLG": "N", "SURFACE_RIGHTS_FLG": "Y", "MINERAL_RIGHTS_FLG": "Y", "TIMBER_RIGHTS_FLG": "Y", "SURFACE_TRUST_CD": 3, "SURFACE_TRUST_NM": "Common School and Indemnity", "MINERAL_TRUST_CD": 3, "MINERAL_TRUST_NM": "Common School and Indemnity", "TIMBER_TRUST_CD": 3, "TIMBER_TRUST_NM": "Common School and Indemnity", "OWNER_AGENT_SYST_ID": 58706, "STEWARD_AGENT_SYST_ID": 63986, "MANAGER_AGENT_SYST_ID": 63986, "TIMBER_OWNER_NM": null, "TIMBER_EXP_DT": null, "ORIGINAL_PATENT_DT": null, "COUNTY_JURISDICT_DESG_CD": 4, "COUNTY_NM": "Chelan", "COUNTY_PARCEL_NO": null, "REGION_JURISDICT_DESG_CD": 100, "REGION_NM": "Southeast Region", "HCP_JURISDICT_DESG_CD": null, "HCP_DESG_CD": 1, "HCP_DESG_DT": 854611200000, "HCP_WITHDRAWAL_DT": null, "PARCEL_DESC_TXT": null, "EDIT_DATE": 1309330800000, "EDIT_STATUS": 1, "EDIT_WHO": "jdug490", "EASEMENT_TYPE_CD": null, "EASEMENT_TYPE_NM": null, "PARCEL_ACQUIRE_AUTH_NO": "US PATENT NO 46-74-0027", "PARCEL_DISPOSAL_AUTH_NO": null, "SHAPE.AREA": 8432877.75205, "SHAPE.LEN": 12940.3864485314, "GLOBALID": "{CDD840E9-CBAF-4D85-A550-23E588F84829}"}}, {"type": "Feature", "id": 3324193, "geometry": {"type": "Polygon", "coordinates": [[[-120.893, 47.30335], [-120.91423, 47.30332], [-120.9141, 47.28899], [-120.89298, 47.2889], [-120.893, 47.30335]]]}, "properties": {"OBJECTID": 3324193, "PARCEL_SYST_ID": 116239, "PARCEL_TYPE_CD": 1, "PARCEL_LABEL_NM": "Teanaway Com Forest", "PARCEL_NM": null, "REVERSION_RIGHTS_FLG": "N", "OWN_RIGHT_DISPUTE_FLG": "N", "SURFACE_RIGHTS_FLG": "Y", "MINERAL_RIGHTS_FLG": "Y", "TIMBER_RIGHTS_FLG": "Y", "SURFACE_TRUST_CD": 48, "SURFACE_TRUST_NM": "Community Forest Trust", "MINERAL_TRUST_CD": 48, "MINERAL_TRUST_NM": "Community Forest Trust", "TIMBER_TRUST_CD": 48, "TIMBER_TRUST_NM": "Community Forest Trust", "OWNER_AGENT_SYST_ID": 58706, "STEWARD_AGENT_SYST_ID": 63986, "MANAGER_AGENT_SYST_ID": 63986, "TIMBER_OWNER_NM": null, "TIMBER_EXP_DT": null, "ORIGINAL_PATENT_DT": null, "COUNTY_JURISDICT_DESG_CD": 19, "COUNTY_NM": "Kittitas", "COUNTY_PARCEL_NO": null, "REGION_JURISDICT_DESG_CD": 100, "REGION_NM": "Southeast Region", "HCP_JURISDICT_DESG_CD": null, "HCP_DESG_CD": 2, "HCP_DESG_DT": null, "HCP_WITHDRAWAL_DT": null, "PARCEL_DESC_TXT": null, "EDIT_DATE": 1395847238000, "EDIT_STATUS": 0, "EDIT_WHO": "JDUG490", "EASEMENT_TYPE_CD": null, "EASEMENT_TYPE_NM": null, "PARCEL_ACQUIRE_AUTH_NO": "08-090298", "PARCEL_DISPOSAL_AUTH_NO": null, "SHAPE.AREA": 27578554.507009, "SHAPE.LEN": 21006.3694753276, "GLOBALID": "{FB6F0E78-E6D4-41C1-BFC4-625D90469017}"}}, {"type": "Feature", "id": 3324194, "geometry": {"type": "Polygon", "coordinates": [[[-120.95643, 47.29148], [-120.95641, 47.30356], [-120.97797, 47.30389], [-120.97814, 47.29654], [-120.9783, 47.28919], [-120.97265, 47.28913], [-120.96184, 47.289], [-120.95644, 47.28894], [-120.95643, 47.29148]]]}, "properties": {"OBJECTID": 3324194, "PARCEL_SYST_ID": 116242, "PARCEL_TYPE_CD": 1, "PARCEL_LABEL_NM": "Teanaway Com Forest", "PARCEL_NM": null, "REVERSION_RIGHTS_FLG": "N", "OWN_RIGHT_DISPUTE_FLG": "N", "SURFACE_RIGHTS_FLG": "Y", "MINERAL_RIGHTS_FLG": "N", "TIMBER_RIGHTS_FLG": "Y", "SURFACE_TRUST_CD": 48, "SURFACE_TRUST_NM": "Community Forest Trust", "MINERAL_TRUST_CD": 0, "MINERAL_TRUST_NM": "Trust Status Not Applicable Or Unknown", "TIMBER_TRUST_CD": 48, "TIMBER_TRUST_NM": "Community Forest Trust", "OWNER_AGENT_SYST_ID": 58706, "STEWARD_AGENT_SYST_ID": 63986, "MANAGER_AGENT_SYST_ID": 63986, "TIMBER_OWNER_NM": null, "TIMBER_EXP_DT": null, "ORIGINAL_PATENT_DT": null, "COUNTY_JURISDICT_DESG_CD": 19, "COUNTY_NM": "Kittitas", "COUNTY_PARCEL_NO": null, "REGION_JURISDICT_DESG_CD": 100, "REGION_NM": "Southeast Region", "HCP_JURISDICT_DESG_CD": null, "HCP_DESG_CD": 2, "HCP_DESG_DT": null, "HCP_WITHDRAWAL_DT": null, "PARCEL_DESC_TXT": null, "EDIT_DATE": 1395847238000, "EDIT_STATUS": 0, "EDIT_WHO": "JDUG490", "EASEMENT_TYPE_CD": null, "EASEMENT_TYPE_NM": null, "PARCEL_ACQUIRE_AUTH_NO": "08-090298", "PARCEL_DISPOSAL_AUTH_NO": null, "SHAPE.AREA": 28809631.705272, "SHAPE.LEN": 21470.878431833098, "GLOBALID": "{E2D00C79-1371-4E4A-B090-B06216BD902E}"}}, {"type": "Feature", "id": 3324195, "geometry": {"type": "Polygon", "coordinates": [[[-120.83029, 47.36103], [-120.85124, 47.36101], [-120.85135, 47.34659], [-120.84086, 47.34653], [-120.83027, 47.34652], [-120.83031, 47.35378], [-120.83029, 47.36103]]]}, "properties": {"OBJECTID": 3324195, "PARCEL_SYST_ID": 116232, "PARCEL_TYPE_CD": 1, "PARCEL_LABEL_NM": "Teanaway Com Forest", "PARCEL_NM": null, "REVERSION_RIGHTS_FLG": "N", "OWN_RIGHT_DISPUTE_FLG": "N", "SURFACE_RIGHTS_FLG": "Y", "MINERAL_RIGHTS_FLG": "N", "TIMBER_RIGHTS_FLG": "Y", "SURFACE_TRUST_CD": 48, "SURFACE_TRUST_NM": "Community Forest Trust", "MINERAL_TRUST_CD": 0, "MINERAL_TRUST_NM": "Trust Status Not Applicable Or Unknown", "TIMBER_TRUST_CD": 48, "TIMBER_TRUST_NM": "Community Forest Trust", "OWNER_AGENT_SYST_ID": 58706, "STEWARD_AGENT_SYST_ID": 63986, "MANAGER_AGENT_SYST_ID": 63986, "TIMBER_OWNER_NM": null, "TIMBER_EXP_DT": null, "ORIGINAL_PATENT_DT": null, "COUNTY_JURISDICT_DESG_CD": 19, "COUNTY_NM": "Kittitas", "COUNTY_PARCEL_NO": null, "REGION_JURISDICT_DESG_CD": 100, "REGION_NM": "Southeast Region", "HCP_JURISDICT_DESG_CD": null, "HCP_DESG_CD": 2, "HCP_DESG_DT": null, "HCP_WITHDRAWAL_DT": null, "PARCEL_DESC_TXT": null, "EDIT_DATE": 1395847238000, "EDIT_STATUS": 0, "EDIT_WHO": "JDUG490", "EASEMENT_TYPE_CD": null, "EASEMENT_TYPE_NM": null, "PARCEL_ACQUIRE_AUTH_NO": "08-090298", "PARCEL_DISPOSAL_AUTH_NO": null, "SHAPE.AREA": 27479705, "SHAPE.LEN": 20970.5303897589, "GLOBALID": "{5A6D96C8-51E5-4D94-B6F3-48CEEB8E670A}"}}, {"type": "Feature", "id": 3324196, "geometry": {"type": "Polygon", "coordinates": [[[-120.91425, 47.31053], [-120.92474, 47.31058], [-120.92474, 47.30336], [-120.91423, 47.30332], [-120.91425, 47.31053]]]}, "properties": {"OBJECTID": 3324196, "PARCEL_SYST_ID": 116235, "PARCEL_TYPE_CD": 1, "PARCEL_LABEL_NM": "Teanaway Com Forest", "PARCEL_NM": null, "REVERSION_RIGHTS_FLG": "N", "OWN_RIGHT_DISPUTE_FLG": "N", "SURFACE_RIGHTS_FLG": "Y", "MINERAL_RIGHTS_FLG": "Y", "TIMBER_RIGHTS_FLG": "Y", "SURFACE_TRUST_CD": 48, "SURFACE_TRUST_NM": "Community Forest Trust", "MINERAL_TRUST_CD": 48, "MINERAL_TRUST_NM": "Community Forest Trust", "TIMBER_TRUST_CD": 48, "TIMBER_TRUST_NM": "Community Forest Trust", "OWNER_AGENT_SYST_ID": 58706, "STEWARD_AGENT_SYST_ID": 63986, "MANAGER_AGENT_SYST_ID": 63986, "TIMBER_OWNER_NM": null, "TIMBER_EXP_DT": null, "ORIGINAL_PATENT_DT": null, "COUNTY_JURISDICT_DESG_CD": 19, "COUNTY_NM": "Kittitas", "COUNTY_PARCEL_NO": null, "REGION_JURISDICT_DESG_CD": 100, "REGION_NM": "Southeast Region", "HCP_JURISDICT_DESG_CD": null, "HCP_DESG_CD": 2, "HCP_DESG_DT": null, "HCP_WITHDRAWAL_DT": null, "PARCEL_DESC_TXT": null, "EDIT_DATE": 1395847238000, "EDIT_STATUS": 0, "EDIT_WHO": "JDUG490", "EASEMENT_TYPE_CD": null, "EASEMENT_TYPE_NM": null, "PARCEL_ACQUIRE_AUTH_NO": "08-090298", "PARCEL_DISPOSAL_AUTH_NO": null, "SHAPE.AREA": 6864243.2495825, "SHAPE.LEN": 10480.149039488499, "GLOBALID": "{69EFD1CC-8EE6-4FC6-82D2-0516B436510A}"}}, {"type": "Feature", "id": 3324197, "geometry": {"type": "Polygon", "coordinates": [[[-120.93521, 47.31786], [-120.95634, 47.31785], [-120.95641, 47.30356], [-120.93526, 47.3034], [-120.93524, 47.31063], [-120.93521, 47.31786]]]}, "properties": {"OBJECTID": 3324197, "PARCEL_SYST_ID": 116236, "PARCEL_TYPE_CD": 1, "PARCEL_LABEL_NM": "Teanaway Com Forest", "PARCEL_NM": null, "REVERSION_RIGHTS_FLG": "N", "OWN_RIGHT_DISPUTE_FLG": "N", "SURFACE_RIGHTS_FLG": "Y", "MINERAL_RIGHTS_FLG": "Y", "TIMBER_RIGHTS_FLG": "Y", "SURFACE_TRUST_CD": 48, "SURFACE_TRUST_NM": "Community Forest Trust", "MINERAL_TRUST_CD": 48, "MINERAL_TRUST_NM": "Community Forest Trust", "TIMBER_TRUST_CD": 48, "TIMBER_TRUST_NM": "Community Forest Trust", "OWNER_AGENT_SYST_ID": 58706, "STEWARD_AGENT_SYST_ID": 63986, "MANAGER_AGENT_SYST_ID": 63986, "TIMBER_OWNER_NM": null, "TIMBER_EXP_DT": null, "ORIGINAL_PATENT_DT": null, "COUNTY_JURISDICT_DESG_CD": 19, "COUNTY_NM": "Kittitas", "COUNTY_PARCEL_NO": null, "REGION_JURISDICT_DESG_CD": 100, "REGION_NM": "Southeast Region", "HCP_JURISDICT_DESG_CD": null, "HCP_DESG_CD": 2, "HCP_DESG_DT": null, "HCP_WITHDRAWAL_DT": null, "PARCEL_DESC_TXT": null, "EDIT_DATE": 1395847238000, "EDIT_STATUS": 0, "EDIT_WHO": "JDUG490", "EASEMENT_TYPE_CD": null, "EASEMENT_TYPE_NM": null, "PARCEL_ACQUIRE_AUTH_NO": "08-090298", "PARCEL_DISPOSAL_AUTH_NO": null, "SHAPE.AREA": 27501183.307369, "SHAPE.LEN": 20976.851697319504, "GLOBALID": "{4934C436-E964-4EFB-B939-A9D2F77F2D8C}"}}, {"type": "Feature", "id": 3324198, "geometry": {"type": "Polygon", "coordinates": [[[-120.90366, 47.31776], [-120.90362, 47.32503], [-120.91426, 47.32498], [-120.91427, 47.31775], [-120.90366, 47.31776]]]}, "properties": {"OBJECTID": 3324198, "PARCEL_SYST_ID": 116237, "PARCEL_TYPE_CD": 1, "PARCEL_LABEL_NM": "Teanaway Com Forest", "PARCEL_NM": null, "REVERSION_RIGHTS_FLG": "N", "OWN_RIGHT_DISPUTE_FLG": "N", "SURFACE_RIGHTS_FLG": "Y", "MINERAL_RIGHTS_FLG": "Y", "TIMBER_RIGHTS_FLG": "Y", "SURFACE_TRUST_CD": 48, "SURFACE_TRUST_NM": "Community Forest Trust", "MINERAL_TRUST_CD": 48, "MINERAL_TRUST_NM": "Community Forest Trust", "TIMBER_TRUST_CD": 48, "TIMBER_TRUST_NM": "Community Forest Trust", "OWNER_AGENT_SYST_ID": 58706, "STEWARD_AGENT_SYST_ID": 63986, "MANAGER_AGENT_SYST_ID": 63986, "TIMBER_OWNER_NM": null, "TIMBER_EXP_DT": null, "ORIGINAL_PATENT_DT": null, "COUNTY_JURISDICT_DESG_CD": 19, "COUNTY_NM": "Kittitas", "COUNTY_PARCEL_NO": null, "REGION_JURISDICT_DESG_CD": 100, "REGION_NM": "Southeast Region", "HCP_JURISDICT_DESG_CD": null, "HCP_DESG_CD": 2, "HCP_DESG_DT": null, "HCP_WITHDRAWAL_DT": null, "PARCEL_DESC_TXT": null, "EDIT_DATE": 1395847238000, "EDIT_STATUS": 0, "EDIT_WHO": "JDUG490", "EASEMENT_TYPE_CD": null, "EASEMENT_TYPE_NM": null, "PARCEL_ACQUIRE_AUTH_NO": "08-090298", "PARCEL_DISPOSAL_AUTH_NO": null, "SHAPE.AREA": 6968394.619849, "SHAPE.LEN": 10559.2265868094, "GLOBALID": "{6FEF38BB-A7F4-406A-96FB-5D199365AF36}"}}, {"type": "Feature", "id": 3324199, "geometry": {"type": "Polygon", "coordinates": [[[-120.79821, 47.27425], [-120.79832, 47.28149], [-120.8088, 47.28144], [-120.80853, 47.2742], [-120.79821, 47.27425]]]}, "properties": {"OBJECTID": 3324199, "PARCEL_SYST_ID": 116276, "PARCEL_TYPE_CD": 1, "PARCEL_LABEL_NM": "Teanaway Com Forest", "PARCEL_NM": null, "REVERSION_RIGHTS_FLG": "N", "OWN_RIGHT_DISPUTE_FLG": "N", "SURFACE_RIGHTS_FLG": "Y", "MINERAL_RIGHTS_FLG": "N", "TIMBER_RIGHTS_FLG": "Y", "SURFACE_TRUST_CD": 48, "SURFACE_TRUST_NM": "Community Forest Trust", "MINERAL_TRUST_CD": 0, "MINERAL_TRUST_NM": "Trust Status Not Applicable Or Unknown", "TIMBER_TRUST_CD": 48, "TIMBER_TRUST_NM": "Community Forest Trust", "OWNER_AGENT_SYST_ID": 58706, "STEWARD_AGENT_SYST_ID": 63986, "MANAGER_AGENT_SYST_ID": 63986, "TIMBER_OWNER_NM": null, "TIMBER_EXP_DT": null, "ORIGINAL_PATENT_DT": null, "COUNTY_JURISDICT_DESG_CD": 19, "COUNTY_NM": "Kittitas", "COUNTY_PARCEL_NO": null, "REGION_JURISDICT_DESG_CD": 100, "REGION_NM": "Southeast Region", "HCP_JURISDICT_DESG_CD": null, "HCP_DESG_CD": 2, "HCP_DESG_DT": null, "HCP_WITHDRAWAL_DT": null, "PARCEL_DESC_TXT": null, "EDIT_DATE": 1395847238000, "EDIT_STATUS": 0, "EDIT_WHO": "JDUG490", "EASEMENT_TYPE_CD": null, "EASEMENT_TYPE_NM": null, "PARCEL_ACQUIRE_AUTH_NO": "08-090298", "PARCEL_DISPOSAL_AUTH_NO": null, "SHAPE.AREA": 6824435.805575, "SHAPE.LEN": 10450.622743558, "GLOBALID": "{71108B3A-39B2-4E26-9EF2-358D3A1D5768}"}}, {"type": "Feature", "id": 3324265, "geometry": {"type": "Polygon", "coordinates": [[[-120.96355, 47.26038], [-120.97403, 47.26049], [-120.97405, 47.25442], [-120.96347, 47.25437], [-120.96355, 47.26038]]]}, "properties": {"OBJECTID": 3324265, "PARCEL_SYST_ID": 116279, "PARCEL_TYPE_CD": 1, "PARCEL_LABEL_NM": "Teanaway Com Forest", "PARCEL_NM": null, "REVERSION_RIGHTS_FLG": "N", "OWN_RIGHT_DISPUTE_FLG": "N", "SURFACE_RIGHTS_FLG": "Y", "MINERAL_RIGHTS_FLG": "Y", "TIMBER_RIGHTS_FLG": "Y", "SURFACE_TRUST_CD": 48, "SURFACE_TRUST_NM": "Community Forest Trust", "MINERAL_TRUST_CD": 48, "MINERAL_TRUST_NM": "Community Forest Trust", "TIMBER_TRUST_CD": 48, "TIMBER_TRUST_NM": "Community Forest Trust", "OWNER_AGENT_SYST_ID": 58706, "STEWARD_AGENT_SYST_ID": 63986, "MANAGER_AGENT_SYST_ID": 63986, "TIMBER_OWNER_NM": null, "TIMBER_EXP_DT": null, "ORIGINAL_PATENT_DT": null, "COUNTY_JURISDICT_DESG_CD": 19, "COUNTY_NM": "Kittitas", "COUNTY_PARCEL_NO": null, "REGION_JURISDICT_DESG_CD": 100, "REGION_NM": "Southeast Region", "HCP_JURISDICT_DESG_CD": null, "HCP_DESG_CD": 2, "HCP_DESG_DT": null, "HCP_WITHDRAWAL_DT": null, "PARCEL_DESC_TXT": null, "EDIT_DATE": 1395847238000, "EDIT_STATUS": 0, "EDIT_WHO": "JDUG490", "EASEMENT_TYPE_CD": null, "EASEMENT_TYPE_NM": null, "PARCEL_ACQUIRE_AUTH_NO": "08-090298", "PARCEL_DISPOSAL_AUTH_NO": null, "SHAPE.AREA": 5762492.9815125, "SHAPE.LEN": 9638.069156418851, "GLOBALID": "{7924C26B-3168-4749-A0E0-CD3F229E020F}"}}, {"type": "Feature", "id": 3324266, "geometry": {"type": "Polygon", "coordinates": [[[-120.89933, 47.24708], [-120.91003, 47.24716], [-120.91004, 47.23995], [-120.89934, 47.23992], [-120.89933, 47.24708]]]}, "properties": {"OBJECTID": 3324266, "PARCEL_SYST_ID": 116280, "PARCEL_TYPE_CD": 1, "PARCEL_LABEL_NM": "Teanaway Com Forest", "PARCEL_NM": null, "REVERSION_RIGHTS_FLG": "N", "OWN_RIGHT_DISPUTE_FLG": "N", "SURFACE_RIGHTS_FLG": "Y", "MINERAL_RIGHTS_FLG": "N", "TIMBER_RIGHTS_FLG": "Y", "SURFACE_TRUST_CD": 48, "SURFACE_TRUST_NM": "Community Forest Trust", "MINERAL_TRUST_CD": 0, "MINERAL_TRUST_NM": "Trust Status Not Applicable Or Unknown", "TIMBER_TRUST_CD": 48, "TIMBER_TRUST_NM": "Community Forest Trust", "OWNER_AGENT_SYST_ID": 58706, "STEWARD_AGENT_SYST_ID": 63986, "MANAGER_AGENT_SYST_ID": 63986, "TIMBER_OWNER_NM": null, "TIMBER_EXP_DT": null, "ORIGINAL_PATENT_DT": null, "COUNTY_JURISDICT_DESG_CD": 19, "COUNTY_NM": "Kittitas", "COUNTY_PARCEL_NO": null, "REGION_JURISDICT_DESG_CD": 100, "REGION_NM": "Southeast Region", "HCP_JURISDICT_DESG_CD": null, "HCP_DESG_CD": 2, "HCP_DESG_DT": null, "HCP_WITHDRAWAL_DT": null, "PARCEL_DESC_TXT": null, "EDIT_DATE": 1395847238000, "EDIT_STATUS": 0, "EDIT_WHO": "JDUG490", "EASEMENT_TYPE_CD": null, "EASEMENT_TYPE_NM": null, "PARCEL_ACQUIRE_AUTH_NO": "08-090298", "PARCEL_DISPOSAL_AUTH_NO": null, "SHAPE.AREA": 6963020.88222, "SHAPE.LEN": 10555.4396431229, "GLOBALID": "{CCD38229-8F62-45C9-8D85-E0DAC7166536}"}}, {"type": "Feature", "id": 3324267, "geometry": {"type": "Polygon", "coordinates": [[[-120.91003, 47.24716], [-120.92073, 47.24723], [-120.92074, 47.23998], [-120.91004, 47.23995], [-120.91003, 47.24716]]]}, "properties": {"OBJECTID": 3324267, "PARCEL_SYST_ID": 116281, "PARCEL_TYPE_CD": 1, "PARCEL_LABEL_NM": "Teanaway Com Forest", "PARCEL_NM": null, "REVERSION_RIGHTS_FLG": "N", "OWN_RIGHT_DISPUTE_FLG": "N", "SURFACE_RIGHTS_FLG": "Y", "MINERAL_RIGHTS_FLG": "N", "TIMBER_RIGHTS_FLG": "Y", "SURFACE_TRUST_CD": 48, "SURFACE_TRUST_NM": "Community Forest Trust", "MINERAL_TRUST_CD": 0, "MINERAL_TRUST_NM": "Trust Status Not Applicable Or Unknown", "TIMBER_TRUST_CD": 48, "TIMBER_TRUST_NM": "Community Forest Trust", "OWNER_AGENT_SYST_ID": 58706, "STEWARD_AGENT_SYST_ID": 63986, "MANAGER_AGENT_SYST_ID": 63986, "TIMBER_OWNER_NM": null, "TIMBER_EXP_DT": null, "ORIGINAL_PATENT_DT": null, "COUNTY_JURISDICT_DESG_CD": 19, "COUNTY_NM": "Kittitas", "COUNTY_PARCEL_NO": null, "REGION_JURISDICT_DESG_CD": 100, "REGION_NM": "Southeast Region", "HCP_JURISDICT_DESG_CD": null, "HCP_DESG_CD": 2, "HCP_DESG_DT": null, "HCP_WITHDRAWAL_DT": null, "PARCEL_DESC_TXT": null, "EDIT_DATE": 1395847238000, "EDIT_STATUS": 0, "EDIT_WHO": "JDUG490", "EASEMENT_TYPE_CD": null, "EASEMENT_TYPE_NM": null, "PARCEL_ACQUIRE_AUTH_NO": "08-090298", "PARCEL_DISPOSAL_AUTH_NO": null, "SHAPE.AREA": 7009137.30861, "SHAPE.LEN": 10590.133157404602, "GLOBALID": "{26D15743-AAF6-48C9-85D8-B68054C224CE}"}}, {"type": "Feature", "id": 3324268, "geometry": {"type": "Polygon", "coordinates": [[[-120.7732, 47.24666], [-120.7835, 47.24671], [-120.78347, 47.23948], [-120.77329, 47.23951], [-120.7732, 47.24666]]]}, "properties": {"OBJECTID": 3324268, "PARCEL_SYST_ID": 116290, "PARCEL_TYPE_CD": 1, "PARCEL_LABEL_NM": "Teanaway Com Forest", "PARCEL_NM": null, "REVERSION_RIGHTS_FLG": "N", "OWN_RIGHT_DISPUTE_FLG": "N", "SURFACE_RIGHTS_FLG": "Y", "MINERAL_RIGHTS_FLG": "Y", "TIMBER_RIGHTS_FLG": "Y", "SURFACE_TRUST_CD": 48, "SURFACE_TRUST_NM": "Community Forest Trust", "MINERAL_TRUST_CD": 48, "MINERAL_TRUST_NM": "Community Forest Trust", "TIMBER_TRUST_CD": 48, "TIMBER_TRUST_NM": "Community Forest Trust", "OWNER_AGENT_SYST_ID": 58706, "STEWARD_AGENT_SYST_ID": 63986, "MANAGER_AGENT_SYST_ID": 63986, "TIMBER_OWNER_NM": null, "TIMBER_EXP_DT": null, "ORIGINAL_PATENT_DT": null, "COUNTY_JURISDICT_DESG_CD": 19, "COUNTY_NM": "Kittitas", "COUNTY_PARCEL_NO": null, "REGION_JURISDICT_DESG_CD": 100, "REGION_NM": "Southeast Region", "HCP_JURISDICT_DESG_CD": null, "HCP_DESG_CD": 2, "HCP_DESG_DT": null, "HCP_WITHDRAWAL_DT": null, "PARCEL_DESC_TXT": null, "EDIT_DATE": 1395847238000, "EDIT_STATUS": 0, "EDIT_WHO": "JDUG490", "EASEMENT_TYPE_CD": null, "EASEMENT_TYPE_NM": null, "PARCEL_ACQUIRE_AUTH_NO": "08-090298", "PARCEL_DISPOSAL_AUTH_NO": null, "SHAPE.AREA": 6670358.263595, "SHAPE.LEN": 10332.2339233845, "GLOBALID": "{B46EFFC1-51CF-4E0B-A19E-366D2AFFF200}"}}, {"type": "Feature", "id": 3324269, "geometry": {"type": "Polygon", "coordinates": [[[-120.99903, 47.28927], [-121.02004, 47.28939], [-121.02013, 47.27491], [-120.99884, 47.27484], [-120.99903, 47.28927]]]}, "properties": {"OBJECTID": 3324269, "PARCEL_SYST_ID": 116244, "PARCEL_TYPE_CD": 1, "PARCEL_LABEL_NM": "Teanaway Com Forest", "PARCEL_NM": null, "REVERSION_RIGHTS_FLG": "N", "OWN_RIGHT_DISPUTE_FLG": "N", "SURFACE_RIGHTS_FLG": "Y", "MINERAL_RIGHTS_FLG": "Y", "TIMBER_RIGHTS_FLG": "Y", "SURFACE_TRUST_CD": 48, "SURFACE_TRUST_NM": "Community Forest Trust", "MINERAL_TRUST_CD": 48, "MINERAL_TRUST_NM": "Community Forest Trust", "TIMBER_TRUST_CD": 48, "TIMBER_TRUST_NM": "Community Forest Trust", "OWNER_AGENT_SYST_ID": 58706, "STEWARD_AGENT_SYST_ID": 63986, "MANAGER_AGENT_SYST_ID": 63986, "TIMBER_OWNER_NM": null, "TIMBER_EXP_DT": null, "ORIGINAL_PATENT_DT": null, "COUNTY_JURISDICT_DESG_CD": 19, "COUNTY_NM": "Kittitas", "COUNTY_PARCEL_NO": null, "REGION_JURISDICT_DESG_CD": 100, "REGION_NM": "Southeast Region", "HCP_JURISDICT_DESG_CD": null, "HCP_DESG_CD": 2, "HCP_DESG_DT": null, "HCP_WITHDRAWAL_DT": null, "PARCEL_DESC_TXT": null, "EDIT_DATE": 1395847238000, "EDIT_STATUS": 0, "EDIT_WHO": "JDUG490", "EASEMENT_TYPE_CD": null, "EASEMENT_TYPE_NM": null, "PARCEL_ACQUIRE_AUTH_NO": "08-090298", "PARCEL_DISPOSAL_AUTH_NO": null, "SHAPE.AREA": 27677865.646, "SHAPE.LEN": 21044.6438693515, "GLOBALID": "{80038654-73FB-4731-817A-BBCDDB1D7D4B}"}}, {"type": "Feature", "id": 3324270, "geometry": {"type": "Polygon", "coordinates": [[[-120.93525, 47.28899], [-120.95331, 47.28895], [-120.95644, 47.28894], [-120.95711, 47.28232], [-120.95639, 47.27478], [-120.93533, 47.27467], [-120.9353, 47.28111], [-120.93525, 47.28899]]]}, "properties": {"OBJECTID": 3324270, "PARCEL_SYST_ID": 116246, "PARCEL_TYPE_CD": 1, "PARCEL_LABEL_NM": "Teanaway Com Forest", "PARCEL_NM": null, "REVERSION_RIGHTS_FLG": "N", "OWN_RIGHT_DISPUTE_FLG": "N", "SURFACE_RIGHTS_FLG": "Y", "MINERAL_RIGHTS_FLG": "Y", "TIMBER_RIGHTS_FLG": "Y", "SURFACE_TRUST_CD": 48, "SURFACE_TRUST_NM": "Community Forest Trust", "MINERAL_TRUST_CD": 48, "MINERAL_TRUST_NM": "Community Forest Trust", "TIMBER_TRUST_CD": 48, "TIMBER_TRUST_NM": "Community Forest Trust", "OWNER_AGENT_SYST_ID": 58706, "STEWARD_AGENT_SYST_ID": 63986, "MANAGER_AGENT_SYST_ID": 63986, "TIMBER_OWNER_NM": null, "TIMBER_EXP_DT": null, "ORIGINAL_PATENT_DT": null, "COUNTY_JURISDICT_DESG_CD": 19, "COUNTY_NM": "Kittitas", "COUNTY_PARCEL_NO": null, "REGION_JURISDICT_DESG_CD": 100, "REGION_NM": "Southeast Region", "HCP_JURISDICT_DESG_CD": null, "HCP_DESG_CD": 2, "HCP_DESG_DT": null, "HCP_WITHDRAWAL_DT": null, "PARCEL_DESC_TXT": null, "EDIT_DATE": 1395847238000, "EDIT_STATUS": 0, "EDIT_WHO": "JDUG490", "EASEMENT_TYPE_CD": null, "EASEMENT_TYPE_NM": null, "PARCEL_ACQUIRE_AUTH_NO": "08-090298", "PARCEL_DISPOSAL_AUTH_NO": null, "SHAPE.AREA": 27680170.040616, "SHAPE.LEN": 20888.1691719335, "GLOBALID": "{02CFCEAB-B17B-4856-941C-A81344AFF4EF}"}}, {"type": "Feature", "id": 3324325, "geometry": {"type": "Polygon", "coordinates": [[[-120.35331, 47.13374], [-120.36938, 47.13393], [-120.36931, 47.1195], [-120.35866, 47.11928], [-120.35861, 47.12286], [-120.35308, 47.12289], [-120.35331, 47.13374]]]}, "properties": {"OBJECTID": 3324325, "PARCEL_SYST_ID": 5219, "PARCEL_TYPE_CD": 1, "PARCEL_LABEL_NM": null, "PARCEL_NM": null, "REVERSION_RIGHTS_FLG": "N", "OWN_RIGHT_DISPUTE_FLG": "N", "SURFACE_RIGHTS_FLG": "Y", "MINERAL_RIGHTS_FLG": "Y", "TIMBER_RIGHTS_FLG": "Y", "SURFACE_TRUST_CD": 3, "SURFACE_TRUST_NM": "Common School and Indemnity", "MINERAL_TRUST_CD": 3, "MINERAL_TRUST_NM": "Common School and Indemnity", "TIMBER_TRUST_CD": 3, "TIMBER_TRUST_NM": "Common School and Indemnity", "OWNER_AGENT_SYST_ID": 58706, "STEWARD_AGENT_SYST_ID": 63986, "MANAGER_AGENT_SYST_ID": 63986, "TIMBER_OWNER_NM": null, "TIMBER_EXP_DT": null, "ORIGINAL_PATENT_DT": null, "COUNTY_JURISDICT_DESG_CD": 19, "COUNTY_NM": "Kittitas", "COUNTY_PARCEL_NO": null, "REGION_JURISDICT_DESG_CD": 100, "REGION_NM": "Southeast Region", "HCP_JURISDICT_DESG_CD": null, "HCP_DESG_CD": 1, "HCP_DESG_DT": 1119769200000, "HCP_WITHDRAWAL_DT": null, "PARCEL_DESC_TXT": null, "EDIT_DATE": 1309330800000, "EDIT_STATUS": 1, "EDIT_WHO": "jdug490", "EASEMENT_TYPE_CD": null, "EASEMENT_TYPE_NM": null, "PARCEL_ACQUIRE_AUTH_NO": "CLEAR LIST 36 INDEMNITY", "PARCEL_DISPOSAL_AUTH_NO": null, "SHAPE.AREA": 19462729.97746, "SHAPE.LEN": 18554.6658077695, "GLOBALID": "{C0509D12-C873-48B5-9D3B-5D31915168B6}"}}, {"type": "Feature", "id": 3324330, "geometry": {"type": "Polygon", "coordinates": [[[-120.7835, 47.24671], [-120.79379, 47.24675], [-120.79358, 47.23959], [-120.78347, 47.23948], [-120.7835, 47.24671]]]}, "properties": {"OBJECTID": 3324330, "PARCEL_SYST_ID": 116291, "PARCEL_TYPE_CD": 1, "PARCEL_LABEL_NM": "Teanaway Com Forest", "PARCEL_NM": null, "REVERSION_RIGHTS_FLG": "N", "OWN_RIGHT_DISPUTE_FLG": "N", "SURFACE_RIGHTS_FLG": "Y", "MINERAL_RIGHTS_FLG": "Y", "TIMBER_RIGHTS_FLG": "Y", "SURFACE_TRUST_CD": 48, "SURFACE_TRUST_NM": "Community Forest Trust", "MINERAL_TRUST_CD": 48, "MINERAL_TRUST_NM": "Community Forest Trust", "TIMBER_TRUST_CD": 48, "TIMBER_TRUST_NM": "Community Forest Trust", "OWNER_AGENT_SYST_ID": 58706, "STEWARD_AGENT_SYST_ID": 63986, "MANAGER_AGENT_SYST_ID": 63986, "TIMBER_OWNER_NM": null, "TIMBER_EXP_DT": null, "ORIGINAL_PATENT_DT": null, "COUNTY_JURISDICT_DESG_CD": 19, "COUNTY_NM": "Kittitas", "COUNTY_PARCEL_NO": null, "REGION_JURISDICT_DESG_CD": 100, "REGION_NM": "Southeast Region", "HCP_JURISDICT_DESG_CD": null, "HCP_DESG_CD": 2, "HCP_DESG_DT": null, "HCP_WITHDRAWAL_DT": null, "PARCEL_DESC_TXT": null, "EDIT_DATE": 1395847238000, "EDIT_STATUS": 0, "EDIT_WHO": "JDUG490", "EASEMENT_TYPE_CD": null, "EASEMENT_TYPE_NM": null, "PARCEL_ACQUIRE_AUTH_NO": "08-090298", "PARCEL_DISPOSAL_AUTH_NO": null, "SHAPE.AREA": 6654199.9337135, "SHAPE.LEN": 10321.5072106031, "GLOBALID": "{E7A9EE78-31A1-48FA-8993-7EEB640A1FC8}"}}, {"type": "Feature", "id": 3324331, "geometry": {"type": "Polygon", "coordinates": [[[-120.91411, 47.26737], [-120.91354, 47.26033], [-120.90352, 47.26007], [-120.90352, 47.26369], [-120.90351, 47.26699], [-120.90351, 47.26731], [-120.90417, 47.2673], [-120.91411, 47.26737]]]}, "properties": {"OBJECTID": 3324331, "PARCEL_SYST_ID": 116252, "PARCEL_TYPE_CD": 1, "PARCEL_LABEL_NM": "Teanaway Com Forest", "PARCEL_NM": null, "REVERSION_RIGHTS_FLG": "N", "OWN_RIGHT_DISPUTE_FLG": "N", "SURFACE_RIGHTS_FLG": "Y", "MINERAL_RIGHTS_FLG": "Y", "TIMBER_RIGHTS_FLG": "Y", "SURFACE_TRUST_CD": 48, "SURFACE_TRUST_NM": "Community Forest Trust", "MINERAL_TRUST_CD": 48, "MINERAL_TRUST_NM": "Community Forest Trust", "TIMBER_TRUST_CD": 48, "TIMBER_TRUST_NM": "Community Forest Trust", "OWNER_AGENT_SYST_ID": 58706, "STEWARD_AGENT_SYST_ID": 63986, "MANAGER_AGENT_SYST_ID": 63986, "TIMBER_OWNER_NM": null, "TIMBER_EXP_DT": null, "ORIGINAL_PATENT_DT": null, "COUNTY_JURISDICT_DESG_CD": 19, "COUNTY_NM": "Kittitas", "COUNTY_PARCEL_NO": null, "REGION_JURISDICT_DESG_CD": 100, "REGION_NM": "Southeast Region", "HCP_JURISDICT_DESG_CD": null, "HCP_DESG_CD": 2, "HCP_DESG_DT": null, "HCP_WITHDRAWAL_DT": null, "PARCEL_DESC_TXT": null, "EDIT_DATE": 1395847238000, "EDIT_STATUS": 0, "EDIT_WHO": "JDUG490", "EASEMENT_TYPE_CD": null, "EASEMENT_TYPE_NM": null, "PARCEL_ACQUIRE_AUTH_NO": "08-090298", "PARCEL_DISPOSAL_AUTH_NO": null, "SHAPE.AREA": 6658345.2034445, "SHAPE.LEN": 10335.9672156873, "GLOBALID": "{3E9743F2-D203-40BA-8556-145DFF55296D}"}}, {"type": "Feature", "id": 3324332, "geometry": {"type": "Polygon", "coordinates": [[[-120.89821, 47.26728], [-120.89968, 47.26729], [-120.89897, 47.2665], [-120.89902, 47.26648], [-120.90028, 47.26593], [-120.9005, 47.26583], [-120.90105, 47.26595], [-120.9019, 47.26546], [-120.90259, 47.26584], [-120.90296, 47.26665], [-120.90351, 47.26699], [-120.90352, 47.26369], [-120.89822, 47.26367], [-120.89821, 47.26728]]]}, "properties": {"OBJECTID": 3324332, "PARCEL_SYST_ID": 116253, "PARCEL_TYPE_CD": 1, "PARCEL_LABEL_NM": "Teanaway Com Forest", "PARCEL_NM": null, "REVERSION_RIGHTS_FLG": "N", "OWN_RIGHT_DISPUTE_FLG": "N", "SURFACE_RIGHTS_FLG": "Y", "MINERAL_RIGHTS_FLG": "Y", "TIMBER_RIGHTS_FLG": "Y", "SURFACE_TRUST_CD": 48, "SURFACE_TRUST_NM": "Community Forest Trust", "MINERAL_TRUST_CD": 3, "MINERAL_TRUST_NM": "Common School and Indemnity", "TIMBER_TRUST_CD": 48, "TIMBER_TRUST_NM": "Community Forest Trust", "OWNER_AGENT_SYST_ID": 58706, "STEWARD_AGENT_SYST_ID": 63986, "MANAGER_AGENT_SYST_ID": 63986, "TIMBER_OWNER_NM": null, "TIMBER_EXP_DT": null, "ORIGINAL_PATENT_DT": null, "COUNTY_JURISDICT_DESG_CD": 19, "COUNTY_NM": "Kittitas", "COUNTY_PARCEL_NO": null, "REGION_JURISDICT_DESG_CD": 100, "REGION_NM": "Southeast Region", "HCP_JURISDICT_DESG_CD": null, "HCP_DESG_CD": 2, "HCP_DESG_DT": null, "HCP_WITHDRAWAL_DT": null, "PARCEL_DESC_TXT": null, "EDIT_DATE": 1395847238000, "EDIT_STATUS": 0, "EDIT_WHO": "JDUG490", "EASEMENT_TYPE_CD": null, "EASEMENT_TYPE_NM": null, "PARCEL_ACQUIRE_AUTH_NO": "08-090298", "PARCEL_DISPOSAL_AUTH_NO": null, "SHAPE.AREA": 1250011.2402405, "SHAPE.LEN": 6123.74511485199, "GLOBALID": "{B10F85C4-10DA-4DE4-942E-367D5DB0DEC0}"}}, {"type": "Feature", "id": 3324335, "geometry": {"type": "Polygon", "coordinates": [[[-120.93533, 47.27467], [-120.95639, 47.27478], [-120.95632, 47.26762], [-120.93519, 47.2675], [-120.93533, 47.27467]]]}, "properties": {"OBJECTID": 3324335, "PARCEL_SYST_ID": 116255, "PARCEL_TYPE_CD": 1, "PARCEL_LABEL_NM": "Teanaway Com Forest", "PARCEL_NM": null, "REVERSION_RIGHTS_FLG": "N", "OWN_RIGHT_DISPUTE_FLG": "N", "SURFACE_RIGHTS_FLG": "Y", "MINERAL_RIGHTS_FLG": "Y", "TIMBER_RIGHTS_FLG": "Y", "SURFACE_TRUST_CD": 48, "SURFACE_TRUST_NM": "Community Forest Trust", "MINERAL_TRUST_CD": 48, "MINERAL_TRUST_NM": "Community Forest Trust", "TIMBER_TRUST_CD": 48, "TIMBER_TRUST_NM": "Community Forest Trust", "OWNER_AGENT_SYST_ID": 58706, "STEWARD_AGENT_SYST_ID": 63986, "MANAGER_AGENT_SYST_ID": 63986, "TIMBER_OWNER_NM": null, "TIMBER_EXP_DT": null, "ORIGINAL_PATENT_DT": null, "COUNTY_JURISDICT_DESG_CD": 19, "COUNTY_NM": "Kittitas", "COUNTY_PARCEL_NO": null, "REGION_JURISDICT_DESG_CD": 100, "REGION_NM": "Southeast Region", "HCP_JURISDICT_DESG_CD": null, "HCP_DESG_CD": 2, "HCP_DESG_DT": null, "HCP_WITHDRAWAL_DT": null, "PARCEL_DESC_TXT": null, "EDIT_DATE": 1395847238000, "EDIT_STATUS": 0, "EDIT_WHO": "JDUG490", "EASEMENT_TYPE_CD": null, "EASEMENT_TYPE_NM": null, "PARCEL_ACQUIRE_AUTH_NO": "08-090298", "PARCEL_DISPOSAL_AUTH_NO": null, "SHAPE.AREA": 13692621.378975, "SHAPE.LEN": 15704.474057288202, "GLOBALID": "{FA3D7E1D-1412-4033-BA7C-3CF3C32D3E75}"}}, {"type": "Feature", "id": 3324336, "geometry": {"type": "Polygon", "coordinates": [[[-120.99862, 47.26762], [-120.99884, 47.27484], [-121.02013, 47.27491], [-121.01939, 47.26046], [-121.01637, 47.26047], [-121.00887, 47.26049], [-121.00579, 47.2605], [-120.99835, 47.26052], [-120.99862, 47.26762]]]}, "properties": {"OBJECTID": 3324336, "PARCEL_SYST_ID": 116259, "PARCEL_TYPE_CD": 1, "PARCEL_LABEL_NM": "Teanaway Com Forest", "PARCEL_NM": null, "REVERSION_RIGHTS_FLG": "N", "OWN_RIGHT_DISPUTE_FLG": "N", "SURFACE_RIGHTS_FLG": "Y", "MINERAL_RIGHTS_FLG": "N", "TIMBER_RIGHTS_FLG": "Y", "SURFACE_TRUST_CD": 48, "SURFACE_TRUST_NM": "Community Forest Trust", "MINERAL_TRUST_CD": 0, "MINERAL_TRUST_NM": "Trust Status Not Applicable Or Unknown", "TIMBER_TRUST_CD": 48, "TIMBER_TRUST_NM": "Community Forest Trust", "OWNER_AGENT_SYST_ID": 58706, "STEWARD_AGENT_SYST_ID": 63986, "MANAGER_AGENT_SYST_ID": 63986, "TIMBER_OWNER_NM": null, "TIMBER_EXP_DT": null, "ORIGINAL_PATENT_DT": null, "COUNTY_JURISDICT_DESG_CD": 19, "COUNTY_NM": "Kittitas", "COUNTY_PARCEL_NO": null, "REGION_JURISDICT_DESG_CD": 100, "REGION_NM": "Southeast Region", "HCP_JURISDICT_DESG_CD": null, "HCP_DESG_CD": 2, "HCP_DESG_DT": null, "HCP_WITHDRAWAL_DT": null, "PARCEL_DESC_TXT": null, "EDIT_DATE": 1395847238000, "EDIT_STATUS": 0, "EDIT_WHO": "JDUG490", "EASEMENT_TYPE_CD": null, "EASEMENT_TYPE_NM": null, "PARCEL_ACQUIRE_AUTH_NO": "08-090298", "PARCEL_DISPOSAL_AUTH_NO": null, "SHAPE.AREA": 27560411.712353, "SHAPE.LEN": 21012.0264240806, "GLOBALID": "{850BEDB7-0A19-49A6-A344-741F2F4D088F}"}}, {"type": "Feature", "id": 3324401, "geometry": {"type": "Polygon", "coordinates": [[[-120.93344, 47.26033], [-120.93351, 47.26395], [-120.93512, 47.26394], [-120.93512, 47.26391], [-120.93512, 47.2635], [-120.93505, 47.26032], [-120.93344, 47.26033]]]}, "properties": {"OBJECTID": 3324401, "PARCEL_SYST_ID": 116264, "PARCEL_TYPE_CD": 1, "PARCEL_LABEL_NM": "Teanaway Com Forest", "PARCEL_NM": null, "REVERSION_RIGHTS_FLG": "N", "OWN_RIGHT_DISPUTE_FLG": "N", "SURFACE_RIGHTS_FLG": "Y", "MINERAL_RIGHTS_FLG": "N", "TIMBER_RIGHTS_FLG": "Y", "SURFACE_TRUST_CD": 48, "SURFACE_TRUST_NM": "Community Forest Trust", "MINERAL_TRUST_CD": 0, "MINERAL_TRUST_NM": "Trust Status Not Applicable Or Unknown", "TIMBER_TRUST_CD": 48, "TIMBER_TRUST_NM": "Community Forest Trust", "OWNER_AGENT_SYST_ID": 58706, "STEWARD_AGENT_SYST_ID": 63986, "MANAGER_AGENT_SYST_ID": 63986, "TIMBER_OWNER_NM": null, "TIMBER_EXP_DT": null, "ORIGINAL_PATENT_DT": null, "COUNTY_JURISDICT_DESG_CD": 19, "COUNTY_NM": "Kittitas", "COUNTY_PARCEL_NO": null, "REGION_JURISDICT_DESG_CD": 100, "REGION_NM": "Southeast Region", "HCP_JURISDICT_DESG_CD": null, "HCP_DESG_CD": 2, "HCP_DESG_DT": null, "HCP_WITHDRAWAL_DT": null, "PARCEL_DESC_TXT": "EDIT CORRECTION", "EDIT_DATE": 1395847238000, "EDIT_STATUS": 0, "EDIT_WHO": "JDUG490", "EASEMENT_TYPE_CD": null, "EASEMENT_TYPE_NM": null, "PARCEL_ACQUIRE_AUTH_NO": "08-090298", "PARCEL_DISPOSAL_AUTH_NO": null, "SHAPE.AREA": 528021.397163, "SHAPE.LEN": 3440.14420604364, "GLOBALID": "{E023BD93-0CB0-49D5-910C-E657583E033D}"}}, {"type": "Feature", "id": 3324402, "geometry": {"type": "Polygon", "coordinates": [[[-120.81977, 47.28863], [-120.81961, 47.29592], [-120.8301, 47.2959], [-120.83046, 47.28856], [-120.81977, 47.28863]]]}, "properties": {"OBJECTID": 3324402, "PARCEL_SYST_ID": 116307, "PARCEL_TYPE_CD": 1, "PARCEL_LABEL_NM": "Teanaway Com Forest", "PARCEL_NM": null, "REVERSION_RIGHTS_FLG": "N", "OWN_RIGHT_DISPUTE_FLG": "N", "SURFACE_RIGHTS_FLG": "Y", "MINERAL_RIGHTS_FLG": "N", "TIMBER_RIGHTS_FLG": "Y", "SURFACE_TRUST_CD": 48, "SURFACE_TRUST_NM": "Community Forest Trust", "MINERAL_TRUST_CD": 0, "MINERAL_TRUST_NM": "Trust Status Not Applicable Or Unknown", "TIMBER_TRUST_CD": 48, "TIMBER_TRUST_NM": "Community Forest Trust", "OWNER_AGENT_SYST_ID": 58706, "STEWARD_AGENT_SYST_ID": 63986, "MANAGER_AGENT_SYST_ID": 63986, "TIMBER_OWNER_NM": null, "TIMBER_EXP_DT": null, "ORIGINAL_PATENT_DT": null, "COUNTY_JURISDICT_DESG_CD": 19, "COUNTY_NM": "Kittitas", "COUNTY_PARCEL_NO": null, "REGION_JURISDICT_DESG_CD": 100, "REGION_NM": "Southeast Region", "HCP_JURISDICT_DESG_CD": null, "HCP_DESG_CD": 2, "HCP_DESG_DT": null, "HCP_WITHDRAWAL_DT": null, "PARCEL_DESC_TXT": null, "EDIT_DATE": 1395847238000, "EDIT_STATUS": 0, "EDIT_WHO": "JDUG490", "EASEMENT_TYPE_CD": null, "EASEMENT_TYPE_NM": null, "PARCEL_ACQUIRE_AUTH_NO": "08-090298", "PARCEL_DISPOSAL_AUTH_NO": null, "SHAPE.AREA": 7012410.4846175, "SHAPE.LEN": 10595.2645661568, "GLOBALID": "{23E064A5-1FB2-48AC-9350-BFB98C08CAEB}"}}, {"type": "Feature", "id": 3324403, "geometry": {"type": "Polygon", "coordinates": [[[-120.79832, 47.28149], [-120.79843, 47.28874], [-120.80907, 47.28869], [-120.8088, 47.28144], [-120.79832, 47.28149]]]}, "properties": {"OBJECTID": 3324403, "PARCEL_SYST_ID": 116308, "PARCEL_TYPE_CD": 1, "PARCEL_LABEL_NM": "Teanaway Com Forest", "PARCEL_NM": null, "REVERSION_RIGHTS_FLG": "N", "OWN_RIGHT_DISPUTE_FLG": "N", "SURFACE_RIGHTS_FLG": "Y", "MINERAL_RIGHTS_FLG": "N", "TIMBER_RIGHTS_FLG": "Y", "SURFACE_TRUST_CD": 48, "SURFACE_TRUST_NM": "Community Forest Trust", "MINERAL_TRUST_CD": 0, "MINERAL_TRUST_NM": "Trust Status Not Applicable Or Unknown", "TIMBER_TRUST_CD": 48, "TIMBER_TRUST_NM": "Community Forest Trust", "OWNER_AGENT_SYST_ID": 58706, "STEWARD_AGENT_SYST_ID": 63986, "MANAGER_AGENT_SYST_ID": 63986, "TIMBER_OWNER_NM": null, "TIMBER_EXP_DT": null, "ORIGINAL_PATENT_DT": null, "COUNTY_JURISDICT_DESG_CD": 19, "COUNTY_NM": "Kittitas", "COUNTY_PARCEL_NO": null, "REGION_JURISDICT_DESG_CD": 100, "REGION_NM": "Southeast Region", "HCP_JURISDICT_DESG_CD": null, "HCP_DESG_CD": 2, "HCP_DESG_DT": null, "HCP_WITHDRAWAL_DT": null, "PARCEL_DESC_TXT": null, "EDIT_DATE": 1395847238000, "EDIT_STATUS": 0, "EDIT_WHO": "JDUG490", "EASEMENT_TYPE_CD": null, "EASEMENT_TYPE_NM": null, "PARCEL_ACQUIRE_AUTH_NO": "08-090298", "PARCEL_DISPOSAL_AUTH_NO": null, "SHAPE.AREA": 6929463.985575, "SHAPE.LEN": 10530.1165332939, "GLOBALID": "{726A5E1C-80A2-4761-8BB7-22672E9670FF}"}}, {"type": "Feature", "id": 3324404, "geometry": {"type": "Polygon", "coordinates": [[[-120.7409, 47.24037], [-120.7516, 47.24027], [-120.75171, 47.23329], [-120.74093, 47.23313], [-120.7409, 47.24037]]]}, "properties": {"OBJECTID": 3324404, "PARCEL_SYST_ID": 116310, "PARCEL_TYPE_CD": 1, "PARCEL_LABEL_NM": "Teanaway Com Forest", "PARCEL_NM": null, "REVERSION_RIGHTS_FLG": "N", "OWN_RIGHT_DISPUTE_FLG": "N", "SURFACE_RIGHTS_FLG": "Y", "MINERAL_RIGHTS_FLG": "N", "TIMBER_RIGHTS_FLG": "Y", "SURFACE_TRUST_CD": 48, "SURFACE_TRUST_NM": "Community Forest Trust", "MINERAL_TRUST_CD": 0, "MINERAL_TRUST_NM": "Trust Status Not Applicable Or Unknown", "TIMBER_TRUST_CD": 48, "TIMBER_TRUST_NM": "Community Forest Trust", "OWNER_AGENT_SYST_ID": 58706, "STEWARD_AGENT_SYST_ID": 63986, "MANAGER_AGENT_SYST_ID": 63986, "TIMBER_OWNER_NM": null, "TIMBER_EXP_DT": null, "ORIGINAL_PATENT_DT": null, "COUNTY_JURISDICT_DESG_CD": 19, "COUNTY_NM": "Kittitas", "COUNTY_PARCEL_NO": null, "REGION_JURISDICT_DESG_CD": 100, "REGION_NM": "Southeast Region", "HCP_JURISDICT_DESG_CD": null, "HCP_DESG_CD": 2, "HCP_DESG_DT": null, "HCP_WITHDRAWAL_DT": null, "PARCEL_DESC_TXT": null, "EDIT_DATE": 1395847238000, "EDIT_STATUS": 0, "EDIT_WHO": "JDUG490", "EASEMENT_TYPE_CD": null, "EASEMENT_TYPE_NM": null, "PARCEL_ACQUIRE_AUTH_NO": "08-090298", "PARCEL_DISPOSAL_AUTH_NO": null, "SHAPE.AREA": 6919024.19884, "SHAPE.LEN": 10523.554448886001, "GLOBALID": "{160B4FC7-D78F-418F-8559-0B9D5C76A8AC}"}}, {"type": "Feature", "id": 3324405, "geometry": {"type": "Polygon", "coordinates": [[[-120.91426, 47.32498], [-120.90362, 47.32503], [-120.90357, 47.33229], [-120.91426, 47.33222], [-120.91426, 47.32498]]]}, "properties": {"OBJECTID": 3324405, "PARCEL_SYST_ID": 116266, "PARCEL_TYPE_CD": 1, "PARCEL_LABEL_NM": "Teanaway Com Forest", "PARCEL_NM": null, "REVERSION_RIGHTS_FLG": "N", "OWN_RIGHT_DISPUTE_FLG": "N", "SURFACE_RIGHTS_FLG": "Y", "MINERAL_RIGHTS_FLG": "N", "TIMBER_RIGHTS_FLG": "Y", "SURFACE_TRUST_CD": 48, "SURFACE_TRUST_NM": "Community Forest Trust", "MINERAL_TRUST_CD": 0, "MINERAL_TRUST_NM": "Trust Status Not Applicable Or Unknown", "TIMBER_TRUST_CD": 48, "TIMBER_TRUST_NM": "Community Forest Trust", "OWNER_AGENT_SYST_ID": 58706, "STEWARD_AGENT_SYST_ID": 63986, "MANAGER_AGENT_SYST_ID": 63986, "TIMBER_OWNER_NM": null, "TIMBER_EXP_DT": null, "ORIGINAL_PATENT_DT": null, "COUNTY_JURISDICT_DESG_CD": 19, "COUNTY_NM": "Kittitas", "COUNTY_PARCEL_NO": null, "REGION_JURISDICT_DESG_CD": 100, "REGION_NM": "Southeast Region", "HCP_JURISDICT_DESG_CD": null, "HCP_DESG_CD": 2, "HCP_DESG_DT": null, "HCP_WITHDRAWAL_DT": null, "PARCEL_DESC_TXT": "EDIT CORRECTION", "EDIT_DATE": 1395847238000, "EDIT_STATUS": 0, "EDIT_WHO": "JDUG490", "EASEMENT_TYPE_CD": null, "EASEMENT_TYPE_NM": null, "PARCEL_ACQUIRE_AUTH_NO": "08-090298", "PARCEL_DISPOSAL_AUTH_NO": null, "SHAPE.AREA": 6994145.8706475, "SHAPE.LEN": 10578.875100948, "GLOBALID": "{006792C5-5F1F-45C4-859C-95B9B29EA7D0}"}}, {"type": "Feature", "id": 3324406, "geometry": {"type": "Polygon", "coordinates": [[[-120.89306, 47.31778], [-120.89297, 47.32507], [-120.90362, 47.32503], [-120.90366, 47.31776], [-120.89306, 47.31778]]]}, "properties": {"OBJECTID": 3324406, "PARCEL_SYST_ID": 116267, "PARCEL_TYPE_CD": 1, "PARCEL_LABEL_NM": "Teanaway Com Forest", "PARCEL_NM": null, "REVERSION_RIGHTS_FLG": "N", "OWN_RIGHT_DISPUTE_FLG": "N", "SURFACE_RIGHTS_FLG": "Y", "MINERAL_RIGHTS_FLG": "N", "TIMBER_RIGHTS_FLG": "Y", "SURFACE_TRUST_CD": 48, "SURFACE_TRUST_NM": "Community Forest Trust", "MINERAL_TRUST_CD": 0, "MINERAL_TRUST_NM": "Trust Status Not Applicable Or Unknown", "TIMBER_TRUST_CD": 48, "TIMBER_TRUST_NM": "Community Forest Trust", "OWNER_AGENT_SYST_ID": 58706, "STEWARD_AGENT_SYST_ID": 63986, "MANAGER_AGENT_SYST_ID": 63986, "TIMBER_OWNER_NM": null, "TIMBER_EXP_DT": null, "ORIGINAL_PATENT_DT": null, "COUNTY_JURISDICT_DESG_CD": 19, "COUNTY_NM": "Kittitas", "COUNTY_PARCEL_NO": null, "REGION_JURISDICT_DESG_CD": 100, "REGION_NM": "Southeast Region", "HCP_JURISDICT_DESG_CD": null, "HCP_DESG_CD": 2, "HCP_DESG_DT": null, "HCP_WITHDRAWAL_DT": null, "PARCEL_DESC_TXT": "EDIT CORRECTION", "EDIT_DATE": 1395847238000, "EDIT_STATUS": 0, "EDIT_WHO": "JDUG490", "EASEMENT_TYPE_CD": null, "EASEMENT_TYPE_NM": null, "PARCEL_ACQUIRE_AUTH_NO": "08-090298", "PARCEL_DISPOSAL_AUTH_NO": null, "SHAPE.AREA": 6995602.6825125, "SHAPE.LEN": 10580.0343649906, "GLOBALID": "{72FEB667-D92D-48AA-B6E4-5D70D08C27DF}"}}, {"type": "Feature", "id": 3324407, "geometry": {"type": "Polygon", "coordinates": [[[-120.8512, 47.31767], [-120.85654, 47.31767], [-120.85655, 47.31406], [-120.85125, 47.31406], [-120.8512, 47.31767]]]}, "properties": {"OBJECTID": 3324407, "PARCEL_SYST_ID": 116271, "PARCEL_TYPE_CD": 1, "PARCEL_LABEL_NM": "Teanaway Com Forest", "PARCEL_NM": null, "REVERSION_RIGHTS_FLG": "N", "OWN_RIGHT_DISPUTE_FLG": "N", "SURFACE_RIGHTS_FLG": "Y", "MINERAL_RIGHTS_FLG": "N", "TIMBER_RIGHTS_FLG": "Y", "SURFACE_TRUST_CD": 48, "SURFACE_TRUST_NM": "Community Forest Trust", "MINERAL_TRUST_CD": 0, "MINERAL_TRUST_NM": "Trust Status Not Applicable Or Unknown", "TIMBER_TRUST_CD": 48, "TIMBER_TRUST_NM": "Community Forest Trust", "OWNER_AGENT_SYST_ID": 58706, "STEWARD_AGENT_SYST_ID": 63986, "MANAGER_AGENT_SYST_ID": 63986, "TIMBER_OWNER_NM": null, "TIMBER_EXP_DT": null, "ORIGINAL_PATENT_DT": null, "COUNTY_JURISDICT_DESG_CD": 19, "COUNTY_NM": "Kittitas", "COUNTY_PARCEL_NO": null, "REGION_JURISDICT_DESG_CD": 100, "REGION_NM": "Southeast Region", "HCP_JURISDICT_DESG_CD": null, "HCP_DESG_CD": 2, "HCP_DESG_DT": null, "HCP_WITHDRAWAL_DT": null, "PARCEL_DESC_TXT": "EDIT CORRECTION", "EDIT_DATE": 1395847238000, "EDIT_STATUS": 0, "EDIT_WHO": "JDUG490", "EASEMENT_TYPE_CD": null, "EASEMENT_TYPE_NM": null, "PARCEL_ACQUIRE_AUTH_NO": "08-090298", "PARCEL_DISPOSAL_AUTH_NO": null, "SHAPE.AREA": 1735212.90413, "SHAPE.LEN": 5269.166122460791, "GLOBALID": "{45278990-483D-44B2-8DB3-8DA77FF504A0}"}}, {"type": "Feature", "id": 3324412, "geometry": {"type": "Polygon", "coordinates": [[[-120.83014, 47.31407], [-120.83008, 47.31762], [-120.83531, 47.31752], [-120.83534, 47.31414], [-120.83014, 47.31407]]]}, "properties": {"OBJECTID": 3324412, "PARCEL_SYST_ID": 5066, "PARCEL_TYPE_CD": 1, "PARCEL_LABEL_NM": null, "PARCEL_NM": null, "REVERSION_RIGHTS_FLG": "N", "OWN_RIGHT_DISPUTE_FLG": "N", "SURFACE_RIGHTS_FLG": "Y", "MINERAL_RIGHTS_FLG": "N", "TIMBER_RIGHTS_FLG": "Y", "SURFACE_TRUST_CD": 3, "SURFACE_TRUST_NM": "Common School and Indemnity", "MINERAL_TRUST_CD": 0, "MINERAL_TRUST_NM": "Trust Status Not Applicable Or Unknown", "TIMBER_TRUST_CD": 3, "TIMBER_TRUST_NM": "Common School and Indemnity", "OWNER_AGENT_SYST_ID": 58706, "STEWARD_AGENT_SYST_ID": 63986, "MANAGER_AGENT_SYST_ID": 63986, "TIMBER_OWNER_NM": null, "TIMBER_EXP_DT": null, "ORIGINAL_PATENT_DT": null, "COUNTY_JURISDICT_DESG_CD": 19, "COUNTY_NM": "Kittitas", "COUNTY_PARCEL_NO": null, "REGION_JURISDICT_DESG_CD": 100, "REGION_NM": "Southeast Region", "HCP_JURISDICT_DESG_CD": null, "HCP_DESG_CD": 1, "HCP_DESG_DT": 854611200000, "HCP_WITHDRAWAL_DT": null, "PARCEL_DESC_TXT": null, "EDIT_DATE": 1309330800000, "EDIT_STATUS": 1, "EDIT_WHO": "jdug490", "EASEMENT_TYPE_CD": null, "EASEMENT_TYPE_NM": null, "PARCEL_ACQUIRE_AUTH_NO": "US PATENT NO 46-87-0002", "PARCEL_DISPOSAL_AUTH_NO": null, "SHAPE.AREA": 1632813.3544, "SHAPE.LEN": 5112.50960645924, "GLOBALID": "{BC163D95-5A74-4215-9F7F-53D84CB6B7CE}"}}, {"type": "Feature", "id": 3324427, "geometry": {"type": "Polygon", "coordinates": [[[-120.39708, 47.21896], [-120.40788, 47.21928], [-120.40786, 47.21175], [-120.40811, 47.20466], [-120.39731, 47.20441], [-120.38668, 47.2043], [-120.38641, 47.21149], [-120.38634, 47.21883], [-120.39708, 47.21896]]]}, "properties": {"OBJECTID": 3324427, "PARCEL_SYST_ID": 5190, "PARCEL_TYPE_CD": 1, "PARCEL_LABEL_NM": null, "PARCEL_NM": null, "REVERSION_RIGHTS_FLG": "N", "OWN_RIGHT_DISPUTE_FLG": "N", "SURFACE_RIGHTS_FLG": "Y", "MINERAL_RIGHTS_FLG": "Y", "TIMBER_RIGHTS_FLG": "Y", "SURFACE_TRUST_CD": 3, "SURFACE_TRUST_NM": "Common School and Indemnity", "MINERAL_TRUST_CD": 3, "MINERAL_TRUST_NM": "Common School and Indemnity", "TIMBER_TRUST_CD": 3, "TIMBER_TRUST_NM": "Common School and Indemnity", "OWNER_AGENT_SYST_ID": 58706, "STEWARD_AGENT_SYST_ID": 63986, "MANAGER_AGENT_SYST_ID": 63986, "TIMBER_OWNER_NM": null, "TIMBER_EXP_DT": null, "ORIGINAL_PATENT_DT": null, "COUNTY_JURISDICT_DESG_CD": 19, "COUNTY_NM": "Kittitas", "COUNTY_PARCEL_NO": null, "REGION_JURISDICT_DESG_CD": 100, "REGION_NM": "Southeast Region", "HCP_JURISDICT_DESG_CD": null, "HCP_DESG_CD": 1, "HCP_DESG_DT": 854611200000, "HCP_WITHDRAWAL_DT": null, "PARCEL_DESC_TXT": null, "EDIT_DATE": 1309330800000, "EDIT_STATUS": 1, "EDIT_WHO": "jdug490", "EASEMENT_TYPE_CD": null, "EASEMENT_TYPE_NM": null, "PARCEL_ACQUIRE_AUTH_NO": null, "PARCEL_DISPOSAL_AUTH_NO": null, "SHAPE.AREA": 28345046.77777, "SHAPE.LEN": 21317.176622612504, "GLOBALID": "{F03DEA37-47FF-4269-81B6-2D7C07910A07}"}}, {"type": "Feature", "id": 3324468, "geometry": {"type": "Polygon", "coordinates": [[[-120.86851, 47.24863], [-120.86937, 47.24873], [-120.87067, 47.24892], [-120.87175, 47.24918], [-120.8726, 47.24939], [-120.87262, 47.24941], [-120.87292, 47.24963], [-120.87312, 47.24981], [-120.87333, 47.24998], [-120.87336, 47.25], [-120.87353, 47.2502], [-120.87807, 47.25018], [-120.87807, 47.2501], [-120.87811, 47.24825], [-120.87814, 47.2464], [-120.8677, 47.24654], [-120.86767, 47.24838], [-120.86767, 47.2486], [-120.86775, 47.24859], [-120.86851, 47.24863]]]}, "properties": {"OBJECTID": 3324468, "PARCEL_SYST_ID": 116313, "PARCEL_TYPE_CD": 1, "PARCEL_LABEL_NM": "Teanaway Com Forest", "PARCEL_NM": null, "REVERSION_RIGHTS_FLG": "N", "OWN_RIGHT_DISPUTE_FLG": "N", "SURFACE_RIGHTS_FLG": "Y", "MINERAL_RIGHTS_FLG": "N", "TIMBER_RIGHTS_FLG": "Y", "SURFACE_TRUST_CD": 48, "SURFACE_TRUST_NM": "Community Forest Trust", "MINERAL_TRUST_CD": 0, "MINERAL_TRUST_NM": "Trust Status Not Applicable Or Unknown", "TIMBER_TRUST_CD": 48, "TIMBER_TRUST_NM": "Community Forest Trust", "OWNER_AGENT_SYST_ID": 58706, "STEWARD_AGENT_SYST_ID": 63986, "MANAGER_AGENT_SYST_ID": 63986, "TIMBER_OWNER_NM": null, "TIMBER_EXP_DT": null, "ORIGINAL_PATENT_DT": null, "COUNTY_JURISDICT_DESG_CD": 19, "COUNTY_NM": "Kittitas", "COUNTY_PARCEL_NO": null, "REGION_JURISDICT_DESG_CD": 100, "REGION_NM": "Southeast Region", "HCP_JURISDICT_DESG_CD": null, "HCP_DESG_CD": 2, "HCP_DESG_DT": null, "HCP_WITHDRAWAL_DT": null, "PARCEL_DESC_TXT": null, "EDIT_DATE": 1395847238000, "EDIT_STATUS": 0, "EDIT_WHO": "JDUG490", "EASEMENT_TYPE_CD": null, "EASEMENT_TYPE_NM": null, "PARCEL_ACQUIRE_AUTH_NO": "08-090298", "PARCEL_DISPOSAL_AUTH_NO": null, "SHAPE.AREA": 2898472.5848395, "SHAPE.LEN": 7494.75655823376, "GLOBALID": "{A1E5D321-688C-4428-AD97-A4E278B1F91C}"}}, {"type": "Feature", "id": 3324469, "geometry": {"type": "Polygon", "coordinates": [[[-120.91416, 47.2748], [-120.93533, 47.27467], [-120.93519, 47.2675], [-120.93512, 47.26394], [-120.93351, 47.26395], [-120.93344, 47.26033], [-120.93121, 47.26033], [-120.9243, 47.26038], [-120.92461, 47.26743], [-120.91411, 47.26737], [-120.91416, 47.2748]]]}, "properties": {"OBJECTID": 3324469, "PARCEL_SYST_ID": 116315, "PARCEL_TYPE_CD": 1, "PARCEL_LABEL_NM": "Teanaway Com Forest", "PARCEL_NM": null, "REVERSION_RIGHTS_FLG": "N", "OWN_RIGHT_DISPUTE_FLG": "N", "SURFACE_RIGHTS_FLG": "Y", "MINERAL_RIGHTS_FLG": "N", "TIMBER_RIGHTS_FLG": "Y", "SURFACE_TRUST_CD": 48, "SURFACE_TRUST_NM": "Community Forest Trust", "MINERAL_TRUST_CD": 0, "MINERAL_TRUST_NM": "Trust Status Not Applicable Or Unknown", "TIMBER_TRUST_CD": 48, "TIMBER_TRUST_NM": "Community Forest Trust", "OWNER_AGENT_SYST_ID": 58706, "STEWARD_AGENT_SYST_ID": 63986, "MANAGER_AGENT_SYST_ID": 63986, "TIMBER_OWNER_NM": null, "TIMBER_EXP_DT": null, "ORIGINAL_PATENT_DT": null, "COUNTY_JURISDICT_DESG_CD": 19, "COUNTY_NM": "Kittitas", "COUNTY_PARCEL_NO": null, "REGION_JURISDICT_DESG_CD": 100, "REGION_NM": "Southeast Region", "HCP_JURISDICT_DESG_CD": null, "HCP_DESG_CD": 2, "HCP_DESG_DT": null, "HCP_WITHDRAWAL_DT": null, "PARCEL_DESC_TXT": null, "EDIT_DATE": 1395847238000, "EDIT_STATUS": 0, "EDIT_WHO": "JDUG490", "EASEMENT_TYPE_CD": null, "EASEMENT_TYPE_NM": null, "PARCEL_ACQUIRE_AUTH_NO": "08-090298", "PARCEL_DISPOSAL_AUTH_NO": null, "SHAPE.AREA": 20323451.424263, "SHAPE.LEN": 21050.5669558103, "GLOBALID": "{E226DCDF-12E5-48CB-8F13-E5FAE1BAD51E}"}}, {"type": "Feature", "id": 3324470, "geometry": {"type": "Polygon", "coordinates": [[[-120.98463, 47.26052], [-120.98461, 47.25459], [-120.98461, 47.2543], [-120.97405, 47.25442], [-120.97403, 47.26049], [-120.9773, 47.26046], [-120.98463, 47.26052]]]}, "properties": {"OBJECTID": 3324470, "PARCEL_SYST_ID": 116319, "PARCEL_TYPE_CD": 1, "PARCEL_LABEL_NM": "Teanaway Com Forest", "PARCEL_NM": null, "REVERSION_RIGHTS_FLG": "N", "OWN_RIGHT_DISPUTE_FLG": "N", "SURFACE_RIGHTS_FLG": "Y", "MINERAL_RIGHTS_FLG": "Y", "TIMBER_RIGHTS_FLG": "Y", "SURFACE_TRUST_CD": 48, "SURFACE_TRUST_NM": "Community Forest Trust", "MINERAL_TRUST_CD": 48, "MINERAL_TRUST_NM": "Community Forest Trust", "TIMBER_TRUST_CD": 48, "TIMBER_TRUST_NM": "Community Forest Trust", "OWNER_AGENT_SYST_ID": 58706, "STEWARD_AGENT_SYST_ID": 63986, "MANAGER_AGENT_SYST_ID": 63986, "TIMBER_OWNER_NM": null, "TIMBER_EXP_DT": null, "ORIGINAL_PATENT_DT": null, "COUNTY_JURISDICT_DESG_CD": 19, "COUNTY_NM": "Kittitas", "COUNTY_PARCEL_NO": null, "REGION_JURISDICT_DESG_CD": 100, "REGION_NM": "Southeast Region", "HCP_JURISDICT_DESG_CD": null, "HCP_DESG_CD": 2, "HCP_DESG_DT": null, "HCP_WITHDRAWAL_DT": null, "PARCEL_DESC_TXT": null, "EDIT_DATE": 1395847238000, "EDIT_STATUS": 0, "EDIT_WHO": "JDUG490", "EASEMENT_TYPE_CD": null, "EASEMENT_TYPE_NM": null, "PARCEL_ACQUIRE_AUTH_NO": "08-090298", "PARCEL_DISPOSAL_AUTH_NO": null, "SHAPE.AREA": 5871709.6611505, "SHAPE.LEN": 9739.846053712672, "GLOBALID": "{87E88C0C-B0EE-4FF0-8DD8-BFEBBDA39642}"}}, {"type": "Feature", "id": 3324471, "geometry": {"type": "Polygon", "coordinates": [[[-120.80373, 47.31038], [-120.80368, 47.31396], [-120.80904, 47.31397], [-120.80909, 47.31037], [-120.80373, 47.31038]]]}, "properties": {"OBJECTID": 3324471, "PARCEL_SYST_ID": 116323, "PARCEL_TYPE_CD": 1, "PARCEL_LABEL_NM": "Teanaway Com Forest", "PARCEL_NM": null, "REVERSION_RIGHTS_FLG": "N", "OWN_RIGHT_DISPUTE_FLG": "N", "SURFACE_RIGHTS_FLG": "Y", "MINERAL_RIGHTS_FLG": "N", "TIMBER_RIGHTS_FLG": "Y", "SURFACE_TRUST_CD": 48, "SURFACE_TRUST_NM": "Community Forest Trust", "MINERAL_TRUST_CD": 0, "MINERAL_TRUST_NM": "Trust Status Not Applicable Or Unknown", "TIMBER_TRUST_CD": 48, "TIMBER_TRUST_NM": "Community Forest Trust", "OWNER_AGENT_SYST_ID": 58706, "STEWARD_AGENT_SYST_ID": 63986, "MANAGER_AGENT_SYST_ID": 63986, "TIMBER_OWNER_NM": null, "TIMBER_EXP_DT": null, "ORIGINAL_PATENT_DT": null, "COUNTY_JURISDICT_DESG_CD": 19, "COUNTY_NM": "Kittitas", "COUNTY_PARCEL_NO": null, "REGION_JURISDICT_DESG_CD": 100, "REGION_NM": "Southeast Region", "HCP_JURISDICT_DESG_CD": null, "HCP_DESG_CD": 2, "HCP_DESG_DT": null, "HCP_WITHDRAWAL_DT": null, "PARCEL_DESC_TXT": null, "EDIT_DATE": 1395847238000, "EDIT_STATUS": 0, "EDIT_WHO": "JDUG490", "EASEMENT_TYPE_CD": null, "EASEMENT_TYPE_NM": null, "PARCEL_ACQUIRE_AUTH_NO": "08-090298", "PARCEL_DISPOSAL_AUTH_NO": null, "SHAPE.AREA": 1741363.7029095, "SHAPE.LEN": 5278.68223277968, "GLOBALID": "{3C4E31A8-4D2B-405A-A2E0-1F4AD1E46517}"}}, {"type": "Feature", "id": 3324472, "geometry": {"type": "Polygon", "coordinates": [[[-120.79312, 47.30326], [-120.79306, 47.30682], [-120.79842, 47.30681], [-120.80377, 47.30679], [-120.80382, 47.30321], [-120.79312, 47.30326]]]}, "properties": {"OBJECTID": 3324472, "PARCEL_SYST_ID": 116325, "PARCEL_TYPE_CD": 1, "PARCEL_LABEL_NM": "Teanaway Com Forest", "PARCEL_NM": null, "REVERSION_RIGHTS_FLG": "N", "OWN_RIGHT_DISPUTE_FLG": "N", "SURFACE_RIGHTS_FLG": "Y", "MINERAL_RIGHTS_FLG": "N", "TIMBER_RIGHTS_FLG": "Y", "SURFACE_TRUST_CD": 48, "SURFACE_TRUST_NM": "Community Forest Trust", "MINERAL_TRUST_CD": 0, "MINERAL_TRUST_NM": "Trust Status Not Applicable Or Unknown", "TIMBER_TRUST_CD": 48, "TIMBER_TRUST_NM": "Community Forest Trust", "OWNER_AGENT_SYST_ID": 58706, "STEWARD_AGENT_SYST_ID": 63986, "MANAGER_AGENT_SYST_ID": 63986, "TIMBER_OWNER_NM": null, "TIMBER_EXP_DT": null, "ORIGINAL_PATENT_DT": null, "COUNTY_JURISDICT_DESG_CD": 19, "COUNTY_NM": "Kittitas", "COUNTY_PARCEL_NO": null, "REGION_JURISDICT_DESG_CD": 100, "REGION_NM": "Southeast Region", "HCP_JURISDICT_DESG_CD": null, "HCP_DESG_CD": 2, "HCP_DESG_DT": null, "HCP_WITHDRAWAL_DT": null, "PARCEL_DESC_TXT": null, "EDIT_DATE": 1395847238000, "EDIT_STATUS": 0, "EDIT_WHO": "JDUG490", "EASEMENT_TYPE_CD": null, "EASEMENT_TYPE_NM": null, "PARCEL_ACQUIRE_AUTH_NO": "08-090298", "PARCEL_DISPOSAL_AUTH_NO": null, "SHAPE.AREA": 3462379.2190115, "SHAPE.LEN": 7919.861369416531, "GLOBALID": "{25312DBF-E5E4-4D80-985D-29DDC3C6E44B}"}}, {"type": "Feature", "id": 3324542, "geometry": {"type": "Polygon", "coordinates": [[[-120.93668, 47.23291], [-120.9423, 47.23296], [-120.9423, 47.23276], [-120.94231, 47.22555], [-120.93697, 47.22554], [-120.93668, 47.23291]]]}, "properties": {"OBJECTID": 3324542, "PARCEL_SYST_ID": 116301, "PARCEL_TYPE_CD": 1, "PARCEL_LABEL_NM": "Teanaway Com Forest", "PARCEL_NM": null, "REVERSION_RIGHTS_FLG": "N", "OWN_RIGHT_DISPUTE_FLG": "N", "SURFACE_RIGHTS_FLG": "Y", "MINERAL_RIGHTS_FLG": "Y", "TIMBER_RIGHTS_FLG": "Y", "SURFACE_TRUST_CD": 48, "SURFACE_TRUST_NM": "Community Forest Trust", "MINERAL_TRUST_CD": 48, "MINERAL_TRUST_NM": "Community Forest Trust", "TIMBER_TRUST_CD": 48, "TIMBER_TRUST_NM": "Community Forest Trust", "OWNER_AGENT_SYST_ID": 58706, "STEWARD_AGENT_SYST_ID": 63986, "MANAGER_AGENT_SYST_ID": 63986, "TIMBER_OWNER_NM": null, "TIMBER_EXP_DT": null, "ORIGINAL_PATENT_DT": null, "COUNTY_JURISDICT_DESG_CD": 19, "COUNTY_NM": "Kittitas", "COUNTY_PARCEL_NO": null, "REGION_JURISDICT_DESG_CD": 100, "REGION_NM": "Southeast Region", "HCP_JURISDICT_DESG_CD": null, "HCP_DESG_CD": 2, "HCP_DESG_DT": null, "HCP_WITHDRAWAL_DT": null, "PARCEL_DESC_TXT": null, "EDIT_DATE": 1395847238000, "EDIT_STATUS": 0, "EDIT_WHO": "JDUG490", "EASEMENT_TYPE_CD": null, "EASEMENT_TYPE_NM": null, "PARCEL_ACQUIRE_AUTH_NO": "08-090298", "PARCEL_DISPOSAL_AUTH_NO": null, "SHAPE.AREA": 3669763.9139815, "SHAPE.LEN": 8113.711729818151, "GLOBALID": "{48AE93EA-215D-4B15-BF55-64DC52B97AB5}"}}, {"type": "Feature", "id": 3324672, "geometry": {"type": "Polygon", "coordinates": [[[-120.36614, 47.19014], [-120.36612, 47.20474], [-120.37669, 47.20428], [-120.38668, 47.2043], [-120.38698, 47.19705], [-120.38694, 47.18981], [-120.36614, 47.19014]]]}, "properties": {"OBJECTID": 3324672, "PARCEL_SYST_ID": 5232, "PARCEL_TYPE_CD": 1, "PARCEL_LABEL_NM": null, "PARCEL_NM": null, "REVERSION_RIGHTS_FLG": "N", "OWN_RIGHT_DISPUTE_FLG": "N", "SURFACE_RIGHTS_FLG": "Y", "MINERAL_RIGHTS_FLG": "Y", "TIMBER_RIGHTS_FLG": "Y", "SURFACE_TRUST_CD": 3, "SURFACE_TRUST_NM": "Common School and Indemnity", "MINERAL_TRUST_CD": 3, "MINERAL_TRUST_NM": "Common School and Indemnity", "TIMBER_TRUST_CD": 3, "TIMBER_TRUST_NM": "Common School and Indemnity", "OWNER_AGENT_SYST_ID": 58706, "STEWARD_AGENT_SYST_ID": 63986, "MANAGER_AGENT_SYST_ID": 63986, "TIMBER_OWNER_NM": null, "TIMBER_EXP_DT": null, "ORIGINAL_PATENT_DT": null, "COUNTY_JURISDICT_DESG_CD": 19, "COUNTY_NM": "Kittitas", "COUNTY_PARCEL_NO": null, "REGION_JURISDICT_DESG_CD": 100, "REGION_NM": "Southeast Region", "HCP_JURISDICT_DESG_CD": null, "HCP_DESG_CD": 1, "HCP_DESG_DT": 854611200000, "HCP_WITHDRAWAL_DT": null, "PARCEL_DESC_TXT": null, "EDIT_DATE": 1309330800000, "EDIT_STATUS": 1, "EDIT_WHO": "jdug490", "EASEMENT_TYPE_CD": null, "EASEMENT_TYPE_NM": null, "PARCEL_ACQUIRE_AUTH_NO": "CLEAR LIST 10 INDEMNITY", "PARCEL_DISPOSAL_AUTH_NO": null, "SHAPE.AREA": 27152529.03035, "SHAPE.LEN": 20896.193661093697, "GLOBALID": "{5366FCA9-5F02-44C9-A24D-635A6733C1C7}"}}, {"type": "Feature", "id": 3324815, "geometry": {"type": "Polygon", "coordinates": [[[-120.5389, 47.10283], [-120.53883, 47.11752], [-120.54445, 47.11747], [-120.54425, 47.1028], [-120.5389, 47.10283]]]}, "properties": {"OBJECTID": 3324815, "PARCEL_SYST_ID": 5142, "PARCEL_TYPE_CD": 1, "PARCEL_LABEL_NM": null, "PARCEL_NM": null, "REVERSION_RIGHTS_FLG": "N", "OWN_RIGHT_DISPUTE_FLG": "N", "SURFACE_RIGHTS_FLG": "Y", "MINERAL_RIGHTS_FLG": "Y", "TIMBER_RIGHTS_FLG": "Y", "SURFACE_TRUST_CD": 3, "SURFACE_TRUST_NM": "Common School and Indemnity", "MINERAL_TRUST_CD": 3, "MINERAL_TRUST_NM": "Common School and Indemnity", "TIMBER_TRUST_CD": 3, "TIMBER_TRUST_NM": "Common School and Indemnity", "OWNER_AGENT_SYST_ID": 58706, "STEWARD_AGENT_SYST_ID": 63986, "MANAGER_AGENT_SYST_ID": 63986, "TIMBER_OWNER_NM": null, "TIMBER_EXP_DT": null, "ORIGINAL_PATENT_DT": null, "COUNTY_JURISDICT_DESG_CD": 19, "COUNTY_NM": "Kittitas", "COUNTY_PARCEL_NO": null, "REGION_JURISDICT_DESG_CD": 100, "REGION_NM": "Southeast Region", "HCP_JURISDICT_DESG_CD": null, "HCP_DESG_CD": 1, "HCP_DESG_DT": 854611200000, "HCP_WITHDRAWAL_DT": null, "PARCEL_DESC_TXT": null, "EDIT_DATE": 1309330800000, "EDIT_STATUS": 1, "EDIT_WHO": "jdug490", "EASEMENT_TYPE_CD": null, "EASEMENT_TYPE_NM": null, "PARCEL_ACQUIRE_AUTH_NO": null, "PARCEL_DISPOSAL_AUTH_NO": null, "SHAPE.AREA": 7315902.5514, "SHAPE.LEN": 13442.1225708262, "GLOBALID": "{B210C9D7-B6CB-44F1-80E6-D7E76981EBD1}"}}, {"type": "Feature", "id": 3324853, "geometry": {"type": "Polygon", "coordinates": [[[-120.97797, 47.30389], [-120.95641, 47.30356], [-120.95634, 47.31785], [-120.97763, 47.31773], [-120.97797, 47.30389]]]}, "properties": {"OBJECTID": 3324853, "PARCEL_SYST_ID": 5025, "PARCEL_TYPE_CD": 1, "PARCEL_LABEL_NM": null, "PARCEL_NM": null, "REVERSION_RIGHTS_FLG": "N", "OWN_RIGHT_DISPUTE_FLG": "N", "SURFACE_RIGHTS_FLG": "Y", "MINERAL_RIGHTS_FLG": "Y", "TIMBER_RIGHTS_FLG": "Y", "SURFACE_TRUST_CD": 3, "SURFACE_TRUST_NM": "Common School and Indemnity", "MINERAL_TRUST_CD": 3, "MINERAL_TRUST_NM": "Common School and Indemnity", "TIMBER_TRUST_CD": 3, "TIMBER_TRUST_NM": "Common School and Indemnity", "OWNER_AGENT_SYST_ID": 58706, "STEWARD_AGENT_SYST_ID": 63986, "MANAGER_AGENT_SYST_ID": 63986, "TIMBER_OWNER_NM": null, "TIMBER_EXP_DT": null, "ORIGINAL_PATENT_DT": null, "COUNTY_JURISDICT_DESG_CD": 19, "COUNTY_NM": "Kittitas", "COUNTY_PARCEL_NO": null, "REGION_JURISDICT_DESG_CD": 100, "REGION_NM": "Southeast Region", "HCP_JURISDICT_DESG_CD": null, "HCP_DESG_CD": 1, "HCP_DESG_DT": 854611200000, "HCP_WITHDRAWAL_DT": null, "PARCEL_DESC_TXT": null, "EDIT_DATE": 1309330800000, "EDIT_STATUS": 1, "EDIT_WHO": "jdug490", "EASEMENT_TYPE_CD": null, "EASEMENT_TYPE_NM": null, "PARCEL_ACQUIRE_AUTH_NO": "US PATENT NO 46-87-0002", "PARCEL_DISPOSAL_AUTH_NO": null, "SHAPE.AREA": 27279178.648105, "SHAPE.LEN": 20896.676790859103, "GLOBALID": "{79F12C8E-B44C-4DB5-A1AB-8624FCEC9A7C}"}}, {"type": "Feature", "id": 3324863, "geometry": {"type": "Polygon", "coordinates": [[[-120.83545, 47.33574], [-120.84626, 47.33572], [-120.84627, 47.34309], [-120.85142, 47.34316], [-120.85131, 47.3393], [-120.85129, 47.33207], [-120.84066, 47.33206], [-120.83529, 47.33205], [-120.83545, 47.33574]]]}, "properties": {"OBJECTID": 3324863, "PARCEL_SYST_ID": 5063, "PARCEL_TYPE_CD": 1, "PARCEL_LABEL_NM": "Teanaway Com Forest", "PARCEL_NM": null, "REVERSION_RIGHTS_FLG": "N", "OWN_RIGHT_DISPUTE_FLG": "N", "SURFACE_RIGHTS_FLG": "Y", "MINERAL_RIGHTS_FLG": "Y", "TIMBER_RIGHTS_FLG": "Y", "SURFACE_TRUST_CD": 48, "SURFACE_TRUST_NM": "Community Forest Trust", "MINERAL_TRUST_CD": 3, "MINERAL_TRUST_NM": "Common School and Indemnity", "TIMBER_TRUST_CD": 48, "TIMBER_TRUST_NM": "Community Forest Trust", "OWNER_AGENT_SYST_ID": 58706, "STEWARD_AGENT_SYST_ID": 63986, "MANAGER_AGENT_SYST_ID": 63986, "TIMBER_OWNER_NM": null, "TIMBER_EXP_DT": null, "ORIGINAL_PATENT_DT": null, "COUNTY_JURISDICT_DESG_CD": 19, "COUNTY_NM": "Kittitas", "COUNTY_PARCEL_NO": null, "REGION_JURISDICT_DESG_CD": 100, "REGION_NM": "Southeast Region", "HCP_JURISDICT_DESG_CD": null, "HCP_DESG_CD": 2, "HCP_DESG_DT": null, "HCP_WITHDRAWAL_DT": 854611200000, "PARCEL_DESC_TXT": null, "EDIT_DATE": 1395847238000, "EDIT_STATUS": 1, "EDIT_WHO": "JDUG490", "EASEMENT_TYPE_CD": null, "EASEMENT_TYPE_NM": null, "PARCEL_ACQUIRE_AUTH_NO": "08-090298", "PARCEL_DISPOSAL_AUTH_NO": null, "SHAPE.AREA": 8673589.199015, "SHAPE.LEN": 16006.7438407029, "GLOBALID": "{A6DD987E-C368-4D3F-9167-FF4C88E7FC2A}"}}, {"type": "Feature", "id": 3324865, "geometry": {"type": "Polygon", "coordinates": [[[-120.80895, 47.32842], [-120.81426, 47.32845], [-120.81435, 47.32487], [-120.80897, 47.32488], [-120.80895, 47.32842]]]}, "properties": {"OBJECTID": 3324865, "PARCEL_SYST_ID": 5064, "PARCEL_TYPE_CD": 1, "PARCEL_LABEL_NM": "Teanaway Com Forest", "PARCEL_NM": null, "REVERSION_RIGHTS_FLG": "N", "OWN_RIGHT_DISPUTE_FLG": "N", "SURFACE_RIGHTS_FLG": "Y", "MINERAL_RIGHTS_FLG": "Y", "TIMBER_RIGHTS_FLG": "Y", "SURFACE_TRUST_CD": 48, "SURFACE_TRUST_NM": "Community Forest Trust", "MINERAL_TRUST_CD": 3, "MINERAL_TRUST_NM": "Common School and Indemnity", "TIMBER_TRUST_CD": 48, "TIMBER_TRUST_NM": "Community Forest Trust", "OWNER_AGENT_SYST_ID": 58706, "STEWARD_AGENT_SYST_ID": 63986, "MANAGER_AGENT_SYST_ID": 63986, "TIMBER_OWNER_NM": null, "TIMBER_EXP_DT": null, "ORIGINAL_PATENT_DT": null, "COUNTY_JURISDICT_DESG_CD": 19, "COUNTY_NM": "Kittitas", "COUNTY_PARCEL_NO": null, "REGION_JURISDICT_DESG_CD": 100, "REGION_NM": "Southeast Region", "HCP_JURISDICT_DESG_CD": null, "HCP_DESG_CD": 2, "HCP_DESG_DT": null, "HCP_WITHDRAWAL_DT": 854611200000, "PARCEL_DESC_TXT": "CLEAR LIST 10 INDEMNITY 5/12/1905", "EDIT_DATE": 1395847238000, "EDIT_STATUS": 1, "EDIT_WHO": "JDUG490", "EASEMENT_TYPE_CD": null, "EASEMENT_TYPE_NM": null, "PARCEL_ACQUIRE_AUTH_NO": "08-090298", "PARCEL_DISPOSAL_AUTH_NO": null, "SHAPE.AREA": 1722611.753185, "SHAPE.LEN": 5250.41687088436, "GLOBALID": "{1D38A649-8687-4DAE-B975-2B9D84518D2E}"}}, {"type": "Feature", "id": 3324867, "geometry": {"type": "Polygon", "coordinates": [[[-120.96184, 47.289], [-120.97265, 47.28913], [-120.97245, 47.28181], [-120.96188, 47.2818], [-120.96184, 47.289]]]}, "properties": {"OBJECTID": 3324867, "PARCEL_SYST_ID": 5028, "PARCEL_TYPE_CD": 1, "PARCEL_LABEL_NM": "Teanaway Com Forest", "PARCEL_NM": null, "REVERSION_RIGHTS_FLG": "N", "OWN_RIGHT_DISPUTE_FLG": "N", "SURFACE_RIGHTS_FLG": "Y", "MINERAL_RIGHTS_FLG": "Y", "TIMBER_RIGHTS_FLG": "Y", "SURFACE_TRUST_CD": 48, "SURFACE_TRUST_NM": "Community Forest Trust", "MINERAL_TRUST_CD": 3, "MINERAL_TRUST_NM": "Common School and Indemnity", "TIMBER_TRUST_CD": 48, "TIMBER_TRUST_NM": "Community Forest Trust", "OWNER_AGENT_SYST_ID": 58706, "STEWARD_AGENT_SYST_ID": 63986, "MANAGER_AGENT_SYST_ID": 63986, "TIMBER_OWNER_NM": null, "TIMBER_EXP_DT": null, "ORIGINAL_PATENT_DT": null, "COUNTY_JURISDICT_DESG_CD": 19, "COUNTY_NM": "Kittitas", "COUNTY_PARCEL_NO": null, "REGION_JURISDICT_DESG_CD": 100, "REGION_NM": "Southeast Region", "HCP_JURISDICT_DESG_CD": null, "HCP_DESG_CD": 2, "HCP_DESG_DT": null, "HCP_WITHDRAWAL_DT": 854611200000, "PARCEL_DESC_TXT": "CLEAR LIST 10 INDEMNITY 5/12/1905", "EDIT_DATE": 1395847238000, "EDIT_STATUS": 1, "EDIT_WHO": "JDUG490", "EASEMENT_TYPE_CD": null, "EASEMENT_TYPE_NM": null, "PARCEL_ACQUIRE_AUTH_NO": "08-090298", "PARCEL_DISPOSAL_AUTH_NO": null, "SHAPE.AREA": 7019418.36985, "SHAPE.LEN": 10598.8382175265, "GLOBALID": "{DD526B82-9BA7-4AF5-9775-1C5B1D77F264}"}}, {"type": "Feature", "id": 3324934, "geometry": {"type": "Polygon", "coordinates": [[[-120.92053, 47.25418], [-120.93155, 47.25427], [-120.93113, 47.24749], [-120.92073, 47.24723], [-120.92053, 47.25418]]]}, "properties": {"OBJECTID": 3324934, "PARCEL_SYST_ID": 116157, "PARCEL_TYPE_CD": 1, "PARCEL_LABEL_NM": "Teanaway Com Forest", "PARCEL_NM": null, "REVERSION_RIGHTS_FLG": "N", "OWN_RIGHT_DISPUTE_FLG": "N", "SURFACE_RIGHTS_FLG": "Y", "MINERAL_RIGHTS_FLG": "N", "TIMBER_RIGHTS_FLG": "Y", "SURFACE_TRUST_CD": 48, "SURFACE_TRUST_NM": "Community Forest Trust", "MINERAL_TRUST_CD": 0, "MINERAL_TRUST_NM": "Trust Status Not Applicable Or Unknown", "TIMBER_TRUST_CD": 48, "TIMBER_TRUST_NM": "Community Forest Trust", "OWNER_AGENT_SYST_ID": 58706, "STEWARD_AGENT_SYST_ID": 63986, "MANAGER_AGENT_SYST_ID": 63986, "TIMBER_OWNER_NM": null, "TIMBER_EXP_DT": null, "ORIGINAL_PATENT_DT": null, "COUNTY_JURISDICT_DESG_CD": 19, "COUNTY_NM": "Kittitas", "COUNTY_PARCEL_NO": null, "REGION_JURISDICT_DESG_CD": 100, "REGION_NM": "Southeast Region", "HCP_JURISDICT_DESG_CD": null, "HCP_DESG_CD": 2, "HCP_DESG_DT": null, "HCP_WITHDRAWAL_DT": null, "PARCEL_DESC_TXT": null, "EDIT_DATE": 1395847238000, "EDIT_STATUS": 0, "EDIT_WHO": "JDUG490", "EASEMENT_TYPE_CD": null, "EASEMENT_TYPE_NM": null, "PARCEL_ACQUIRE_AUTH_NO": "08-090298", "PARCEL_DISPOSAL_AUTH_NO": null, "SHAPE.AREA": 6656390.1896, "SHAPE.LEN": 10330.4720897784, "GLOBALID": "{F0C3FD61-17BD-413A-9268-C41A76FB0D97}"}}, {"type": "Feature", "id": 3324935, "geometry": {"type": "Polygon", "coordinates": [[[-120.96347, 47.25437], [-120.97405, 47.25442], [-120.98461, 47.2543], [-120.98469, 47.24749], [-120.97407, 47.24733], [-120.96345, 47.24716], [-120.96347, 47.25437]]]}, "properties": {"OBJECTID": 3324935, "PARCEL_SYST_ID": 116160, "PARCEL_TYPE_CD": 1, "PARCEL_LABEL_NM": "Teanaway Com Forest", "PARCEL_NM": null, "REVERSION_RIGHTS_FLG": "N", "OWN_RIGHT_DISPUTE_FLG": "N", "SURFACE_RIGHTS_FLG": "Y", "MINERAL_RIGHTS_FLG": "N", "TIMBER_RIGHTS_FLG": "Y", "SURFACE_TRUST_CD": 48, "SURFACE_TRUST_NM": "Community Forest Trust", "MINERAL_TRUST_CD": 0, "MINERAL_TRUST_NM": "Trust Status Not Applicable Or Unknown", "TIMBER_TRUST_CD": 48, "TIMBER_TRUST_NM": "Community Forest Trust", "OWNER_AGENT_SYST_ID": 58706, "STEWARD_AGENT_SYST_ID": 63986, "MANAGER_AGENT_SYST_ID": 63986, "TIMBER_OWNER_NM": null, "TIMBER_EXP_DT": null, "ORIGINAL_PATENT_DT": null, "COUNTY_JURISDICT_DESG_CD": 19, "COUNTY_NM": "Kittitas", "COUNTY_PARCEL_NO": null, "REGION_JURISDICT_DESG_CD": 100, "REGION_NM": "Southeast Region", "HCP_JURISDICT_DESG_CD": null, "HCP_DESG_CD": 2, "HCP_DESG_DT": null, "HCP_WITHDRAWAL_DT": null, "PARCEL_DESC_TXT": null, "EDIT_DATE": 1395847238000, "EDIT_STATUS": 0, "EDIT_WHO": "JDUG490", "EASEMENT_TYPE_CD": null, "EASEMENT_TYPE_NM": null, "PARCEL_ACQUIRE_AUTH_NO": "08-090298", "PARCEL_DISPOSAL_AUTH_NO": null, "SHAPE.AREA": 13535622.4707485, "SHAPE.LEN": 15643.771669838801, "GLOBALID": "{7E8F0062-8C87-472E-9B9F-A8E44A008F3B}"}}, {"type": "Feature", "id": 3324936, "geometry": {"type": "Polygon", "coordinates": [[[-120.9423, 47.23296], [-120.94225, 47.24001], [-120.94223, 47.24325], [-120.95276, 47.24339], [-120.95269, 47.23982], [-120.94747, 47.23979], [-120.94743, 47.23275], [-120.9423, 47.23276], [-120.9423, 47.23296]]]}, "properties": {"OBJECTID": 3324936, "PARCEL_SYST_ID": 116162, "PARCEL_TYPE_CD": 1, "PARCEL_LABEL_NM": "Teanaway Com Forest", "PARCEL_NM": null, "REVERSION_RIGHTS_FLG": "N", "OWN_RIGHT_DISPUTE_FLG": "N", "SURFACE_RIGHTS_FLG": "Y", "MINERAL_RIGHTS_FLG": "N", "TIMBER_RIGHTS_FLG": "Y", "SURFACE_TRUST_CD": 48, "SURFACE_TRUST_NM": "Community Forest Trust", "MINERAL_TRUST_CD": 0, "MINERAL_TRUST_NM": "Trust Status Not Applicable Or Unknown", "TIMBER_TRUST_CD": 48, "TIMBER_TRUST_NM": "Community Forest Trust", "OWNER_AGENT_SYST_ID": 58706, "STEWARD_AGENT_SYST_ID": 63986, "MANAGER_AGENT_SYST_ID": 63986, "TIMBER_OWNER_NM": null, "TIMBER_EXP_DT": null, "ORIGINAL_PATENT_DT": null, "COUNTY_JURISDICT_DESG_CD": 19, "COUNTY_NM": "Kittitas", "COUNTY_PARCEL_NO": null, "REGION_JURISDICT_DESG_CD": 100, "REGION_NM": "Southeast Region", "HCP_JURISDICT_DESG_CD": null, "HCP_DESG_CD": 2, "HCP_DESG_DT": null, "HCP_WITHDRAWAL_DT": null, "PARCEL_DESC_TXT": null, "EDIT_DATE": 1395847238000, "EDIT_STATUS": 0, "EDIT_WHO": "JDUG490", "EASEMENT_TYPE_CD": null, "EASEMENT_TYPE_NM": null, "PARCEL_ACQUIRE_AUTH_NO": "08-090298", "PARCEL_DISPOSAL_AUTH_NO": null, "SHAPE.AREA": 6640652.3537655, "SHAPE.LEN": 12881.1716264032, "GLOBALID": "{42071843-3A47-427E-A287-20650003CAE5}"}}, {"type": "Feature", "id": 3324937, "geometry": {"type": "Polygon", "coordinates": [[[-120.92074, 47.23998], [-120.92073, 47.24723], [-120.93113, 47.24749], [-120.9422, 47.24718], [-120.9422, 47.24675], [-120.94223, 47.24325], [-120.94225, 47.24001], [-120.9423, 47.23296], [-120.93668, 47.23291], [-120.9314, 47.23286], [-120.92085, 47.23275], [-120.92074, 47.23998]]]}, "properties": {"OBJECTID": 3324937, "PARCEL_SYST_ID": 116163, "PARCEL_TYPE_CD": 1, "PARCEL_LABEL_NM": "Teanaway Com Forest", "PARCEL_NM": null, "REVERSION_RIGHTS_FLG": "N", "OWN_RIGHT_DISPUTE_FLG": "N", "SURFACE_RIGHTS_FLG": "Y", "MINERAL_RIGHTS_FLG": "N", "TIMBER_RIGHTS_FLG": "Y", "SURFACE_TRUST_CD": 48, "SURFACE_TRUST_NM": "Community Forest Trust", "MINERAL_TRUST_CD": 0, "MINERAL_TRUST_NM": "Trust Status Not Applicable Or Unknown", "TIMBER_TRUST_CD": 48, "TIMBER_TRUST_NM": "Community Forest Trust", "OWNER_AGENT_SYST_ID": 58706, "STEWARD_AGENT_SYST_ID": 63986, "MANAGER_AGENT_SYST_ID": 63986, "TIMBER_OWNER_NM": null, "TIMBER_EXP_DT": null, "ORIGINAL_PATENT_DT": null, "COUNTY_JURISDICT_DESG_CD": 19, "COUNTY_NM": "Kittitas", "COUNTY_PARCEL_NO": null, "REGION_JURISDICT_DESG_CD": 100, "REGION_NM": "Southeast Region", "HCP_JURISDICT_DESG_CD": null, "HCP_DESG_CD": 2, "HCP_DESG_DT": null, "HCP_WITHDRAWAL_DT": null, "PARCEL_DESC_TXT": null, "EDIT_DATE": 1395847238000, "EDIT_STATUS": 0, "EDIT_WHO": "JDUG490", "EASEMENT_TYPE_CD": null, "EASEMENT_TYPE_NM": null, "PARCEL_ACQUIRE_AUTH_NO": "08-090298", "PARCEL_DISPOSAL_AUTH_NO": null, "SHAPE.AREA": 28208792.5151285, "SHAPE.LEN": 21135.495284799603, "GLOBALID": "{ABDE0AD4-DB78-445A-BEE5-030D8C3F823B}"}}, {"type": "Feature", "id": 3324938, "geometry": {"type": "Polygon", "coordinates": [[[-120.77321, 47.25372], [-120.78379, 47.2536], [-120.78404, 47.25946], [-120.78716, 47.25933], [-120.79494, 47.259], [-120.79442, 47.25347], [-120.79379, 47.24675], [-120.7835, 47.24671], [-120.7732, 47.24666], [-120.77328, 47.24759], [-120.77321, 47.25372]]]}, "properties": {"OBJECTID": 3324938, "PARCEL_SYST_ID": 116167, "PARCEL_TYPE_CD": 1, "PARCEL_LABEL_NM": "Teanaway Com Forest", "PARCEL_NM": null, "REVERSION_RIGHTS_FLG": "N", "OWN_RIGHT_DISPUTE_FLG": "N", "SURFACE_RIGHTS_FLG": "Y", "MINERAL_RIGHTS_FLG": "Y", "TIMBER_RIGHTS_FLG": "Y", "SURFACE_TRUST_CD": 48, "SURFACE_TRUST_NM": "Community Forest Trust", "MINERAL_TRUST_CD": 48, "MINERAL_TRUST_NM": "Community Forest Trust", "TIMBER_TRUST_CD": 48, "TIMBER_TRUST_NM": "Community Forest Trust", "OWNER_AGENT_SYST_ID": 58706, "STEWARD_AGENT_SYST_ID": 63986, "MANAGER_AGENT_SYST_ID": 63986, "TIMBER_OWNER_NM": null, "TIMBER_EXP_DT": null, "ORIGINAL_PATENT_DT": null, "COUNTY_JURISDICT_DESG_CD": 19, "COUNTY_NM": "Kittitas", "COUNTY_PARCEL_NO": null, "REGION_JURISDICT_DESG_CD": 100, "REGION_NM": "Southeast Region", "HCP_JURISDICT_DESG_CD": null, "HCP_DESG_CD": 2, "HCP_DESG_DT": null, "HCP_WITHDRAWAL_DT": null, "PARCEL_DESC_TXT": null, "EDIT_DATE": 1395847238000, "EDIT_STATUS": 0, "EDIT_WHO": "JDUG490", "EASEMENT_TYPE_CD": null, "EASEMENT_TYPE_NM": null, "PARCEL_ACQUIRE_AUTH_NO": "08-090298", "PARCEL_DISPOSAL_AUTH_NO": null, "SHAPE.AREA": 18579612.1936485, "SHAPE.LEN": 19641.9308762362, "GLOBALID": "{73349406-7496-4804-8A5A-94A0EB1FF4B5}"}}, {"type": "Feature", "id": 3324939, "geometry": {"type": "Polygon", "coordinates": [[[-120.79494, 47.259], [-120.80876, 47.26011], [-120.81492, 47.26056], [-120.81507, 47.25414], [-120.80445, 47.2538], [-120.79442, 47.25347], [-120.79494, 47.259]]]}, "properties": {"OBJECTID": 3324939, "PARCEL_SYST_ID": 116168, "PARCEL_TYPE_CD": 1, "PARCEL_LABEL_NM": "Teanaway Com Forest", "PARCEL_NM": null, "REVERSION_RIGHTS_FLG": "N", "OWN_RIGHT_DISPUTE_FLG": "N", "SURFACE_RIGHTS_FLG": "Y", "MINERAL_RIGHTS_FLG": "Y", "TIMBER_RIGHTS_FLG": "Y", "SURFACE_TRUST_CD": 48, "SURFACE_TRUST_NM": "Community Forest Trust", "MINERAL_TRUST_CD": 48, "MINERAL_TRUST_NM": "Community Forest Trust", "TIMBER_TRUST_CD": 48, "TIMBER_TRUST_NM": "Community Forest Trust", "OWNER_AGENT_SYST_ID": 58706, "STEWARD_AGENT_SYST_ID": 63986, "MANAGER_AGENT_SYST_ID": 63986, "TIMBER_OWNER_NM": null, "TIMBER_EXP_DT": null, "ORIGINAL_PATENT_DT": null, "COUNTY_JURISDICT_DESG_CD": 19, "COUNTY_NM": "Kittitas", "COUNTY_PARCEL_NO": null, "REGION_JURISDICT_DESG_CD": 100, "REGION_NM": "Southeast Region", "HCP_JURISDICT_DESG_CD": null, "HCP_DESG_CD": 2, "HCP_DESG_DT": null, "HCP_WITHDRAWAL_DT": null, "PARCEL_DESC_TXT": null, "EDIT_DATE": 1395847238000, "EDIT_STATUS": 0, "EDIT_WHO": "JDUG490", "EASEMENT_TYPE_CD": null, "EASEMENT_TYPE_NM": null, "PARCEL_ACQUIRE_AUTH_NO": "08-090298", "PARCEL_DISPOSAL_AUTH_NO": null, "SHAPE.AREA": 10997072.950923, "SHAPE.LEN": 14489.0259878083, "GLOBALID": "{1C5B92F9-0FF1-47F5-A828-782A3B301599}"}}, {"type": "Feature", "id": 3324940, "geometry": {"type": "Polygon", "coordinates": [[[-120.81495, 47.24675], [-120.81507, 47.25414], [-120.81492, 47.26056], [-120.83008, 47.25995], [-120.83536, 47.25969], [-120.83552, 47.25381], [-120.83586, 47.24667], [-120.82541, 47.24658], [-120.81495, 47.24648], [-120.81495, 47.24675]]]}, "properties": {"OBJECTID": 3324940, "PARCEL_SYST_ID": 116169, "PARCEL_TYPE_CD": 1, "PARCEL_LABEL_NM": "Teanaway Com Forest", "PARCEL_NM": null, "REVERSION_RIGHTS_FLG": "N", "OWN_RIGHT_DISPUTE_FLG": "N", "SURFACE_RIGHTS_FLG": "Y", "MINERAL_RIGHTS_FLG": "N", "TIMBER_RIGHTS_FLG": "Y", "SURFACE_TRUST_CD": 48, "SURFACE_TRUST_NM": "Community Forest Trust", "MINERAL_TRUST_CD": 0, "MINERAL_TRUST_NM": "Trust Status Not Applicable Or Unknown", "TIMBER_TRUST_CD": 48, "TIMBER_TRUST_NM": "Community Forest Trust", "OWNER_AGENT_SYST_ID": 58706, "STEWARD_AGENT_SYST_ID": 63986, "MANAGER_AGENT_SYST_ID": 63986, "TIMBER_OWNER_NM": null, "TIMBER_EXP_DT": null, "ORIGINAL_PATENT_DT": null, "COUNTY_JURISDICT_DESG_CD": 19, "COUNTY_NM": "Kittitas", "COUNTY_PARCEL_NO": null, "REGION_JURISDICT_DESG_CD": 100, "REGION_NM": "Southeast Region", "HCP_JURISDICT_DESG_CD": null, "HCP_DESG_CD": 2, "HCP_DESG_DT": null, "HCP_WITHDRAWAL_DT": null, "PARCEL_DESC_TXT": null, "EDIT_DATE": 1395847238000, "EDIT_STATUS": 0, "EDIT_WHO": "JDUG490", "EASEMENT_TYPE_CD": null, "EASEMENT_TYPE_NM": null, "PARCEL_ACQUIRE_AUTH_NO": "08-090298", "PARCEL_DISPOSAL_AUTH_NO": null, "SHAPE.AREA": 25267073.7049675, "SHAPE.LEN": 20164.8723490685, "GLOBALID": "{000723FA-5318-406B-8A3B-5D52022E86B3}"}}, {"type": "Feature", "id": 3324941, "geometry": {"type": "Polygon", "coordinates": [[[-120.87814, 47.2464], [-120.89933, 47.24708], [-120.89934, 47.23992], [-120.89963, 47.23273], [-120.87834, 47.23121], [-120.87814, 47.2464]]]}, "properties": {"OBJECTID": 3324941, "PARCEL_SYST_ID": 116172, "PARCEL_TYPE_CD": 1, "PARCEL_LABEL_NM": "Teanaway Com Forest", "PARCEL_NM": null, "REVERSION_RIGHTS_FLG": "N", "OWN_RIGHT_DISPUTE_FLG": "N", "SURFACE_RIGHTS_FLG": "Y", "MINERAL_RIGHTS_FLG": "N", "TIMBER_RIGHTS_FLG": "Y", "SURFACE_TRUST_CD": 48, "SURFACE_TRUST_NM": "Community Forest Trust", "MINERAL_TRUST_CD": 0, "MINERAL_TRUST_NM": "Trust Status Not Applicable Or Unknown", "TIMBER_TRUST_CD": 48, "TIMBER_TRUST_NM": "Community Forest Trust", "OWNER_AGENT_SYST_ID": 58706, "STEWARD_AGENT_SYST_ID": 63986, "MANAGER_AGENT_SYST_ID": 63986, "TIMBER_OWNER_NM": null, "TIMBER_EXP_DT": null, "ORIGINAL_PATENT_DT": null, "COUNTY_JURISDICT_DESG_CD": 19, "COUNTY_NM": "Kittitas", "COUNTY_PARCEL_NO": null, "REGION_JURISDICT_DESG_CD": 100, "REGION_NM": "Southeast Region", "HCP_JURISDICT_DESG_CD": null, "HCP_DESG_CD": 2, "HCP_DESG_DT": null, "HCP_WITHDRAWAL_DT": null, "PARCEL_DESC_TXT": null, "EDIT_DATE": 1395847238000, "EDIT_STATUS": 0, "EDIT_WHO": "JDUG490", "EASEMENT_TYPE_CD": null, "EASEMENT_TYPE_NM": null, "PARCEL_ACQUIRE_AUTH_NO": "08-090298", "PARCEL_DISPOSAL_AUTH_NO": null, "SHAPE.AREA": 28339474.720315, "SHAPE.LEN": 21355.4486949414, "GLOBALID": "{DEFFF19E-F1E8-4C31-A7EF-98DE7490711B}"}}, {"type": "Feature", "id": 3324942, "geometry": {"type": "Polygon", "coordinates": [[[-120.85736, 47.23953], [-120.86789, 47.23916], [-120.8677, 47.24654], [-120.87814, 47.2464], [-120.87834, 47.23121], [-120.86808, 47.2319], [-120.85746, 47.23237], [-120.85736, 47.23953]]]}, "properties": {"OBJECTID": 3324942, "PARCEL_SYST_ID": 116173, "PARCEL_TYPE_CD": 1, "PARCEL_LABEL_NM": "Teanaway Com Forest", "PARCEL_NM": null, "REVERSION_RIGHTS_FLG": "N", "OWN_RIGHT_DISPUTE_FLG": "N", "SURFACE_RIGHTS_FLG": "Y", "MINERAL_RIGHTS_FLG": "Y", "TIMBER_RIGHTS_FLG": "Y", "SURFACE_TRUST_CD": 48, "SURFACE_TRUST_NM": "Community Forest Trust", "MINERAL_TRUST_CD": 48, "MINERAL_TRUST_NM": "Community Forest Trust", "TIMBER_TRUST_CD": 48, "TIMBER_TRUST_NM": "Community Forest Trust", "OWNER_AGENT_SYST_ID": 58706, "STEWARD_AGENT_SYST_ID": 63986, "MANAGER_AGENT_SYST_ID": 63986, "TIMBER_OWNER_NM": null, "TIMBER_EXP_DT": null, "ORIGINAL_PATENT_DT": null, "COUNTY_JURISDICT_DESG_CD": 19, "COUNTY_NM": "Kittitas", "COUNTY_PARCEL_NO": null, "REGION_JURISDICT_DESG_CD": 100, "REGION_NM": "Southeast Region", "HCP_JURISDICT_DESG_CD": null, "HCP_DESG_CD": 2, "HCP_DESG_DT": null, "HCP_WITHDRAWAL_DT": null, "PARCEL_DESC_TXT": null, "EDIT_DATE": 1395847238000, "EDIT_STATUS": 0, "EDIT_WHO": "JDUG490", "EASEMENT_TYPE_CD": null, "EASEMENT_TYPE_NM": null, "PARCEL_ACQUIRE_AUTH_NO": "08-090298", "PARCEL_DISPOSAL_AUTH_NO": null, "SHAPE.AREA": 20882962.763127, "SHAPE.LEN": 21259.5964435915, "GLOBALID": "{104C6D14-A224-411C-A9FA-07E546F99F95}"}}, {"type": "Feature", "id": 3324987, "geometry": {"type": "Polygon", "coordinates": [[[-120.31933, 47.14839], [-120.32482, 47.14844], [-120.325, 47.1409], [-120.32484, 47.1335], [-120.31924, 47.13354], [-120.3032, 47.13365], [-120.30317, 47.14097], [-120.30299, 47.14471], [-120.30286, 47.14826], [-120.31378, 47.14835], [-120.31933, 47.14839]]]}, "properties": {"OBJECTID": 3324987, "PARCEL_SYST_ID": 112635, "PARCEL_TYPE_CD": 1, "PARCEL_LABEL_NM": null, "PARCEL_NM": null, "REVERSION_RIGHTS_FLG": "N", "OWN_RIGHT_DISPUTE_FLG": "N", "SURFACE_RIGHTS_FLG": "Y", "MINERAL_RIGHTS_FLG": "N", "TIMBER_RIGHTS_FLG": "Y", "SURFACE_TRUST_CD": 9, "SURFACE_TRUST_NM": "Escheat", "MINERAL_TRUST_CD": 0, "MINERAL_TRUST_NM": "Trust Status Not Applicable Or Unknown", "TIMBER_TRUST_CD": 9, "TIMBER_TRUST_NM": "Escheat", "OWNER_AGENT_SYST_ID": 58706, "STEWARD_AGENT_SYST_ID": 63986, "MANAGER_AGENT_SYST_ID": 63986, "TIMBER_OWNER_NM": null, "TIMBER_EXP_DT": null, "ORIGINAL_PATENT_DT": null, "COUNTY_JURISDICT_DESG_CD": 19, "COUNTY_NM": "Kittitas", "COUNTY_PARCEL_NO": null, "REGION_JURISDICT_DESG_CD": 100, "REGION_NM": "Southeast Region", "HCP_JURISDICT_DESG_CD": null, "HCP_DESG_CD": 1, "HCP_DESG_DT": 1203667200000, "HCP_WITHDRAWAL_DT": null, "PARCEL_DESC_TXT": "W-KT-31", "EDIT_DATE": 1426120143000, "EDIT_STATUS": 0, "EDIT_WHO": "JDUG490", "EASEMENT_TYPE_CD": null, "EASEMENT_TYPE_NM": null, "PARCEL_ACQUIRE_AUTH_NO": "86-079379", "PARCEL_DISPOSAL_AUTH_NO": null, "SHAPE.AREA": 29262032.02814, "SHAPE.LEN": 21629.7947049985, "GLOBALID": "{51D4E016-29EC-4011-ACE4-55BC2BC75735}"}}, {"type": "Feature", "id": 3325003, "geometry": {"type": "Polygon", "coordinates": [[[-120.64553, 47.20468], [-120.64552, 47.21851], [-120.66644, 47.21866], [-120.66801, 47.20311], [-120.64553, 47.20433], [-120.64553, 47.20468]]]}, "properties": {"OBJECTID": 3325003, "PARCEL_SYST_ID": 116177, "PARCEL_TYPE_CD": 1, "PARCEL_LABEL_NM": "Teanaway Com Forest", "PARCEL_NM": null, "REVERSION_RIGHTS_FLG": "N", "OWN_RIGHT_DISPUTE_FLG": "N", "SURFACE_RIGHTS_FLG": "Y", "MINERAL_RIGHTS_FLG": "Y", "TIMBER_RIGHTS_FLG": "Y", "SURFACE_TRUST_CD": 48, "SURFACE_TRUST_NM": "Community Forest Trust", "MINERAL_TRUST_CD": 48, "MINERAL_TRUST_NM": "Community Forest Trust", "TIMBER_TRUST_CD": 48, "TIMBER_TRUST_NM": "Community Forest Trust", "OWNER_AGENT_SYST_ID": 58706, "STEWARD_AGENT_SYST_ID": 63986, "MANAGER_AGENT_SYST_ID": 63986, "TIMBER_OWNER_NM": null, "TIMBER_EXP_DT": null, "ORIGINAL_PATENT_DT": null, "COUNTY_JURISDICT_DESG_CD": 19, "COUNTY_NM": "Kittitas", "COUNTY_PARCEL_NO": null, "REGION_JURISDICT_DESG_CD": 100, "REGION_NM": "Southeast Region", "HCP_JURISDICT_DESG_CD": null, "HCP_DESG_CD": 2, "HCP_DESG_DT": null, "HCP_WITHDRAWAL_DT": null, "PARCEL_DESC_TXT": null, "EDIT_DATE": 1395847238000, "EDIT_STATUS": 0, "EDIT_WHO": "JDUG490", "EASEMENT_TYPE_CD": null, "EASEMENT_TYPE_NM": null, "PARCEL_ACQUIRE_AUTH_NO": "08-090298", "PARCEL_DISPOSAL_AUTH_NO": null, "SHAPE.AREA": 29200818.803735, "SHAPE.LEN": 21660.9068344713, "GLOBALID": "{3CE84B38-25A1-4972-8B88-DB5FC60CB7DE}"}}, {"type": "Feature", "id": 3325004, "geometry": {"type": "Polygon", "coordinates": [[[-120.73551, 47.24763], [-120.74087, 47.24758], [-120.75161, 47.24759], [-120.7516, 47.24027], [-120.7409, 47.24037], [-120.74093, 47.23313], [-120.73561, 47.23314], [-120.73551, 47.24042], [-120.73551, 47.24763]]]}, "properties": {"OBJECTID": 3325004, "PARCEL_SYST_ID": 116182, "PARCEL_TYPE_CD": 1, "PARCEL_LABEL_NM": "Teanaway Com Forest", "PARCEL_NM": null, "REVERSION_RIGHTS_FLG": "N", "OWN_RIGHT_DISPUTE_FLG": "N", "SURFACE_RIGHTS_FLG": "Y", "MINERAL_RIGHTS_FLG": "Y", "TIMBER_RIGHTS_FLG": "Y", "SURFACE_TRUST_CD": 48, "SURFACE_TRUST_NM": "Community Forest Trust", "MINERAL_TRUST_CD": 48, "MINERAL_TRUST_NM": "Community Forest Trust", "TIMBER_TRUST_CD": 48, "TIMBER_TRUST_NM": "Community Forest Trust", "OWNER_AGENT_SYST_ID": 58706, "STEWARD_AGENT_SYST_ID": 63986, "MANAGER_AGENT_SYST_ID": 63986, "TIMBER_OWNER_NM": null, "TIMBER_EXP_DT": null, "ORIGINAL_PATENT_DT": null, "COUNTY_JURISDICT_DESG_CD": 19, "COUNTY_NM": "Kittitas", "COUNTY_PARCEL_NO": null, "REGION_JURISDICT_DESG_CD": 100, "REGION_NM": "Southeast Region", "HCP_JURISDICT_DESG_CD": null, "HCP_DESG_CD": 2, "HCP_DESG_DT": null, "HCP_WITHDRAWAL_DT": null, "PARCEL_DESC_TXT": null, "EDIT_DATE": 1395847238000, "EDIT_STATUS": 0, "EDIT_WHO": "JDUG490", "EASEMENT_TYPE_CD": null, "EASEMENT_TYPE_NM": null, "PARCEL_ACQUIRE_AUTH_NO": "08-090298", "PARCEL_DISPOSAL_AUTH_NO": null, "SHAPE.AREA": 14093346.2446095, "SHAPE.LEN": 18574.5100590506, "GLOBALID": "{8D00F6CC-A26C-4586-AD48-14C7A9EBA512}"}}, {"type": "Feature", "id": 3325006, "geometry": {"type": "Polygon", "coordinates": [[[-120.79358, 47.23959], [-120.79358, 47.23238], [-120.78344, 47.23224], [-120.77338, 47.23236], [-120.77329, 47.23951], [-120.78347, 47.23948], [-120.79358, 47.23959]]]}, "properties": {"OBJECTID": 3325006, "PARCEL_SYST_ID": 116187, "PARCEL_TYPE_CD": 1, "PARCEL_LABEL_NM": "Teanaway Com Forest", "PARCEL_NM": null, "REVERSION_RIGHTS_FLG": "N", "OWN_RIGHT_DISPUTE_FLG": "N", "SURFACE_RIGHTS_FLG": "Y", "MINERAL_RIGHTS_FLG": "Y", "TIMBER_RIGHTS_FLG": "Y", "SURFACE_TRUST_CD": 48, "SURFACE_TRUST_NM": "Community Forest Trust", "MINERAL_TRUST_CD": 48, "MINERAL_TRUST_NM": "Community Forest Trust", "TIMBER_TRUST_CD": 48, "TIMBER_TRUST_NM": "Community Forest Trust", "OWNER_AGENT_SYST_ID": 58706, "STEWARD_AGENT_SYST_ID": 63986, "MANAGER_AGENT_SYST_ID": 63986, "TIMBER_OWNER_NM": null, "TIMBER_EXP_DT": null, "ORIGINAL_PATENT_DT": null, "COUNTY_JURISDICT_DESG_CD": 19, "COUNTY_NM": "Kittitas", "COUNTY_PARCEL_NO": null, "REGION_JURISDICT_DESG_CD": 100, "REGION_NM": "Southeast Region", "HCP_JURISDICT_DESG_CD": null, "HCP_DESG_CD": 2, "HCP_DESG_DT": null, "HCP_WITHDRAWAL_DT": null, "PARCEL_DESC_TXT": null, "EDIT_DATE": 1395847238000, "EDIT_STATUS": 0, "EDIT_WHO": "JDUG490", "EASEMENT_TYPE_CD": null, "EASEMENT_TYPE_NM": null, "PARCEL_ACQUIRE_AUTH_NO": "08-090298", "PARCEL_DISPOSAL_AUTH_NO": null, "SHAPE.AREA": 13219221.995535, "SHAPE.LEN": 15297.5650391862, "GLOBALID": "{A66042AB-9836-4D33-B505-D96FFF9654C3}"}}, {"type": "Feature", "id": 3325007, "geometry": {"type": "Polygon", "coordinates": [[[-120.83091, 47.23226], [-120.83085, 47.23585], [-120.83614, 47.2359], [-120.83623, 47.2323], [-120.83091, 47.23226]]]}, "properties": {"OBJECTID": 3325007, "PARCEL_SYST_ID": 116191, "PARCEL_TYPE_CD": 1, "PARCEL_LABEL_NM": "Teanaway Com Forest", "PARCEL_NM": null, "REVERSION_RIGHTS_FLG": "N", "OWN_RIGHT_DISPUTE_FLG": "N", "SURFACE_RIGHTS_FLG": "Y", "MINERAL_RIGHTS_FLG": "Y", "TIMBER_RIGHTS_FLG": "Y", "SURFACE_TRUST_CD": 48, "SURFACE_TRUST_NM": "Community Forest Trust", "MINERAL_TRUST_CD": 48, "MINERAL_TRUST_NM": "Community Forest Trust", "TIMBER_TRUST_CD": 48, "TIMBER_TRUST_NM": "Community Forest Trust", "OWNER_AGENT_SYST_ID": 58706, "STEWARD_AGENT_SYST_ID": 63986, "MANAGER_AGENT_SYST_ID": 63986, "TIMBER_OWNER_NM": null, "TIMBER_EXP_DT": null, "ORIGINAL_PATENT_DT": null, "COUNTY_JURISDICT_DESG_CD": 19, "COUNTY_NM": "Kittitas", "COUNTY_PARCEL_NO": null, "REGION_JURISDICT_DESG_CD": 100, "REGION_NM": "Southeast Region", "HCP_JURISDICT_DESG_CD": null, "HCP_DESG_CD": 2, "HCP_DESG_DT": null, "HCP_WITHDRAWAL_DT": null, "PARCEL_DESC_TXT": null, "EDIT_DATE": 1395847238000, "EDIT_STATUS": 0, "EDIT_WHO": "JDUG490", "EASEMENT_TYPE_CD": null, "EASEMENT_TYPE_NM": null, "PARCEL_ACQUIRE_AUTH_NO": "08-090298", "PARCEL_DISPOSAL_AUTH_NO": null, "SHAPE.AREA": 1728071.6313575, "SHAPE.LEN": 5258.286303247791, "GLOBALID": "{007B32DB-603F-449F-BAC2-4045CDA6E5C2}"}}, {"type": "Feature", "id": 3325027, "geometry": {"type": "Polygon", "coordinates": [[[-120.3452, 47.26102], [-120.34514, 47.26823], [-120.34508, 47.27544], [-120.35571, 47.27533], [-120.36634, 47.27521], [-120.36638, 47.26804], [-120.36643, 47.26087], [-120.36492, 47.26088], [-120.35585, 47.26094], [-120.3452, 47.26102]]]}, "properties": {"OBJECTID": 3325027, "PARCEL_SYST_ID": 10950, "PARCEL_TYPE_CD": 1, "PARCEL_LABEL_NM": null, "PARCEL_NM": null, "REVERSION_RIGHTS_FLG": "N", "OWN_RIGHT_DISPUTE_FLG": "N", "SURFACE_RIGHTS_FLG": "Y", "MINERAL_RIGHTS_FLG": "Y", "TIMBER_RIGHTS_FLG": "Y", "SURFACE_TRUST_CD": 4, "SURFACE_TRUST_NM": "Agricultural School", "MINERAL_TRUST_CD": 4, "MINERAL_TRUST_NM": "Agricultural School", "TIMBER_TRUST_CD": 4, "TIMBER_TRUST_NM": "Agricultural School", "OWNER_AGENT_SYST_ID": 58706, "STEWARD_AGENT_SYST_ID": 63986, "MANAGER_AGENT_SYST_ID": 63986, "TIMBER_OWNER_NM": null, "TIMBER_EXP_DT": null, "ORIGINAL_PATENT_DT": null, "COUNTY_JURISDICT_DESG_CD": 4, "COUNTY_NM": "Chelan", "COUNTY_PARCEL_NO": null, "REGION_JURISDICT_DESG_CD": 100, "REGION_NM": "Southeast Region", "HCP_JURISDICT_DESG_CD": null, "HCP_DESG_CD": 1, "HCP_DESG_DT": 854611200000, "HCP_WITHDRAWAL_DT": null, "PARCEL_DESC_TXT": null, "EDIT_DATE": 1309330800000, "EDIT_STATUS": 1, "EDIT_WHO": "jdug490", "EASEMENT_TYPE_CD": null, "EASEMENT_TYPE_NM": null, "PARCEL_ACQUIRE_AUTH_NO": "CLEAR LIST 5 AGRICULTURAL", "PARCEL_DISPOSAL_AUTH_NO": null, "SHAPE.AREA": 27662885.176165, "SHAPE.LEN": 21040.281793825397, "GLOBALID": "{67DAAB47-C86F-4D19-AB0B-4F21AD00F8F2}"}}, {"type": "Feature", "id": 3325225, "geometry": {"type": "Polygon", "coordinates": [[[-120.30135, 47.24715], [-120.32203, 47.24787], [-120.32219, 47.2336], [-120.301, 47.23358], [-120.30135, 47.24715]]]}, "properties": {"OBJECTID": 3325225, "PARCEL_SYST_ID": 5225, "PARCEL_TYPE_CD": 1, "PARCEL_LABEL_NM": null, "PARCEL_NM": null, "REVERSION_RIGHTS_FLG": "N", "OWN_RIGHT_DISPUTE_FLG": "N", "SURFACE_RIGHTS_FLG": "Y", "MINERAL_RIGHTS_FLG": "Y", "TIMBER_RIGHTS_FLG": "Y", "SURFACE_TRUST_CD": 3, "SURFACE_TRUST_NM": "Common School and Indemnity", "MINERAL_TRUST_CD": 3, "MINERAL_TRUST_NM": "Common School and Indemnity", "TIMBER_TRUST_CD": 3, "TIMBER_TRUST_NM": "Common School and Indemnity", "OWNER_AGENT_SYST_ID": 58706, "STEWARD_AGENT_SYST_ID": 63986, "MANAGER_AGENT_SYST_ID": 63986, "TIMBER_OWNER_NM": null, "TIMBER_EXP_DT": null, "ORIGINAL_PATENT_DT": null, "COUNTY_JURISDICT_DESG_CD": 19, "COUNTY_NM": "Kittitas", "COUNTY_PARCEL_NO": null, "REGION_JURISDICT_DESG_CD": 100, "REGION_NM": "Southeast Region", "HCP_JURISDICT_DESG_CD": null, "HCP_DESG_CD": 1, "HCP_DESG_DT": 1119769200000, "HCP_WITHDRAWAL_DT": null, "PARCEL_DESC_TXT": null, "EDIT_DATE": 1309330800000, "EDIT_STATUS": 1, "EDIT_WHO": "jdug490", "EASEMENT_TYPE_CD": null, "EASEMENT_TYPE_NM": null, "PARCEL_ACQUIRE_AUTH_NO": "CLEAR LIST 36 INDEMNITY", "PARCEL_DISPOSAL_AUTH_NO": null, "SHAPE.AREA": 26394040.946565, "SHAPE.LEN": 20560.584632434802, "GLOBALID": "{B205B066-61A1-465B-9366-82CA90F64607}"}}, {"type": "Feature", "id": 3325656, "geometry": {"type": "Polygon", "coordinates": [[[-120.39127, 47.09729], [-120.39125, 47.10086], [-120.39663, 47.10078], [-120.39662, 47.09714], [-120.39127, 47.09729]]]}, "properties": {"OBJECTID": 3325656, "PARCEL_SYST_ID": 5177, "PARCEL_TYPE_CD": 1, "PARCEL_LABEL_NM": null, "PARCEL_NM": null, "REVERSION_RIGHTS_FLG": "N", "OWN_RIGHT_DISPUTE_FLG": "N", "SURFACE_RIGHTS_FLG": "Y", "MINERAL_RIGHTS_FLG": "Y", "TIMBER_RIGHTS_FLG": "Y", "SURFACE_TRUST_CD": 3, "SURFACE_TRUST_NM": "Common School and Indemnity", "MINERAL_TRUST_CD": 3, "MINERAL_TRUST_NM": "Common School and Indemnity", "TIMBER_TRUST_CD": 3, "TIMBER_TRUST_NM": "Common School and Indemnity", "OWNER_AGENT_SYST_ID": 58706, "STEWARD_AGENT_SYST_ID": 63986, "MANAGER_AGENT_SYST_ID": 63986, "TIMBER_OWNER_NM": null, "TIMBER_EXP_DT": null, "ORIGINAL_PATENT_DT": null, "COUNTY_JURISDICT_DESG_CD": 19, "COUNTY_NM": "Kittitas", "COUNTY_PARCEL_NO": null, "REGION_JURISDICT_DESG_CD": 100, "REGION_NM": "Southeast Region", "HCP_JURISDICT_DESG_CD": null, "HCP_DESG_CD": 1, "HCP_DESG_DT": 854611200000, "HCP_WITHDRAWAL_DT": null, "PARCEL_DESC_TXT": null, "EDIT_DATE": 1309330800000, "EDIT_STATUS": 1, "EDIT_WHO": "jdug490", "EASEMENT_TYPE_CD": null, "EASEMENT_TYPE_NM": null, "PARCEL_ACQUIRE_AUTH_NO": "US PATENT NO 46-87-0001", "PARCEL_DISPOSAL_AUTH_NO": null, "SHAPE.AREA": 1755842.50875, "SHAPE.LEN": 5302.0198978851, "GLOBALID": "{37ADB9C6-7B93-4647-A505-016E8DAF1ADE}"}}, {"type": "Feature", "id": 3325692, "geometry": {"type": "Polygon", "coordinates": [[[-120.42812, 47.21911], [-120.43352, 47.2192], [-120.4345, 47.20466], [-120.4295, 47.20469], [-120.42895, 47.21187], [-120.42812, 47.21911]]]}, "properties": {"OBJECTID": 3325692, "PARCEL_SYST_ID": 5189, "PARCEL_TYPE_CD": 1, "PARCEL_LABEL_NM": null, "PARCEL_NM": null, "REVERSION_RIGHTS_FLG": "N", "OWN_RIGHT_DISPUTE_FLG": "N", "SURFACE_RIGHTS_FLG": "Y", "MINERAL_RIGHTS_FLG": "Y", "TIMBER_RIGHTS_FLG": "Y", "SURFACE_TRUST_CD": 3, "SURFACE_TRUST_NM": "Common School and Indemnity", "MINERAL_TRUST_CD": 3, "MINERAL_TRUST_NM": "Common School and Indemnity", "TIMBER_TRUST_CD": 3, "TIMBER_TRUST_NM": "Common School and Indemnity", "OWNER_AGENT_SYST_ID": 58706, "STEWARD_AGENT_SYST_ID": 63986, "MANAGER_AGENT_SYST_ID": 63986, "TIMBER_OWNER_NM": null, "TIMBER_EXP_DT": null, "ORIGINAL_PATENT_DT": null, "COUNTY_JURISDICT_DESG_CD": 19, "COUNTY_NM": "Kittitas", "COUNTY_PARCEL_NO": null, "REGION_JURISDICT_DESG_CD": 100, "REGION_NM": "Southeast Region", "HCP_JURISDICT_DESG_CD": null, "HCP_DESG_CD": 1, "HCP_DESG_DT": 854611200000, "HCP_WITHDRAWAL_DT": null, "PARCEL_DESC_TXT": null, "EDIT_DATE": 1309330800000, "EDIT_STATUS": 1, "EDIT_WHO": "jdug490", "EASEMENT_TYPE_CD": null, "EASEMENT_TYPE_NM": null, "PARCEL_ACQUIRE_AUTH_NO": null, "PARCEL_DISPOSAL_AUTH_NO": null, "SHAPE.AREA": 6735148.21485, "SHAPE.LEN": 13162.505470581, "GLOBALID": "{D805BA36-F2D7-40F0-806B-6415E1DAA5B4}"}}, {"type": "Feature", "id": 3325886, "geometry": {"type": "Polygon", "coordinates": [[[-120.38577, 47.24776], [-120.40687, 47.24779], [-120.40728, 47.24038], [-120.40754, 47.2339], [-120.3861, 47.23327], [-120.38627, 47.24049], [-120.38577, 47.24776]]]}, "properties": {"OBJECTID": 3325886, "PARCEL_SYST_ID": 5183, "PARCEL_TYPE_CD": 1, "PARCEL_LABEL_NM": null, "PARCEL_NM": null, "REVERSION_RIGHTS_FLG": "N", "OWN_RIGHT_DISPUTE_FLG": "N", "SURFACE_RIGHTS_FLG": "Y", "MINERAL_RIGHTS_FLG": "Y", "TIMBER_RIGHTS_FLG": "Y", "SURFACE_TRUST_CD": 3, "SURFACE_TRUST_NM": "Common School and Indemnity", "MINERAL_TRUST_CD": 3, "MINERAL_TRUST_NM": "Common School and Indemnity", "TIMBER_TRUST_CD": 3, "TIMBER_TRUST_NM": "Common School and Indemnity", "OWNER_AGENT_SYST_ID": 58706, "STEWARD_AGENT_SYST_ID": 63986, "MANAGER_AGENT_SYST_ID": 63986, "TIMBER_OWNER_NM": null, "TIMBER_EXP_DT": null, "ORIGINAL_PATENT_DT": null, "COUNTY_JURISDICT_DESG_CD": 19, "COUNTY_NM": "Kittitas", "COUNTY_PARCEL_NO": null, "REGION_JURISDICT_DESG_CD": 100, "REGION_NM": "Southeast Region", "HCP_JURISDICT_DESG_CD": null, "HCP_DESG_CD": 1, "HCP_DESG_DT": 854611200000, "HCP_WITHDRAWAL_DT": null, "PARCEL_DESC_TXT": null, "EDIT_DATE": 1309330800000, "EDIT_STATUS": 1, "EDIT_WHO": "jdug490", "EASEMENT_TYPE_CD": null, "EASEMENT_TYPE_NM": null, "PARCEL_ACQUIRE_AUTH_NO": null, "PARCEL_DISPOSAL_AUTH_NO": null, "SHAPE.AREA": 27175850.70136, "SHAPE.LEN": 20930.622298763697, "GLOBALID": "{6728E932-C84E-4B57-A020-D6944DB0C937}"}}, {"type": "Feature", "id": 3326324, "geometry": {"type": "Polygon", "coordinates": [[[-120.34477, 47.20682], [-120.34479, 47.21948], [-120.36613, 47.21921], [-120.3664, 47.21196], [-120.35545, 47.21211], [-120.35011, 47.21218], [-120.35011, 47.20856], [-120.3501, 47.20674], [-120.34477, 47.20682]]]}, "properties": {"OBJECTID": 3326324, "PARCEL_SYST_ID": 114116, "PARCEL_TYPE_CD": 1, "PARCEL_LABEL_NM": null, "PARCEL_NM": null, "REVERSION_RIGHTS_FLG": "N", "OWN_RIGHT_DISPUTE_FLG": "N", "SURFACE_RIGHTS_FLG": "Y", "MINERAL_RIGHTS_FLG": "Y", "TIMBER_RIGHTS_FLG": "Y", "SURFACE_TRUST_CD": 4, "SURFACE_TRUST_NM": "Agricultural School", "MINERAL_TRUST_CD": 3, "MINERAL_TRUST_NM": "Common School and Indemnity", "TIMBER_TRUST_CD": 4, "TIMBER_TRUST_NM": "Agricultural School", "OWNER_AGENT_SYST_ID": 58706, "STEWARD_AGENT_SYST_ID": 63986, "MANAGER_AGENT_SYST_ID": 63986, "TIMBER_OWNER_NM": null, "TIMBER_EXP_DT": null, "ORIGINAL_PATENT_DT": null, "COUNTY_JURISDICT_DESG_CD": 19, "COUNTY_NM": "Kittitas", "COUNTY_PARCEL_NO": null, "REGION_JURISDICT_DESG_CD": 100, "REGION_NM": "Southeast Region", "HCP_JURISDICT_DESG_CD": 8, "HCP_DESG_CD": 1, "HCP_DESG_DT": 1294128000000, "HCP_WITHDRAWAL_DT": null, "PARCEL_DESC_TXT": null, "EDIT_DATE": 1309330800000, "EDIT_STATUS": 0, "EDIT_WHO": "jdug490", "EASEMENT_TYPE_CD": null, "EASEMENT_TYPE_NM": null, "PARCEL_ACQUIRE_AUTH_NO": "86-085763", "PARCEL_DISPOSAL_AUTH_NO": null, "SHAPE.AREA": 16720731.126732, "SHAPE.LEN": 19921.7317672691, "GLOBALID": "{D7CDC2A2-20DF-4C90-8151-1FBC5B13C5A0}"}}, {"type": "Feature", "id": 3326333, "geometry": {"type": "Polygon", "coordinates": [[[-120.49216, 47.20385], [-120.51323, 47.20462], [-120.51284, 47.19013], [-120.5024, 47.18997], [-120.49217, 47.19004], [-120.49216, 47.20385]]]}, "properties": {"OBJECTID": 3326333, "PARCEL_SYST_ID": 13287, "PARCEL_TYPE_CD": 1, "PARCEL_LABEL_NM": null, "PARCEL_NM": null, "REVERSION_RIGHTS_FLG": "N", "OWN_RIGHT_DISPUTE_FLG": "N", "SURFACE_RIGHTS_FLG": "Y", "MINERAL_RIGHTS_FLG": "N", "TIMBER_RIGHTS_FLG": "Y", "SURFACE_TRUST_CD": 3, "SURFACE_TRUST_NM": "Common School and Indemnity", "MINERAL_TRUST_CD": 0, "MINERAL_TRUST_NM": "Trust Status Not Applicable Or Unknown", "TIMBER_TRUST_CD": 3, "TIMBER_TRUST_NM": "Common School and Indemnity", "OWNER_AGENT_SYST_ID": 58706, "STEWARD_AGENT_SYST_ID": 63986, "MANAGER_AGENT_SYST_ID": 63986, "TIMBER_OWNER_NM": null, "TIMBER_EXP_DT": null, "ORIGINAL_PATENT_DT": null, "COUNTY_JURISDICT_DESG_CD": 19, "COUNTY_NM": "Kittitas", "COUNTY_PARCEL_NO": null, "REGION_JURISDICT_DESG_CD": 100, "REGION_NM": "Southeast Region", "HCP_JURISDICT_DESG_CD": null, "HCP_DESG_CD": 1, "HCP_DESG_DT": 854611200000, "HCP_WITHDRAWAL_DT": null, "PARCEL_DESC_TXT": null, "EDIT_DATE": 1309330800000, "EDIT_STATUS": 1, "EDIT_WHO": "jdug490", "EASEMENT_TYPE_CD": null, "EASEMENT_TYPE_NM": null, "PARCEL_ACQUIRE_AUTH_NO": "US PATENT NO 46-86-0020", "PARCEL_DISPOSAL_AUTH_NO": null, "SHAPE.AREA": 26887359.947545, "SHAPE.LEN": 20710.3995600637, "GLOBALID": "{558F0B32-7A03-4B82-B059-882690FDEAA2}"}}, {"type": "Feature", "id": 3326373, "geometry": {"type": "Polygon", "coordinates": [[[-120.58168, 47.13221], [-120.58177, 47.14675], [-120.60317, 47.14653], [-120.6034, 47.13224], [-120.58168, 47.13221]]]}, "properties": {"OBJECTID": 3326373, "PARCEL_SYST_ID": 5136, "PARCEL_TYPE_CD": 1, "PARCEL_LABEL_NM": null, "PARCEL_NM": null, "REVERSION_RIGHTS_FLG": "N", "OWN_RIGHT_DISPUTE_FLG": "N", "SURFACE_RIGHTS_FLG": "Y", "MINERAL_RIGHTS_FLG": "Y", "TIMBER_RIGHTS_FLG": "Y", "SURFACE_TRUST_CD": 3, "SURFACE_TRUST_NM": "Common School and Indemnity", "MINERAL_TRUST_CD": 3, "MINERAL_TRUST_NM": "Common School and Indemnity", "TIMBER_TRUST_CD": 3, "TIMBER_TRUST_NM": "Common School and Indemnity", "OWNER_AGENT_SYST_ID": 58706, "STEWARD_AGENT_SYST_ID": 63986, "MANAGER_AGENT_SYST_ID": 63986, "TIMBER_OWNER_NM": null, "TIMBER_EXP_DT": null, "ORIGINAL_PATENT_DT": null, "COUNTY_JURISDICT_DESG_CD": 19, "COUNTY_NM": "Kittitas", "COUNTY_PARCEL_NO": null, "REGION_JURISDICT_DESG_CD": 100, "REGION_NM": "Southeast Region", "HCP_JURISDICT_DESG_CD": null, "HCP_DESG_CD": 1, "HCP_DESG_DT": 854611200000, "HCP_WITHDRAWAL_DT": null, "PARCEL_DESC_TXT": null, "EDIT_DATE": 1309330800000, "EDIT_STATUS": 1, "EDIT_WHO": "jdug490", "EASEMENT_TYPE_CD": null, "EASEMENT_TYPE_NM": null, "PARCEL_ACQUIRE_AUTH_NO": "US PATENT NO 46-87-0001", "PARCEL_DISPOSAL_AUTH_NO": null, "SHAPE.AREA": 28211436.0576, "SHAPE.LEN": 21248.160165093, "GLOBALID": "{260D6B6E-70E5-4B5E-A8BC-7D0D71B9EF6B}"}}, {"type": "Feature", "id": 3326404, "geometry": {"type": "Polygon", "coordinates": [[[-120.34477, 47.20682], [-120.3501, 47.20674], [-120.35011, 47.20856], [-120.35011, 47.21218], [-120.35545, 47.21211], [-120.3664, 47.21196], [-120.36612, 47.20474], [-120.35543, 47.20486], [-120.34477, 47.20501], [-120.34477, 47.20682]]]}, "properties": {"OBJECTID": 3326404, "PARCEL_SYST_ID": 5229, "PARCEL_TYPE_CD": 1, "PARCEL_LABEL_NM": null, "PARCEL_NM": null, "REVERSION_RIGHTS_FLG": "N", "OWN_RIGHT_DISPUTE_FLG": "N", "SURFACE_RIGHTS_FLG": "Y", "MINERAL_RIGHTS_FLG": "Y", "TIMBER_RIGHTS_FLG": "Y", "SURFACE_TRUST_CD": 3, "SURFACE_TRUST_NM": "Common School and Indemnity", "MINERAL_TRUST_CD": 3, "MINERAL_TRUST_NM": "Common School and Indemnity", "TIMBER_TRUST_CD": 3, "TIMBER_TRUST_NM": "Common School and Indemnity", "OWNER_AGENT_SYST_ID": 58706, "STEWARD_AGENT_SYST_ID": 63986, "MANAGER_AGENT_SYST_ID": 63986, "TIMBER_OWNER_NM": null, "TIMBER_EXP_DT": null, "ORIGINAL_PATENT_DT": null, "COUNTY_JURISDICT_DESG_CD": 19, "COUNTY_NM": "Kittitas", "COUNTY_PARCEL_NO": null, "REGION_JURISDICT_DESG_CD": 100, "REGION_NM": "Southeast Region", "HCP_JURISDICT_DESG_CD": null, "HCP_DESG_CD": 1, "HCP_DESG_DT": 854611200000, "HCP_WITHDRAWAL_DT": null, "PARCEL_DESC_TXT": null, "EDIT_DATE": 1309330800000, "EDIT_STATUS": 1, "EDIT_WHO": "jdug490", "EASEMENT_TYPE_CD": null, "EASEMENT_TYPE_NM": null, "PARCEL_ACQUIRE_AUTH_NO": "CLEAR LIST 10 INDEMNITY", "PARCEL_DISPOSAL_AUTH_NO": null, "SHAPE.AREA": 11475323.615313, "SHAPE.LEN": 15958.889700699201, "GLOBALID": "{CE81F8CD-DC58-4C6D-8B75-A99C9EAAC057}"}}, {"type": "Feature", "id": 3326420, "geometry": {"type": "Polygon", "coordinates": [[[-120.48108, 47.18984], [-120.49217, 47.19004], [-120.49222, 47.18653], [-120.481, 47.18648], [-120.48108, 47.18984]]]}, "properties": {"OBJECTID": 3326420, "PARCEL_SYST_ID": 13288, "PARCEL_TYPE_CD": 1, "PARCEL_LABEL_NM": null, "PARCEL_NM": null, "REVERSION_RIGHTS_FLG": "N", "OWN_RIGHT_DISPUTE_FLG": "N", "SURFACE_RIGHTS_FLG": "Y", "MINERAL_RIGHTS_FLG": "N", "TIMBER_RIGHTS_FLG": "Y", "SURFACE_TRUST_CD": 3, "SURFACE_TRUST_NM": "Common School and Indemnity", "MINERAL_TRUST_CD": 0, "MINERAL_TRUST_NM": "Trust Status Not Applicable Or Unknown", "TIMBER_TRUST_CD": 3, "TIMBER_TRUST_NM": "Common School and Indemnity", "OWNER_AGENT_SYST_ID": 58706, "STEWARD_AGENT_SYST_ID": 63986, "MANAGER_AGENT_SYST_ID": 63986, "TIMBER_OWNER_NM": null, "TIMBER_EXP_DT": null, "ORIGINAL_PATENT_DT": null, "COUNTY_JURISDICT_DESG_CD": 19, "COUNTY_NM": "Kittitas", "COUNTY_PARCEL_NO": null, "REGION_JURISDICT_DESG_CD": 100, "REGION_NM": "Southeast Region", "HCP_JURISDICT_DESG_CD": null, "HCP_DESG_CD": 1, "HCP_DESG_DT": 854611200000, "HCP_WITHDRAWAL_DT": null, "PARCEL_DESC_TXT": null, "EDIT_DATE": 1309330800000, "EDIT_STATUS": 1, "EDIT_WHO": "jdug490", "EASEMENT_TYPE_CD": null, "EASEMENT_TYPE_NM": null, "PARCEL_ACQUIRE_AUTH_NO": "US PATENT NO 46-86-0020", "PARCEL_DISPOSAL_AUTH_NO": null, "SHAPE.AREA": 3476754.92511, "SHAPE.LEN": 8055.57395290132, "GLOBALID": "{AAF080D6-DD22-4097-A6F4-0EE51A008ABC}"}}, {"type": "Feature", "id": 3326446, "geometry": {"type": "Polygon", "coordinates": [[[-120.30268, 47.16601], [-120.29761, 47.16598], [-120.29777, 47.16905], [-120.30279, 47.16916], [-120.30268, 47.16601]]]}, "properties": {"OBJECTID": 3326446, "PARCEL_SYST_ID": 5208, "PARCEL_TYPE_CD": 1, "PARCEL_LABEL_NM": null, "PARCEL_NM": null, "REVERSION_RIGHTS_FLG": "N", "OWN_RIGHT_DISPUTE_FLG": "N", "SURFACE_RIGHTS_FLG": "Y", "MINERAL_RIGHTS_FLG": "Y", "TIMBER_RIGHTS_FLG": "Y", "SURFACE_TRUST_CD": 8, "SURFACE_TRUST_NM": "Normal School", "MINERAL_TRUST_CD": 3, "MINERAL_TRUST_NM": "Common School and Indemnity", "TIMBER_TRUST_CD": 8, "TIMBER_TRUST_NM": "Normal School", "OWNER_AGENT_SYST_ID": 58706, "STEWARD_AGENT_SYST_ID": 63986, "MANAGER_AGENT_SYST_ID": 63986, "TIMBER_OWNER_NM": null, "TIMBER_EXP_DT": null, "ORIGINAL_PATENT_DT": null, "COUNTY_JURISDICT_DESG_CD": 19, "COUNTY_NM": "Kittitas", "COUNTY_PARCEL_NO": null, "REGION_JURISDICT_DESG_CD": 100, "REGION_NM": "Southeast Region", "HCP_JURISDICT_DESG_CD": null, "HCP_DESG_CD": 1, "HCP_DESG_DT": 1203667200000, "HCP_WITHDRAWAL_DT": null, "PARCEL_DESC_TXT": null, "EDIT_DATE": 1329379200000, "EDIT_STATUS": 1, "EDIT_WHO": "jdug490", "EASEMENT_TYPE_CD": null, "EASEMENT_TYPE_NM": null, "PARCEL_ACQUIRE_AUTH_NO": "86-079379", "PARCEL_DISPOSAL_AUTH_NO": null, "SHAPE.AREA": 1422403.82, "SHAPE.LEN": 4779.858389934559, "GLOBALID": "{FF4905D7-39ED-4243-87F6-90629B043FBC}"}}, {"type": "Feature", "id": 3326448, "geometry": {"type": "Polygon", "coordinates": [[[-120.28718, 47.1334], [-120.3032, 47.13365], [-120.30342, 47.11891], [-120.2819, 47.11826], [-120.28195, 47.13332], [-120.28718, 47.1334]]]}, "properties": {"OBJECTID": 3326448, "PARCEL_SYST_ID": 112640, "PARCEL_TYPE_CD": 1, "PARCEL_LABEL_NM": null, "PARCEL_NM": null, "REVERSION_RIGHTS_FLG": "N", "OWN_RIGHT_DISPUTE_FLG": "N", "SURFACE_RIGHTS_FLG": "Y", "MINERAL_RIGHTS_FLG": "N", "TIMBER_RIGHTS_FLG": "Y", "SURFACE_TRUST_CD": 3, "SURFACE_TRUST_NM": "Common School and Indemnity", "MINERAL_TRUST_CD": 0, "MINERAL_TRUST_NM": "Trust Status Not Applicable Or Unknown", "TIMBER_TRUST_CD": 3, "TIMBER_TRUST_NM": "Common School and Indemnity", "OWNER_AGENT_SYST_ID": 58706, "STEWARD_AGENT_SYST_ID": 63986, "MANAGER_AGENT_SYST_ID": 63986, "TIMBER_OWNER_NM": null, "TIMBER_EXP_DT": null, "ORIGINAL_PATENT_DT": null, "COUNTY_JURISDICT_DESG_CD": 19, "COUNTY_NM": "Kittitas", "COUNTY_PARCEL_NO": null, "REGION_JURISDICT_DESG_CD": 100, "REGION_NM": "Southeast Region", "HCP_JURISDICT_DESG_CD": null, "HCP_DESG_CD": 1, "HCP_DESG_DT": 1203667200000, "HCP_WITHDRAWAL_DT": null, "PARCEL_DESC_TXT": "W-KT-36", "EDIT_DATE": 1329379200000, "EDIT_STATUS": 0, "EDIT_WHO": "jdug490", "EASEMENT_TYPE_CD": null, "EASEMENT_TYPE_NM": null, "PARCEL_ACQUIRE_AUTH_NO": "86-079379", "PARCEL_DISPOSAL_AUTH_NO": null, "SHAPE.AREA": 28931224.6419, "SHAPE.LEN": 21521.710229834298, "GLOBALID": "{F042DA96-9214-47A0-90C6-469A3D93A072}"}}, {"type": "Feature", "id": 3326450, "geometry": {"type": "Polygon", "coordinates": [[[-120.45036, 47.27497], [-120.47138, 47.27507], [-120.47153, 47.26762], [-120.47196, 47.26061], [-120.47078, 47.26058], [-120.46117, 47.26053], [-120.45005, 47.26042], [-120.45036, 47.27497]]]}, "properties": {"OBJECTID": 3326450, "PARCEL_SYST_ID": 112678, "PARCEL_TYPE_CD": 1, "PARCEL_LABEL_NM": null, "PARCEL_NM": null, "REVERSION_RIGHTS_FLG": "N", "OWN_RIGHT_DISPUTE_FLG": "N", "SURFACE_RIGHTS_FLG": "Y", "MINERAL_RIGHTS_FLG": "N", "TIMBER_RIGHTS_FLG": "Y", "SURFACE_TRUST_CD": 3, "SURFACE_TRUST_NM": "Common School and Indemnity", "MINERAL_TRUST_CD": 0, "MINERAL_TRUST_NM": "Trust Status Not Applicable Or Unknown", "TIMBER_TRUST_CD": 3, "TIMBER_TRUST_NM": "Common School and Indemnity", "OWNER_AGENT_SYST_ID": 58706, "STEWARD_AGENT_SYST_ID": 63986, "MANAGER_AGENT_SYST_ID": 63986, "TIMBER_OWNER_NM": null, "TIMBER_EXP_DT": null, "ORIGINAL_PATENT_DT": null, "COUNTY_JURISDICT_DESG_CD": 19, "COUNTY_NM": "Kittitas", "COUNTY_PARCEL_NO": null, "REGION_JURISDICT_DESG_CD": 100, "REGION_NM": "Southeast Region", "HCP_JURISDICT_DESG_CD": null, "HCP_DESG_CD": 1, "HCP_DESG_DT": 1203667200000, "HCP_WITHDRAWAL_DT": null, "PARCEL_DESC_TXT": "W-KT-72", "EDIT_DATE": 1329379200000, "EDIT_STATUS": 0, "EDIT_WHO": "jdug490", "EASEMENT_TYPE_CD": null, "EASEMENT_TYPE_NM": null, "PARCEL_ACQUIRE_AUTH_NO": "86-079379", "PARCEL_DISPOSAL_AUTH_NO": null, "SHAPE.AREA": 28110132.618915, "SHAPE.LEN": 21250.150367417, "GLOBALID": "{71A08CF2-028A-4551-8E3D-456FD0C3A5B2}"}}, {"type": "Feature", "id": 3326462, "geometry": {"type": "Polygon", "coordinates": [[[-120.32532, 47.12626], [-120.31961, 47.12631], [-120.31924, 47.13354], [-120.32484, 47.1335], [-120.32532, 47.12626]]]}, "properties": {"OBJECTID": 3326462, "PARCEL_SYST_ID": 5220, "PARCEL_TYPE_CD": 1, "PARCEL_LABEL_NM": null, "PARCEL_NM": null, "REVERSION_RIGHTS_FLG": "N", "OWN_RIGHT_DISPUTE_FLG": "N", "SURFACE_RIGHTS_FLG": "Y", "MINERAL_RIGHTS_FLG": "Y", "TIMBER_RIGHTS_FLG": "Y", "SURFACE_TRUST_CD": 3, "SURFACE_TRUST_NM": "Common School and Indemnity", "MINERAL_TRUST_CD": 3, "MINERAL_TRUST_NM": "Common School and Indemnity", "TIMBER_TRUST_CD": 3, "TIMBER_TRUST_NM": "Common School and Indemnity", "OWNER_AGENT_SYST_ID": 58706, "STEWARD_AGENT_SYST_ID": 63986, "MANAGER_AGENT_SYST_ID": 63986, "TIMBER_OWNER_NM": null, "TIMBER_EXP_DT": null, "ORIGINAL_PATENT_DT": null, "COUNTY_JURISDICT_DESG_CD": 19, "COUNTY_NM": "Kittitas", "COUNTY_PARCEL_NO": null, "REGION_JURISDICT_DESG_CD": 100, "REGION_NM": "Southeast Region", "HCP_JURISDICT_DESG_CD": null, "HCP_DESG_CD": 1, "HCP_DESG_DT": 1203667200000, "HCP_WITHDRAWAL_DT": null, "PARCEL_DESC_TXT": "W-KT-35", "EDIT_DATE": 1329379200000, "EDIT_STATUS": 1, "EDIT_WHO": "jdug490", "EASEMENT_TYPE_CD": null, "EASEMENT_TYPE_NM": null, "PARCEL_ACQUIRE_AUTH_NO": "86-079379", "PARCEL_DISPOSAL_AUTH_NO": null, "SHAPE.AREA": 3714361.1526, "SHAPE.LEN": 8099.1724398940105, "GLOBALID": "{EEAC9967-F3BB-4217-A420-B8F972A4DB26}"}}, {"type": "Feature", "id": 3326464, "geometry": {"type": "Polygon", "coordinates": [[[-120.39075, 47.14069], [-120.39069, 47.14792], [-120.40241, 47.14677], [-120.41281, 47.14667], [-120.41276, 47.13945], [-120.4127, 47.13238], [-120.40254, 47.13253], [-120.39081, 47.13345], [-120.39075, 47.14069]]]}, "properties": {"OBJECTID": 3326464, "PARCEL_SYST_ID": 112617, "PARCEL_TYPE_CD": 1, "PARCEL_LABEL_NM": null, "PARCEL_NM": null, "REVERSION_RIGHTS_FLG": "N", "OWN_RIGHT_DISPUTE_FLG": "N", "SURFACE_RIGHTS_FLG": "Y", "MINERAL_RIGHTS_FLG": "N", "TIMBER_RIGHTS_FLG": "Y", "SURFACE_TRUST_CD": 3, "SURFACE_TRUST_NM": "Common School and Indemnity", "MINERAL_TRUST_CD": 0, "MINERAL_TRUST_NM": "Trust Status Not Applicable Or Unknown", "TIMBER_TRUST_CD": 3, "TIMBER_TRUST_NM": "Common School and Indemnity", "OWNER_AGENT_SYST_ID": 58706, "STEWARD_AGENT_SYST_ID": 63986, "MANAGER_AGENT_SYST_ID": 63986, "TIMBER_OWNER_NM": null, "TIMBER_EXP_DT": null, "ORIGINAL_PATENT_DT": null, "COUNTY_JURISDICT_DESG_CD": 19, "COUNTY_NM": "Kittitas", "COUNTY_PARCEL_NO": null, "REGION_JURISDICT_DESG_CD": 100, "REGION_NM": "Southeast Region", "HCP_JURISDICT_DESG_CD": null, "HCP_DESG_CD": 1, "HCP_DESG_DT": 1203667200000, "HCP_WITHDRAWAL_DT": null, "PARCEL_DESC_TXT": "W-KT-14", "EDIT_DATE": 1329379200000, "EDIT_STATUS": 0, "EDIT_WHO": "jdug490", "EASEMENT_TYPE_CD": null, "EASEMENT_TYPE_NM": null, "PARCEL_ACQUIRE_AUTH_NO": "86-079379", "PARCEL_DISPOSAL_AUTH_NO": null, "SHAPE.AREA": 28590966.72381, "SHAPE.LEN": 21497.197291695, "GLOBALID": "{C737E573-9412-4D75-89A7-0F70703DEA41}"}}, {"type": "Feature", "id": 3326514, "geometry": {"type": "Polygon", "coordinates": [[[-120.33051, 47.16286], [-120.34659, 47.16303], [-120.34686, 47.14845], [-120.32482, 47.14844], [-120.32494, 47.15191], [-120.32529, 47.16281], [-120.33051, 47.16286]]]}, "properties": {"OBJECTID": 3326514, "PARCEL_SYST_ID": 112628, "PARCEL_TYPE_CD": 1, "PARCEL_LABEL_NM": null, "PARCEL_NM": null, "REVERSION_RIGHTS_FLG": "N", "OWN_RIGHT_DISPUTE_FLG": "N", "SURFACE_RIGHTS_FLG": "Y", "MINERAL_RIGHTS_FLG": "N", "TIMBER_RIGHTS_FLG": "Y", "SURFACE_TRUST_CD": 8, "SURFACE_TRUST_NM": "Normal School", "MINERAL_TRUST_CD": 0, "MINERAL_TRUST_NM": "Trust Status Not Applicable Or Unknown", "TIMBER_TRUST_CD": 8, "TIMBER_TRUST_NM": "Normal School", "OWNER_AGENT_SYST_ID": 58706, "STEWARD_AGENT_SYST_ID": 63986, "MANAGER_AGENT_SYST_ID": 63986, "TIMBER_OWNER_NM": null, "TIMBER_EXP_DT": null, "ORIGINAL_PATENT_DT": null, "COUNTY_JURISDICT_DESG_CD": 19, "COUNTY_NM": "Kittitas", "COUNTY_PARCEL_NO": null, "REGION_JURISDICT_DESG_CD": 100, "REGION_NM": "Southeast Region", "HCP_JURISDICT_DESG_CD": null, "HCP_DESG_CD": 1, "HCP_DESG_DT": 1203667200000, "HCP_WITHDRAWAL_DT": null, "PARCEL_DESC_TXT": "W-KT-25", "EDIT_DATE": 1329379200000, "EDIT_STATUS": 0, "EDIT_WHO": "jdug490", "EASEMENT_TYPE_CD": null, "EASEMENT_TYPE_NM": null, "PARCEL_ACQUIRE_AUTH_NO": "86-079379", "PARCEL_DISPOSAL_AUTH_NO": null, "SHAPE.AREA": 28455589.56379, "SHAPE.LEN": 21341.5594679875, "GLOBALID": "{A2A42290-7F7D-497B-B3A6-BDCD5D66E583}"}}, {"type": "Feature", "id": 3326559, "geometry": {"type": "Polygon", "coordinates": [[[-120.32402, 47.2757], [-120.32397, 47.26843], [-120.32393, 47.26116], [-120.32244, 47.26116], [-120.31343, 47.26115], [-120.30299, 47.26113], [-120.30293, 47.26832], [-120.30287, 47.27549], [-120.31345, 47.27546], [-120.32402, 47.2757]]]}, "properties": {"OBJECTID": 3326559, "PARCEL_SYST_ID": 10951, "PARCEL_TYPE_CD": 1, "PARCEL_LABEL_NM": null, "PARCEL_NM": null, "REVERSION_RIGHTS_FLG": "N", "OWN_RIGHT_DISPUTE_FLG": "N", "SURFACE_RIGHTS_FLG": "Y", "MINERAL_RIGHTS_FLG": "Y", "TIMBER_RIGHTS_FLG": "Y", "SURFACE_TRUST_CD": 4, "SURFACE_TRUST_NM": "Agricultural School", "MINERAL_TRUST_CD": 4, "MINERAL_TRUST_NM": "Agricultural School", "TIMBER_TRUST_CD": 4, "TIMBER_TRUST_NM": "Agricultural School", "OWNER_AGENT_SYST_ID": 58706, "STEWARD_AGENT_SYST_ID": 63986, "MANAGER_AGENT_SYST_ID": 63986, "TIMBER_OWNER_NM": null, "TIMBER_EXP_DT": null, "ORIGINAL_PATENT_DT": null, "COUNTY_JURISDICT_DESG_CD": 4, "COUNTY_NM": "Chelan", "COUNTY_PARCEL_NO": null, "REGION_JURISDICT_DESG_CD": 100, "REGION_NM": "Southeast Region", "HCP_JURISDICT_DESG_CD": null, "HCP_DESG_CD": 1, "HCP_DESG_DT": 854611200000, "HCP_WITHDRAWAL_DT": null, "PARCEL_DESC_TXT": null, "EDIT_DATE": 1309330800000, "EDIT_STATUS": 1, "EDIT_WHO": "jdug490", "EASEMENT_TYPE_CD": null, "EASEMENT_TYPE_NM": null, "PARCEL_ACQUIRE_AUTH_NO": "CLEAR LIST 5 AGRICULTURAL", "PARCEL_DISPOSAL_AUTH_NO": null, "SHAPE.AREA": 27401851.21677, "SHAPE.LEN": 20991.4981919136, "GLOBALID": "{F50EEFDB-AE3C-4682-B0D2-173AC4AFC05F}"}}, {"type": "Feature", "id": 3326564, "geometry": {"type": "Polygon", "coordinates": [[[-120.42819, 47.23375], [-120.43888, 47.23389], [-120.44928, 47.23386], [-120.44979, 47.22669], [-120.44997, 47.21977], [-120.44462, 47.21962], [-120.43935, 47.21947], [-120.43352, 47.2192], [-120.42812, 47.21911], [-120.42763, 47.22643], [-120.42819, 47.23375]]]}, "properties": {"OBJECTID": 3326564, "PARCEL_SYST_ID": 112656, "PARCEL_TYPE_CD": 1, "PARCEL_LABEL_NM": null, "PARCEL_NM": null, "REVERSION_RIGHTS_FLG": "N", "OWN_RIGHT_DISPUTE_FLG": "N", "SURFACE_RIGHTS_FLG": "Y", "MINERAL_RIGHTS_FLG": "N", "TIMBER_RIGHTS_FLG": "Y", "SURFACE_TRUST_CD": 3, "SURFACE_TRUST_NM": "Common School and Indemnity", "MINERAL_TRUST_CD": 0, "MINERAL_TRUST_NM": "Trust Status Not Applicable Or Unknown", "TIMBER_TRUST_CD": 3, "TIMBER_TRUST_NM": "Common School and Indemnity", "OWNER_AGENT_SYST_ID": 58706, "STEWARD_AGENT_SYST_ID": 63986, "MANAGER_AGENT_SYST_ID": 63986, "TIMBER_OWNER_NM": null, "TIMBER_EXP_DT": null, "ORIGINAL_PATENT_DT": null, "COUNTY_JURISDICT_DESG_CD": 19, "COUNTY_NM": "Kittitas", "COUNTY_PARCEL_NO": null, "REGION_JURISDICT_DESG_CD": 100, "REGION_NM": "Southeast Region", "HCP_JURISDICT_DESG_CD": null, "HCP_DESG_CD": 1, "HCP_DESG_DT": 1203667200000, "HCP_WITHDRAWAL_DT": null, "PARCEL_DESC_TXT": "W-KT-51", "EDIT_DATE": 1329379200000, "EDIT_STATUS": 0, "EDIT_WHO": "jdug490", "EASEMENT_TYPE_CD": null, "EASEMENT_TYPE_NM": null, "PARCEL_ACQUIRE_AUTH_NO": "86-079379", "PARCEL_DISPOSAL_AUTH_NO": null, "SHAPE.AREA": 28498934.281515, "SHAPE.LEN": 21158.929404343402, "GLOBALID": "{F67E250E-53ED-43A2-AE86-DD44E576AA94}"}}, {"type": "Feature", "id": 3326568, "geometry": {"type": "Polygon", "coordinates": [[[-120.38543, 47.1336], [-120.38526, 47.14077], [-120.39075, 47.14069], [-120.39081, 47.13345], [-120.38543, 47.1336]]]}, "properties": {"OBJECTID": 3326568, "PARCEL_SYST_ID": 5218, "PARCEL_TYPE_CD": 1, "PARCEL_LABEL_NM": null, "PARCEL_NM": null, "REVERSION_RIGHTS_FLG": "N", "OWN_RIGHT_DISPUTE_FLG": "N", "SURFACE_RIGHTS_FLG": "Y", "MINERAL_RIGHTS_FLG": "Y", "TIMBER_RIGHTS_FLG": "Y", "SURFACE_TRUST_CD": 3, "SURFACE_TRUST_NM": "Common School and Indemnity", "MINERAL_TRUST_CD": 3, "MINERAL_TRUST_NM": "Common School and Indemnity", "TIMBER_TRUST_CD": 3, "TIMBER_TRUST_NM": "Common School and Indemnity", "OWNER_AGENT_SYST_ID": 58706, "STEWARD_AGENT_SYST_ID": 63986, "MANAGER_AGENT_SYST_ID": 63986, "TIMBER_OWNER_NM": null, "TIMBER_EXP_DT": null, "ORIGINAL_PATENT_DT": null, "COUNTY_JURISDICT_DESG_CD": 19, "COUNTY_NM": "Kittitas", "COUNTY_PARCEL_NO": null, "REGION_JURISDICT_DESG_CD": 100, "REGION_NM": "Southeast Region", "HCP_JURISDICT_DESG_CD": null, "HCP_DESG_CD": 1, "HCP_DESG_DT": 1203667200000, "HCP_WITHDRAWAL_DT": null, "PARCEL_DESC_TXT": "W-KT-33", "EDIT_DATE": 1329379200000, "EDIT_STATUS": 1, "EDIT_WHO": "jdug490", "EASEMENT_TYPE_CD": null, "EASEMENT_TYPE_NM": null, "PARCEL_ACQUIRE_AUTH_NO": "86-079379", "PARCEL_DISPOSAL_AUTH_NO": null, "SHAPE.AREA": 3553069.04399, "SHAPE.LEN": 7961.3705394703, "GLOBALID": "{69FA0751-778E-4CA8-B077-A7F670AB60AD}"}}, {"type": "Feature", "id": 3326581, "geometry": {"type": "Polygon", "coordinates": [[[-120.36575, 47.17559], [-120.36852, 47.17563], [-120.36871, 47.16306], [-120.34659, 47.16303], [-120.34618, 47.17548], [-120.36575, 47.17559]]]}, "properties": {"OBJECTID": 3326581, "PARCEL_SYST_ID": 112625, "PARCEL_TYPE_CD": 1, "PARCEL_LABEL_NM": null, "PARCEL_NM": null, "REVERSION_RIGHTS_FLG": "N", "OWN_RIGHT_DISPUTE_FLG": "N", "SURFACE_RIGHTS_FLG": "Y", "MINERAL_RIGHTS_FLG": "N", "TIMBER_RIGHTS_FLG": "Y", "SURFACE_TRUST_CD": 3, "SURFACE_TRUST_NM": "Common School and Indemnity", "MINERAL_TRUST_CD": 0, "MINERAL_TRUST_NM": "Trust Status Not Applicable Or Unknown", "TIMBER_TRUST_CD": 3, "TIMBER_TRUST_NM": "Common School and Indemnity", "OWNER_AGENT_SYST_ID": 58706, "STEWARD_AGENT_SYST_ID": 63986, "MANAGER_AGENT_SYST_ID": 63986, "TIMBER_OWNER_NM": null, "TIMBER_EXP_DT": null, "ORIGINAL_PATENT_DT": null, "COUNTY_JURISDICT_DESG_CD": 19, "COUNTY_NM": "Kittitas", "COUNTY_PARCEL_NO": null, "REGION_JURISDICT_DESG_CD": 100, "REGION_NM": "Southeast Region", "HCP_JURISDICT_DESG_CD": null, "HCP_DESG_CD": 1, "HCP_DESG_DT": 1203667200000, "HCP_WITHDRAWAL_DT": null, "PARCEL_DESC_TXT": "W-KT-22", "EDIT_DATE": 1329379200000, "EDIT_STATUS": 0, "EDIT_WHO": "jdug490", "EASEMENT_TYPE_CD": null, "EASEMENT_TYPE_NM": null, "PARCEL_ACQUIRE_AUTH_NO": "86-079379", "PARCEL_DISPOSAL_AUTH_NO": null, "SHAPE.AREA": 25220518.4650995, "SHAPE.LEN": 20188.8797304909, "GLOBALID": "{2339E827-2359-4F0D-A882-C8545A2974A7}"}}, {"type": "Feature", "id": 3326582, "geometry": {"type": "Polygon", "coordinates": [[[-120.47124, 47.2044], [-120.47965, 47.20452], [-120.49216, 47.20385], [-120.49217, 47.19004], [-120.48108, 47.18984], [-120.47074, 47.19023], [-120.47124, 47.2044]]]}, "properties": {"OBJECTID": 3326582, "PARCEL_SYST_ID": 112663, "PARCEL_TYPE_CD": 1, "PARCEL_LABEL_NM": null, "PARCEL_NM": null, "REVERSION_RIGHTS_FLG": "N", "OWN_RIGHT_DISPUTE_FLG": "N", "SURFACE_RIGHTS_FLG": "Y", "MINERAL_RIGHTS_FLG": "N", "TIMBER_RIGHTS_FLG": "Y", "SURFACE_TRUST_CD": 3, "SURFACE_TRUST_NM": "Common School and Indemnity", "MINERAL_TRUST_CD": 0, "MINERAL_TRUST_NM": "Trust Status Not Applicable Or Unknown", "TIMBER_TRUST_CD": 3, "TIMBER_TRUST_NM": "Common School and Indemnity", "OWNER_AGENT_SYST_ID": 58706, "STEWARD_AGENT_SYST_ID": 63986, "MANAGER_AGENT_SYST_ID": 63986, "TIMBER_OWNER_NM": null, "TIMBER_EXP_DT": null, "ORIGINAL_PATENT_DT": null, "COUNTY_JURISDICT_DESG_CD": 19, "COUNTY_NM": "Kittitas", "COUNTY_PARCEL_NO": null, "REGION_JURISDICT_DESG_CD": 100, "REGION_NM": "Southeast Region", "HCP_JURISDICT_DESG_CD": null, "HCP_DESG_CD": 1, "HCP_DESG_DT": 1203667200000, "HCP_WITHDRAWAL_DT": null, "PARCEL_DESC_TXT": "W-KT-58", "EDIT_DATE": 1329379200000, "EDIT_STATUS": 0, "EDIT_WHO": "jdug490", "EASEMENT_TYPE_CD": null, "EASEMENT_TYPE_NM": null, "PARCEL_ACQUIRE_AUTH_NO": "86-079379", "PARCEL_DISPOSAL_AUTH_NO": null, "SHAPE.AREA": 27485550.40145, "SHAPE.LEN": 20751.3773028041, "GLOBALID": "{51BEA514-9F59-4256-97A1-B54A08910DD8}"}}, {"type": "Feature", "id": 3326630, "geometry": {"type": "Polygon", "coordinates": [[[-120.52841, 47.17548], [-120.52882, 47.16848], [-120.51826, 47.16834], [-120.51805, 47.17575], [-120.52841, 47.17548]]]}, "properties": {"OBJECTID": 3326630, "PARCEL_SYST_ID": 112602, "PARCEL_TYPE_CD": 1, "PARCEL_LABEL_NM": null, "PARCEL_NM": null, "REVERSION_RIGHTS_FLG": "N", "OWN_RIGHT_DISPUTE_FLG": "N", "SURFACE_RIGHTS_FLG": "Y", "MINERAL_RIGHTS_FLG": "N", "TIMBER_RIGHTS_FLG": "Y", "SURFACE_TRUST_CD": 3, "SURFACE_TRUST_NM": "Common School and Indemnity", "MINERAL_TRUST_CD": 0, "MINERAL_TRUST_NM": "Trust Status Not Applicable Or Unknown", "TIMBER_TRUST_CD": 3, "TIMBER_TRUST_NM": "Common School and Indemnity", "OWNER_AGENT_SYST_ID": 58706, "STEWARD_AGENT_SYST_ID": 63986, "MANAGER_AGENT_SYST_ID": 63986, "TIMBER_OWNER_NM": null, "TIMBER_EXP_DT": null, "ORIGINAL_PATENT_DT": null, "COUNTY_JURISDICT_DESG_CD": 19, "COUNTY_NM": "Kittitas", "COUNTY_PARCEL_NO": null, "REGION_JURISDICT_DESG_CD": 100, "REGION_NM": "Southeast Region", "HCP_JURISDICT_DESG_CD": null, "HCP_DESG_CD": 1, "HCP_DESG_DT": 1203667200000, "HCP_WITHDRAWAL_DT": null, "PARCEL_DESC_TXT": "W-KT-01", "EDIT_DATE": 1329379200000, "EDIT_STATUS": 0, "EDIT_WHO": "jdug490", "EASEMENT_TYPE_CD": null, "EASEMENT_TYPE_NM": null, "PARCEL_ACQUIRE_AUTH_NO": "86-079379", "PARCEL_DISPOSAL_AUTH_NO": null, "SHAPE.AREA": 6842102.857353, "SHAPE.LEN": 10469.4000535756, "GLOBALID": "{11F9C817-25D1-49A7-9310-AB9937EC3414}"}}, {"type": "Feature", "id": 3326631, "geometry": {"type": "Polygon", "coordinates": [[[-120.36852, 47.17563], [-120.37989, 47.17579], [-120.3869, 47.17543], [-120.39082, 47.17546], [-120.39081, 47.16962], [-120.39063, 47.16229], [-120.36871, 47.16306], [-120.36852, 47.17563]]]}, "properties": {"OBJECTID": 3326631, "PARCEL_SYST_ID": 112626, "PARCEL_TYPE_CD": 1, "PARCEL_LABEL_NM": null, "PARCEL_NM": null, "REVERSION_RIGHTS_FLG": "N", "OWN_RIGHT_DISPUTE_FLG": "N", "SURFACE_RIGHTS_FLG": "Y", "MINERAL_RIGHTS_FLG": "N", "TIMBER_RIGHTS_FLG": "Y", "SURFACE_TRUST_CD": 3, "SURFACE_TRUST_NM": "Common School and Indemnity", "MINERAL_TRUST_CD": 0, "MINERAL_TRUST_NM": "Trust Status Not Applicable Or Unknown", "TIMBER_TRUST_CD": 3, "TIMBER_TRUST_NM": "Common School and Indemnity", "OWNER_AGENT_SYST_ID": 58706, "STEWARD_AGENT_SYST_ID": 63986, "MANAGER_AGENT_SYST_ID": 63986, "TIMBER_OWNER_NM": null, "TIMBER_EXP_DT": null, "ORIGINAL_PATENT_DT": null, "COUNTY_JURISDICT_DESG_CD": 19, "COUNTY_NM": "Kittitas", "COUNTY_PARCEL_NO": null, "REGION_JURISDICT_DESG_CD": 100, "REGION_NM": "Southeast Region", "HCP_JURISDICT_DESG_CD": null, "HCP_DESG_CD": 1, "HCP_DESG_DT": 1203667200000, "HCP_WITHDRAWAL_DT": null, "PARCEL_DESC_TXT": "W-KT-23", "EDIT_DATE": 1329379200000, "EDIT_STATUS": 0, "EDIT_WHO": "jdug490", "EASEMENT_TYPE_CD": null, "EASEMENT_TYPE_NM": null, "PARCEL_ACQUIRE_AUTH_NO": "86-079379", "PARCEL_DISPOSAL_AUTH_NO": null, "SHAPE.AREA": 26037209.2418555, "SHAPE.LEN": 20402.586242652702, "GLOBALID": "{91E5884E-8935-4305-934A-B5478D65AFB6}"}}, {"type": "Feature", "id": 3326649, "geometry": {"type": "Polygon", "coordinates": [[[-120.36906, 47.14857], [-120.36871, 47.16306], [-120.39063, 47.16229], [-120.39064, 47.15509], [-120.39069, 47.14792], [-120.36906, 47.14857]]]}, "properties": {"OBJECTID": 3326649, "PARCEL_SYST_ID": 112627, "PARCEL_TYPE_CD": 1, "PARCEL_LABEL_NM": null, "PARCEL_NM": null, "REVERSION_RIGHTS_FLG": "N", "OWN_RIGHT_DISPUTE_FLG": "N", "SURFACE_RIGHTS_FLG": "Y", "MINERAL_RIGHTS_FLG": "N", "TIMBER_RIGHTS_FLG": "Y", "SURFACE_TRUST_CD": 3, "SURFACE_TRUST_NM": "Common School and Indemnity", "MINERAL_TRUST_CD": 0, "MINERAL_TRUST_NM": "Trust Status Not Applicable Or Unknown", "TIMBER_TRUST_CD": 3, "TIMBER_TRUST_NM": "Common School and Indemnity", "OWNER_AGENT_SYST_ID": 58706, "STEWARD_AGENT_SYST_ID": 63986, "MANAGER_AGENT_SYST_ID": 63986, "TIMBER_OWNER_NM": null, "TIMBER_EXP_DT": null, "ORIGINAL_PATENT_DT": null, "COUNTY_JURISDICT_DESG_CD": 19, "COUNTY_NM": "Kittitas", "COUNTY_PARCEL_NO": null, "REGION_JURISDICT_DESG_CD": 100, "REGION_NM": "Southeast Region", "HCP_JURISDICT_DESG_CD": null, "HCP_DESG_CD": 1, "HCP_DESG_DT": 1203667200000, "HCP_WITHDRAWAL_DT": null, "PARCEL_DESC_TXT": "W-KT-24", "EDIT_DATE": 1329379200000, "EDIT_STATUS": 0, "EDIT_WHO": "jdug490", "EASEMENT_TYPE_CD": null, "EASEMENT_TYPE_NM": null, "PARCEL_ACQUIRE_AUTH_NO": "86-079379", "PARCEL_DISPOSAL_AUTH_NO": null, "SHAPE.AREA": 28483076.09805, "SHAPE.LEN": 21373.3827300265, "GLOBALID": "{7498B14D-95E4-4140-A93C-C0FEDDC3A858}"}}, {"type": "Feature", "id": 3326651, "geometry": {"type": "Polygon", "coordinates": [[[-120.44928, 47.23386], [-120.44938, 47.24114], [-120.44901, 47.24841], [-120.45937, 47.248], [-120.47053, 47.24816], [-120.47113, 47.24104], [-120.47172, 47.23397], [-120.46005, 47.23369], [-120.44928, 47.23386]]]}, "properties": {"OBJECTID": 3326651, "PARCEL_SYST_ID": 112652, "PARCEL_TYPE_CD": 1, "PARCEL_LABEL_NM": null, "PARCEL_NM": null, "REVERSION_RIGHTS_FLG": "N", "OWN_RIGHT_DISPUTE_FLG": "N", "SURFACE_RIGHTS_FLG": "Y", "MINERAL_RIGHTS_FLG": "N", "TIMBER_RIGHTS_FLG": "Y", "SURFACE_TRUST_CD": 3, "SURFACE_TRUST_NM": "Common School and Indemnity", "MINERAL_TRUST_CD": 0, "MINERAL_TRUST_NM": "Trust Status Not Applicable Or Unknown", "TIMBER_TRUST_CD": 3, "TIMBER_TRUST_NM": "Common School and Indemnity", "OWNER_AGENT_SYST_ID": 58706, "STEWARD_AGENT_SYST_ID": 63986, "MANAGER_AGENT_SYST_ID": 63986, "TIMBER_OWNER_NM": null, "TIMBER_EXP_DT": null, "ORIGINAL_PATENT_DT": null, "COUNTY_JURISDICT_DESG_CD": 19, "COUNTY_NM": "Kittitas", "COUNTY_PARCEL_NO": null, "REGION_JURISDICT_DESG_CD": 100, "REGION_NM": "Southeast Region", "HCP_JURISDICT_DESG_CD": null, "HCP_DESG_CD": 1, "HCP_DESG_DT": 1203667200000, "HCP_WITHDRAWAL_DT": null, "PARCEL_DESC_TXT": "W-KT-47", "EDIT_DATE": 1329379200000, "EDIT_STATUS": 0, "EDIT_WHO": "jdug490", "EASEMENT_TYPE_CD": null, "EASEMENT_TYPE_NM": null, "PARCEL_ACQUIRE_AUTH_NO": "86-079379", "PARCEL_DISPOSAL_AUTH_NO": null, "SHAPE.AREA": 28404234.16715, "SHAPE.LEN": 21422.421217234503, "GLOBALID": "{4E95C48A-88CF-418B-897F-B155326FC672}"}}, {"type": "Feature", "id": 3326872, "geometry": {"type": "Polygon", "coordinates": [[[-120.429, 47.27494], [-120.45036, 47.27497], [-120.45005, 47.26042], [-120.44905, 47.26049], [-120.42972, 47.26069], [-120.429, 47.27494]]]}, "properties": {"OBJECTID": 3326872, "PARCEL_SYST_ID": 13291, "PARCEL_TYPE_CD": 1, "PARCEL_LABEL_NM": null, "PARCEL_NM": null, "REVERSION_RIGHTS_FLG": "N", "OWN_RIGHT_DISPUTE_FLG": "N", "SURFACE_RIGHTS_FLG": "Y", "MINERAL_RIGHTS_FLG": "Y", "TIMBER_RIGHTS_FLG": "Y", "SURFACE_TRUST_CD": 3, "SURFACE_TRUST_NM": "Common School and Indemnity", "MINERAL_TRUST_CD": 3, "MINERAL_TRUST_NM": "Common School and Indemnity", "TIMBER_TRUST_CD": 3, "TIMBER_TRUST_NM": "Common School and Indemnity", "OWNER_AGENT_SYST_ID": 58706, "STEWARD_AGENT_SYST_ID": 63986, "MANAGER_AGENT_SYST_ID": 63986, "TIMBER_OWNER_NM": null, "TIMBER_EXP_DT": null, "ORIGINAL_PATENT_DT": null, "COUNTY_JURISDICT_DESG_CD": 19, "COUNTY_NM": "Kittitas", "COUNTY_PARCEL_NO": null, "REGION_JURISDICT_DESG_CD": 100, "REGION_NM": "Southeast Region", "HCP_JURISDICT_DESG_CD": null, "HCP_DESG_CD": 1, "HCP_DESG_DT": 854611200000, "HCP_WITHDRAWAL_DT": null, "PARCEL_DESC_TXT": null, "EDIT_DATE": 1309330800000, "EDIT_STATUS": 1, "EDIT_WHO": "jdug490", "EASEMENT_TYPE_CD": null, "EASEMENT_TYPE_NM": null, "PARCEL_ACQUIRE_AUTH_NO": "US PATENT NO 46-86-0020", "PARCEL_DISPOSAL_AUTH_NO": null, "SHAPE.AREA": 27133740.5841, "SHAPE.LEN": 20864.4074953046, "GLOBALID": "{6F05A53E-F830-4253-83C0-D667F4F5F2B5}"}}, {"type": "Feature", "id": 3326958, "geometry": {"type": "Polygon", "coordinates": [[[-120.40811, 47.20466], [-120.41904, 47.20442], [-120.4295, 47.20469], [-120.42905, 47.19013], [-120.41885, 47.19021], [-120.40809, 47.19002], [-120.40789, 47.19706], [-120.40811, 47.20466]]]}, "properties": {"OBJECTID": 3326958, "PARCEL_SYST_ID": 5191, "PARCEL_TYPE_CD": 1, "PARCEL_LABEL_NM": null, "PARCEL_NM": null, "REVERSION_RIGHTS_FLG": "N", "OWN_RIGHT_DISPUTE_FLG": "N", "SURFACE_RIGHTS_FLG": "Y", "MINERAL_RIGHTS_FLG": "Y", "TIMBER_RIGHTS_FLG": "Y", "SURFACE_TRUST_CD": 3, "SURFACE_TRUST_NM": "Common School and Indemnity", "MINERAL_TRUST_CD": 3, "MINERAL_TRUST_NM": "Common School and Indemnity", "TIMBER_TRUST_CD": 3, "TIMBER_TRUST_NM": "Common School and Indemnity", "OWNER_AGENT_SYST_ID": 58706, "STEWARD_AGENT_SYST_ID": 63986, "MANAGER_AGENT_SYST_ID": 63986, "TIMBER_OWNER_NM": null, "TIMBER_EXP_DT": null, "ORIGINAL_PATENT_DT": null, "COUNTY_JURISDICT_DESG_CD": 19, "COUNTY_NM": "Kittitas", "COUNTY_PARCEL_NO": null, "REGION_JURISDICT_DESG_CD": 100, "REGION_NM": "Southeast Region", "HCP_JURISDICT_DESG_CD": null, "HCP_DESG_CD": 1, "HCP_DESG_DT": 854611200000, "HCP_WITHDRAWAL_DT": null, "PARCEL_DESC_TXT": null, "EDIT_DATE": 1309330800000, "EDIT_STATUS": 1, "EDIT_WHO": "jdug490", "EASEMENT_TYPE_CD": null, "EASEMENT_TYPE_NM": null, "PARCEL_ACQUIRE_AUTH_NO": "CLEAR LIST 10 INDEMNITY", "PARCEL_DISPOSAL_AUTH_NO": null, "SHAPE.AREA": 27790650.76275, "SHAPE.LEN": 21186.8603481192, "GLOBALID": "{D22DF0AA-0672-48CC-BD46-9570349BC542}"}}, {"type": "Feature", "id": 3327013, "geometry": {"type": "Polygon", "coordinates": [[[-120.52401, 47.62704], [-120.53477, 47.62723], [-120.5459, 47.62712], [-120.54557, 47.61244], [-120.53876, 47.61238], [-120.52397, 47.61231], [-120.52401, 47.62704]]]}, "properties": {"OBJECTID": 3327013, "PARCEL_SYST_ID": 10916, "PARCEL_TYPE_CD": 1, "PARCEL_LABEL_NM": null, "PARCEL_NM": null, "REVERSION_RIGHTS_FLG": "N", "OWN_RIGHT_DISPUTE_FLG": "N", "SURFACE_RIGHTS_FLG": "Y", "MINERAL_RIGHTS_FLG": "Y", "TIMBER_RIGHTS_FLG": "Y", "SURFACE_TRUST_CD": 3, "SURFACE_TRUST_NM": "Common School and Indemnity", "MINERAL_TRUST_CD": 3, "MINERAL_TRUST_NM": "Common School and Indemnity", "TIMBER_TRUST_CD": 3, "TIMBER_TRUST_NM": "Common School and Indemnity", "OWNER_AGENT_SYST_ID": 58706, "STEWARD_AGENT_SYST_ID": 63986, "MANAGER_AGENT_SYST_ID": 63986, "TIMBER_OWNER_NM": null, "TIMBER_EXP_DT": null, "ORIGINAL_PATENT_DT": null, "COUNTY_JURISDICT_DESG_CD": 4, "COUNTY_NM": "Chelan", "COUNTY_PARCEL_NO": null, "REGION_JURISDICT_DESG_CD": 100, "REGION_NM": "Southeast Region", "HCP_JURISDICT_DESG_CD": null, "HCP_DESG_CD": 1, "HCP_DESG_DT": 854611200000, "HCP_WITHDRAWAL_DT": null, "PARCEL_DESC_TXT": null, "EDIT_DATE": 1309330800000, "EDIT_STATUS": 1, "EDIT_WHO": "jdug490", "EASEMENT_TYPE_CD": null, "EASEMENT_TYPE_NM": null, "PARCEL_ACQUIRE_AUTH_NO": "US PATENT NO 46-74-0026", "PARCEL_DISPOSAL_AUTH_NO": null, "SHAPE.AREA": 28929592.12101, "SHAPE.LEN": 21457.923058370103, "GLOBALID": "{CC90326A-E899-4913-BC31-79B60DB0F566}"}}, {"type": "Feature", "id": 3327162, "geometry": {"type": "Polygon", "coordinates": [[[-120.58676, 47.47157], [-120.58656, 47.4716], [-120.58642, 47.47166], [-120.58625, 47.47182], [-120.58622, 47.47184], [-120.58592, 47.47213], [-120.5858, 47.47235], [-120.58568, 47.47253], [-120.58544, 47.47282], [-120.58508, 47.47328], [-120.58508, 47.47388], [-120.58773, 47.47388], [-120.58773, 47.47213], [-120.58772, 47.47213], [-120.58756, 47.47202], [-120.5875, 47.47195], [-120.58736, 47.47181], [-120.58732, 47.47175], [-120.58725, 47.47166], [-120.5872, 47.47158], [-120.58711, 47.47157], [-120.58693, 47.47156], [-120.58676, 47.47157]]]}, "properties": {"OBJECTID": 3327162, "PARCEL_SYST_ID": 14323, "PARCEL_TYPE_CD": 1, "PARCEL_LABEL_NM": "LARKSPUR MEADOWS NAP", "PARCEL_NM": null, "REVERSION_RIGHTS_FLG": "N", "OWN_RIGHT_DISPUTE_FLG": "N", "SURFACE_RIGHTS_FLG": "Y", "MINERAL_RIGHTS_FLG": "N", "TIMBER_RIGHTS_FLG": "Y", "SURFACE_TRUST_CD": 74, "SURFACE_TRUST_NM": "Natural Area Preserve", "MINERAL_TRUST_CD": 0, "MINERAL_TRUST_NM": "Trust Status Not Applicable Or Unknown", "TIMBER_TRUST_CD": 74, "TIMBER_TRUST_NM": "Natural Area Preserve", "OWNER_AGENT_SYST_ID": 58706, "STEWARD_AGENT_SYST_ID": 63986, "MANAGER_AGENT_SYST_ID": 63986, "TIMBER_OWNER_NM": null, "TIMBER_EXP_DT": null, "ORIGINAL_PATENT_DT": null, "COUNTY_JURISDICT_DESG_CD": 4, "COUNTY_NM": "Chelan", "COUNTY_PARCEL_NO": null, "REGION_JURISDICT_DESG_CD": 100, "REGION_NM": "Southeast Region", "HCP_JURISDICT_DESG_CD": null, "HCP_DESG_CD": 1, "HCP_DESG_DT": 854611200000, "HCP_WITHDRAWAL_DT": null, "PARCEL_DESC_TXT": null, "EDIT_DATE": 1492034320000, "EDIT_STATUS": 1, "EDIT_WHO": "JDUG490", "EASEMENT_TYPE_CD": null, "EASEMENT_TYPE_NM": null, "PARCEL_ACQUIRE_AUTH_NO": "02-053739", "PARCEL_DISPOSAL_AUTH_NO": null, "SHAPE.AREA": 432074.9277405, "SHAPE.LEN": 2635.9871543901804, "GLOBALID": "{36F251B7-2D03-40A4-85DA-04EB65E32350}"}}, {"type": "Feature", "id": 3327382, "geometry": {"type": "Polygon", "coordinates": [[[-120.893, 47.30335], [-120.88316, 47.30333], [-120.88315, 47.31052], [-120.88841, 47.31055], [-120.88842, 47.31415], [-120.89304, 47.31418], [-120.89301, 47.31058], [-120.893, 47.30335]]]}, "properties": {"OBJECTID": 3327382, "PARCEL_SYST_ID": 5068, "PARCEL_TYPE_CD": 1, "PARCEL_LABEL_NM": null, "PARCEL_NM": null, "REVERSION_RIGHTS_FLG": "N", "OWN_RIGHT_DISPUTE_FLG": "N", "SURFACE_RIGHTS_FLG": "Y", "MINERAL_RIGHTS_FLG": "Y", "TIMBER_RIGHTS_FLG": "Y", "SURFACE_TRUST_CD": 3, "SURFACE_TRUST_NM": "Common School and Indemnity", "MINERAL_TRUST_CD": 3, "MINERAL_TRUST_NM": "Common School and Indemnity", "TIMBER_TRUST_CD": 3, "TIMBER_TRUST_NM": "Common School and Indemnity", "OWNER_AGENT_SYST_ID": 58706, "STEWARD_AGENT_SYST_ID": 63986, "MANAGER_AGENT_SYST_ID": 63986, "TIMBER_OWNER_NM": null, "TIMBER_EXP_DT": null, "ORIGINAL_PATENT_DT": null, "COUNTY_JURISDICT_DESG_CD": 19, "COUNTY_NM": "Kittitas", "COUNTY_PARCEL_NO": null, "REGION_JURISDICT_DESG_CD": 100, "REGION_NM": "Southeast Region", "HCP_JURISDICT_DESG_CD": null, "HCP_DESG_CD": 1, "HCP_DESG_DT": 854611200000, "HCP_WITHDRAWAL_DT": null, "PARCEL_DESC_TXT": null, "EDIT_DATE": 1309330800000, "EDIT_STATUS": 1, "EDIT_WHO": "jdug490", "EASEMENT_TYPE_CD": null, "EASEMENT_TYPE_NM": null, "PARCEL_ACQUIRE_AUTH_NO": "CLEAR LIST 10 INDEMNITY", "PARCEL_DISPOSAL_AUTH_NO": null, "SHAPE.AREA": 7923857.829746, "SHAPE.LEN": 12774.1592304138, "GLOBALID": "{F4FD7A3A-96E7-44AE-9792-125A5564DC44}"}}, {"type": "Feature", "id": 3327454, "geometry": {"type": "Polygon", "coordinates": [[[-120.39086, 47.12623], [-120.39081, 47.13345], [-120.40254, 47.13253], [-120.4127, 47.13238], [-120.41248, 47.12518], [-120.41228, 47.11797], [-120.40717, 47.11803], [-120.40746, 47.12538], [-120.40227, 47.12568], [-120.40194, 47.12211], [-120.39637, 47.12247], [-120.39641, 47.12604], [-120.39086, 47.12623]]]}, "properties": {"OBJECTID": 3327454, "PARCEL_SYST_ID": 5173, "PARCEL_TYPE_CD": 1, "PARCEL_LABEL_NM": null, "PARCEL_NM": null, "REVERSION_RIGHTS_FLG": "N", "OWN_RIGHT_DISPUTE_FLG": "N", "SURFACE_RIGHTS_FLG": "Y", "MINERAL_RIGHTS_FLG": "Y", "TIMBER_RIGHTS_FLG": "Y", "SURFACE_TRUST_CD": 3, "SURFACE_TRUST_NM": "Common School and Indemnity", "MINERAL_TRUST_CD": 3, "MINERAL_TRUST_NM": "Common School and Indemnity", "TIMBER_TRUST_CD": 3, "TIMBER_TRUST_NM": "Common School and Indemnity", "OWNER_AGENT_SYST_ID": 58706, "STEWARD_AGENT_SYST_ID": 63986, "MANAGER_AGENT_SYST_ID": 63986, "TIMBER_OWNER_NM": null, "TIMBER_EXP_DT": null, "ORIGINAL_PATENT_DT": null, "COUNTY_JURISDICT_DESG_CD": 19, "COUNTY_NM": "Kittitas", "COUNTY_PARCEL_NO": null, "REGION_JURISDICT_DESG_CD": 100, "REGION_NM": "Southeast Region", "HCP_JURISDICT_DESG_CD": null, "HCP_DESG_CD": 1, "HCP_DESG_DT": 854611200000, "HCP_WITHDRAWAL_DT": null, "PARCEL_DESC_TXT": null, "EDIT_DATE": 1309330800000, "EDIT_STATUS": 1, "EDIT_WHO": "jdug490", "EASEMENT_TYPE_CD": null, "EASEMENT_TYPE_NM": null, "PARCEL_ACQUIRE_AUTH_NO": "CLEAR LIST 14 INDEMNITY", "PARCEL_DISPOSAL_AUTH_NO": null, "SHAPE.AREA": 19085885.441175, "SHAPE.LEN": 23984.8037412001, "GLOBALID": "{C91B3C04-EC6E-40E1-AD29-A6B5361346C2}"}}, {"type": "Feature", "id": 3327575, "geometry": {"type": "Polygon", "coordinates": [[[-120.87904, 47.11678], [-120.87939, 47.10249], [-120.85804, 47.10256], [-120.85791, 47.11695], [-120.86859, 47.11685], [-120.87904, 47.11678]]]}, "properties": {"OBJECTID": 3327575, "PARCEL_SYST_ID": 114718, "PARCEL_TYPE_CD": 1, "PARCEL_LABEL_NM": null, "PARCEL_NM": null, "REVERSION_RIGHTS_FLG": "N", "OWN_RIGHT_DISPUTE_FLG": "N", "SURFACE_RIGHTS_FLG": "Y", "MINERAL_RIGHTS_FLG": "N", "TIMBER_RIGHTS_FLG": "Y", "SURFACE_TRUST_CD": 3, "SURFACE_TRUST_NM": "Common School and Indemnity", "MINERAL_TRUST_CD": 0, "MINERAL_TRUST_NM": "Trust Status Not Applicable Or Unknown", "TIMBER_TRUST_CD": 3, "TIMBER_TRUST_NM": "Common School and Indemnity", "OWNER_AGENT_SYST_ID": 58706, "STEWARD_AGENT_SYST_ID": 63986, "MANAGER_AGENT_SYST_ID": 63986, "TIMBER_OWNER_NM": null, "TIMBER_EXP_DT": null, "ORIGINAL_PATENT_DT": null, "COUNTY_JURISDICT_DESG_CD": 19, "COUNTY_NM": "Kittitas", "COUNTY_PARCEL_NO": null, "REGION_JURISDICT_DESG_CD": 100, "REGION_NM": "Southeast Region", "HCP_JURISDICT_DESG_CD": null, "HCP_DESG_CD": 1, "HCP_DESG_DT": 1339657200000, "HCP_WITHDRAWAL_DT": null, "PARCEL_DESC_TXT": null, "EDIT_DATE": 1342692072000, "EDIT_STATUS": 0, "EDIT_WHO": "SDE", "EASEMENT_TYPE_CD": null, "EASEMENT_TYPE_NM": null, "PARCEL_ACQUIRE_AUTH_NO": "86-086120", "PARCEL_DISPOSAL_AUTH_NO": null, "SHAPE.AREA": 27624671.03404, "SHAPE.LEN": 21031.5410589659, "GLOBALID": "{D87DCFA2-74B7-4D20-BA9A-4153274E94B1}"}}, {"type": "Feature", "id": 3327814, "geometry": {"type": "Polygon", "coordinates": [[[-120.36938, 47.13393], [-120.36906, 47.14857], [-120.39069, 47.14792], [-120.39075, 47.14069], [-120.38526, 47.14077], [-120.38543, 47.1336], [-120.36938, 47.13393]]]}, "properties": {"OBJECTID": 3327814, "PARCEL_SYST_ID": 112637, "PARCEL_TYPE_CD": 1, "PARCEL_LABEL_NM": null, "PARCEL_NM": null, "REVERSION_RIGHTS_FLG": "N", "OWN_RIGHT_DISPUTE_FLG": "N", "SURFACE_RIGHTS_FLG": "Y", "MINERAL_RIGHTS_FLG": "N", "TIMBER_RIGHTS_FLG": "Y", "SURFACE_TRUST_CD": 3, "SURFACE_TRUST_NM": "Common School and Indemnity", "MINERAL_TRUST_CD": 0, "MINERAL_TRUST_NM": "Trust Status Not Applicable Or Unknown", "TIMBER_TRUST_CD": 3, "TIMBER_TRUST_NM": "Common School and Indemnity", "OWNER_AGENT_SYST_ID": 58706, "STEWARD_AGENT_SYST_ID": 63986, "MANAGER_AGENT_SYST_ID": 63986, "TIMBER_OWNER_NM": null, "TIMBER_EXP_DT": null, "ORIGINAL_PATENT_DT": null, "COUNTY_JURISDICT_DESG_CD": 19, "COUNTY_NM": "Kittitas", "COUNTY_PARCEL_NO": null, "REGION_JURISDICT_DESG_CD": 100, "REGION_NM": "Southeast Region", "HCP_JURISDICT_DESG_CD": null, "HCP_DESG_CD": 1, "HCP_DESG_DT": 1203667200000, "HCP_WITHDRAWAL_DT": null, "PARCEL_DESC_TXT": "W-KT-33", "EDIT_DATE": 1329379200000, "EDIT_STATUS": 0, "EDIT_WHO": "jdug490", "EASEMENT_TYPE_CD": null, "EASEMENT_TYPE_NM": null, "PARCEL_ACQUIRE_AUTH_NO": "86-079379", "PARCEL_DISPOSAL_AUTH_NO": null, "SHAPE.AREA": 24853628.812625, "SHAPE.LEN": 21344.2366927901, "GLOBALID": "{1D215B5B-A3CF-435D-8F19-F926A7E48D6B}"}}, {"type": "Feature", "id": 3327816, "geometry": {"type": "Polygon", "coordinates": [[[-120.30232, 47.20437], [-120.32368, 47.20449], [-120.32333, 47.19719], [-120.32323, 47.18983], [-120.31264, 47.18977], [-120.30213, 47.18997], [-120.30232, 47.20437]]]}, "properties": {"OBJECTID": 3327816, "PARCEL_SYST_ID": 112671, "PARCEL_TYPE_CD": 1, "PARCEL_LABEL_NM": null, "PARCEL_NM": null, "REVERSION_RIGHTS_FLG": "N", "OWN_RIGHT_DISPUTE_FLG": "N", "SURFACE_RIGHTS_FLG": "Y", "MINERAL_RIGHTS_FLG": "N", "TIMBER_RIGHTS_FLG": "Y", "SURFACE_TRUST_CD": 3, "SURFACE_TRUST_NM": "Common School and Indemnity", "MINERAL_TRUST_CD": 0, "MINERAL_TRUST_NM": "Trust Status Not Applicable Or Unknown", "TIMBER_TRUST_CD": 3, "TIMBER_TRUST_NM": "Common School and Indemnity", "OWNER_AGENT_SYST_ID": 58706, "STEWARD_AGENT_SYST_ID": 63986, "MANAGER_AGENT_SYST_ID": 63986, "TIMBER_OWNER_NM": null, "TIMBER_EXP_DT": null, "ORIGINAL_PATENT_DT": null, "COUNTY_JURISDICT_DESG_CD": 19, "COUNTY_NM": "Kittitas", "COUNTY_PARCEL_NO": null, "REGION_JURISDICT_DESG_CD": 100, "REGION_NM": "Southeast Region", "HCP_JURISDICT_DESG_CD": null, "HCP_DESG_CD": 1, "HCP_DESG_DT": 1203667200000, "HCP_WITHDRAWAL_DT": null, "PARCEL_DESC_TXT": "W-KT-65", "EDIT_DATE": 1329379200000, "EDIT_STATUS": 0, "EDIT_WHO": "jdug490", "EASEMENT_TYPE_CD": null, "EASEMENT_TYPE_NM": null, "PARCEL_ACQUIRE_AUTH_NO": "86-079379", "PARCEL_DISPOSAL_AUTH_NO": null, "SHAPE.AREA": 28005790.97195, "SHAPE.LEN": 21155.4101590843, "GLOBALID": "{DCA3E2AD-8A53-4322-9E16-9288B5B63E39}"}}, {"type": "Feature", "id": 3327817, "geometry": {"type": "Polygon", "coordinates": [[[-120.47053, 47.24816], [-120.48104, 47.24818], [-120.48132, 47.24106], [-120.47113, 47.24104], [-120.47053, 47.24816]]]}, "properties": {"OBJECTID": 3327817, "PARCEL_SYST_ID": 5181, "PARCEL_TYPE_CD": 1, "PARCEL_LABEL_NM": null, "PARCEL_NM": null, "REVERSION_RIGHTS_FLG": "N", "OWN_RIGHT_DISPUTE_FLG": "N", "SURFACE_RIGHTS_FLG": "Y", "MINERAL_RIGHTS_FLG": "Y", "TIMBER_RIGHTS_FLG": "Y", "SURFACE_TRUST_CD": 3, "SURFACE_TRUST_NM": "Common School and Indemnity", "MINERAL_TRUST_CD": 3, "MINERAL_TRUST_NM": "Common School and Indemnity", "TIMBER_TRUST_CD": 3, "TIMBER_TRUST_NM": "Common School and Indemnity", "OWNER_AGENT_SYST_ID": 58706, "STEWARD_AGENT_SYST_ID": 63986, "MANAGER_AGENT_SYST_ID": 63986, "TIMBER_OWNER_NM": null, "TIMBER_EXP_DT": null, "ORIGINAL_PATENT_DT": null, "COUNTY_JURISDICT_DESG_CD": 19, "COUNTY_NM": "Kittitas", "COUNTY_PARCEL_NO": null, "REGION_JURISDICT_DESG_CD": 100, "REGION_NM": "Southeast Region", "HCP_JURISDICT_DESG_CD": null, "HCP_DESG_CD": 1, "HCP_DESG_DT": 1203667200000, "HCP_WITHDRAWAL_DT": null, "PARCEL_DESC_TXT": "W-KT-46", "EDIT_DATE": 1329379200000, "EDIT_STATUS": 1, "EDIT_WHO": "jdug490", "EASEMENT_TYPE_CD": null, "EASEMENT_TYPE_NM": null, "PARCEL_ACQUIRE_AUTH_NO": "86-079379", "PARCEL_DISPOSAL_AUTH_NO": null, "SHAPE.AREA": 6673233.0318, "SHAPE.LEN": 10337.7245137208, "GLOBALID": "{516089E4-AB0A-4568-AE64-8C5C52D174CA}"}}, {"type": "Feature", "id": 3327820, "geometry": {"type": "Polygon", "coordinates": [[[-120.34087, 47.17547], [-120.34466, 47.17549], [-120.34618, 47.17548], [-120.34659, 47.16303], [-120.33051, 47.16286], [-120.33031, 47.16903], [-120.34098, 47.16926], [-120.34087, 47.17547]]]}, "properties": {"OBJECTID": 3327820, "PARCEL_SYST_ID": 112624, "PARCEL_TYPE_CD": 1, "PARCEL_LABEL_NM": null, "PARCEL_NM": null, "REVERSION_RIGHTS_FLG": "N", "OWN_RIGHT_DISPUTE_FLG": "N", "SURFACE_RIGHTS_FLG": "Y", "MINERAL_RIGHTS_FLG": "N", "TIMBER_RIGHTS_FLG": "Y", "SURFACE_TRUST_CD": 3, "SURFACE_TRUST_NM": "Common School and Indemnity", "MINERAL_TRUST_CD": 0, "MINERAL_TRUST_NM": "Trust Status Not Applicable Or Unknown", "TIMBER_TRUST_CD": 3, "TIMBER_TRUST_NM": "Common School and Indemnity", "OWNER_AGENT_SYST_ID": 58706, "STEWARD_AGENT_SYST_ID": 63986, "MANAGER_AGENT_SYST_ID": 63986, "TIMBER_OWNER_NM": null, "TIMBER_EXP_DT": null, "ORIGINAL_PATENT_DT": null, "COUNTY_JURISDICT_DESG_CD": 19, "COUNTY_NM": "Kittitas", "COUNTY_PARCEL_NO": null, "REGION_JURISDICT_DESG_CD": 100, "REGION_NM": "Southeast Region", "HCP_JURISDICT_DESG_CD": null, "HCP_DESG_CD": 1, "HCP_DESG_DT": 1203667200000, "HCP_WITHDRAWAL_DT": null, "PARCEL_DESC_TXT": "W-KT-21", "EDIT_DATE": 1329379200000, "EDIT_STATUS": 0, "EDIT_WHO": "jdug490", "EASEMENT_TYPE_CD": null, "EASEMENT_TYPE_NM": null, "PARCEL_ACQUIRE_AUTH_NO": "86-079379", "PARCEL_DISPOSAL_AUTH_NO": null, "SHAPE.AREA": 12118570.24983, "SHAPE.LEN": 17029.7671928675, "GLOBALID": "{ED182718-9C7C-4507-BD8D-62E340459518}"}}, {"type": "Feature", "id": 3327821, "geometry": {"type": "Polygon", "coordinates": [[[-120.45005, 47.26042], [-120.46117, 47.26053], [-120.46086, 47.25888], [-120.45485, 47.25879], [-120.45447, 47.25539], [-120.4491, 47.25541], [-120.44905, 47.26049], [-120.45005, 47.26042]]]}, "properties": {"OBJECTID": 3327821, "PARCEL_SYST_ID": 5179, "PARCEL_TYPE_CD": 1, "PARCEL_LABEL_NM": null, "PARCEL_NM": null, "REVERSION_RIGHTS_FLG": "N", "OWN_RIGHT_DISPUTE_FLG": "N", "SURFACE_RIGHTS_FLG": "Y", "MINERAL_RIGHTS_FLG": "Y", "TIMBER_RIGHTS_FLG": "Y", "SURFACE_TRUST_CD": 3, "SURFACE_TRUST_NM": "Common School and Indemnity", "MINERAL_TRUST_CD": 3, "MINERAL_TRUST_NM": "Common School and Indemnity", "TIMBER_TRUST_CD": 3, "TIMBER_TRUST_NM": "Common School and Indemnity", "OWNER_AGENT_SYST_ID": 58706, "STEWARD_AGENT_SYST_ID": 63986, "MANAGER_AGENT_SYST_ID": 63986, "TIMBER_OWNER_NM": null, "TIMBER_EXP_DT": null, "ORIGINAL_PATENT_DT": null, "COUNTY_JURISDICT_DESG_CD": 19, "COUNTY_NM": "Kittitas", "COUNTY_PARCEL_NO": null, "REGION_JURISDICT_DESG_CD": 100, "REGION_NM": "Southeast Region", "HCP_JURISDICT_DESG_CD": null, "HCP_DESG_CD": 1, "HCP_DESG_DT": 1203667200000, "HCP_WITHDRAWAL_DT": null, "PARCEL_DESC_TXT": null, "EDIT_DATE": 1329379200000, "EDIT_STATUS": 1, "EDIT_WHO": "jdug490", "EASEMENT_TYPE_CD": null, "EASEMENT_TYPE_NM": null, "PARCEL_ACQUIRE_AUTH_NO": "86-079379", "PARCEL_DISPOSAL_AUTH_NO": null, "SHAPE.AREA": 3505415.4738, "SHAPE.LEN": 9539.02548810599, "GLOBALID": "{CC8C2125-4AB3-40DD-8D48-3B74F58C8E08}"}}, {"type": "Feature", "id": 3327823, "geometry": {"type": "Polygon", "coordinates": [[[-120.40791, 47.17547], [-120.41203, 47.1755], [-120.41294, 47.16836], [-120.41278, 47.16122], [-120.40766, 47.16129], [-120.40239, 47.16138], [-120.39645, 47.16184], [-120.39063, 47.16229], [-120.39081, 47.16962], [-120.39082, 47.17546], [-120.40791, 47.17547]]]}, "properties": {"OBJECTID": 3327823, "PARCEL_SYST_ID": 112603, "PARCEL_TYPE_CD": 1, "PARCEL_LABEL_NM": null, "PARCEL_NM": null, "REVERSION_RIGHTS_FLG": "N", "OWN_RIGHT_DISPUTE_FLG": "N", "SURFACE_RIGHTS_FLG": "Y", "MINERAL_RIGHTS_FLG": "N", "TIMBER_RIGHTS_FLG": "Y", "SURFACE_TRUST_CD": 3, "SURFACE_TRUST_NM": "Common School and Indemnity", "MINERAL_TRUST_CD": 0, "MINERAL_TRUST_NM": "Trust Status Not Applicable Or Unknown", "TIMBER_TRUST_CD": 3, "TIMBER_TRUST_NM": "Common School and Indemnity", "OWNER_AGENT_SYST_ID": 58706, "STEWARD_AGENT_SYST_ID": 63986, "MANAGER_AGENT_SYST_ID": 63986, "TIMBER_OWNER_NM": null, "TIMBER_EXP_DT": null, "ORIGINAL_PATENT_DT": null, "COUNTY_JURISDICT_DESG_CD": 19, "COUNTY_NM": "Kittitas", "COUNTY_PARCEL_NO": null, "REGION_JURISDICT_DESG_CD": 100, "REGION_NM": "Southeast Region", "HCP_JURISDICT_DESG_CD": null, "HCP_DESG_CD": 1, "HCP_DESG_DT": 1203667200000, "HCP_WITHDRAWAL_DT": null, "PARCEL_DESC_TXT": "W-KT-03", "EDIT_DATE": 1329379200000, "EDIT_STATUS": 0, "EDIT_WHO": "jdug490", "EASEMENT_TYPE_CD": null, "EASEMENT_TYPE_NM": null, "PARCEL_ACQUIRE_AUTH_NO": "86-079379", "PARCEL_DISPOSAL_AUTH_NO": null, "SHAPE.AREA": 27606618.12225, "SHAPE.LEN": 20824.3045984586, "GLOBALID": "{B56684FB-79E0-4AAC-BEAE-08E57C5AF43E}"}}, {"type": "Feature", "id": 3327824, "geometry": {"type": "Polygon", "coordinates": [[[-120.29748, 47.14818], [-120.30286, 47.14826], [-120.30299, 47.14471], [-120.29759, 47.14466], [-120.29748, 47.14818]]]}, "properties": {"OBJECTID": 3327824, "PARCEL_SYST_ID": 5216, "PARCEL_TYPE_CD": 1, "PARCEL_LABEL_NM": null, "PARCEL_NM": null, "REVERSION_RIGHTS_FLG": "N", "OWN_RIGHT_DISPUTE_FLG": "N", "SURFACE_RIGHTS_FLG": "Y", "MINERAL_RIGHTS_FLG": "Y", "TIMBER_RIGHTS_FLG": "Y", "SURFACE_TRUST_CD": 7, "SURFACE_TRUST_NM": "Capitol Grant", "MINERAL_TRUST_CD": 3, "MINERAL_TRUST_NM": "Common School and Indemnity", "TIMBER_TRUST_CD": 7, "TIMBER_TRUST_NM": "Capitol Grant", "OWNER_AGENT_SYST_ID": 58706, "STEWARD_AGENT_SYST_ID": 63986, "MANAGER_AGENT_SYST_ID": 63986, "TIMBER_OWNER_NM": null, "TIMBER_EXP_DT": null, "ORIGINAL_PATENT_DT": null, "COUNTY_JURISDICT_DESG_CD": 19, "COUNTY_NM": "Kittitas", "COUNTY_PARCEL_NO": null, "REGION_JURISDICT_DESG_CD": 100, "REGION_NM": "Southeast Region", "HCP_JURISDICT_DESG_CD": null, "HCP_DESG_CD": 1, "HCP_DESG_DT": 1203667200000, "HCP_WITHDRAWAL_DT": null, "PARCEL_DESC_TXT": "W-KT-30", "EDIT_DATE": 1329379200000, "EDIT_STATUS": 1, "EDIT_WHO": "jdug490", "EASEMENT_TYPE_CD": null, "EASEMENT_TYPE_NM": null, "PARCEL_ACQUIRE_AUTH_NO": "86-079379", "PARCEL_DISPOSAL_AUTH_NO": null, "SHAPE.AREA": 1729253.3035, "SHAPE.LEN": 5261.1470629059295, "GLOBALID": "{903F4693-7DA1-42BE-9C1A-2092F5489A2A}"}}, {"type": "Feature", "id": 3327825, "geometry": {"type": "Polygon", "coordinates": [[[-120.38668, 47.2043], [-120.39731, 47.20441], [-120.40811, 47.20466], [-120.40789, 47.19706], [-120.40809, 47.19002], [-120.39749, 47.18998], [-120.38694, 47.18981], [-120.38698, 47.19705], [-120.38668, 47.2043]]]}, "properties": {"OBJECTID": 3327825, "PARCEL_SYST_ID": 112661, "PARCEL_TYPE_CD": 1, "PARCEL_LABEL_NM": null, "PARCEL_NM": null, "REVERSION_RIGHTS_FLG": "N", "OWN_RIGHT_DISPUTE_FLG": "N", "SURFACE_RIGHTS_FLG": "Y", "MINERAL_RIGHTS_FLG": "N", "TIMBER_RIGHTS_FLG": "Y", "SURFACE_TRUST_CD": 3, "SURFACE_TRUST_NM": "Common School and Indemnity", "MINERAL_TRUST_CD": 0, "MINERAL_TRUST_NM": "Trust Status Not Applicable Or Unknown", "TIMBER_TRUST_CD": 3, "TIMBER_TRUST_NM": "Common School and Indemnity", "OWNER_AGENT_SYST_ID": 58706, "STEWARD_AGENT_SYST_ID": 63986, "MANAGER_AGENT_SYST_ID": 63986, "TIMBER_OWNER_NM": null, "TIMBER_EXP_DT": null, "ORIGINAL_PATENT_DT": null, "COUNTY_JURISDICT_DESG_CD": 19, "COUNTY_NM": "Kittitas", "COUNTY_PARCEL_NO": null, "REGION_JURISDICT_DESG_CD": 100, "REGION_NM": "Southeast Region", "HCP_JURISDICT_DESG_CD": null, "HCP_DESG_CD": 1, "HCP_DESG_DT": 1203667200000, "HCP_WITHDRAWAL_DT": null, "PARCEL_DESC_TXT": "W-KT-56", "EDIT_DATE": 1329379200000, "EDIT_STATUS": 0, "EDIT_WHO": "jdug490", "EASEMENT_TYPE_CD": null, "EASEMENT_TYPE_NM": null, "PARCEL_ACQUIRE_AUTH_NO": "86-079379", "PARCEL_DISPOSAL_AUTH_NO": null, "SHAPE.AREA": 27743560.26165, "SHAPE.LEN": 21213.696426624898, "GLOBALID": "{D1323FE2-533E-485C-9634-24AFA6BE2119}"}}, {"type": "Feature", "id": 3327826, "geometry": {"type": "Polygon", "coordinates": [[[-120.46117, 47.26053], [-120.47078, 47.26058], [-120.47053, 47.24816], [-120.45937, 47.248], [-120.44901, 47.24841], [-120.4491, 47.25541], [-120.45447, 47.25539], [-120.45485, 47.25879], [-120.46086, 47.25888], [-120.46117, 47.26053]]]}, "properties": {"OBJECTID": 3327826, "PARCEL_SYST_ID": 112648, "PARCEL_TYPE_CD": 1, "PARCEL_LABEL_NM": null, "PARCEL_NM": null, "REVERSION_RIGHTS_FLG": "N", "OWN_RIGHT_DISPUTE_FLG": "N", "SURFACE_RIGHTS_FLG": "Y", "MINERAL_RIGHTS_FLG": "N", "TIMBER_RIGHTS_FLG": "Y", "SURFACE_TRUST_CD": 3, "SURFACE_TRUST_NM": "Common School and Indemnity", "MINERAL_TRUST_CD": 0, "MINERAL_TRUST_NM": "Trust Status Not Applicable Or Unknown", "TIMBER_TRUST_CD": 3, "TIMBER_TRUST_NM": "Common School and Indemnity", "OWNER_AGENT_SYST_ID": 58706, "STEWARD_AGENT_SYST_ID": 63986, "MANAGER_AGENT_SYST_ID": 63986, "TIMBER_OWNER_NM": null, "TIMBER_EXP_DT": null, "ORIGINAL_PATENT_DT": null, "COUNTY_JURISDICT_DESG_CD": 19, "COUNTY_NM": "Kittitas", "COUNTY_PARCEL_NO": null, "REGION_JURISDICT_DESG_CD": 100, "REGION_NM": "Southeast Region", "HCP_JURISDICT_DESG_CD": null, "HCP_DESG_CD": 1, "HCP_DESG_DT": 1203667200000, "HCP_WITHDRAWAL_DT": null, "PARCEL_DESC_TXT": "W-KT-43", "EDIT_DATE": 1329379200000, "EDIT_STATUS": 0, "EDIT_WHO": "jdug490", "EASEMENT_TYPE_CD": null, "EASEMENT_TYPE_NM": null, "PARCEL_ACQUIRE_AUTH_NO": "86-079379", "PARCEL_DISPOSAL_AUTH_NO": null, "SHAPE.AREA": 20681778.40235, "SHAPE.LEN": 19494.4484443728, "GLOBALID": "{461B15DD-6ECA-4093-B9ED-6F6965D70CEC}"}}, {"type": "Feature", "id": 3327861, "geometry": {"type": "Polygon", "coordinates": [[[-120.56905, 47.46665], [-120.57439, 47.46667], [-120.57706, 47.46668], [-120.57973, 47.46669], [-120.5824, 47.4667], [-120.58506, 47.46671], [-120.58505, 47.46313], [-120.58504, 47.45954], [-120.58499, 47.45775], [-120.58485, 47.45238], [-120.56383, 47.45216], [-120.56379, 47.45577], [-120.56907, 47.45582], [-120.56906, 47.45942], [-120.56905, 47.46304], [-120.56905, 47.46665]]]}, "properties": {"OBJECTID": 3327861, "PARCEL_SYST_ID": 2434, "PARCEL_TYPE_CD": 1, "PARCEL_LABEL_NM": "LARKSPUR MEADOWS NAP", "PARCEL_NM": null, "REVERSION_RIGHTS_FLG": "N", "OWN_RIGHT_DISPUTE_FLG": "N", "SURFACE_RIGHTS_FLG": "Y", "MINERAL_RIGHTS_FLG": "N", "TIMBER_RIGHTS_FLG": "Y", "SURFACE_TRUST_CD": 74, "SURFACE_TRUST_NM": "Natural Area Preserve", "MINERAL_TRUST_CD": 0, "MINERAL_TRUST_NM": "Trust Status Not Applicable Or Unknown", "TIMBER_TRUST_CD": 74, "TIMBER_TRUST_NM": "Natural Area Preserve", "OWNER_AGENT_SYST_ID": 58706, "STEWARD_AGENT_SYST_ID": 63986, "MANAGER_AGENT_SYST_ID": 63986, "TIMBER_OWNER_NM": null, "TIMBER_EXP_DT": null, "ORIGINAL_PATENT_DT": null, "COUNTY_JURISDICT_DESG_CD": 4, "COUNTY_NM": "Chelan", "COUNTY_PARCEL_NO": null, "REGION_JURISDICT_DESG_CD": 100, "REGION_NM": "Southeast Region", "HCP_JURISDICT_DESG_CD": null, "HCP_DESG_CD": 1, "HCP_DESG_DT": 854611200000, "HCP_WITHDRAWAL_DT": null, "PARCEL_DESC_TXT": null, "EDIT_DATE": 1492038717000, "EDIT_STATUS": 1, "EDIT_WHO": "JDUG490", "EASEMENT_TYPE_CD": null, "EASEMENT_TYPE_NM": null, "PARCEL_ACQUIRE_AUTH_NO": "02-053739", "PARCEL_DISPOSAL_AUTH_NO": null, "SHAPE.AREA": 22391970.3254165, "SHAPE.LEN": 20963.0339045, "GLOBALID": "{636C2C9A-EC27-4C9A-9406-87F476E0855C}"}}, {"type": "Feature", "id": 3328052, "geometry": {"type": "Polygon", "coordinates": [[[-120.87254, 47.34662], [-120.87254, 47.34289], [-120.87253, 47.33927], [-120.87276, 47.33206], [-120.85129, 47.33207], [-120.85131, 47.3393], [-120.85142, 47.34316], [-120.85135, 47.34659], [-120.86195, 47.34655], [-120.87254, 47.34662]]]}, "properties": {"OBJECTID": 3328052, "PARCEL_SYST_ID": 116229, "PARCEL_TYPE_CD": 1, "PARCEL_LABEL_NM": "Teanaway Com Forest", "PARCEL_NM": null, "REVERSION_RIGHTS_FLG": "N", "OWN_RIGHT_DISPUTE_FLG": "N", "SURFACE_RIGHTS_FLG": "Y", "MINERAL_RIGHTS_FLG": "Y", "TIMBER_RIGHTS_FLG": "Y", "SURFACE_TRUST_CD": 48, "SURFACE_TRUST_NM": "Community Forest Trust", "MINERAL_TRUST_CD": 48, "MINERAL_TRUST_NM": "Community Forest Trust", "TIMBER_TRUST_CD": 48, "TIMBER_TRUST_NM": "Community Forest Trust", "OWNER_AGENT_SYST_ID": 58706, "STEWARD_AGENT_SYST_ID": 63986, "MANAGER_AGENT_SYST_ID": 63986, "TIMBER_OWNER_NM": null, "TIMBER_EXP_DT": null, "ORIGINAL_PATENT_DT": null, "COUNTY_JURISDICT_DESG_CD": 19, "COUNTY_NM": "Kittitas", "COUNTY_PARCEL_NO": null, "REGION_JURISDICT_DESG_CD": 100, "REGION_NM": "Southeast Region", "HCP_JURISDICT_DESG_CD": null, "HCP_DESG_CD": 2, "HCP_DESG_DT": null, "HCP_WITHDRAWAL_DT": null, "PARCEL_DESC_TXT": null, "EDIT_DATE": 1658361153000, "EDIT_STATUS": 0, "EDIT_WHO": "TSTE490", "EASEMENT_TYPE_CD": null, "EASEMENT_TYPE_NM": null, "PARCEL_ACQUIRE_AUTH_NO": "08-090298", "PARCEL_DISPOSAL_AUTH_NO": null, "SHAPE.AREA": 27901522.158, "SHAPE.LEN": 21186.730649177298, "GLOBALID": "{7FB7D43F-AFD8-4AB9-8DE1-80A3AD668A76}"}}, {"type": "Feature", "id": 3328053, "geometry": {"type": "Polygon", "coordinates": [[[-120.87253, 47.33927], [-120.87254, 47.34289], [-120.88311, 47.343], [-120.88307, 47.34665], [-120.8931, 47.3466], [-120.89312, 47.33947], [-120.89288, 47.33236], [-120.87276, 47.33206], [-120.87253, 47.33927]]]}, "properties": {"OBJECTID": 3328053, "PARCEL_SYST_ID": 116230, "PARCEL_TYPE_CD": 1, "PARCEL_LABEL_NM": "Teanaway Com Forest", "PARCEL_NM": null, "REVERSION_RIGHTS_FLG": "N", "OWN_RIGHT_DISPUTE_FLG": "N", "SURFACE_RIGHTS_FLG": "Y", "MINERAL_RIGHTS_FLG": "Y", "TIMBER_RIGHTS_FLG": "Y", "SURFACE_TRUST_CD": 48, "SURFACE_TRUST_NM": "Community Forest Trust", "MINERAL_TRUST_CD": 48, "MINERAL_TRUST_NM": "Community Forest Trust", "TIMBER_TRUST_CD": 48, "TIMBER_TRUST_NM": "Community Forest Trust", "OWNER_AGENT_SYST_ID": 58706, "STEWARD_AGENT_SYST_ID": 63986, "MANAGER_AGENT_SYST_ID": 63986, "TIMBER_OWNER_NM": null, "TIMBER_EXP_DT": null, "ORIGINAL_PATENT_DT": null, "COUNTY_JURISDICT_DESG_CD": 19, "COUNTY_NM": "Kittitas", "COUNTY_PARCEL_NO": null, "REGION_JURISDICT_DESG_CD": 100, "REGION_NM": "Southeast Region", "HCP_JURISDICT_DESG_CD": null, "HCP_DESG_CD": 2, "HCP_DESG_DT": null, "HCP_WITHDRAWAL_DT": null, "PARCEL_DESC_TXT": null, "EDIT_DATE": 1658361153000, "EDIT_STATUS": 0, "EDIT_WHO": "TSTE490", "EASEMENT_TYPE_CD": null, "EASEMENT_TYPE_NM": null, "PARCEL_ACQUIRE_AUTH_NO": "08-090298", "PARCEL_DISPOSAL_AUTH_NO": null, "SHAPE.AREA": 23171305.4007, "SHAPE.LEN": 20572.7225973235, "GLOBALID": "{CC65D4A8-28CA-4FCC-A94F-305AC2E7B8A4}"}}, {"type": "Feature", "id": 3328169, "geometry": {"type": "Polygon", "coordinates": [[[-120.53457, 47.53116], [-120.53453, 47.53126], [-120.53452, 47.53135], [-120.53733, 47.53134], [-120.53722, 47.53126], [-120.53668, 47.53083], [-120.53664, 47.5308], [-120.53633, 47.53059], [-120.53621, 47.5305], [-120.53601, 47.53037], [-120.53579, 47.53029], [-120.5356, 47.53026], [-120.53526, 47.53026], [-120.53507, 47.5303], [-120.53504, 47.53031], [-120.53495, 47.53035], [-120.53481, 47.53046], [-120.53474, 47.53054], [-120.53465, 47.53079], [-120.53463, 47.53092], [-120.53458, 47.53108], [-120.53457, 47.53116]]]}, "properties": {"OBJECTID": 3328169, "PARCEL_SYST_ID": 10912, "PARCEL_TYPE_CD": 1, "PARCEL_LABEL_NM": null, "PARCEL_NM": null, "REVERSION_RIGHTS_FLG": "N", "OWN_RIGHT_DISPUTE_FLG": "N", "SURFACE_RIGHTS_FLG": "Y", "MINERAL_RIGHTS_FLG": "Y", "TIMBER_RIGHTS_FLG": "Y", "SURFACE_TRUST_CD": 3, "SURFACE_TRUST_NM": "Common School and Indemnity", "MINERAL_TRUST_CD": 3, "MINERAL_TRUST_NM": "Common School and Indemnity", "TIMBER_TRUST_CD": 3, "TIMBER_TRUST_NM": "Common School and Indemnity", "OWNER_AGENT_SYST_ID": 58706, "STEWARD_AGENT_SYST_ID": 63986, "MANAGER_AGENT_SYST_ID": 63986, "TIMBER_OWNER_NM": null, "TIMBER_EXP_DT": null, "ORIGINAL_PATENT_DT": null, "COUNTY_JURISDICT_DESG_CD": 4, "COUNTY_NM": "Chelan", "COUNTY_PARCEL_NO": null, "REGION_JURISDICT_DESG_CD": 100, "REGION_NM": "Southeast Region", "HCP_JURISDICT_DESG_CD": null, "HCP_DESG_CD": 2, "HCP_DESG_DT": null, "HCP_WITHDRAWAL_DT": 854611200000, "PARCEL_DESC_TXT": null, "EDIT_DATE": 1658361153000, "EDIT_STATUS": 1, "EDIT_WHO": "TSTE490", "EASEMENT_TYPE_CD": null, "EASEMENT_TYPE_NM": null, "PARCEL_ACQUIRE_AUTH_NO": "US PATENT NO 46-74-0027", "PARCEL_DISPOSAL_AUTH_NO": null, "SHAPE.AREA": 188160.3044475, "SHAPE.LEN": 1845.74441213826, "GLOBALID": "{83A6B80F-29C5-45A6-B2F2-3478543A572E}"}}, {"type": "Feature", "id": 3328184, "geometry": {"type": "Polygon", "coordinates": [[[-120.57445, 47.47515], [-120.57445, 47.47616], [-120.57447, 47.47743], [-120.57447, 47.47748], [-120.57978, 47.47749], [-120.5851, 47.47749], [-120.58508, 47.47388], [-120.58508, 47.47328], [-120.58507, 47.4729], [-120.58507, 47.47029], [-120.58241, 47.47029], [-120.57974, 47.47028], [-120.57708, 47.47028], [-120.57441, 47.47027], [-120.57444, 47.47385], [-120.57444, 47.47385], [-120.57445, 47.47515]]]}, "properties": {"OBJECTID": 3328184, "PARCEL_SYST_ID": 8467, "PARCEL_TYPE_CD": 1, "PARCEL_LABEL_NM": null, "PARCEL_NM": null, "REVERSION_RIGHTS_FLG": "N", "OWN_RIGHT_DISPUTE_FLG": "N", "SURFACE_RIGHTS_FLG": "Y", "MINERAL_RIGHTS_FLG": "Y", "TIMBER_RIGHTS_FLG": "Y", "SURFACE_TRUST_CD": 74, "SURFACE_TRUST_NM": "Natural Area Preserve", "MINERAL_TRUST_CD": 74, "MINERAL_TRUST_NM": "Natural Area Preserve", "TIMBER_TRUST_CD": 74, "TIMBER_TRUST_NM": "Natural Area Preserve", "OWNER_AGENT_SYST_ID": 58706, "STEWARD_AGENT_SYST_ID": 63986, "MANAGER_AGENT_SYST_ID": 63986, "TIMBER_OWNER_NM": null, "TIMBER_EXP_DT": null, "ORIGINAL_PATENT_DT": null, "COUNTY_JURISDICT_DESG_CD": 4, "COUNTY_NM": "Chelan", "COUNTY_PARCEL_NO": null, "REGION_JURISDICT_DESG_CD": 100, "REGION_NM": "Southeast Region", "HCP_JURISDICT_DESG_CD": null, "HCP_DESG_CD": 1, "HCP_DESG_DT": 949564800000, "HCP_WITHDRAWAL_DT": null, "PARCEL_DESC_TXT": null, "EDIT_DATE": 1454004127000, "EDIT_STATUS": 1, "EDIT_WHO": "JDUG490", "EASEMENT_TYPE_CD": null, "EASEMENT_TYPE_NM": null, "PARCEL_ACQUIRE_AUTH_NO": "08-073687", "PARCEL_DISPOSAL_AUTH_NO": null, "SHAPE.AREA": 6915213.121477, "SHAPE.LEN": 10521.8617080112, "GLOBALID": "{0C428C1A-20C7-42D1-980F-A596A7A2942B}"}}, {"type": "Feature", "id": 3328381, "geometry": {"type": "Polygon", "coordinates": [[[-120.66628, 47.05599], [-120.66629, 47.05647], [-120.66629, 47.05655], [-120.66833, 47.05737], [-120.66947, 47.05783], [-120.66977, 47.05795], [-120.67128, 47.05794], [-120.671, 47.05782], [-120.66988, 47.05736], [-120.66874, 47.0569], [-120.6673, 47.05632], [-120.6671, 47.05624], [-120.66628, 47.05517], [-120.66628, 47.05599]]]}, "properties": {"OBJECTID": 3328381, "PARCEL_SYST_ID": 14708, "PARCEL_TYPE_CD": 1, "PARCEL_LABEL_NM": null, "PARCEL_NM": null, "REVERSION_RIGHTS_FLG": "N", "OWN_RIGHT_DISPUTE_FLG": "N", "SURFACE_RIGHTS_FLG": "Y", "MINERAL_RIGHTS_FLG": "N", "TIMBER_RIGHTS_FLG": "Y", "SURFACE_TRUST_CD": 47, "SURFACE_TRUST_NM": "Milwaukee Road Corridor", "MINERAL_TRUST_CD": 0, "MINERAL_TRUST_NM": "Trust Status Not Applicable Or Unknown", "TIMBER_TRUST_CD": 47, "TIMBER_TRUST_NM": "Milwaukee Road Corridor", "OWNER_AGENT_SYST_ID": 58706, "STEWARD_AGENT_SYST_ID": 63986, "MANAGER_AGENT_SYST_ID": 63986, "TIMBER_OWNER_NM": null, "TIMBER_EXP_DT": null, "ORIGINAL_PATENT_DT": null, "COUNTY_JURISDICT_DESG_CD": 19, "COUNTY_NM": "Kittitas", "COUNTY_PARCEL_NO": null, "REGION_JURISDICT_DESG_CD": 100, "REGION_NM": "Southeast Region", "HCP_JURISDICT_DESG_CD": null, "HCP_DESG_CD": 2, "HCP_DESG_DT": null, "HCP_WITHDRAWAL_DT": 854611200000, "PARCEL_DESC_TXT": null, "EDIT_DATE": 1432857863000, "EDIT_STATUS": 1, "EDIT_WHO": "JDUG490", "EASEMENT_TYPE_CD": null, "EASEMENT_TYPE_NM": null, "PARCEL_ACQUIRE_AUTH_NO": null, "PARCEL_DISPOSAL_AUTH_NO": null, "SHAPE.AREA": 272861.209367, "SHAPE.LEN": 3538.8670183447502, "GLOBALID": "{D87299E0-5720-4229-BA2B-F6AACCBA0EA3}"}}, {"type": "Feature", "id": 3328382, "geometry": {"type": "Polygon", "coordinates": [[[-120.67163, 47.05793], [-120.67128, 47.05794], [-120.66977, 47.05795], [-120.67058, 47.05829], [-120.67117, 47.05854], [-120.67178, 47.05883], [-120.67223, 47.05906], [-120.67246, 47.05919], [-120.67272, 47.05935], [-120.67338, 47.05978], [-120.67399, 47.06019], [-120.6742, 47.06035], [-120.67439, 47.06049], [-120.67457, 47.06064], [-120.67476, 47.06081], [-120.67528, 47.06131], [-120.67553, 47.06157], [-120.67577, 47.06156], [-120.67632, 47.06213], [-120.67711, 47.06296], [-120.67799, 47.06388], [-120.68087, 47.06692], [-120.68192, 47.06802], [-120.68413, 47.07034], [-120.68538, 47.07166], [-120.68615, 47.07249], [-120.68624, 47.07259], [-120.68696, 47.0726], [-120.68695, 47.07259], [-120.68588, 47.07144], [-120.68464, 47.07012], [-120.68349, 47.06892], [-120.68372, 47.06892], [-120.68362, 47.06869], [-120.68344, 47.06837], [-120.68314, 47.06796], [-120.68291, 47.0677], [-120.68249, 47.0673], [-120.68226, 47.06709], [-120.68226, 47.06763], [-120.68226, 47.06789], [-120.68225, 47.06787], [-120.6812, 47.06677], [-120.67975, 47.06524], [-120.67995, 47.06524], [-120.67846, 47.06368], [-120.67679, 47.06192], [-120.67644, 47.06156], [-120.67672, 47.06155], [-120.67641, 47.06123], [-120.6761, 47.06092], [-120.67556, 47.0604], [-120.67515, 47.06005], [-120.67471, 47.05972], [-120.67408, 47.05929], [-120.67339, 47.05884], [-120.67285, 47.05852], [-120.67237, 47.05827], [-120.67172, 47.05797], [-120.67163, 47.05793]]]}, "properties": {"OBJECTID": 3328382, "PARCEL_SYST_ID": 14707, "PARCEL_TYPE_CD": 1, "PARCEL_LABEL_NM": null, "PARCEL_NM": null, "REVERSION_RIGHTS_FLG": "N", "OWN_RIGHT_DISPUTE_FLG": "N", "SURFACE_RIGHTS_FLG": "Y", "MINERAL_RIGHTS_FLG": "N", "TIMBER_RIGHTS_FLG": "Y", "SURFACE_TRUST_CD": 47, "SURFACE_TRUST_NM": "Milwaukee Road Corridor", "MINERAL_TRUST_CD": 0, "MINERAL_TRUST_NM": "Trust Status Not Applicable Or Unknown", "TIMBER_TRUST_CD": 47, "TIMBER_TRUST_NM": "Milwaukee Road Corridor", "OWNER_AGENT_SYST_ID": 58706, "STEWARD_AGENT_SYST_ID": 63986, "MANAGER_AGENT_SYST_ID": 63986, "TIMBER_OWNER_NM": null, "TIMBER_EXP_DT": null, "ORIGINAL_PATENT_DT": null, "COUNTY_JURISDICT_DESG_CD": 19, "COUNTY_NM": "Kittitas", "COUNTY_PARCEL_NO": null, "REGION_JURISDICT_DESG_CD": 100, "REGION_NM": "Southeast Region", "HCP_JURISDICT_DESG_CD": null, "HCP_DESG_CD": 2, "HCP_DESG_DT": null, "HCP_WITHDRAWAL_DT": 854611200000, "PARCEL_DESC_TXT": null, "EDIT_DATE": 1432857863000, "EDIT_STATUS": 1, "EDIT_WHO": "JDUG490", "EASEMENT_TYPE_CD": null, "EASEMENT_TYPE_NM": null, "PARCEL_ACQUIRE_AUTH_NO": null, "PARCEL_DISPOSAL_AUTH_NO": null, "SHAPE.AREA": 1194186.0933235, "SHAPE.LEN": 14895.2622629407, "GLOBALID": "{900A8098-7EAE-4736-9DC4-AD7847A4A62D}"}}, {"type": "Feature", "id": 3328461, "geometry": {"type": "Polygon", "coordinates": [[[-120.83614, 47.22512], [-120.83623, 47.2323], [-120.84685, 47.23234], [-120.85746, 47.23237], [-120.85727, 47.22521], [-120.85708, 47.21805], [-120.84657, 47.21799], [-120.83605, 47.21794], [-120.83614, 47.22512]]]}, "properties": {"OBJECTID": 3328461, "PARCEL_SYST_ID": 5060, "PARCEL_TYPE_CD": 1, "PARCEL_LABEL_NM": null, "PARCEL_NM": null, "REVERSION_RIGHTS_FLG": "N", "OWN_RIGHT_DISPUTE_FLG": "N", "SURFACE_RIGHTS_FLG": "Y", "MINERAL_RIGHTS_FLG": "Y", "TIMBER_RIGHTS_FLG": "Y", "SURFACE_TRUST_CD": 3, "SURFACE_TRUST_NM": "Common School and Indemnity", "MINERAL_TRUST_CD": 3, "MINERAL_TRUST_NM": "Common School and Indemnity", "TIMBER_TRUST_CD": 3, "TIMBER_TRUST_NM": "Common School and Indemnity", "OWNER_AGENT_SYST_ID": 58706, "STEWARD_AGENT_SYST_ID": 63986, "MANAGER_AGENT_SYST_ID": 63986, "TIMBER_OWNER_NM": null, "TIMBER_EXP_DT": null, "ORIGINAL_PATENT_DT": null, "COUNTY_JURISDICT_DESG_CD": 19, "COUNTY_NM": "Kittitas", "COUNTY_PARCEL_NO": null, "REGION_JURISDICT_DESG_CD": 100, "REGION_NM": "Southeast Region", "HCP_JURISDICT_DESG_CD": null, "HCP_DESG_CD": 1, "HCP_DESG_DT": 854611200000, "HCP_WITHDRAWAL_DT": null, "PARCEL_DESC_TXT": null, "EDIT_DATE": 1387934479000, "EDIT_STATUS": 1, "EDIT_WHO": "JDUG490", "EASEMENT_TYPE_CD": null, "EASEMENT_TYPE_NM": null, "PARCEL_ACQUIRE_AUTH_NO": "US PATENT NO 46-87-0001", "PARCEL_DISPOSAL_AUTH_NO": null, "SHAPE.AREA": 27467846.930339, "SHAPE.LEN": 20966.0746024306, "GLOBALID": "{EB16D14D-B42F-4987-AF0B-A2B09E271261}"}}, {"type": "Feature", "id": 3328479, "geometry": {"type": "Polygon", "coordinates": [[[-120.93526, 47.3034], [-120.95641, 47.30356], [-120.95643, 47.29148], [-120.95644, 47.28894], [-120.95331, 47.28895], [-120.93525, 47.28899], [-120.93526, 47.3034]]]}, "properties": {"OBJECTID": 3328479, "PARCEL_SYST_ID": 5026, "PARCEL_TYPE_CD": 1, "PARCEL_LABEL_NM": null, "PARCEL_NM": null, "REVERSION_RIGHTS_FLG": "N", "OWN_RIGHT_DISPUTE_FLG": "N", "SURFACE_RIGHTS_FLG": "Y", "MINERAL_RIGHTS_FLG": "Y", "TIMBER_RIGHTS_FLG": "Y", "SURFACE_TRUST_CD": 3, "SURFACE_TRUST_NM": "Common School and Indemnity", "MINERAL_TRUST_CD": 3, "MINERAL_TRUST_NM": "Common School and Indemnity", "TIMBER_TRUST_CD": 3, "TIMBER_TRUST_NM": "Common School and Indemnity", "OWNER_AGENT_SYST_ID": 58706, "STEWARD_AGENT_SYST_ID": 63986, "MANAGER_AGENT_SYST_ID": 63986, "TIMBER_OWNER_NM": null, "TIMBER_EXP_DT": null, "ORIGINAL_PATENT_DT": null, "COUNTY_JURISDICT_DESG_CD": 19, "COUNTY_NM": "Kittitas", "COUNTY_PARCEL_NO": null, "REGION_JURISDICT_DESG_CD": 100, "REGION_NM": "Southeast Region", "HCP_JURISDICT_DESG_CD": null, "HCP_DESG_CD": 1, "HCP_DESG_DT": 854611200000, "HCP_WITHDRAWAL_DT": null, "PARCEL_DESC_TXT": null, "EDIT_DATE": 1389229754000, "EDIT_STATUS": 1, "EDIT_WHO": "JDUG490", "EASEMENT_TYPE_CD": null, "EASEMENT_TYPE_NM": null, "PARCEL_ACQUIRE_AUTH_NO": "CLEAR LIST 10 INDEMNITY", "PARCEL_DISPOSAL_AUTH_NO": null, "SHAPE.AREA": 27796496.4989665, "SHAPE.LEN": 21089.455816963902, "GLOBALID": "{BC405EFC-71C6-4BC9-B8A9-883CFAFD8E61}"}}, {"type": "Feature", "id": 3328895, "geometry": {"type": "Polygon", "coordinates": [[[-120.42814, 47.24093], [-120.43851, 47.24106], [-120.43888, 47.23389], [-120.42819, 47.23375], [-120.42814, 47.24093]]]}, "properties": {"OBJECTID": 3328895, "PARCEL_SYST_ID": 5182, "PARCEL_TYPE_CD": 1, "PARCEL_LABEL_NM": null, "PARCEL_NM": null, "REVERSION_RIGHTS_FLG": "N", "OWN_RIGHT_DISPUTE_FLG": "N", "SURFACE_RIGHTS_FLG": "Y", "MINERAL_RIGHTS_FLG": "Y", "TIMBER_RIGHTS_FLG": "Y", "SURFACE_TRUST_CD": 3, "SURFACE_TRUST_NM": "Common School and Indemnity", "MINERAL_TRUST_CD": 3, "MINERAL_TRUST_NM": "Common School and Indemnity", "TIMBER_TRUST_CD": 3, "TIMBER_TRUST_NM": "Common School and Indemnity", "OWNER_AGENT_SYST_ID": 58706, "STEWARD_AGENT_SYST_ID": 63986, "MANAGER_AGENT_SYST_ID": 63986, "TIMBER_OWNER_NM": null, "TIMBER_EXP_DT": null, "ORIGINAL_PATENT_DT": null, "COUNTY_JURISDICT_DESG_CD": 19, "COUNTY_NM": "Kittitas", "COUNTY_PARCEL_NO": null, "REGION_JURISDICT_DESG_CD": 100, "REGION_NM": "Southeast Region", "HCP_JURISDICT_DESG_CD": null, "HCP_DESG_CD": 1, "HCP_DESG_DT": 854611200000, "HCP_WITHDRAWAL_DT": null, "PARCEL_DESC_TXT": null, "EDIT_DATE": 1309330800000, "EDIT_STATUS": 1, "EDIT_WHO": "jdug490", "EASEMENT_TYPE_CD": null, "EASEMENT_TYPE_NM": null, "PARCEL_ACQUIRE_AUTH_NO": "CLEAR LIST 10 INDEMNITY", "PARCEL_DISPOSAL_AUTH_NO": null, "SHAPE.AREA": 6853821.7468, "SHAPE.LEN": 10472.5187879929, "GLOBALID": "{4E16DE99-A821-407B-B3AB-249BD1E9A2A0}"}}, {"type": "Feature", "id": 3329037, "geometry": {"type": "Polygon", "coordinates": [[[-120.58504, 47.45954], [-120.58505, 47.46313], [-120.5877, 47.46315], [-120.58768, 47.45955], [-120.58763, 47.45776], [-120.58499, 47.45775], [-120.58504, 47.45954]]]}, "properties": {"OBJECTID": 3329037, "PARCEL_SYST_ID": 14321, "PARCEL_TYPE_CD": 1, "PARCEL_LABEL_NM": "LARKSPUR MEADOWS NAP", "PARCEL_NM": null, "REVERSION_RIGHTS_FLG": "N", "OWN_RIGHT_DISPUTE_FLG": "N", "SURFACE_RIGHTS_FLG": "Y", "MINERAL_RIGHTS_FLG": "N", "TIMBER_RIGHTS_FLG": "Y", "SURFACE_TRUST_CD": 74, "SURFACE_TRUST_NM": "Natural Area Preserve", "MINERAL_TRUST_CD": 0, "MINERAL_TRUST_NM": "Trust Status Not Applicable Or Unknown", "TIMBER_TRUST_CD": 74, "TIMBER_TRUST_NM": "Natural Area Preserve", "OWNER_AGENT_SYST_ID": 58706, "STEWARD_AGENT_SYST_ID": 63986, "MANAGER_AGENT_SYST_ID": 63986, "TIMBER_OWNER_NM": null, "TIMBER_EXP_DT": null, "ORIGINAL_PATENT_DT": null, "COUNTY_JURISDICT_DESG_CD": 4, "COUNTY_NM": "Chelan", "COUNTY_PARCEL_NO": null, "REGION_JURISDICT_DESG_CD": 100, "REGION_NM": "Southeast Region", "HCP_JURISDICT_DESG_CD": null, "HCP_DESG_CD": 1, "HCP_DESG_DT": 854611200000, "HCP_WITHDRAWAL_DT": null, "PARCEL_DESC_TXT": null, "EDIT_DATE": 1492034320000, "EDIT_STATUS": 1, "EDIT_WHO": "JDUG490", "EASEMENT_TYPE_CD": null, "EASEMENT_TYPE_NM": null, "PARCEL_ACQUIRE_AUTH_NO": "02-053739", "PARCEL_DISPOSAL_AUTH_NO": null, "SHAPE.AREA": 1284188.964718, "SHAPE.LEN": 5237.85702090739, "GLOBALID": "{1501FC54-5D9E-4390-9694-3B5692FE2B02}"}}, {"type": "Feature", "id": 3329086, "geometry": {"type": "Polygon", "coordinates": [[[-120.47074, 47.1758], [-120.47097, 47.18309], [-120.47074, 47.19023], [-120.48108, 47.18984], [-120.481, 47.18648], [-120.49222, 47.18653], [-120.49237, 47.17551], [-120.48134, 47.17562], [-120.47522, 47.17557], [-120.47074, 47.1758]]]}, "properties": {"OBJECTID": 3329086, "PARCEL_SYST_ID": 5193, "PARCEL_TYPE_CD": 1, "PARCEL_LABEL_NM": null, "PARCEL_NM": null, "REVERSION_RIGHTS_FLG": "N", "OWN_RIGHT_DISPUTE_FLG": "N", "SURFACE_RIGHTS_FLG": "Y", "MINERAL_RIGHTS_FLG": "Y", "TIMBER_RIGHTS_FLG": "Y", "SURFACE_TRUST_CD": 3, "SURFACE_TRUST_NM": "Common School and Indemnity", "MINERAL_TRUST_CD": 3, "MINERAL_TRUST_NM": "Common School and Indemnity", "TIMBER_TRUST_CD": 3, "TIMBER_TRUST_NM": "Common School and Indemnity", "OWNER_AGENT_SYST_ID": 58706, "STEWARD_AGENT_SYST_ID": 63986, "MANAGER_AGENT_SYST_ID": 63986, "TIMBER_OWNER_NM": null, "TIMBER_EXP_DT": null, "ORIGINAL_PATENT_DT": null, "COUNTY_JURISDICT_DESG_CD": 19, "COUNTY_NM": "Kittitas", "COUNTY_PARCEL_NO": null, "REGION_JURISDICT_DESG_CD": 100, "REGION_NM": "Southeast Region", "HCP_JURISDICT_DESG_CD": null, "HCP_DESG_CD": 1, "HCP_DESG_DT": 854611200000, "HCP_WITHDRAWAL_DT": null, "PARCEL_DESC_TXT": null, "EDIT_DATE": 1309330800000, "EDIT_STATUS": 1, "EDIT_WHO": "jdug490", "EASEMENT_TYPE_CD": null, "EASEMENT_TYPE_NM": null, "PARCEL_ACQUIRE_AUTH_NO": "CLEAR LIST 10 INDEMNITY", "PARCEL_DISPOSAL_AUTH_NO": null, "SHAPE.AREA": 24477645.55387, "SHAPE.LEN": 21260.9405766375, "GLOBALID": "{371353A3-62E5-449D-9E05-297DC9CA49A7}"}}, {"type": "Feature", "id": 3329099, "geometry": {"type": "Polygon", "coordinates": [[[-120.32368, 47.20449], [-120.34477, 47.20501], [-120.34479, 47.19097], [-120.32323, 47.18983], [-120.32333, 47.19719], [-120.32368, 47.20449]]]}, "properties": {"OBJECTID": 3329099, "PARCEL_SYST_ID": 5231, "PARCEL_TYPE_CD": 1, "PARCEL_LABEL_NM": null, "PARCEL_NM": null, "REVERSION_RIGHTS_FLG": "N", "OWN_RIGHT_DISPUTE_FLG": "N", "SURFACE_RIGHTS_FLG": "Y", "MINERAL_RIGHTS_FLG": "Y", "TIMBER_RIGHTS_FLG": "Y", "SURFACE_TRUST_CD": 3, "SURFACE_TRUST_NM": "Common School and Indemnity", "MINERAL_TRUST_CD": 3, "MINERAL_TRUST_NM": "Common School and Indemnity", "TIMBER_TRUST_CD": 3, "TIMBER_TRUST_NM": "Common School and Indemnity", "OWNER_AGENT_SYST_ID": 58706, "STEWARD_AGENT_SYST_ID": 63986, "MANAGER_AGENT_SYST_ID": 63986, "TIMBER_OWNER_NM": null, "TIMBER_EXP_DT": null, "ORIGINAL_PATENT_DT": null, "COUNTY_JURISDICT_DESG_CD": 19, "COUNTY_NM": "Kittitas", "COUNTY_PARCEL_NO": null, "REGION_JURISDICT_DESG_CD": 100, "REGION_NM": "Southeast Region", "HCP_JURISDICT_DESG_CD": null, "HCP_DESG_CD": 1, "HCP_DESG_DT": 854611200000, "HCP_WITHDRAWAL_DT": null, "PARCEL_DESC_TXT": null, "EDIT_DATE": 1309330800000, "EDIT_STATUS": 1, "EDIT_WHO": "jdug490", "EASEMENT_TYPE_CD": null, "EASEMENT_TYPE_NM": null, "PARCEL_ACQUIRE_AUTH_NO": "CLEAR LIST 10 INDEMNITY", "PARCEL_DISPOSAL_AUTH_NO": null, "SHAPE.AREA": 27817197.16725, "SHAPE.LEN": 21093.170349687603, "GLOBALID": "{5C3AB9C3-6ABF-4B75-9987-B4C43E3FF6E8}"}}, {"type": "Feature", "id": 3329128, "geometry": {"type": "Polygon", "coordinates": [[[-120.85652, 47.06994], [-120.86703, 47.0702], [-120.87796, 47.07055], [-120.87786, 47.06288], [-120.87272, 47.06295], [-120.87283, 47.06659], [-120.86751, 47.06651], [-120.86738, 47.05939], [-120.87275, 47.05927], [-120.87263, 47.05567], [-120.85652, 47.05571], [-120.85652, 47.06994]]]}, "properties": {"OBJECTID": 3329128, "PARCEL_SYST_ID": 5045, "PARCEL_TYPE_CD": 1, "PARCEL_LABEL_NM": null, "PARCEL_NM": null, "REVERSION_RIGHTS_FLG": "N", "OWN_RIGHT_DISPUTE_FLG": "N", "SURFACE_RIGHTS_FLG": "Y", "MINERAL_RIGHTS_FLG": "Y", "TIMBER_RIGHTS_FLG": "Y", "SURFACE_TRUST_CD": 3, "SURFACE_TRUST_NM": "Common School and Indemnity", "MINERAL_TRUST_CD": 3, "MINERAL_TRUST_NM": "Common School and Indemnity", "TIMBER_TRUST_CD": 3, "TIMBER_TRUST_NM": "Common School and Indemnity", "OWNER_AGENT_SYST_ID": 58706, "STEWARD_AGENT_SYST_ID": 63986, "MANAGER_AGENT_SYST_ID": 63986, "TIMBER_OWNER_NM": null, "TIMBER_EXP_DT": null, "ORIGINAL_PATENT_DT": null, "COUNTY_JURISDICT_DESG_CD": 19, "COUNTY_NM": "Kittitas", "COUNTY_PARCEL_NO": null, "REGION_JURISDICT_DESG_CD": 100, "REGION_NM": "Southeast Region", "HCP_JURISDICT_DESG_CD": null, "HCP_DESG_CD": 1, "HCP_DESG_DT": 854611200000, "HCP_WITHDRAWAL_DT": null, "PARCEL_DESC_TXT": null, "EDIT_DATE": 1309330800000, "EDIT_STATUS": 1, "EDIT_WHO": "jdug490", "EASEMENT_TYPE_CD": null, "EASEMENT_TYPE_NM": null, "PARCEL_ACQUIRE_AUTH_NO": "CLEAR LIST 21 INDEMNITY", "PARCEL_DISPOSAL_AUTH_NO": null, "SHAPE.AREA": 21362980.6061, "SHAPE.LEN": 26528.3238881335, "GLOBALID": "{248020EF-1130-44D4-AADB-D8A1D3D79478}"}}, {"type": "Feature", "id": 3329147, "geometry": {"type": "Polygon", "coordinates": [[[-120.51284, 47.19013], [-120.53407, 47.19018], [-120.53413, 47.18276], [-120.53397, 47.1757], [-120.52841, 47.17548], [-120.51805, 47.17575], [-120.51281, 47.17577], [-120.51328, 47.18292], [-120.51284, 47.19013]]]}, "properties": {"OBJECTID": 3329147, "PARCEL_SYST_ID": 5148, "PARCEL_TYPE_CD": 1, "PARCEL_LABEL_NM": null, "PARCEL_NM": null, "REVERSION_RIGHTS_FLG": "N", "OWN_RIGHT_DISPUTE_FLG": "N", "SURFACE_RIGHTS_FLG": "Y", "MINERAL_RIGHTS_FLG": "Y", "TIMBER_RIGHTS_FLG": "Y", "SURFACE_TRUST_CD": 3, "SURFACE_TRUST_NM": "Common School and Indemnity", "MINERAL_TRUST_CD": 3, "MINERAL_TRUST_NM": "Common School and Indemnity", "TIMBER_TRUST_CD": 3, "TIMBER_TRUST_NM": "Common School and Indemnity", "OWNER_AGENT_SYST_ID": 58706, "STEWARD_AGENT_SYST_ID": 63986, "MANAGER_AGENT_SYST_ID": 63986, "TIMBER_OWNER_NM": null, "TIMBER_EXP_DT": null, "ORIGINAL_PATENT_DT": null, "COUNTY_JURISDICT_DESG_CD": 19, "COUNTY_NM": "Kittitas", "COUNTY_PARCEL_NO": null, "REGION_JURISDICT_DESG_CD": 100, "REGION_NM": "Southeast Region", "HCP_JURISDICT_DESG_CD": null, "HCP_DESG_CD": 1, "HCP_DESG_DT": 854611200000, "HCP_WITHDRAWAL_DT": null, "PARCEL_DESC_TXT": null, "EDIT_DATE": 1309330800000, "EDIT_STATUS": 1, "EDIT_WHO": "jdug490", "EASEMENT_TYPE_CD": null, "EASEMENT_TYPE_NM": null, "PARCEL_ACQUIRE_AUTH_NO": "US PATENT NO 46-87-0002", "PARCEL_DISPOSAL_AUTH_NO": null, "SHAPE.AREA": 27668132.914795, "SHAPE.LEN": 21069.8193856313, "GLOBALID": "{D64311C2-E640-42E0-B08D-AAF2189DC5AB}"}}, {"type": "Feature", "id": 3329226, "geometry": {"type": "Polygon", "coordinates": [[[-120.27962, 47.24774], [-120.28055, 47.26112], [-120.28237, 47.26111], [-120.29235, 47.2611], [-120.30151, 47.26109], [-120.30135, 47.24715], [-120.27962, 47.24774]]]}, "properties": {"OBJECTID": 3329226, "PARCEL_SYST_ID": 13292, "PARCEL_TYPE_CD": 1, "PARCEL_LABEL_NM": null, "PARCEL_NM": null, "REVERSION_RIGHTS_FLG": "N", "OWN_RIGHT_DISPUTE_FLG": "N", "SURFACE_RIGHTS_FLG": "Y", "MINERAL_RIGHTS_FLG": "N", "TIMBER_RIGHTS_FLG": "Y", "SURFACE_TRUST_CD": 3, "SURFACE_TRUST_NM": "Common School and Indemnity", "MINERAL_TRUST_CD": 0, "MINERAL_TRUST_NM": "Trust Status Not Applicable Or Unknown", "TIMBER_TRUST_CD": 3, "TIMBER_TRUST_NM": "Common School and Indemnity", "OWNER_AGENT_SYST_ID": 58706, "STEWARD_AGENT_SYST_ID": 63986, "MANAGER_AGENT_SYST_ID": 63986, "TIMBER_OWNER_NM": null, "TIMBER_EXP_DT": null, "ORIGINAL_PATENT_DT": null, "COUNTY_JURISDICT_DESG_CD": 19, "COUNTY_NM": "Kittitas", "COUNTY_PARCEL_NO": null, "REGION_JURISDICT_DESG_CD": 100, "REGION_NM": "Southeast Region", "HCP_JURISDICT_DESG_CD": null, "HCP_DESG_CD": 1, "HCP_DESG_DT": 854611200000, "HCP_WITHDRAWAL_DT": null, "PARCEL_DESC_TXT": null, "EDIT_DATE": 1309330800000, "EDIT_STATUS": 1, "EDIT_WHO": "jdug490", "EASEMENT_TYPE_CD": null, "EASEMENT_TYPE_NM": null, "PARCEL_ACQUIRE_AUTH_NO": "US PATENT NO 46-86-0020", "PARCEL_DISPOSAL_AUTH_NO": null, "SHAPE.AREA": 26430551.934595, "SHAPE.LEN": 20580.2013725374, "GLOBALID": "{8FAB2A54-04B9-49CD-BC10-C3AA9622AF69}"}}, {"type": "Feature", "id": 3329499, "geometry": {"type": "Polygon", "coordinates": [[[-120.56062, 47.11376], [-120.55522, 47.11378], [-120.55526, 47.11739], [-120.56064, 47.11735], [-120.56062, 47.11376]]]}, "properties": {"OBJECTID": 3329499, "PARCEL_SYST_ID": 5143, "PARCEL_TYPE_CD": 1, "PARCEL_LABEL_NM": null, "PARCEL_NM": null, "REVERSION_RIGHTS_FLG": "N", "OWN_RIGHT_DISPUTE_FLG": "N", "SURFACE_RIGHTS_FLG": "Y", "MINERAL_RIGHTS_FLG": "Y", "TIMBER_RIGHTS_FLG": "Y", "SURFACE_TRUST_CD": 3, "SURFACE_TRUST_NM": "Common School and Indemnity", "MINERAL_TRUST_CD": 3, "MINERAL_TRUST_NM": "Common School and Indemnity", "TIMBER_TRUST_CD": 3, "TIMBER_TRUST_NM": "Common School and Indemnity", "OWNER_AGENT_SYST_ID": 58706, "STEWARD_AGENT_SYST_ID": 63986, "MANAGER_AGENT_SYST_ID": 63986, "TIMBER_OWNER_NM": null, "TIMBER_EXP_DT": null, "ORIGINAL_PATENT_DT": null, "COUNTY_JURISDICT_DESG_CD": 19, "COUNTY_NM": "Kittitas", "COUNTY_PARCEL_NO": null, "REGION_JURISDICT_DESG_CD": 100, "REGION_NM": "Southeast Region", "HCP_JURISDICT_DESG_CD": null, "HCP_DESG_CD": 1, "HCP_DESG_DT": 854611200000, "HCP_WITHDRAWAL_DT": null, "PARCEL_DESC_TXT": null, "EDIT_DATE": 1309330800000, "EDIT_STATUS": 1, "EDIT_WHO": "jdug490", "EASEMENT_TYPE_CD": null, "EASEMENT_TYPE_NM": null, "PARCEL_ACQUIRE_AUTH_NO": null, "PARCEL_DISPOSAL_AUTH_NO": null, "SHAPE.AREA": 1761832.0038, "SHAPE.LEN": 5309.68436300375, "GLOBALID": "{9330B03F-4892-4F6D-93D4-FD38C476410F}"}}, {"type": "Feature", "id": 3329757, "geometry": {"type": "Polygon", "coordinates": [[[-120.4129, 47.10381], [-120.41228, 47.11797], [-120.4338, 47.11788], [-120.43387, 47.11068], [-120.43393, 47.10342], [-120.4129, 47.10381]]]}, "properties": {"OBJECTID": 3329757, "PARCEL_SYST_ID": 5174, "PARCEL_TYPE_CD": 1, "PARCEL_LABEL_NM": null, "PARCEL_NM": null, "REVERSION_RIGHTS_FLG": "N", "OWN_RIGHT_DISPUTE_FLG": "N", "SURFACE_RIGHTS_FLG": "Y", "MINERAL_RIGHTS_FLG": "Y", "TIMBER_RIGHTS_FLG": "Y", "SURFACE_TRUST_CD": 3, "SURFACE_TRUST_NM": "Common School and Indemnity", "MINERAL_TRUST_CD": 3, "MINERAL_TRUST_NM": "Common School and Indemnity", "TIMBER_TRUST_CD": 3, "TIMBER_TRUST_NM": "Common School and Indemnity", "OWNER_AGENT_SYST_ID": 58706, "STEWARD_AGENT_SYST_ID": 63986, "MANAGER_AGENT_SYST_ID": 63986, "TIMBER_OWNER_NM": null, "TIMBER_EXP_DT": null, "ORIGINAL_PATENT_DT": null, "COUNTY_JURISDICT_DESG_CD": 19, "COUNTY_NM": "Kittitas", "COUNTY_PARCEL_NO": null, "REGION_JURISDICT_DESG_CD": 100, "REGION_NM": "Southeast Region", "HCP_JURISDICT_DESG_CD": null, "HCP_DESG_CD": 1, "HCP_DESG_DT": 854611200000, "HCP_WITHDRAWAL_DT": null, "PARCEL_DESC_TXT": null, "EDIT_DATE": 1309330800000, "EDIT_STATUS": 1, "EDIT_WHO": "jdug490", "EASEMENT_TYPE_CD": null, "EASEMENT_TYPE_NM": null, "PARCEL_ACQUIRE_AUTH_NO": "CLEAR LIST 21 INDEMNITY", "PARCEL_DISPOSAL_AUTH_NO": null, "SHAPE.AREA": 27661663.7962, "SHAPE.LEN": 21044.876680457997, "GLOBALID": "{6F1C9565-3129-4401-9A43-EDF00C4EC1F7}"}}, {"type": "Feature", "id": 3329771, "geometry": {"type": "Polygon", "coordinates": [[[-120.44928, 47.23386], [-120.46005, 47.23369], [-120.47172, 47.23397], [-120.47082, 47.21935], [-120.46025, 47.22014], [-120.44997, 47.21977], [-120.44979, 47.22669], [-120.44928, 47.23386]]]}, "properties": {"OBJECTID": 3329771, "PARCEL_SYST_ID": 5185, "PARCEL_TYPE_CD": 1, "PARCEL_LABEL_NM": null, "PARCEL_NM": null, "REVERSION_RIGHTS_FLG": "N", "OWN_RIGHT_DISPUTE_FLG": "N", "SURFACE_RIGHTS_FLG": "Y", "MINERAL_RIGHTS_FLG": "Y", "TIMBER_RIGHTS_FLG": "Y", "SURFACE_TRUST_CD": 3, "SURFACE_TRUST_NM": "Common School and Indemnity", "MINERAL_TRUST_CD": 3, "MINERAL_TRUST_NM": "Common School and Indemnity", "TIMBER_TRUST_CD": 3, "TIMBER_TRUST_NM": "Common School and Indemnity", "OWNER_AGENT_SYST_ID": 58706, "STEWARD_AGENT_SYST_ID": 63986, "MANAGER_AGENT_SYST_ID": 63986, "TIMBER_OWNER_NM": null, "TIMBER_EXP_DT": null, "ORIGINAL_PATENT_DT": null, "COUNTY_JURISDICT_DESG_CD": 19, "COUNTY_NM": "Kittitas", "COUNTY_PARCEL_NO": null, "REGION_JURISDICT_DESG_CD": 100, "REGION_NM": "Southeast Region", "HCP_JURISDICT_DESG_CD": null, "HCP_DESG_CD": 1, "HCP_DESG_DT": 854611200000, "HCP_WITHDRAWAL_DT": null, "PARCEL_DESC_TXT": null, "EDIT_DATE": 1309330800000, "EDIT_STATUS": 1, "EDIT_WHO": "jdug490", "EASEMENT_TYPE_CD": null, "EASEMENT_TYPE_NM": null, "PARCEL_ACQUIRE_AUTH_NO": "US PATENT NO 46-87-0001", "PARCEL_DISPOSAL_AUTH_NO": null, "SHAPE.AREA": 27283090.639645, "SHAPE.LEN": 21254.6758151916, "GLOBALID": "{32710FBC-4795-4CEA-8684-1616B649148C}"}}, {"type": "Feature", "id": 3329788, "geometry": {"type": "Polygon", "coordinates": [[[-120.87771, 47.04112], [-120.87772, 47.0445], [-120.8884, 47.04458], [-120.88843, 47.05189], [-120.87776, 47.05196], [-120.87777, 47.05566], [-120.88828, 47.05565], [-120.89769, 47.05566], [-120.89749, 47.04113], [-120.88828, 47.04092], [-120.87771, 47.04112]]]}, "properties": {"OBJECTID": 3329788, "PARCEL_SYST_ID": 5048, "PARCEL_TYPE_CD": 1, "PARCEL_LABEL_NM": null, "PARCEL_NM": null, "REVERSION_RIGHTS_FLG": "N", "OWN_RIGHT_DISPUTE_FLG": "N", "SURFACE_RIGHTS_FLG": "Y", "MINERAL_RIGHTS_FLG": "Y", "TIMBER_RIGHTS_FLG": "Y", "SURFACE_TRUST_CD": 3, "SURFACE_TRUST_NM": "Common School and Indemnity", "MINERAL_TRUST_CD": 3, "MINERAL_TRUST_NM": "Common School and Indemnity", "TIMBER_TRUST_CD": 3, "TIMBER_TRUST_NM": "Common School and Indemnity", "OWNER_AGENT_SYST_ID": 58706, "STEWARD_AGENT_SYST_ID": 63986, "MANAGER_AGENT_SYST_ID": 63986, "TIMBER_OWNER_NM": null, "TIMBER_EXP_DT": null, "ORIGINAL_PATENT_DT": null, "COUNTY_JURISDICT_DESG_CD": 19, "COUNTY_NM": "Kittitas", "COUNTY_PARCEL_NO": null, "REGION_JURISDICT_DESG_CD": 100, "REGION_NM": "Southeast Region", "HCP_JURISDICT_DESG_CD": null, "HCP_DESG_CD": 1, "HCP_DESG_DT": 854611200000, "HCP_WITHDRAWAL_DT": null, "PARCEL_DESC_TXT": null, "EDIT_DATE": 1309330800000, "EDIT_STATUS": 1, "EDIT_WHO": "jdug490", "EASEMENT_TYPE_CD": null, "EASEMENT_TYPE_NM": null, "PARCEL_ACQUIRE_AUTH_NO": "CLEAR LIST 39 INDEMNITY", "PARCEL_DISPOSAL_AUTH_NO": null, "SHAPE.AREA": 19237635.08454, "SHAPE.LEN": 25768.7437723973, "GLOBALID": "{D3522C1F-3E98-489E-AE83-A9BEDDBE3E11}"}}, {"type": "Feature", "id": 3330060, "geometry": {"type": "Polygon", "coordinates": [[[-120.79272, 47.05562], [-120.80343, 47.05564], [-120.81385, 47.05561], [-120.81416, 47.04834], [-120.8141, 47.04108], [-120.80338, 47.04106], [-120.79252, 47.04102], [-120.79268, 47.04827], [-120.79272, 47.05562]]]}, "properties": {"OBJECTID": 3330060, "PARCEL_SYST_ID": 5046, "PARCEL_TYPE_CD": 1, "PARCEL_LABEL_NM": null, "PARCEL_NM": null, "REVERSION_RIGHTS_FLG": "N", "OWN_RIGHT_DISPUTE_FLG": "N", "SURFACE_RIGHTS_FLG": "Y", "MINERAL_RIGHTS_FLG": "Y", "TIMBER_RIGHTS_FLG": "Y", "SURFACE_TRUST_CD": 3, "SURFACE_TRUST_NM": "Common School and Indemnity", "MINERAL_TRUST_CD": 3, "MINERAL_TRUST_NM": "Common School and Indemnity", "TIMBER_TRUST_CD": 3, "TIMBER_TRUST_NM": "Common School and Indemnity", "OWNER_AGENT_SYST_ID": 58706, "STEWARD_AGENT_SYST_ID": 63986, "MANAGER_AGENT_SYST_ID": 63986, "TIMBER_OWNER_NM": null, "TIMBER_EXP_DT": null, "ORIGINAL_PATENT_DT": null, "COUNTY_JURISDICT_DESG_CD": 19, "COUNTY_NM": "Kittitas", "COUNTY_PARCEL_NO": null, "REGION_JURISDICT_DESG_CD": 100, "REGION_NM": "Southeast Region", "HCP_JURISDICT_DESG_CD": null, "HCP_DESG_CD": 1, "HCP_DESG_DT": 854611200000, "HCP_WITHDRAWAL_DT": null, "PARCEL_DESC_TXT": null, "EDIT_DATE": 1309330800000, "EDIT_STATUS": 1, "EDIT_WHO": "jdug490", "EASEMENT_TYPE_CD": null, "EASEMENT_TYPE_NM": null, "PARCEL_ACQUIRE_AUTH_NO": null, "PARCEL_DISPOSAL_AUTH_NO": null, "SHAPE.AREA": 28382115.7584805, "SHAPE.LEN": 21273.269188775903, "GLOBALID": "{2D41E845-AB99-4B69-B7AD-4C6C55F3AB63}"}}, {"type": "Feature", "id": 3330101, "geometry": {"type": "Polygon", "coordinates": [[[-120.60282, 47.16853], [-120.59748, 47.16853], [-120.59752, 47.17208], [-120.60278, 47.17208], [-120.60282, 47.16853]]]}, "properties": {"OBJECTID": 3330101, "PARCEL_SYST_ID": 5133, "PARCEL_TYPE_CD": 1, "PARCEL_LABEL_NM": null, "PARCEL_NM": null, "REVERSION_RIGHTS_FLG": "N", "OWN_RIGHT_DISPUTE_FLG": "N", "SURFACE_RIGHTS_FLG": "Y", "MINERAL_RIGHTS_FLG": "Y", "TIMBER_RIGHTS_FLG": "Y", "SURFACE_TRUST_CD": 3, "SURFACE_TRUST_NM": "Common School and Indemnity", "MINERAL_TRUST_CD": 3, "MINERAL_TRUST_NM": "Common School and Indemnity", "TIMBER_TRUST_CD": 3, "TIMBER_TRUST_NM": "Common School and Indemnity", "OWNER_AGENT_SYST_ID": 58706, "STEWARD_AGENT_SYST_ID": 63986, "MANAGER_AGENT_SYST_ID": 63986, "TIMBER_OWNER_NM": null, "TIMBER_EXP_DT": null, "ORIGINAL_PATENT_DT": null, "COUNTY_JURISDICT_DESG_CD": 19, "COUNTY_NM": "Kittitas", "COUNTY_PARCEL_NO": null, "REGION_JURISDICT_DESG_CD": 100, "REGION_NM": "Southeast Region", "HCP_JURISDICT_DESG_CD": null, "HCP_DESG_CD": 1, "HCP_DESG_DT": 854611200000, "HCP_WITHDRAWAL_DT": null, "PARCEL_DESC_TXT": null, "EDIT_DATE": 1309330800000, "EDIT_STATUS": 1, "EDIT_WHO": "jdug490", "EASEMENT_TYPE_CD": null, "EASEMENT_TYPE_NM": null, "PARCEL_ACQUIRE_AUTH_NO": null, "PARCEL_DISPOSAL_AUTH_NO": null, "SHAPE.AREA": 1705541.30967, "SHAPE.LEN": 5224.1606107295, "GLOBALID": "{1CB70E82-C636-4DD0-BB41-7CD0E39B35C1}"}}, {"type": "Feature", "id": 3330108, "geometry": {"type": "Polygon", "coordinates": [[[-120.40743, 47.2264], [-120.40754, 47.2339], [-120.41738, 47.23368], [-120.4176, 47.22645], [-120.42763, 47.22643], [-120.42812, 47.21911], [-120.40788, 47.21928], [-120.40743, 47.2264]]]}, "properties": {"OBJECTID": 3330108, "PARCEL_SYST_ID": 5184, "PARCEL_TYPE_CD": 1, "PARCEL_LABEL_NM": null, "PARCEL_NM": null, "REVERSION_RIGHTS_FLG": "N", "OWN_RIGHT_DISPUTE_FLG": "N", "SURFACE_RIGHTS_FLG": "Y", "MINERAL_RIGHTS_FLG": "Y", "TIMBER_RIGHTS_FLG": "Y", "SURFACE_TRUST_CD": 3, "SURFACE_TRUST_NM": "Common School and Indemnity", "MINERAL_TRUST_CD": 3, "MINERAL_TRUST_NM": "Common School and Indemnity", "TIMBER_TRUST_CD": 3, "TIMBER_TRUST_NM": "Common School and Indemnity", "OWNER_AGENT_SYST_ID": 58706, "STEWARD_AGENT_SYST_ID": 63986, "MANAGER_AGENT_SYST_ID": 63986, "TIMBER_OWNER_NM": null, "TIMBER_EXP_DT": null, "ORIGINAL_PATENT_DT": null, "COUNTY_JURISDICT_DESG_CD": 19, "COUNTY_NM": "Kittitas", "COUNTY_PARCEL_NO": null, "REGION_JURISDICT_DESG_CD": 100, "REGION_NM": "Southeast Region", "HCP_JURISDICT_DESG_CD": null, "HCP_DESG_CD": 1, "HCP_DESG_DT": 854611200000, "HCP_WITHDRAWAL_DT": null, "PARCEL_DESC_TXT": null, "EDIT_DATE": 1309330800000, "EDIT_STATUS": 1, "EDIT_WHO": "jdug490", "EASEMENT_TYPE_CD": null, "EASEMENT_TYPE_NM": null, "PARCEL_ACQUIRE_AUTH_NO": null, "PARCEL_DISPOSAL_AUTH_NO": null, "SHAPE.AREA": 19937315.09686, "SHAPE.LEN": 20612.0637972641, "GLOBALID": "{0B3B7A53-A55A-4B43-8914-870F96203587}"}}, {"type": "Feature", "id": 3330109, "geometry": {"type": "Polygon", "coordinates": [[[-120.47124, 47.2044], [-120.47082, 47.21935], [-120.47599, 47.2192], [-120.47555, 47.21197], [-120.4806, 47.21188], [-120.48175, 47.21904], [-120.49206, 47.21895], [-120.49216, 47.20385], [-120.47965, 47.20452], [-120.47124, 47.2044]]]}, "properties": {"OBJECTID": 3330109, "PARCEL_SYST_ID": 5186, "PARCEL_TYPE_CD": 1, "PARCEL_LABEL_NM": null, "PARCEL_NM": null, "REVERSION_RIGHTS_FLG": "N", "OWN_RIGHT_DISPUTE_FLG": "N", "SURFACE_RIGHTS_FLG": "Y", "MINERAL_RIGHTS_FLG": "Y", "TIMBER_RIGHTS_FLG": "Y", "SURFACE_TRUST_CD": 3, "SURFACE_TRUST_NM": "Common School and Indemnity", "MINERAL_TRUST_CD": 3, "MINERAL_TRUST_NM": "Common School and Indemnity", "TIMBER_TRUST_CD": 3, "TIMBER_TRUST_NM": "Common School and Indemnity", "OWNER_AGENT_SYST_ID": 58706, "STEWARD_AGENT_SYST_ID": 63986, "MANAGER_AGENT_SYST_ID": 63986, "TIMBER_OWNER_NM": null, "TIMBER_EXP_DT": null, "ORIGINAL_PATENT_DT": null, "COUNTY_JURISDICT_DESG_CD": 19, "COUNTY_NM": "Kittitas", "COUNTY_PARCEL_NO": null, "REGION_JURISDICT_DESG_CD": 100, "REGION_NM": "Southeast Region", "HCP_JURISDICT_DESG_CD": null, "HCP_DESG_CD": 1, "HCP_DESG_DT": 854611200000, "HCP_WITHDRAWAL_DT": null, "PARCEL_DESC_TXT": null, "EDIT_DATE": 1309330800000, "EDIT_STATUS": 1, "EDIT_WHO": "jdug490", "EASEMENT_TYPE_CD": null, "EASEMENT_TYPE_NM": null, "PARCEL_ACQUIRE_AUTH_NO": "CLEAR LIST 10 INDEMNITY", "PARCEL_DISPOSAL_AUTH_NO": null, "SHAPE.AREA": 24744675.82586, "SHAPE.LEN": 26545.31196829, "GLOBALID": "{EAFE8B39-502D-4827-8A5B-4E09C8565542}"}}, {"type": "Feature", "id": 3330178, "geometry": {"type": "Polygon", "coordinates": [[[-120.76771, 47.22916], [-120.76237, 47.22932], [-120.7517, 47.22964], [-120.75171, 47.23329], [-120.75705, 47.23306], [-120.7624, 47.23283], [-120.76774, 47.2326], [-120.77338, 47.23236], [-120.77334, 47.229], [-120.76771, 47.22916]]]}, "properties": {"OBJECTID": 3330178, "PARCEL_SYST_ID": 116184, "PARCEL_TYPE_CD": 1, "PARCEL_LABEL_NM": "Teanaway Com Forest", "PARCEL_NM": null, "REVERSION_RIGHTS_FLG": "N", "OWN_RIGHT_DISPUTE_FLG": "N", "SURFACE_RIGHTS_FLG": "Y", "MINERAL_RIGHTS_FLG": "N", "TIMBER_RIGHTS_FLG": "Y", "SURFACE_TRUST_CD": 48, "SURFACE_TRUST_NM": "Community Forest Trust", "MINERAL_TRUST_CD": 0, "MINERAL_TRUST_NM": "Trust Status Not Applicable Or Unknown", "TIMBER_TRUST_CD": 48, "TIMBER_TRUST_NM": "Community Forest Trust", "OWNER_AGENT_SYST_ID": 58706, "STEWARD_AGENT_SYST_ID": 63986, "MANAGER_AGENT_SYST_ID": 63986, "TIMBER_OWNER_NM": null, "TIMBER_EXP_DT": null, "ORIGINAL_PATENT_DT": null, "COUNTY_JURISDICT_DESG_CD": 19, "COUNTY_NM": "Kittitas", "COUNTY_PARCEL_NO": null, "REGION_JURISDICT_DESG_CD": 100, "REGION_NM": "Southeast Region", "HCP_JURISDICT_DESG_CD": null, "HCP_DESG_CD": 2, "HCP_DESG_DT": null, "HCP_WITHDRAWAL_DT": null, "PARCEL_DESC_TXT": null, "EDIT_DATE": 1395847238000, "EDIT_STATUS": 0, "EDIT_WHO": "JDUG490", "EASEMENT_TYPE_CD": null, "EASEMENT_TYPE_NM": null, "PARCEL_ACQUIRE_AUTH_NO": "08-090298", "PARCEL_DISPOSAL_AUTH_NO": null, "SHAPE.AREA": 6886440.458969, "SHAPE.LEN": 13334.7486532599, "GLOBALID": "{6B77B496-E76B-433D-B915-E674EA3154FE}"}}, {"type": "Feature", "id": 3330181, "geometry": {"type": "Polygon", "coordinates": [[[-120.51787, 47.11777], [-120.51813, 47.13212], [-120.53905, 47.13184], [-120.53906, 47.12461], [-120.53896, 47.12112], [-120.52846, 47.1213], [-120.52835, 47.11764], [-120.51787, 47.11777]]]}, "properties": {"OBJECTID": 3330181, "PARCEL_SYST_ID": 5141, "PARCEL_TYPE_CD": 1, "PARCEL_LABEL_NM": null, "PARCEL_NM": null, "REVERSION_RIGHTS_FLG": "N", "OWN_RIGHT_DISPUTE_FLG": "N", "SURFACE_RIGHTS_FLG": "Y", "MINERAL_RIGHTS_FLG": "Y", "TIMBER_RIGHTS_FLG": "Y", "SURFACE_TRUST_CD": 3, "SURFACE_TRUST_NM": "Common School and Indemnity", "MINERAL_TRUST_CD": 3, "MINERAL_TRUST_NM": "Common School and Indemnity", "TIMBER_TRUST_CD": 3, "TIMBER_TRUST_NM": "Common School and Indemnity", "OWNER_AGENT_SYST_ID": 58706, "STEWARD_AGENT_SYST_ID": 63986, "MANAGER_AGENT_SYST_ID": 63986, "TIMBER_OWNER_NM": null, "TIMBER_EXP_DT": null, "ORIGINAL_PATENT_DT": null, "COUNTY_JURISDICT_DESG_CD": 19, "COUNTY_NM": "Kittitas", "COUNTY_PARCEL_NO": null, "REGION_JURISDICT_DESG_CD": 100, "REGION_NM": "Southeast Region", "HCP_JURISDICT_DESG_CD": null, "HCP_DESG_CD": 1, "HCP_DESG_DT": 854611200000, "HCP_WITHDRAWAL_DT": null, "PARCEL_DESC_TXT": null, "EDIT_DATE": 1309330800000, "EDIT_STATUS": 1, "EDIT_WHO": "jdug490", "EASEMENT_TYPE_CD": null, "EASEMENT_TYPE_NM": null, "PARCEL_ACQUIRE_AUTH_NO": "CLEAR LIST 13 INDEMNITY", "PARCEL_DISPOSAL_AUTH_NO": null, "SHAPE.AREA": 23880713.5508, "SHAPE.LEN": 20908.336362982303, "GLOBALID": "{9AF860E5-DAE6-4A2C-995A-275DF6B43BEB}"}}, {"type": "Feature", "id": 3330184, "geometry": {"type": "Polygon", "coordinates": [[[-120.44993, 47.28919], [-120.4708, 47.28949], [-120.47138, 47.27507], [-120.45036, 47.27497], [-120.44993, 47.28919]]]}, "properties": {"OBJECTID": 3330184, "PARCEL_SYST_ID": 13289, "PARCEL_TYPE_CD": 1, "PARCEL_LABEL_NM": null, "PARCEL_NM": null, "REVERSION_RIGHTS_FLG": "N", "OWN_RIGHT_DISPUTE_FLG": "N", "SURFACE_RIGHTS_FLG": "Y", "MINERAL_RIGHTS_FLG": "N", "TIMBER_RIGHTS_FLG": "Y", "SURFACE_TRUST_CD": 3, "SURFACE_TRUST_NM": "Common School and Indemnity", "MINERAL_TRUST_CD": 0, "MINERAL_TRUST_NM": "Trust Status Not Applicable Or Unknown", "TIMBER_TRUST_CD": 3, "TIMBER_TRUST_NM": "Common School and Indemnity", "OWNER_AGENT_SYST_ID": 58706, "STEWARD_AGENT_SYST_ID": 63986, "MANAGER_AGENT_SYST_ID": 63986, "TIMBER_OWNER_NM": null, "TIMBER_EXP_DT": null, "ORIGINAL_PATENT_DT": null, "COUNTY_JURISDICT_DESG_CD": 19, "COUNTY_NM": "Kittitas", "COUNTY_PARCEL_NO": null, "REGION_JURISDICT_DESG_CD": 100, "REGION_NM": "Southeast Region", "HCP_JURISDICT_DESG_CD": null, "HCP_DESG_CD": 1, "HCP_DESG_DT": 854611200000, "HCP_WITHDRAWAL_DT": null, "PARCEL_DESC_TXT": null, "EDIT_DATE": 1309330800000, "EDIT_STATUS": 1, "EDIT_WHO": "jdug490", "EASEMENT_TYPE_CD": null, "EASEMENT_TYPE_NM": null, "PARCEL_ACQUIRE_AUTH_NO": "US PATENT NO 46-86-0020", "PARCEL_DISPOSAL_AUTH_NO": null, "SHAPE.AREA": 27152879.78795, "SHAPE.LEN": 20844.243623984203, "GLOBALID": "{305A0609-4729-43F9-B107-E86F887ED225}"}}, {"type": "Feature", "id": 3330185, "geometry": {"type": "Polygon", "coordinates": [[[-120.39069, 47.14792], [-120.39064, 47.15509], [-120.39063, 47.16229], [-120.39645, 47.16184], [-120.39645, 47.15482], [-120.4024, 47.15451], [-120.4077, 47.15433], [-120.40766, 47.16129], [-120.41278, 47.16122], [-120.41279, 47.15399], [-120.41281, 47.14667], [-120.40241, 47.14677], [-120.39069, 47.14792]]]}, "properties": {"OBJECTID": 3330185, "PARCEL_SYST_ID": 5169, "PARCEL_TYPE_CD": 1, "PARCEL_LABEL_NM": null, "PARCEL_NM": null, "REVERSION_RIGHTS_FLG": "N", "OWN_RIGHT_DISPUTE_FLG": "N", "SURFACE_RIGHTS_FLG": "Y", "MINERAL_RIGHTS_FLG": "Y", "TIMBER_RIGHTS_FLG": "Y", "SURFACE_TRUST_CD": 3, "SURFACE_TRUST_NM": "Common School and Indemnity", "MINERAL_TRUST_CD": 3, "MINERAL_TRUST_NM": "Common School and Indemnity", "TIMBER_TRUST_CD": 3, "TIMBER_TRUST_NM": "Common School and Indemnity", "OWNER_AGENT_SYST_ID": 58706, "STEWARD_AGENT_SYST_ID": 63986, "MANAGER_AGENT_SYST_ID": 63986, "TIMBER_OWNER_NM": null, "TIMBER_EXP_DT": null, "ORIGINAL_PATENT_DT": null, "COUNTY_JURISDICT_DESG_CD": 19, "COUNTY_NM": "Kittitas", "COUNTY_PARCEL_NO": null, "REGION_JURISDICT_DESG_CD": 100, "REGION_NM": "Southeast Region", "HCP_JURISDICT_DESG_CD": null, "HCP_DESG_CD": 1, "HCP_DESG_DT": 1119769200000, "HCP_WITHDRAWAL_DT": null, "PARCEL_DESC_TXT": null, "EDIT_DATE": 1309330800000, "EDIT_STATUS": 1, "EDIT_WHO": "jdug490", "EASEMENT_TYPE_CD": null, "EASEMENT_TYPE_NM": null, "PARCEL_ACQUIRE_AUTH_NO": "CLEAR LIST 36 INDEMNITY", "PARCEL_DISPOSAL_AUTH_NO": null, "SHAPE.AREA": 22126696.7496, "SHAPE.LEN": 26716.5507792137, "GLOBALID": "{12810C4C-731F-4D32-A5B0-9FECB7EC00B3}"}}, {"type": "Feature", "id": 3330267, "geometry": {"type": "Polygon", "coordinates": [[[-120.37483, 47.10454], [-120.37483, 47.11933], [-120.38002, 47.11922], [-120.39092, 47.11901], [-120.39121, 47.10451], [-120.3803, 47.10454], [-120.37483, 47.10454]]]}, "properties": {"OBJECTID": 3330267, "PARCEL_SYST_ID": 5222, "PARCEL_TYPE_CD": 1, "PARCEL_LABEL_NM": null, "PARCEL_NM": null, "REVERSION_RIGHTS_FLG": "N", "OWN_RIGHT_DISPUTE_FLG": "N", "SURFACE_RIGHTS_FLG": "Y", "MINERAL_RIGHTS_FLG": "Y", "TIMBER_RIGHTS_FLG": "Y", "SURFACE_TRUST_CD": 3, "SURFACE_TRUST_NM": "Common School and Indemnity", "MINERAL_TRUST_CD": 3, "MINERAL_TRUST_NM": "Common School and Indemnity", "TIMBER_TRUST_CD": 3, "TIMBER_TRUST_NM": "Common School and Indemnity", "OWNER_AGENT_SYST_ID": 58706, "STEWARD_AGENT_SYST_ID": 63986, "MANAGER_AGENT_SYST_ID": 63986, "TIMBER_OWNER_NM": null, "TIMBER_EXP_DT": null, "ORIGINAL_PATENT_DT": null, "COUNTY_JURISDICT_DESG_CD": 19, "COUNTY_NM": "Kittitas", "COUNTY_PARCEL_NO": null, "REGION_JURISDICT_DESG_CD": 100, "REGION_NM": "Southeast Region", "HCP_JURISDICT_DESG_CD": null, "HCP_DESG_CD": 1, "HCP_DESG_DT": 854611200000, "HCP_WITHDRAWAL_DT": null, "PARCEL_DESC_TXT": null, "EDIT_DATE": 1309330800000, "EDIT_STATUS": 1, "EDIT_WHO": "jdug490", "EASEMENT_TYPE_CD": null, "EASEMENT_TYPE_NM": null, "PARCEL_ACQUIRE_AUTH_NO": "CLEAR LIST 21 INDEMNITY", "PARCEL_DISPOSAL_AUTH_NO": null, "SHAPE.AREA": 21579268.34925, "SHAPE.LEN": 18769.4497028402, "GLOBALID": "{7BDA0E46-743B-44E0-9962-3534FE240E37}"}}, {"type": "Feature", "id": 3330331, "geometry": {"type": "Polygon", "coordinates": [[[-120.50255, 47.24764], [-120.50188, 47.25176], [-120.50714, 47.25174], [-120.50692, 47.25516], [-120.51214, 47.25517], [-120.51251, 47.2482], [-120.50255, 47.24764]]]}, "properties": {"OBJECTID": 3330331, "PARCEL_SYST_ID": 13285, "PARCEL_TYPE_CD": 1, "PARCEL_LABEL_NM": null, "PARCEL_NM": null, "REVERSION_RIGHTS_FLG": "N", "OWN_RIGHT_DISPUTE_FLG": "N", "SURFACE_RIGHTS_FLG": "Y", "MINERAL_RIGHTS_FLG": "N", "TIMBER_RIGHTS_FLG": "Y", "SURFACE_TRUST_CD": 3, "SURFACE_TRUST_NM": "Common School and Indemnity", "MINERAL_TRUST_CD": 0, "MINERAL_TRUST_NM": "Trust Status Not Applicable Or Unknown", "TIMBER_TRUST_CD": 3, "TIMBER_TRUST_NM": "Common School and Indemnity", "OWNER_AGENT_SYST_ID": 58706, "STEWARD_AGENT_SYST_ID": 63986, "MANAGER_AGENT_SYST_ID": 63986, "TIMBER_OWNER_NM": null, "TIMBER_EXP_DT": null, "ORIGINAL_PATENT_DT": null, "COUNTY_JURISDICT_DESG_CD": 19, "COUNTY_NM": "Kittitas", "COUNTY_PARCEL_NO": null, "REGION_JURISDICT_DESG_CD": 100, "REGION_NM": "Southeast Region", "HCP_JURISDICT_DESG_CD": null, "HCP_DESG_CD": 1, "HCP_DESG_DT": 854611200000, "HCP_WITHDRAWAL_DT": null, "PARCEL_DESC_TXT": null, "EDIT_DATE": 1309330800000, "EDIT_STATUS": 1, "EDIT_WHO": "jdug490", "EASEMENT_TYPE_CD": null, "EASEMENT_TYPE_NM": null, "PARCEL_ACQUIRE_AUTH_NO": "US PATENT NO 46-86-0020", "PARCEL_DISPOSAL_AUTH_NO": null, "SHAPE.AREA": 5163059.888535, "SHAPE.LEN": 10395.0492483381, "GLOBALID": "{BBD2F96D-D37C-4C91-873A-284AD00C9CEB}"}}, {"type": "Feature", "id": 3330411, "geometry": {"type": "Polygon", "coordinates": [[[-120.36613, 47.21921], [-120.36486, 47.23369], [-120.37602, 47.23338], [-120.3861, 47.23327], [-120.38634, 47.21883], [-120.36613, 47.21921]]]}, "properties": {"OBJECTID": 3330411, "PARCEL_SYST_ID": 5228, "PARCEL_TYPE_CD": 1, "PARCEL_LABEL_NM": null, "PARCEL_NM": null, "REVERSION_RIGHTS_FLG": "N", "OWN_RIGHT_DISPUTE_FLG": "N", "SURFACE_RIGHTS_FLG": "Y", "MINERAL_RIGHTS_FLG": "Y", "TIMBER_RIGHTS_FLG": "Y", "SURFACE_TRUST_CD": 3, "SURFACE_TRUST_NM": "Common School and Indemnity", "MINERAL_TRUST_CD": 3, "MINERAL_TRUST_NM": "Common School and Indemnity", "TIMBER_TRUST_CD": 3, "TIMBER_TRUST_NM": "Common School and Indemnity", "OWNER_AGENT_SYST_ID": 58706, "STEWARD_AGENT_SYST_ID": 63986, "MANAGER_AGENT_SYST_ID": 63986, "TIMBER_OWNER_NM": null, "TIMBER_EXP_DT": null, "ORIGINAL_PATENT_DT": null, "COUNTY_JURISDICT_DESG_CD": 19, "COUNTY_NM": "Kittitas", "COUNTY_PARCEL_NO": null, "REGION_JURISDICT_DESG_CD": 100, "REGION_NM": "Southeast Region", "HCP_JURISDICT_DESG_CD": null, "HCP_DESG_CD": 1, "HCP_DESG_DT": 854611200000, "HCP_WITHDRAWAL_DT": null, "PARCEL_DESC_TXT": null, "EDIT_DATE": 1309330800000, "EDIT_STATUS": 1, "EDIT_WHO": "jdug490", "EASEMENT_TYPE_CD": null, "EASEMENT_TYPE_NM": null, "PARCEL_ACQUIRE_AUTH_NO": "CLEAR LIST 10 INDEMNITY", "PARCEL_DISPOSAL_AUTH_NO": null, "SHAPE.AREA": 27047967.34855, "SHAPE.LEN": 20864.6309448717, "GLOBALID": "{1D2CF67B-1C1A-446E-B30E-647999FD8DB5}"}}, {"type": "Feature", "id": 3330576, "geometry": {"type": "Polygon", "coordinates": [[[-120.31933, 47.14839], [-120.31941, 47.15196], [-120.32494, 47.15191], [-120.32482, 47.14844], [-120.31933, 47.14839]]]}, "properties": {"OBJECTID": 3330576, "PARCEL_SYST_ID": 5211, "PARCEL_TYPE_CD": 1, "PARCEL_LABEL_NM": null, "PARCEL_NM": null, "REVERSION_RIGHTS_FLG": "N", "OWN_RIGHT_DISPUTE_FLG": "N", "SURFACE_RIGHTS_FLG": "Y", "MINERAL_RIGHTS_FLG": "Y", "TIMBER_RIGHTS_FLG": "Y", "SURFACE_TRUST_CD": 8, "SURFACE_TRUST_NM": "Normal School", "MINERAL_TRUST_CD": 3, "MINERAL_TRUST_NM": "Common School and Indemnity", "TIMBER_TRUST_CD": 8, "TIMBER_TRUST_NM": "Normal School", "OWNER_AGENT_SYST_ID": 58706, "STEWARD_AGENT_SYST_ID": 63986, "MANAGER_AGENT_SYST_ID": 63986, "TIMBER_OWNER_NM": null, "TIMBER_EXP_DT": null, "ORIGINAL_PATENT_DT": null, "COUNTY_JURISDICT_DESG_CD": 19, "COUNTY_NM": "Kittitas", "COUNTY_PARCEL_NO": null, "REGION_JURISDICT_DESG_CD": 100, "REGION_NM": "Southeast Region", "HCP_JURISDICT_DESG_CD": null, "HCP_DESG_CD": 1, "HCP_DESG_DT": 1203667200000, "HCP_WITHDRAWAL_DT": null, "PARCEL_DESC_TXT": "W-KT-26", "EDIT_DATE": 1329379200000, "EDIT_STATUS": 1, "EDIT_WHO": "jdug490", "EASEMENT_TYPE_CD": null, "EASEMENT_TYPE_NM": null, "PARCEL_ACQUIRE_AUTH_NO": "86-079379", "PARCEL_DISPOSAL_AUTH_NO": null, "SHAPE.AREA": 1759459.2004895, "SHAPE.LEN": 5309.29731291064, "GLOBALID": "{566EDC3F-24DA-4205-82D9-B5499AC1962E}"}}, {"type": "Feature", "id": 3330594, "geometry": {"type": "Polygon", "coordinates": [[[-120.41738, 47.23368], [-120.42819, 47.23375], [-120.42763, 47.22643], [-120.4176, 47.22645], [-120.41738, 47.23368]]]}, "properties": {"OBJECTID": 3330594, "PARCEL_SYST_ID": 5474, "PARCEL_TYPE_CD": 1, "PARCEL_LABEL_NM": null, "PARCEL_NM": null, "REVERSION_RIGHTS_FLG": "N", "OWN_RIGHT_DISPUTE_FLG": "N", "SURFACE_RIGHTS_FLG": "Y", "MINERAL_RIGHTS_FLG": "N", "TIMBER_RIGHTS_FLG": "Y", "SURFACE_TRUST_CD": 3, "SURFACE_TRUST_NM": "Common School and Indemnity", "MINERAL_TRUST_CD": 0, "MINERAL_TRUST_NM": "Trust Status Not Applicable Or Unknown", "TIMBER_TRUST_CD": 3, "TIMBER_TRUST_NM": "Common School and Indemnity", "OWNER_AGENT_SYST_ID": 58706, "STEWARD_AGENT_SYST_ID": 63986, "MANAGER_AGENT_SYST_ID": 63986, "TIMBER_OWNER_NM": null, "TIMBER_EXP_DT": null, "ORIGINAL_PATENT_DT": null, "COUNTY_JURISDICT_DESG_CD": 19, "COUNTY_NM": "Kittitas", "COUNTY_PARCEL_NO": null, "REGION_JURISDICT_DESG_CD": 100, "REGION_NM": "Southeast Region", "HCP_JURISDICT_DESG_CD": null, "HCP_DESG_CD": 1, "HCP_DESG_DT": 854611200000, "HCP_WITHDRAWAL_DT": null, "PARCEL_DESC_TXT": null, "EDIT_DATE": 1309330800000, "EDIT_STATUS": 1, "EDIT_WHO": "jdug490", "EASEMENT_TYPE_CD": null, "EASEMENT_TYPE_NM": null, "PARCEL_ACQUIRE_AUTH_NO": "86-000167", "PARCEL_DISPOSAL_AUTH_NO": null, "SHAPE.AREA": 6868246.14223, "SHAPE.LEN": 10488.2442729096, "GLOBALID": "{562A6FE1-8146-4238-AD32-366FF117291E}"}}, {"type": "Feature", "id": 3330705, "geometry": {"type": "Polygon", "coordinates": [[[-120.56373, 47.463], [-120.56458, 47.46301], [-120.56458, 47.46243], [-120.56373, 47.46243], [-120.56373, 47.463]]]}, "properties": {"OBJECTID": 3330705, "PARCEL_SYST_ID": 15061, "PARCEL_TYPE_CD": 1, "PARCEL_LABEL_NM": null, "PARCEL_NM": null, "REVERSION_RIGHTS_FLG": "N", "OWN_RIGHT_DISPUTE_FLG": "N", "SURFACE_RIGHTS_FLG": "Y", "MINERAL_RIGHTS_FLG": "Y", "TIMBER_RIGHTS_FLG": "Y", "SURFACE_TRUST_CD": 74, "SURFACE_TRUST_NM": "Natural Area Preserve", "MINERAL_TRUST_CD": 74, "MINERAL_TRUST_NM": "Natural Area Preserve", "TIMBER_TRUST_CD": 74, "TIMBER_TRUST_NM": "Natural Area Preserve", "OWNER_AGENT_SYST_ID": 58706, "STEWARD_AGENT_SYST_ID": 63986, "MANAGER_AGENT_SYST_ID": 63986, "TIMBER_OWNER_NM": null, "TIMBER_EXP_DT": null, "ORIGINAL_PATENT_DT": null, "COUNTY_JURISDICT_DESG_CD": 4, "COUNTY_NM": "Chelan", "COUNTY_PARCEL_NO": null, "REGION_JURISDICT_DESG_CD": 100, "REGION_NM": "Southeast Region", "HCP_JURISDICT_DESG_CD": null, "HCP_DESG_CD": 1, "HCP_DESG_DT": 854611200000, "HCP_WITHDRAWAL_DT": null, "PARCEL_DESC_TXT": null, "EDIT_DATE": 1487208502000, "EDIT_STATUS": 1, "EDIT_WHO": "JDUG490", "EASEMENT_TYPE_CD": null, "EASEMENT_TYPE_NM": null, "PARCEL_ACQUIRE_AUTH_NO": "08-073910", "PARCEL_DISPOSAL_AUTH_NO": null, "SHAPE.AREA": 44022.2100715, "SHAPE.LEN": 839.264536711744, "GLOBALID": "{DD39CDF5-3075-4E61-A103-920AAB9B401F}"}}, {"type": "Feature", "id": 3330829, "geometry": {"type": "Polygon", "coordinates": [[[-120.32219, 47.2336], [-120.34348, 47.23379], [-120.34479, 47.21948], [-120.32286, 47.21903], [-120.32257, 47.22555], [-120.32219, 47.2336]]]}, "properties": {"OBJECTID": 3330829, "PARCEL_SYST_ID": 5227, "PARCEL_TYPE_CD": 1, "PARCEL_LABEL_NM": null, "PARCEL_NM": null, "REVERSION_RIGHTS_FLG": "N", "OWN_RIGHT_DISPUTE_FLG": "N", "SURFACE_RIGHTS_FLG": "Y", "MINERAL_RIGHTS_FLG": "Y", "TIMBER_RIGHTS_FLG": "Y", "SURFACE_TRUST_CD": 3, "SURFACE_TRUST_NM": "Common School and Indemnity", "MINERAL_TRUST_CD": 3, "MINERAL_TRUST_NM": "Common School and Indemnity", "TIMBER_TRUST_CD": 3, "TIMBER_TRUST_NM": "Common School and Indemnity", "OWNER_AGENT_SYST_ID": 58706, "STEWARD_AGENT_SYST_ID": 63986, "MANAGER_AGENT_SYST_ID": 63986, "TIMBER_OWNER_NM": null, "TIMBER_EXP_DT": null, "ORIGINAL_PATENT_DT": null, "COUNTY_JURISDICT_DESG_CD": 19, "COUNTY_NM": "Kittitas", "COUNTY_PARCEL_NO": null, "REGION_JURISDICT_DESG_CD": 100, "REGION_NM": "Southeast Region", "HCP_JURISDICT_DESG_CD": null, "HCP_DESG_CD": 1, "HCP_DESG_DT": 854611200000, "HCP_WITHDRAWAL_DT": null, "PARCEL_DESC_TXT": null, "EDIT_DATE": 1309330800000, "EDIT_STATUS": 1, "EDIT_WHO": "jdug490", "EASEMENT_TYPE_CD": null, "EASEMENT_TYPE_NM": null, "PARCEL_ACQUIRE_AUTH_NO": "US PATENT NO 46-87-0001", "PARCEL_DISPOSAL_AUTH_NO": null, "SHAPE.AREA": 28316062.582965, "SHAPE.LEN": 21292.5478961179, "GLOBALID": "{73DBE9E0-1CC3-43DF-ADCD-90DC6CAD9961}"}}, {"type": "Feature", "id": 3330831, "geometry": {"type": "Polygon", "coordinates": [[[-120.34686, 47.14845], [-120.34659, 47.16303], [-120.36871, 47.16306], [-120.36906, 47.14857], [-120.34686, 47.14845]]]}, "properties": {"OBJECTID": 3330831, "PARCEL_SYST_ID": 5210, "PARCEL_TYPE_CD": 1, "PARCEL_LABEL_NM": null, "PARCEL_NM": null, "REVERSION_RIGHTS_FLG": "N", "OWN_RIGHT_DISPUTE_FLG": "N", "SURFACE_RIGHTS_FLG": "Y", "MINERAL_RIGHTS_FLG": "Y", "TIMBER_RIGHTS_FLG": "Y", "SURFACE_TRUST_CD": 3, "SURFACE_TRUST_NM": "Common School and Indemnity", "MINERAL_TRUST_CD": 3, "MINERAL_TRUST_NM": "Common School and Indemnity", "TIMBER_TRUST_CD": 3, "TIMBER_TRUST_NM": "Common School and Indemnity", "OWNER_AGENT_SYST_ID": 58706, "STEWARD_AGENT_SYST_ID": 63986, "MANAGER_AGENT_SYST_ID": 63986, "TIMBER_OWNER_NM": null, "TIMBER_EXP_DT": null, "ORIGINAL_PATENT_DT": null, "COUNTY_JURISDICT_DESG_CD": 19, "COUNTY_NM": "Kittitas", "COUNTY_PARCEL_NO": null, "REGION_JURISDICT_DESG_CD": 100, "REGION_NM": "Southeast Region", "HCP_JURISDICT_DESG_CD": null, "HCP_DESG_CD": 1, "HCP_DESG_DT": 854611200000, "HCP_WITHDRAWAL_DT": null, "PARCEL_DESC_TXT": null, "EDIT_DATE": 1309330800000, "EDIT_STATUS": 1, "EDIT_WHO": "jdug490", "EASEMENT_TYPE_CD": null, "EASEMENT_TYPE_NM": null, "PARCEL_ACQUIRE_AUTH_NO": "CLEAR LIST 12 INDEMNITY", "PARCEL_DISPOSAL_AUTH_NO": null, "SHAPE.AREA": 29226599.70291, "SHAPE.LEN": 21629.426496674503, "GLOBALID": "{C37CA17C-E7BC-4FED-91E0-D6B3F6BB5459}"}}, {"type": "Feature", "id": 3330839, "geometry": {"type": "Polygon", "coordinates": [[[-120.49289, 47.2604], [-120.50135, 47.26049], [-120.50139, 47.25881], [-120.49611, 47.25878], [-120.49626, 47.25523], [-120.49107, 47.25525], [-120.49085, 47.26047], [-120.49289, 47.2604]]]}, "properties": {"OBJECTID": 3330839, "PARCEL_SYST_ID": 13284, "PARCEL_TYPE_CD": 1, "PARCEL_LABEL_NM": null, "PARCEL_NM": null, "REVERSION_RIGHTS_FLG": "N", "OWN_RIGHT_DISPUTE_FLG": "N", "SURFACE_RIGHTS_FLG": "Y", "MINERAL_RIGHTS_FLG": "N", "TIMBER_RIGHTS_FLG": "Y", "SURFACE_TRUST_CD": 3, "SURFACE_TRUST_NM": "Common School and Indemnity", "MINERAL_TRUST_CD": 0, "MINERAL_TRUST_NM": "Trust Status Not Applicable Or Unknown", "TIMBER_TRUST_CD": 3, "TIMBER_TRUST_NM": "Common School and Indemnity", "OWNER_AGENT_SYST_ID": 58706, "STEWARD_AGENT_SYST_ID": 63986, "MANAGER_AGENT_SYST_ID": 63986, "TIMBER_OWNER_NM": null, "TIMBER_EXP_DT": null, "ORIGINAL_PATENT_DT": null, "COUNTY_JURISDICT_DESG_CD": 19, "COUNTY_NM": "Kittitas", "COUNTY_PARCEL_NO": null, "REGION_JURISDICT_DESG_CD": 100, "REGION_NM": "Southeast Region", "HCP_JURISDICT_DESG_CD": null, "HCP_DESG_CD": 1, "HCP_DESG_DT": 854611200000, "HCP_WITHDRAWAL_DT": null, "PARCEL_DESC_TXT": null, "EDIT_DATE": 1309330800000, "EDIT_STATUS": 1, "EDIT_WHO": "jdug490", "EASEMENT_TYPE_CD": null, "EASEMENT_TYPE_NM": null, "PARCEL_ACQUIRE_AUTH_NO": "US PATENT NO 46-86-0020", "PARCEL_DISPOSAL_AUTH_NO": null, "SHAPE.AREA": 3236566.70915, "SHAPE.LEN": 9023.352011210622, "GLOBALID": "{24EAF2B0-EFF1-4148-914B-6D6FC0A23C5B}"}}, {"type": "Feature", "id": 3330841, "geometry": {"type": "Polygon", "coordinates": [[[-120.47196, 47.26061], [-120.47153, 47.26762], [-120.47138, 47.27507], [-120.4926, 47.27472], [-120.49289, 47.2604], [-120.49085, 47.26047], [-120.47196, 47.26061]]]}, "properties": {"OBJECTID": 3330841, "PARCEL_SYST_ID": 13290, "PARCEL_TYPE_CD": 1, "PARCEL_LABEL_NM": null, "PARCEL_NM": null, "REVERSION_RIGHTS_FLG": "N", "OWN_RIGHT_DISPUTE_FLG": "N", "SURFACE_RIGHTS_FLG": "Y", "MINERAL_RIGHTS_FLG": "Y", "TIMBER_RIGHTS_FLG": "Y", "SURFACE_TRUST_CD": 3, "SURFACE_TRUST_NM": "Common School and Indemnity", "MINERAL_TRUST_CD": 3, "MINERAL_TRUST_NM": "Common School and Indemnity", "TIMBER_TRUST_CD": 3, "TIMBER_TRUST_NM": "Common School and Indemnity", "OWNER_AGENT_SYST_ID": 58706, "STEWARD_AGENT_SYST_ID": 63986, "MANAGER_AGENT_SYST_ID": 63986, "TIMBER_OWNER_NM": null, "TIMBER_EXP_DT": null, "ORIGINAL_PATENT_DT": null, "COUNTY_JURISDICT_DESG_CD": 19, "COUNTY_NM": "Kittitas", "COUNTY_PARCEL_NO": null, "REGION_JURISDICT_DESG_CD": 100, "REGION_NM": "Southeast Region", "HCP_JURISDICT_DESG_CD": null, "HCP_DESG_CD": 1, "HCP_DESG_DT": 854611200000, "HCP_WITHDRAWAL_DT": null, "PARCEL_DESC_TXT": null, "EDIT_DATE": 1309330800000, "EDIT_STATUS": 1, "EDIT_WHO": "jdug490", "EASEMENT_TYPE_CD": null, "EASEMENT_TYPE_NM": null, "PARCEL_ACQUIRE_AUTH_NO": "US PATENT NO 46-86-0020", "PARCEL_DISPOSAL_AUTH_NO": null, "SHAPE.AREA": 27516320.6514, "SHAPE.LEN": 20972.7990923033, "GLOBALID": "{77938988-CF10-4D15-98B4-F99D62D768A6}"}}, {"type": "Feature", "id": 3331117, "geometry": {"type": "Polygon", "coordinates": [[[-120.348, 47.13368], [-120.35331, 47.13374], [-120.35308, 47.12289], [-120.35861, 47.12286], [-120.35866, 47.11928], [-120.34765, 47.11907], [-120.348, 47.13368]]]}, "properties": {"OBJECTID": 3331117, "PARCEL_SYST_ID": 2994, "PARCEL_TYPE_CD": 1, "PARCEL_LABEL_NM": null, "PARCEL_NM": null, "REVERSION_RIGHTS_FLG": "N", "OWN_RIGHT_DISPUTE_FLG": "N", "SURFACE_RIGHTS_FLG": "Y", "MINERAL_RIGHTS_FLG": "N", "TIMBER_RIGHTS_FLG": "Y", "SURFACE_TRUST_CD": 4, "SURFACE_TRUST_NM": "Agricultural School", "MINERAL_TRUST_CD": 0, "MINERAL_TRUST_NM": "Trust Status Not Applicable Or Unknown", "TIMBER_TRUST_CD": 4, "TIMBER_TRUST_NM": "Agricultural School", "OWNER_AGENT_SYST_ID": 58706, "STEWARD_AGENT_SYST_ID": 63986, "MANAGER_AGENT_SYST_ID": 63986, "TIMBER_OWNER_NM": null, "TIMBER_EXP_DT": null, "ORIGINAL_PATENT_DT": null, "COUNTY_JURISDICT_DESG_CD": 19, "COUNTY_NM": "Kittitas", "COUNTY_PARCEL_NO": null, "REGION_JURISDICT_DESG_CD": 100, "REGION_NM": "Southeast Region", "HCP_JURISDICT_DESG_CD": null, "HCP_DESG_CD": 1, "HCP_DESG_DT": 854611200000, "HCP_WITHDRAWAL_DT": null, "PARCEL_DESC_TXT": null, "EDIT_DATE": 1309330800000, "EDIT_STATUS": 1, "EDIT_WHO": "jdug490", "EASEMENT_TYPE_CD": null, "EASEMENT_TYPE_NM": null, "PARCEL_ACQUIRE_AUTH_NO": "86-000167", "PARCEL_DISPOSAL_AUTH_NO": null, "SHAPE.AREA": 8908304.39826, "SHAPE.LEN": 16029.828927701199, "GLOBALID": "{B9F2D529-266B-448B-83CA-1B73612FD9D6}"}}, {"type": "Feature", "id": 3331128, "geometry": {"type": "Polygon", "coordinates": [[[-120.83519, 47.05554], [-120.84612, 47.05584], [-120.85652, 47.05571], [-120.85644, 47.04108], [-120.8458, 47.04104], [-120.83531, 47.04096], [-120.83499, 47.0476], [-120.83519, 47.05554]]]}, "properties": {"OBJECTID": 3331128, "PARCEL_SYST_ID": 5047, "PARCEL_TYPE_CD": 1, "PARCEL_LABEL_NM": null, "PARCEL_NM": null, "REVERSION_RIGHTS_FLG": "N", "OWN_RIGHT_DISPUTE_FLG": "N", "SURFACE_RIGHTS_FLG": "Y", "MINERAL_RIGHTS_FLG": "Y", "TIMBER_RIGHTS_FLG": "Y", "SURFACE_TRUST_CD": 3, "SURFACE_TRUST_NM": "Common School and Indemnity", "MINERAL_TRUST_CD": 3, "MINERAL_TRUST_NM": "Common School and Indemnity", "TIMBER_TRUST_CD": 3, "TIMBER_TRUST_NM": "Common School and Indemnity", "OWNER_AGENT_SYST_ID": 58706, "STEWARD_AGENT_SYST_ID": 63986, "MANAGER_AGENT_SYST_ID": 63986, "TIMBER_OWNER_NM": null, "TIMBER_EXP_DT": null, "ORIGINAL_PATENT_DT": null, "COUNTY_JURISDICT_DESG_CD": 19, "COUNTY_NM": "Kittitas", "COUNTY_PARCEL_NO": null, "REGION_JURISDICT_DESG_CD": 100, "REGION_NM": "Southeast Region", "HCP_JURISDICT_DESG_CD": null, "HCP_DESG_CD": 1, "HCP_DESG_DT": 854611200000, "HCP_WITHDRAWAL_DT": null, "PARCEL_DESC_TXT": null, "EDIT_DATE": 1309330800000, "EDIT_STATUS": 1, "EDIT_WHO": "jdug490", "EASEMENT_TYPE_CD": null, "EASEMENT_TYPE_NM": null, "PARCEL_ACQUIRE_AUTH_NO": "US PATENT NO 46-87-0002", "PARCEL_DISPOSAL_AUTH_NO": null, "SHAPE.AREA": 28558209.3296845, "SHAPE.LEN": 21243.8973103278, "GLOBALID": "{B03A041F-C058-45EE-B5FA-DC2E662BC26A}"}}, {"type": "Feature", "id": 3331170, "geometry": {"type": "Polygon", "coordinates": [[[-120.34466, 47.17549], [-120.34479, 47.19097], [-120.36614, 47.19014], [-120.36575, 47.17559], [-120.34618, 47.17548], [-120.34466, 47.17549]]]}, "properties": {"OBJECTID": 3331170, "PARCEL_SYST_ID": 5233, "PARCEL_TYPE_CD": 1, "PARCEL_LABEL_NM": null, "PARCEL_NM": null, "REVERSION_RIGHTS_FLG": "N", "OWN_RIGHT_DISPUTE_FLG": "N", "SURFACE_RIGHTS_FLG": "Y", "MINERAL_RIGHTS_FLG": "Y", "TIMBER_RIGHTS_FLG": "Y", "SURFACE_TRUST_CD": 3, "SURFACE_TRUST_NM": "Common School and Indemnity", "MINERAL_TRUST_CD": 3, "MINERAL_TRUST_NM": "Common School and Indemnity", "TIMBER_TRUST_CD": 3, "TIMBER_TRUST_NM": "Common School and Indemnity", "OWNER_AGENT_SYST_ID": 58706, "STEWARD_AGENT_SYST_ID": 63986, "MANAGER_AGENT_SYST_ID": 63986, "TIMBER_OWNER_NM": null, "TIMBER_EXP_DT": null, "ORIGINAL_PATENT_DT": null, "COUNTY_JURISDICT_DESG_CD": 19, "COUNTY_NM": "Kittitas", "COUNTY_PARCEL_NO": null, "REGION_JURISDICT_DESG_CD": 100, "REGION_NM": "Southeast Region", "HCP_JURISDICT_DESG_CD": null, "HCP_DESG_CD": 1, "HCP_DESG_DT": 854611200000, "HCP_WITHDRAWAL_DT": null, "PARCEL_DESC_TXT": null, "EDIT_DATE": 1309330800000, "EDIT_STATUS": 1, "EDIT_WHO": "jdug490", "EASEMENT_TYPE_CD": null, "EASEMENT_TYPE_NM": null, "PARCEL_ACQUIRE_AUTH_NO": "CLEAR LIST 10 INDEMNITY", "PARCEL_DISPOSAL_AUTH_NO": null, "SHAPE.AREA": 28920514.97197, "SHAPE.LEN": 21515.769380020203, "GLOBALID": "{E5371D9D-EC51-4FC4-A1F2-8E27AE57161D}"}}, {"type": "Feature", "id": 3331214, "geometry": {"type": "Polygon", "coordinates": [[[-120.43981, 47.20464], [-120.43964, 47.20827], [-120.44489, 47.2083], [-120.44478, 47.21189], [-120.44997, 47.21197], [-120.45034, 47.20459], [-120.43981, 47.20464]]]}, "properties": {"OBJECTID": 3331214, "PARCEL_SYST_ID": 5188, "PARCEL_TYPE_CD": 1, "PARCEL_LABEL_NM": null, "PARCEL_NM": null, "REVERSION_RIGHTS_FLG": "N", "OWN_RIGHT_DISPUTE_FLG": "N", "SURFACE_RIGHTS_FLG": "Y", "MINERAL_RIGHTS_FLG": "Y", "TIMBER_RIGHTS_FLG": "Y", "SURFACE_TRUST_CD": 3, "SURFACE_TRUST_NM": "Common School and Indemnity", "MINERAL_TRUST_CD": 3, "MINERAL_TRUST_NM": "Common School and Indemnity", "TIMBER_TRUST_CD": 3, "TIMBER_TRUST_NM": "Common School and Indemnity", "OWNER_AGENT_SYST_ID": 58706, "STEWARD_AGENT_SYST_ID": 63986, "MANAGER_AGENT_SYST_ID": 63986, "TIMBER_OWNER_NM": null, "TIMBER_EXP_DT": null, "ORIGINAL_PATENT_DT": null, "COUNTY_JURISDICT_DESG_CD": 19, "COUNTY_NM": "Kittitas", "COUNTY_PARCEL_NO": null, "REGION_JURISDICT_DESG_CD": 100, "REGION_NM": "Southeast Region", "HCP_JURISDICT_DESG_CD": null, "HCP_DESG_CD": 1, "HCP_DESG_DT": 854611200000, "HCP_WITHDRAWAL_DT": null, "PARCEL_DESC_TXT": null, "EDIT_DATE": 1309330800000, "EDIT_STATUS": 1, "EDIT_WHO": "jdug490", "EASEMENT_TYPE_CD": null, "EASEMENT_TYPE_NM": null, "PARCEL_ACQUIRE_AUTH_NO": null, "PARCEL_DISPOSAL_AUTH_NO": null, "SHAPE.AREA": 5230153.555835, "SHAPE.LEN": 10541.797641439101, "GLOBALID": "{844D8036-74CE-42B7-B91A-83105225B7DE}"}}, {"type": "Feature", "id": 3331215, "geometry": {"type": "Polygon", "coordinates": [[[-120.39749, 47.18998], [-120.40809, 47.19002], [-120.4082, 47.18277], [-120.40791, 47.17547], [-120.39082, 47.17546], [-120.3869, 47.17543], [-120.38694, 47.18981], [-120.39749, 47.18998]]]}, "properties": {"OBJECTID": 3331215, "PARCEL_SYST_ID": 5195, "PARCEL_TYPE_CD": 1, "PARCEL_LABEL_NM": null, "PARCEL_NM": null, "REVERSION_RIGHTS_FLG": "N", "OWN_RIGHT_DISPUTE_FLG": "N", "SURFACE_RIGHTS_FLG": "Y", "MINERAL_RIGHTS_FLG": "Y", "TIMBER_RIGHTS_FLG": "Y", "SURFACE_TRUST_CD": 3, "SURFACE_TRUST_NM": "Common School and Indemnity", "MINERAL_TRUST_CD": 3, "MINERAL_TRUST_NM": "Common School and Indemnity", "TIMBER_TRUST_CD": 3, "TIMBER_TRUST_NM": "Common School and Indemnity", "OWNER_AGENT_SYST_ID": 58706, "STEWARD_AGENT_SYST_ID": 63986, "MANAGER_AGENT_SYST_ID": 63986, "TIMBER_OWNER_NM": null, "TIMBER_EXP_DT": null, "ORIGINAL_PATENT_DT": null, "COUNTY_JURISDICT_DESG_CD": 19, "COUNTY_NM": "Kittitas", "COUNTY_PARCEL_NO": null, "REGION_JURISDICT_DESG_CD": 100, "REGION_NM": "Southeast Region", "HCP_JURISDICT_DESG_CD": null, "HCP_DESG_CD": 1, "HCP_DESG_DT": 854611200000, "HCP_WITHDRAWAL_DT": null, "PARCEL_DESC_TXT": null, "EDIT_DATE": 1309330800000, "EDIT_STATUS": 1, "EDIT_WHO": "jdug490", "EASEMENT_TYPE_CD": null, "EASEMENT_TYPE_NM": null, "PARCEL_ACQUIRE_AUTH_NO": "US PATENT NO 46-87-0001", "PARCEL_DISPOSAL_AUTH_NO": null, "SHAPE.AREA": 27827031.25107, "SHAPE.LEN": 21039.446379468398, "GLOBALID": "{77354F09-99C3-4AF1-95DD-4A62A831B2C2}"}}, {"type": "Feature", "id": 3331317, "geometry": {"type": "Polygon", "coordinates": [[[-120.39092, 47.11901], [-120.39086, 47.12623], [-120.39641, 47.12604], [-120.39637, 47.12247], [-120.40194, 47.12211], [-120.40227, 47.12568], [-120.40746, 47.12538], [-120.40717, 47.11803], [-120.40197, 47.11811], [-120.39092, 47.11901]]]}, "properties": {"OBJECTID": 3331317, "PARCEL_SYST_ID": 5145, "PARCEL_TYPE_CD": 1, "PARCEL_LABEL_NM": null, "PARCEL_NM": null, "REVERSION_RIGHTS_FLG": "N", "OWN_RIGHT_DISPUTE_FLG": "N", "SURFACE_RIGHTS_FLG": "Y", "MINERAL_RIGHTS_FLG": "N", "TIMBER_RIGHTS_FLG": "Y", "SURFACE_TRUST_CD": 3, "SURFACE_TRUST_NM": "Common School and Indemnity", "MINERAL_TRUST_CD": 0, "MINERAL_TRUST_NM": "Trust Status Not Applicable Or Unknown", "TIMBER_TRUST_CD": 3, "TIMBER_TRUST_NM": "Common School and Indemnity", "OWNER_AGENT_SYST_ID": 58706, "STEWARD_AGENT_SYST_ID": 63986, "MANAGER_AGENT_SYST_ID": 63986, "TIMBER_OWNER_NM": null, "TIMBER_EXP_DT": null, "ORIGINAL_PATENT_DT": null, "COUNTY_JURISDICT_DESG_CD": 19, "COUNTY_NM": "Kittitas", "COUNTY_PARCEL_NO": null, "REGION_JURISDICT_DESG_CD": 100, "REGION_NM": "Southeast Region", "HCP_JURISDICT_DESG_CD": null, "HCP_DESG_CD": 1, "HCP_DESG_DT": 854611200000, "HCP_WITHDRAWAL_DT": null, "PARCEL_DESC_TXT": null, "EDIT_DATE": 1309330800000, "EDIT_STATUS": 1, "EDIT_WHO": "jdug490", "EASEMENT_TYPE_CD": null, "EASEMENT_TYPE_NM": null, "PARCEL_ACQUIRE_AUTH_NO": "86-000167", "PARCEL_DISPOSAL_AUTH_NO": null, "SHAPE.AREA": 9253499.7157, "SHAPE.LEN": 16058.2030559437, "GLOBALID": "{1213D9FC-DA05-42E4-B23E-8AD2FC9A613B}"}}, {"type": "Feature", "id": 3331401, "geometry": {"type": "Polygon", "coordinates": [[[-120.44462, 47.21962], [-120.44997, 47.21977], [-120.44997, 47.21197], [-120.44478, 47.21189], [-120.44489, 47.2083], [-120.43964, 47.20827], [-120.43981, 47.20464], [-120.4345, 47.20466], [-120.43352, 47.2192], [-120.43935, 47.21947], [-120.43935, 47.21575], [-120.44475, 47.21597], [-120.44462, 47.21962]]]}, "properties": {"OBJECTID": 3331401, "PARCEL_SYST_ID": 5581, "PARCEL_TYPE_CD": 1, "PARCEL_LABEL_NM": null, "PARCEL_NM": null, "REVERSION_RIGHTS_FLG": "N", "OWN_RIGHT_DISPUTE_FLG": "N", "SURFACE_RIGHTS_FLG": "Y", "MINERAL_RIGHTS_FLG": "N", "TIMBER_RIGHTS_FLG": "Y", "SURFACE_TRUST_CD": 3, "SURFACE_TRUST_NM": "Common School and Indemnity", "MINERAL_TRUST_CD": 0, "MINERAL_TRUST_NM": "Trust Status Not Applicable Or Unknown", "TIMBER_TRUST_CD": 3, "TIMBER_TRUST_NM": "Common School and Indemnity", "OWNER_AGENT_SYST_ID": 58706, "STEWARD_AGENT_SYST_ID": 63986, "MANAGER_AGENT_SYST_ID": 63986, "TIMBER_OWNER_NM": null, "TIMBER_EXP_DT": null, "ORIGINAL_PATENT_DT": null, "COUNTY_JURISDICT_DESG_CD": 19, "COUNTY_NM": "Kittitas", "COUNTY_PARCEL_NO": null, "REGION_JURISDICT_DESG_CD": 100, "REGION_NM": "Southeast Region", "HCP_JURISDICT_DESG_CD": null, "HCP_DESG_CD": 1, "HCP_DESG_DT": 854611200000, "HCP_WITHDRAWAL_DT": null, "PARCEL_DESC_TXT": null, "EDIT_DATE": 1309330800000, "EDIT_STATUS": 1, "EDIT_WHO": "jdug490", "EASEMENT_TYPE_CD": null, "EASEMENT_TYPE_NM": null, "PARCEL_ACQUIRE_AUTH_NO": "86-000167", "PARCEL_DISPOSAL_AUTH_NO": null, "SHAPE.AREA": 14675638.995675, "SHAPE.LEN": 21523.6619033649, "GLOBALID": "{637E19E0-247F-4E4A-AE22-B7B8CBCABBE6}"}}, {"type": "Feature", "id": 3331410, "geometry": {"type": "Polygon", "coordinates": [[[-120.61887, 47.13894], [-120.61887, 47.13912], [-120.61377, 47.13917], [-120.61365, 47.13917], [-120.61365, 47.13922], [-120.61377, 47.13922], [-120.61887, 47.13917], [-120.62408, 47.13911], [-120.62408, 47.13889], [-120.61887, 47.13894]]]}, "properties": {"OBJECTID": 3331410, "PARCEL_SYST_ID": 5137, "PARCEL_TYPE_CD": 1, "PARCEL_LABEL_NM": null, "PARCEL_NM": null, "REVERSION_RIGHTS_FLG": "N", "OWN_RIGHT_DISPUTE_FLG": "N", "SURFACE_RIGHTS_FLG": "Y", "MINERAL_RIGHTS_FLG": "Y", "TIMBER_RIGHTS_FLG": "Y", "SURFACE_TRUST_CD": 2, "SURFACE_TRUST_NM": "State Forest Purchase", "MINERAL_TRUST_CD": 2, "MINERAL_TRUST_NM": "State Forest Purchase", "TIMBER_TRUST_CD": 2, "TIMBER_TRUST_NM": "State Forest Purchase", "OWNER_AGENT_SYST_ID": 58706, "STEWARD_AGENT_SYST_ID": 63986, "MANAGER_AGENT_SYST_ID": 63986, "TIMBER_OWNER_NM": null, "TIMBER_EXP_DT": null, "ORIGINAL_PATENT_DT": null, "COUNTY_JURISDICT_DESG_CD": 19, "COUNTY_NM": "Kittitas", "COUNTY_PARCEL_NO": null, "REGION_JURISDICT_DESG_CD": 100, "REGION_NM": "Southeast Region", "HCP_JURISDICT_DESG_CD": null, "HCP_DESG_CD": 1, "HCP_DESG_DT": 854611200000, "HCP_WITHDRAWAL_DT": null, "PARCEL_DESC_TXT": null, "EDIT_DATE": 1309330800000, "EDIT_STATUS": 1, "EDIT_WHO": "jdug490", "EASEMENT_TYPE_CD": null, "EASEMENT_TYPE_NM": null, "PARCEL_ACQUIRE_AUTH_NO": "KITTITAS COUNTY FOREST BOARD LAND", "PARCEL_DISPOSAL_AUTH_NO": null, "SHAPE.AREA": 128486.910175, "SHAPE.LEN": 5356.73925987517, "GLOBALID": "{AE1FCDE3-85CD-4469-83B1-A1F3279A3A5F}"}}, {"type": "Feature", "id": 3331737, "geometry": {"type": "Polygon", "coordinates": [[[-120.43935, 47.21947], [-120.44462, 47.21962], [-120.44475, 47.21597], [-120.43935, 47.21575], [-120.43935, 47.21947]]]}, "properties": {"OBJECTID": 3331737, "PARCEL_SYST_ID": 5187, "PARCEL_TYPE_CD": 1, "PARCEL_LABEL_NM": null, "PARCEL_NM": null, "REVERSION_RIGHTS_FLG": "N", "OWN_RIGHT_DISPUTE_FLG": "N", "SURFACE_RIGHTS_FLG": "Y", "MINERAL_RIGHTS_FLG": "Y", "TIMBER_RIGHTS_FLG": "Y", "SURFACE_TRUST_CD": 3, "SURFACE_TRUST_NM": "Common School and Indemnity", "MINERAL_TRUST_CD": 3, "MINERAL_TRUST_NM": "Common School and Indemnity", "TIMBER_TRUST_CD": 3, "TIMBER_TRUST_NM": "Common School and Indemnity", "OWNER_AGENT_SYST_ID": 58706, "STEWARD_AGENT_SYST_ID": 63986, "MANAGER_AGENT_SYST_ID": 63986, "TIMBER_OWNER_NM": null, "TIMBER_EXP_DT": null, "ORIGINAL_PATENT_DT": null, "COUNTY_JURISDICT_DESG_CD": 19, "COUNTY_NM": "Kittitas", "COUNTY_PARCEL_NO": null, "REGION_JURISDICT_DESG_CD": 100, "REGION_NM": "Southeast Region", "HCP_JURISDICT_DESG_CD": null, "HCP_DESG_CD": 1, "HCP_DESG_DT": 854611200000, "HCP_WITHDRAWAL_DT": null, "PARCEL_DESC_TXT": null, "EDIT_DATE": 1309330800000, "EDIT_STATUS": 1, "EDIT_WHO": "jdug490", "EASEMENT_TYPE_CD": null, "EASEMENT_TYPE_NM": null, "PARCEL_ACQUIRE_AUTH_NO": null, "PARCEL_DISPOSAL_AUTH_NO": null, "SHAPE.AREA": 1784512.75185, "SHAPE.LEN": 5345.96993388597, "GLOBALID": "{462024D4-CAFE-485C-89DF-760FDB5010B5}"}}, {"type": "Feature", "id": 3331882, "geometry": {"type": "Polygon", "coordinates": [[[-120.39121, 47.10451], [-120.39092, 47.11901], [-120.40197, 47.11811], [-120.40717, 47.11803], [-120.41228, 47.11797], [-120.4129, 47.10381], [-120.40206, 47.10416], [-120.39121, 47.10451]]]}, "properties": {"OBJECTID": 3331882, "PARCEL_SYST_ID": 112620, "PARCEL_TYPE_CD": 1, "PARCEL_LABEL_NM": null, "PARCEL_NM": null, "REVERSION_RIGHTS_FLG": "N", "OWN_RIGHT_DISPUTE_FLG": "N", "SURFACE_RIGHTS_FLG": "Y", "MINERAL_RIGHTS_FLG": "N", "TIMBER_RIGHTS_FLG": "Y", "SURFACE_TRUST_CD": 3, "SURFACE_TRUST_NM": "Common School and Indemnity", "MINERAL_TRUST_CD": 0, "MINERAL_TRUST_NM": "Trust Status Not Applicable Or Unknown", "TIMBER_TRUST_CD": 3, "TIMBER_TRUST_NM": "Common School and Indemnity", "OWNER_AGENT_SYST_ID": 58706, "STEWARD_AGENT_SYST_ID": 63986, "MANAGER_AGENT_SYST_ID": 63986, "TIMBER_OWNER_NM": null, "TIMBER_EXP_DT": null, "ORIGINAL_PATENT_DT": null, "COUNTY_JURISDICT_DESG_CD": 19, "COUNTY_NM": "Kittitas", "COUNTY_PARCEL_NO": null, "REGION_JURISDICT_DESG_CD": 100, "REGION_NM": "Southeast Region", "HCP_JURISDICT_DESG_CD": null, "HCP_DESG_CD": 1, "HCP_DESG_DT": 1203667200000, "HCP_WITHDRAWAL_DT": null, "PARCEL_DESC_TXT": "W-KT-17", "EDIT_DATE": 1329379200000, "EDIT_STATUS": 0, "EDIT_WHO": "jdug490", "EASEMENT_TYPE_CD": null, "EASEMENT_TYPE_NM": null, "PARCEL_ACQUIRE_AUTH_NO": "86-079379", "PARCEL_DISPOSAL_AUTH_NO": null, "SHAPE.AREA": 27625031.10565, "SHAPE.LEN": 21204.654899043802, "GLOBALID": "{F2EF918A-932F-416D-ACE8-09B05D6C7CBA}"}}, {"type": "Feature", "id": 3331942, "geometry": {"type": "Polygon", "coordinates": [[[-120.32203, 47.24787], [-120.32244, 47.26116], [-120.32393, 47.26116], [-120.33453, 47.26109], [-120.34386, 47.26103], [-120.34324, 47.24823], [-120.32203, 47.24787]]]}, "properties": {"OBJECTID": 3331942, "PARCEL_SYST_ID": 4660, "PARCEL_TYPE_CD": 1, "PARCEL_LABEL_NM": null, "PARCEL_NM": null, "REVERSION_RIGHTS_FLG": "N", "OWN_RIGHT_DISPUTE_FLG": "N", "SURFACE_RIGHTS_FLG": "Y", "MINERAL_RIGHTS_FLG": "N", "TIMBER_RIGHTS_FLG": "Y", "SURFACE_TRUST_CD": 3, "SURFACE_TRUST_NM": "Common School and Indemnity", "MINERAL_TRUST_CD": 0, "MINERAL_TRUST_NM": "Trust Status Not Applicable Or Unknown", "TIMBER_TRUST_CD": 3, "TIMBER_TRUST_NM": "Common School and Indemnity", "OWNER_AGENT_SYST_ID": 58706, "STEWARD_AGENT_SYST_ID": 63986, "MANAGER_AGENT_SYST_ID": 63986, "TIMBER_OWNER_NM": null, "TIMBER_EXP_DT": null, "ORIGINAL_PATENT_DT": null, "COUNTY_JURISDICT_DESG_CD": 19, "COUNTY_NM": "Kittitas", "COUNTY_PARCEL_NO": null, "REGION_JURISDICT_DESG_CD": 100, "REGION_NM": "Southeast Region", "HCP_JURISDICT_DESG_CD": null, "HCP_DESG_CD": 1, "HCP_DESG_DT": 854611200000, "HCP_WITHDRAWAL_DT": null, "PARCEL_DESC_TXT": null, "EDIT_DATE": 1309330800000, "EDIT_STATUS": 1, "EDIT_WHO": "jdug490", "EASEMENT_TYPE_CD": null, "EASEMENT_TYPE_NM": null, "PARCEL_ACQUIRE_AUTH_NO": "86-000167", "PARCEL_DISPOSAL_AUTH_NO": null, "SHAPE.AREA": 25181935.4546, "SHAPE.LEN": 20104.409556307903, "GLOBALID": "{83C2796C-B689-42DA-8277-471304C24533}"}}, {"type": "Feature", "id": 3332204, "geometry": {"type": "Polygon", "coordinates": [[[-120.45058, 47.17561], [-120.4554, 47.17606], [-120.45505, 47.172], [-120.45468, 47.16839], [-120.45478, 47.16426], [-120.45463, 47.16438], [-120.45445, 47.16468], [-120.45415, 47.16491], [-120.45412, 47.16496], [-120.45395, 47.16539], [-120.45354, 47.16578], [-120.45296, 47.16611], [-120.45295, 47.16611], [-120.45266, 47.16648], [-120.45246, 47.16664], [-120.45248, 47.1674], [-120.45201, 47.16775], [-120.45193, 47.168], [-120.45122, 47.16835], [-120.45107, 47.16845], [-120.45105, 47.16879], [-120.45022, 47.16966], [-120.44971, 47.16988], [-120.44961, 47.1702], [-120.44907, 47.17058], [-120.44883, 47.1708], [-120.44861, 47.17107], [-120.44861, 47.17194], [-120.4476, 47.17205], [-120.4477, 47.17228], [-120.44791, 47.17273], [-120.44793, 47.17307], [-120.44795, 47.17316], [-120.44796, 47.17325], [-120.44797, 47.17334], [-120.44798, 47.17343], [-120.44798, 47.17352], [-120.44797, 47.17361], [-120.44795, 47.1737], [-120.44793, 47.17378], [-120.44791, 47.17387], [-120.44787, 47.17396], [-120.44783, 47.17404], [-120.44779, 47.17413], [-120.44774, 47.17421], [-120.44768, 47.17429], [-120.44762, 47.17437], [-120.44755, 47.17445], [-120.4474, 47.17475], [-120.44715, 47.17509], [-120.44715, 47.17513], [-120.44723, 47.17517], [-120.4473, 47.17521], [-120.44737, 47.17526], [-120.44744, 47.1753], [-120.44751, 47.17535], [-120.44757, 47.1754], [-120.44762, 47.17546], [-120.44767, 47.17552], [-120.45058, 47.17561]]]}, "properties": {"OBJECTID": 3332204, "PARCEL_SYST_ID": 112606, "PARCEL_TYPE_CD": 1, "PARCEL_LABEL_NM": null, "PARCEL_NM": null, "REVERSION_RIGHTS_FLG": "N", "OWN_RIGHT_DISPUTE_FLG": "N", "SURFACE_RIGHTS_FLG": "Y", "MINERAL_RIGHTS_FLG": "N", "TIMBER_RIGHTS_FLG": "Y", "SURFACE_TRUST_CD": 3, "SURFACE_TRUST_NM": "Common School and Indemnity", "MINERAL_TRUST_CD": 0, "MINERAL_TRUST_NM": "Trust Status Not Applicable Or Unknown", "TIMBER_TRUST_CD": 3, "TIMBER_TRUST_NM": "Common School and Indemnity", "OWNER_AGENT_SYST_ID": 58706, "STEWARD_AGENT_SYST_ID": 63986, "MANAGER_AGENT_SYST_ID": 63986, "TIMBER_OWNER_NM": null, "TIMBER_EXP_DT": null, "ORIGINAL_PATENT_DT": null, "COUNTY_JURISDICT_DESG_CD": 19, "COUNTY_NM": "Kittitas", "COUNTY_PARCEL_NO": null, "REGION_JURISDICT_DESG_CD": 100, "REGION_NM": "Southeast Region", "HCP_JURISDICT_DESG_CD": null, "HCP_DESG_CD": 1, "HCP_DESG_DT": 1203667200000, "HCP_WITHDRAWAL_DT": null, "PARCEL_DESC_TXT": "W-KT-05", "EDIT_DATE": 1329379200000, "EDIT_STATUS": 0, "EDIT_WHO": "jdug490", "EASEMENT_TYPE_CD": null, "EASEMENT_TYPE_NM": null, "PARCEL_ACQUIRE_AUTH_NO": "86-079379", "PARCEL_DISPOSAL_AUTH_NO": null, "SHAPE.AREA": 4879881.5168865, "SHAPE.LEN": 11245.379400646501, "GLOBALID": "{95E47328-36FA-4B02-9491-B2E39D7212D6}"}}, {"type": "Feature", "id": 3332289, "geometry": {"type": "Polygon", "coordinates": [[[-120.66671, 47.16829], [-120.66678, 47.1705], [-120.66683, 47.17213], [-120.66688, 47.17373], [-120.66693, 47.17532], [-120.6774, 47.17528], [-120.67761, 47.17528], [-120.6775, 47.17181], [-120.67744, 47.17], [-120.67738, 47.16818], [-120.67732, 47.16638], [-120.67726, 47.16458], [-120.68249, 47.16453], [-120.68255, 47.16633], [-120.68261, 47.16813], [-120.68269, 47.16995], [-120.68278, 47.17177], [-120.68805, 47.17172], [-120.68785, 47.1683], [-120.68784, 47.16808], [-120.68761, 47.16087], [-120.67714, 47.16097], [-120.66668, 47.16107], [-120.66671, 47.16829]]]}, "properties": {"OBJECTID": 3332289, "PARCEL_SYST_ID": 5102, "PARCEL_TYPE_CD": 1, "PARCEL_LABEL_NM": null, "PARCEL_NM": null, "REVERSION_RIGHTS_FLG": "N", "OWN_RIGHT_DISPUTE_FLG": "N", "SURFACE_RIGHTS_FLG": "Y", "MINERAL_RIGHTS_FLG": "Y", "TIMBER_RIGHTS_FLG": "Y", "SURFACE_TRUST_CD": 3, "SURFACE_TRUST_NM": "Common School and Indemnity", "MINERAL_TRUST_CD": 3, "MINERAL_TRUST_NM": "Common School and Indemnity", "TIMBER_TRUST_CD": 3, "TIMBER_TRUST_NM": "Common School and Indemnity", "OWNER_AGENT_SYST_ID": 58706, "STEWARD_AGENT_SYST_ID": 63986, "MANAGER_AGENT_SYST_ID": 63986, "TIMBER_OWNER_NM": null, "TIMBER_EXP_DT": null, "ORIGINAL_PATENT_DT": null, "COUNTY_JURISDICT_DESG_CD": 19, "COUNTY_NM": "Kittitas", "COUNTY_PARCEL_NO": null, "REGION_JURISDICT_DESG_CD": 100, "REGION_NM": "Southeast Region", "HCP_JURISDICT_DESG_CD": null, "HCP_DESG_CD": 1, "HCP_DESG_DT": 854611200000, "HCP_WITHDRAWAL_DT": null, "PARCEL_DESC_TXT": null, "EDIT_DATE": 1480550740000, "EDIT_STATUS": 1, "EDIT_WHO": "JDUG490", "EASEMENT_TYPE_CD": null, "EASEMENT_TYPE_NM": null, "PARCEL_ACQUIRE_AUTH_NO": "CLEAR LIST 13 INDEMNITY", "PARCEL_DISPOSAL_AUTH_NO": null, "SHAPE.AREA": 20626736.3998595, "SHAPE.LEN": 26181.2353000499, "GLOBALID": "{2F385BC1-8048-4FEB-A73B-F23A90450F44}"}}, {"type": "Feature", "id": 3332341, "geometry": {"type": "Polygon", "coordinates": [[[-120.42941, 47.17568], [-120.42953, 47.18285], [-120.42905, 47.19013], [-120.44989, 47.18992], [-120.45058, 47.17561], [-120.44767, 47.17552], [-120.4447, 47.17542], [-120.43974, 47.17526], [-120.43392, 47.17548], [-120.42941, 47.17568]]]}, "properties": {"OBJECTID": 3332341, "PARCEL_SYST_ID": 5194, "PARCEL_TYPE_CD": 1, "PARCEL_LABEL_NM": null, "PARCEL_NM": null, "REVERSION_RIGHTS_FLG": "N", "OWN_RIGHT_DISPUTE_FLG": "N", "SURFACE_RIGHTS_FLG": "Y", "MINERAL_RIGHTS_FLG": "Y", "TIMBER_RIGHTS_FLG": "Y", "SURFACE_TRUST_CD": 3, "SURFACE_TRUST_NM": "Common School and Indemnity", "MINERAL_TRUST_CD": 3, "MINERAL_TRUST_NM": "Common School and Indemnity", "TIMBER_TRUST_CD": 3, "TIMBER_TRUST_NM": "Common School and Indemnity", "OWNER_AGENT_SYST_ID": 58706, "STEWARD_AGENT_SYST_ID": 63986, "MANAGER_AGENT_SYST_ID": 63986, "TIMBER_OWNER_NM": null, "TIMBER_EXP_DT": null, "ORIGINAL_PATENT_DT": null, "COUNTY_JURISDICT_DESG_CD": 19, "COUNTY_NM": "Kittitas", "COUNTY_PARCEL_NO": null, "REGION_JURISDICT_DESG_CD": 100, "REGION_NM": "Southeast Region", "HCP_JURISDICT_DESG_CD": null, "HCP_DESG_CD": 1, "HCP_DESG_DT": 854611200000, "HCP_WITHDRAWAL_DT": null, "PARCEL_DESC_TXT": null, "EDIT_DATE": 1309330800000, "EDIT_STATUS": 1, "EDIT_WHO": "jdug490", "EASEMENT_TYPE_CD": null, "EASEMENT_TYPE_NM": null, "PARCEL_ACQUIRE_AUTH_NO": "CLEAR LIST 10 INDEMNITY", "PARCEL_DISPOSAL_AUTH_NO": null, "SHAPE.AREA": 27572020.058758, "SHAPE.LEN": 20948.4773441053, "GLOBALID": "{548263DD-6F1D-46CB-B230-17741AFE2865}"}}, {"type": "Feature", "id": 3332462, "geometry": {"type": "Polygon", "coordinates": [[[-120.88315, 47.31052], [-120.87254, 47.31045], [-120.87254, 47.31406], [-120.87784, 47.31409], [-120.87784, 47.3177], [-120.88313, 47.31773], [-120.88315, 47.31052]]]}, "properties": {"OBJECTID": 3332462, "PARCEL_SYST_ID": 5067, "PARCEL_TYPE_CD": 1, "PARCEL_LABEL_NM": null, "PARCEL_NM": null, "REVERSION_RIGHTS_FLG": "N", "OWN_RIGHT_DISPUTE_FLG": "N", "SURFACE_RIGHTS_FLG": "Y", "MINERAL_RIGHTS_FLG": "Y", "TIMBER_RIGHTS_FLG": "Y", "SURFACE_TRUST_CD": 3, "SURFACE_TRUST_NM": "Common School and Indemnity", "MINERAL_TRUST_CD": 3, "MINERAL_TRUST_NM": "Common School and Indemnity", "TIMBER_TRUST_CD": 3, "TIMBER_TRUST_NM": "Common School and Indemnity", "OWNER_AGENT_SYST_ID": 58706, "STEWARD_AGENT_SYST_ID": 63986, "MANAGER_AGENT_SYST_ID": 63986, "TIMBER_OWNER_NM": null, "TIMBER_EXP_DT": null, "ORIGINAL_PATENT_DT": null, "COUNTY_JURISDICT_DESG_CD": 19, "COUNTY_NM": "Kittitas", "COUNTY_PARCEL_NO": null, "REGION_JURISDICT_DESG_CD": 100, "REGION_NM": "Southeast Region", "HCP_JURISDICT_DESG_CD": null, "HCP_DESG_CD": 1, "HCP_DESG_DT": 854611200000, "HCP_WITHDRAWAL_DT": null, "PARCEL_DESC_TXT": null, "EDIT_DATE": 1309330800000, "EDIT_STATUS": 1, "EDIT_WHO": "jdug490", "EASEMENT_TYPE_CD": null, "EASEMENT_TYPE_NM": null, "PARCEL_ACQUIRE_AUTH_NO": null, "PARCEL_DISPOSAL_AUTH_NO": null, "SHAPE.AREA": 5190332.827445, "SHAPE.LEN": 10522.9323105515, "GLOBALID": "{C68D0BF7-7A6F-4A3A-A55E-521831124819}"}}, {"type": "Feature", "id": 3332790, "geometry": {"type": "Polygon", "coordinates": [[[-120.30248, 47.17546], [-120.303, 47.17547], [-120.30279, 47.16916], [-120.29777, 47.16905], [-120.29761, 47.16598], [-120.30268, 47.16601], [-120.30257, 47.16282], [-120.29181, 47.16254], [-120.28109, 47.16249], [-120.2829, 47.17494], [-120.30248, 47.17546]]]}, "properties": {"OBJECTID": 3332790, "PARCEL_SYST_ID": 112622, "PARCEL_TYPE_CD": 1, "PARCEL_LABEL_NM": null, "PARCEL_NM": null, "REVERSION_RIGHTS_FLG": "N", "OWN_RIGHT_DISPUTE_FLG": "N", "SURFACE_RIGHTS_FLG": "Y", "MINERAL_RIGHTS_FLG": "N", "TIMBER_RIGHTS_FLG": "Y", "SURFACE_TRUST_CD": 8, "SURFACE_TRUST_NM": "Normal School", "MINERAL_TRUST_CD": 0, "MINERAL_TRUST_NM": "Trust Status Not Applicable Or Unknown", "TIMBER_TRUST_CD": 8, "TIMBER_TRUST_NM": "Normal School", "OWNER_AGENT_SYST_ID": 58706, "STEWARD_AGENT_SYST_ID": 63986, "MANAGER_AGENT_SYST_ID": 63986, "TIMBER_OWNER_NM": null, "TIMBER_EXP_DT": null, "ORIGINAL_PATENT_DT": null, "COUNTY_JURISDICT_DESG_CD": 19, "COUNTY_NM": "Kittitas", "COUNTY_PARCEL_NO": null, "REGION_JURISDICT_DESG_CD": 100, "REGION_NM": "Southeast Region", "HCP_JURISDICT_DESG_CD": null, "HCP_DESG_CD": 1, "HCP_DESG_DT": 1203667200000, "HCP_WITHDRAWAL_DT": null, "PARCEL_DESC_TXT": "W-KT-19", "EDIT_DATE": 1329379200000, "EDIT_STATUS": 0, "EDIT_WHO": "jdug490", "EASEMENT_TYPE_CD": null, "EASEMENT_TYPE_NM": null, "PARCEL_ACQUIRE_AUTH_NO": "86-079379", "PARCEL_DISPOSAL_AUTH_NO": null, "SHAPE.AREA": 22329171.6931245, "SHAPE.LEN": 22005.4776265766, "GLOBALID": "{433B5EF5-DBB7-4D50-8A5D-BE5FCE10FB2E}"}}, {"type": "Feature", "id": 3332837, "geometry": {"type": "Polygon", "coordinates": [[[-120.48104, 47.24818], [-120.49176, 47.2482], [-120.49176, 47.24103], [-120.49205, 47.23384], [-120.47172, 47.23397], [-120.47113, 47.24104], [-120.48132, 47.24106], [-120.48104, 47.24818]]]}, "properties": {"OBJECTID": 3332837, "PARCEL_SYST_ID": 112651, "PARCEL_TYPE_CD": 1, "PARCEL_LABEL_NM": null, "PARCEL_NM": null, "REVERSION_RIGHTS_FLG": "N", "OWN_RIGHT_DISPUTE_FLG": "N", "SURFACE_RIGHTS_FLG": "Y", "MINERAL_RIGHTS_FLG": "N", "TIMBER_RIGHTS_FLG": "Y", "SURFACE_TRUST_CD": 3, "SURFACE_TRUST_NM": "Common School and Indemnity", "MINERAL_TRUST_CD": 0, "MINERAL_TRUST_NM": "Trust Status Not Applicable Or Unknown", "TIMBER_TRUST_CD": 3, "TIMBER_TRUST_NM": "Common School and Indemnity", "OWNER_AGENT_SYST_ID": 58706, "STEWARD_AGENT_SYST_ID": 63986, "MANAGER_AGENT_SYST_ID": 63986, "TIMBER_OWNER_NM": null, "TIMBER_EXP_DT": null, "ORIGINAL_PATENT_DT": null, "COUNTY_JURISDICT_DESG_CD": 19, "COUNTY_NM": "Kittitas", "COUNTY_PARCEL_NO": null, "REGION_JURISDICT_DESG_CD": 100, "REGION_NM": "Southeast Region", "HCP_JURISDICT_DESG_CD": null, "HCP_DESG_CD": 1, "HCP_DESG_DT": 1203667200000, "HCP_WITHDRAWAL_DT": null, "PARCEL_DESC_TXT": "W-KT-46", "EDIT_DATE": 1329379200000, "EDIT_STATUS": 0, "EDIT_WHO": "jdug490", "EASEMENT_TYPE_CD": null, "EASEMENT_TYPE_NM": null, "PARCEL_ACQUIRE_AUTH_NO": "86-079379", "PARCEL_DISPOSAL_AUTH_NO": null, "SHAPE.AREA": 20100920.38145, "SHAPE.LEN": 20663.0594928614, "GLOBALID": "{37D4F212-EA62-453C-8869-4B8291C65EE7}"}}, {"type": "Feature", "id": 3332838, "geometry": {"type": "Polygon", "coordinates": [[[-120.42805, 47.2483], [-120.43833, 47.24857], [-120.44901, 47.24841], [-120.44938, 47.24114], [-120.44928, 47.23386], [-120.43888, 47.23389], [-120.43851, 47.24106], [-120.42814, 47.24093], [-120.42805, 47.2483]]]}, "properties": {"OBJECTID": 3332838, "PARCEL_SYST_ID": 112653, "PARCEL_TYPE_CD": 1, "PARCEL_LABEL_NM": null, "PARCEL_NM": null, "REVERSION_RIGHTS_FLG": "N", "OWN_RIGHT_DISPUTE_FLG": "N", "SURFACE_RIGHTS_FLG": "Y", "MINERAL_RIGHTS_FLG": "N", "TIMBER_RIGHTS_FLG": "Y", "SURFACE_TRUST_CD": 3, "SURFACE_TRUST_NM": "Common School and Indemnity", "MINERAL_TRUST_CD": 0, "MINERAL_TRUST_NM": "Trust Status Not Applicable Or Unknown", "TIMBER_TRUST_CD": 3, "TIMBER_TRUST_NM": "Common School and Indemnity", "OWNER_AGENT_SYST_ID": 58706, "STEWARD_AGENT_SYST_ID": 63986, "MANAGER_AGENT_SYST_ID": 63986, "TIMBER_OWNER_NM": null, "TIMBER_EXP_DT": null, "ORIGINAL_PATENT_DT": null, "COUNTY_JURISDICT_DESG_CD": 19, "COUNTY_NM": "Kittitas", "COUNTY_PARCEL_NO": null, "REGION_JURISDICT_DESG_CD": 100, "REGION_NM": "Southeast Region", "HCP_JURISDICT_DESG_CD": null, "HCP_DESG_CD": 1, "HCP_DESG_DT": 1203667200000, "HCP_WITHDRAWAL_DT": null, "PARCEL_DESC_TXT": "W-KT-48", "EDIT_DATE": 1329379200000, "EDIT_STATUS": 0, "EDIT_WHO": "jdug490", "EASEMENT_TYPE_CD": null, "EASEMENT_TYPE_NM": null, "PARCEL_ACQUIRE_AUTH_NO": "86-079379", "PARCEL_DISPOSAL_AUTH_NO": null, "SHAPE.AREA": 21141130.847815, "SHAPE.LEN": 20989.6059775657, "GLOBALID": "{29C3D61E-118B-4CDC-AA4D-67B11E65B89A}"}}, {"type": "Feature", "id": 3332839, "geometry": {"type": "Polygon", "coordinates": [[[-120.40687, 47.24779], [-120.42805, 47.2483], [-120.42814, 47.24093], [-120.42819, 47.23375], [-120.41738, 47.23368], [-120.40754, 47.2339], [-120.40728, 47.24038], [-120.40687, 47.24779]]]}, "properties": {"OBJECTID": 3332839, "PARCEL_SYST_ID": 112654, "PARCEL_TYPE_CD": 1, "PARCEL_LABEL_NM": null, "PARCEL_NM": null, "REVERSION_RIGHTS_FLG": "N", "OWN_RIGHT_DISPUTE_FLG": "N", "SURFACE_RIGHTS_FLG": "Y", "MINERAL_RIGHTS_FLG": "N", "TIMBER_RIGHTS_FLG": "Y", "SURFACE_TRUST_CD": 3, "SURFACE_TRUST_NM": "Common School and Indemnity", "MINERAL_TRUST_CD": 0, "MINERAL_TRUST_NM": "Trust Status Not Applicable Or Unknown", "TIMBER_TRUST_CD": 3, "TIMBER_TRUST_NM": "Common School and Indemnity", "OWNER_AGENT_SYST_ID": 58706, "STEWARD_AGENT_SYST_ID": 63986, "MANAGER_AGENT_SYST_ID": 63986, "TIMBER_OWNER_NM": null, "TIMBER_EXP_DT": null, "ORIGINAL_PATENT_DT": null, "COUNTY_JURISDICT_DESG_CD": 19, "COUNTY_NM": "Kittitas", "COUNTY_PARCEL_NO": null, "REGION_JURISDICT_DESG_CD": 100, "REGION_NM": "Southeast Region", "HCP_JURISDICT_DESG_CD": null, "HCP_DESG_CD": 1, "HCP_DESG_DT": 1203667200000, "HCP_WITHDRAWAL_DT": null, "PARCEL_DESC_TXT": "W-KT-49", "EDIT_DATE": 1329379200000, "EDIT_STATUS": 0, "EDIT_WHO": "jdug490", "EASEMENT_TYPE_CD": null, "EASEMENT_TYPE_NM": null, "PARCEL_ACQUIRE_AUTH_NO": "86-079379", "PARCEL_DISPOSAL_AUTH_NO": null, "SHAPE.AREA": 27061469.92186, "SHAPE.LEN": 20768.672318387104, "GLOBALID": "{CD4868E7-7237-4912-B904-A49032A1B30E}"}}, {"type": "Feature", "id": 3332840, "geometry": {"type": "Polygon", "coordinates": [[[-120.3861, 47.23327], [-120.40754, 47.2339], [-120.40743, 47.2264], [-120.40788, 47.21928], [-120.39708, 47.21896], [-120.38634, 47.21883], [-120.3861, 47.23327]]]}, "properties": {"OBJECTID": 3332840, "PARCEL_SYST_ID": 112655, "PARCEL_TYPE_CD": 1, "PARCEL_LABEL_NM": null, "PARCEL_NM": null, "REVERSION_RIGHTS_FLG": "N", "OWN_RIGHT_DISPUTE_FLG": "N", "SURFACE_RIGHTS_FLG": "Y", "MINERAL_RIGHTS_FLG": "N", "TIMBER_RIGHTS_FLG": "Y", "SURFACE_TRUST_CD": 3, "SURFACE_TRUST_NM": "Common School and Indemnity", "MINERAL_TRUST_CD": 0, "MINERAL_TRUST_NM": "Trust Status Not Applicable Or Unknown", "TIMBER_TRUST_CD": 3, "TIMBER_TRUST_NM": "Common School and Indemnity", "OWNER_AGENT_SYST_ID": 58706, "STEWARD_AGENT_SYST_ID": 63986, "MANAGER_AGENT_SYST_ID": 63986, "TIMBER_OWNER_NM": null, "TIMBER_EXP_DT": null, "ORIGINAL_PATENT_DT": null, "COUNTY_JURISDICT_DESG_CD": 19, "COUNTY_NM": "Kittitas", "COUNTY_PARCEL_NO": null, "REGION_JURISDICT_DESG_CD": 100, "REGION_NM": "Southeast Region", "HCP_JURISDICT_DESG_CD": null, "HCP_DESG_CD": 1, "HCP_DESG_DT": 1203667200000, "HCP_WITHDRAWAL_DT": null, "PARCEL_DESC_TXT": "W-KT-50", "EDIT_DATE": 1329379200000, "EDIT_STATUS": 0, "EDIT_WHO": "jdug490", "EASEMENT_TYPE_CD": null, "EASEMENT_TYPE_NM": null, "PARCEL_ACQUIRE_AUTH_NO": "86-079379", "PARCEL_DISPOSAL_AUTH_NO": null, "SHAPE.AREA": 28218051.57003, "SHAPE.LEN": 21291.315504378803, "GLOBALID": "{D29CB0EE-7BBD-4DBE-996D-F9ACF72E4254}"}}, {"type": "Feature", "id": 3332842, "geometry": {"type": "Polygon", "coordinates": [[[-120.47082, 47.21935], [-120.47172, 47.23397], [-120.49205, 47.23384], [-120.49206, 47.21895], [-120.48175, 47.21904], [-120.47599, 47.2192], [-120.47082, 47.21935]]]}, "properties": {"OBJECTID": 3332842, "PARCEL_SYST_ID": 112657, "PARCEL_TYPE_CD": 1, "PARCEL_LABEL_NM": null, "PARCEL_NM": null, "REVERSION_RIGHTS_FLG": "N", "OWN_RIGHT_DISPUTE_FLG": "N", "SURFACE_RIGHTS_FLG": "Y", "MINERAL_RIGHTS_FLG": "N", "TIMBER_RIGHTS_FLG": "Y", "SURFACE_TRUST_CD": 3, "SURFACE_TRUST_NM": "Common School and Indemnity", "MINERAL_TRUST_CD": 0, "MINERAL_TRUST_NM": "Trust Status Not Applicable Or Unknown", "TIMBER_TRUST_CD": 3, "TIMBER_TRUST_NM": "Common School and Indemnity", "OWNER_AGENT_SYST_ID": 58706, "STEWARD_AGENT_SYST_ID": 63986, "MANAGER_AGENT_SYST_ID": 63986, "TIMBER_OWNER_NM": null, "TIMBER_EXP_DT": null, "ORIGINAL_PATENT_DT": null, "COUNTY_JURISDICT_DESG_CD": 19, "COUNTY_NM": "Kittitas", "COUNTY_PARCEL_NO": null, "REGION_JURISDICT_DESG_CD": 100, "REGION_NM": "Southeast Region", "HCP_JURISDICT_DESG_CD": null, "HCP_DESG_CD": 1, "HCP_DESG_DT": 1203667200000, "HCP_WITHDRAWAL_DT": null, "PARCEL_DESC_TXT": "W-KT-52", "EDIT_DATE": 1329379200000, "EDIT_STATUS": 0, "EDIT_WHO": "jdug490", "EASEMENT_TYPE_CD": null, "EASEMENT_TYPE_NM": null, "PARCEL_ACQUIRE_AUTH_NO": "86-079379", "PARCEL_DISPOSAL_AUTH_NO": null, "SHAPE.AREA": 27897381.6363, "SHAPE.LEN": 21097.9129106574, "GLOBALID": "{DB7D36D0-6CF4-4784-B155-55FB3D7C10A4}"}}, {"type": "Feature", "id": 3332843, "geometry": {"type": "Polygon", "coordinates": [[[-120.44997, 47.21977], [-120.46025, 47.22014], [-120.47082, 47.21935], [-120.47124, 47.2044], [-120.46047, 47.2047], [-120.45034, 47.20459], [-120.44997, 47.21197], [-120.44997, 47.21977]]]}, "properties": {"OBJECTID": 3332843, "PARCEL_SYST_ID": 112659, "PARCEL_TYPE_CD": 1, "PARCEL_LABEL_NM": null, "PARCEL_NM": null, "REVERSION_RIGHTS_FLG": "N", "OWN_RIGHT_DISPUTE_FLG": "N", "SURFACE_RIGHTS_FLG": "Y", "MINERAL_RIGHTS_FLG": "N", "TIMBER_RIGHTS_FLG": "Y", "SURFACE_TRUST_CD": 3, "SURFACE_TRUST_NM": "Common School and Indemnity", "MINERAL_TRUST_CD": 0, "MINERAL_TRUST_NM": "Trust Status Not Applicable Or Unknown", "TIMBER_TRUST_CD": 3, "TIMBER_TRUST_NM": "Common School and Indemnity", "OWNER_AGENT_SYST_ID": 58706, "STEWARD_AGENT_SYST_ID": 63986, "MANAGER_AGENT_SYST_ID": 63986, "TIMBER_OWNER_NM": null, "TIMBER_EXP_DT": null, "ORIGINAL_PATENT_DT": null, "COUNTY_JURISDICT_DESG_CD": 19, "COUNTY_NM": "Kittitas", "COUNTY_PARCEL_NO": null, "REGION_JURISDICT_DESG_CD": 100, "REGION_NM": "Southeast Region", "HCP_JURISDICT_DESG_CD": null, "HCP_DESG_CD": 1, "HCP_DESG_DT": 1203667200000, "HCP_WITHDRAWAL_DT": null, "PARCEL_DESC_TXT": "W-KT-54", "EDIT_DATE": 1329379200000, "EDIT_STATUS": 0, "EDIT_WHO": "jdug490", "EASEMENT_TYPE_CD": null, "EASEMENT_TYPE_NM": null, "PARCEL_ACQUIRE_AUTH_NO": "86-079379", "PARCEL_DISPOSAL_AUTH_NO": null, "SHAPE.AREA": 28974719.91225, "SHAPE.LEN": 21389.7839077871, "GLOBALID": "{0EB5D24F-A3BB-4B61-9A5C-A5FB8FD9EB8D}"}}, {"type": "Feature", "id": 3332845, "geometry": {"type": "Polygon", "coordinates": [[[-120.40811, 47.20466], [-120.40786, 47.21175], [-120.40788, 47.21928], [-120.42812, 47.21911], [-120.42895, 47.21187], [-120.4295, 47.20469], [-120.41904, 47.20442], [-120.40811, 47.20466]]]}, "properties": {"OBJECTID": 3332845, "PARCEL_SYST_ID": 112660, "PARCEL_TYPE_CD": 1, "PARCEL_LABEL_NM": null, "PARCEL_NM": null, "REVERSION_RIGHTS_FLG": "N", "OWN_RIGHT_DISPUTE_FLG": "N", "SURFACE_RIGHTS_FLG": "Y", "MINERAL_RIGHTS_FLG": "N", "TIMBER_RIGHTS_FLG": "Y", "SURFACE_TRUST_CD": 3, "SURFACE_TRUST_NM": "Common School and Indemnity", "MINERAL_TRUST_CD": 0, "MINERAL_TRUST_NM": "Trust Status Not Applicable Or Unknown", "TIMBER_TRUST_CD": 3, "TIMBER_TRUST_NM": "Common School and Indemnity", "OWNER_AGENT_SYST_ID": 58706, "STEWARD_AGENT_SYST_ID": 63986, "MANAGER_AGENT_SYST_ID": 63986, "TIMBER_OWNER_NM": null, "TIMBER_EXP_DT": null, "ORIGINAL_PATENT_DT": null, "COUNTY_JURISDICT_DESG_CD": 19, "COUNTY_NM": "Kittitas", "COUNTY_PARCEL_NO": null, "REGION_JURISDICT_DESG_CD": 100, "REGION_NM": "Southeast Region", "HCP_JURISDICT_DESG_CD": null, "HCP_DESG_CD": 1, "HCP_DESG_DT": 1203667200000, "HCP_WITHDRAWAL_DT": null, "PARCEL_DESC_TXT": "W-KT-55", "EDIT_DATE": 1329379200000, "EDIT_STATUS": 0, "EDIT_WHO": "jdug490", "EASEMENT_TYPE_CD": null, "EASEMENT_TYPE_NM": null, "PARCEL_ACQUIRE_AUTH_NO": "86-079379", "PARCEL_DISPOSAL_AUTH_NO": null, "SHAPE.AREA": 27832557.8328, "SHAPE.LEN": 20960.8990721945, "GLOBALID": "{31C29BD0-54EA-47CE-B8C7-086257562905}"}}, {"type": "Feature", "id": 3332846, "geometry": {"type": "Polygon", "coordinates": [[[-120.49217, 47.19004], [-120.5024, 47.18997], [-120.51284, 47.19013], [-120.51328, 47.18292], [-120.51281, 47.17577], [-120.49641, 47.17569], [-120.49237, 47.17551], [-120.49222, 47.18653], [-120.49217, 47.19004]]]}, "properties": {"OBJECTID": 3332846, "PARCEL_SYST_ID": 112664, "PARCEL_TYPE_CD": 1, "PARCEL_LABEL_NM": null, "PARCEL_NM": null, "REVERSION_RIGHTS_FLG": "N", "OWN_RIGHT_DISPUTE_FLG": "N", "SURFACE_RIGHTS_FLG": "Y", "MINERAL_RIGHTS_FLG": "N", "TIMBER_RIGHTS_FLG": "Y", "SURFACE_TRUST_CD": 3, "SURFACE_TRUST_NM": "Common School and Indemnity", "MINERAL_TRUST_CD": 0, "MINERAL_TRUST_NM": "Trust Status Not Applicable Or Unknown", "TIMBER_TRUST_CD": 3, "TIMBER_TRUST_NM": "Common School and Indemnity", "OWNER_AGENT_SYST_ID": 58706, "STEWARD_AGENT_SYST_ID": 63986, "MANAGER_AGENT_SYST_ID": 63986, "TIMBER_OWNER_NM": null, "TIMBER_EXP_DT": null, "ORIGINAL_PATENT_DT": null, "COUNTY_JURISDICT_DESG_CD": 19, "COUNTY_NM": "Kittitas", "COUNTY_PARCEL_NO": null, "REGION_JURISDICT_DESG_CD": 100, "REGION_NM": "Southeast Region", "HCP_JURISDICT_DESG_CD": null, "HCP_DESG_CD": 1, "HCP_DESG_DT": 1203667200000, "HCP_WITHDRAWAL_DT": null, "PARCEL_DESC_TXT": "W-KT-59", "EDIT_DATE": 1329379200000, "EDIT_STATUS": 0, "EDIT_WHO": "jdug490", "EASEMENT_TYPE_CD": null, "EASEMENT_TYPE_NM": null, "PARCEL_ACQUIRE_AUTH_NO": "86-079379", "PARCEL_DISPOSAL_AUTH_NO": null, "SHAPE.AREA": 26994252.630965, "SHAPE.LEN": 20767.7777871295, "GLOBALID": "{9F3E5815-41AF-4630-A32E-341CB3FD911A}"}}, {"type": "Feature", "id": 3332848, "geometry": {"type": "Polygon", "coordinates": [[[-120.44989, 47.18992], [-120.47074, 47.19023], [-120.47097, 47.18309], [-120.47074, 47.1758], [-120.46555, 47.17557], [-120.4554, 47.17606], [-120.45058, 47.17561], [-120.44989, 47.18992]]]}, "properties": {"OBJECTID": 3332848, "PARCEL_SYST_ID": 112665, "PARCEL_TYPE_CD": 1, "PARCEL_LABEL_NM": null, "PARCEL_NM": null, "REVERSION_RIGHTS_FLG": "N", "OWN_RIGHT_DISPUTE_FLG": "N", "SURFACE_RIGHTS_FLG": "Y", "MINERAL_RIGHTS_FLG": "N", "TIMBER_RIGHTS_FLG": "Y", "SURFACE_TRUST_CD": 3, "SURFACE_TRUST_NM": "Common School and Indemnity", "MINERAL_TRUST_CD": 0, "MINERAL_TRUST_NM": "Trust Status Not Applicable Or Unknown", "TIMBER_TRUST_CD": 3, "TIMBER_TRUST_NM": "Common School and Indemnity", "OWNER_AGENT_SYST_ID": 58706, "STEWARD_AGENT_SYST_ID": 63986, "MANAGER_AGENT_SYST_ID": 63986, "TIMBER_OWNER_NM": null, "TIMBER_EXP_DT": null, "ORIGINAL_PATENT_DT": null, "COUNTY_JURISDICT_DESG_CD": 19, "COUNTY_NM": "Kittitas", "COUNTY_PARCEL_NO": null, "REGION_JURISDICT_DESG_CD": 100, "REGION_NM": "Southeast Region", "HCP_JURISDICT_DESG_CD": null, "HCP_DESG_CD": 1, "HCP_DESG_DT": 1203667200000, "HCP_WITHDRAWAL_DT": null, "PARCEL_DESC_TXT": "W-KT-60", "EDIT_DATE": 1329379200000, "EDIT_STATUS": 0, "EDIT_WHO": "jdug490", "EASEMENT_TYPE_CD": null, "EASEMENT_TYPE_NM": null, "PARCEL_ACQUIRE_AUTH_NO": "86-079379", "PARCEL_DISPOSAL_AUTH_NO": null, "SHAPE.AREA": 26724307.65317, "SHAPE.LEN": 20705.5617848533, "GLOBALID": "{4D8FCEB4-5854-4A93-9509-6B70221C1E77}"}}, {"type": "Feature", "id": 3332849, "geometry": {"type": "Polygon", "coordinates": [[[-120.40809, 47.19002], [-120.41885, 47.19021], [-120.42905, 47.19013], [-120.42953, 47.18285], [-120.42941, 47.17568], [-120.42112, 47.17558], [-120.41203, 47.1755], [-120.40791, 47.17547], [-120.4082, 47.18277], [-120.40809, 47.19002]]]}, "properties": {"OBJECTID": 3332849, "PARCEL_SYST_ID": 112666, "PARCEL_TYPE_CD": 1, "PARCEL_LABEL_NM": null, "PARCEL_NM": null, "REVERSION_RIGHTS_FLG": "N", "OWN_RIGHT_DISPUTE_FLG": "N", "SURFACE_RIGHTS_FLG": "Y", "MINERAL_RIGHTS_FLG": "N", "TIMBER_RIGHTS_FLG": "Y", "SURFACE_TRUST_CD": 3, "SURFACE_TRUST_NM": "Common School and Indemnity", "MINERAL_TRUST_CD": 0, "MINERAL_TRUST_NM": "Trust Status Not Applicable Or Unknown", "TIMBER_TRUST_CD": 3, "TIMBER_TRUST_NM": "Common School and Indemnity", "OWNER_AGENT_SYST_ID": 58706, "STEWARD_AGENT_SYST_ID": 63986, "MANAGER_AGENT_SYST_ID": 63986, "TIMBER_OWNER_NM": null, "TIMBER_EXP_DT": null, "ORIGINAL_PATENT_DT": null, "COUNTY_JURISDICT_DESG_CD": 19, "COUNTY_NM": "Kittitas", "COUNTY_PARCEL_NO": null, "REGION_JURISDICT_DESG_CD": 100, "REGION_NM": "Southeast Region", "HCP_JURISDICT_DESG_CD": null, "HCP_DESG_CD": 1, "HCP_DESG_DT": 1203667200000, "HCP_WITHDRAWAL_DT": null, "PARCEL_DESC_TXT": "W-KT-61", "EDIT_DATE": 1329379200000, "EDIT_STATUS": 0, "EDIT_WHO": "jdug490", "EASEMENT_TYPE_CD": null, "EASEMENT_TYPE_NM": null, "PARCEL_ACQUIRE_AUTH_NO": "86-079379", "PARCEL_DISPOSAL_AUTH_NO": null, "SHAPE.AREA": 28132956.40233, "SHAPE.LEN": 21135.8240865177, "GLOBALID": "{1AFB03A9-C7D7-46E2-9C88-DA0EA0E0E77C}"}}, {"type": "Feature", "id": 3332850, "geometry": {"type": "Polygon", "coordinates": [[[-120.36612, 47.20474], [-120.3664, 47.21196], [-120.36613, 47.21921], [-120.38634, 47.21883], [-120.38641, 47.21149], [-120.38668, 47.2043], [-120.37669, 47.20428], [-120.36612, 47.20474]]]}, "properties": {"OBJECTID": 3332850, "PARCEL_SYST_ID": 112668, "PARCEL_TYPE_CD": 1, "PARCEL_LABEL_NM": null, "PARCEL_NM": null, "REVERSION_RIGHTS_FLG": "N", "OWN_RIGHT_DISPUTE_FLG": "N", "SURFACE_RIGHTS_FLG": "Y", "MINERAL_RIGHTS_FLG": "N", "TIMBER_RIGHTS_FLG": "Y", "SURFACE_TRUST_CD": 3, "SURFACE_TRUST_NM": "Common School and Indemnity", "MINERAL_TRUST_CD": 0, "MINERAL_TRUST_NM": "Trust Status Not Applicable Or Unknown", "TIMBER_TRUST_CD": 3, "TIMBER_TRUST_NM": "Common School and Indemnity", "OWNER_AGENT_SYST_ID": 58706, "STEWARD_AGENT_SYST_ID": 63986, "MANAGER_AGENT_SYST_ID": 63986, "TIMBER_OWNER_NM": null, "TIMBER_EXP_DT": null, "ORIGINAL_PATENT_DT": null, "COUNTY_JURISDICT_DESG_CD": 19, "COUNTY_NM": "Kittitas", "COUNTY_PARCEL_NO": null, "REGION_JURISDICT_DESG_CD": 100, "REGION_NM": "Southeast Region", "HCP_JURISDICT_DESG_CD": null, "HCP_DESG_CD": 1, "HCP_DESG_DT": 1203667200000, "HCP_WITHDRAWAL_DT": null, "PARCEL_DESC_TXT": "W-KT-62", "EDIT_DATE": 1329379200000, "EDIT_STATUS": 0, "EDIT_WHO": "jdug490", "EASEMENT_TYPE_CD": null, "EASEMENT_TYPE_NM": null, "PARCEL_ACQUIRE_AUTH_NO": "86-079379", "PARCEL_DISPOSAL_AUTH_NO": null, "SHAPE.AREA": 26749894.4228, "SHAPE.LEN": 20714.475528909203, "GLOBALID": "{8F2857F5-A47C-4217-941C-8EBA954AB342}"}}, {"type": "Feature", "id": 3332860, "geometry": {"type": "Polygon", "coordinates": [[[-120.30257, 47.16282], [-120.31453, 47.16316], [-120.32529, 47.16281], [-120.32494, 47.15191], [-120.31941, 47.15196], [-120.31933, 47.14839], [-120.31378, 47.14835], [-120.31395, 47.15195], [-120.30279, 47.15184], [-120.30257, 47.16282]], [[-120.30859, 47.15923], [-120.30863, 47.15561], [-120.31419, 47.15567], [-120.31437, 47.15929], [-120.30859, 47.15923]]]}, "properties": {"OBJECTID": 3332860, "PARCEL_SYST_ID": 112630, "PARCEL_TYPE_CD": 1, "PARCEL_LABEL_NM": null, "PARCEL_NM": null, "REVERSION_RIGHTS_FLG": "N", "OWN_RIGHT_DISPUTE_FLG": "N", "SURFACE_RIGHTS_FLG": "Y", "MINERAL_RIGHTS_FLG": "N", "TIMBER_RIGHTS_FLG": "Y", "SURFACE_TRUST_CD": 8, "SURFACE_TRUST_NM": "Normal School", "MINERAL_TRUST_CD": 0, "MINERAL_TRUST_NM": "Trust Status Not Applicable Or Unknown", "TIMBER_TRUST_CD": 8, "TIMBER_TRUST_NM": "Normal School", "OWNER_AGENT_SYST_ID": 58706, "STEWARD_AGENT_SYST_ID": 63986, "MANAGER_AGENT_SYST_ID": 63986, "TIMBER_OWNER_NM": null, "TIMBER_EXP_DT": null, "ORIGINAL_PATENT_DT": null, "COUNTY_JURISDICT_DESG_CD": 19, "COUNTY_NM": "Kittitas", "COUNTY_PARCEL_NO": null, "REGION_JURISDICT_DESG_CD": 100, "REGION_NM": "Southeast Region", "HCP_JURISDICT_DESG_CD": null, "HCP_DESG_CD": 1, "HCP_DESG_DT": 1203667200000, "HCP_WITHDRAWAL_DT": null, "PARCEL_DESC_TXT": "W-KT-26", "EDIT_DATE": 1329379200000, "EDIT_STATUS": 0, "EDIT_WHO": "jdug490", "EASEMENT_TYPE_CD": null, "EASEMENT_TYPE_NM": null, "PARCEL_ACQUIRE_AUTH_NO": "86-079379", "PARCEL_DISPOSAL_AUTH_NO": null, "SHAPE.AREA": 22463581.5083605, "SHAPE.LEN": 27253.1738240343, "GLOBALID": "{1D6BA8E3-5EA7-46E9-87D7-2B67BA31F5E4}"}}, {"type": "Feature", "id": 3332862, "geometry": {"type": "Polygon", "coordinates": [[[-120.28109, 47.16249], [-120.29181, 47.16254], [-120.30257, 47.16282], [-120.30279, 47.15184], [-120.30286, 47.14826], [-120.29748, 47.14818], [-120.29222, 47.14811], [-120.28136, 47.14798], [-120.28116, 47.15893], [-120.28109, 47.16249]]]}, "properties": {"OBJECTID": 3332862, "PARCEL_SYST_ID": 112631, "PARCEL_TYPE_CD": 1, "PARCEL_LABEL_NM": null, "PARCEL_NM": null, "REVERSION_RIGHTS_FLG": "N", "OWN_RIGHT_DISPUTE_FLG": "N", "SURFACE_RIGHTS_FLG": "Y", "MINERAL_RIGHTS_FLG": "N", "TIMBER_RIGHTS_FLG": "Y", "SURFACE_TRUST_CD": 3, "SURFACE_TRUST_NM": "Common School and Indemnity", "MINERAL_TRUST_CD": 0, "MINERAL_TRUST_NM": "Trust Status Not Applicable Or Unknown", "TIMBER_TRUST_CD": 3, "TIMBER_TRUST_NM": "Common School and Indemnity", "OWNER_AGENT_SYST_ID": 58706, "STEWARD_AGENT_SYST_ID": 63986, "MANAGER_AGENT_SYST_ID": 63986, "TIMBER_OWNER_NM": null, "TIMBER_EXP_DT": null, "ORIGINAL_PATENT_DT": null, "COUNTY_JURISDICT_DESG_CD": 19, "COUNTY_NM": "Kittitas", "COUNTY_PARCEL_NO": null, "REGION_JURISDICT_DESG_CD": 100, "REGION_NM": "Southeast Region", "HCP_JURISDICT_DESG_CD": null, "HCP_DESG_CD": 1, "HCP_DESG_DT": 1203667200000, "HCP_WITHDRAWAL_DT": null, "PARCEL_DESC_TXT": "W-KT-27", "EDIT_DATE": 1329379200000, "EDIT_STATUS": 0, "EDIT_WHO": "jdug490", "EASEMENT_TYPE_CD": null, "EASEMENT_TYPE_NM": null, "PARCEL_ACQUIRE_AUTH_NO": "86-079379", "PARCEL_DISPOSAL_AUTH_NO": null, "SHAPE.AREA": 28248061.5038, "SHAPE.LEN": 21298.747078963403, "GLOBALID": "{3A9F55AA-4D86-43B0-8EA6-AF963275C230}"}}, {"type": "Feature", "id": 3332864, "geometry": {"type": "Polygon", "coordinates": [[[-120.28136, 47.14798], [-120.29222, 47.14811], [-120.29748, 47.14818], [-120.29759, 47.14466], [-120.30299, 47.14471], [-120.30317, 47.14097], [-120.3032, 47.13365], [-120.28718, 47.1334], [-120.28681, 47.14449], [-120.2815, 47.14437], [-120.28136, 47.14798]]]}, "properties": {"OBJECTID": 3332864, "PARCEL_SYST_ID": 112634, "PARCEL_TYPE_CD": 1, "PARCEL_LABEL_NM": null, "PARCEL_NM": null, "REVERSION_RIGHTS_FLG": "N", "OWN_RIGHT_DISPUTE_FLG": "N", "SURFACE_RIGHTS_FLG": "Y", "MINERAL_RIGHTS_FLG": "N", "TIMBER_RIGHTS_FLG": "Y", "SURFACE_TRUST_CD": 7, "SURFACE_TRUST_NM": "Capitol Grant", "MINERAL_TRUST_CD": 0, "MINERAL_TRUST_NM": "Trust Status Not Applicable Or Unknown", "TIMBER_TRUST_CD": 7, "TIMBER_TRUST_NM": "Capitol Grant", "OWNER_AGENT_SYST_ID": 58706, "STEWARD_AGENT_SYST_ID": 63986, "MANAGER_AGENT_SYST_ID": 63986, "TIMBER_OWNER_NM": null, "TIMBER_EXP_DT": null, "ORIGINAL_PATENT_DT": null, "COUNTY_JURISDICT_DESG_CD": 19, "COUNTY_NM": "Kittitas", "COUNTY_PARCEL_NO": null, "REGION_JURISDICT_DESG_CD": 100, "REGION_NM": "Southeast Region", "HCP_JURISDICT_DESG_CD": null, "HCP_DESG_CD": 1, "HCP_DESG_DT": 1203667200000, "HCP_WITHDRAWAL_DT": null, "PARCEL_DESC_TXT": "W-KT-30", "EDIT_DATE": 1329379200000, "EDIT_STATUS": 0, "EDIT_WHO": "jdug490", "EASEMENT_TYPE_CD": null, "EASEMENT_TYPE_NM": null, "PARCEL_ACQUIRE_AUTH_NO": "86-079379", "PARCEL_DISPOSAL_AUTH_NO": null, "SHAPE.AREA": 21457534.74192, "SHAPE.LEN": 21347.8994500897, "GLOBALID": "{4F8A741B-F1D6-4F5D-B79C-3CB313B5CB26}"}}, {"type": "Feature", "id": 3332866, "geometry": {"type": "Polygon", "coordinates": [[[-120.36931, 47.1195], [-120.36938, 47.13393], [-120.38543, 47.1336], [-120.39081, 47.13345], [-120.39086, 47.12623], [-120.39092, 47.11901], [-120.38002, 47.11922], [-120.37483, 47.11933], [-120.36931, 47.1195]]]}, "properties": {"OBJECTID": 3332866, "PARCEL_SYST_ID": 112638, "PARCEL_TYPE_CD": 1, "PARCEL_LABEL_NM": null, "PARCEL_NM": null, "REVERSION_RIGHTS_FLG": "N", "OWN_RIGHT_DISPUTE_FLG": "N", "SURFACE_RIGHTS_FLG": "Y", "MINERAL_RIGHTS_FLG": "N", "TIMBER_RIGHTS_FLG": "Y", "SURFACE_TRUST_CD": 3, "SURFACE_TRUST_NM": "Common School and Indemnity", "MINERAL_TRUST_CD": 0, "MINERAL_TRUST_NM": "Trust Status Not Applicable Or Unknown", "TIMBER_TRUST_CD": 3, "TIMBER_TRUST_NM": "Common School and Indemnity", "OWNER_AGENT_SYST_ID": 58706, "STEWARD_AGENT_SYST_ID": 63986, "MANAGER_AGENT_SYST_ID": 63986, "TIMBER_OWNER_NM": null, "TIMBER_EXP_DT": null, "ORIGINAL_PATENT_DT": null, "COUNTY_JURISDICT_DESG_CD": 19, "COUNTY_NM": "Kittitas", "COUNTY_PARCEL_NO": null, "REGION_JURISDICT_DESG_CD": 100, "REGION_NM": "Southeast Region", "HCP_JURISDICT_DESG_CD": null, "HCP_DESG_CD": 1, "HCP_DESG_DT": 1203667200000, "HCP_WITHDRAWAL_DT": null, "PARCEL_DESC_TXT": "W-KT-34", "EDIT_DATE": 1329379200000, "EDIT_STATUS": 0, "EDIT_WHO": "jdug490", "EASEMENT_TYPE_CD": null, "EASEMENT_TYPE_NM": null, "PARCEL_ACQUIRE_AUTH_NO": "86-079379", "PARCEL_DISPOSAL_AUTH_NO": null, "SHAPE.AREA": 28277869.23007, "SHAPE.LEN": 21247.7054290185, "GLOBALID": "{A5555B51-9B7A-4D00-A957-E6E9DA6E76D8}"}}, {"type": "Feature", "id": 3332867, "geometry": {"type": "Polygon", "coordinates": [[[-120.2819, 47.11826], [-120.30342, 47.11891], [-120.30348, 47.11169], [-120.28167, 47.11108], [-120.2819, 47.11826]]]}, "properties": {"OBJECTID": 3332867, "PARCEL_SYST_ID": 112642, "PARCEL_TYPE_CD": 1, "PARCEL_LABEL_NM": null, "PARCEL_NM": null, "REVERSION_RIGHTS_FLG": "N", "OWN_RIGHT_DISPUTE_FLG": "N", "SURFACE_RIGHTS_FLG": "Y", "MINERAL_RIGHTS_FLG": "N", "TIMBER_RIGHTS_FLG": "Y", "SURFACE_TRUST_CD": 3, "SURFACE_TRUST_NM": "Common School and Indemnity", "MINERAL_TRUST_CD": 0, "MINERAL_TRUST_NM": "Trust Status Not Applicable Or Unknown", "TIMBER_TRUST_CD": 3, "TIMBER_TRUST_NM": "Common School and Indemnity", "OWNER_AGENT_SYST_ID": 58706, "STEWARD_AGENT_SYST_ID": 63986, "MANAGER_AGENT_SYST_ID": 63986, "TIMBER_OWNER_NM": null, "TIMBER_EXP_DT": null, "ORIGINAL_PATENT_DT": null, "COUNTY_JURISDICT_DESG_CD": 19, "COUNTY_NM": "Kittitas", "COUNTY_PARCEL_NO": null, "REGION_JURISDICT_DESG_CD": 100, "REGION_NM": "Southeast Region", "HCP_JURISDICT_DESG_CD": null, "HCP_DESG_CD": 1, "HCP_DESG_DT": 1203667200000, "HCP_WITHDRAWAL_DT": null, "PARCEL_DESC_TXT": "W-KT-38", "EDIT_DATE": 1329379200000, "EDIT_STATUS": 0, "EDIT_WHO": "jdug490", "EASEMENT_TYPE_CD": null, "EASEMENT_TYPE_NM": null, "PARCEL_ACQUIRE_AUTH_NO": "86-079379", "PARCEL_DISPOSAL_AUTH_NO": null, "SHAPE.AREA": 14159685.76795, "SHAPE.LEN": 16051.0755626538, "GLOBALID": "{36530CFD-6B40-406A-91B4-3A6BD38A05C2}"}}, {"type": "Feature", "id": 3332869, "geometry": {"type": "Polygon", "coordinates": [[[-120.57941, 47.50991], [-120.58472, 47.51001], [-120.58498, 47.50272], [-120.57958, 47.50265], [-120.57941, 47.50991]]]}, "properties": {"OBJECTID": 3332869, "PARCEL_SYST_ID": 10901, "PARCEL_TYPE_CD": 1, "PARCEL_LABEL_NM": null, "PARCEL_NM": null, "REVERSION_RIGHTS_FLG": "N", "OWN_RIGHT_DISPUTE_FLG": "N", "SURFACE_RIGHTS_FLG": "Y", "MINERAL_RIGHTS_FLG": "Y", "TIMBER_RIGHTS_FLG": "Y", "SURFACE_TRUST_CD": 3, "SURFACE_TRUST_NM": "Common School and Indemnity", "MINERAL_TRUST_CD": 3, "MINERAL_TRUST_NM": "Common School and Indemnity", "TIMBER_TRUST_CD": 3, "TIMBER_TRUST_NM": "Common School and Indemnity", "OWNER_AGENT_SYST_ID": 58706, "STEWARD_AGENT_SYST_ID": 63986, "MANAGER_AGENT_SYST_ID": 63986, "TIMBER_OWNER_NM": null, "TIMBER_EXP_DT": null, "ORIGINAL_PATENT_DT": null, "COUNTY_JURISDICT_DESG_CD": 4, "COUNTY_NM": "Chelan", "COUNTY_PARCEL_NO": null, "REGION_JURISDICT_DESG_CD": 100, "REGION_NM": "Southeast Region", "HCP_JURISDICT_DESG_CD": null, "HCP_DESG_CD": 2, "HCP_DESG_DT": null, "HCP_WITHDRAWAL_DT": 854611200000, "PARCEL_DESC_TXT": null, "EDIT_DATE": 1309330800000, "EDIT_STATUS": 1, "EDIT_WHO": "jdug490", "EASEMENT_TYPE_CD": null, "EASEMENT_TYPE_NM": null, "PARCEL_ACQUIRE_AUTH_NO": "CLEAR LIST 16 INDEMNITY", "PARCEL_DISPOSAL_AUTH_NO": null, "SHAPE.AREA": 3512171.7370505, "SHAPE.LEN": 7954.235087498781, "GLOBALID": "{C813AF73-E54E-4BC6-826E-B72C9185E9D7}"}}, {"type": "Feature", "id": 3332870, "geometry": {"type": "Polygon", "coordinates": [[[-120.34479, 47.19097], [-120.34477, 47.20501], [-120.35543, 47.20486], [-120.36612, 47.20474], [-120.36614, 47.19014], [-120.34479, 47.19097]]]}, "properties": {"OBJECTID": 3332870, "PARCEL_SYST_ID": 112672, "PARCEL_TYPE_CD": 1, "PARCEL_LABEL_NM": null, "PARCEL_NM": null, "REVERSION_RIGHTS_FLG": "N", "OWN_RIGHT_DISPUTE_FLG": "N", "SURFACE_RIGHTS_FLG": "Y", "MINERAL_RIGHTS_FLG": "N", "TIMBER_RIGHTS_FLG": "Y", "SURFACE_TRUST_CD": 3, "SURFACE_TRUST_NM": "Common School and Indemnity", "MINERAL_TRUST_CD": 0, "MINERAL_TRUST_NM": "Trust Status Not Applicable Or Unknown", "TIMBER_TRUST_CD": 3, "TIMBER_TRUST_NM": "Common School and Indemnity", "OWNER_AGENT_SYST_ID": 58706, "STEWARD_AGENT_SYST_ID": 63986, "MANAGER_AGENT_SYST_ID": 63986, "TIMBER_OWNER_NM": null, "TIMBER_EXP_DT": null, "ORIGINAL_PATENT_DT": null, "COUNTY_JURISDICT_DESG_CD": 19, "COUNTY_NM": "Kittitas", "COUNTY_PARCEL_NO": null, "REGION_JURISDICT_DESG_CD": 100, "REGION_NM": "Southeast Region", "HCP_JURISDICT_DESG_CD": null, "HCP_DESG_CD": 1, "HCP_DESG_DT": 1203667200000, "HCP_WITHDRAWAL_DT": null, "PARCEL_DESC_TXT": "W-KT-66", "EDIT_DATE": 1329379200000, "EDIT_STATUS": 0, "EDIT_WHO": "jdug490", "EASEMENT_TYPE_CD": null, "EASEMENT_TYPE_NM": null, "PARCEL_ACQUIRE_AUTH_NO": "86-079379", "PARCEL_DISPOSAL_AUTH_NO": null, "SHAPE.AREA": 27712046.72055, "SHAPE.LEN": 21074.1575239697, "GLOBALID": "{6CEF51C9-58CF-411A-B07C-2B4F789B167B}"}}, {"type": "Feature", "id": 3332871, "geometry": {"type": "Polygon", "coordinates": [[[-120.36575, 47.17559], [-120.36614, 47.19014], [-120.38694, 47.18981], [-120.3869, 47.17543], [-120.37989, 47.17579], [-120.36852, 47.17563], [-120.36575, 47.17559]]]}, "properties": {"OBJECTID": 3332871, "PARCEL_SYST_ID": 112673, "PARCEL_TYPE_CD": 1, "PARCEL_LABEL_NM": null, "PARCEL_NM": null, "REVERSION_RIGHTS_FLG": "N", "OWN_RIGHT_DISPUTE_FLG": "N", "SURFACE_RIGHTS_FLG": "Y", "MINERAL_RIGHTS_FLG": "N", "TIMBER_RIGHTS_FLG": "Y", "SURFACE_TRUST_CD": 3, "SURFACE_TRUST_NM": "Common School and Indemnity", "MINERAL_TRUST_CD": 0, "MINERAL_TRUST_NM": "Trust Status Not Applicable Or Unknown", "TIMBER_TRUST_CD": 3, "TIMBER_TRUST_NM": "Common School and Indemnity", "OWNER_AGENT_SYST_ID": 58706, "STEWARD_AGENT_SYST_ID": 63986, "MANAGER_AGENT_SYST_ID": 63986, "TIMBER_OWNER_NM": null, "TIMBER_EXP_DT": null, "ORIGINAL_PATENT_DT": null, "COUNTY_JURISDICT_DESG_CD": 19, "COUNTY_NM": "Kittitas", "COUNTY_PARCEL_NO": null, "REGION_JURISDICT_DESG_CD": 100, "REGION_NM": "Southeast Region", "HCP_JURISDICT_DESG_CD": null, "HCP_DESG_CD": 1, "HCP_DESG_DT": 1203667200000, "HCP_WITHDRAWAL_DT": null, "PARCEL_DESC_TXT": "W-KT-67", "EDIT_DATE": 1329379200000, "EDIT_STATUS": 0, "EDIT_WHO": "jdug490", "EASEMENT_TYPE_CD": null, "EASEMENT_TYPE_NM": null, "PARCEL_ACQUIRE_AUTH_NO": "86-079379", "PARCEL_DISPOSAL_AUTH_NO": null, "SHAPE.AREA": 27230001.677435, "SHAPE.LEN": 20991.6833506781, "GLOBALID": "{2ADEF014-F618-496C-A045-868CF70525A7}"}}, {"type": "Feature", "id": 3332992, "geometry": {"type": "Polygon", "coordinates": [[[-120.30348, 47.11169], [-120.30342, 47.11891], [-120.32582, 47.11881], [-120.32523, 47.10434], [-120.30354, 47.10448], [-120.30348, 47.11169]]]}, "properties": {"OBJECTID": 3332992, "PARCEL_SYST_ID": 112643, "PARCEL_TYPE_CD": 1, "PARCEL_LABEL_NM": null, "PARCEL_NM": null, "REVERSION_RIGHTS_FLG": "N", "OWN_RIGHT_DISPUTE_FLG": "N", "SURFACE_RIGHTS_FLG": "Y", "MINERAL_RIGHTS_FLG": "N", "TIMBER_RIGHTS_FLG": "Y", "SURFACE_TRUST_CD": 3, "SURFACE_TRUST_NM": "Common School and Indemnity", "MINERAL_TRUST_CD": 0, "MINERAL_TRUST_NM": "Trust Status Not Applicable Or Unknown", "TIMBER_TRUST_CD": 3, "TIMBER_TRUST_NM": "Common School and Indemnity", "OWNER_AGENT_SYST_ID": 58706, "STEWARD_AGENT_SYST_ID": 63986, "MANAGER_AGENT_SYST_ID": 63986, "TIMBER_OWNER_NM": null, "TIMBER_EXP_DT": null, "ORIGINAL_PATENT_DT": null, "COUNTY_JURISDICT_DESG_CD": 19, "COUNTY_NM": "Kittitas", "COUNTY_PARCEL_NO": null, "REGION_JURISDICT_DESG_CD": 100, "REGION_NM": "Southeast Region", "HCP_JURISDICT_DESG_CD": null, "HCP_DESG_CD": 1, "HCP_DESG_DT": 1203667200000, "HCP_WITHDRAWAL_DT": null, "PARCEL_DESC_TXT": "W-KT-39", "EDIT_DATE": 1329379200000, "EDIT_STATUS": 0, "EDIT_WHO": "jdug490", "EASEMENT_TYPE_CD": null, "EASEMENT_TYPE_NM": null, "PARCEL_ACQUIRE_AUTH_NO": "86-079379", "PARCEL_DISPOSAL_AUTH_NO": null, "SHAPE.AREA": 28933314.8642175, "SHAPE.LEN": 21521.8812532747, "GLOBALID": "{7C664561-E1F8-41F7-B2A4-B5D5B4C6E9CB}"}}, {"type": "Feature", "id": 3332993, "geometry": {"type": "Polygon", "coordinates": [[[-120.42805, 47.2483], [-120.42787, 47.25608], [-120.42765, 47.26071], [-120.42972, 47.26069], [-120.44905, 47.26049], [-120.4491, 47.25541], [-120.44901, 47.24841], [-120.43833, 47.24857], [-120.42805, 47.2483]]]}, "properties": {"OBJECTID": 3332993, "PARCEL_SYST_ID": 112647, "PARCEL_TYPE_CD": 1, "PARCEL_LABEL_NM": null, "PARCEL_NM": null, "REVERSION_RIGHTS_FLG": "N", "OWN_RIGHT_DISPUTE_FLG": "N", "SURFACE_RIGHTS_FLG": "Y", "MINERAL_RIGHTS_FLG": "N", "TIMBER_RIGHTS_FLG": "Y", "SURFACE_TRUST_CD": 3, "SURFACE_TRUST_NM": "Common School and Indemnity", "MINERAL_TRUST_CD": 0, "MINERAL_TRUST_NM": "Trust Status Not Applicable Or Unknown", "TIMBER_TRUST_CD": 3, "TIMBER_TRUST_NM": "Common School and Indemnity", "OWNER_AGENT_SYST_ID": 58706, "STEWARD_AGENT_SYST_ID": 63986, "MANAGER_AGENT_SYST_ID": 63986, "TIMBER_OWNER_NM": null, "TIMBER_EXP_DT": null, "ORIGINAL_PATENT_DT": null, "COUNTY_JURISDICT_DESG_CD": 19, "COUNTY_NM": "Kittitas", "COUNTY_PARCEL_NO": null, "REGION_JURISDICT_DESG_CD": 100, "REGION_NM": "Southeast Region", "HCP_JURISDICT_DESG_CD": null, "HCP_DESG_CD": 1, "HCP_DESG_DT": 1203667200000, "HCP_WITHDRAWAL_DT": null, "PARCEL_DESC_TXT": "W-KT-42", "EDIT_DATE": 1329379200000, "EDIT_STATUS": 0, "EDIT_WHO": "jdug490", "EASEMENT_TYPE_CD": null, "EASEMENT_TYPE_NM": null, "PARCEL_ACQUIRE_AUTH_NO": "86-079379", "PARCEL_DISPOSAL_AUTH_NO": null, "SHAPE.AREA": 23286619.637075, "SHAPE.LEN": 19457.226410792002, "GLOBALID": "{D8B53F20-94A4-4E83-828B-987D3A160F2A}"}}, {"type": "Feature", "id": 3332998, "geometry": {"type": "Polygon", "coordinates": [[[-120.47078, 47.26058], [-120.47196, 47.26061], [-120.49085, 47.26047], [-120.49107, 47.25525], [-120.49176, 47.2482], [-120.48104, 47.24818], [-120.47053, 47.24816], [-120.47078, 47.26058]]]}, "properties": {"OBJECTID": 3332998, "PARCEL_SYST_ID": 112649, "PARCEL_TYPE_CD": 1, "PARCEL_LABEL_NM": null, "PARCEL_NM": null, "REVERSION_RIGHTS_FLG": "N", "OWN_RIGHT_DISPUTE_FLG": "N", "SURFACE_RIGHTS_FLG": "Y", "MINERAL_RIGHTS_FLG": "N", "TIMBER_RIGHTS_FLG": "Y", "SURFACE_TRUST_CD": 3, "SURFACE_TRUST_NM": "Common School and Indemnity", "MINERAL_TRUST_CD": 0, "MINERAL_TRUST_NM": "Trust Status Not Applicable Or Unknown", "TIMBER_TRUST_CD": 3, "TIMBER_TRUST_NM": "Common School and Indemnity", "OWNER_AGENT_SYST_ID": 58706, "STEWARD_AGENT_SYST_ID": 63986, "MANAGER_AGENT_SYST_ID": 63986, "TIMBER_OWNER_NM": null, "TIMBER_EXP_DT": null, "ORIGINAL_PATENT_DT": null, "COUNTY_JURISDICT_DESG_CD": 19, "COUNTY_NM": "Kittitas", "COUNTY_PARCEL_NO": null, "REGION_JURISDICT_DESG_CD": 100, "REGION_NM": "Southeast Region", "HCP_JURISDICT_DESG_CD": null, "HCP_DESG_CD": 1, "HCP_DESG_DT": 1203667200000, "HCP_WITHDRAWAL_DT": null, "PARCEL_DESC_TXT": "W-KT-44", "EDIT_DATE": 1329379200000, "EDIT_STATUS": 0, "EDIT_WHO": "jdug490", "EASEMENT_TYPE_CD": null, "EASEMENT_TYPE_NM": null, "PARCEL_ACQUIRE_AUTH_NO": "86-079379", "PARCEL_DISPOSAL_AUTH_NO": null, "SHAPE.AREA": 23023039.09245, "SHAPE.LEN": 19267.359050059404, "GLOBALID": "{40003004-D74D-44D2-B93D-A135F412FD59}"}}, {"type": "Feature", "id": 3333070, "geometry": {"type": "Polygon", "coordinates": [[[-120.41228, 47.11797], [-120.41248, 47.12518], [-120.4127, 47.13238], [-120.42326, 47.13234], [-120.43381, 47.13232], [-120.4338, 47.11788], [-120.41228, 47.11797]]]}, "properties": {"OBJECTID": 3333070, "PARCEL_SYST_ID": 112619, "PARCEL_TYPE_CD": 1, "PARCEL_LABEL_NM": null, "PARCEL_NM": null, "REVERSION_RIGHTS_FLG": "N", "OWN_RIGHT_DISPUTE_FLG": "N", "SURFACE_RIGHTS_FLG": "Y", "MINERAL_RIGHTS_FLG": "N", "TIMBER_RIGHTS_FLG": "Y", "SURFACE_TRUST_CD": 3, "SURFACE_TRUST_NM": "Common School and Indemnity", "MINERAL_TRUST_CD": 0, "MINERAL_TRUST_NM": "Trust Status Not Applicable Or Unknown", "TIMBER_TRUST_CD": 3, "TIMBER_TRUST_NM": "Common School and Indemnity", "OWNER_AGENT_SYST_ID": 58706, "STEWARD_AGENT_SYST_ID": 63986, "MANAGER_AGENT_SYST_ID": 63986, "TIMBER_OWNER_NM": null, "TIMBER_EXP_DT": null, "ORIGINAL_PATENT_DT": null, "COUNTY_JURISDICT_DESG_CD": 19, "COUNTY_NM": "Kittitas", "COUNTY_PARCEL_NO": null, "REGION_JURISDICT_DESG_CD": 100, "REGION_NM": "Southeast Region", "HCP_JURISDICT_DESG_CD": null, "HCP_DESG_CD": 1, "HCP_DESG_DT": 1203667200000, "HCP_WITHDRAWAL_DT": null, "PARCEL_DESC_TXT": "W-KT-16", "EDIT_DATE": 1329379200000, "EDIT_STATUS": 0, "EDIT_WHO": "jdug490", "EASEMENT_TYPE_CD": null, "EASEMENT_TYPE_NM": null, "PARCEL_ACQUIRE_AUTH_NO": "86-079379", "PARCEL_DISPOSAL_AUTH_NO": null, "SHAPE.AREA": 27908364.23819, "SHAPE.LEN": 21132.1282369814, "GLOBALID": "{83C55FB2-4585-4018-9AF5-D6DB52BF0A1D}"}}, {"type": "Feature", "id": 3333283, "geometry": {"type": "Polygon", "coordinates": [[[-120.7092, 47.21864], [-120.70917, 47.23309], [-120.73029, 47.23315], [-120.73041, 47.22595], [-120.73028, 47.21867], [-120.71976, 47.21856], [-120.7092, 47.21864]]]}, "properties": {"OBJECTID": 3333283, "PARCEL_SYST_ID": 5112, "PARCEL_TYPE_CD": 1, "PARCEL_LABEL_NM": null, "PARCEL_NM": null, "REVERSION_RIGHTS_FLG": "N", "OWN_RIGHT_DISPUTE_FLG": "N", "SURFACE_RIGHTS_FLG": "Y", "MINERAL_RIGHTS_FLG": "Y", "TIMBER_RIGHTS_FLG": "Y", "SURFACE_TRUST_CD": 3, "SURFACE_TRUST_NM": "Common School and Indemnity", "MINERAL_TRUST_CD": 3, "MINERAL_TRUST_NM": "Common School and Indemnity", "TIMBER_TRUST_CD": 3, "TIMBER_TRUST_NM": "Common School and Indemnity", "OWNER_AGENT_SYST_ID": 58706, "STEWARD_AGENT_SYST_ID": 63986, "MANAGER_AGENT_SYST_ID": 63986, "TIMBER_OWNER_NM": null, "TIMBER_EXP_DT": null, "ORIGINAL_PATENT_DT": null, "COUNTY_JURISDICT_DESG_CD": 19, "COUNTY_NM": "Kittitas", "COUNTY_PARCEL_NO": null, "REGION_JURISDICT_DESG_CD": 100, "REGION_NM": "Southeast Region", "HCP_JURISDICT_DESG_CD": null, "HCP_DESG_CD": 1, "HCP_DESG_DT": 854611200000, "HCP_WITHDRAWAL_DT": null, "PARCEL_DESC_TXT": null, "EDIT_DATE": 1389316632000, "EDIT_STATUS": 1, "EDIT_WHO": "JDUG490", "EASEMENT_TYPE_CD": null, "EASEMENT_TYPE_NM": null, "PARCEL_ACQUIRE_AUTH_NO": "US PATENT NO 46-87-0002", "PARCEL_DISPOSAL_AUTH_NO": null, "SHAPE.AREA": 27833752.905584, "SHAPE.LEN": 21039.3488613695, "GLOBALID": "{E22D6BEA-770A-43DC-8661-B057655EAA54}"}}, {"type": "Feature", "id": 3333286, "geometry": {"type": "Polygon", "coordinates": [[[-120.80445, 47.2538], [-120.81507, 47.25414], [-120.81495, 47.24675], [-120.80419, 47.24677], [-120.80445, 47.2538]]]}, "properties": {"OBJECTID": 3333286, "PARCEL_SYST_ID": 116295, "PARCEL_TYPE_CD": 1, "PARCEL_LABEL_NM": "Teanaway Com Forest", "PARCEL_NM": null, "REVERSION_RIGHTS_FLG": "N", "OWN_RIGHT_DISPUTE_FLG": "N", "SURFACE_RIGHTS_FLG": "Y", "MINERAL_RIGHTS_FLG": "N", "TIMBER_RIGHTS_FLG": "Y", "SURFACE_TRUST_CD": 48, "SURFACE_TRUST_NM": "Community Forest Trust", "MINERAL_TRUST_CD": 0, "MINERAL_TRUST_NM": "Trust Status Not Applicable Or Unknown", "TIMBER_TRUST_CD": 48, "TIMBER_TRUST_NM": "Community Forest Trust", "OWNER_AGENT_SYST_ID": 58706, "STEWARD_AGENT_SYST_ID": 63986, "MANAGER_AGENT_SYST_ID": 63986, "TIMBER_OWNER_NM": null, "TIMBER_EXP_DT": null, "ORIGINAL_PATENT_DT": null, "COUNTY_JURISDICT_DESG_CD": 19, "COUNTY_NM": "Kittitas", "COUNTY_PARCEL_NO": null, "REGION_JURISDICT_DESG_CD": 100, "REGION_NM": "Southeast Region", "HCP_JURISDICT_DESG_CD": null, "HCP_DESG_CD": 2, "HCP_DESG_DT": null, "HCP_WITHDRAWAL_DT": null, "PARCEL_DESC_TXT": null, "EDIT_DATE": 1395847238000, "EDIT_STATUS": 0, "EDIT_WHO": "JDUG490", "EASEMENT_TYPE_CD": null, "EASEMENT_TYPE_NM": null, "PARCEL_ACQUIRE_AUTH_NO": "08-090298", "PARCEL_DISPOSAL_AUTH_NO": null, "SHAPE.AREA": 6975260.227635, "SHAPE.LEN": 10570.3907124154, "GLOBALID": "{88D44740-1DF9-4E22-BF3E-F89EEFF77D8C}"}}, {"type": "Feature", "id": 3333288, "geometry": {"type": "Polygon", "coordinates": [[[-120.73029, 47.23315], [-120.73561, 47.23314], [-120.74093, 47.23313], [-120.75171, 47.23329], [-120.7517, 47.22964], [-120.75169, 47.22598], [-120.73041, 47.22595], [-120.73029, 47.23315]]]}, "properties": {"OBJECTID": 3333288, "PARCEL_SYST_ID": 116181, "PARCEL_TYPE_CD": 1, "PARCEL_LABEL_NM": "Teanaway Com Forest", "PARCEL_NM": null, "REVERSION_RIGHTS_FLG": "N", "OWN_RIGHT_DISPUTE_FLG": "N", "SURFACE_RIGHTS_FLG": "Y", "MINERAL_RIGHTS_FLG": "Y", "TIMBER_RIGHTS_FLG": "Y", "SURFACE_TRUST_CD": 48, "SURFACE_TRUST_NM": "Community Forest Trust", "MINERAL_TRUST_CD": 48, "MINERAL_TRUST_NM": "Community Forest Trust", "TIMBER_TRUST_CD": 48, "TIMBER_TRUST_NM": "Community Forest Trust", "OWNER_AGENT_SYST_ID": 58706, "STEWARD_AGENT_SYST_ID": 63986, "MANAGER_AGENT_SYST_ID": 63986, "TIMBER_OWNER_NM": null, "TIMBER_EXP_DT": null, "ORIGINAL_PATENT_DT": null, "COUNTY_JURISDICT_DESG_CD": 19, "COUNTY_NM": "Kittitas", "COUNTY_PARCEL_NO": null, "REGION_JURISDICT_DESG_CD": 100, "REGION_NM": "Southeast Region", "HCP_JURISDICT_DESG_CD": null, "HCP_DESG_CD": 2, "HCP_DESG_DT": null, "HCP_WITHDRAWAL_DT": null, "PARCEL_DESC_TXT": null, "EDIT_DATE": 1395847238000, "EDIT_STATUS": 0, "EDIT_WHO": "JDUG490", "EASEMENT_TYPE_CD": null, "EASEMENT_TYPE_NM": null, "PARCEL_ACQUIRE_AUTH_NO": "08-090298", "PARCEL_DISPOSAL_AUTH_NO": null, "SHAPE.AREA": 13947583.9756845, "SHAPE.LEN": 15900.6763624793, "GLOBALID": "{F5D7C40C-03D3-48F8-A948-6B6869B45E17}"}}, {"type": "Feature", "id": 3333290, "geometry": {"type": "Polygon", "coordinates": [[[-120.86502, 47.24876], [-120.8651, 47.24882], [-120.86516, 47.24884], [-120.8655, 47.24901], [-120.86584, 47.24913], [-120.86605, 47.24913], [-120.86617, 47.24907], [-120.86669, 47.24885], [-120.86697, 47.24869], [-120.8673, 47.24862], [-120.86767, 47.2486], [-120.86767, 47.24838], [-120.86501, 47.24841], [-120.86502, 47.24876]]]}, "properties": {"OBJECTID": 3333290, "PARCEL_SYST_ID": 116196, "PARCEL_TYPE_CD": 1, "PARCEL_LABEL_NM": "Teanaway Com Forest", "PARCEL_NM": null, "REVERSION_RIGHTS_FLG": "N", "OWN_RIGHT_DISPUTE_FLG": "N", "SURFACE_RIGHTS_FLG": "Y", "MINERAL_RIGHTS_FLG": "N", "TIMBER_RIGHTS_FLG": "Y", "SURFACE_TRUST_CD": 48, "SURFACE_TRUST_NM": "Community Forest Trust", "MINERAL_TRUST_CD": 0, "MINERAL_TRUST_NM": "Trust Status Not Applicable Or Unknown", "TIMBER_TRUST_CD": 48, "TIMBER_TRUST_NM": "Community Forest Trust", "OWNER_AGENT_SYST_ID": 58706, "STEWARD_AGENT_SYST_ID": 63986, "MANAGER_AGENT_SYST_ID": 63986, "TIMBER_OWNER_NM": null, "TIMBER_EXP_DT": null, "ORIGINAL_PATENT_DT": null, "COUNTY_JURISDICT_DESG_CD": 19, "COUNTY_NM": "Kittitas", "COUNTY_PARCEL_NO": null, "REGION_JURISDICT_DESG_CD": 100, "REGION_NM": "Southeast Region", "HCP_JURISDICT_DESG_CD": null, "HCP_DESG_CD": 2, "HCP_DESG_DT": null, "HCP_WITHDRAWAL_DT": null, "PARCEL_DESC_TXT": null, "EDIT_DATE": 1395847238000, "EDIT_STATUS": 0, "EDIT_WHO": "JDUG490", "EASEMENT_TYPE_CD": null, "EASEMENT_TYPE_NM": null, "PARCEL_ACQUIRE_AUTH_NO": "08-090298", "PARCEL_DISPOSAL_AUTH_NO": null, "SHAPE.AREA": 114999.8839865, "SHAPE.LEN": 1623.39397523911, "GLOBALID": "{CB7F82C3-80C4-48B7-BAD3-15F00490575F}"}}, {"type": "Feature", "id": 3333292, "geometry": {"type": "Polygon", "coordinates": [[[-120.91004, 47.23995], [-120.92074, 47.23998], [-120.92085, 47.23275], [-120.91024, 47.23274], [-120.91004, 47.23995]]]}, "properties": {"OBJECTID": 3333292, "PARCEL_SYST_ID": 116278, "PARCEL_TYPE_CD": 1, "PARCEL_LABEL_NM": "Teanaway Com Forest", "PARCEL_NM": null, "REVERSION_RIGHTS_FLG": "N", "OWN_RIGHT_DISPUTE_FLG": "N", "SURFACE_RIGHTS_FLG": "Y", "MINERAL_RIGHTS_FLG": "N", "TIMBER_RIGHTS_FLG": "Y", "SURFACE_TRUST_CD": 48, "SURFACE_TRUST_NM": "Community Forest Trust", "MINERAL_TRUST_CD": 0, "MINERAL_TRUST_NM": "Trust Status Not Applicable Or Unknown", "TIMBER_TRUST_CD": 48, "TIMBER_TRUST_NM": "Community Forest Trust", "OWNER_AGENT_SYST_ID": 58706, "STEWARD_AGENT_SYST_ID": 63986, "MANAGER_AGENT_SYST_ID": 63986, "TIMBER_OWNER_NM": null, "TIMBER_EXP_DT": null, "ORIGINAL_PATENT_DT": null, "COUNTY_JURISDICT_DESG_CD": 19, "COUNTY_NM": "Kittitas", "COUNTY_PARCEL_NO": null, "REGION_JURISDICT_DESG_CD": 100, "REGION_NM": "Southeast Region", "HCP_JURISDICT_DESG_CD": null, "HCP_DESG_CD": 2, "HCP_DESG_DT": null, "HCP_WITHDRAWAL_DT": null, "PARCEL_DESC_TXT": null, "EDIT_DATE": 1395847238000, "EDIT_STATUS": 0, "EDIT_WHO": "JDUG490", "EASEMENT_TYPE_CD": null, "EASEMENT_TYPE_NM": null, "PARCEL_ACQUIRE_AUTH_NO": "08-090298", "PARCEL_DISPOSAL_AUTH_NO": null, "SHAPE.AREA": 6967743.3854445, "SHAPE.LEN": 10559.0349088574, "GLOBALID": "{1FDB4520-8756-49C4-BE37-24D1230C32B2}"}}, {"type": "Feature", "id": 3333293, "geometry": {"type": "Polygon", "coordinates": [[[-120.79358, 47.23959], [-120.81495, 47.23932], [-120.81495, 47.2371], [-120.80338, 47.23725], [-120.80165, 47.23411], [-120.79951, 47.2323], [-120.79358, 47.23238], [-120.79358, 47.23959]]]}, "properties": {"OBJECTID": 3333293, "PARCEL_SYST_ID": 116314, "PARCEL_TYPE_CD": 1, "PARCEL_LABEL_NM": "Teanaway Com Forest", "PARCEL_NM": null, "REVERSION_RIGHTS_FLG": "N", "OWN_RIGHT_DISPUTE_FLG": "N", "SURFACE_RIGHTS_FLG": "Y", "MINERAL_RIGHTS_FLG": "N", "TIMBER_RIGHTS_FLG": "Y", "SURFACE_TRUST_CD": 48, "SURFACE_TRUST_NM": "Community Forest Trust", "MINERAL_TRUST_CD": 0, "MINERAL_TRUST_NM": "Trust Status Not Applicable Or Unknown", "TIMBER_TRUST_CD": 48, "TIMBER_TRUST_NM": "Community Forest Trust", "OWNER_AGENT_SYST_ID": 58706, "STEWARD_AGENT_SYST_ID": 63986, "MANAGER_AGENT_SYST_ID": 63986, "TIMBER_OWNER_NM": null, "TIMBER_EXP_DT": null, "ORIGINAL_PATENT_DT": null, "COUNTY_JURISDICT_DESG_CD": 19, "COUNTY_NM": "Kittitas", "COUNTY_PARCEL_NO": null, "REGION_JURISDICT_DESG_CD": 100, "REGION_NM": "Southeast Region", "HCP_JURISDICT_DESG_CD": null, "HCP_DESG_CD": 2, "HCP_DESG_DT": null, "HCP_WITHDRAWAL_DT": null, "PARCEL_DESC_TXT": null, "EDIT_DATE": 1395847238000, "EDIT_STATUS": 0, "EDIT_WHO": "JDUG490", "EASEMENT_TYPE_CD": null, "EASEMENT_TYPE_NM": null, "PARCEL_ACQUIRE_AUTH_NO": "08-090298", "PARCEL_DISPOSAL_AUTH_NO": null, "SHAPE.AREA": 8016336.8364375, "SHAPE.LEN": 15168.0168564841, "GLOBALID": "{C8FE450E-CB83-4DAA-8862-5F446D38AA44}"}}, {"type": "Feature", "id": 3333294, "geometry": {"type": "Polygon", "coordinates": [[[-120.79358, 47.23959], [-120.79379, 47.24675], [-120.80419, 47.24677], [-120.81495, 47.24675], [-120.81495, 47.24648], [-120.81495, 47.23932], [-120.79358, 47.23959]]]}, "properties": {"OBJECTID": 3333294, "PARCEL_SYST_ID": 116186, "PARCEL_TYPE_CD": 1, "PARCEL_LABEL_NM": "Teanaway Com Forest", "PARCEL_NM": null, "REVERSION_RIGHTS_FLG": "N", "OWN_RIGHT_DISPUTE_FLG": "N", "SURFACE_RIGHTS_FLG": "Y", "MINERAL_RIGHTS_FLG": "N", "TIMBER_RIGHTS_FLG": "Y", "SURFACE_TRUST_CD": 48, "SURFACE_TRUST_NM": "Community Forest Trust", "MINERAL_TRUST_CD": 0, "MINERAL_TRUST_NM": "Trust Status Not Applicable Or Unknown", "TIMBER_TRUST_CD": 48, "TIMBER_TRUST_NM": "Community Forest Trust", "OWNER_AGENT_SYST_ID": 58706, "STEWARD_AGENT_SYST_ID": 63986, "MANAGER_AGENT_SYST_ID": 63986, "TIMBER_OWNER_NM": null, "TIMBER_EXP_DT": null, "ORIGINAL_PATENT_DT": null, "COUNTY_JURISDICT_DESG_CD": 19, "COUNTY_NM": "Kittitas", "COUNTY_PARCEL_NO": null, "REGION_JURISDICT_DESG_CD": 100, "REGION_NM": "Southeast Region", "HCP_JURISDICT_DESG_CD": null, "HCP_DESG_CD": 2, "HCP_DESG_DT": null, "HCP_WITHDRAWAL_DT": null, "PARCEL_DESC_TXT": null, "EDIT_DATE": 1395847238000, "EDIT_STATUS": 0, "EDIT_WHO": "JDUG490", "EASEMENT_TYPE_CD": null, "EASEMENT_TYPE_NM": null, "PARCEL_ACQUIRE_AUTH_NO": "08-090298", "PARCEL_DISPOSAL_AUTH_NO": null, "SHAPE.AREA": 14079036.8364805, "SHAPE.LEN": 15887.9995523346, "GLOBALID": "{6B896AFC-B8D3-4452-AA9F-A547877981BE}"}}, {"type": "Feature", "id": 3333295, "geometry": {"type": "Polygon", "coordinates": [[[-120.76774, 47.2326], [-120.7624, 47.23283], [-120.75705, 47.23306], [-120.75171, 47.23329], [-120.7516, 47.24027], [-120.75161, 47.24759], [-120.77328, 47.24759], [-120.7732, 47.24666], [-120.77329, 47.23951], [-120.77338, 47.23236], [-120.76774, 47.2326]]]}, "properties": {"OBJECTID": 3333295, "PARCEL_SYST_ID": 116183, "PARCEL_TYPE_CD": 1, "PARCEL_LABEL_NM": "Teanaway Com Forest", "PARCEL_NM": null, "REVERSION_RIGHTS_FLG": "N", "OWN_RIGHT_DISPUTE_FLG": "N", "SURFACE_RIGHTS_FLG": "Y", "MINERAL_RIGHTS_FLG": "Y", "TIMBER_RIGHTS_FLG": "Y", "SURFACE_TRUST_CD": 48, "SURFACE_TRUST_NM": "Community Forest Trust", "MINERAL_TRUST_CD": 48, "MINERAL_TRUST_NM": "Community Forest Trust", "TIMBER_TRUST_CD": 48, "TIMBER_TRUST_NM": "Community Forest Trust", "OWNER_AGENT_SYST_ID": 58706, "STEWARD_AGENT_SYST_ID": 63986, "MANAGER_AGENT_SYST_ID": 63986, "TIMBER_OWNER_NM": null, "TIMBER_EXP_DT": null, "ORIGINAL_PATENT_DT": null, "COUNTY_JURISDICT_DESG_CD": 19, "COUNTY_NM": "Kittitas", "COUNTY_PARCEL_NO": null, "REGION_JURISDICT_DESG_CD": 100, "REGION_NM": "Southeast Region", "HCP_JURISDICT_DESG_CD": null, "HCP_DESG_CD": 2, "HCP_DESG_DT": null, "HCP_WITHDRAWAL_DT": null, "PARCEL_DESC_TXT": null, "EDIT_DATE": 1395847238000, "EDIT_STATUS": 0, "EDIT_WHO": "JDUG490", "EASEMENT_TYPE_CD": null, "EASEMENT_TYPE_NM": null, "PARCEL_ACQUIRE_AUTH_NO": "08-090298", "PARCEL_DISPOSAL_AUTH_NO": null, "SHAPE.AREA": 28967986.591954, "SHAPE.LEN": 21550.808764913898, "GLOBALID": "{49396024-4EA3-4020-8C1B-ED92A7093803}"}}, {"type": "Feature", "id": 3333347, "geometry": {"type": "Polygon", "coordinates": [[[-120.89934, 47.23992], [-120.91004, 47.23995], [-120.91024, 47.23274], [-120.89963, 47.23273], [-120.89934, 47.23992]]]}, "properties": {"OBJECTID": 3333347, "PARCEL_SYST_ID": 116164, "PARCEL_TYPE_CD": 1, "PARCEL_LABEL_NM": "Teanaway Com Forest", "PARCEL_NM": null, "REVERSION_RIGHTS_FLG": "N", "OWN_RIGHT_DISPUTE_FLG": "N", "SURFACE_RIGHTS_FLG": "Y", "MINERAL_RIGHTS_FLG": "N", "TIMBER_RIGHTS_FLG": "Y", "SURFACE_TRUST_CD": 48, "SURFACE_TRUST_NM": "Community Forest Trust", "MINERAL_TRUST_CD": 0, "MINERAL_TRUST_NM": "Trust Status Not Applicable Or Unknown", "TIMBER_TRUST_CD": 48, "TIMBER_TRUST_NM": "Community Forest Trust", "OWNER_AGENT_SYST_ID": 58706, "STEWARD_AGENT_SYST_ID": 63986, "MANAGER_AGENT_SYST_ID": 63986, "TIMBER_OWNER_NM": null, "TIMBER_EXP_DT": null, "ORIGINAL_PATENT_DT": null, "COUNTY_JURISDICT_DESG_CD": 19, "COUNTY_NM": "Kittitas", "COUNTY_PARCEL_NO": null, "REGION_JURISDICT_DESG_CD": 100, "REGION_NM": "Southeast Region", "HCP_JURISDICT_DESG_CD": null, "HCP_DESG_CD": 2, "HCP_DESG_DT": null, "HCP_WITHDRAWAL_DT": null, "PARCEL_DESC_TXT": null, "EDIT_DATE": 1395847238000, "EDIT_STATUS": 0, "EDIT_WHO": "JDUG490", "EASEMENT_TYPE_CD": null, "EASEMENT_TYPE_NM": null, "PARCEL_ACQUIRE_AUTH_NO": "08-090298", "PARCEL_DISPOSAL_AUTH_NO": null, "SHAPE.AREA": 6947640.134403, "SHAPE.LEN": 10544.5646560149, "GLOBALID": "{1FF1CB26-9A00-4A2F-A795-7CC260375A99}"}}, {"type": "Feature", "id": 3333386, "geometry": {"type": "Polygon", "coordinates": [[[-120.56913, 47.4775], [-120.57024, 47.47749], [-120.57023, 47.47747], [-120.5691, 47.47516], [-120.5691, 47.47516], [-120.56913, 47.4775]]]}, "properties": {"OBJECTID": 3333386, "PARCEL_SYST_ID": 15542, "PARCEL_TYPE_CD": 1, "PARCEL_LABEL_NM": null, "PARCEL_NM": null, "REVERSION_RIGHTS_FLG": "N", "OWN_RIGHT_DISPUTE_FLG": "N", "SURFACE_RIGHTS_FLG": "Y", "MINERAL_RIGHTS_FLG": "Y", "TIMBER_RIGHTS_FLG": "Y", "SURFACE_TRUST_CD": 74, "SURFACE_TRUST_NM": "Natural Area Preserve", "MINERAL_TRUST_CD": 74, "MINERAL_TRUST_NM": "Natural Area Preserve", "TIMBER_TRUST_CD": 74, "TIMBER_TRUST_NM": "Natural Area Preserve", "OWNER_AGENT_SYST_ID": 58706, "STEWARD_AGENT_SYST_ID": 63986, "MANAGER_AGENT_SYST_ID": 63986, "TIMBER_OWNER_NM": null, "TIMBER_EXP_DT": null, "ORIGINAL_PATENT_DT": null, "COUNTY_JURISDICT_DESG_CD": 4, "COUNTY_NM": "Chelan", "COUNTY_PARCEL_NO": null, "REGION_JURISDICT_DESG_CD": 100, "REGION_NM": "Southeast Region", "HCP_JURISDICT_DESG_CD": null, "HCP_DESG_CD": 1, "HCP_DESG_DT": 854611200000, "HCP_WITHDRAWAL_DT": null, "PARCEL_DESC_TXT": null, "EDIT_DATE": 1487208502000, "EDIT_STATUS": 1, "EDIT_WHO": "JDUG490", "EASEMENT_TYPE_CD": null, "EASEMENT_TYPE_NM": null, "PARCEL_ACQUIRE_AUTH_NO": "08-073992", "PARCEL_DISPOSAL_AUTH_NO": null, "SHAPE.AREA": 116561.228161, "SHAPE.LEN": 2024.03516794042, "GLOBALID": "{092B7799-88C4-4ECB-A844-889A28B24D11}"}}, {"type": "Feature", "id": 3333972, "geometry": {"type": "Polygon", "coordinates": [[[-120.69799, 47.14668], [-120.69272, 47.14675], [-120.69279, 47.15362], [-120.69298, 47.16092], [-120.69835, 47.16097], [-120.7091, 47.16107], [-120.7091, 47.15379], [-120.70854, 47.14653], [-120.69799, 47.14668]]]}, "properties": {"OBJECTID": 3333972, "PARCEL_SYST_ID": 5103, "PARCEL_TYPE_CD": 1, "PARCEL_LABEL_NM": null, "PARCEL_NM": null, "REVERSION_RIGHTS_FLG": "N", "OWN_RIGHT_DISPUTE_FLG": "N", "SURFACE_RIGHTS_FLG": "Y", "MINERAL_RIGHTS_FLG": "Y", "TIMBER_RIGHTS_FLG": "Y", "SURFACE_TRUST_CD": 3, "SURFACE_TRUST_NM": "Common School and Indemnity", "MINERAL_TRUST_CD": 3, "MINERAL_TRUST_NM": "Common School and Indemnity", "TIMBER_TRUST_CD": 3, "TIMBER_TRUST_NM": "Common School and Indemnity", "OWNER_AGENT_SYST_ID": 58706, "STEWARD_AGENT_SYST_ID": 63986, "MANAGER_AGENT_SYST_ID": 63986, "TIMBER_OWNER_NM": null, "TIMBER_EXP_DT": null, "ORIGINAL_PATENT_DT": null, "COUNTY_JURISDICT_DESG_CD": 19, "COUNTY_NM": "Kittitas", "COUNTY_PARCEL_NO": null, "REGION_JURISDICT_DESG_CD": 100, "REGION_NM": "Southeast Region", "HCP_JURISDICT_DESG_CD": null, "HCP_DESG_CD": 1, "HCP_DESG_DT": 854611200000, "HCP_WITHDRAWAL_DT": null, "PARCEL_DESC_TXT": null, "EDIT_DATE": 1480450092000, "EDIT_STATUS": 1, "EDIT_WHO": "JDUG490", "EASEMENT_TYPE_CD": null, "EASEMENT_TYPE_NM": null, "PARCEL_ACQUIRE_AUTH_NO": "CLEAR LIST 13 INDEMNITY", "PARCEL_DISPOSAL_AUTH_NO": null, "SHAPE.AREA": 21019257.3316355, "SHAPE.LEN": 18419.2925306819, "GLOBALID": "{024BAE56-E79B-4B85-829C-7F8B342E6F88}"}}, {"type": "Feature", "id": 3334035, "geometry": {"type": "Polygon", "coordinates": [[[-120.5798, 47.4811], [-120.58512, 47.48111], [-120.58511, 47.4793], [-120.5851, 47.47749], [-120.57978, 47.47749], [-120.5798, 47.4811]]]}, "properties": {"OBJECTID": 3334035, "PARCEL_SYST_ID": 10903, "PARCEL_TYPE_CD": 1, "PARCEL_LABEL_NM": null, "PARCEL_NM": null, "REVERSION_RIGHTS_FLG": "N", "OWN_RIGHT_DISPUTE_FLG": "N", "SURFACE_RIGHTS_FLG": "Y", "MINERAL_RIGHTS_FLG": "Y", "TIMBER_RIGHTS_FLG": "Y", "SURFACE_TRUST_CD": 74, "SURFACE_TRUST_NM": "Natural Area Preserve", "MINERAL_TRUST_CD": 3, "MINERAL_TRUST_NM": "Common School and Indemnity", "TIMBER_TRUST_CD": 74, "TIMBER_TRUST_NM": "Natural Area Preserve", "OWNER_AGENT_SYST_ID": 58706, "STEWARD_AGENT_SYST_ID": 63986, "MANAGER_AGENT_SYST_ID": 63986, "TIMBER_OWNER_NM": null, "TIMBER_EXP_DT": null, "ORIGINAL_PATENT_DT": null, "COUNTY_JURISDICT_DESG_CD": 4, "COUNTY_NM": "Chelan", "COUNTY_PARCEL_NO": null, "REGION_JURISDICT_DESG_CD": 100, "REGION_NM": "Southeast Region", "HCP_JURISDICT_DESG_CD": null, "HCP_DESG_CD": 1, "HCP_DESG_DT": 854611200000, "HCP_WITHDRAWAL_DT": null, "PARCEL_DESC_TXT": null, "EDIT_DATE": 1487208502000, "EDIT_STATUS": 1, "EDIT_WHO": "JDUG490", "EASEMENT_TYPE_CD": null, "EASEMENT_TYPE_NM": null, "PARCEL_ACQUIRE_AUTH_NO": "02-050629 CLEAR LIST 16 INDEMNITY", "PARCEL_DISPOSAL_AUTH_NO": null, "SHAPE.AREA": 1732072.977562, "SHAPE.LEN": 5264.46370684864, "GLOBALID": "{7BB31956-52E4-4A3E-BBF7-BFC85DF7FBE1}"}}, {"type": "Feature", "id": 3334083, "geometry": {"type": "Polygon", "coordinates": [[[-120.56371, 47.46664], [-120.56372, 47.47025], [-120.5664, 47.47025], [-120.5664, 47.47387], [-120.5666, 47.47387], [-120.5666, 47.47298], [-120.56853, 47.47298], [-120.56889, 47.47311], [-120.56935, 47.47335], [-120.56952, 47.47349], [-120.56962, 47.4737], [-120.56969, 47.47386], [-120.56995, 47.47386], [-120.57118, 47.47386], [-120.57444, 47.47385], [-120.57441, 47.47027], [-120.57439, 47.46667], [-120.56905, 47.46665], [-120.56371, 47.46664]]]}, "properties": {"OBJECTID": 3334083, "PARCEL_SYST_ID": 2433, "PARCEL_TYPE_CD": 1, "PARCEL_LABEL_NM": null, "PARCEL_NM": null, "REVERSION_RIGHTS_FLG": "N", "OWN_RIGHT_DISPUTE_FLG": "N", "SURFACE_RIGHTS_FLG": "Y", "MINERAL_RIGHTS_FLG": "Y", "TIMBER_RIGHTS_FLG": "Y", "SURFACE_TRUST_CD": 74, "SURFACE_TRUST_NM": "Natural Area Preserve", "MINERAL_TRUST_CD": 74, "MINERAL_TRUST_NM": "Natural Area Preserve", "TIMBER_TRUST_CD": 74, "TIMBER_TRUST_NM": "Natural Area Preserve", "OWNER_AGENT_SYST_ID": 58706, "STEWARD_AGENT_SYST_ID": 63986, "MANAGER_AGENT_SYST_ID": 63986, "TIMBER_OWNER_NM": null, "TIMBER_EXP_DT": null, "ORIGINAL_PATENT_DT": null, "COUNTY_JURISDICT_DESG_CD": 4, "COUNTY_NM": "Chelan", "COUNTY_PARCEL_NO": null, "REGION_JURISDICT_DESG_CD": 100, "REGION_NM": "Southeast Region", "HCP_JURISDICT_DESG_CD": null, "HCP_DESG_CD": 1, "HCP_DESG_DT": 854611200000, "HCP_WITHDRAWAL_DT": null, "PARCEL_DESC_TXT": null, "EDIT_DATE": 1492034320000, "EDIT_STATUS": 1, "EDIT_WHO": "JDUG490", "EASEMENT_TYPE_CD": null, "EASEMENT_TYPE_NM": null, "PARCEL_ACQUIRE_AUTH_NO": "08-082329", "PARCEL_DISPOSAL_AUTH_NO": null, "SHAPE.AREA": 5864065.0246395, "SHAPE.LEN": 11036.4063111878, "GLOBALID": "{C0AB7044-C7D2-4A02-BEB0-77FF25256CE6}"}}, {"type": "Feature", "id": 3334207, "geometry": {"type": "Polygon", "coordinates": [[[-120.79448, 47.11705], [-120.79448, 47.11776], [-120.79656, 47.11712], [-120.79677, 47.11712], [-120.79668, 47.11707], [-120.7966, 47.11703], [-120.79649, 47.11703], [-120.79635, 47.11716], [-120.79622, 47.1171], [-120.79608, 47.11703], [-120.79448, 47.11705]]]}, "properties": {"OBJECTID": 3334207, "PARCEL_SYST_ID": 114724, "PARCEL_TYPE_CD": 1, "PARCEL_LABEL_NM": null, "PARCEL_NM": null, "REVERSION_RIGHTS_FLG": "N", "OWN_RIGHT_DISPUTE_FLG": "N", "SURFACE_RIGHTS_FLG": "Y", "MINERAL_RIGHTS_FLG": "N", "TIMBER_RIGHTS_FLG": "Y", "SURFACE_TRUST_CD": 3, "SURFACE_TRUST_NM": "Common School and Indemnity", "MINERAL_TRUST_CD": 0, "MINERAL_TRUST_NM": "Trust Status Not Applicable Or Unknown", "TIMBER_TRUST_CD": 3, "TIMBER_TRUST_NM": "Common School and Indemnity", "OWNER_AGENT_SYST_ID": 58706, "STEWARD_AGENT_SYST_ID": 63986, "MANAGER_AGENT_SYST_ID": 63986, "TIMBER_OWNER_NM": null, "TIMBER_EXP_DT": null, "ORIGINAL_PATENT_DT": null, "COUNTY_JURISDICT_DESG_CD": 19, "COUNTY_NM": "Kittitas", "COUNTY_PARCEL_NO": null, "REGION_JURISDICT_DESG_CD": 100, "REGION_NM": "Southeast Region", "HCP_JURISDICT_DESG_CD": null, "HCP_DESG_CD": 1, "HCP_DESG_DT": 1339657200000, "HCP_WITHDRAWAL_DT": null, "PARCEL_DESC_TXT": null, "EDIT_DATE": 1521073610000, "EDIT_STATUS": 0, "EDIT_WHO": "TSTE490", "EASEMENT_TYPE_CD": null, "EASEMENT_TYPE_NM": null, "PARCEL_ACQUIRE_AUTH_NO": "86-086120", "PARCEL_DISPOSAL_AUTH_NO": null, "SHAPE.AREA": 73974.5316015, "SHAPE.LEN": 1497.56801866903, "GLOBALID": "{7285A492-008D-4420-B6D7-EFB76177CE88}"}}, {"type": "Feature", "id": 3334312, "geometry": {"type": "Polygon", "coordinates": [[[-120.70891, 47.13196], [-120.70854, 47.14653], [-120.71926, 47.14651], [-120.72999, 47.14648], [-120.7301, 47.13922], [-120.7302, 47.13195], [-120.71949, 47.13193], [-120.70891, 47.13196]]]}, "properties": {"OBJECTID": 3334312, "PARCEL_SYST_ID": 5106, "PARCEL_TYPE_CD": 1, "PARCEL_LABEL_NM": null, "PARCEL_NM": null, "REVERSION_RIGHTS_FLG": "N", "OWN_RIGHT_DISPUTE_FLG": "N", "SURFACE_RIGHTS_FLG": "Y", "MINERAL_RIGHTS_FLG": "Y", "TIMBER_RIGHTS_FLG": "Y", "SURFACE_TRUST_CD": 3, "SURFACE_TRUST_NM": "Common School and Indemnity", "MINERAL_TRUST_CD": 3, "MINERAL_TRUST_NM": "Common School and Indemnity", "TIMBER_TRUST_CD": 3, "TIMBER_TRUST_NM": "Common School and Indemnity", "OWNER_AGENT_SYST_ID": 58706, "STEWARD_AGENT_SYST_ID": 63986, "MANAGER_AGENT_SYST_ID": 63986, "TIMBER_OWNER_NM": null, "TIMBER_EXP_DT": null, "ORIGINAL_PATENT_DT": null, "COUNTY_JURISDICT_DESG_CD": 19, "COUNTY_NM": "Kittitas", "COUNTY_PARCEL_NO": null, "REGION_JURISDICT_DESG_CD": 100, "REGION_NM": "Southeast Region", "HCP_JURISDICT_DESG_CD": null, "HCP_DESG_CD": 1, "HCP_DESG_DT": 854611200000, "HCP_WITHDRAWAL_DT": null, "PARCEL_DESC_TXT": null, "EDIT_DATE": 1480450092000, "EDIT_STATUS": 1, "EDIT_WHO": "JDUG490", "EASEMENT_TYPE_CD": null, "EASEMENT_TYPE_NM": null, "PARCEL_ACQUIRE_AUTH_NO": "US PATENT NO 46-87-0001", "PARCEL_DISPOSAL_AUTH_NO": null, "SHAPE.AREA": 28256294.5001575, "SHAPE.LEN": 21252.7358254994, "GLOBALID": "{0758AA55-DFF5-4D49-9E10-45FE26BA9AD0}"}}, {"type": "Feature", "id": 3334648, "geometry": {"type": "Polygon", "coordinates": [[[-120.79896, 47.11701], [-120.79901, 47.11705], [-120.79906, 47.11709], [-120.80505, 47.11704], [-120.80505, 47.11694], [-120.79896, 47.11701]]]}, "properties": {"OBJECTID": 3334648, "PARCEL_SYST_ID": 114725, "PARCEL_TYPE_CD": 1, "PARCEL_LABEL_NM": null, "PARCEL_NM": null, "REVERSION_RIGHTS_FLG": "N", "OWN_RIGHT_DISPUTE_FLG": "N", "SURFACE_RIGHTS_FLG": "Y", "MINERAL_RIGHTS_FLG": "N", "TIMBER_RIGHTS_FLG": "Y", "SURFACE_TRUST_CD": 3, "SURFACE_TRUST_NM": "Common School and Indemnity", "MINERAL_TRUST_CD": 0, "MINERAL_TRUST_NM": "Trust Status Not Applicable Or Unknown", "TIMBER_TRUST_CD": 3, "TIMBER_TRUST_NM": "Common School and Indemnity", "OWNER_AGENT_SYST_ID": 58706, "STEWARD_AGENT_SYST_ID": 63986, "MANAGER_AGENT_SYST_ID": 63986, "TIMBER_OWNER_NM": null, "TIMBER_EXP_DT": null, "ORIGINAL_PATENT_DT": null, "COUNTY_JURISDICT_DESG_CD": 19, "COUNTY_NM": "Kittitas", "COUNTY_PARCEL_NO": null, "REGION_JURISDICT_DESG_CD": 100, "REGION_NM": "Southeast Region", "HCP_JURISDICT_DESG_CD": null, "HCP_DESG_CD": 1, "HCP_DESG_DT": 1339657200000, "HCP_WITHDRAWAL_DT": null, "PARCEL_DESC_TXT": null, "EDIT_DATE": 1342692072000, "EDIT_STATUS": 0, "EDIT_WHO": "SDE", "EASEMENT_TYPE_CD": null, "EASEMENT_TYPE_NM": null, "PARCEL_ACQUIRE_AUTH_NO": "86-086120", "PARCEL_DISPOSAL_AUTH_NO": null, "SHAPE.AREA": 49662.741525, "SHAPE.LEN": 3084.90376095426, "GLOBALID": "{4755484F-D7BD-43C0-8BE9-9B709FCA16BC}"}}, {"type": "Feature", "id": 3334698, "geometry": {"type": "Polygon", "coordinates": [[[-120.39208, 47.61908], [-120.39203, 47.62651], [-120.41339, 47.62637], [-120.41447, 47.61177], [-120.41077, 47.6117], [-120.39218, 47.61164], [-120.39208, 47.61908]]]}, "properties": {"OBJECTID": 3334698, "PARCEL_SYST_ID": 10935, "PARCEL_TYPE_CD": 1, "PARCEL_LABEL_NM": null, "PARCEL_NM": null, "REVERSION_RIGHTS_FLG": "N", "OWN_RIGHT_DISPUTE_FLG": "N", "SURFACE_RIGHTS_FLG": "Y", "MINERAL_RIGHTS_FLG": "Y", "TIMBER_RIGHTS_FLG": "Y", "SURFACE_TRUST_CD": 3, "SURFACE_TRUST_NM": "Common School and Indemnity", "MINERAL_TRUST_CD": 3, "MINERAL_TRUST_NM": "Common School and Indemnity", "TIMBER_TRUST_CD": 3, "TIMBER_TRUST_NM": "Common School and Indemnity", "OWNER_AGENT_SYST_ID": 58706, "STEWARD_AGENT_SYST_ID": 63986, "MANAGER_AGENT_SYST_ID": 63986, "TIMBER_OWNER_NM": null, "TIMBER_EXP_DT": null, "ORIGINAL_PATENT_DT": null, "COUNTY_JURISDICT_DESG_CD": 4, "COUNTY_NM": "Chelan", "COUNTY_PARCEL_NO": null, "REGION_JURISDICT_DESG_CD": 100, "REGION_NM": "Southeast Region", "HCP_JURISDICT_DESG_CD": null, "HCP_DESG_CD": 1, "HCP_DESG_DT": 854611200000, "HCP_WITHDRAWAL_DT": null, "PARCEL_DESC_TXT": null, "EDIT_DATE": 1364425333000, "EDIT_STATUS": 1, "EDIT_WHO": "JDUG490", "EASEMENT_TYPE_CD": null, "EASEMENT_TYPE_NM": null, "PARCEL_ACQUIRE_AUTH_NO": "US PATENT NO 46-74-0026", "PARCEL_DISPOSAL_AUTH_NO": null, "SHAPE.AREA": 28990913.666899, "SHAPE.LEN": 21520.2335935863, "GLOBALID": "{1FDC9CC7-CB3F-4323-A1B8-9DFE264B008B}"}}, {"type": "Feature", "id": 3334879, "geometry": {"type": "Polygon", "coordinates": [[[-120.94268, 47.15729], [-120.9586, 47.15735], [-120.95864, 47.15375], [-120.96399, 47.15378], [-120.964, 47.14682], [-120.964, 47.14616], [-120.96358, 47.14616], [-120.95334, 47.14615], [-120.94271, 47.14614], [-120.94272, 47.15366], [-120.94268, 47.15729]]]}, "properties": {"OBJECTID": 3334879, "PARCEL_SYST_ID": 5022, "PARCEL_TYPE_CD": 1, "PARCEL_LABEL_NM": null, "PARCEL_NM": null, "REVERSION_RIGHTS_FLG": "N", "OWN_RIGHT_DISPUTE_FLG": "N", "SURFACE_RIGHTS_FLG": "Y", "MINERAL_RIGHTS_FLG": "Y", "TIMBER_RIGHTS_FLG": "Y", "SURFACE_TRUST_CD": 3, "SURFACE_TRUST_NM": "Common School and Indemnity", "MINERAL_TRUST_CD": 3, "MINERAL_TRUST_NM": "Common School and Indemnity", "TIMBER_TRUST_CD": 3, "TIMBER_TRUST_NM": "Common School and Indemnity", "OWNER_AGENT_SYST_ID": 58706, "STEWARD_AGENT_SYST_ID": 63986, "MANAGER_AGENT_SYST_ID": 63986, "TIMBER_OWNER_NM": null, "TIMBER_EXP_DT": null, "ORIGINAL_PATENT_DT": null, "COUNTY_JURISDICT_DESG_CD": 19, "COUNTY_NM": "Kittitas", "COUNTY_PARCEL_NO": null, "REGION_JURISDICT_DESG_CD": 100, "REGION_NM": "Southeast Region", "HCP_JURISDICT_DESG_CD": null, "HCP_DESG_CD": 1, "HCP_DESG_DT": 854611200000, "HCP_WITHDRAWAL_DT": null, "PARCEL_DESC_TXT": null, "EDIT_DATE": 1690414898000, "EDIT_STATUS": 1, "EDIT_WHO": "TSTE490", "EASEMENT_TYPE_CD": null, "EASEMENT_TYPE_NM": null, "PARCEL_ACQUIRE_AUTH_NO": null, "PARCEL_DISPOSAL_AUTH_NO": null, "SHAPE.AREA": 19841239.393951, "SHAPE.LEN": 18747.9130909841, "GLOBALID": "{FA9EF392-FEC6-4BCC-8DA7-7C3EF8C4AA6F}"}}, {"type": "Feature", "id": 3335011, "geometry": {"type": "Polygon", "coordinates": [[[-120.69878, 47.20939], [-120.69872, 47.20951], [-120.69867, 47.20964], [-120.69862, 47.20977], [-120.69858, 47.20991], [-120.69854, 47.21005], [-120.69851, 47.2102], [-120.69849, 47.21035], [-120.69848, 47.21047], [-120.69847, 47.21059], [-120.69847, 47.21071], [-120.69848, 47.21083], [-120.69849, 47.21094], [-120.6985, 47.21106], [-120.69852, 47.21117], [-120.69855, 47.21127], [-120.69857, 47.21137], [-120.69861, 47.21147], [-120.69864, 47.21157], [-120.69869, 47.21167], [-120.69873, 47.21177], [-120.69878, 47.21187], [-120.69882, 47.21194], [-120.6988, 47.20936], [-120.69878, 47.20939]]]}, "properties": {"OBJECTID": 3335011, "PARCEL_SYST_ID": 116175, "PARCEL_TYPE_CD": 1, "PARCEL_LABEL_NM": "Teanaway Com Forest", "PARCEL_NM": null, "REVERSION_RIGHTS_FLG": "N", "OWN_RIGHT_DISPUTE_FLG": "N", "SURFACE_RIGHTS_FLG": "Y", "MINERAL_RIGHTS_FLG": "Y", "TIMBER_RIGHTS_FLG": "Y", "SURFACE_TRUST_CD": 48, "SURFACE_TRUST_NM": "Community Forest Trust", "MINERAL_TRUST_CD": 48, "MINERAL_TRUST_NM": "Community Forest Trust", "TIMBER_TRUST_CD": 48, "TIMBER_TRUST_NM": "Community Forest Trust", "OWNER_AGENT_SYST_ID": 58706, "STEWARD_AGENT_SYST_ID": 63986, "MANAGER_AGENT_SYST_ID": 63986, "TIMBER_OWNER_NM": null, "TIMBER_EXP_DT": null, "ORIGINAL_PATENT_DT": null, "COUNTY_JURISDICT_DESG_CD": 19, "COUNTY_NM": "Kittitas", "COUNTY_PARCEL_NO": null, "REGION_JURISDICT_DESG_CD": 100, "REGION_NM": "Southeast Region", "HCP_JURISDICT_DESG_CD": null, "HCP_DESG_CD": 2, "HCP_DESG_DT": null, "HCP_WITHDRAWAL_DT": null, "PARCEL_DESC_TXT": null, "EDIT_DATE": 1395847238000, "EDIT_STATUS": 0, "EDIT_WHO": "JDUG490", "EASEMENT_TYPE_CD": null, "EASEMENT_TYPE_NM": null, "PARCEL_ACQUIRE_AUTH_NO": "08-090298", "PARCEL_DISPOSAL_AUTH_NO": null, "SHAPE.AREA": 53510.7886725, "SHAPE.LEN": 1901.54999829867, "GLOBALID": "{67CFB094-ED56-4252-84C9-324CE3E0EBC4}"}}, {"type": "Feature", "id": 3335021, "geometry": {"type": "Polygon", "coordinates": [[[-120.93344, 47.26033], [-120.93505, 47.26032], [-120.94218, 47.26026], [-120.94209, 47.25454], [-120.93155, 47.25427], [-120.93121, 47.26033], [-120.93344, 47.26033]]]}, "properties": {"OBJECTID": 3335021, "PARCEL_SYST_ID": 116158, "PARCEL_TYPE_CD": 1, "PARCEL_LABEL_NM": "Teanaway Com Forest", "PARCEL_NM": null, "REVERSION_RIGHTS_FLG": "N", "OWN_RIGHT_DISPUTE_FLG": "N", "SURFACE_RIGHTS_FLG": "Y", "MINERAL_RIGHTS_FLG": "Y", "TIMBER_RIGHTS_FLG": "Y", "SURFACE_TRUST_CD": 48, "SURFACE_TRUST_NM": "Community Forest Trust", "MINERAL_TRUST_CD": 48, "MINERAL_TRUST_NM": "Community Forest Trust", "TIMBER_TRUST_CD": 48, "TIMBER_TRUST_NM": "Community Forest Trust", "OWNER_AGENT_SYST_ID": 58706, "STEWARD_AGENT_SYST_ID": 63986, "MANAGER_AGENT_SYST_ID": 63986, "TIMBER_OWNER_NM": null, "TIMBER_EXP_DT": null, "ORIGINAL_PATENT_DT": null, "COUNTY_JURISDICT_DESG_CD": 19, "COUNTY_NM": "Kittitas", "COUNTY_PARCEL_NO": null, "REGION_JURISDICT_DESG_CD": 100, "REGION_NM": "Southeast Region", "HCP_JURISDICT_DESG_CD": null, "HCP_DESG_CD": 2, "HCP_DESG_DT": null, "HCP_WITHDRAWAL_DT": null, "PARCEL_DESC_TXT": null, "EDIT_DATE": 1395847238000, "EDIT_STATUS": 0, "EDIT_WHO": "JDUG490", "EASEMENT_TYPE_CD": null, "EASEMENT_TYPE_NM": null, "PARCEL_ACQUIRE_AUTH_NO": "08-090298", "PARCEL_DISPOSAL_AUTH_NO": null, "SHAPE.AREA": 5748936.5231045, "SHAPE.LEN": 9644.2298305999, "GLOBALID": "{46ED6CC6-DB6C-4788-8DD4-D0E70ABD7B14}"}}, {"type": "Feature", "id": 3335034, "geometry": {"type": "Polygon", "coordinates": [[[-120.6876, 47.12464], [-120.68787, 47.13207], [-120.69839, 47.13202], [-120.70891, 47.13196], [-120.70889, 47.12832], [-120.70359, 47.12833], [-120.70356, 47.12468], [-120.69826, 47.12467], [-120.69813, 47.11741], [-120.68743, 47.11741], [-120.6876, 47.12464]]]}, "properties": {"OBJECTID": 3335034, "PARCEL_SYST_ID": 5108, "PARCEL_TYPE_CD": 1, "PARCEL_LABEL_NM": null, "PARCEL_NM": null, "REVERSION_RIGHTS_FLG": "N", "OWN_RIGHT_DISPUTE_FLG": "N", "SURFACE_RIGHTS_FLG": "Y", "MINERAL_RIGHTS_FLG": "Y", "TIMBER_RIGHTS_FLG": "Y", "SURFACE_TRUST_CD": 3, "SURFACE_TRUST_NM": "Common School and Indemnity", "MINERAL_TRUST_CD": 3, "MINERAL_TRUST_NM": "Common School and Indemnity", "TIMBER_TRUST_CD": 3, "TIMBER_TRUST_NM": "Common School and Indemnity", "OWNER_AGENT_SYST_ID": 58706, "STEWARD_AGENT_SYST_ID": 63986, "MANAGER_AGENT_SYST_ID": 63986, "TIMBER_OWNER_NM": null, "TIMBER_EXP_DT": null, "ORIGINAL_PATENT_DT": null, "COUNTY_JURISDICT_DESG_CD": 19, "COUNTY_NM": "Kittitas", "COUNTY_PARCEL_NO": null, "REGION_JURISDICT_DESG_CD": 100, "REGION_NM": "Southeast Region", "HCP_JURISDICT_DESG_CD": null, "HCP_DESG_CD": 1, "HCP_DESG_DT": 854611200000, "HCP_WITHDRAWAL_DT": null, "PARCEL_DESC_TXT": null, "EDIT_DATE": 1430244363000, "EDIT_STATUS": 1, "EDIT_WHO": "JDUG490", "EASEMENT_TYPE_CD": null, "EASEMENT_TYPE_NM": null, "PARCEL_ACQUIRE_AUTH_NO": "CLEAR LIST 13 INDEMNITY", "PARCEL_DISPOSAL_AUTH_NO": null, "SHAPE.AREA": 19389360.0324685, "SHAPE.LEN": 21198.332845257402, "GLOBALID": "{5C28E77D-8FC6-40BB-A07A-602FCFA2A8BD}"}}, {"type": "Feature", "id": 3335056, "geometry": {"type": "Polygon", "coordinates": [[[-120.8781, 47.25468], [-120.87799, 47.25466], [-120.87787, 47.25465], [-120.87776, 47.25464], [-120.87764, 47.25464], [-120.87752, 47.25464], [-120.87741, 47.25464], [-120.87729, 47.25464], [-120.87718, 47.25465], [-120.87706, 47.25466], [-120.87695, 47.25468], [-120.87628, 47.25478], [-120.87612, 47.25481], [-120.87595, 47.25483], [-120.87578, 47.25485], [-120.87578, 47.25485], [-120.87562, 47.25486], [-120.87546, 47.25488], [-120.87546, 47.25488], [-120.87558, 47.25522], [-120.87413, 47.25755], [-120.87801, 47.25757], [-120.8781, 47.25468]]]}, "properties": {"OBJECTID": 3335056, "PARCEL_SYST_ID": 116272, "PARCEL_TYPE_CD": 1, "PARCEL_LABEL_NM": "Teanaway Com Forest", "PARCEL_NM": null, "REVERSION_RIGHTS_FLG": "N", "OWN_RIGHT_DISPUTE_FLG": "N", "SURFACE_RIGHTS_FLG": "Y", "MINERAL_RIGHTS_FLG": "N", "TIMBER_RIGHTS_FLG": "Y", "SURFACE_TRUST_CD": 48, "SURFACE_TRUST_NM": "Community Forest Trust", "MINERAL_TRUST_CD": 0, "MINERAL_TRUST_NM": "Trust Status Not Applicable Or Unknown", "TIMBER_TRUST_CD": 48, "TIMBER_TRUST_NM": "Community Forest Trust", "OWNER_AGENT_SYST_ID": 58706, "STEWARD_AGENT_SYST_ID": 63986, "MANAGER_AGENT_SYST_ID": 63986, "TIMBER_OWNER_NM": null, "TIMBER_EXP_DT": null, "ORIGINAL_PATENT_DT": null, "COUNTY_JURISDICT_DESG_CD": 19, "COUNTY_NM": "Kittitas", "COUNTY_PARCEL_NO": null, "REGION_JURISDICT_DESG_CD": 100, "REGION_NM": "Southeast Region", "HCP_JURISDICT_DESG_CD": null, "HCP_DESG_CD": 2, "HCP_DESG_DT": null, "HCP_WITHDRAWAL_DT": null, "PARCEL_DESC_TXT": null, "EDIT_DATE": 1741993809000, "EDIT_STATUS": 0, "EDIT_WHO": "TSTE490", "EASEMENT_TYPE_CD": null, "EASEMENT_TYPE_NM": null, "PARCEL_ACQUIRE_AUTH_NO": "08-090298", "PARCEL_DISPOSAL_AUTH_NO": null, "SHAPE.AREA": 793438.974493, "SHAPE.LEN": 3735.28408298571, "GLOBALID": "{15855138-CAB3-4A17-93C7-69D4C2BBDBAD}"}}, {"type": "Feature", "id": 3335057, "geometry": {"type": "Polygon", "coordinates": [[[-120.87253, 47.26722], [-120.87253, 47.27444], [-120.87784, 47.27445], [-120.87784, 47.26745], [-120.87785, 47.26002], [-120.87253, 47.26001], [-120.87253, 47.26722]]]}, "properties": {"OBJECTID": 3335057, "PARCEL_SYST_ID": 116199, "PARCEL_TYPE_CD": 1, "PARCEL_LABEL_NM": "Teanaway Com Forest", "PARCEL_NM": null, "REVERSION_RIGHTS_FLG": "N", "OWN_RIGHT_DISPUTE_FLG": "N", "SURFACE_RIGHTS_FLG": "Y", "MINERAL_RIGHTS_FLG": "N", "TIMBER_RIGHTS_FLG": "Y", "SURFACE_TRUST_CD": 48, "SURFACE_TRUST_NM": "Community Forest Trust", "MINERAL_TRUST_CD": 0, "MINERAL_TRUST_NM": "Trust Status Not Applicable Or Unknown", "TIMBER_TRUST_CD": 48, "TIMBER_TRUST_NM": "Community Forest Trust", "OWNER_AGENT_SYST_ID": 58706, "STEWARD_AGENT_SYST_ID": 63986, "MANAGER_AGENT_SYST_ID": 63986, "TIMBER_OWNER_NM": null, "TIMBER_EXP_DT": null, "ORIGINAL_PATENT_DT": null, "COUNTY_JURISDICT_DESG_CD": 19, "COUNTY_NM": "Kittitas", "COUNTY_PARCEL_NO": null, "REGION_JURISDICT_DESG_CD": 100, "REGION_NM": "Southeast Region", "HCP_JURISDICT_DESG_CD": null, "HCP_DESG_CD": 2, "HCP_DESG_DT": null, "HCP_WITHDRAWAL_DT": null, "PARCEL_DESC_TXT": null, "EDIT_DATE": 1741993809000, "EDIT_STATUS": 0, "EDIT_WHO": "TSTE490", "EASEMENT_TYPE_CD": null, "EASEMENT_TYPE_NM": null, "PARCEL_ACQUIRE_AUTH_NO": "08-090298", "PARCEL_DISPOSAL_AUTH_NO": null, "SHAPE.AREA": 6943928.1576805, "SHAPE.LEN": 13163.4364801825, "GLOBALID": "{7A062436-A714-4718-9556-322E9B333AF3}"}}, {"type": "Feature", "id": 3335058, "geometry": {"type": "Polygon", "coordinates": [[[-120.88845, 47.27446], [-120.89301, 47.27447], [-120.89298, 47.26725], [-120.89296, 47.26004], [-120.88848, 47.26003], [-120.88845, 47.27446]]]}, "properties": {"OBJECTID": 3335058, "PARCEL_SYST_ID": 116198, "PARCEL_TYPE_CD": 1, "PARCEL_LABEL_NM": "Teanaway Com Forest", "PARCEL_NM": null, "REVERSION_RIGHTS_FLG": "N", "OWN_RIGHT_DISPUTE_FLG": "N", "SURFACE_RIGHTS_FLG": "Y", "MINERAL_RIGHTS_FLG": "N", "TIMBER_RIGHTS_FLG": "Y", "SURFACE_TRUST_CD": 48, "SURFACE_TRUST_NM": "Community Forest Trust", "MINERAL_TRUST_CD": 0, "MINERAL_TRUST_NM": "Trust Status Not Applicable Or Unknown", "TIMBER_TRUST_CD": 48, "TIMBER_TRUST_NM": "Community Forest Trust", "OWNER_AGENT_SYST_ID": 58706, "STEWARD_AGENT_SYST_ID": 63986, "MANAGER_AGENT_SYST_ID": 63986, "TIMBER_OWNER_NM": null, "TIMBER_EXP_DT": null, "ORIGINAL_PATENT_DT": null, "COUNTY_JURISDICT_DESG_CD": 19, "COUNTY_NM": "Kittitas", "COUNTY_PARCEL_NO": null, "REGION_JURISDICT_DESG_CD": 100, "REGION_NM": "Southeast Region", "HCP_JURISDICT_DESG_CD": null, "HCP_DESG_CD": 2, "HCP_DESG_DT": null, "HCP_WITHDRAWAL_DT": null, "PARCEL_DESC_TXT": null, "EDIT_DATE": 1741993809000, "EDIT_STATUS": 0, "EDIT_WHO": "TSTE490", "EASEMENT_TYPE_CD": null, "EASEMENT_TYPE_NM": null, "PARCEL_ACQUIRE_AUTH_NO": "08-090298", "PARCEL_DISPOSAL_AUTH_NO": null, "SHAPE.AREA": 5903368.992152, "SHAPE.LEN": 12770.5770471358, "GLOBALID": "{3AEF61CE-1FD3-45E2-B79C-C87AC3740394}"}}, {"type": "Feature", "id": 3335059, "geometry": {"type": "Polygon", "coordinates": [[[-120.89298, 47.26725], [-120.89821, 47.26728], [-120.89822, 47.26367], [-120.90352, 47.26369], [-120.90352, 47.26007], [-120.89962, 47.26006], [-120.89296, 47.26004], [-120.89298, 47.26725]]]}, "properties": {"OBJECTID": 3335059, "PARCEL_SYST_ID": 5029, "PARCEL_TYPE_CD": 1, "PARCEL_LABEL_NM": null, "PARCEL_NM": null, "REVERSION_RIGHTS_FLG": "N", "OWN_RIGHT_DISPUTE_FLG": "N", "SURFACE_RIGHTS_FLG": "Y", "MINERAL_RIGHTS_FLG": "Y", "TIMBER_RIGHTS_FLG": "Y", "SURFACE_TRUST_CD": 3, "SURFACE_TRUST_NM": "Common School and Indemnity", "MINERAL_TRUST_CD": 3, "MINERAL_TRUST_NM": "Common School and Indemnity", "TIMBER_TRUST_CD": 3, "TIMBER_TRUST_NM": "Common School and Indemnity", "OWNER_AGENT_SYST_ID": 58706, "STEWARD_AGENT_SYST_ID": 63986, "MANAGER_AGENT_SYST_ID": 63986, "TIMBER_OWNER_NM": null, "TIMBER_EXP_DT": null, "ORIGINAL_PATENT_DT": null, "COUNTY_JURISDICT_DESG_CD": 19, "COUNTY_NM": "Kittitas", "COUNTY_PARCEL_NO": null, "REGION_JURISDICT_DESG_CD": 100, "REGION_NM": "Southeast Region", "HCP_JURISDICT_DESG_CD": null, "HCP_DESG_CD": 1, "HCP_DESG_DT": 854611200000, "HCP_WITHDRAWAL_DT": null, "PARCEL_DESC_TXT": null, "EDIT_DATE": 1741993809000, "EDIT_STATUS": 1, "EDIT_WHO": "TSTE490", "EASEMENT_TYPE_CD": null, "EASEMENT_TYPE_NM": null, "PARCEL_ACQUIRE_AUTH_NO": "US PATENT NO 46-87-0002", "PARCEL_DISPOSAL_AUTH_NO": null, "SHAPE.AREA": 5169398.747109, "SHAPE.LEN": 10509.194432215001, "GLOBALID": "{F78BB562-F1F4-49C0-BA0B-3C2802B576E7}"}}, {"type": "Feature", "id": 3335060, "geometry": {"type": "Polygon", "coordinates": [[[-120.85736, 47.23953], [-120.8573, 47.24311], [-120.85725, 47.24669], [-120.86247, 47.24662], [-120.86303, 47.24661], [-120.8677, 47.24654], [-120.86789, 47.23916], [-120.85736, 47.23953]]]}, "properties": {"OBJECTID": 3335060, "PARCEL_SYST_ID": 116287, "PARCEL_TYPE_CD": 1, "PARCEL_LABEL_NM": "Teanaway Com Forest", "PARCEL_NM": null, "REVERSION_RIGHTS_FLG": "N", "OWN_RIGHT_DISPUTE_FLG": "N", "SURFACE_RIGHTS_FLG": "Y", "MINERAL_RIGHTS_FLG": "N", "TIMBER_RIGHTS_FLG": "Y", "SURFACE_TRUST_CD": 48, "SURFACE_TRUST_NM": "Community Forest Trust", "MINERAL_TRUST_CD": 0, "MINERAL_TRUST_NM": "Trust Status Not Applicable Or Unknown", "TIMBER_TRUST_CD": 48, "TIMBER_TRUST_NM": "Community Forest Trust", "OWNER_AGENT_SYST_ID": 58706, "STEWARD_AGENT_SYST_ID": 63986, "MANAGER_AGENT_SYST_ID": 63986, "TIMBER_OWNER_NM": null, "TIMBER_EXP_DT": null, "ORIGINAL_PATENT_DT": null, "COUNTY_JURISDICT_DESG_CD": 19, "COUNTY_NM": "Kittitas", "COUNTY_PARCEL_NO": null, "REGION_JURISDICT_DESG_CD": 100, "REGION_NM": "Southeast Region", "HCP_JURISDICT_DESG_CD": null, "HCP_DESG_CD": 2, "HCP_DESG_DT": null, "HCP_WITHDRAWAL_DT": null, "PARCEL_DESC_TXT": null, "EDIT_DATE": 1741993809000, "EDIT_STATUS": 0, "EDIT_WHO": "TSTE490", "EASEMENT_TYPE_CD": null, "EASEMENT_TYPE_NM": null, "PARCEL_ACQUIRE_AUTH_NO": "08-090298", "PARCEL_DISPOSAL_AUTH_NO": null, "SHAPE.AREA": 6904457.3916205, "SHAPE.LEN": 10518.0800154173, "GLOBALID": "{B36C4359-AB0B-45CD-9CB1-55AFCFDD4592}"}}, {"type": "Feature", "id": 3335061, "geometry": {"type": "Polygon", "coordinates": [[[-120.83552, 47.25381], [-120.83536, 47.25969], [-120.85125, 47.25987], [-120.85707, 47.25993], [-120.85711, 47.25689], [-120.85714, 47.25385], [-120.8572, 47.25027], [-120.84646, 47.25026], [-120.84656, 47.24668], [-120.83586, 47.24667], [-120.83552, 47.25381]]]}, "properties": {"OBJECTID": 3335061, "PARCEL_SYST_ID": 116170, "PARCEL_TYPE_CD": 1, "PARCEL_LABEL_NM": "Teanaway Com Forest", "PARCEL_NM": null, "REVERSION_RIGHTS_FLG": "N", "OWN_RIGHT_DISPUTE_FLG": "N", "SURFACE_RIGHTS_FLG": "Y", "MINERAL_RIGHTS_FLG": "Y", "TIMBER_RIGHTS_FLG": "Y", "SURFACE_TRUST_CD": 48, "SURFACE_TRUST_NM": "Community Forest Trust", "MINERAL_TRUST_CD": 48, "MINERAL_TRUST_NM": "Community Forest Trust", "TIMBER_TRUST_CD": 48, "TIMBER_TRUST_NM": "Community Forest Trust", "OWNER_AGENT_SYST_ID": 58706, "STEWARD_AGENT_SYST_ID": 63986, "MANAGER_AGENT_SYST_ID": 63986, "TIMBER_OWNER_NM": null, "TIMBER_EXP_DT": null, "ORIGINAL_PATENT_DT": null, "COUNTY_JURISDICT_DESG_CD": 19, "COUNTY_NM": "Kittitas", "COUNTY_PARCEL_NO": null, "REGION_JURISDICT_DESG_CD": 100, "REGION_NM": "Southeast Region", "HCP_JURISDICT_DESG_CD": null, "HCP_DESG_CD": 2, "HCP_DESG_DT": null, "HCP_WITHDRAWAL_DT": null, "PARCEL_DESC_TXT": null, "EDIT_DATE": 1741993809000, "EDIT_STATUS": 0, "EDIT_WHO": "TSTE490", "EASEMENT_TYPE_CD": null, "EASEMENT_TYPE_NM": null, "PARCEL_ACQUIRE_AUTH_NO": "08-090298", "PARCEL_DISPOSAL_AUTH_NO": null, "SHAPE.AREA": 22201030.791217, "SHAPE.LEN": 20291.7681261352, "GLOBALID": "{3E60C57E-5C55-4D1A-BDC2-F34F862642BB}"}}, {"type": "Feature", "id": 3335062, "geometry": {"type": "Polygon", "coordinates": [[[-120.87253, 47.27795], [-120.87251, 47.28167], [-120.87252, 47.28884], [-120.88309, 47.28884], [-120.88314, 47.27446], [-120.88258, 47.27532], [-120.88198, 47.27496], [-120.88218, 47.27446], [-120.87784, 47.27445], [-120.87253, 47.27444], [-120.87253, 47.27795]]]}, "properties": {"OBJECTID": 3335062, "PARCEL_SYST_ID": 116208, "PARCEL_TYPE_CD": 1, "PARCEL_LABEL_NM": "Teanaway Com Forest", "PARCEL_NM": null, "REVERSION_RIGHTS_FLG": "N", "OWN_RIGHT_DISPUTE_FLG": "N", "SURFACE_RIGHTS_FLG": "Y", "MINERAL_RIGHTS_FLG": "Y", "TIMBER_RIGHTS_FLG": "Y", "SURFACE_TRUST_CD": 48, "SURFACE_TRUST_NM": "Community Forest Trust", "MINERAL_TRUST_CD": 48, "MINERAL_TRUST_NM": "Community Forest Trust", "TIMBER_TRUST_CD": 48, "TIMBER_TRUST_NM": "Community Forest Trust", "OWNER_AGENT_SYST_ID": 58706, "STEWARD_AGENT_SYST_ID": 63986, "MANAGER_AGENT_SYST_ID": 63986, "TIMBER_OWNER_NM": null, "TIMBER_EXP_DT": null, "ORIGINAL_PATENT_DT": null, "COUNTY_JURISDICT_DESG_CD": 19, "COUNTY_NM": "Kittitas", "COUNTY_PARCEL_NO": null, "REGION_JURISDICT_DESG_CD": 100, "REGION_NM": "Southeast Region", "HCP_JURISDICT_DESG_CD": null, "HCP_DESG_CD": 2, "HCP_DESG_DT": null, "HCP_WITHDRAWAL_DT": null, "PARCEL_DESC_TXT": null, "EDIT_DATE": 1741993809000, "EDIT_STATUS": 0, "EDIT_WHO": "TSTE490", "EASEMENT_TYPE_CD": null, "EASEMENT_TYPE_NM": null, "PARCEL_ACQUIRE_AUTH_NO": "08-090298", "PARCEL_DISPOSAL_AUTH_NO": null, "SHAPE.AREA": 13747281.7529505, "SHAPE.LEN": 16251.2735465101, "GLOBALID": "{94FEDB16-C54A-45AF-ADED-6697E74FFC44}"}}, {"type": "Feature", "id": 3335063, "geometry": {"type": "Polygon", "coordinates": [[[-120.88309, 47.28884], [-120.89298, 47.2889], [-120.89301, 47.27447], [-120.88845, 47.27446], [-120.88314, 47.27446], [-120.88309, 47.28884]]]}, "properties": {"OBJECTID": 3335063, "PARCEL_SYST_ID": 5070, "PARCEL_TYPE_CD": 1, "PARCEL_LABEL_NM": "Teanaway Com Forest", "PARCEL_NM": null, "REVERSION_RIGHTS_FLG": "N", "OWN_RIGHT_DISPUTE_FLG": "N", "SURFACE_RIGHTS_FLG": "Y", "MINERAL_RIGHTS_FLG": "Y", "TIMBER_RIGHTS_FLG": "Y", "SURFACE_TRUST_CD": 48, "SURFACE_TRUST_NM": "Community Forest Trust", "MINERAL_TRUST_CD": 3, "MINERAL_TRUST_NM": "Common School and Indemnity", "TIMBER_TRUST_CD": 48, "TIMBER_TRUST_NM": "Community Forest Trust", "OWNER_AGENT_SYST_ID": 58706, "STEWARD_AGENT_SYST_ID": 63986, "MANAGER_AGENT_SYST_ID": 63986, "TIMBER_OWNER_NM": null, "TIMBER_EXP_DT": null, "ORIGINAL_PATENT_DT": null, "COUNTY_JURISDICT_DESG_CD": 19, "COUNTY_NM": "Kittitas", "COUNTY_PARCEL_NO": null, "REGION_JURISDICT_DESG_CD": 100, "REGION_NM": "Southeast Region", "HCP_JURISDICT_DESG_CD": null, "HCP_DESG_CD": 2, "HCP_DESG_DT": null, "HCP_WITHDRAWAL_DT": 854611200000, "PARCEL_DESC_TXT": "CLEAR LIST 10 INDEMNITY 5/12/1905", "EDIT_DATE": 1741993809000, "EDIT_STATUS": 1, "EDIT_WHO": "TSTE490", "EASEMENT_TYPE_CD": null, "EASEMENT_TYPE_NM": null, "PARCEL_ACQUIRE_AUTH_NO": "08-090298", "PARCEL_DISPOSAL_AUTH_NO": null, "SHAPE.AREA": 12887978.3586405, "SHAPE.LEN": 15415.2414275462, "GLOBALID": "{A67AC864-D0C4-4B10-8EAB-98F0562DFC96}"}}, {"type": "Feature", "id": 3335064, "geometry": {"type": "Polygon", "coordinates": [[[-120.85711, 47.25689], [-120.85707, 47.25993], [-120.86099, 47.25997], [-120.86193, 47.25998], [-120.86723, 47.26], [-120.86752, 47.26], [-120.87253, 47.26001], [-120.87785, 47.26002], [-120.87797, 47.26002], [-120.87801, 47.25757], [-120.87413, 47.25755], [-120.87084, 47.25753], [-120.86756, 47.2575], [-120.8676, 47.25492], [-120.86744, 47.25492], [-120.86745, 47.25416], [-120.86696, 47.25388], [-120.86208, 47.25384], [-120.85714, 47.25385], [-120.85711, 47.25689]]]}, "properties": {"OBJECTID": 3335064, "PARCEL_SYST_ID": 116197, "PARCEL_TYPE_CD": 1, "PARCEL_LABEL_NM": "Teanaway Com Forest", "PARCEL_NM": null, "REVERSION_RIGHTS_FLG": "N", "OWN_RIGHT_DISPUTE_FLG": "N", "SURFACE_RIGHTS_FLG": "Y", "MINERAL_RIGHTS_FLG": "N", "TIMBER_RIGHTS_FLG": "Y", "SURFACE_TRUST_CD": 48, "SURFACE_TRUST_NM": "Community Forest Trust", "MINERAL_TRUST_CD": 0, "MINERAL_TRUST_NM": "Trust Status Not Applicable Or Unknown", "TIMBER_TRUST_CD": 48, "TIMBER_TRUST_NM": "Community Forest Trust", "OWNER_AGENT_SYST_ID": 58706, "STEWARD_AGENT_SYST_ID": 63986, "MANAGER_AGENT_SYST_ID": 63986, "TIMBER_OWNER_NM": null, "TIMBER_EXP_DT": null, "ORIGINAL_PATENT_DT": null, "COUNTY_JURISDICT_DESG_CD": 19, "COUNTY_NM": "Kittitas", "COUNTY_PARCEL_NO": null, "REGION_JURISDICT_DESG_CD": 100, "REGION_NM": "Southeast Region", "HCP_JURISDICT_DESG_CD": null, "HCP_DESG_CD": 2, "HCP_DESG_DT": null, "HCP_WITHDRAWAL_DT": null, "PARCEL_DESC_TXT": null, "EDIT_DATE": 1741993809000, "EDIT_STATUS": 0, "EDIT_WHO": "TSTE490", "EASEMENT_TYPE_CD": null, "EASEMENT_TYPE_NM": null, "PARCEL_ACQUIRE_AUTH_NO": "08-090298", "PARCEL_DISPOSAL_AUTH_NO": null, "SHAPE.AREA": 8120252.051256, "SHAPE.LEN": 14752.413783543, "GLOBALID": "{C802B127-F344-4858-85BA-C58D68978F2D}"}}, {"type": "Feature", "id": 3335065, "geometry": {"type": "Polygon", "coordinates": [[[-120.86247, 47.24662], [-120.85725, 47.24669], [-120.85721, 47.2493], [-120.85759, 47.24951], [-120.85797, 47.24971], [-120.85836, 47.24992], [-120.85875, 47.25012], [-120.86219, 47.2518], [-120.86247, 47.24662]]]}, "properties": {"OBJECTID": 3335065, "PARCEL_SYST_ID": 116195, "PARCEL_TYPE_CD": 1, "PARCEL_LABEL_NM": "Teanaway Com Forest", "PARCEL_NM": null, "REVERSION_RIGHTS_FLG": "N", "OWN_RIGHT_DISPUTE_FLG": "N", "SURFACE_RIGHTS_FLG": "Y", "MINERAL_RIGHTS_FLG": "N", "TIMBER_RIGHTS_FLG": "Y", "SURFACE_TRUST_CD": 48, "SURFACE_TRUST_NM": "Community Forest Trust", "MINERAL_TRUST_CD": 0, "MINERAL_TRUST_NM": "Trust Status Not Applicable Or Unknown", "TIMBER_TRUST_CD": 48, "TIMBER_TRUST_NM": "Community Forest Trust", "OWNER_AGENT_SYST_ID": 58706, "STEWARD_AGENT_SYST_ID": 63986, "MANAGER_AGENT_SYST_ID": 63986, "TIMBER_OWNER_NM": null, "TIMBER_EXP_DT": null, "ORIGINAL_PATENT_DT": null, "COUNTY_JURISDICT_DESG_CD": 19, "COUNTY_NM": "Kittitas", "COUNTY_PARCEL_NO": null, "REGION_JURISDICT_DESG_CD": 100, "REGION_NM": "Southeast Region", "HCP_JURISDICT_DESG_CD": null, "HCP_DESG_CD": 2, "HCP_DESG_DT": null, "HCP_WITHDRAWAL_DT": null, "PARCEL_DESC_TXT": null, "EDIT_DATE": 1741993809000, "EDIT_STATUS": 0, "EDIT_WHO": "TSTE490", "EASEMENT_TYPE_CD": null, "EASEMENT_TYPE_NM": null, "PARCEL_ACQUIRE_AUTH_NO": "08-090298", "PARCEL_DISPOSAL_AUTH_NO": null, "SHAPE.AREA": 1829475.3532925, "SHAPE.LEN": 5679.103620906711, "GLOBALID": "{A2A74533-FA06-42E2-BB91-E7FE6348239E}"}}, {"type": "Feature", "id": 3335103, "geometry": {"type": "Polygon", "coordinates": [[[-120.86225, 47.25203], [-120.85861, 47.25025], [-120.85825, 47.25007], [-120.8579, 47.24988], [-120.85755, 47.2497], [-120.85721, 47.24951], [-120.8572, 47.25027], [-120.85714, 47.25385], [-120.86208, 47.25384], [-120.86225, 47.25203]]]}, "properties": {"OBJECTID": 3335103, "PARCEL_SYST_ID": 116303, "PARCEL_TYPE_CD": 1, "PARCEL_LABEL_NM": "Teanaway Com Forest", "PARCEL_NM": null, "REVERSION_RIGHTS_FLG": "N", "OWN_RIGHT_DISPUTE_FLG": "N", "SURFACE_RIGHTS_FLG": "Y", "MINERAL_RIGHTS_FLG": "N", "TIMBER_RIGHTS_FLG": "Y", "SURFACE_TRUST_CD": 48, "SURFACE_TRUST_NM": "Community Forest Trust", "MINERAL_TRUST_CD": 0, "MINERAL_TRUST_NM": "Trust Status Not Applicable Or Unknown", "TIMBER_TRUST_CD": 48, "TIMBER_TRUST_NM": "Community Forest Trust", "OWNER_AGENT_SYST_ID": 58706, "STEWARD_AGENT_SYST_ID": 63986, "MANAGER_AGENT_SYST_ID": 63986, "TIMBER_OWNER_NM": null, "TIMBER_EXP_DT": null, "ORIGINAL_PATENT_DT": null, "COUNTY_JURISDICT_DESG_CD": 19, "COUNTY_NM": "Kittitas", "COUNTY_PARCEL_NO": null, "REGION_JURISDICT_DESG_CD": 100, "REGION_NM": "Southeast Region", "HCP_JURISDICT_DESG_CD": null, "HCP_DESG_CD": 2, "HCP_DESG_DT": null, "HCP_WITHDRAWAL_DT": null, "PARCEL_DESC_TXT": null, "EDIT_DATE": 1741993809000, "EDIT_STATUS": 0, "EDIT_WHO": "TSTE490", "EASEMENT_TYPE_CD": null, "EASEMENT_TYPE_NM": null, "PARCEL_ACQUIRE_AUTH_NO": "08-090298", "PARCEL_DISPOSAL_AUTH_NO": null, "SHAPE.AREA": 1391872.7726065, "SHAPE.LEN": 5023.33957308179, "GLOBALID": "{5B3E9111-825D-4869-BBB3-EFDD4FCF159F}"}}, {"type": "Feature", "id": 3335104, "geometry": {"type": "Polygon", "coordinates": [[[-120.85128, 47.27441], [-120.8619, 47.27443], [-120.86192, 47.26718], [-120.86722, 47.2672], [-120.86723, 47.26], [-120.86193, 47.25998], [-120.86099, 47.25997], [-120.85707, 47.25993], [-120.85125, 47.25987], [-120.85128, 47.27441]]]}, "properties": {"OBJECTID": 3335104, "PARCEL_SYST_ID": 116200, "PARCEL_TYPE_CD": 1, "PARCEL_LABEL_NM": "Teanaway Com Forest", "PARCEL_NM": null, "REVERSION_RIGHTS_FLG": "N", "OWN_RIGHT_DISPUTE_FLG": "N", "SURFACE_RIGHTS_FLG": "Y", "MINERAL_RIGHTS_FLG": "Y", "TIMBER_RIGHTS_FLG": "Y", "SURFACE_TRUST_CD": 48, "SURFACE_TRUST_NM": "Community Forest Trust", "MINERAL_TRUST_CD": 48, "MINERAL_TRUST_NM": "Community Forest Trust", "TIMBER_TRUST_CD": 48, "TIMBER_TRUST_NM": "Community Forest Trust", "OWNER_AGENT_SYST_ID": 58706, "STEWARD_AGENT_SYST_ID": 63986, "MANAGER_AGENT_SYST_ID": 63986, "TIMBER_OWNER_NM": null, "TIMBER_EXP_DT": null, "ORIGINAL_PATENT_DT": null, "COUNTY_JURISDICT_DESG_CD": 19, "COUNTY_NM": "Kittitas", "COUNTY_PARCEL_NO": null, "REGION_JURISDICT_DESG_CD": 100, "REGION_NM": "Southeast Region", "HCP_JURISDICT_DESG_CD": null, "HCP_DESG_CD": 2, "HCP_DESG_DT": null, "HCP_WITHDRAWAL_DT": null, "PARCEL_DESC_TXT": null, "EDIT_DATE": 1741993809000, "EDIT_STATUS": 0, "EDIT_WHO": "TSTE490", "EASEMENT_TYPE_CD": null, "EASEMENT_TYPE_NM": null, "PARCEL_ACQUIRE_AUTH_NO": "08-090298", "PARCEL_DISPOSAL_AUTH_NO": null, "SHAPE.AREA": 17443057.9969855, "SHAPE.LEN": 18497.8663804456, "GLOBALID": "{93B1982B-9751-4ECA-84A3-83EB60BBE731}"}}, {"type": "Feature", "id": 3335111, "geometry": {"type": "Polygon", "coordinates": [[[-120.86722, 47.2672], [-120.87253, 47.26722], [-120.87253, 47.26001], [-120.86752, 47.26], [-120.86723, 47.26], [-120.86722, 47.2672]]]}, "properties": {"OBJECTID": 3335111, "PARCEL_SYST_ID": 5073, "PARCEL_TYPE_CD": 1, "PARCEL_LABEL_NM": "Teanaway Com Forest", "PARCEL_NM": null, "REVERSION_RIGHTS_FLG": "N", "OWN_RIGHT_DISPUTE_FLG": "N", "SURFACE_RIGHTS_FLG": "Y", "MINERAL_RIGHTS_FLG": "Y", "TIMBER_RIGHTS_FLG": "Y", "SURFACE_TRUST_CD": 48, "SURFACE_TRUST_NM": "Community Forest Trust", "MINERAL_TRUST_CD": 3, "MINERAL_TRUST_NM": "Common School and Indemnity", "TIMBER_TRUST_CD": 48, "TIMBER_TRUST_NM": "Community Forest Trust", "OWNER_AGENT_SYST_ID": 58706, "STEWARD_AGENT_SYST_ID": 63986, "MANAGER_AGENT_SYST_ID": 63986, "TIMBER_OWNER_NM": null, "TIMBER_EXP_DT": null, "ORIGINAL_PATENT_DT": null, "COUNTY_JURISDICT_DESG_CD": 19, "COUNTY_NM": "Kittitas", "COUNTY_PARCEL_NO": null, "REGION_JURISDICT_DESG_CD": 100, "REGION_NM": "Southeast Region", "HCP_JURISDICT_DESG_CD": null, "HCP_DESG_CD": 2, "HCP_DESG_DT": null, "HCP_WITHDRAWAL_DT": 854611200000, "PARCEL_DESC_TXT": "CLEAR LIST 10 INDEMNITY 5/12/1905", "EDIT_DATE": 1741993809000, "EDIT_STATUS": 1, "EDIT_WHO": "TSTE490", "EASEMENT_TYPE_CD": null, "EASEMENT_TYPE_NM": null, "PARCEL_ACQUIRE_AUTH_NO": "08-090298", "PARCEL_DISPOSAL_AUTH_NO": null, "SHAPE.AREA": 3460154.105474, "SHAPE.LEN": 7890.257517763931, "GLOBALID": "{A7F9F519-35FE-404B-B672-B98243431803}"}}, {"type": "Feature", "id": 3335112, "geometry": {"type": "Polygon", "coordinates": [[[-120.87801, 47.25757], [-120.87797, 47.26002], [-120.88317, 47.26003], [-120.88848, 47.26003], [-120.89296, 47.26004], [-120.89962, 47.26006], [-120.89933, 47.24708], [-120.87814, 47.2464], [-120.87811, 47.24825], [-120.87807, 47.2501], [-120.87807, 47.25018], [-120.87813, 47.25326], [-120.88879, 47.25344], [-120.8888, 47.25398], [-120.8888, 47.25494], [-120.88517, 47.25392], [-120.87976, 47.25383], [-120.87812, 47.25406], [-120.8781, 47.25459], [-120.8781, 47.25468], [-120.87801, 47.25757]]]}, "properties": {"OBJECTID": 3335112, "PARCEL_SYST_ID": 116171, "PARCEL_TYPE_CD": 1, "PARCEL_LABEL_NM": "Teanaway Com Forest", "PARCEL_NM": null, "REVERSION_RIGHTS_FLG": "N", "OWN_RIGHT_DISPUTE_FLG": "N", "SURFACE_RIGHTS_FLG": "Y", "MINERAL_RIGHTS_FLG": "Y", "TIMBER_RIGHTS_FLG": "Y", "SURFACE_TRUST_CD": 48, "SURFACE_TRUST_NM": "Community Forest Trust", "MINERAL_TRUST_CD": 48, "MINERAL_TRUST_NM": "Community Forest Trust", "TIMBER_TRUST_CD": 48, "TIMBER_TRUST_NM": "Community Forest Trust", "OWNER_AGENT_SYST_ID": 58706, "STEWARD_AGENT_SYST_ID": 63986, "MANAGER_AGENT_SYST_ID": 63986, "TIMBER_OWNER_NM": null, "TIMBER_EXP_DT": null, "ORIGINAL_PATENT_DT": null, "COUNTY_JURISDICT_DESG_CD": 19, "COUNTY_NM": "Kittitas", "COUNTY_PARCEL_NO": null, "REGION_JURISDICT_DESG_CD": 100, "REGION_NM": "Southeast Region", "HCP_JURISDICT_DESG_CD": null, "HCP_DESG_CD": 2, "HCP_DESG_DT": null, "HCP_WITHDRAWAL_DT": null, "PARCEL_DESC_TXT": null, "EDIT_DATE": 1741993809000, "EDIT_STATUS": 0, "EDIT_WHO": "TSTE490", "EASEMENT_TYPE_CD": null, "EASEMENT_TYPE_NM": null, "PARCEL_ACQUIRE_AUTH_NO": "08-090298", "PARCEL_DISPOSAL_AUTH_NO": null, "SHAPE.AREA": 25071833.0502235, "SHAPE.LEN": 25991.480715849, "GLOBALID": "{A1F3C628-8819-4004-9707-A2D99EE52122}"}}, {"type": "Feature", "id": 3335113, "geometry": {"type": "Polygon", "coordinates": [[[-120.89301, 47.27447], [-120.9035, 47.27452], [-120.90351, 47.27428], [-120.90352, 47.2732], [-120.90356, 47.27043], [-120.90357, 47.26987], [-120.90337, 47.26977], [-120.9024, 47.26925], [-120.902, 47.26902], [-120.90012, 47.26781], [-120.89968, 47.26729], [-120.89821, 47.26728], [-120.89298, 47.26725], [-120.89301, 47.27447]]]}, "properties": {"OBJECTID": 3335113, "PARCEL_SYST_ID": 116250, "PARCEL_TYPE_CD": 1, "PARCEL_LABEL_NM": "Teanaway Com Forest", "PARCEL_NM": null, "REVERSION_RIGHTS_FLG": "N", "OWN_RIGHT_DISPUTE_FLG": "N", "SURFACE_RIGHTS_FLG": "Y", "MINERAL_RIGHTS_FLG": "Y", "TIMBER_RIGHTS_FLG": "Y", "SURFACE_TRUST_CD": 48, "SURFACE_TRUST_NM": "Community Forest Trust", "MINERAL_TRUST_CD": 48, "MINERAL_TRUST_NM": "Community Forest Trust", "TIMBER_TRUST_CD": 48, "TIMBER_TRUST_NM": "Community Forest Trust", "OWNER_AGENT_SYST_ID": 58706, "STEWARD_AGENT_SYST_ID": 63986, "MANAGER_AGENT_SYST_ID": 63986, "TIMBER_OWNER_NM": null, "TIMBER_EXP_DT": null, "ORIGINAL_PATENT_DT": null, "COUNTY_JURISDICT_DESG_CD": 19, "COUNTY_NM": "Kittitas", "COUNTY_PARCEL_NO": null, "REGION_JURISDICT_DESG_CD": 100, "REGION_NM": "Southeast Region", "HCP_JURISDICT_DESG_CD": null, "HCP_DESG_CD": 2, "HCP_DESG_DT": null, "HCP_WITHDRAWAL_DT": null, "PARCEL_DESC_TXT": null, "EDIT_DATE": 1741993809000, "EDIT_STATUS": 0, "EDIT_WHO": "TSTE490", "EASEMENT_TYPE_CD": null, "EASEMENT_TYPE_NM": null, "PARCEL_ACQUIRE_AUTH_NO": "08-090298", "PARCEL_DISPOSAL_AUTH_NO": null, "SHAPE.AREA": 6384195.199619, "SHAPE.LEN": 9954.061483805399, "GLOBALID": "{16713742-51AA-46FB-AC38-B90702360619}"}}, {"type": "Feature", "id": 3335136, "geometry": {"type": "Polygon", "coordinates": [[[-120.9422, 47.24675], [-120.95282, 47.24696], [-120.96345, 47.24716], [-120.96337, 47.23989], [-120.96322, 47.2328], [-120.95255, 47.23274], [-120.94743, 47.23275], [-120.94747, 47.23979], [-120.95269, 47.23982], [-120.95276, 47.24339], [-120.94223, 47.24325], [-120.9422, 47.24675]]]}, "properties": {"OBJECTID": 3335136, "PARCEL_SYST_ID": 116274, "PARCEL_TYPE_CD": 1, "PARCEL_LABEL_NM": "Teanaway Com Forest", "PARCEL_NM": null, "REVERSION_RIGHTS_FLG": "N", "OWN_RIGHT_DISPUTE_FLG": "N", "SURFACE_RIGHTS_FLG": "Y", "MINERAL_RIGHTS_FLG": "Y", "TIMBER_RIGHTS_FLG": "Y", "SURFACE_TRUST_CD": 48, "SURFACE_TRUST_NM": "Community Forest Trust", "MINERAL_TRUST_CD": 48, "MINERAL_TRUST_NM": "Community Forest Trust", "TIMBER_TRUST_CD": 48, "TIMBER_TRUST_NM": "Community Forest Trust", "OWNER_AGENT_SYST_ID": 58706, "STEWARD_AGENT_SYST_ID": 63986, "MANAGER_AGENT_SYST_ID": 63986, "TIMBER_OWNER_NM": null, "TIMBER_EXP_DT": null, "ORIGINAL_PATENT_DT": null, "COUNTY_JURISDICT_DESG_CD": 19, "COUNTY_NM": "Kittitas", "COUNTY_PARCEL_NO": null, "REGION_JURISDICT_DESG_CD": 100, "REGION_NM": "Southeast Region", "HCP_JURISDICT_DESG_CD": null, "HCP_DESG_CD": 2, "HCP_DESG_DT": null, "HCP_WITHDRAWAL_DT": null, "PARCEL_DESC_TXT": null, "EDIT_DATE": 1395847238000, "EDIT_STATUS": 0, "EDIT_WHO": "JDUG490", "EASEMENT_TYPE_CD": null, "EASEMENT_TYPE_NM": null, "PARCEL_ACQUIRE_AUTH_NO": "08-090298", "PARCEL_DISPOSAL_AUTH_NO": null, "SHAPE.AREA": 20497018.108801, "SHAPE.LEN": 23497.2821924225, "GLOBALID": "{12CECD4B-4765-4B03-B412-FECD2024EFFF}"}}, {"type": "Feature", "id": 3335180, "geometry": {"type": "Polygon", "coordinates": [[[-120.89297, 47.32507], [-120.89288, 47.33236], [-120.90357, 47.33229], [-120.90362, 47.32503], [-120.89297, 47.32507]]]}, "properties": {"OBJECTID": 3335180, "PARCEL_SYST_ID": 116268, "PARCEL_TYPE_CD": 1, "PARCEL_LABEL_NM": "Teanaway Com Forest", "PARCEL_NM": null, "REVERSION_RIGHTS_FLG": "N", "OWN_RIGHT_DISPUTE_FLG": "N", "SURFACE_RIGHTS_FLG": "Y", "MINERAL_RIGHTS_FLG": "Y", "TIMBER_RIGHTS_FLG": "Y", "SURFACE_TRUST_CD": 48, "SURFACE_TRUST_NM": "Community Forest Trust", "MINERAL_TRUST_CD": 48, "MINERAL_TRUST_NM": "Community Forest Trust", "TIMBER_TRUST_CD": 48, "TIMBER_TRUST_NM": "Community Forest Trust", "OWNER_AGENT_SYST_ID": 58706, "STEWARD_AGENT_SYST_ID": 63986, "MANAGER_AGENT_SYST_ID": 63986, "TIMBER_OWNER_NM": null, "TIMBER_EXP_DT": null, "ORIGINAL_PATENT_DT": null, "COUNTY_JURISDICT_DESG_CD": 19, "COUNTY_NM": "Kittitas", "COUNTY_PARCEL_NO": null, "REGION_JURISDICT_DESG_CD": 100, "REGION_NM": "Southeast Region", "HCP_JURISDICT_DESG_CD": null, "HCP_DESG_CD": 2, "HCP_DESG_DT": null, "HCP_WITHDRAWAL_DT": null, "PARCEL_DESC_TXT": "EDIT CORRECTION", "EDIT_DATE": 1395847238000, "EDIT_STATUS": 0, "EDIT_WHO": "JDUG490", "EASEMENT_TYPE_CD": null, "EASEMENT_TYPE_NM": null, "PARCEL_ACQUIRE_AUTH_NO": "08-090298", "PARCEL_DISPOSAL_AUTH_NO": null, "SHAPE.AREA": 7021353.933311, "SHAPE.LEN": 10599.682879129101, "GLOBALID": "{AAEB9AE6-70F5-4E2A-AFC1-B3B1AA86C909}"}}, {"type": "Feature", "id": 3335181, "geometry": {"type": "Polygon", "coordinates": [[[-120.91423, 47.30332], [-120.893, 47.30335], [-120.89301, 47.31058], [-120.89304, 47.31418], [-120.89306, 47.31778], [-120.90366, 47.31776], [-120.91427, 47.31775], [-120.91425, 47.31053], [-120.91423, 47.30332]]]}, "properties": {"OBJECTID": 3335181, "PARCEL_SYST_ID": 116234, "PARCEL_TYPE_CD": 1, "PARCEL_LABEL_NM": "Teanaway Com Forest", "PARCEL_NM": null, "REVERSION_RIGHTS_FLG": "N", "OWN_RIGHT_DISPUTE_FLG": "N", "SURFACE_RIGHTS_FLG": "Y", "MINERAL_RIGHTS_FLG": "N", "TIMBER_RIGHTS_FLG": "Y", "SURFACE_TRUST_CD": 48, "SURFACE_TRUST_NM": "Community Forest Trust", "MINERAL_TRUST_CD": 0, "MINERAL_TRUST_NM": "Trust Status Not Applicable Or Unknown", "TIMBER_TRUST_CD": 48, "TIMBER_TRUST_NM": "Community Forest Trust", "OWNER_AGENT_SYST_ID": 58706, "STEWARD_AGENT_SYST_ID": 63986, "MANAGER_AGENT_SYST_ID": 63986, "TIMBER_OWNER_NM": null, "TIMBER_EXP_DT": null, "ORIGINAL_PATENT_DT": null, "COUNTY_JURISDICT_DESG_CD": 19, "COUNTY_NM": "Kittitas", "COUNTY_PARCEL_NO": null, "REGION_JURISDICT_DESG_CD": 100, "REGION_NM": "Southeast Region", "HCP_JURISDICT_DESG_CD": null, "HCP_DESG_CD": 2, "HCP_DESG_DT": null, "HCP_WITHDRAWAL_DT": null, "PARCEL_DESC_TXT": null, "EDIT_DATE": 1395847238000, "EDIT_STATUS": 0, "EDIT_WHO": "JDUG490", "EASEMENT_TYPE_CD": null, "EASEMENT_TYPE_NM": null, "PARCEL_ACQUIRE_AUTH_NO": "08-090298", "PARCEL_DISPOSAL_AUTH_NO": null, "SHAPE.AREA": 27710064.1690585, "SHAPE.LEN": 21052.8848528111, "GLOBALID": "{7657C7A6-84C0-404A-AF96-CEDE71236ED2}"}}, {"type": "Feature", "id": 3335182, "geometry": {"type": "Polygon", "coordinates": [[[-120.91427, 47.31775], [-120.92474, 47.31781], [-120.92474, 47.31058], [-120.91425, 47.31053], [-120.91427, 47.31775]]]}, "properties": {"OBJECTID": 3335182, "PARCEL_SYST_ID": 116270, "PARCEL_TYPE_CD": 1, "PARCEL_LABEL_NM": "Teanaway Com Forest", "PARCEL_NM": null, "REVERSION_RIGHTS_FLG": "N", "OWN_RIGHT_DISPUTE_FLG": "N", "SURFACE_RIGHTS_FLG": "Y", "MINERAL_RIGHTS_FLG": "Y", "TIMBER_RIGHTS_FLG": "Y", "SURFACE_TRUST_CD": 48, "SURFACE_TRUST_NM": "Community Forest Trust", "MINERAL_TRUST_CD": 48, "MINERAL_TRUST_NM": "Community Forest Trust", "TIMBER_TRUST_CD": 48, "TIMBER_TRUST_NM": "Community Forest Trust", "OWNER_AGENT_SYST_ID": 58706, "STEWARD_AGENT_SYST_ID": 63986, "MANAGER_AGENT_SYST_ID": 63986, "TIMBER_OWNER_NM": null, "TIMBER_EXP_DT": null, "ORIGINAL_PATENT_DT": null, "COUNTY_JURISDICT_DESG_CD": 19, "COUNTY_NM": "Kittitas", "COUNTY_PARCEL_NO": null, "REGION_JURISDICT_DESG_CD": 100, "REGION_NM": "Southeast Region", "HCP_JURISDICT_DESG_CD": null, "HCP_DESG_CD": 2, "HCP_DESG_DT": null, "HCP_WITHDRAWAL_DT": null, "PARCEL_DESC_TXT": "EDIT CORRECTION", "EDIT_DATE": 1395847238000, "EDIT_STATUS": 0, "EDIT_WHO": "JDUG490", "EASEMENT_TYPE_CD": null, "EASEMENT_TYPE_NM": null, "PARCEL_ACQUIRE_AUTH_NO": "08-090298", "PARCEL_DISPOSAL_AUTH_NO": null, "SHAPE.AREA": 6849137.348571, "SHAPE.LEN": 10468.7298919766, "GLOBALID": "{858B7ABC-8AD6-480A-A155-D13F0822C790}"}}, {"type": "Feature", "id": 3335201, "geometry": {"type": "Polygon", "coordinates": [[[-120.77334, 47.229], [-120.77338, 47.23236], [-120.78344, 47.23224], [-120.78348, 47.22546], [-120.7835, 47.22187], [-120.77325, 47.22188], [-120.77334, 47.229]]]}, "properties": {"OBJECTID": 3335201, "PARCEL_SYST_ID": 116185, "PARCEL_TYPE_CD": 1, "PARCEL_LABEL_NM": "Teanaway Com Forest", "PARCEL_NM": null, "REVERSION_RIGHTS_FLG": "N", "OWN_RIGHT_DISPUTE_FLG": "N", "SURFACE_RIGHTS_FLG": "Y", "MINERAL_RIGHTS_FLG": "N", "TIMBER_RIGHTS_FLG": "Y", "SURFACE_TRUST_CD": 48, "SURFACE_TRUST_NM": "Community Forest Trust", "MINERAL_TRUST_CD": 0, "MINERAL_TRUST_NM": "Trust Status Not Applicable Or Unknown", "TIMBER_TRUST_CD": 48, "TIMBER_TRUST_NM": "Community Forest Trust", "OWNER_AGENT_SYST_ID": 58706, "STEWARD_AGENT_SYST_ID": 63986, "MANAGER_AGENT_SYST_ID": 63986, "TIMBER_OWNER_NM": null, "TIMBER_EXP_DT": null, "ORIGINAL_PATENT_DT": null, "COUNTY_JURISDICT_DESG_CD": 19, "COUNTY_NM": "Kittitas", "COUNTY_PARCEL_NO": null, "REGION_JURISDICT_DESG_CD": 100, "REGION_NM": "Southeast Region", "HCP_JURISDICT_DESG_CD": null, "HCP_DESG_CD": 2, "HCP_DESG_DT": null, "HCP_WITHDRAWAL_DT": null, "PARCEL_DESC_TXT": null, "EDIT_DATE": 1426106752000, "EDIT_STATUS": 0, "EDIT_WHO": "JDUG490", "EASEMENT_TYPE_CD": null, "EASEMENT_TYPE_NM": null, "PARCEL_ACQUIRE_AUTH_NO": "08-090298", "PARCEL_DISPOSAL_AUTH_NO": null, "SHAPE.AREA": 9597981.87798, "SHAPE.LEN": 12653.6626925188, "GLOBALID": "{E0254EE3-C1B2-4309-822E-FE5A2D51DA1F}"}}, {"type": "Feature", "id": 3335207, "geometry": {"type": "Polygon", "coordinates": [[[-120.8512, 47.31767], [-120.85129, 47.33207], [-120.87276, 47.33206], [-120.87254, 47.31767], [-120.85654, 47.31767], [-120.8512, 47.31767]]]}, "properties": {"OBJECTID": 3335207, "PARCEL_SYST_ID": 116222, "PARCEL_TYPE_CD": 1, "PARCEL_LABEL_NM": "Teanaway Com Forest", "PARCEL_NM": null, "REVERSION_RIGHTS_FLG": "N", "OWN_RIGHT_DISPUTE_FLG": "N", "SURFACE_RIGHTS_FLG": "Y", "MINERAL_RIGHTS_FLG": "Y", "TIMBER_RIGHTS_FLG": "Y", "SURFACE_TRUST_CD": 48, "SURFACE_TRUST_NM": "Community Forest Trust", "MINERAL_TRUST_CD": 48, "MINERAL_TRUST_NM": "Community Forest Trust", "TIMBER_TRUST_CD": 48, "TIMBER_TRUST_NM": "Community Forest Trust", "OWNER_AGENT_SYST_ID": 58706, "STEWARD_AGENT_SYST_ID": 63986, "MANAGER_AGENT_SYST_ID": 63986, "TIMBER_OWNER_NM": null, "TIMBER_EXP_DT": null, "ORIGINAL_PATENT_DT": null, "COUNTY_JURISDICT_DESG_CD": 19, "COUNTY_NM": "Kittitas", "COUNTY_PARCEL_NO": null, "REGION_JURISDICT_DESG_CD": 100, "REGION_NM": "Southeast Region", "HCP_JURISDICT_DESG_CD": null, "HCP_DESG_CD": 2, "HCP_DESG_DT": null, "HCP_WITHDRAWAL_DT": null, "PARCEL_DESC_TXT": null, "EDIT_DATE": 1395847238000, "EDIT_STATUS": 0, "EDIT_WHO": "JDUG490", "EASEMENT_TYPE_CD": null, "EASEMENT_TYPE_NM": null, "PARCEL_ACQUIRE_AUTH_NO": "08-090298", "PARCEL_DISPOSAL_AUTH_NO": null, "SHAPE.AREA": 27873319.6341655, "SHAPE.LEN": 21118.725011609302, "GLOBALID": "{169CEF57-8686-467E-9345-48509D299C24}"}}, {"type": "Feature", "id": 3335227, "geometry": {"type": "Polygon", "coordinates": [[[-120.69845, 47.20571], [-120.69885, 47.20532], [-120.69925, 47.20462], [-120.69932, 47.20417], [-120.69845, 47.20417], [-120.69845, 47.20571]]]}, "properties": {"OBJECTID": 3335227, "PARCEL_SYST_ID": 116305, "PARCEL_TYPE_CD": 1, "PARCEL_LABEL_NM": "Teanaway Com Forest", "PARCEL_NM": null, "REVERSION_RIGHTS_FLG": "N", "OWN_RIGHT_DISPUTE_FLG": "N", "SURFACE_RIGHTS_FLG": "Y", "MINERAL_RIGHTS_FLG": "Y", "TIMBER_RIGHTS_FLG": "Y", "SURFACE_TRUST_CD": 48, "SURFACE_TRUST_NM": "Community Forest Trust", "MINERAL_TRUST_CD": 48, "MINERAL_TRUST_NM": "Community Forest Trust", "TIMBER_TRUST_CD": 48, "TIMBER_TRUST_NM": "Community Forest Trust", "OWNER_AGENT_SYST_ID": 58706, "STEWARD_AGENT_SYST_ID": 63986, "MANAGER_AGENT_SYST_ID": 63986, "TIMBER_OWNER_NM": null, "TIMBER_EXP_DT": null, "ORIGINAL_PATENT_DT": null, "COUNTY_JURISDICT_DESG_CD": 19, "COUNTY_NM": "Kittitas", "COUNTY_PARCEL_NO": null, "REGION_JURISDICT_DESG_CD": 100, "REGION_NM": "Southeast Region", "HCP_JURISDICT_DESG_CD": null, "HCP_DESG_CD": 2, "HCP_DESG_DT": null, "HCP_WITHDRAWAL_DT": null, "PARCEL_DESC_TXT": null, "EDIT_DATE": 1689204213000, "EDIT_STATUS": 0, "EDIT_WHO": "TSTE490", "EASEMENT_TYPE_CD": null, "EASEMENT_TYPE_NM": null, "PARCEL_ACQUIRE_AUTH_NO": "08-090298", "PARCEL_DISPOSAL_AUTH_NO": null, "SHAPE.AREA": 79629.0138135, "SHAPE.LEN": 1391.3538552925202, "GLOBALID": "{AC541D86-389F-4BC5-8C18-B2CD55258894}"}}, {"type": "Feature", "id": 3335228, "geometry": {"type": "Polygon", "coordinates": [[[-120.68818, 47.20403], [-120.69845, 47.20417], [-120.69932, 47.20417], [-120.69932, 47.20412], [-120.69943, 47.2039], [-120.69845, 47.20394], [-120.69858, 47.18965], [-120.68809, 47.18962], [-120.68785, 47.19687], [-120.68816, 47.20043], [-120.68818, 47.20403]]]}, "properties": {"OBJECTID": 3335228, "PARCEL_SYST_ID": 116178, "PARCEL_TYPE_CD": 1, "PARCEL_LABEL_NM": "Teanaway Com Forest", "PARCEL_NM": null, "REVERSION_RIGHTS_FLG": "N", "OWN_RIGHT_DISPUTE_FLG": "N", "SURFACE_RIGHTS_FLG": "Y", "MINERAL_RIGHTS_FLG": "N", "TIMBER_RIGHTS_FLG": "Y", "SURFACE_TRUST_CD": 48, "SURFACE_TRUST_NM": "Community Forest Trust", "MINERAL_TRUST_CD": 0, "MINERAL_TRUST_NM": "Trust Status Not Applicable Or Unknown", "TIMBER_TRUST_CD": 48, "TIMBER_TRUST_NM": "Community Forest Trust", "OWNER_AGENT_SYST_ID": 58706, "STEWARD_AGENT_SYST_ID": 63986, "MANAGER_AGENT_SYST_ID": 63986, "TIMBER_OWNER_NM": null, "TIMBER_EXP_DT": null, "ORIGINAL_PATENT_DT": null, "COUNTY_JURISDICT_DESG_CD": 19, "COUNTY_NM": "Kittitas", "COUNTY_PARCEL_NO": null, "REGION_JURISDICT_DESG_CD": 100, "REGION_NM": "Southeast Region", "HCP_JURISDICT_DESG_CD": null, "HCP_DESG_CD": 2, "HCP_DESG_DT": null, "HCP_WITHDRAWAL_DT": null, "PARCEL_DESC_TXT": null, "EDIT_DATE": 1689204213000, "EDIT_STATUS": 0, "EDIT_WHO": "TSTE490", "EASEMENT_TYPE_CD": null, "EASEMENT_TYPE_NM": null, "PARCEL_ACQUIRE_AUTH_NO": "08-090298", "PARCEL_DISPOSAL_AUTH_NO": null, "SHAPE.AREA": 13777697.67088, "SHAPE.LEN": 16194.6798961166, "GLOBALID": "{91D8A96F-31F3-4946-A08B-F279C46CF176}"}}, {"type": "Feature", "id": 3335231, "geometry": {"type": "Polygon", "coordinates": [[[-120.92474, 47.31781], [-120.93521, 47.31786], [-120.93524, 47.31063], [-120.92474, 47.31058], [-120.92474, 47.31781]]]}, "properties": {"OBJECTID": 3335231, "PARCEL_SYST_ID": 116265, "PARCEL_TYPE_CD": 1, "PARCEL_LABEL_NM": "Teanaway Com Forest", "PARCEL_NM": null, "REVERSION_RIGHTS_FLG": "N", "OWN_RIGHT_DISPUTE_FLG": "N", "SURFACE_RIGHTS_FLG": "Y", "MINERAL_RIGHTS_FLG": "N", "TIMBER_RIGHTS_FLG": "Y", "SURFACE_TRUST_CD": 48, "SURFACE_TRUST_NM": "Community Forest Trust", "MINERAL_TRUST_CD": 0, "MINERAL_TRUST_NM": "Trust Status Not Applicable Or Unknown", "TIMBER_TRUST_CD": 48, "TIMBER_TRUST_NM": "Community Forest Trust", "OWNER_AGENT_SYST_ID": 58706, "STEWARD_AGENT_SYST_ID": 63986, "MANAGER_AGENT_SYST_ID": 63986, "TIMBER_OWNER_NM": null, "TIMBER_EXP_DT": null, "ORIGINAL_PATENT_DT": null, "COUNTY_JURISDICT_DESG_CD": 19, "COUNTY_NM": "Kittitas", "COUNTY_PARCEL_NO": null, "REGION_JURISDICT_DESG_CD": 100, "REGION_NM": "Southeast Region", "HCP_JURISDICT_DESG_CD": null, "HCP_DESG_CD": 2, "HCP_DESG_DT": null, "HCP_WITHDRAWAL_DT": null, "PARCEL_DESC_TXT": "EDIT CORRECTION", "EDIT_DATE": 1395847238000, "EDIT_STATUS": 0, "EDIT_WHO": "JDUG490", "EASEMENT_TYPE_CD": null, "EASEMENT_TYPE_NM": null, "PARCEL_ACQUIRE_AUTH_NO": "08-090298", "PARCEL_DISPOSAL_AUTH_NO": null, "SHAPE.AREA": 6858271.890619, "SHAPE.LEN": 10475.6701305527, "GLOBALID": "{EF6ABAC9-9835-4173-9232-7CBF9C570D56}"}}, {"type": "Feature", "id": 3335232, "geometry": {"type": "Polygon", "coordinates": [[[-120.91426, 47.33222], [-120.9353, 47.33221], [-120.93521, 47.31786], [-120.92474, 47.31781], [-120.91427, 47.31775], [-120.91426, 47.32498], [-120.91426, 47.33222]]]}, "properties": {"OBJECTID": 3335232, "PARCEL_SYST_ID": 116238, "PARCEL_TYPE_CD": 1, "PARCEL_LABEL_NM": "Teanaway Com Forest", "PARCEL_NM": null, "REVERSION_RIGHTS_FLG": "N", "OWN_RIGHT_DISPUTE_FLG": "N", "SURFACE_RIGHTS_FLG": "Y", "MINERAL_RIGHTS_FLG": "Y", "TIMBER_RIGHTS_FLG": "Y", "SURFACE_TRUST_CD": 48, "SURFACE_TRUST_NM": "Community Forest Trust", "MINERAL_TRUST_CD": 48, "MINERAL_TRUST_NM": "Community Forest Trust", "TIMBER_TRUST_CD": 48, "TIMBER_TRUST_NM": "Community Forest Trust", "OWNER_AGENT_SYST_ID": 58706, "STEWARD_AGENT_SYST_ID": 63986, "MANAGER_AGENT_SYST_ID": 63986, "TIMBER_OWNER_NM": null, "TIMBER_EXP_DT": null, "ORIGINAL_PATENT_DT": null, "COUNTY_JURISDICT_DESG_CD": 19, "COUNTY_NM": "Kittitas", "COUNTY_PARCEL_NO": null, "REGION_JURISDICT_DESG_CD": 100, "REGION_NM": "Southeast Region", "HCP_JURISDICT_DESG_CD": null, "HCP_DESG_CD": 2, "HCP_DESG_DT": null, "HCP_WITHDRAWAL_DT": null, "PARCEL_DESC_TXT": null, "EDIT_DATE": 1395847238000, "EDIT_STATUS": 0, "EDIT_WHO": "JDUG490", "EASEMENT_TYPE_CD": null, "EASEMENT_TYPE_NM": null, "PARCEL_ACQUIRE_AUTH_NO": "08-090298", "PARCEL_DISPOSAL_AUTH_NO": null, "SHAPE.AREA": 27363944.6552, "SHAPE.LEN": 20924.727960361302, "GLOBALID": "{B085DF97-B632-4BBB-9158-AD0133E3CA6C}"}}, {"type": "Feature", "id": 3335252, "geometry": {"type": "Polygon", "coordinates": [[[-120.91411, 47.22547], [-120.90676, 47.22551], [-120.89963, 47.22555], [-120.89963, 47.23273], [-120.91024, 47.23274], [-120.92085, 47.23275], [-120.92129, 47.22543], [-120.91411, 47.22547]]]}, "properties": {"OBJECTID": 3335252, "PARCEL_SYST_ID": 116165, "PARCEL_TYPE_CD": 1, "PARCEL_LABEL_NM": "Teanaway Com Forest", "PARCEL_NM": null, "REVERSION_RIGHTS_FLG": "N", "OWN_RIGHT_DISPUTE_FLG": "N", "SURFACE_RIGHTS_FLG": "Y", "MINERAL_RIGHTS_FLG": "N", "TIMBER_RIGHTS_FLG": "Y", "SURFACE_TRUST_CD": 48, "SURFACE_TRUST_NM": "Community Forest Trust", "MINERAL_TRUST_CD": 0, "MINERAL_TRUST_NM": "Trust Status Not Applicable Or Unknown", "TIMBER_TRUST_CD": 48, "TIMBER_TRUST_NM": "Community Forest Trust", "OWNER_AGENT_SYST_ID": 58706, "STEWARD_AGENT_SYST_ID": 63986, "MANAGER_AGENT_SYST_ID": 63986, "TIMBER_OWNER_NM": null, "TIMBER_EXP_DT": null, "ORIGINAL_PATENT_DT": null, "COUNTY_JURISDICT_DESG_CD": 19, "COUNTY_NM": "Kittitas", "COUNTY_PARCEL_NO": null, "REGION_JURISDICT_DESG_CD": 100, "REGION_NM": "Southeast Region", "HCP_JURISDICT_DESG_CD": null, "HCP_DESG_CD": 2, "HCP_DESG_DT": null, "HCP_WITHDRAWAL_DT": null, "PARCEL_DESC_TXT": null, "EDIT_DATE": 1395847238000, "EDIT_STATUS": 0, "EDIT_WHO": "JDUG490", "EASEMENT_TYPE_CD": null, "EASEMENT_TYPE_NM": null, "PARCEL_ACQUIRE_AUTH_NO": "08-090298", "PARCEL_DISPOSAL_AUTH_NO": null, "SHAPE.AREA": 14095891.9125235, "SHAPE.LEN": 15948.791579768002, "GLOBALID": "{159DB765-CC78-43EB-81CE-919A468D91F0}"}}, {"type": "Feature", "id": 3335257, "geometry": {"type": "Polygon", "coordinates": [[[-120.87835, 47.21855], [-120.87835, 47.21859], [-120.87834, 47.23121], [-120.89963, 47.23273], [-120.89963, 47.22555], [-120.89963, 47.21833], [-120.89591, 47.2183], [-120.88889, 47.21823], [-120.87835, 47.21814], [-120.87835, 47.21855]]]}, "properties": {"OBJECTID": 3335257, "PARCEL_SYST_ID": 116194, "PARCEL_TYPE_CD": 1, "PARCEL_LABEL_NM": "Teanaway Com Forest", "PARCEL_NM": null, "REVERSION_RIGHTS_FLG": "N", "OWN_RIGHT_DISPUTE_FLG": "N", "SURFACE_RIGHTS_FLG": "Y", "MINERAL_RIGHTS_FLG": "N", "TIMBER_RIGHTS_FLG": "Y", "SURFACE_TRUST_CD": 48, "SURFACE_TRUST_NM": "Community Forest Trust", "MINERAL_TRUST_CD": 0, "MINERAL_TRUST_NM": "Trust Status Not Applicable Or Unknown", "TIMBER_TRUST_CD": 48, "TIMBER_TRUST_NM": "Community Forest Trust", "OWNER_AGENT_SYST_ID": 58706, "STEWARD_AGENT_SYST_ID": 63986, "MANAGER_AGENT_SYST_ID": 63986, "TIMBER_OWNER_NM": null, "TIMBER_EXP_DT": null, "ORIGINAL_PATENT_DT": null, "COUNTY_JURISDICT_DESG_CD": 19, "COUNTY_NM": "Kittitas", "COUNTY_PARCEL_NO": null, "REGION_JURISDICT_DESG_CD": 100, "REGION_NM": "Southeast Region", "HCP_JURISDICT_DESG_CD": null, "HCP_DESG_CD": 2, "HCP_DESG_DT": null, "HCP_WITHDRAWAL_DT": null, "PARCEL_DESC_TXT": null, "EDIT_DATE": 1395847238000, "EDIT_STATUS": 0, "EDIT_WHO": "JDUG490", "EASEMENT_TYPE_CD": null, "EASEMENT_TYPE_NM": null, "PARCEL_ACQUIRE_AUTH_NO": "08-090298", "PARCEL_DISPOSAL_AUTH_NO": null, "SHAPE.AREA": 26506468.9602445, "SHAPE.LEN": 20629.746923416802, "GLOBALID": "{43235FC1-DDDB-4AEF-A8FD-3297857C52E8}"}}, {"type": "Feature", "id": 3335273, "geometry": {"type": "Polygon", "coordinates": [[[-120.9783, 47.28919], [-120.98867, 47.28923], [-120.99903, 47.28927], [-120.99884, 47.27484], [-120.98789, 47.27488], [-120.9808, 47.27487], [-120.97961, 47.27487], [-120.97871, 47.27487], [-120.97802, 47.27487], [-120.97736, 47.27487], [-120.9783, 47.28919]]]}, "properties": {"OBJECTID": 3335273, "PARCEL_SYST_ID": 116245, "PARCEL_TYPE_CD": 1, "PARCEL_LABEL_NM": "Teanaway Com Forest", "PARCEL_NM": null, "REVERSION_RIGHTS_FLG": "N", "OWN_RIGHT_DISPUTE_FLG": "N", "SURFACE_RIGHTS_FLG": "Y", "MINERAL_RIGHTS_FLG": "N", "TIMBER_RIGHTS_FLG": "Y", "SURFACE_TRUST_CD": 48, "SURFACE_TRUST_NM": "Community Forest Trust", "MINERAL_TRUST_CD": 0, "MINERAL_TRUST_NM": "Trust Status Not Applicable Or Unknown", "TIMBER_TRUST_CD": 48, "TIMBER_TRUST_NM": "Community Forest Trust", "OWNER_AGENT_SYST_ID": 58706, "STEWARD_AGENT_SYST_ID": 63986, "MANAGER_AGENT_SYST_ID": 63986, "TIMBER_OWNER_NM": null, "TIMBER_EXP_DT": null, "ORIGINAL_PATENT_DT": null, "COUNTY_JURISDICT_DESG_CD": 19, "COUNTY_NM": "Kittitas", "COUNTY_PARCEL_NO": null, "REGION_JURISDICT_DESG_CD": 100, "REGION_NM": "Southeast Region", "HCP_JURISDICT_DESG_CD": null, "HCP_DESG_CD": 2, "HCP_DESG_DT": null, "HCP_WITHDRAWAL_DT": null, "PARCEL_DESC_TXT": null, "EDIT_DATE": 1395847238000, "EDIT_STATUS": 0, "EDIT_WHO": "JDUG490", "EASEMENT_TYPE_CD": null, "EASEMENT_TYPE_NM": null, "PARCEL_ACQUIRE_AUTH_NO": "08-090298", "PARCEL_DISPOSAL_AUTH_NO": null, "SHAPE.AREA": 27447230.6232925, "SHAPE.LEN": 20969.6798663289, "GLOBALID": "{CA1CE988-5900-4F51-BD0C-FA4AA84BD9F5}"}}, {"type": "Feature", "id": 3335274, "geometry": {"type": "Polygon", "coordinates": [[[-120.95632, 47.26762], [-120.95639, 47.27478], [-120.97736, 47.27487], [-120.97735, 47.27098], [-120.97735, 47.27041], [-120.97734, 47.26991], [-120.97734, 47.26768], [-120.9773, 47.26046], [-120.97403, 47.26049], [-120.96355, 47.26038], [-120.95625, 47.26046], [-120.95632, 47.26762]]]}, "properties": {"OBJECTID": 3335274, "PARCEL_SYST_ID": 116256, "PARCEL_TYPE_CD": 1, "PARCEL_LABEL_NM": "Teanaway Com Forest", "PARCEL_NM": null, "REVERSION_RIGHTS_FLG": "N", "OWN_RIGHT_DISPUTE_FLG": "N", "SURFACE_RIGHTS_FLG": "Y", "MINERAL_RIGHTS_FLG": "N", "TIMBER_RIGHTS_FLG": "Y", "SURFACE_TRUST_CD": 48, "SURFACE_TRUST_NM": "Community Forest Trust", "MINERAL_TRUST_CD": 0, "MINERAL_TRUST_NM": "Trust Status Not Applicable Or Unknown", "TIMBER_TRUST_CD": 48, "TIMBER_TRUST_NM": "Community Forest Trust", "OWNER_AGENT_SYST_ID": 58706, "STEWARD_AGENT_SYST_ID": 63986, "MANAGER_AGENT_SYST_ID": 63986, "TIMBER_OWNER_NM": null, "TIMBER_EXP_DT": null, "ORIGINAL_PATENT_DT": null, "COUNTY_JURISDICT_DESG_CD": 19, "COUNTY_NM": "Kittitas", "COUNTY_PARCEL_NO": null, "REGION_JURISDICT_DESG_CD": 100, "REGION_NM": "Southeast Region", "HCP_JURISDICT_DESG_CD": null, "HCP_DESG_CD": 2, "HCP_DESG_DT": null, "HCP_WITHDRAWAL_DT": null, "PARCEL_DESC_TXT": null, "EDIT_DATE": 1395847238000, "EDIT_STATUS": 0, "EDIT_WHO": "JDUG490", "EASEMENT_TYPE_CD": null, "EASEMENT_TYPE_NM": null, "PARCEL_ACQUIRE_AUTH_NO": "08-090298", "PARCEL_DISPOSAL_AUTH_NO": null, "SHAPE.AREA": 27382093.5114155, "SHAPE.LEN": 20912.906312978903, "GLOBALID": "{B792FC63-EE5D-4309-9418-24102B441814}"}}, {"type": "Feature", "id": 3335281, "geometry": {"type": "Polygon", "coordinates": [[[-120.89962, 47.26006], [-120.90352, 47.26007], [-120.91354, 47.26033], [-120.92094, 47.2604], [-120.92053, 47.25418], [-120.92073, 47.24723], [-120.91003, 47.24716], [-120.89933, 47.24708], [-120.89962, 47.26006]]]}, "properties": {"OBJECTID": 3335281, "PARCEL_SYST_ID": 116156, "PARCEL_TYPE_CD": 1, "PARCEL_LABEL_NM": "Teanaway Com Forest", "PARCEL_NM": null, "REVERSION_RIGHTS_FLG": "N", "OWN_RIGHT_DISPUTE_FLG": "N", "SURFACE_RIGHTS_FLG": "Y", "MINERAL_RIGHTS_FLG": "N", "TIMBER_RIGHTS_FLG": "Y", "SURFACE_TRUST_CD": 48, "SURFACE_TRUST_NM": "Community Forest Trust", "MINERAL_TRUST_CD": 0, "MINERAL_TRUST_NM": "Trust Status Not Applicable Or Unknown", "TIMBER_TRUST_CD": 48, "TIMBER_TRUST_NM": "Community Forest Trust", "OWNER_AGENT_SYST_ID": 58706, "STEWARD_AGENT_SYST_ID": 63986, "MANAGER_AGENT_SYST_ID": 63986, "TIMBER_OWNER_NM": null, "TIMBER_EXP_DT": null, "ORIGINAL_PATENT_DT": null, "COUNTY_JURISDICT_DESG_CD": 19, "COUNTY_NM": "Kittitas", "COUNTY_PARCEL_NO": null, "REGION_JURISDICT_DESG_CD": 100, "REGION_NM": "Southeast Region", "HCP_JURISDICT_DESG_CD": null, "HCP_DESG_CD": 2, "HCP_DESG_DT": null, "HCP_WITHDRAWAL_DT": null, "PARCEL_DESC_TXT": null, "EDIT_DATE": 1395847238000, "EDIT_STATUS": 1, "EDIT_WHO": "JDUG490", "EASEMENT_TYPE_CD": null, "EASEMENT_TYPE_NM": null, "PARCEL_ACQUIRE_AUTH_NO": "08-090298", "PARCEL_DISPOSAL_AUTH_NO": null, "SHAPE.AREA": 25113007.9777215, "SHAPE.LEN": 20150.6269882137, "GLOBALID": "{FCFB8BEE-46EA-4275-94BA-22D2571E080B}"}}, {"type": "Feature", "id": 3335284, "geometry": {"type": "Polygon", "coordinates": [[[-120.91411, 47.26737], [-120.92461, 47.26743], [-120.9243, 47.26038], [-120.92094, 47.2604], [-120.91354, 47.26033], [-120.91411, 47.26737]]]}, "properties": {"OBJECTID": 3335284, "PARCEL_SYST_ID": 116254, "PARCEL_TYPE_CD": 1, "PARCEL_LABEL_NM": "Teanaway Com Forest", "PARCEL_NM": null, "REVERSION_RIGHTS_FLG": "N", "OWN_RIGHT_DISPUTE_FLG": "N", "SURFACE_RIGHTS_FLG": "Y", "MINERAL_RIGHTS_FLG": "Y", "TIMBER_RIGHTS_FLG": "Y", "SURFACE_TRUST_CD": 48, "SURFACE_TRUST_NM": "Community Forest Trust", "MINERAL_TRUST_CD": 48, "MINERAL_TRUST_NM": "Community Forest Trust", "TIMBER_TRUST_CD": 48, "TIMBER_TRUST_NM": "Community Forest Trust", "OWNER_AGENT_SYST_ID": 58706, "STEWARD_AGENT_SYST_ID": 63986, "MANAGER_AGENT_SYST_ID": 63986, "TIMBER_OWNER_NM": null, "TIMBER_EXP_DT": null, "ORIGINAL_PATENT_DT": null, "COUNTY_JURISDICT_DESG_CD": 19, "COUNTY_NM": "Kittitas", "COUNTY_PARCEL_NO": null, "REGION_JURISDICT_DESG_CD": 100, "REGION_NM": "Southeast Region", "HCP_JURISDICT_DESG_CD": null, "HCP_DESG_CD": 2, "HCP_DESG_DT": null, "HCP_WITHDRAWAL_DT": null, "PARCEL_DESC_TXT": null, "EDIT_DATE": 1395847238000, "EDIT_STATUS": 0, "EDIT_WHO": "JDUG490", "EASEMENT_TYPE_CD": null, "EASEMENT_TYPE_NM": null, "PARCEL_ACQUIRE_AUTH_NO": "08-090298", "PARCEL_DISPOSAL_AUTH_NO": null, "SHAPE.AREA": 6766650.4894005, "SHAPE.LEN": 10425.4801846379, "GLOBALID": "{5984B2C6-7B7C-4C88-8422-915791D3BB44}"}}, {"type": "Feature", "id": 3335286, "geometry": {"type": "Polygon", "coordinates": [[[-120.90424, 47.26743], [-120.90431, 47.26748], [-120.90538, 47.26785], [-120.90552, 47.26789], [-120.90607, 47.26815], [-120.90614, 47.2682], [-120.9062, 47.26834], [-120.90625, 47.26846], [-120.90627, 47.26856], [-120.90629, 47.26883], [-120.90639, 47.26926], [-120.90649, 47.26941], [-120.90661, 47.26951], [-120.90677, 47.26965], [-120.90723, 47.26999], [-120.90745, 47.27014], [-120.90763, 47.27021], [-120.90797, 47.27025], [-120.90888, 47.27026], [-120.90906, 47.27029], [-120.90963, 47.27066], [-120.90966, 47.2707], [-120.90992, 47.27083], [-120.90999, 47.27089], [-120.91001, 47.27103], [-120.9099, 47.27116], [-120.90989, 47.27125], [-120.91001, 47.27135], [-120.91066, 47.27147], [-120.91122, 47.27161], [-120.91155, 47.27173], [-120.91169, 47.27184], [-120.91174, 47.272], [-120.91172, 47.27213], [-120.91158, 47.27236], [-120.91148, 47.27253], [-120.9114, 47.27264], [-120.91131, 47.27284], [-120.9113, 47.27292], [-120.91133, 47.27298], [-120.9114, 47.27301], [-120.91188, 47.27313], [-120.91212, 47.27323], [-120.91239, 47.27339], [-120.9127, 47.27365], [-120.91287, 47.27386], [-120.91298, 47.2741], [-120.91301, 47.27436], [-120.91305, 47.27448], [-120.91306, 47.27477], [-120.91313, 47.27477], [-120.91416, 47.2748], [-120.91411, 47.26737], [-120.90417, 47.2673], [-120.90424, 47.26743]]]}, "properties": {"OBJECTID": 3335286, "PARCEL_SYST_ID": 116251, "PARCEL_TYPE_CD": 1, "PARCEL_LABEL_NM": "Teanaway Com Forest", "PARCEL_NM": null, "REVERSION_RIGHTS_FLG": "N", "OWN_RIGHT_DISPUTE_FLG": "N", "SURFACE_RIGHTS_FLG": "Y", "MINERAL_RIGHTS_FLG": "Y", "TIMBER_RIGHTS_FLG": "Y", "SURFACE_TRUST_CD": 48, "SURFACE_TRUST_NM": "Community Forest Trust", "MINERAL_TRUST_CD": 48, "MINERAL_TRUST_NM": "Community Forest Trust", "TIMBER_TRUST_CD": 48, "TIMBER_TRUST_NM": "Community Forest Trust", "OWNER_AGENT_SYST_ID": 58706, "STEWARD_AGENT_SYST_ID": 63986, "MANAGER_AGENT_SYST_ID": 63986, "TIMBER_OWNER_NM": null, "TIMBER_EXP_DT": null, "ORIGINAL_PATENT_DT": null, "COUNTY_JURISDICT_DESG_CD": 19, "COUNTY_NM": "Kittitas", "COUNTY_PARCEL_NO": null, "REGION_JURISDICT_DESG_CD": 100, "REGION_NM": "Southeast Region", "HCP_JURISDICT_DESG_CD": null, "HCP_DESG_CD": 2, "HCP_DESG_DT": null, "HCP_WITHDRAWAL_DT": null, "PARCEL_DESC_TXT": null, "EDIT_DATE": 1395847238000, "EDIT_STATUS": 0, "EDIT_WHO": "JDUG490", "EASEMENT_TYPE_CD": null, "EASEMENT_TYPE_NM": null, "PARCEL_ACQUIRE_AUTH_NO": "08-090298", "PARCEL_DISPOSAL_AUTH_NO": null, "SHAPE.AREA": 3186516.9886605, "SHAPE.LEN": 9531.00558878939, "GLOBALID": "{FF5B7F7A-6996-475F-A134-58BE46902A74}"}}, {"type": "Feature", "id": 3335287, "geometry": {"type": "Polygon", "coordinates": [[[-120.88313, 47.31773], [-120.89306, 47.31778], [-120.89304, 47.31418], [-120.88842, 47.31415], [-120.88841, 47.31055], [-120.88315, 47.31052], [-120.88313, 47.31773]]]}, "properties": {"OBJECTID": 3335287, "PARCEL_SYST_ID": 116218, "PARCEL_TYPE_CD": 1, "PARCEL_LABEL_NM": "Teanaway Com Forest", "PARCEL_NM": null, "REVERSION_RIGHTS_FLG": "N", "OWN_RIGHT_DISPUTE_FLG": "N", "SURFACE_RIGHTS_FLG": "Y", "MINERAL_RIGHTS_FLG": "Y", "TIMBER_RIGHTS_FLG": "Y", "SURFACE_TRUST_CD": 48, "SURFACE_TRUST_NM": "Community Forest Trust", "MINERAL_TRUST_CD": 48, "MINERAL_TRUST_NM": "Community Forest Trust", "TIMBER_TRUST_CD": 48, "TIMBER_TRUST_NM": "Community Forest Trust", "OWNER_AGENT_SYST_ID": 58706, "STEWARD_AGENT_SYST_ID": 63986, "MANAGER_AGENT_SYST_ID": 63986, "TIMBER_OWNER_NM": null, "TIMBER_EXP_DT": null, "ORIGINAL_PATENT_DT": null, "COUNTY_JURISDICT_DESG_CD": 19, "COUNTY_NM": "Kittitas", "COUNTY_PARCEL_NO": null, "REGION_JURISDICT_DESG_CD": 100, "REGION_NM": "Southeast Region", "HCP_JURISDICT_DESG_CD": null, "HCP_DESG_CD": 2, "HCP_DESG_DT": null, "HCP_WITHDRAWAL_DT": null, "PARCEL_DESC_TXT": null, "EDIT_DATE": 1395847238000, "EDIT_STATUS": 0, "EDIT_WHO": "JDUG490", "EASEMENT_TYPE_CD": null, "EASEMENT_TYPE_NM": null, "PARCEL_ACQUIRE_AUTH_NO": "08-090298", "PARCEL_DISPOSAL_AUTH_NO": null, "SHAPE.AREA": 4949226.6581555, "SHAPE.LEN": 10169.2243447395, "GLOBALID": "{D1ACA191-6B0F-441D-97D0-2B426F8CE831}"}}, {"type": "Feature", "id": 3335291, "geometry": {"type": "Polygon", "coordinates": [[[-120.78773, 47.33212], [-120.78789, 47.34652], [-120.80904, 47.34624], [-120.80893, 47.33205], [-120.78773, 47.33212]]]}, "properties": {"OBJECTID": 3335291, "PARCEL_SYST_ID": 116226, "PARCEL_TYPE_CD": 1, "PARCEL_LABEL_NM": "Teanaway Com Forest", "PARCEL_NM": null, "REVERSION_RIGHTS_FLG": "N", "OWN_RIGHT_DISPUTE_FLG": "N", "SURFACE_RIGHTS_FLG": "Y", "MINERAL_RIGHTS_FLG": "Y", "TIMBER_RIGHTS_FLG": "Y", "SURFACE_TRUST_CD": 48, "SURFACE_TRUST_NM": "Community Forest Trust", "MINERAL_TRUST_CD": 48, "MINERAL_TRUST_NM": "Community Forest Trust", "TIMBER_TRUST_CD": 48, "TIMBER_TRUST_NM": "Community Forest Trust", "OWNER_AGENT_SYST_ID": 58706, "STEWARD_AGENT_SYST_ID": 63986, "MANAGER_AGENT_SYST_ID": 63986, "TIMBER_OWNER_NM": null, "TIMBER_EXP_DT": null, "ORIGINAL_PATENT_DT": null, "COUNTY_JURISDICT_DESG_CD": 19, "COUNTY_NM": "Kittitas", "COUNTY_PARCEL_NO": null, "REGION_JURISDICT_DESG_CD": 100, "REGION_NM": "Southeast Region", "HCP_JURISDICT_DESG_CD": null, "HCP_DESG_CD": 2, "HCP_DESG_DT": null, "HCP_WITHDRAWAL_DT": null, "PARCEL_DESC_TXT": null, "EDIT_DATE": 1395847238000, "EDIT_STATUS": 0, "EDIT_WHO": "JDUG490", "EASEMENT_TYPE_CD": null, "EASEMENT_TYPE_NM": null, "PARCEL_ACQUIRE_AUTH_NO": "08-090298", "PARCEL_DISPOSAL_AUTH_NO": null, "SHAPE.AREA": 27377746.64695, "SHAPE.LEN": 20930.0907322891, "GLOBALID": "{0D76C075-030E-42EF-AD48-551490F531E4}"}}, {"type": "Feature", "id": 3335293, "geometry": {"type": "Polygon", "coordinates": [[[-120.80865, 47.36103], [-120.80901, 47.36813], [-120.83016, 47.36821], [-120.83029, 47.36103], [-120.81962, 47.36093], [-120.80865, 47.36103]]]}, "properties": {"OBJECTID": 3335293, "PARCEL_SYST_ID": 116233, "PARCEL_TYPE_CD": 1, "PARCEL_LABEL_NM": "Teanaway Com Forest", "PARCEL_NM": null, "REVERSION_RIGHTS_FLG": "N", "OWN_RIGHT_DISPUTE_FLG": "N", "SURFACE_RIGHTS_FLG": "Y", "MINERAL_RIGHTS_FLG": "Y", "TIMBER_RIGHTS_FLG": "Y", "SURFACE_TRUST_CD": 48, "SURFACE_TRUST_NM": "Community Forest Trust", "MINERAL_TRUST_CD": 48, "MINERAL_TRUST_NM": "Community Forest Trust", "TIMBER_TRUST_CD": 48, "TIMBER_TRUST_NM": "Community Forest Trust", "OWNER_AGENT_SYST_ID": 58706, "STEWARD_AGENT_SYST_ID": 63986, "MANAGER_AGENT_SYST_ID": 63986, "TIMBER_OWNER_NM": null, "TIMBER_EXP_DT": null, "ORIGINAL_PATENT_DT": null, "COUNTY_JURISDICT_DESG_CD": 19, "COUNTY_NM": "Kittitas", "COUNTY_PARCEL_NO": null, "REGION_JURISDICT_DESG_CD": 100, "REGION_NM": "Southeast Region", "HCP_JURISDICT_DESG_CD": null, "HCP_DESG_CD": 2, "HCP_DESG_DT": null, "HCP_WITHDRAWAL_DT": null, "PARCEL_DESC_TXT": null, "EDIT_DATE": 1395847238000, "EDIT_STATUS": 0, "EDIT_WHO": "JDUG490", "EASEMENT_TYPE_CD": null, "EASEMENT_TYPE_NM": null, "PARCEL_ACQUIRE_AUTH_NO": "08-090298", "PARCEL_DISPOSAL_AUTH_NO": null, "SHAPE.AREA": 13907215.605, "SHAPE.LEN": 15816.2621568366, "GLOBALID": "{86DAE3EC-46BE-43E2-B3A3-6014D3461CC5}"}}, {"type": "Feature", "id": 3335325, "geometry": {"type": "Polygon", "coordinates": [[[-120.97734, 47.26768], [-120.97829, 47.26768], [-120.97913, 47.26768], [-120.97995, 47.26768], [-120.98077, 47.26767], [-120.98785, 47.26765], [-120.98789, 47.27488], [-120.99884, 47.27484], [-120.99862, 47.26762], [-120.99835, 47.26052], [-120.98782, 47.26054], [-120.98463, 47.26052], [-120.9773, 47.26046], [-120.97734, 47.26768]]]}, "properties": {"OBJECTID": 3335325, "PARCEL_SYST_ID": 116258, "PARCEL_TYPE_CD": 1, "PARCEL_LABEL_NM": "Teanaway Com Forest", "PARCEL_NM": null, "REVERSION_RIGHTS_FLG": "N", "OWN_RIGHT_DISPUTE_FLG": "N", "SURFACE_RIGHTS_FLG": "Y", "MINERAL_RIGHTS_FLG": "Y", "TIMBER_RIGHTS_FLG": "Y", "SURFACE_TRUST_CD": 48, "SURFACE_TRUST_NM": "Community Forest Trust", "MINERAL_TRUST_CD": 48, "MINERAL_TRUST_NM": "Community Forest Trust", "TIMBER_TRUST_CD": 48, "TIMBER_TRUST_NM": "Community Forest Trust", "OWNER_AGENT_SYST_ID": 58706, "STEWARD_AGENT_SYST_ID": 63986, "MANAGER_AGENT_SYST_ID": 63986, "TIMBER_OWNER_NM": null, "TIMBER_EXP_DT": null, "ORIGINAL_PATENT_DT": null, "COUNTY_JURISDICT_DESG_CD": 19, "COUNTY_NM": "Kittitas", "COUNTY_PARCEL_NO": null, "REGION_JURISDICT_DESG_CD": 100, "REGION_NM": "Southeast Region", "HCP_JURISDICT_DESG_CD": null, "HCP_DESG_CD": 2, "HCP_DESG_DT": null, "HCP_WITHDRAWAL_DT": null, "PARCEL_DESC_TXT": null, "EDIT_DATE": 1395847238000, "EDIT_STATUS": 0, "EDIT_WHO": "JDUG490", "EASEMENT_TYPE_CD": null, "EASEMENT_TYPE_NM": null, "PARCEL_ACQUIRE_AUTH_NO": "08-090298", "PARCEL_DISPOSAL_AUTH_NO": null, "SHAPE.AREA": 20784557.8769575, "SHAPE.LEN": 21052.2562348435, "GLOBALID": "{86E5DB0F-4DDB-4C30-83D9-91EBFE574641}"}}, {"type": "Feature", "id": 3335326, "geometry": {"type": "Polygon", "coordinates": [[[-120.97245, 47.28181], [-120.97265, 47.28913], [-120.9783, 47.28919], [-120.97736, 47.27487], [-120.95639, 47.27478], [-120.95711, 47.28232], [-120.95644, 47.28894], [-120.96184, 47.289], [-120.96188, 47.2818], [-120.97245, 47.28181]]]}, "properties": {"OBJECTID": 3335326, "PARCEL_SYST_ID": 5027, "PARCEL_TYPE_CD": 1, "PARCEL_LABEL_NM": null, "PARCEL_NM": null, "REVERSION_RIGHTS_FLG": "N", "OWN_RIGHT_DISPUTE_FLG": "N", "SURFACE_RIGHTS_FLG": "Y", "MINERAL_RIGHTS_FLG": "Y", "TIMBER_RIGHTS_FLG": "Y", "SURFACE_TRUST_CD": 3, "SURFACE_TRUST_NM": "Common School and Indemnity", "MINERAL_TRUST_CD": 3, "MINERAL_TRUST_NM": "Common School and Indemnity", "TIMBER_TRUST_CD": 3, "TIMBER_TRUST_NM": "Common School and Indemnity", "OWNER_AGENT_SYST_ID": 58706, "STEWARD_AGENT_SYST_ID": 63986, "MANAGER_AGENT_SYST_ID": 63986, "TIMBER_OWNER_NM": null, "TIMBER_EXP_DT": null, "ORIGINAL_PATENT_DT": null, "COUNTY_JURISDICT_DESG_CD": 19, "COUNTY_NM": "Kittitas", "COUNTY_PARCEL_NO": null, "REGION_JURISDICT_DESG_CD": 100, "REGION_NM": "Southeast Region", "HCP_JURISDICT_DESG_CD": null, "HCP_DESG_CD": 1, "HCP_DESG_DT": 854611200000, "HCP_WITHDRAWAL_DT": null, "PARCEL_DESC_TXT": null, "EDIT_DATE": 1390436166000, "EDIT_STATUS": 1, "EDIT_WHO": "JDUG490", "EASEMENT_TYPE_CD": null, "EASEMENT_TYPE_NM": null, "PARCEL_ACQUIRE_AUTH_NO": "CLEAR LIST 10 INDEMNITY", "PARCEL_DISPOSAL_AUTH_NO": null, "SHAPE.AREA": 20133718.8912, "SHAPE.LEN": 26270.3983735968, "GLOBALID": "{A4AF919F-A933-4FC4-AF31-528FAF8C42C9}"}}, {"type": "Feature", "id": 3335327, "geometry": {"type": "Polygon", "coordinates": [[[-120.7929, 47.31751], [-120.809, 47.31756], [-120.80904, 47.31397], [-120.80368, 47.31396], [-120.80373, 47.31038], [-120.79837, 47.31038], [-120.79832, 47.31395], [-120.79295, 47.31395], [-120.7929, 47.31751]]]}, "properties": {"OBJECTID": 3335327, "PARCEL_SYST_ID": 116306, "PARCEL_TYPE_CD": 1, "PARCEL_LABEL_NM": "Teanaway Com Forest", "PARCEL_NM": null, "REVERSION_RIGHTS_FLG": "N", "OWN_RIGHT_DISPUTE_FLG": "N", "SURFACE_RIGHTS_FLG": "Y", "MINERAL_RIGHTS_FLG": "N", "TIMBER_RIGHTS_FLG": "Y", "SURFACE_TRUST_CD": 48, "SURFACE_TRUST_NM": "Community Forest Trust", "MINERAL_TRUST_CD": 0, "MINERAL_TRUST_NM": "Trust Status Not Applicable Or Unknown", "TIMBER_TRUST_CD": 48, "TIMBER_TRUST_NM": "Community Forest Trust", "OWNER_AGENT_SYST_ID": 58706, "STEWARD_AGENT_SYST_ID": 63986, "MANAGER_AGENT_SYST_ID": 63986, "TIMBER_OWNER_NM": null, "TIMBER_EXP_DT": null, "ORIGINAL_PATENT_DT": null, "COUNTY_JURISDICT_DESG_CD": 19, "COUNTY_NM": "Kittitas", "COUNTY_PARCEL_NO": null, "REGION_JURISDICT_DESG_CD": 100, "REGION_NM": "Southeast Region", "HCP_JURISDICT_DESG_CD": null, "HCP_DESG_CD": 2, "HCP_DESG_DT": null, "HCP_WITHDRAWAL_DT": null, "PARCEL_DESC_TXT": null, "EDIT_DATE": 1395847238000, "EDIT_STATUS": 0, "EDIT_WHO": "JDUG490", "EASEMENT_TYPE_CD": null, "EASEMENT_TYPE_NM": null, "PARCEL_ACQUIRE_AUTH_NO": "08-090298", "PARCEL_DISPOSAL_AUTH_NO": null, "SHAPE.AREA": 6948400.177542, "SHAPE.LEN": 13206.1952917305, "GLOBALID": "{FBD59BC9-8F58-4B6E-B769-E4859860732C}"}}, {"type": "Feature", "id": 3335328, "geometry": {"type": "Polygon", "coordinates": [[[-120.83046, 47.28856], [-120.83003, 47.27412], [-120.80853, 47.2742], [-120.8088, 47.28144], [-120.80907, 47.28869], [-120.81977, 47.28863], [-120.83046, 47.28856]]]}, "properties": {"OBJECTID": 3335328, "PARCEL_SYST_ID": 116205, "PARCEL_TYPE_CD": 1, "PARCEL_LABEL_NM": "Teanaway Com Forest", "PARCEL_NM": null, "REVERSION_RIGHTS_FLG": "N", "OWN_RIGHT_DISPUTE_FLG": "N", "SURFACE_RIGHTS_FLG": "Y", "MINERAL_RIGHTS_FLG": "N", "TIMBER_RIGHTS_FLG": "Y", "SURFACE_TRUST_CD": 48, "SURFACE_TRUST_NM": "Community Forest Trust", "MINERAL_TRUST_CD": 0, "MINERAL_TRUST_NM": "Trust Status Not Applicable Or Unknown", "TIMBER_TRUST_CD": 48, "TIMBER_TRUST_NM": "Community Forest Trust", "OWNER_AGENT_SYST_ID": 58706, "STEWARD_AGENT_SYST_ID": 63986, "MANAGER_AGENT_SYST_ID": 63986, "TIMBER_OWNER_NM": null, "TIMBER_EXP_DT": null, "ORIGINAL_PATENT_DT": null, "COUNTY_JURISDICT_DESG_CD": 19, "COUNTY_NM": "Kittitas", "COUNTY_PARCEL_NO": null, "REGION_JURISDICT_DESG_CD": 100, "REGION_NM": "Southeast Region", "HCP_JURISDICT_DESG_CD": null, "HCP_DESG_CD": 2, "HCP_DESG_DT": null, "HCP_WITHDRAWAL_DT": null, "PARCEL_DESC_TXT": null, "EDIT_DATE": 1395847238000, "EDIT_STATUS": 0, "EDIT_WHO": "JDUG490", "EASEMENT_TYPE_CD": null, "EASEMENT_TYPE_NM": null, "PARCEL_ACQUIRE_AUTH_NO": "08-090298", "PARCEL_DISPOSAL_AUTH_NO": null, "SHAPE.AREA": 28088125.06195, "SHAPE.LEN": 21200.8468565346, "GLOBALID": "{41B8A33B-01D0-48D6-A325-DE8CC6774BC4}"}}, {"type": "Feature", "id": 3335329, "geometry": {"type": "Polygon", "coordinates": [[[-120.77321, 47.25372], [-120.77314, 47.25989], [-120.78404, 47.25946], [-120.78379, 47.2536], [-120.77321, 47.25372]]]}, "properties": {"OBJECTID": 3335329, "PARCEL_SYST_ID": 116311, "PARCEL_TYPE_CD": 1, "PARCEL_LABEL_NM": "Teanaway Com Forest", "PARCEL_NM": null, "REVERSION_RIGHTS_FLG": "N", "OWN_RIGHT_DISPUTE_FLG": "N", "SURFACE_RIGHTS_FLG": "Y", "MINERAL_RIGHTS_FLG": "N", "TIMBER_RIGHTS_FLG": "Y", "SURFACE_TRUST_CD": 48, "SURFACE_TRUST_NM": "Community Forest Trust", "MINERAL_TRUST_CD": 0, "MINERAL_TRUST_NM": "Trust Status Not Applicable Or Unknown", "TIMBER_TRUST_CD": 48, "TIMBER_TRUST_NM": "Community Forest Trust", "OWNER_AGENT_SYST_ID": 58706, "STEWARD_AGENT_SYST_ID": 63986, "MANAGER_AGENT_SYST_ID": 63986, "TIMBER_OWNER_NM": null, "TIMBER_EXP_DT": null, "ORIGINAL_PATENT_DT": null, "COUNTY_JURISDICT_DESG_CD": 19, "COUNTY_NM": "Kittitas", "COUNTY_PARCEL_NO": null, "REGION_JURISDICT_DESG_CD": 100, "REGION_NM": "Southeast Region", "HCP_JURISDICT_DESG_CD": null, "HCP_DESG_CD": 2, "HCP_DESG_DT": null, "HCP_WITHDRAWAL_DT": null, "PARCEL_DESC_TXT": null, "EDIT_DATE": 1395847238000, "EDIT_STATUS": 0, "EDIT_WHO": "JDUG490", "EASEMENT_TYPE_CD": null, "EASEMENT_TYPE_NM": null, "PARCEL_ACQUIRE_AUTH_NO": "08-090298", "PARCEL_DISPOSAL_AUTH_NO": null, "SHAPE.AREA": 5855337.4355515, "SHAPE.LEN": 9728.99741922442, "GLOBALID": "{E2BA57FE-5918-4A3F-9340-578363BC6FED}"}}, {"type": "Feature", "id": 3335330, "geometry": {"type": "Polygon", "coordinates": [[[-120.79832, 47.28149], [-120.78784, 47.28154], [-120.78779, 47.28878], [-120.79843, 47.28874], [-120.79832, 47.28149]]]}, "properties": {"OBJECTID": 3335330, "PARCEL_SYST_ID": 116277, "PARCEL_TYPE_CD": 1, "PARCEL_LABEL_NM": "Teanaway Com Forest", "PARCEL_NM": null, "REVERSION_RIGHTS_FLG": "N", "OWN_RIGHT_DISPUTE_FLG": "N", "SURFACE_RIGHTS_FLG": "Y", "MINERAL_RIGHTS_FLG": "Y", "TIMBER_RIGHTS_FLG": "Y", "SURFACE_TRUST_CD": 48, "SURFACE_TRUST_NM": "Community Forest Trust", "MINERAL_TRUST_CD": 48, "MINERAL_TRUST_NM": "Community Forest Trust", "TIMBER_TRUST_CD": 48, "TIMBER_TRUST_NM": "Community Forest Trust", "OWNER_AGENT_SYST_ID": 58706, "STEWARD_AGENT_SYST_ID": 63986, "MANAGER_AGENT_SYST_ID": 63986, "TIMBER_OWNER_NM": null, "TIMBER_EXP_DT": null, "ORIGINAL_PATENT_DT": null, "COUNTY_JURISDICT_DESG_CD": 19, "COUNTY_NM": "Kittitas", "COUNTY_PARCEL_NO": null, "REGION_JURISDICT_DESG_CD": 100, "REGION_NM": "Southeast Region", "HCP_JURISDICT_DESG_CD": null, "HCP_DESG_CD": 2, "HCP_DESG_DT": null, "HCP_WITHDRAWAL_DT": null, "PARCEL_DESC_TXT": null, "EDIT_DATE": 1395847238000, "EDIT_STATUS": 0, "EDIT_WHO": "JDUG490", "EASEMENT_TYPE_CD": null, "EASEMENT_TYPE_NM": null, "PARCEL_ACQUIRE_AUTH_NO": "08-090298", "PARCEL_DISPOSAL_AUTH_NO": null, "SHAPE.AREA": 6926559.186825, "SHAPE.LEN": 10527.6126664374, "GLOBALID": "{9854F1EF-219F-49C1-9B52-5207C3D2E49A}"}}, {"type": "Feature", "id": 3335331, "geometry": {"type": "Polygon", "coordinates": [[[-120.80876, 47.26011], [-120.79494, 47.259], [-120.78716, 47.25933], [-120.78789, 47.2743], [-120.79821, 47.27425], [-120.80853, 47.2742], [-120.80859, 47.27067], [-120.80876, 47.26011]]]}, "properties": {"OBJECTID": 3335331, "PARCEL_SYST_ID": 116203, "PARCEL_TYPE_CD": 1, "PARCEL_LABEL_NM": "Teanaway Com Forest", "PARCEL_NM": null, "REVERSION_RIGHTS_FLG": "N", "OWN_RIGHT_DISPUTE_FLG": "N", "SURFACE_RIGHTS_FLG": "Y", "MINERAL_RIGHTS_FLG": "N", "TIMBER_RIGHTS_FLG": "Y", "SURFACE_TRUST_CD": 48, "SURFACE_TRUST_NM": "Community Forest Trust", "MINERAL_TRUST_CD": 0, "MINERAL_TRUST_NM": "Trust Status Not Applicable Or Unknown", "TIMBER_TRUST_CD": 48, "TIMBER_TRUST_NM": "Community Forest Trust", "OWNER_AGENT_SYST_ID": 58706, "STEWARD_AGENT_SYST_ID": 63986, "MANAGER_AGENT_SYST_ID": 63986, "TIMBER_OWNER_NM": null, "TIMBER_EXP_DT": null, "ORIGINAL_PATENT_DT": null, "COUNTY_JURISDICT_DESG_CD": 19, "COUNTY_NM": "Kittitas", "COUNTY_PARCEL_NO": null, "REGION_JURISDICT_DESG_CD": 100, "REGION_NM": "Southeast Region", "HCP_JURISDICT_DESG_CD": null, "HCP_DESG_CD": 2, "HCP_DESG_DT": null, "HCP_WITHDRAWAL_DT": null, "PARCEL_DESC_TXT": null, "EDIT_DATE": 1395847238000, "EDIT_STATUS": 0, "EDIT_WHO": "JDUG490", "EASEMENT_TYPE_CD": null, "EASEMENT_TYPE_NM": null, "PARCEL_ACQUIRE_AUTH_NO": "08-090298", "PARCEL_DISPOSAL_AUTH_NO": null, "SHAPE.AREA": 28375381.140245, "SHAPE.LEN": 21115.920037165, "GLOBALID": "{1633933A-7C53-4636-AE1A-ED03445DD905}"}}, {"type": "Feature", "id": 3335332, "geometry": {"type": "Polygon", "coordinates": [[[-120.80859, 47.27067], [-120.80853, 47.2742], [-120.83003, 47.27412], [-120.83004, 47.27058], [-120.81931, 47.27063], [-120.80859, 47.27067]]]}, "properties": {"OBJECTID": 3335332, "PARCEL_SYST_ID": 116309, "PARCEL_TYPE_CD": 1, "PARCEL_LABEL_NM": "Teanaway Com Forest", "PARCEL_NM": null, "REVERSION_RIGHTS_FLG": "N", "OWN_RIGHT_DISPUTE_FLG": "N", "SURFACE_RIGHTS_FLG": "Y", "MINERAL_RIGHTS_FLG": "N", "TIMBER_RIGHTS_FLG": "Y", "SURFACE_TRUST_CD": 48, "SURFACE_TRUST_NM": "Community Forest Trust", "MINERAL_TRUST_CD": 0, "MINERAL_TRUST_NM": "Trust Status Not Applicable Or Unknown", "TIMBER_TRUST_CD": 48, "TIMBER_TRUST_NM": "Community Forest Trust", "OWNER_AGENT_SYST_ID": 58706, "STEWARD_AGENT_SYST_ID": 63986, "MANAGER_AGENT_SYST_ID": 63986, "TIMBER_OWNER_NM": null, "TIMBER_EXP_DT": null, "ORIGINAL_PATENT_DT": null, "COUNTY_JURISDICT_DESG_CD": 19, "COUNTY_NM": "Kittitas", "COUNTY_PARCEL_NO": null, "REGION_JURISDICT_DESG_CD": 100, "REGION_NM": "Southeast Region", "HCP_JURISDICT_DESG_CD": null, "HCP_DESG_CD": 2, "HCP_DESG_DT": null, "HCP_WITHDRAWAL_DT": null, "PARCEL_DESC_TXT": null, "EDIT_DATE": 1395847238000, "EDIT_STATUS": 0, "EDIT_WHO": "JDUG490", "EASEMENT_TYPE_CD": null, "EASEMENT_TYPE_NM": null, "PARCEL_ACQUIRE_AUTH_NO": "08-090298", "PARCEL_DISPOSAL_AUTH_NO": null, "SHAPE.AREA": 6868805.2387325, "SHAPE.LEN": 13238.474290293201, "GLOBALID": "{40774CBB-0030-4922-B67D-C250CCF66204}"}}, {"type": "Feature", "id": 3335335, "geometry": {"type": "Polygon", "coordinates": [[[-120.86303, 47.24661], [-120.86338, 47.24668], [-120.86382, 47.24684], [-120.86404, 47.24693], [-120.86438, 47.24708], [-120.8646, 47.24727], [-120.86465, 47.24752], [-120.86462, 47.24756], [-120.86443, 47.24781], [-120.86433, 47.24804], [-120.86449, 47.24832], [-120.86472, 47.24857], [-120.86502, 47.24876], [-120.86501, 47.24841], [-120.86767, 47.24838], [-120.8677, 47.24654], [-120.86303, 47.24661]]]}, "properties": {"OBJECTID": 3335335, "PARCEL_SYST_ID": 116312, "PARCEL_TYPE_CD": 1, "PARCEL_LABEL_NM": "Teanaway Com Forest", "PARCEL_NM": null, "REVERSION_RIGHTS_FLG": "N", "OWN_RIGHT_DISPUTE_FLG": "N", "SURFACE_RIGHTS_FLG": "Y", "MINERAL_RIGHTS_FLG": "Y", "TIMBER_RIGHTS_FLG": "Y", "SURFACE_TRUST_CD": 48, "SURFACE_TRUST_NM": "Community Forest Trust", "MINERAL_TRUST_CD": 48, "MINERAL_TRUST_NM": "Community Forest Trust", "TIMBER_TRUST_CD": 48, "TIMBER_TRUST_NM": "Community Forest Trust", "OWNER_AGENT_SYST_ID": 58706, "STEWARD_AGENT_SYST_ID": 63986, "MANAGER_AGENT_SYST_ID": 63986, "TIMBER_OWNER_NM": null, "TIMBER_EXP_DT": null, "ORIGINAL_PATENT_DT": null, "COUNTY_JURISDICT_DESG_CD": 19, "COUNTY_NM": "Kittitas", "COUNTY_PARCEL_NO": null, "REGION_JURISDICT_DESG_CD": 100, "REGION_NM": "Southeast Region", "HCP_JURISDICT_DESG_CD": null, "HCP_DESG_CD": 2, "HCP_DESG_DT": null, "HCP_WITHDRAWAL_DT": null, "PARCEL_DESC_TXT": null, "EDIT_DATE": 1395847238000, "EDIT_STATUS": 0, "EDIT_WHO": "JDUG490", "EASEMENT_TYPE_CD": null, "EASEMENT_TYPE_NM": null, "PARCEL_ACQUIRE_AUTH_NO": "08-090298", "PARCEL_DISPOSAL_AUTH_NO": null, "SHAPE.AREA": 568413.0609815, "SHAPE.LEN": 3707.1604244511204, "GLOBALID": "{FE89DBB2-4514-4EC1-89D5-155983D18929}"}}, {"type": "Feature", "id": 3335338, "geometry": {"type": "Polygon", "coordinates": [[[-120.64505, 47.04789], [-120.64522, 47.04795], [-120.64544, 47.04802], [-120.64569, 47.04811], [-120.64653, 47.04843], [-120.64701, 47.04861], [-120.64751, 47.0488], [-120.64859, 47.04923], [-120.64968, 47.04966], [-120.65036, 47.04994], [-120.65036, 47.04997], [-120.65195, 47.05062], [-120.65283, 47.05098], [-120.6554, 47.05203], [-120.65785, 47.05302], [-120.66054, 47.0541], [-120.66118, 47.05436], [-120.6612, 47.05433], [-120.66629, 47.05647], [-120.66628, 47.05599], [-120.66141, 47.0541], [-120.66143, 47.05407], [-120.66078, 47.05381], [-120.65809, 47.05274], [-120.65564, 47.05175], [-120.65308, 47.0507], [-120.6522, 47.05034], [-120.65035, 47.04959], [-120.65035, 47.04946], [-120.64998, 47.04931], [-120.6489, 47.04887], [-120.64817, 47.04858], [-120.64823, 47.0485], [-120.64827, 47.04839], [-120.64816, 47.04821], [-120.64815, 47.04811], [-120.64711, 47.04771], [-120.64576, 47.04721], [-120.64515, 47.04702], [-120.64504, 47.04698], [-120.64505, 47.04789]]]}, "properties": {"OBJECTID": 3335338, "PARCEL_SYST_ID": 14709, "PARCEL_TYPE_CD": 1, "PARCEL_LABEL_NM": null, "PARCEL_NM": null, "REVERSION_RIGHTS_FLG": "N", "OWN_RIGHT_DISPUTE_FLG": "N", "SURFACE_RIGHTS_FLG": "Y", "MINERAL_RIGHTS_FLG": "N", "TIMBER_RIGHTS_FLG": "Y", "SURFACE_TRUST_CD": 47, "SURFACE_TRUST_NM": "Milwaukee Road Corridor", "MINERAL_TRUST_CD": 0, "MINERAL_TRUST_NM": "Trust Status Not Applicable Or Unknown", "TIMBER_TRUST_CD": 47, "TIMBER_TRUST_NM": "Milwaukee Road Corridor", "OWNER_AGENT_SYST_ID": 58706, "STEWARD_AGENT_SYST_ID": 63986, "MANAGER_AGENT_SYST_ID": 63986, "TIMBER_OWNER_NM": null, "TIMBER_EXP_DT": null, "ORIGINAL_PATENT_DT": null, "COUNTY_JURISDICT_DESG_CD": 19, "COUNTY_NM": "Kittitas", "COUNTY_PARCEL_NO": null, "REGION_JURISDICT_DESG_CD": 100, "REGION_NM": "Southeast Region", "HCP_JURISDICT_DESG_CD": null, "HCP_DESG_CD": 2, "HCP_DESG_DT": null, "HCP_WITHDRAWAL_DT": 854611200000, "PARCEL_DESC_TXT": null, "EDIT_DATE": 1521073610000, "EDIT_STATUS": 1, "EDIT_WHO": "TSTE490", "EASEMENT_TYPE_CD": null, "EASEMENT_TYPE_NM": null, "PARCEL_ACQUIRE_AUTH_NO": null, "PARCEL_DISPOSAL_AUTH_NO": null, "SHAPE.AREA": 922069.616288, "SHAPE.LEN": 13028.0802402881, "GLOBALID": "{C504CE34-F440-42C0-BADB-72CDBDFDFC13}"}}, {"type": "Feature", "id": 3335358, "geometry": {"type": "Polygon", "coordinates": [[[-120.92085, 47.23275], [-120.9314, 47.23286], [-120.93163, 47.22554], [-120.92129, 47.22543], [-120.92085, 47.23275]]]}, "properties": {"OBJECTID": 3335358, "PARCEL_SYST_ID": 116166, "PARCEL_TYPE_CD": 1, "PARCEL_LABEL_NM": "Teanaway Com Forest", "PARCEL_NM": null, "REVERSION_RIGHTS_FLG": "N", "OWN_RIGHT_DISPUTE_FLG": "N", "SURFACE_RIGHTS_FLG": "Y", "MINERAL_RIGHTS_FLG": "Y", "TIMBER_RIGHTS_FLG": "Y", "SURFACE_TRUST_CD": 48, "SURFACE_TRUST_NM": "Community Forest Trust", "MINERAL_TRUST_CD": 48, "MINERAL_TRUST_NM": "Community Forest Trust", "TIMBER_TRUST_CD": 48, "TIMBER_TRUST_NM": "Community Forest Trust", "OWNER_AGENT_SYST_ID": 58706, "STEWARD_AGENT_SYST_ID": 63986, "MANAGER_AGENT_SYST_ID": 63986, "TIMBER_OWNER_NM": null, "TIMBER_EXP_DT": null, "ORIGINAL_PATENT_DT": null, "COUNTY_JURISDICT_DESG_CD": 19, "COUNTY_NM": "Kittitas", "COUNTY_PARCEL_NO": null, "REGION_JURISDICT_DESG_CD": 100, "REGION_NM": "Southeast Region", "HCP_JURISDICT_DESG_CD": null, "HCP_DESG_CD": 2, "HCP_DESG_DT": null, "HCP_WITHDRAWAL_DT": null, "PARCEL_DESC_TXT": null, "EDIT_DATE": 1395847238000, "EDIT_STATUS": 0, "EDIT_WHO": "JDUG490", "EASEMENT_TYPE_CD": null, "EASEMENT_TYPE_NM": null, "PARCEL_ACQUIRE_AUTH_NO": "08-090298", "PARCEL_DISPOSAL_AUTH_NO": null, "SHAPE.AREA": 6936867.945891, "SHAPE.LEN": 10537.2565871572, "GLOBALID": "{E76555CD-1609-4875-B8D4-B3C7D694EF7E}"}}, {"type": "Feature", "id": 3335359, "geometry": {"type": "Polygon", "coordinates": [[[-120.9314, 47.23286], [-120.93668, 47.23291], [-120.93697, 47.22554], [-120.93163, 47.22554], [-120.9314, 47.23286]]]}, "properties": {"OBJECTID": 3335359, "PARCEL_SYST_ID": 116302, "PARCEL_TYPE_CD": 1, "PARCEL_LABEL_NM": "Teanaway Com Forest", "PARCEL_NM": null, "REVERSION_RIGHTS_FLG": "N", "OWN_RIGHT_DISPUTE_FLG": "N", "SURFACE_RIGHTS_FLG": "Y", "MINERAL_RIGHTS_FLG": "N", "TIMBER_RIGHTS_FLG": "Y", "SURFACE_TRUST_CD": 48, "SURFACE_TRUST_NM": "Community Forest Trust", "MINERAL_TRUST_CD": 0, "MINERAL_TRUST_NM": "Trust Status Not Applicable Or Unknown", "TIMBER_TRUST_CD": 48, "TIMBER_TRUST_NM": "Community Forest Trust", "OWNER_AGENT_SYST_ID": 58706, "STEWARD_AGENT_SYST_ID": 63986, "MANAGER_AGENT_SYST_ID": 63986, "TIMBER_OWNER_NM": null, "TIMBER_EXP_DT": null, "ORIGINAL_PATENT_DT": null, "COUNTY_JURISDICT_DESG_CD": 19, "COUNTY_NM": "Kittitas", "COUNTY_PARCEL_NO": null, "REGION_JURISDICT_DESG_CD": 100, "REGION_NM": "Southeast Region", "HCP_JURISDICT_DESG_CD": null, "HCP_DESG_CD": 2, "HCP_DESG_DT": null, "HCP_WITHDRAWAL_DT": null, "PARCEL_DESC_TXT": null, "EDIT_DATE": 1395847238000, "EDIT_STATUS": 0, "EDIT_WHO": "JDUG490", "EASEMENT_TYPE_CD": null, "EASEMENT_TYPE_NM": null, "PARCEL_ACQUIRE_AUTH_NO": "08-090298", "PARCEL_DISPOSAL_AUTH_NO": null, "SHAPE.AREA": 3533855.336086, "SHAPE.LEN": 7996.601891045, "GLOBALID": "{876A0129-8E54-44BD-BC5D-9E2D5C73B46A}"}}, {"type": "Feature", "id": 3335360, "geometry": {"type": "Polygon", "coordinates": [[[-120.98463, 47.26052], [-120.98782, 47.26054], [-120.99835, 47.26052], [-121.00579, 47.2605], [-121.00596, 47.25527], [-121.00594, 47.25478], [-120.98461, 47.25459], [-120.98463, 47.26052]]]}, "properties": {"OBJECTID": 3335360, "PARCEL_SYST_ID": 116161, "PARCEL_TYPE_CD": 1, "PARCEL_LABEL_NM": "Teanaway Com Forest", "PARCEL_NM": null, "REVERSION_RIGHTS_FLG": "N", "OWN_RIGHT_DISPUTE_FLG": "N", "SURFACE_RIGHTS_FLG": "Y", "MINERAL_RIGHTS_FLG": "N", "TIMBER_RIGHTS_FLG": "Y", "SURFACE_TRUST_CD": 48, "SURFACE_TRUST_NM": "Community Forest Trust", "MINERAL_TRUST_CD": 0, "MINERAL_TRUST_NM": "Trust Status Not Applicable Or Unknown", "TIMBER_TRUST_CD": 48, "TIMBER_TRUST_NM": "Community Forest Trust", "OWNER_AGENT_SYST_ID": 58706, "STEWARD_AGENT_SYST_ID": 63986, "MANAGER_AGENT_SYST_ID": 63986, "TIMBER_OWNER_NM": null, "TIMBER_EXP_DT": null, "ORIGINAL_PATENT_DT": null, "COUNTY_JURISDICT_DESG_CD": 19, "COUNTY_NM": "Kittitas", "COUNTY_PARCEL_NO": null, "REGION_JURISDICT_DESG_CD": 100, "REGION_NM": "Southeast Region", "HCP_JURISDICT_DESG_CD": null, "HCP_DESG_CD": 2, "HCP_DESG_DT": null, "HCP_WITHDRAWAL_DT": null, "PARCEL_DESC_TXT": null, "EDIT_DATE": 1395847238000, "EDIT_STATUS": 0, "EDIT_WHO": "JDUG490", "EASEMENT_TYPE_CD": null, "EASEMENT_TYPE_NM": null, "PARCEL_ACQUIRE_AUTH_NO": "08-090298", "PARCEL_DISPOSAL_AUTH_NO": null, "SHAPE.AREA": 11243794.4423795, "SHAPE.LEN": 14801.980474070799, "GLOBALID": "{62CBC5FA-613E-45E7-AAC1-E15076383234}"}}, {"type": "Feature", "id": 3335366, "geometry": {"type": "Polygon", "coordinates": [[[-120.79301, 47.21909], [-120.79327, 47.21915], [-120.79349, 47.21924], [-120.79384, 47.21945], [-120.79387, 47.21843], [-120.79005, 47.21838], [-120.79019, 47.21852], [-120.79064, 47.21876], [-120.79102, 47.21891], [-120.7914, 47.219], [-120.79161, 47.21903], [-120.79204, 47.21909], [-120.79243, 47.21906], [-120.79301, 47.21909]]]}, "properties": {"OBJECTID": 3335366, "PARCEL_SYST_ID": 116189, "PARCEL_TYPE_CD": 1, "PARCEL_LABEL_NM": "Teanaway Com Forest", "PARCEL_NM": null, "REVERSION_RIGHTS_FLG": "N", "OWN_RIGHT_DISPUTE_FLG": "N", "SURFACE_RIGHTS_FLG": "Y", "MINERAL_RIGHTS_FLG": "Y", "TIMBER_RIGHTS_FLG": "Y", "SURFACE_TRUST_CD": 48, "SURFACE_TRUST_NM": "Community Forest Trust", "MINERAL_TRUST_CD": 48, "MINERAL_TRUST_NM": "Community Forest Trust", "TIMBER_TRUST_CD": 48, "TIMBER_TRUST_NM": "Community Forest Trust", "OWNER_AGENT_SYST_ID": 58706, "STEWARD_AGENT_SYST_ID": 63986, "MANAGER_AGENT_SYST_ID": 63986, "TIMBER_OWNER_NM": null, "TIMBER_EXP_DT": null, "ORIGINAL_PATENT_DT": null, "COUNTY_JURISDICT_DESG_CD": 19, "COUNTY_NM": "Kittitas", "COUNTY_PARCEL_NO": null, "REGION_JURISDICT_DESG_CD": 100, "REGION_NM": "Southeast Region", "HCP_JURISDICT_DESG_CD": null, "HCP_DESG_CD": 2, "HCP_DESG_DT": null, "HCP_WITHDRAWAL_DT": null, "PARCEL_DESC_TXT": null, "EDIT_DATE": 1395847238000, "EDIT_STATUS": 0, "EDIT_WHO": "JDUG490", "EASEMENT_TYPE_CD": null, "EASEMENT_TYPE_NM": null, "PARCEL_ACQUIRE_AUTH_NO": "08-090298", "PARCEL_DISPOSAL_AUTH_NO": null, "SHAPE.AREA": 203136.55301, "SHAPE.LEN": 2385.77125797827, "GLOBALID": "{BB00044B-44A9-49BF-B136-1123948AEEB3}"}}, {"type": "Feature", "id": 3335373, "geometry": {"type": "Polygon", "coordinates": [[[-120.83605, 47.21794], [-120.81465, 47.21792], [-120.81484, 47.22516], [-120.81494, 47.23126], [-120.81496, 47.23212], [-120.8256, 47.23221], [-120.83091, 47.23226], [-120.83623, 47.2323], [-120.83614, 47.22512], [-120.83605, 47.21794]]]}, "properties": {"OBJECTID": 3335373, "PARCEL_SYST_ID": 116188, "PARCEL_TYPE_CD": 1, "PARCEL_LABEL_NM": "Teanaway Com Forest", "PARCEL_NM": null, "REVERSION_RIGHTS_FLG": "N", "OWN_RIGHT_DISPUTE_FLG": "N", "SURFACE_RIGHTS_FLG": "Y", "MINERAL_RIGHTS_FLG": "N", "TIMBER_RIGHTS_FLG": "Y", "SURFACE_TRUST_CD": 48, "SURFACE_TRUST_NM": "Community Forest Trust", "MINERAL_TRUST_CD": 0, "MINERAL_TRUST_NM": "Trust Status Not Applicable Or Unknown", "TIMBER_TRUST_CD": 48, "TIMBER_TRUST_NM": "Community Forest Trust", "OWNER_AGENT_SYST_ID": 58706, "STEWARD_AGENT_SYST_ID": 63986, "MANAGER_AGENT_SYST_ID": 63986, "TIMBER_OWNER_NM": null, "TIMBER_EXP_DT": null, "ORIGINAL_PATENT_DT": null, "COUNTY_JURISDICT_DESG_CD": 19, "COUNTY_NM": "Kittitas", "COUNTY_PARCEL_NO": null, "REGION_JURISDICT_DESG_CD": 100, "REGION_NM": "Southeast Region", "HCP_JURISDICT_DESG_CD": null, "HCP_DESG_CD": 2, "HCP_DESG_DT": null, "HCP_WITHDRAWAL_DT": null, "PARCEL_DESC_TXT": null, "EDIT_DATE": 1395847238000, "EDIT_STATUS": 0, "EDIT_WHO": "JDUG490", "EASEMENT_TYPE_CD": null, "EASEMENT_TYPE_NM": null, "PARCEL_ACQUIRE_AUTH_NO": "08-090298", "PARCEL_DISPOSAL_AUTH_NO": null, "SHAPE.AREA": 27595395.3203045, "SHAPE.LEN": 21024.1847875378, "GLOBALID": "{7DBB4921-5AA0-4350-B94C-3A72512FE280}"}}, {"type": "Feature", "id": 3335375, "geometry": {"type": "Polygon", "coordinates": [[[-120.9422, 47.24718], [-120.94209, 47.25454], [-120.94218, 47.26026], [-120.95625, 47.26046], [-120.96355, 47.26038], [-120.96347, 47.25437], [-120.96345, 47.24716], [-120.95282, 47.24696], [-120.9422, 47.24675], [-120.9422, 47.24718]]]}, "properties": {"OBJECTID": 3335375, "PARCEL_SYST_ID": 116159, "PARCEL_TYPE_CD": 1, "PARCEL_LABEL_NM": "Teanaway Com Forest", "PARCEL_NM": null, "REVERSION_RIGHTS_FLG": "N", "OWN_RIGHT_DISPUTE_FLG": "N", "SURFACE_RIGHTS_FLG": "Y", "MINERAL_RIGHTS_FLG": "N", "TIMBER_RIGHTS_FLG": "Y", "SURFACE_TRUST_CD": 48, "SURFACE_TRUST_NM": "Community Forest Trust", "MINERAL_TRUST_CD": 0, "MINERAL_TRUST_NM": "Trust Status Not Applicable Or Unknown", "TIMBER_TRUST_CD": 48, "TIMBER_TRUST_NM": "Community Forest Trust", "OWNER_AGENT_SYST_ID": 58706, "STEWARD_AGENT_SYST_ID": 63986, "MANAGER_AGENT_SYST_ID": 63986, "TIMBER_OWNER_NM": null, "TIMBER_EXP_DT": null, "ORIGINAL_PATENT_DT": null, "COUNTY_JURISDICT_DESG_CD": 19, "COUNTY_NM": "Kittitas", "COUNTY_PARCEL_NO": null, "REGION_JURISDICT_DESG_CD": 100, "REGION_NM": "Southeast Region", "HCP_JURISDICT_DESG_CD": null, "HCP_DESG_CD": 2, "HCP_DESG_DT": null, "HCP_WITHDRAWAL_DT": null, "PARCEL_DESC_TXT": null, "EDIT_DATE": 1395847238000, "EDIT_STATUS": 0, "EDIT_WHO": "JDUG490", "EASEMENT_TYPE_CD": null, "EASEMENT_TYPE_NM": null, "PARCEL_ACQUIRE_AUTH_NO": "08-090298", "PARCEL_DISPOSAL_AUTH_NO": null, "SHAPE.AREA": 25941240.3636315, "SHAPE.LEN": 20336.539601952798, "GLOBALID": "{32DF7CF1-BDB9-469E-91C0-BC521B1566C9}"}}, {"type": "Feature", "id": 3335380, "geometry": {"type": "Polygon", "coordinates": [[[-120.78789, 47.34652], [-120.78765, 47.35354], [-120.80884, 47.35364], [-120.80904, 47.34624], [-120.78789, 47.34652]]]}, "properties": {"OBJECTID": 3335380, "PARCEL_SYST_ID": 116231, "PARCEL_TYPE_CD": 1, "PARCEL_LABEL_NM": "Teanaway Com Forest", "PARCEL_NM": null, "REVERSION_RIGHTS_FLG": "N", "OWN_RIGHT_DISPUTE_FLG": "N", "SURFACE_RIGHTS_FLG": "Y", "MINERAL_RIGHTS_FLG": "N", "TIMBER_RIGHTS_FLG": "Y", "SURFACE_TRUST_CD": 48, "SURFACE_TRUST_NM": "Community Forest Trust", "MINERAL_TRUST_CD": 0, "MINERAL_TRUST_NM": "Trust Status Not Applicable Or Unknown", "TIMBER_TRUST_CD": 48, "TIMBER_TRUST_NM": "Community Forest Trust", "OWNER_AGENT_SYST_ID": 58706, "STEWARD_AGENT_SYST_ID": 63986, "MANAGER_AGENT_SYST_ID": 63986, "TIMBER_OWNER_NM": null, "TIMBER_EXP_DT": null, "ORIGINAL_PATENT_DT": null, "COUNTY_JURISDICT_DESG_CD": 19, "COUNTY_NM": "Kittitas", "COUNTY_PARCEL_NO": null, "REGION_JURISDICT_DESG_CD": 100, "REGION_NM": "Southeast Region", "HCP_JURISDICT_DESG_CD": null, "HCP_DESG_CD": 2, "HCP_DESG_DT": null, "HCP_WITHDRAWAL_DT": null, "PARCEL_DESC_TXT": null, "EDIT_DATE": 1395847238000, "EDIT_STATUS": 0, "EDIT_WHO": "JDUG490", "EASEMENT_TYPE_CD": null, "EASEMENT_TYPE_NM": null, "PARCEL_ACQUIRE_AUTH_NO": "08-090298", "PARCEL_DISPOSAL_AUTH_NO": null, "SHAPE.AREA": 13802965.82705, "SHAPE.LEN": 15758.5142076675, "GLOBALID": "{CDACD69F-6271-4318-BDEC-2FBCFBCEAB43}"}}, {"type": "Feature", "id": 3335382, "geometry": {"type": "Polygon", "coordinates": [[[-120.9884, 47.29651], [-120.98813, 47.3038], [-120.99829, 47.3037], [-120.99866, 47.29649], [-120.9884, 47.29651]]]}, "properties": {"OBJECTID": 3335382, "PARCEL_SYST_ID": 116283, "PARCEL_TYPE_CD": 1, "PARCEL_LABEL_NM": "Teanaway Com Forest", "PARCEL_NM": null, "REVERSION_RIGHTS_FLG": "N", "OWN_RIGHT_DISPUTE_FLG": "N", "SURFACE_RIGHTS_FLG": "Y", "MINERAL_RIGHTS_FLG": "N", "TIMBER_RIGHTS_FLG": "Y", "SURFACE_TRUST_CD": 48, "SURFACE_TRUST_NM": "Community Forest Trust", "MINERAL_TRUST_CD": 0, "MINERAL_TRUST_NM": "Trust Status Not Applicable Or Unknown", "TIMBER_TRUST_CD": 48, "TIMBER_TRUST_NM": "Community Forest Trust", "OWNER_AGENT_SYST_ID": 58706, "STEWARD_AGENT_SYST_ID": 63986, "MANAGER_AGENT_SYST_ID": 63986, "TIMBER_OWNER_NM": null, "TIMBER_EXP_DT": null, "ORIGINAL_PATENT_DT": null, "COUNTY_JURISDICT_DESG_CD": 19, "COUNTY_NM": "Kittitas", "COUNTY_PARCEL_NO": null, "REGION_JURISDICT_DESG_CD": 100, "REGION_NM": "Southeast Region", "HCP_JURISDICT_DESG_CD": null, "HCP_DESG_CD": 2, "HCP_DESG_DT": null, "HCP_WITHDRAWAL_DT": null, "PARCEL_DESC_TXT": null, "EDIT_DATE": 1395847238000, "EDIT_STATUS": 0, "EDIT_WHO": "JDUG490", "EASEMENT_TYPE_CD": null, "EASEMENT_TYPE_NM": null, "PARCEL_ACQUIRE_AUTH_NO": "08-090298", "PARCEL_DISPOSAL_AUTH_NO": null, "SHAPE.AREA": 6696130.0019, "SHAPE.LEN": 10357.200358431, "GLOBALID": "{1BDE3DB3-F2C5-4246-9F33-D1D75A4CE8E4}"}}, {"type": "Feature", "id": 3335383, "geometry": {"type": "Polygon", "coordinates": [[[-120.9884, 47.29651], [-120.99866, 47.29649], [-120.99903, 47.28927], [-120.98867, 47.28923], [-120.9884, 47.29651]]]}, "properties": {"OBJECTID": 3335383, "PARCEL_SYST_ID": 116284, "PARCEL_TYPE_CD": 1, "PARCEL_LABEL_NM": "Teanaway Com Forest", "PARCEL_NM": null, "REVERSION_RIGHTS_FLG": "N", "OWN_RIGHT_DISPUTE_FLG": "N", "SURFACE_RIGHTS_FLG": "Y", "MINERAL_RIGHTS_FLG": "N", "TIMBER_RIGHTS_FLG": "Y", "SURFACE_TRUST_CD": 48, "SURFACE_TRUST_NM": "Community Forest Trust", "MINERAL_TRUST_CD": 0, "MINERAL_TRUST_NM": "Trust Status Not Applicable Or Unknown", "TIMBER_TRUST_CD": 48, "TIMBER_TRUST_NM": "Community Forest Trust", "OWNER_AGENT_SYST_ID": 58706, "STEWARD_AGENT_SYST_ID": 63986, "MANAGER_AGENT_SYST_ID": 63986, "TIMBER_OWNER_NM": null, "TIMBER_EXP_DT": null, "ORIGINAL_PATENT_DT": null, "COUNTY_JURISDICT_DESG_CD": 19, "COUNTY_NM": "Kittitas", "COUNTY_PARCEL_NO": null, "REGION_JURISDICT_DESG_CD": 100, "REGION_NM": "Southeast Region", "HCP_JURISDICT_DESG_CD": null, "HCP_DESG_CD": 2, "HCP_DESG_DT": null, "HCP_WITHDRAWAL_DT": null, "PARCEL_DESC_TXT": null, "EDIT_DATE": 1395847238000, "EDIT_STATUS": 0, "EDIT_WHO": "JDUG490", "EASEMENT_TYPE_CD": null, "EASEMENT_TYPE_NM": null, "PARCEL_ACQUIRE_AUTH_NO": "08-090298", "PARCEL_DISPOSAL_AUTH_NO": null, "SHAPE.AREA": 6768567.961355, "SHAPE.LEN": 10410.3225812082, "GLOBALID": "{81E835CD-98C8-4E0D-A859-FDA8310C9706}"}}, {"type": "Feature", "id": 3335388, "geometry": {"type": "Polygon", "coordinates": [[[-120.97797, 47.30389], [-120.98305, 47.30384], [-120.98327, 47.29653], [-120.9884, 47.29651], [-120.98867, 47.28923], [-120.9783, 47.28919], [-120.97814, 47.29654], [-120.97797, 47.30389]]]}, "properties": {"OBJECTID": 3335388, "PARCEL_SYST_ID": 116241, "PARCEL_TYPE_CD": 1, "PARCEL_LABEL_NM": "Teanaway Com Forest", "PARCEL_NM": null, "REVERSION_RIGHTS_FLG": "N", "OWN_RIGHT_DISPUTE_FLG": "N", "SURFACE_RIGHTS_FLG": "Y", "MINERAL_RIGHTS_FLG": "Y", "TIMBER_RIGHTS_FLG": "Y", "SURFACE_TRUST_CD": 48, "SURFACE_TRUST_NM": "Community Forest Trust", "MINERAL_TRUST_CD": 48, "MINERAL_TRUST_NM": "Community Forest Trust", "TIMBER_TRUST_CD": 48, "TIMBER_TRUST_NM": "Community Forest Trust", "OWNER_AGENT_SYST_ID": 58706, "STEWARD_AGENT_SYST_ID": 63986, "MANAGER_AGENT_SYST_ID": 63986, "TIMBER_OWNER_NM": null, "TIMBER_EXP_DT": null, "ORIGINAL_PATENT_DT": null, "COUNTY_JURISDICT_DESG_CD": 19, "COUNTY_NM": "Kittitas", "COUNTY_PARCEL_NO": null, "REGION_JURISDICT_DESG_CD": 100, "REGION_NM": "Southeast Region", "HCP_JURISDICT_DESG_CD": null, "HCP_DESG_CD": 2, "HCP_DESG_DT": null, "HCP_WITHDRAWAL_DT": null, "PARCEL_DESC_TXT": null, "EDIT_DATE": 1395847238000, "EDIT_STATUS": 0, "EDIT_WHO": "JDUG490", "EASEMENT_TYPE_CD": null, "EASEMENT_TYPE_NM": null, "PARCEL_ACQUIRE_AUTH_NO": "08-090298", "PARCEL_DISPOSAL_AUTH_NO": null, "SHAPE.AREA": 10218784.885125, "SHAPE.LEN": 15795.4445200065, "GLOBALID": "{754FFCB1-D261-4409-BA49-4F3035E26D9D}"}}, {"type": "Feature", "id": 3335403, "geometry": {"type": "Polygon", "coordinates": [[[-120.80945, 47.21805], [-120.80426, 47.21818], [-120.79906, 47.21831], [-120.79387, 47.21843], [-120.79384, 47.21945], [-120.79393, 47.21951], [-120.79407, 47.2196], [-120.79433, 47.21978], [-120.7946, 47.22004], [-120.79478, 47.22032], [-120.79478, 47.22032], [-120.79515, 47.22064], [-120.79544, 47.22082], [-120.79574, 47.22097], [-120.79591, 47.22106], [-120.79596, 47.22118], [-120.79605, 47.22164], [-120.7961, 47.22182], [-120.79901, 47.22178], [-120.79899, 47.22375], [-120.79912, 47.22386], [-120.79917, 47.2239], [-120.79949, 47.22399], [-120.79975, 47.22407], [-120.80001, 47.22404], [-120.80004, 47.22402], [-120.80033, 47.22388], [-120.80039, 47.22372], [-120.80052, 47.22351], [-120.80065, 47.22329], [-120.80097, 47.22318], [-120.80112, 47.22316], [-120.80129, 47.22314], [-120.80187, 47.22326], [-120.80252, 47.22336], [-120.80323, 47.22364], [-120.80368, 47.22387], [-120.8042, 47.22415], [-120.80425, 47.22419], [-120.80453, 47.22441], [-120.80486, 47.22464], [-120.80537, 47.22493], [-120.80563, 47.22505], [-120.80592, 47.22521], [-120.80954, 47.22519], [-120.80945, 47.21805]]]}, "properties": {"OBJECTID": 3335403, "PARCEL_SYST_ID": 116190, "PARCEL_TYPE_CD": 1, "PARCEL_LABEL_NM": "Teanaway Com Forest", "PARCEL_NM": null, "REVERSION_RIGHTS_FLG": "N", "OWN_RIGHT_DISPUTE_FLG": "N", "SURFACE_RIGHTS_FLG": "Y", "MINERAL_RIGHTS_FLG": "Y", "TIMBER_RIGHTS_FLG": "Y", "SURFACE_TRUST_CD": 48, "SURFACE_TRUST_NM": "Community Forest Trust", "MINERAL_TRUST_CD": 48, "MINERAL_TRUST_NM": "Community Forest Trust", "TIMBER_TRUST_CD": 48, "TIMBER_TRUST_NM": "Community Forest Trust", "OWNER_AGENT_SYST_ID": 58706, "STEWARD_AGENT_SYST_ID": 63986, "MANAGER_AGENT_SYST_ID": 63986, "TIMBER_OWNER_NM": null, "TIMBER_EXP_DT": null, "ORIGINAL_PATENT_DT": null, "COUNTY_JURISDICT_DESG_CD": 19, "COUNTY_NM": "Kittitas", "COUNTY_PARCEL_NO": null, "REGION_JURISDICT_DESG_CD": 100, "REGION_NM": "Southeast Region", "HCP_JURISDICT_DESG_CD": null, "HCP_DESG_CD": 2, "HCP_DESG_DT": null, "HCP_WITHDRAWAL_DT": null, "PARCEL_DESC_TXT": null, "EDIT_DATE": 1395847238000, "EDIT_STATUS": 0, "EDIT_WHO": "JDUG490", "EASEMENT_TYPE_CD": null, "EASEMENT_TYPE_NM": null, "PARCEL_ACQUIRE_AUTH_NO": "08-090298", "PARCEL_DISPOSAL_AUTH_NO": null, "SHAPE.AREA": 7171545.1931245, "SHAPE.LEN": 12463.6952136736, "GLOBALID": "{BC274DE8-3F3B-44F0-A5EF-85E09DF250BB}"}}, {"type": "Feature", "id": 3335406, "geometry": {"type": "Polygon", "coordinates": [[[-120.80592, 47.22521], [-120.80595, 47.22523], [-120.80608, 47.22527], [-120.80645, 47.22542], [-120.80692, 47.22568], [-120.80699, 47.22569], [-120.80753, 47.22578], [-120.80816, 47.22589], [-120.8087, 47.22594], [-120.80894, 47.22601], [-120.80907, 47.22607], [-120.80913, 47.2261], [-120.80935, 47.22621], [-120.80954, 47.22633], [-120.8098, 47.22646], [-120.81021, 47.22671], [-120.81065, 47.22699], [-120.81105, 47.22726], [-120.81132, 47.2276], [-120.81173, 47.22793], [-120.81206, 47.22812], [-120.81223, 47.22828], [-120.81231, 47.22843], [-120.81244, 47.22859], [-120.81264, 47.22875], [-120.81273, 47.22882], [-120.81277, 47.22885], [-120.81286, 47.22891], [-120.81312, 47.22906], [-120.81332, 47.22936], [-120.81362, 47.22988], [-120.81389, 47.23043], [-120.81423, 47.23089], [-120.81459, 47.23114], [-120.81494, 47.23126], [-120.81484, 47.22516], [-120.81465, 47.21792], [-120.80945, 47.21805], [-120.80954, 47.22519], [-120.80592, 47.22521]]]}, "properties": {"OBJECTID": 3335406, "PARCEL_SYST_ID": 116326, "PARCEL_TYPE_CD": 1, "PARCEL_LABEL_NM": "Teanaway Com Forest", "PARCEL_NM": null, "REVERSION_RIGHTS_FLG": "N", "OWN_RIGHT_DISPUTE_FLG": "N", "SURFACE_RIGHTS_FLG": "Y", "MINERAL_RIGHTS_FLG": "N", "TIMBER_RIGHTS_FLG": "Y", "SURFACE_TRUST_CD": 48, "SURFACE_TRUST_NM": "Community Forest Trust", "MINERAL_TRUST_CD": 0, "MINERAL_TRUST_NM": "Trust Status Not Applicable Or Unknown", "TIMBER_TRUST_CD": 48, "TIMBER_TRUST_NM": "Community Forest Trust", "OWNER_AGENT_SYST_ID": 58706, "STEWARD_AGENT_SYST_ID": 63986, "MANAGER_AGENT_SYST_ID": 63986, "TIMBER_OWNER_NM": null, "TIMBER_EXP_DT": null, "ORIGINAL_PATENT_DT": null, "COUNTY_JURISDICT_DESG_CD": 19, "COUNTY_NM": "Kittitas", "COUNTY_PARCEL_NO": null, "REGION_JURISDICT_DESG_CD": 100, "REGION_NM": "Southeast Region", "HCP_JURISDICT_DESG_CD": null, "HCP_DESG_CD": 2, "HCP_DESG_DT": null, "HCP_WITHDRAWAL_DT": null, "PARCEL_DESC_TXT": null, "EDIT_DATE": 1395847238000, "EDIT_STATUS": 0, "EDIT_WHO": "JDUG490", "EASEMENT_TYPE_CD": null, "EASEMENT_TYPE_NM": null, "PARCEL_ACQUIRE_AUTH_NO": "08-090298", "PARCEL_DISPOSAL_AUTH_NO": null, "SHAPE.AREA": 5240033.6623655, "SHAPE.LEN": 12967.196645674201, "GLOBALID": "{86CAEE47-7D53-44D3-9F5C-70271C0657F8}"}}, {"type": "Feature", "id": 3335410, "geometry": {"type": "Polygon", "coordinates": [[[-120.79301, 47.31039], [-120.79837, 47.31038], [-120.80373, 47.31038], [-120.80909, 47.31037], [-120.80917, 47.30318], [-120.80382, 47.30321], [-120.80377, 47.30679], [-120.79842, 47.30681], [-120.79306, 47.30682], [-120.79301, 47.31039]]]}, "properties": {"OBJECTID": 3335410, "PARCEL_SYST_ID": 116214, "PARCEL_TYPE_CD": 1, "PARCEL_LABEL_NM": "Teanaway Com Forest", "PARCEL_NM": null, "REVERSION_RIGHTS_FLG": "N", "OWN_RIGHT_DISPUTE_FLG": "N", "SURFACE_RIGHTS_FLG": "Y", "MINERAL_RIGHTS_FLG": "Y", "TIMBER_RIGHTS_FLG": "Y", "SURFACE_TRUST_CD": 48, "SURFACE_TRUST_NM": "Community Forest Trust", "MINERAL_TRUST_CD": 48, "MINERAL_TRUST_NM": "Community Forest Trust", "TIMBER_TRUST_CD": 48, "TIMBER_TRUST_NM": "Community Forest Trust", "OWNER_AGENT_SYST_ID": 58706, "STEWARD_AGENT_SYST_ID": 63986, "MANAGER_AGENT_SYST_ID": 63986, "TIMBER_OWNER_NM": null, "TIMBER_EXP_DT": null, "ORIGINAL_PATENT_DT": null, "COUNTY_JURISDICT_DESG_CD": 19, "COUNTY_NM": "Kittitas", "COUNTY_PARCEL_NO": null, "REGION_JURISDICT_DESG_CD": 100, "REGION_NM": "Southeast Region", "HCP_JURISDICT_DESG_CD": null, "HCP_DESG_CD": 2, "HCP_DESG_DT": null, "HCP_WITHDRAWAL_DT": null, "PARCEL_DESC_TXT": null, "EDIT_DATE": 1395847238000, "EDIT_STATUS": 0, "EDIT_WHO": "JDUG490", "EASEMENT_TYPE_CD": null, "EASEMENT_TYPE_NM": null, "PARCEL_ACQUIRE_AUTH_NO": "08-090298", "PARCEL_DISPOSAL_AUTH_NO": null, "SHAPE.AREA": 6943897.3375855, "SHAPE.LEN": 13203.2812471839, "GLOBALID": "{F72EB8DB-CF44-4D8E-A61E-4AB90E4EBEB1}"}}, {"type": "Feature", "id": 3335412, "geometry": {"type": "Polygon", "coordinates": [[[-120.79044, 47.30327], [-120.78777, 47.30328], [-120.78753, 47.31749], [-120.79022, 47.3175], [-120.7929, 47.31751], [-120.79295, 47.31395], [-120.79301, 47.31039], [-120.79306, 47.30682], [-120.79312, 47.30326], [-120.79044, 47.30327]]]}, "properties": {"OBJECTID": 3335412, "PARCEL_SYST_ID": 116324, "PARCEL_TYPE_CD": 1, "PARCEL_LABEL_NM": "Teanaway Com Forest", "PARCEL_NM": null, "REVERSION_RIGHTS_FLG": "N", "OWN_RIGHT_DISPUTE_FLG": "N", "SURFACE_RIGHTS_FLG": "Y", "MINERAL_RIGHTS_FLG": "N", "TIMBER_RIGHTS_FLG": "Y", "SURFACE_TRUST_CD": 48, "SURFACE_TRUST_NM": "Community Forest Trust", "MINERAL_TRUST_CD": 0, "MINERAL_TRUST_NM": "Trust Status Not Applicable Or Unknown", "TIMBER_TRUST_CD": 48, "TIMBER_TRUST_NM": "Community Forest Trust", "OWNER_AGENT_SYST_ID": 58706, "STEWARD_AGENT_SYST_ID": 63986, "MANAGER_AGENT_SYST_ID": 63986, "TIMBER_OWNER_NM": null, "TIMBER_EXP_DT": null, "ORIGINAL_PATENT_DT": null, "COUNTY_JURISDICT_DESG_CD": 19, "COUNTY_NM": "Kittitas", "COUNTY_PARCEL_NO": null, "REGION_JURISDICT_DESG_CD": 100, "REGION_NM": "Southeast Region", "HCP_JURISDICT_DESG_CD": null, "HCP_DESG_CD": 2, "HCP_DESG_DT": null, "HCP_WITHDRAWAL_DT": null, "PARCEL_DESC_TXT": null, "EDIT_DATE": 1395847238000, "EDIT_STATUS": 0, "EDIT_WHO": "JDUG490", "EASEMENT_TYPE_CD": null, "EASEMENT_TYPE_NM": null, "PARCEL_ACQUIRE_AUTH_NO": "08-090298", "PARCEL_DISPOSAL_AUTH_NO": null, "SHAPE.AREA": 6900992.0717565, "SHAPE.LEN": 13041.2076286524, "GLOBALID": "{71468E2D-F383-44C5-A5E1-BF334A66DE38}"}}, {"type": "Feature", "id": 3335501, "geometry": {"type": "Polygon", "coordinates": [[[-120.87353, 47.2502], [-120.87372, 47.25043], [-120.87377, 47.25075], [-120.87377, 47.25104], [-120.87401, 47.25144], [-120.87427, 47.25166], [-120.87468, 47.25166], [-120.87517, 47.25156], [-120.87538, 47.25159], [-120.87549, 47.25161], [-120.87549, 47.25225], [-120.87619, 47.25367], [-120.87813, 47.25367], [-120.87813, 47.25326], [-120.87807, 47.25018], [-120.87353, 47.2502]]]}, "properties": {"OBJECTID": 3335501, "PARCEL_SYST_ID": 116273, "PARCEL_TYPE_CD": 1, "PARCEL_LABEL_NM": "Teanaway Com Forest", "PARCEL_NM": null, "REVERSION_RIGHTS_FLG": "N", "OWN_RIGHT_DISPUTE_FLG": "N", "SURFACE_RIGHTS_FLG": "Y", "MINERAL_RIGHTS_FLG": "Y", "TIMBER_RIGHTS_FLG": "Y", "SURFACE_TRUST_CD": 48, "SURFACE_TRUST_NM": "Community Forest Trust", "MINERAL_TRUST_CD": 48, "MINERAL_TRUST_NM": "Community Forest Trust", "TIMBER_TRUST_CD": 48, "TIMBER_TRUST_NM": "Community Forest Trust", "OWNER_AGENT_SYST_ID": 58706, "STEWARD_AGENT_SYST_ID": 63986, "MANAGER_AGENT_SYST_ID": 63986, "TIMBER_OWNER_NM": null, "TIMBER_EXP_DT": null, "ORIGINAL_PATENT_DT": null, "COUNTY_JURISDICT_DESG_CD": 19, "COUNTY_NM": "Kittitas", "COUNTY_PARCEL_NO": null, "REGION_JURISDICT_DESG_CD": 100, "REGION_NM": "Southeast Region", "HCP_JURISDICT_DESG_CD": null, "HCP_DESG_CD": 2, "HCP_DESG_DT": null, "HCP_WITHDRAWAL_DT": null, "PARCEL_DESC_TXT": null, "EDIT_DATE": 1395847238000, "EDIT_STATUS": 0, "EDIT_WHO": "JDUG490", "EASEMENT_TYPE_CD": null, "EASEMENT_TYPE_NM": null, "PARCEL_ACQUIRE_AUTH_NO": "08-090298", "PARCEL_DISPOSAL_AUTH_NO": null, "SHAPE.AREA": 993592.5063835, "SHAPE.LEN": 4549.6243932177995, "GLOBALID": "{39F0A84D-0755-467B-9DD6-ECC3CCBE3C13}"}}, {"type": "Feature", "id": 3335502, "geometry": {"type": "Polygon", "coordinates": [[[-120.80904, 47.31397], [-120.809, 47.31756], [-120.83008, 47.31762], [-120.83014, 47.31407], [-120.81952, 47.31394], [-120.8195, 47.31029], [-120.80909, 47.31037], [-120.80904, 47.31397]]]}, "properties": {"OBJECTID": 3335502, "PARCEL_SYST_ID": 116316, "PARCEL_TYPE_CD": 1, "PARCEL_LABEL_NM": "Teanaway Com Forest", "PARCEL_NM": null, "REVERSION_RIGHTS_FLG": "N", "OWN_RIGHT_DISPUTE_FLG": "N", "SURFACE_RIGHTS_FLG": "Y", "MINERAL_RIGHTS_FLG": "Y", "TIMBER_RIGHTS_FLG": "Y", "SURFACE_TRUST_CD": 48, "SURFACE_TRUST_NM": "Community Forest Trust", "MINERAL_TRUST_CD": 48, "MINERAL_TRUST_NM": "Community Forest Trust", "TIMBER_TRUST_CD": 48, "TIMBER_TRUST_NM": "Community Forest Trust", "OWNER_AGENT_SYST_ID": 58706, "STEWARD_AGENT_SYST_ID": 63986, "MANAGER_AGENT_SYST_ID": 63986, "TIMBER_OWNER_NM": null, "TIMBER_EXP_DT": null, "ORIGINAL_PATENT_DT": null, "COUNTY_JURISDICT_DESG_CD": 19, "COUNTY_NM": "Kittitas", "COUNTY_PARCEL_NO": null, "REGION_JURISDICT_DESG_CD": 100, "REGION_NM": "Southeast Region", "HCP_JURISDICT_DESG_CD": null, "HCP_DESG_CD": 2, "HCP_DESG_DT": null, "HCP_WITHDRAWAL_DT": null, "PARCEL_DESC_TXT": null, "EDIT_DATE": 1395847238000, "EDIT_STATUS": 0, "EDIT_WHO": "JDUG490", "EASEMENT_TYPE_CD": null, "EASEMENT_TYPE_NM": null, "PARCEL_ACQUIRE_AUTH_NO": "08-090298", "PARCEL_DISPOSAL_AUTH_NO": null, "SHAPE.AREA": 10307854.097897, "SHAPE.LEN": 15693.0818535513, "GLOBALID": "{7D8B4AA9-B122-4662-94ED-EB060267513C}"}}, {"type": "Feature", "id": 3335506, "geometry": {"type": "Polygon", "coordinates": [[[-120.69095, 47.07754], [-120.69122, 47.07782], [-120.6915, 47.07811], [-120.69168, 47.07829], [-120.69205, 47.0787], [-120.69261, 47.07929], [-120.69331, 47.08002], [-120.69388, 47.08061], [-120.69515, 47.08191], [-120.6957, 47.08249], [-120.69678, 47.08364], [-120.6984, 47.08535], [-120.69897, 47.08594], [-120.69949, 47.08648], [-120.69972, 47.08672], [-120.70025, 47.08728], [-120.7005, 47.08754], [-120.70079, 47.08783], [-120.70094, 47.08796], [-120.70107, 47.08809], [-120.70123, 47.08822], [-120.70175, 47.08823], [-120.70167, 47.08816], [-120.70139, 47.08792], [-120.70126, 47.0878], [-120.70112, 47.08767], [-120.70083, 47.08738], [-120.70059, 47.08713], [-120.70006, 47.08657], [-120.69983, 47.08633], [-120.69931, 47.08579], [-120.69874, 47.0852], [-120.69712, 47.08349], [-120.69604, 47.08234], [-120.69548, 47.08176], [-120.69421, 47.08046], [-120.69364, 47.07987], [-120.69295, 47.07914], [-120.69239, 47.07855], [-120.69202, 47.07814], [-120.69184, 47.07795], [-120.69155, 47.07767], [-120.69129, 47.07739], [-120.69071, 47.07676], [-120.69088, 47.07669], [-120.69083, 47.07664], [-120.69007, 47.07585], [-120.69012, 47.07583], [-120.6884, 47.07401], [-120.68835, 47.07404], [-120.68814, 47.07381], [-120.68758, 47.07323], [-120.68759, 47.07399], [-120.68759, 47.07425], [-120.68873, 47.07546], [-120.69016, 47.07693], [-120.69021, 47.07698], [-120.69037, 47.07691], [-120.69095, 47.07754]]]}, "properties": {"OBJECTID": 3335506, "PARCEL_SYST_ID": 14705, "PARCEL_TYPE_CD": 1, "PARCEL_LABEL_NM": null, "PARCEL_NM": null, "REVERSION_RIGHTS_FLG": "N", "OWN_RIGHT_DISPUTE_FLG": "N", "SURFACE_RIGHTS_FLG": "Y", "MINERAL_RIGHTS_FLG": "N", "TIMBER_RIGHTS_FLG": "Y", "SURFACE_TRUST_CD": 47, "SURFACE_TRUST_NM": "Milwaukee Road Corridor", "MINERAL_TRUST_CD": 0, "MINERAL_TRUST_NM": "Trust Status Not Applicable Or Unknown", "TIMBER_TRUST_CD": 47, "TIMBER_TRUST_NM": "Milwaukee Road Corridor", "OWNER_AGENT_SYST_ID": 58706, "STEWARD_AGENT_SYST_ID": 63986, "MANAGER_AGENT_SYST_ID": 63986, "TIMBER_OWNER_NM": null, "TIMBER_EXP_DT": null, "ORIGINAL_PATENT_DT": null, "COUNTY_JURISDICT_DESG_CD": 19, "COUNTY_NM": "Kittitas", "COUNTY_PARCEL_NO": null, "REGION_JURISDICT_DESG_CD": 100, "REGION_NM": "Southeast Region", "HCP_JURISDICT_DESG_CD": null, "HCP_DESG_CD": 1, "HCP_DESG_DT": 854611200000, "HCP_WITHDRAWAL_DT": null, "PARCEL_DESC_TXT": null, "EDIT_DATE": 1432857863000, "EDIT_STATUS": 1, "EDIT_WHO": "JDUG490", "EASEMENT_TYPE_CD": null, "EASEMENT_TYPE_NM": null, "PARCEL_ACQUIRE_AUTH_NO": null, "PARCEL_DISPOSAL_AUTH_NO": null, "SHAPE.AREA": 779671.217577, "SHAPE.LEN": 13264.2405329432, "GLOBALID": "{034A3C11-BA71-4B32-8894-9AAF8CE666C8}"}}, {"type": "Feature", "id": 3335511, "geometry": {"type": "Polygon", "coordinates": [[[-120.91423, 47.30332], [-120.92474, 47.30336], [-120.93526, 47.3034], [-120.93525, 47.28899], [-120.9141, 47.28899], [-120.91423, 47.30332]]]}, "properties": {"OBJECTID": 3335511, "PARCEL_SYST_ID": 116240, "PARCEL_TYPE_CD": 1, "PARCEL_LABEL_NM": "Teanaway Com Forest", "PARCEL_NM": null, "REVERSION_RIGHTS_FLG": "N", "OWN_RIGHT_DISPUTE_FLG": "N", "SURFACE_RIGHTS_FLG": "Y", "MINERAL_RIGHTS_FLG": "N", "TIMBER_RIGHTS_FLG": "Y", "SURFACE_TRUST_CD": 48, "SURFACE_TRUST_NM": "Community Forest Trust", "MINERAL_TRUST_CD": 0, "MINERAL_TRUST_NM": "Trust Status Not Applicable Or Unknown", "TIMBER_TRUST_CD": 48, "TIMBER_TRUST_NM": "Community Forest Trust", "OWNER_AGENT_SYST_ID": 58706, "STEWARD_AGENT_SYST_ID": 63986, "MANAGER_AGENT_SYST_ID": 63986, "TIMBER_OWNER_NM": null, "TIMBER_EXP_DT": null, "ORIGINAL_PATENT_DT": null, "COUNTY_JURISDICT_DESG_CD": 19, "COUNTY_NM": "Kittitas", "COUNTY_PARCEL_NO": null, "REGION_JURISDICT_DESG_CD": 100, "REGION_NM": "Southeast Region", "HCP_JURISDICT_DESG_CD": null, "HCP_DESG_CD": 2, "HCP_DESG_DT": null, "HCP_WITHDRAWAL_DT": null, "PARCEL_DESC_TXT": null, "EDIT_DATE": 1395847238000, "EDIT_STATUS": 0, "EDIT_WHO": "JDUG490", "EASEMENT_TYPE_CD": null, "EASEMENT_TYPE_NM": null, "PARCEL_ACQUIRE_AUTH_NO": "08-090298", "PARCEL_DISPOSAL_AUTH_NO": null, "SHAPE.AREA": 27427413.4701845, "SHAPE.LEN": 20948.7575205374, "GLOBALID": "{B75112F8-6E77-45BE-A56C-88D9E8BBFA4A}"}}, {"type": "Feature", "id": 3335516, "geometry": {"type": "Polygon", "coordinates": [[[-120.9325, 47.28094], [-120.93304, 47.28095], [-120.93348, 47.281], [-120.93414, 47.28102], [-120.93505, 47.28109], [-120.9353, 47.28111], [-120.93533, 47.27467], [-120.91416, 47.2748], [-120.91416, 47.27522], [-120.91416, 47.27565], [-120.91474, 47.27577], [-120.91499, 47.27585], [-120.91521, 47.27602], [-120.91547, 47.27627], [-120.91564, 47.27645], [-120.91588, 47.27662], [-120.91598, 47.27668], [-120.91652, 47.2768], [-120.91666, 47.27687], [-120.91688, 47.27704], [-120.91697, 47.27714], [-120.91724, 47.27732], [-120.91747, 47.27741], [-120.91788, 47.27753], [-120.918, 47.27759], [-120.91816, 47.2777], [-120.91837, 47.27784], [-120.91878, 47.27785], [-120.919, 47.27789], [-120.91965, 47.27815], [-120.91987, 47.27825], [-120.92026, 47.27839], [-120.92069, 47.2786], [-120.92086, 47.27873], [-120.92096, 47.27882], [-120.92132, 47.2791], [-120.92148, 47.27918], [-120.92161, 47.27922], [-120.92194, 47.27924], [-120.92208, 47.2793], [-120.92217, 47.27938], [-120.92223, 47.27946], [-120.92241, 47.27958], [-120.92255, 47.27966], [-120.9227, 47.27976], [-120.92285, 47.27992], [-120.92304, 47.28005], [-120.92322, 47.28014], [-120.92334, 47.28016], [-120.92357, 47.28015], [-120.92374, 47.2801], [-120.92406, 47.27998], [-120.92431, 47.27987], [-120.92486, 47.27971], [-120.92507, 47.27968], [-120.92548, 47.27969], [-120.92591, 47.2797], [-120.9265, 47.2798], [-120.92724, 47.28004], [-120.92776, 47.28014], [-120.92875, 47.28041], [-120.92895, 47.28045], [-120.92953, 47.28056], [-120.93056, 47.28074], [-120.93175, 47.28087], [-120.93186, 47.28086], [-120.9325, 47.28094]]]}, "properties": {"OBJECTID": 3335516, "PARCEL_SYST_ID": 116247, "PARCEL_TYPE_CD": 1, "PARCEL_LABEL_NM": "Teanaway Com Forest", "PARCEL_NM": null, "REVERSION_RIGHTS_FLG": "N", "OWN_RIGHT_DISPUTE_FLG": "N", "SURFACE_RIGHTS_FLG": "Y", "MINERAL_RIGHTS_FLG": "N", "TIMBER_RIGHTS_FLG": "Y", "SURFACE_TRUST_CD": 48, "SURFACE_TRUST_NM": "Community Forest Trust", "MINERAL_TRUST_CD": 0, "MINERAL_TRUST_NM": "Trust Status Not Applicable Or Unknown", "TIMBER_TRUST_CD": 48, "TIMBER_TRUST_NM": "Community Forest Trust", "OWNER_AGENT_SYST_ID": 58706, "STEWARD_AGENT_SYST_ID": 63986, "MANAGER_AGENT_SYST_ID": 63986, "TIMBER_OWNER_NM": null, "TIMBER_EXP_DT": null, "ORIGINAL_PATENT_DT": null, "COUNTY_JURISDICT_DESG_CD": 19, "COUNTY_NM": "Kittitas", "COUNTY_PARCEL_NO": null, "REGION_JURISDICT_DESG_CD": 100, "REGION_NM": "Southeast Region", "HCP_JURISDICT_DESG_CD": null, "HCP_DESG_CD": 2, "HCP_DESG_DT": null, "HCP_WITHDRAWAL_DT": null, "PARCEL_DESC_TXT": null, "EDIT_DATE": 1395847238000, "EDIT_STATUS": 0, "EDIT_WHO": "JDUG490", "EASEMENT_TYPE_CD": null, "EASEMENT_TYPE_NM": null, "PARCEL_ACQUIRE_AUTH_NO": "08-090298", "PARCEL_DISPOSAL_AUTH_NO": null, "SHAPE.AREA": 8763605.2704965, "SHAPE.LEN": 13907.0910046526, "GLOBALID": "{E078F168-3847-4892-AF63-E7443903B26E}"}}, {"type": "Feature", "id": 3335517, "geometry": {"type": "Polygon", "coordinates": [[[-120.93512, 47.26391], [-120.93541, 47.26395], [-120.93579, 47.264], [-120.93578, 47.2635], [-120.93541, 47.2635], [-120.93512, 47.2635], [-120.93512, 47.26391]]]}, "properties": {"OBJECTID": 3335517, "PARCEL_SYST_ID": 116257, "PARCEL_TYPE_CD": 1, "PARCEL_LABEL_NM": "Teanaway Com Forest", "PARCEL_NM": null, "REVERSION_RIGHTS_FLG": "N", "OWN_RIGHT_DISPUTE_FLG": "N", "SURFACE_RIGHTS_FLG": "Y", "MINERAL_RIGHTS_FLG": "N", "TIMBER_RIGHTS_FLG": "Y", "SURFACE_TRUST_CD": 48, "SURFACE_TRUST_NM": "Community Forest Trust", "MINERAL_TRUST_CD": 0, "MINERAL_TRUST_NM": "Trust Status Not Applicable Or Unknown", "TIMBER_TRUST_CD": 48, "TIMBER_TRUST_NM": "Community Forest Trust", "OWNER_AGENT_SYST_ID": 58706, "STEWARD_AGENT_SYST_ID": 63986, "MANAGER_AGENT_SYST_ID": 63986, "TIMBER_OWNER_NM": null, "TIMBER_EXP_DT": null, "ORIGINAL_PATENT_DT": null, "COUNTY_JURISDICT_DESG_CD": 19, "COUNTY_NM": "Kittitas", "COUNTY_PARCEL_NO": null, "REGION_JURISDICT_DESG_CD": 100, "REGION_NM": "Southeast Region", "HCP_JURISDICT_DESG_CD": null, "HCP_DESG_CD": 2, "HCP_DESG_DT": null, "HCP_WITHDRAWAL_DT": null, "PARCEL_DESC_TXT": null, "EDIT_DATE": 1395847238000, "EDIT_STATUS": 0, "EDIT_WHO": "JDUG490", "EASEMENT_TYPE_CD": null, "EASEMENT_TYPE_NM": null, "PARCEL_ACQUIRE_AUTH_NO": "08-090298", "PARCEL_DISPOSAL_AUTH_NO": null, "SHAPE.AREA": 27589.8119315, "SHAPE.LEN": 667.7085808519901, "GLOBALID": "{B1004C34-DB07-4D34-87FF-0AE37EC55ACE}"}}, {"type": "Feature", "id": 3335518, "geometry": {"type": "Polygon", "coordinates": [[[-120.91306, 47.27481], [-120.91313, 47.27503], [-120.91317, 47.27512], [-120.91332, 47.27539], [-120.91343, 47.27546], [-120.91364, 47.27553], [-120.91416, 47.27565], [-120.91416, 47.27522], [-120.91416, 47.2748], [-120.91313, 47.27477], [-120.91306, 47.27477], [-120.91306, 47.27481]]]}, "properties": {"OBJECTID": 3335518, "PARCEL_SYST_ID": 116248, "PARCEL_TYPE_CD": 1, "PARCEL_LABEL_NM": "Teanaway Com Forest", "PARCEL_NM": null, "REVERSION_RIGHTS_FLG": "N", "OWN_RIGHT_DISPUTE_FLG": "N", "SURFACE_RIGHTS_FLG": "Y", "MINERAL_RIGHTS_FLG": "Y", "TIMBER_RIGHTS_FLG": "Y", "SURFACE_TRUST_CD": 48, "SURFACE_TRUST_NM": "Community Forest Trust", "MINERAL_TRUST_CD": 48, "MINERAL_TRUST_NM": "Community Forest Trust", "TIMBER_TRUST_CD": 48, "TIMBER_TRUST_NM": "Community Forest Trust", "OWNER_AGENT_SYST_ID": 58706, "STEWARD_AGENT_SYST_ID": 63986, "MANAGER_AGENT_SYST_ID": 63986, "TIMBER_OWNER_NM": null, "TIMBER_EXP_DT": null, "ORIGINAL_PATENT_DT": null, "COUNTY_JURISDICT_DESG_CD": 19, "COUNTY_NM": "Kittitas", "COUNTY_PARCEL_NO": null, "REGION_JURISDICT_DESG_CD": 100, "REGION_NM": "Southeast Region", "HCP_JURISDICT_DESG_CD": null, "HCP_DESG_CD": 2, "HCP_DESG_DT": null, "HCP_WITHDRAWAL_DT": null, "PARCEL_DESC_TXT": null, "EDIT_DATE": 1395847238000, "EDIT_STATUS": 0, "EDIT_WHO": "JDUG490", "EASEMENT_TYPE_CD": null, "EASEMENT_TYPE_NM": null, "PARCEL_ACQUIRE_AUTH_NO": "08-090298", "PARCEL_DISPOSAL_AUTH_NO": null, "SHAPE.AREA": 65571.3146285, "SHAPE.LEN": 1049.2466299492899, "GLOBALID": "{A96A1912-E0D6-4E88-95C3-E4E5A8A2ADBB}"}}, {"type": "Feature", "id": 3335535, "geometry": {"type": "Polygon", "coordinates": [[[-120.66801, 47.20311], [-120.66644, 47.21866], [-120.68859, 47.21848], [-120.68818, 47.20403], [-120.67809, 47.20357], [-120.66801, 47.20311]]]}, "properties": {"OBJECTID": 3335535, "PARCEL_SYST_ID": 116176, "PARCEL_TYPE_CD": 1, "PARCEL_LABEL_NM": "Teanaway Com Forest", "PARCEL_NM": null, "REVERSION_RIGHTS_FLG": "N", "OWN_RIGHT_DISPUTE_FLG": "N", "SURFACE_RIGHTS_FLG": "Y", "MINERAL_RIGHTS_FLG": "Y", "TIMBER_RIGHTS_FLG": "Y", "SURFACE_TRUST_CD": 48, "SURFACE_TRUST_NM": "Community Forest Trust", "MINERAL_TRUST_CD": 48, "MINERAL_TRUST_NM": "Community Forest Trust", "TIMBER_TRUST_CD": 48, "TIMBER_TRUST_NM": "Community Forest Trust", "OWNER_AGENT_SYST_ID": 58706, "STEWARD_AGENT_SYST_ID": 63986, "MANAGER_AGENT_SYST_ID": 63986, "TIMBER_OWNER_NM": null, "TIMBER_EXP_DT": null, "ORIGINAL_PATENT_DT": null, "COUNTY_JURISDICT_DESG_CD": 19, "COUNTY_NM": "Kittitas", "COUNTY_PARCEL_NO": null, "REGION_JURISDICT_DESG_CD": 100, "REGION_NM": "Southeast Region", "HCP_JURISDICT_DESG_CD": null, "HCP_DESG_CD": 2, "HCP_DESG_DT": null, "HCP_WITHDRAWAL_DT": null, "PARCEL_DESC_TXT": null, "EDIT_DATE": 1395847238000, "EDIT_STATUS": 0, "EDIT_WHO": "JDUG490", "EASEMENT_TYPE_CD": null, "EASEMENT_TYPE_NM": null, "PARCEL_ACQUIRE_AUTH_NO": "08-090298", "PARCEL_DISPOSAL_AUTH_NO": null, "SHAPE.AREA": 28794498.954465, "SHAPE.LEN": 21486.9746870696, "GLOBALID": "{D99CFC40-126C-48E2-8446-7E262074C64F}"}}, {"type": "Feature", "id": 3335540, "geometry": {"type": "Polygon", "coordinates": [[[-120.67809, 47.20357], [-120.68818, 47.20403], [-120.68816, 47.20043], [-120.67791, 47.20011], [-120.67809, 47.20357]]]}, "properties": {"OBJECTID": 3335540, "PARCEL_SYST_ID": 116321, "PARCEL_TYPE_CD": 1, "PARCEL_LABEL_NM": "Teanaway Com Forest", "PARCEL_NM": null, "REVERSION_RIGHTS_FLG": "N", "OWN_RIGHT_DISPUTE_FLG": "N", "SURFACE_RIGHTS_FLG": "Y", "MINERAL_RIGHTS_FLG": "N", "TIMBER_RIGHTS_FLG": "Y", "SURFACE_TRUST_CD": 48, "SURFACE_TRUST_NM": "Community Forest Trust", "MINERAL_TRUST_CD": 0, "MINERAL_TRUST_NM": "Trust Status Not Applicable Or Unknown", "TIMBER_TRUST_CD": 48, "TIMBER_TRUST_NM": "Community Forest Trust", "OWNER_AGENT_SYST_ID": 58706, "STEWARD_AGENT_SYST_ID": 63986, "MANAGER_AGENT_SYST_ID": 63986, "TIMBER_OWNER_NM": null, "TIMBER_EXP_DT": null, "ORIGINAL_PATENT_DT": null, "COUNTY_JURISDICT_DESG_CD": 19, "COUNTY_NM": "Kittitas", "COUNTY_PARCEL_NO": null, "REGION_JURISDICT_DESG_CD": 100, "REGION_NM": "Southeast Region", "HCP_JURISDICT_DESG_CD": null, "HCP_DESG_CD": 2, "HCP_DESG_DT": null, "HCP_WITHDRAWAL_DT": null, "PARCEL_DESC_TXT": null, "EDIT_DATE": 1395847238000, "EDIT_STATUS": 0, "EDIT_WHO": "JDUG490", "EASEMENT_TYPE_CD": null, "EASEMENT_TYPE_NM": null, "PARCEL_ACQUIRE_AUTH_NO": "08-090298", "PARCEL_DISPOSAL_AUTH_NO": null, "SHAPE.AREA": 3250784.839282, "SHAPE.LEN": 7638.845160542581, "GLOBALID": "{FBD7B4EF-25B7-488E-80D8-101DABA6A686}"}}, {"type": "Feature", "id": 3335542, "geometry": {"type": "Polygon", "coordinates": [[[-120.78753, 47.31749], [-120.78773, 47.33212], [-120.80893, 47.33205], [-120.80895, 47.32842], [-120.80897, 47.32488], [-120.809, 47.31756], [-120.7929, 47.31751], [-120.79022, 47.3175], [-120.78753, 47.31749]]]}, "properties": {"OBJECTID": 3335542, "PARCEL_SYST_ID": 116225, "PARCEL_TYPE_CD": 1, "PARCEL_LABEL_NM": "Teanaway Com Forest", "PARCEL_NM": null, "REVERSION_RIGHTS_FLG": "N", "OWN_RIGHT_DISPUTE_FLG": "N", "SURFACE_RIGHTS_FLG": "Y", "MINERAL_RIGHTS_FLG": "Y", "TIMBER_RIGHTS_FLG": "Y", "SURFACE_TRUST_CD": 48, "SURFACE_TRUST_NM": "Community Forest Trust", "MINERAL_TRUST_CD": 48, "MINERAL_TRUST_NM": "Community Forest Trust", "TIMBER_TRUST_CD": 48, "TIMBER_TRUST_NM": "Community Forest Trust", "OWNER_AGENT_SYST_ID": 58706, "STEWARD_AGENT_SYST_ID": 63986, "MANAGER_AGENT_SYST_ID": 63986, "TIMBER_OWNER_NM": null, "TIMBER_EXP_DT": null, "ORIGINAL_PATENT_DT": null, "COUNTY_JURISDICT_DESG_CD": 19, "COUNTY_NM": "Kittitas", "COUNTY_PARCEL_NO": null, "REGION_JURISDICT_DESG_CD": 100, "REGION_NM": "Southeast Region", "HCP_JURISDICT_DESG_CD": null, "HCP_DESG_CD": 2, "HCP_DESG_DT": null, "HCP_WITHDRAWAL_DT": null, "PARCEL_DESC_TXT": null, "EDIT_DATE": 1395847238000, "EDIT_STATUS": 0, "EDIT_WHO": "JDUG490", "EASEMENT_TYPE_CD": null, "EASEMENT_TYPE_NM": null, "PARCEL_ACQUIRE_AUTH_NO": "08-090298", "PARCEL_DISPOSAL_AUTH_NO": null, "SHAPE.AREA": 28087120.07377, "SHAPE.LEN": 21199.0659439482, "GLOBALID": "{80FF7FA4-CCEB-423E-92A0-FB61FC846B3B}"}}, {"type": "Feature", "id": 3335543, "geometry": {"type": "Polygon", "coordinates": [[[-120.79295, 47.31395], [-120.79832, 47.31395], [-120.79837, 47.31038], [-120.79301, 47.31039], [-120.79295, 47.31395]]]}, "properties": {"OBJECTID": 3335543, "PARCEL_SYST_ID": 116322, "PARCEL_TYPE_CD": 1, "PARCEL_LABEL_NM": "Teanaway Com Forest", "PARCEL_NM": null, "REVERSION_RIGHTS_FLG": "N", "OWN_RIGHT_DISPUTE_FLG": "N", "SURFACE_RIGHTS_FLG": "Y", "MINERAL_RIGHTS_FLG": "N", "TIMBER_RIGHTS_FLG": "Y", "SURFACE_TRUST_CD": 48, "SURFACE_TRUST_NM": "Community Forest Trust", "MINERAL_TRUST_CD": 0, "MINERAL_TRUST_NM": "Trust Status Not Applicable Or Unknown", "TIMBER_TRUST_CD": 48, "TIMBER_TRUST_NM": "Community Forest Trust", "OWNER_AGENT_SYST_ID": 58706, "STEWARD_AGENT_SYST_ID": 63986, "MANAGER_AGENT_SYST_ID": 63986, "TIMBER_OWNER_NM": null, "TIMBER_EXP_DT": null, "ORIGINAL_PATENT_DT": null, "COUNTY_JURISDICT_DESG_CD": 19, "COUNTY_NM": "Kittitas", "COUNTY_PARCEL_NO": null, "REGION_JURISDICT_DESG_CD": 100, "REGION_NM": "Southeast Region", "HCP_JURISDICT_DESG_CD": null, "HCP_DESG_CD": 2, "HCP_DESG_DT": null, "HCP_WITHDRAWAL_DT": null, "PARCEL_DESC_TXT": null, "EDIT_DATE": 1395847238000, "EDIT_STATUS": 0, "EDIT_WHO": "JDUG490", "EASEMENT_TYPE_CD": null, "EASEMENT_TYPE_NM": null, "PARCEL_ACQUIRE_AUTH_NO": "08-090298", "PARCEL_DISPOSAL_AUTH_NO": null, "SHAPE.AREA": 1731023.1494755, "SHAPE.LEN": 5263.164314663541, "GLOBALID": "{FA3BBCC0-38F4-4827-B678-13890CE962B2}"}}, {"type": "Feature", "id": 3335788, "geometry": {"type": "Polygon", "coordinates": [[[-120.72156, 47.1101], [-120.72163, 47.11031], [-120.72171, 47.11051], [-120.7218, 47.11071], [-120.72191, 47.11089], [-120.72196, 47.11097], [-120.72202, 47.11106], [-120.72211, 47.11117], [-120.72221, 47.11129], [-120.72234, 47.11142], [-120.7225, 47.11158], [-120.72269, 47.11177], [-120.72297, 47.11201], [-120.72319, 47.1122], [-120.72327, 47.11226], [-120.72334, 47.11232], [-120.72345, 47.11239], [-120.72358, 47.11247], [-120.72373, 47.11255], [-120.7239, 47.11264], [-120.72408, 47.11272], [-120.72426, 47.1128], [-120.72446, 47.11288], [-120.72467, 47.11296], [-120.72485, 47.11302], [-120.72505, 47.11308], [-120.72513, 47.1131], [-120.72526, 47.11314], [-120.72547, 47.1132], [-120.72562, 47.11323], [-120.72578, 47.11327], [-120.72628, 47.11337], [-120.72656, 47.11342], [-120.72728, 47.11354], [-120.72747, 47.11357], [-120.72765, 47.11361], [-120.72789, 47.11367], [-120.72805, 47.11371], [-120.72818, 47.11375], [-120.7282, 47.11375], [-120.72826, 47.11377], [-120.7283, 47.11379], [-120.7285, 47.11386], [-120.72866, 47.11392], [-120.72879, 47.11398], [-120.7289, 47.11404], [-120.72893, 47.11405], [-120.72896, 47.11407], [-120.72902, 47.11411], [-120.72914, 47.1142], [-120.72926, 47.11431], [-120.72938, 47.11443], [-120.7295, 47.11456], [-120.72958, 47.11467], [-120.72965, 47.11477], [-120.72967, 47.11482], [-120.72969, 47.11486], [-120.72972, 47.11495], [-120.72974, 47.11505], [-120.72976, 47.11517], [-120.72976, 47.11532], [-120.72975, 47.11546], [-120.72973, 47.1156], [-120.7297, 47.11573], [-120.72966, 47.11585], [-120.72962, 47.11595], [-120.72957, 47.11605], [-120.7295, 47.11615], [-120.72943, 47.11625], [-120.72939, 47.11631], [-120.72933, 47.11637], [-120.72913, 47.11658], [-120.72902, 47.11669], [-120.7289, 47.11681], [-120.72836, 47.11731], [-120.72886, 47.11731], [-120.72923, 47.11697], [-120.72936, 47.11685], [-120.72946, 47.11674], [-120.72967, 47.11652], [-120.72973, 47.11645], [-120.72979, 47.11638], [-120.72987, 47.11626], [-120.72994, 47.11615], [-120.73, 47.11603], [-120.73005, 47.11592], [-120.73009, 47.1158], [-120.73005, 47.11473], [-120.73002, 47.11467], [-120.72994, 47.11455], [-120.72984, 47.11442], [-120.72972, 47.11428], [-120.72959, 47.11415], [-120.72945, 47.11403], [-120.72931, 47.11392], [-120.72924, 47.11387], [-120.72916, 47.11383], [-120.72903, 47.11376], [-120.72887, 47.11368], [-120.72869, 47.11362], [-120.72848, 47.11354], [-120.72834, 47.1135], [-120.72819, 47.11345], [-120.72803, 47.11341], [-120.72778, 47.11335], [-120.72759, 47.11331], [-120.72738, 47.11327], [-120.72666, 47.11315], [-120.72639, 47.1131], [-120.7259, 47.113], [-120.72575, 47.11297], [-120.72561, 47.11294], [-120.7254, 47.11289], [-120.72521, 47.11283], [-120.72503, 47.11277], [-120.72485, 47.11272], [-120.72465, 47.11264], [-120.72447, 47.11257], [-120.7243, 47.11249], [-120.72414, 47.11242], [-120.72398, 47.11233], [-120.72384, 47.11226], [-120.72373, 47.11219], [-120.72363, 47.11213], [-120.72357, 47.11208], [-120.7235, 47.11203], [-120.72328, 47.11184], [-120.72301, 47.1116], [-120.72283, 47.11142], [-120.72267, 47.11127], [-120.72256, 47.11115], [-120.72246, 47.11104], [-120.72238, 47.11093], [-120.72233, 47.11086], [-120.72228, 47.11078], [-120.72218, 47.11061], [-120.7221, 47.11043], [-120.72202, 47.11024], [-120.72195, 47.11005], [-120.72206, 47.11005], [-120.72205, 47.11003], [-120.722, 47.10985], [-120.72197, 47.10967], [-120.72195, 47.10951], [-120.72195, 47.10938], [-120.72196, 47.10923], [-120.72198, 47.10907], [-120.72202, 47.10886], [-120.72206, 47.10866], [-120.7221, 47.10849], [-120.72214, 47.10834], [-120.72219, 47.1082], [-120.72226, 47.10805], [-120.72234, 47.1079], [-120.72243, 47.10775], [-120.72253, 47.1076], [-120.72261, 47.1075], [-120.7227, 47.10739], [-120.72307, 47.10699], [-120.72324, 47.1068], [-120.72368, 47.10633], [-120.7239, 47.10608], [-120.72417, 47.10576], [-120.72447, 47.1054], [-120.72479, 47.10497], [-120.72508, 47.10458], [-120.72543, 47.10407], [-120.72557, 47.10387], [-120.72569, 47.10368], [-120.7258, 47.1035], [-120.72591, 47.10333], [-120.726, 47.10316], [-120.72609, 47.10299], [-120.7262, 47.10277], [-120.72622, 47.1027], [-120.72559, 47.10271], [-120.72552, 47.10286], [-120.72534, 47.10318], [-120.72514, 47.10352], [-120.72489, 47.1039], [-120.72454, 47.1044], [-120.72426, 47.10478], [-120.72393, 47.1052], [-120.72365, 47.10556], [-120.72339, 47.10587], [-120.72317, 47.10611], [-120.72256, 47.10677], [-120.72218, 47.10718], [-120.72208, 47.1073], [-120.72199, 47.10742], [-120.72188, 47.10758], [-120.72178, 47.10775], [-120.72169, 47.10792], [-120.72161, 47.10809], [-120.72156, 47.10825], [-120.72151, 47.10841], [-120.72146, 47.1086], [-120.72142, 47.10881], [-120.72138, 47.10903], [-120.72136, 47.10921], [-120.72135, 47.10937], [-120.72135, 47.10952], [-120.72137, 47.10971], [-120.72141, 47.10991], [-120.72144, 47.11005], [-120.72155, 47.11005], [-120.72156, 47.1101]]]}, "properties": {"OBJECTID": 3335788, "PARCEL_SYST_ID": 14702, "PARCEL_TYPE_CD": 1, "PARCEL_LABEL_NM": null, "PARCEL_NM": null, "REVERSION_RIGHTS_FLG": "N", "OWN_RIGHT_DISPUTE_FLG": "N", "SURFACE_RIGHTS_FLG": "Y", "MINERAL_RIGHTS_FLG": "N", "TIMBER_RIGHTS_FLG": "Y", "SURFACE_TRUST_CD": 47, "SURFACE_TRUST_NM": "Milwaukee Road Corridor", "MINERAL_TRUST_CD": 0, "MINERAL_TRUST_NM": "Trust Status Not Applicable Or Unknown", "TIMBER_TRUST_CD": 47, "TIMBER_TRUST_NM": "Milwaukee Road Corridor", "OWNER_AGENT_SYST_ID": 58706, "STEWARD_AGENT_SYST_ID": 63986, "MANAGER_AGENT_SYST_ID": 63986, "TIMBER_OWNER_NM": null, "TIMBER_EXP_DT": null, "ORIGINAL_PATENT_DT": null, "COUNTY_JURISDICT_DESG_CD": 19, "COUNTY_NM": "Kittitas", "COUNTY_PARCEL_NO": null, "REGION_JURISDICT_DESG_CD": 100, "REGION_NM": "Southeast Region", "HCP_JURISDICT_DESG_CD": null, "HCP_DESG_CD": 1, "HCP_DESG_DT": 854611200000, "HCP_WITHDRAWAL_DT": null, "PARCEL_DESC_TXT": null, "EDIT_DATE": 1521073610000, "EDIT_STATUS": 1, "EDIT_WHO": "TSTE490", "EASEMENT_TYPE_CD": null, "EASEMENT_TYPE_NM": null, "PARCEL_ACQUIRE_AUTH_NO": null, "PARCEL_DISPOSAL_AUTH_NO": null, "SHAPE.AREA": 817610.600311, "SHAPE.LEN": 13868.9855325249, "GLOBALID": "{68113D2B-F747-4CE2-9565-260456B73FAB}"}}, {"type": "Feature", "id": 3335790, "geometry": {"type": "Polygon", "coordinates": [[[-120.79445, 47.11647], [-120.79448, 47.11705], [-120.79608, 47.11703], [-120.79595, 47.11698], [-120.79581, 47.11692], [-120.79568, 47.11687], [-120.79553, 47.11681], [-120.79537, 47.11676], [-120.7952, 47.1167], [-120.79503, 47.11665], [-120.79486, 47.11659], [-120.79468, 47.11654], [-120.79445, 47.11647]]]}, "properties": {"OBJECTID": 3335790, "PARCEL_SYST_ID": 114722, "PARCEL_TYPE_CD": 1, "PARCEL_LABEL_NM": null, "PARCEL_NM": null, "REVERSION_RIGHTS_FLG": "N", "OWN_RIGHT_DISPUTE_FLG": "N", "SURFACE_RIGHTS_FLG": "Y", "MINERAL_RIGHTS_FLG": "N", "TIMBER_RIGHTS_FLG": "Y", "SURFACE_TRUST_CD": 3, "SURFACE_TRUST_NM": "Common School and Indemnity", "MINERAL_TRUST_CD": 0, "MINERAL_TRUST_NM": "Trust Status Not Applicable Or Unknown", "TIMBER_TRUST_CD": 3, "TIMBER_TRUST_NM": "Common School and Indemnity", "OWNER_AGENT_SYST_ID": 58706, "STEWARD_AGENT_SYST_ID": 63986, "MANAGER_AGENT_SYST_ID": 63986, "TIMBER_OWNER_NM": null, "TIMBER_EXP_DT": null, "ORIGINAL_PATENT_DT": null, "COUNTY_JURISDICT_DESG_CD": 19, "COUNTY_NM": "Kittitas", "COUNTY_PARCEL_NO": null, "REGION_JURISDICT_DESG_CD": 100, "REGION_NM": "Southeast Region", "HCP_JURISDICT_DESG_CD": null, "HCP_DESG_CD": 1, "HCP_DESG_DT": 1339657200000, "HCP_WITHDRAWAL_DT": null, "PARCEL_DESC_TXT": null, "EDIT_DATE": 1521073610000, "EDIT_STATUS": 0, "EDIT_WHO": "TSTE490", "EASEMENT_TYPE_CD": null, "EASEMENT_TYPE_NM": null, "PARCEL_ACQUIRE_AUTH_NO": "86-086120", "PARCEL_DISPOSAL_AUTH_NO": null, "SHAPE.AREA": 45092.2588075, "SHAPE.LEN": 1068.64259996412, "GLOBALID": "{4F4E5D58-63E6-47F4-B946-6F6DA9D0084B}"}}, {"type": "Feature", "id": 3335884, "geometry": {"type": "Polygon", "coordinates": [[[-120.78246, 47.08782], [-120.77195, 47.08785], [-120.77197, 47.09506], [-120.77192, 47.10229], [-120.7829, 47.1022], [-120.79361, 47.10193], [-120.79327, 47.09468], [-120.79294, 47.08744], [-120.78246, 47.08782]]]}, "properties": {"OBJECTID": 3335884, "PARCEL_SYST_ID": 5059, "PARCEL_TYPE_CD": 1, "PARCEL_LABEL_NM": null, "PARCEL_NM": null, "REVERSION_RIGHTS_FLG": "N", "OWN_RIGHT_DISPUTE_FLG": "N", "SURFACE_RIGHTS_FLG": "Y", "MINERAL_RIGHTS_FLG": "Y", "TIMBER_RIGHTS_FLG": "Y", "SURFACE_TRUST_CD": 3, "SURFACE_TRUST_NM": "Common School and Indemnity", "MINERAL_TRUST_CD": 3, "MINERAL_TRUST_NM": "Common School and Indemnity", "TIMBER_TRUST_CD": 3, "TIMBER_TRUST_NM": "Common School and Indemnity", "OWNER_AGENT_SYST_ID": 58706, "STEWARD_AGENT_SYST_ID": 63986, "MANAGER_AGENT_SYST_ID": 63986, "TIMBER_OWNER_NM": null, "TIMBER_EXP_DT": null, "ORIGINAL_PATENT_DT": null, "COUNTY_JURISDICT_DESG_CD": 19, "COUNTY_NM": "Kittitas", "COUNTY_PARCEL_NO": null, "REGION_JURISDICT_DESG_CD": 100, "REGION_NM": "Southeast Region", "HCP_JURISDICT_DESG_CD": null, "HCP_DESG_CD": 1, "HCP_DESG_DT": 854611200000, "HCP_WITHDRAWAL_DT": null, "PARCEL_DESC_TXT": null, "EDIT_DATE": 1470265357000, "EDIT_STATUS": 1, "EDIT_WHO": "JDUG490", "EASEMENT_TYPE_CD": null, "EASEMENT_TYPE_NM": null, "PARCEL_ACQUIRE_AUTH_NO": "US PATENT NO 46-87-0001", "PARCEL_DISPOSAL_AUTH_NO": null, "SHAPE.AREA": 27956767.997213, "SHAPE.LEN": 21189.854332740902, "GLOBALID": "{266CCDAE-4DEC-4438-B8A4-4DDDC7EA8653}"}}, {"type": "Feature", "id": 3335904, "geometry": {"type": "Polygon", "coordinates": [[[-120.7035, 47.08978], [-120.70374, 47.0899], [-120.70399, 47.09002], [-120.70426, 47.09013], [-120.70451, 47.09024], [-120.70476, 47.09034], [-120.70501, 47.09044], [-120.70526, 47.09052], [-120.70553, 47.09061], [-120.7058, 47.09069], [-120.70608, 47.09077], [-120.70636, 47.09085], [-120.70666, 47.09092], [-120.70697, 47.09099], [-120.70731, 47.09106], [-120.70763, 47.09112], [-120.70793, 47.09117], [-120.70822, 47.09122], [-120.70849, 47.09125], [-120.70863, 47.09127], [-120.70863, 47.09099], [-120.70857, 47.09098], [-120.7083, 47.09095], [-120.70802, 47.0909], [-120.70773, 47.09085], [-120.70742, 47.09079], [-120.70709, 47.09073], [-120.70679, 47.09066], [-120.7065, 47.09059], [-120.70623, 47.09052], [-120.70596, 47.09044], [-120.70569, 47.09036], [-120.70544, 47.09028], [-120.7052, 47.09019], [-120.70496, 47.09011], [-120.70472, 47.09001], [-120.70447, 47.0899], [-120.70422, 47.08979], [-120.70397, 47.08967], [-120.70374, 47.08956], [-120.70352, 47.08945], [-120.70332, 47.08933], [-120.70307, 47.08919], [-120.70282, 47.08903], [-120.70257, 47.08886], [-120.70231, 47.08868], [-120.70211, 47.08852], [-120.7019, 47.08835], [-120.70175, 47.08823], [-120.70123, 47.08822], [-120.70135, 47.08833], [-120.70159, 47.08853], [-120.70181, 47.0887], [-120.70202, 47.08886], [-120.70228, 47.08905], [-120.70248, 47.08918], [-120.70227, 47.08933], [-120.70234, 47.08938], [-120.7026, 47.08955], [-120.70287, 47.0897], [-120.70332, 47.08995], [-120.70341, 47.08998], [-120.70341, 47.08973], [-120.7035, 47.08978]]]}, "properties": {"OBJECTID": 3335904, "PARCEL_SYST_ID": 14704, "PARCEL_TYPE_CD": 1, "PARCEL_LABEL_NM": null, "PARCEL_NM": null, "REVERSION_RIGHTS_FLG": "N", "OWN_RIGHT_DISPUTE_FLG": "N", "SURFACE_RIGHTS_FLG": "Y", "MINERAL_RIGHTS_FLG": "N", "TIMBER_RIGHTS_FLG": "Y", "SURFACE_TRUST_CD": 47, "SURFACE_TRUST_NM": "Milwaukee Road Corridor", "MINERAL_TRUST_CD": 0, "MINERAL_TRUST_NM": "Trust Status Not Applicable Or Unknown", "TIMBER_TRUST_CD": 47, "TIMBER_TRUST_NM": "Milwaukee Road Corridor", "OWNER_AGENT_SYST_ID": 58706, "STEWARD_AGENT_SYST_ID": 63986, "MANAGER_AGENT_SYST_ID": 63986, "TIMBER_OWNER_NM": null, "TIMBER_EXP_DT": null, "ORIGINAL_PATENT_DT": null, "COUNTY_JURISDICT_DESG_CD": 19, "COUNTY_NM": "Kittitas", "COUNTY_PARCEL_NO": null, "REGION_JURISDICT_DESG_CD": 100, "REGION_NM": "Southeast Region", "HCP_JURISDICT_DESG_CD": null, "HCP_DESG_CD": 1, "HCP_DESG_DT": 854611200000, "HCP_WITHDRAWAL_DT": null, "PARCEL_DESC_TXT": null, "EDIT_DATE": 1432857863000, "EDIT_STATUS": 1, "EDIT_WHO": "JDUG490", "EASEMENT_TYPE_CD": null, "EASEMENT_TYPE_NM": null, "PARCEL_ACQUIRE_AUTH_NO": null, "PARCEL_DISPOSAL_AUTH_NO": null, "SHAPE.AREA": 237286.1945845, "SHAPE.LEN": 4701.8949276066205, "GLOBALID": "{08145855-9172-487B-B954-9B02612A8782}"}}, {"type": "Feature", "id": 3335961, "geometry": {"type": "Polygon", "coordinates": [[[-120.68645, 47.07281], [-120.68672, 47.0731], [-120.68759, 47.07399], [-120.68758, 47.07323], [-120.68726, 47.07291], [-120.68696, 47.0726], [-120.68624, 47.07259], [-120.68645, 47.07281]]]}, "properties": {"OBJECTID": 3335961, "PARCEL_SYST_ID": 14706, "PARCEL_TYPE_CD": 1, "PARCEL_LABEL_NM": null, "PARCEL_NM": null, "REVERSION_RIGHTS_FLG": "N", "OWN_RIGHT_DISPUTE_FLG": "N", "SURFACE_RIGHTS_FLG": "Y", "MINERAL_RIGHTS_FLG": "N", "TIMBER_RIGHTS_FLG": "Y", "SURFACE_TRUST_CD": 47, "SURFACE_TRUST_NM": "Milwaukee Road Corridor", "MINERAL_TRUST_CD": 0, "MINERAL_TRUST_NM": "Trust Status Not Applicable Or Unknown", "TIMBER_TRUST_CD": 47, "TIMBER_TRUST_NM": "Milwaukee Road Corridor", "OWNER_AGENT_SYST_ID": 58706, "STEWARD_AGENT_SYST_ID": 63986, "MANAGER_AGENT_SYST_ID": 63986, "TIMBER_OWNER_NM": null, "TIMBER_EXP_DT": null, "ORIGINAL_PATENT_DT": null, "COUNTY_JURISDICT_DESG_CD": 19, "COUNTY_NM": "Kittitas", "COUNTY_PARCEL_NO": null, "REGION_JURISDICT_DESG_CD": 100, "REGION_NM": "Southeast Region", "HCP_JURISDICT_DESG_CD": null, "HCP_DESG_CD": 2, "HCP_DESG_DT": null, "HCP_WITHDRAWAL_DT": 854611200000, "PARCEL_DESC_TXT": null, "EDIT_DATE": 1432857863000, "EDIT_STATUS": 1, "EDIT_WHO": "JDUG490", "EASEMENT_TYPE_CD": null, "EASEMENT_TYPE_NM": null, "PARCEL_ACQUIRE_AUTH_NO": null, "PARCEL_DISPOSAL_AUTH_NO": null, "SHAPE.AREA": 66738.384388, "SHAPE.LEN": 1342.27050160001, "GLOBALID": "{3326F98E-748D-4C68-8DB1-D92F5A79826B}"}}, {"type": "Feature", "id": 3335962, "geometry": {"type": "Polygon", "coordinates": [[[-120.73009, 47.1158], [-120.7301, 47.11578], [-120.73013, 47.11563], [-120.73015, 47.11548], [-120.73016, 47.11532], [-120.73016, 47.11516], [-120.73014, 47.11502], [-120.73012, 47.1149], [-120.73008, 47.11479], [-120.73005, 47.11473], [-120.73009, 47.1158]]]}, "properties": {"OBJECTID": 3335962, "PARCEL_SYST_ID": 14701, "PARCEL_TYPE_CD": 1, "PARCEL_LABEL_NM": null, "PARCEL_NM": null, "REVERSION_RIGHTS_FLG": "N", "OWN_RIGHT_DISPUTE_FLG": "N", "SURFACE_RIGHTS_FLG": "Y", "MINERAL_RIGHTS_FLG": "N", "TIMBER_RIGHTS_FLG": "Y", "SURFACE_TRUST_CD": 47, "SURFACE_TRUST_NM": "Milwaukee Road Corridor", "MINERAL_TRUST_CD": 0, "MINERAL_TRUST_NM": "Trust Status Not Applicable Or Unknown", "TIMBER_TRUST_CD": 47, "TIMBER_TRUST_NM": "Milwaukee Road Corridor", "OWNER_AGENT_SYST_ID": 58706, "STEWARD_AGENT_SYST_ID": 63986, "MANAGER_AGENT_SYST_ID": 63986, "TIMBER_OWNER_NM": null, "TIMBER_EXP_DT": null, "ORIGINAL_PATENT_DT": null, "COUNTY_JURISDICT_DESG_CD": 19, "COUNTY_NM": "Kittitas", "COUNTY_PARCEL_NO": null, "REGION_JURISDICT_DESG_CD": 100, "REGION_NM": "Southeast Region", "HCP_JURISDICT_DESG_CD": null, "HCP_DESG_CD": 1, "HCP_DESG_DT": 854611200000, "HCP_WITHDRAWAL_DT": null, "PARCEL_DESC_TXT": null, "EDIT_DATE": 1432857863000, "EDIT_STATUS": 1, "EDIT_WHO": "JDUG490", "EASEMENT_TYPE_CD": null, "EASEMENT_TYPE_NM": null, "PARCEL_ACQUIRE_AUTH_NO": null, "PARCEL_DISPOSAL_AUTH_NO": null, "SHAPE.AREA": 5855.1825695, "SHAPE.LEN": 785.4495936085191, "GLOBALID": "{390C6450-9DE8-4E15-8094-05B36E7C3F7F}"}}, {"type": "Feature", "id": 3336013, "geometry": {"type": "Polygon", "coordinates": [[[-120.80729, 47.13132], [-120.80714, 47.13104], [-120.80709, 47.13094], [-120.80703, 47.13085], [-120.80697, 47.13076], [-120.8069, 47.13067], [-120.80683, 47.13058], [-120.80675, 47.1305], [-120.80667, 47.13042], [-120.80658, 47.13034], [-120.80648, 47.13026], [-120.80638, 47.13018], [-120.80628, 47.13011], [-120.80617, 47.13004], [-120.80606, 47.12998], [-120.80594, 47.12992], [-120.80567, 47.12978], [-120.80563, 47.12977], [-120.8056, 47.12975], [-120.80557, 47.12973], [-120.80554, 47.12972], [-120.8055, 47.1297], [-120.80547, 47.12968], [-120.80544, 47.12967], [-120.8054, 47.12965], [-120.80537, 47.12963], [-120.80534, 47.12962], [-120.8053, 47.1296], [-120.80527, 47.12958], [-120.80525, 47.12957], [-120.80524, 47.12956], [-120.8052, 47.12955], [-120.80517, 47.12953], [-120.80514, 47.12951], [-120.8051, 47.12949], [-120.80507, 47.12948], [-120.80504, 47.12946], [-120.80502, 47.12945], [-120.80498, 47.12943], [-120.80497, 47.13136], [-120.80729, 47.13132]]]}, "properties": {"OBJECTID": 3336013, "PARCEL_SYST_ID": 114748, "PARCEL_TYPE_CD": 1, "PARCEL_LABEL_NM": null, "PARCEL_NM": null, "REVERSION_RIGHTS_FLG": "N", "OWN_RIGHT_DISPUTE_FLG": "N", "SURFACE_RIGHTS_FLG": "Y", "MINERAL_RIGHTS_FLG": "N", "TIMBER_RIGHTS_FLG": "Y", "SURFACE_TRUST_CD": 3, "SURFACE_TRUST_NM": "Common School and Indemnity", "MINERAL_TRUST_CD": 0, "MINERAL_TRUST_NM": "Trust Status Not Applicable Or Unknown", "TIMBER_TRUST_CD": 3, "TIMBER_TRUST_NM": "Common School and Indemnity", "OWNER_AGENT_SYST_ID": 58706, "STEWARD_AGENT_SYST_ID": 63986, "MANAGER_AGENT_SYST_ID": 63986, "TIMBER_OWNER_NM": null, "TIMBER_EXP_DT": null, "ORIGINAL_PATENT_DT": null, "COUNTY_JURISDICT_DESG_CD": 19, "COUNTY_NM": "Kittitas", "COUNTY_PARCEL_NO": null, "REGION_JURISDICT_DESG_CD": 100, "REGION_NM": "Southeast Region", "HCP_JURISDICT_DESG_CD": null, "HCP_DESG_CD": 1, "HCP_DESG_DT": 1339657200000, "HCP_WITHDRAWAL_DT": null, "PARCEL_DESC_TXT": null, "EDIT_DATE": 1521073610000, "EDIT_STATUS": 0, "EDIT_WHO": "TSTE490", "EASEMENT_TYPE_CD": null, "EASEMENT_TYPE_NM": null, "PARCEL_ACQUIRE_AUTH_NO": "86-086120", "PARCEL_DISPOSAL_AUTH_NO": null, "SHAPE.AREA": 254333.6690595, "SHAPE.LEN": 2199.25903232635, "GLOBALID": "{C13EC0FA-6B75-4D7E-B42B-DB1905F4C27E}"}}, {"type": "Feature", "id": 3336016, "geometry": {"type": "Polygon", "coordinates": [[[-120.8157, 47.10959], [-120.8156, 47.11684], [-120.82526, 47.11677], [-120.83491, 47.11671], [-120.83558, 47.10247], [-120.81578, 47.10236], [-120.8157, 47.10959]]]}, "properties": {"OBJECTID": 3336016, "PARCEL_SYST_ID": 111364, "PARCEL_TYPE_CD": 1, "PARCEL_LABEL_NM": null, "PARCEL_NM": null, "REVERSION_RIGHTS_FLG": "N", "OWN_RIGHT_DISPUTE_FLG": "N", "SURFACE_RIGHTS_FLG": "Y", "MINERAL_RIGHTS_FLG": "Y", "TIMBER_RIGHTS_FLG": "Y", "SURFACE_TRUST_CD": 4, "SURFACE_TRUST_NM": "Agricultural School", "MINERAL_TRUST_CD": 4, "MINERAL_TRUST_NM": "Agricultural School", "TIMBER_TRUST_CD": 4, "TIMBER_TRUST_NM": "Agricultural School", "OWNER_AGENT_SYST_ID": 58706, "STEWARD_AGENT_SYST_ID": 63986, "MANAGER_AGENT_SYST_ID": 63986, "TIMBER_OWNER_NM": null, "TIMBER_EXP_DT": null, "ORIGINAL_PATENT_DT": null, "COUNTY_JURISDICT_DESG_CD": 19, "COUNTY_NM": "Kittitas", "COUNTY_PARCEL_NO": null, "REGION_JURISDICT_DESG_CD": 100, "REGION_NM": "Southeast Region", "HCP_JURISDICT_DESG_CD": null, "HCP_DESG_CD": 1, "HCP_DESG_DT": 1115190000000, "HCP_WITHDRAWAL_DT": null, "PARCEL_DESC_TXT": "Oil & Gas Reserved", "EDIT_DATE": 1470265357000, "EDIT_STATUS": 0, "EDIT_WHO": "JDUG490", "EASEMENT_TYPE_CD": null, "EASEMENT_TYPE_NM": null, "PARCEL_ACQUIRE_AUTH_NO": "86-074975", "PARCEL_DISPOSAL_AUTH_NO": null, "SHAPE.AREA": 25492624.619341, "SHAPE.LEN": 20216.421181631, "GLOBALID": "{D824F98E-40D0-4884-9A89-F619211B2022}"}}, {"type": "Feature", "id": 3336019, "geometry": {"type": "Polygon", "coordinates": [[[-120.79729, 47.11443], [-120.79776, 47.116], [-120.79818, 47.11646], [-120.79832, 47.11655], [-120.79845, 47.11663], [-120.79858, 47.11672], [-120.79871, 47.11682], [-120.79884, 47.11691], [-120.79896, 47.11701], [-120.80505, 47.11694], [-120.8156, 47.11684], [-120.8157, 47.10959], [-120.81578, 47.10236], [-120.8047, 47.10214], [-120.80475, 47.10422], [-120.80477, 47.10525], [-120.80479, 47.10584], [-120.8048, 47.10625], [-120.80488, 47.10951], [-120.80497, 47.11318], [-120.80497, 47.11324], [-120.79427, 47.11327], [-120.79428, 47.11356], [-120.79434, 47.11357], [-120.79432, 47.11428], [-120.79433, 47.1144], [-120.79564, 47.1148], [-120.79642, 47.11437], [-120.79729, 47.11443]]]}, "properties": {"OBJECTID": 3336019, "PARCEL_SYST_ID": 114721, "PARCEL_TYPE_CD": 1, "PARCEL_LABEL_NM": null, "PARCEL_NM": null, "REVERSION_RIGHTS_FLG": "N", "OWN_RIGHT_DISPUTE_FLG": "N", "SURFACE_RIGHTS_FLG": "Y", "MINERAL_RIGHTS_FLG": "N", "TIMBER_RIGHTS_FLG": "Y", "SURFACE_TRUST_CD": 3, "SURFACE_TRUST_NM": "Common School and Indemnity", "MINERAL_TRUST_CD": 0, "MINERAL_TRUST_NM": "Trust Status Not Applicable Or Unknown", "TIMBER_TRUST_CD": 3, "TIMBER_TRUST_NM": "Common School and Indemnity", "OWNER_AGENT_SYST_ID": 58706, "STEWARD_AGENT_SYST_ID": 63986, "MANAGER_AGENT_SYST_ID": 63986, "TIMBER_OWNER_NM": null, "TIMBER_EXP_DT": null, "ORIGINAL_PATENT_DT": null, "COUNTY_JURISDICT_DESG_CD": 19, "COUNTY_NM": "Kittitas", "COUNTY_PARCEL_NO": null, "REGION_JURISDICT_DESG_CD": 100, "REGION_NM": "Southeast Region", "HCP_JURISDICT_DESG_CD": null, "HCP_DESG_CD": 1, "HCP_DESG_DT": 1339657200000, "HCP_WITHDRAWAL_DT": null, "PARCEL_DESC_TXT": null, "EDIT_DATE": 1470265357000, "EDIT_STATUS": 0, "EDIT_WHO": "JDUG490", "EASEMENT_TYPE_CD": null, "EASEMENT_TYPE_NM": null, "PARCEL_ACQUIRE_AUTH_NO": "86-086120", "PARCEL_DISPOSAL_AUTH_NO": null, "SHAPE.AREA": 17220446.8377715, "SHAPE.LEN": 21213.1151458466, "GLOBALID": "{5CA33DE9-2124-4E91-B675-B18D1E244F56}"}}, {"type": "Feature", "id": 3336021, "geometry": {"type": "Polygon", "coordinates": [[[-120.79294, 47.08744], [-120.79327, 47.09468], [-120.79361, 47.10193], [-120.8047, 47.10214], [-120.81578, 47.10236], [-120.81468, 47.0878], [-120.81468, 47.08729], [-120.81407, 47.08729], [-120.79294, 47.08744]]]}, "properties": {"OBJECTID": 3336021, "PARCEL_SYST_ID": 114717, "PARCEL_TYPE_CD": 1, "PARCEL_LABEL_NM": null, "PARCEL_NM": null, "REVERSION_RIGHTS_FLG": "N", "OWN_RIGHT_DISPUTE_FLG": "N", "SURFACE_RIGHTS_FLG": "Y", "MINERAL_RIGHTS_FLG": "N", "TIMBER_RIGHTS_FLG": "Y", "SURFACE_TRUST_CD": 3, "SURFACE_TRUST_NM": "Common School and Indemnity", "MINERAL_TRUST_CD": 0, "MINERAL_TRUST_NM": "Trust Status Not Applicable Or Unknown", "TIMBER_TRUST_CD": 3, "TIMBER_TRUST_NM": "Common School and Indemnity", "OWNER_AGENT_SYST_ID": 58706, "STEWARD_AGENT_SYST_ID": 63986, "MANAGER_AGENT_SYST_ID": 63986, "TIMBER_OWNER_NM": null, "TIMBER_EXP_DT": null, "ORIGINAL_PATENT_DT": null, "COUNTY_JURISDICT_DESG_CD": 19, "COUNTY_NM": "Kittitas", "COUNTY_PARCEL_NO": null, "REGION_JURISDICT_DESG_CD": 100, "REGION_NM": "Southeast Region", "HCP_JURISDICT_DESG_CD": null, "HCP_DESG_CD": 1, "HCP_DESG_DT": 1339657200000, "HCP_WITHDRAWAL_DT": null, "PARCEL_DESC_TXT": null, "EDIT_DATE": 1470265357000, "EDIT_STATUS": 0, "EDIT_WHO": "JDUG490", "EASEMENT_TYPE_CD": null, "EASEMENT_TYPE_NM": null, "PARCEL_ACQUIRE_AUTH_NO": "86-086120", "PARCEL_DISPOSAL_AUTH_NO": null, "SHAPE.AREA": 29444029.2647495, "SHAPE.LEN": 21728.4417002056, "GLOBALID": "{773BAF3A-F5BF-465B-99D8-8287BE1744D5}"}}, {"type": "Feature", "id": 3336040, "geometry": {"type": "Polygon", "coordinates": [[[-120.85337, 47.24285], [-120.85386, 47.24297], [-120.85411, 47.24311], [-120.8573, 47.24311], [-120.85736, 47.23953], [-120.85746, 47.23237], [-120.84685, 47.23234], [-120.83623, 47.2323], [-120.83614, 47.2359], [-120.83605, 47.23949], [-120.83758, 47.23949], [-120.83783, 47.23946], [-120.83891, 47.23933], [-120.84025, 47.23927], [-120.84102, 47.2393], [-120.84201, 47.23948], [-120.84203, 47.23948], [-120.84212, 47.2395], [-120.8467, 47.23951], [-120.84663, 47.24301], [-120.84707, 47.24307], [-120.84716, 47.2431], [-120.85123, 47.2431], [-120.8513, 47.24286], [-120.85146, 47.24264], [-120.85168, 47.24255], [-120.85196, 47.24258], [-120.85229, 47.24264], [-120.85273, 47.2428], [-120.85295, 47.2428], [-120.85337, 47.24285]]]}, "properties": {"OBJECTID": 3336040, "PARCEL_SYST_ID": 116192, "PARCEL_TYPE_CD": 1, "PARCEL_LABEL_NM": "Teanaway Com Forest", "PARCEL_NM": null, "REVERSION_RIGHTS_FLG": "N", "OWN_RIGHT_DISPUTE_FLG": "N", "SURFACE_RIGHTS_FLG": "Y", "MINERAL_RIGHTS_FLG": "N", "TIMBER_RIGHTS_FLG": "Y", "SURFACE_TRUST_CD": 48, "SURFACE_TRUST_NM": "Community Forest Trust", "MINERAL_TRUST_CD": 0, "MINERAL_TRUST_NM": "Trust Status Not Applicable Or Unknown", "TIMBER_TRUST_CD": 48, "TIMBER_TRUST_NM": "Community Forest Trust", "OWNER_AGENT_SYST_ID": 58706, "STEWARD_AGENT_SYST_ID": 63986, "MANAGER_AGENT_SYST_ID": 63986, "TIMBER_OWNER_NM": null, "TIMBER_EXP_DT": null, "ORIGINAL_PATENT_DT": null, "COUNTY_JURISDICT_DESG_CD": 19, "COUNTY_NM": "Kittitas", "COUNTY_PARCEL_NO": null, "REGION_JURISDICT_DESG_CD": 100, "REGION_NM": "Southeast Region", "HCP_JURISDICT_DESG_CD": null, "HCP_DESG_CD": 2, "HCP_DESG_DT": null, "HCP_WITHDRAWAL_DT": null, "PARCEL_DESC_TXT": null, "EDIT_DATE": 1521073610000, "EDIT_STATUS": 0, "EDIT_WHO": "TSTE490", "EASEMENT_TYPE_CD": null, "EASEMENT_TYPE_NM": null, "PARCEL_ACQUIRE_AUTH_NO": "08-090298", "PARCEL_DISPOSAL_AUTH_NO": null, "SHAPE.AREA": 17138560.1103105, "SHAPE.LEN": 18582.3600639499, "GLOBALID": "{B4064465-3329-43D1-A7F1-6A48AD931F47}"}}, {"type": "Feature", "id": 3336241, "geometry": {"type": "Polygon", "coordinates": [[[-120.39883, 47.43636], [-120.39872, 47.45113], [-120.40415, 47.45102], [-120.40426, 47.43629], [-120.39883, 47.43636]]]}, "properties": {"OBJECTID": 3336241, "PARCEL_SYST_ID": 10929, "PARCEL_TYPE_CD": 1, "PARCEL_LABEL_NM": null, "PARCEL_NM": null, "REVERSION_RIGHTS_FLG": "N", "OWN_RIGHT_DISPUTE_FLG": "N", "SURFACE_RIGHTS_FLG": "Y", "MINERAL_RIGHTS_FLG": "Y", "TIMBER_RIGHTS_FLG": "Y", "SURFACE_TRUST_CD": 3, "SURFACE_TRUST_NM": "Common School and Indemnity", "MINERAL_TRUST_CD": 3, "MINERAL_TRUST_NM": "Common School and Indemnity", "TIMBER_TRUST_CD": 3, "TIMBER_TRUST_NM": "Common School and Indemnity", "OWNER_AGENT_SYST_ID": 58706, "STEWARD_AGENT_SYST_ID": 63986, "MANAGER_AGENT_SYST_ID": 63986, "TIMBER_OWNER_NM": null, "TIMBER_EXP_DT": null, "ORIGINAL_PATENT_DT": null, "COUNTY_JURISDICT_DESG_CD": 4, "COUNTY_NM": "Chelan", "COUNTY_PARCEL_NO": null, "REGION_JURISDICT_DESG_CD": 100, "REGION_NM": "Southeast Region", "HCP_JURISDICT_DESG_CD": null, "HCP_DESG_CD": 2, "HCP_DESG_DT": null, "HCP_WITHDRAWAL_DT": 854611200000, "PARCEL_DESC_TXT": null, "EDIT_DATE": 1453411649000, "EDIT_STATUS": 1, "EDIT_WHO": "JDUG490", "EASEMENT_TYPE_CD": null, "EASEMENT_TYPE_NM": null, "PARCEL_ACQUIRE_AUTH_NO": "US PATENT NO 46-74-0026", "PARCEL_DISPOSAL_AUTH_NO": null, "SHAPE.AREA": 7218485.686088, "SHAPE.LEN": 13444.1025486491, "GLOBALID": "{F9D972D2-BCD6-4B8C-B3FB-D3E8411069D9}"}}, {"type": "Feature", "id": 3336290, "geometry": {"type": "Polygon", "coordinates": [[[-120.68859, 47.21848], [-120.6989, 47.21856], [-120.6987, 47.21294], [-120.69866, 47.2129], [-120.69861, 47.21284], [-120.69847, 47.21269], [-120.69833, 47.21254], [-120.69821, 47.21237], [-120.69809, 47.21221], [-120.69796, 47.21199], [-120.69784, 47.21176], [-120.69774, 47.21153], [-120.69767, 47.21131], [-120.69761, 47.21106], [-120.69757, 47.2108], [-120.69756, 47.21053], [-120.69758, 47.21026], [-120.6976, 47.21009], [-120.69763, 47.20992], [-120.69766, 47.20976], [-120.6977, 47.2096], [-120.69776, 47.20945], [-120.69782, 47.2093], [-120.69789, 47.20916], [-120.69796, 47.20902], [-120.69805, 47.20887], [-120.69815, 47.20873], [-120.69826, 47.20859], [-120.69838, 47.20846], [-120.6985, 47.20833], [-120.69854, 47.2083], [-120.69845, 47.20571], [-120.69845, 47.20417], [-120.68818, 47.20403], [-120.68859, 47.21848]]]}, "properties": {"OBJECTID": 3336290, "PARCEL_SYST_ID": 116174, "PARCEL_TYPE_CD": 1, "PARCEL_LABEL_NM": "Teanaway Com Forest", "PARCEL_NM": null, "REVERSION_RIGHTS_FLG": "N", "OWN_RIGHT_DISPUTE_FLG": "N", "SURFACE_RIGHTS_FLG": "Y", "MINERAL_RIGHTS_FLG": "Y", "TIMBER_RIGHTS_FLG": "Y", "SURFACE_TRUST_CD": 48, "SURFACE_TRUST_NM": "Community Forest Trust", "MINERAL_TRUST_CD": 48, "MINERAL_TRUST_NM": "Community Forest Trust", "TIMBER_TRUST_CD": 48, "TIMBER_TRUST_NM": "Community Forest Trust", "OWNER_AGENT_SYST_ID": 58706, "STEWARD_AGENT_SYST_ID": 63986, "MANAGER_AGENT_SYST_ID": 63986, "TIMBER_OWNER_NM": null, "TIMBER_EXP_DT": null, "ORIGINAL_PATENT_DT": null, "COUNTY_JURISDICT_DESG_CD": 19, "COUNTY_NM": "Kittitas", "COUNTY_PARCEL_NO": null, "REGION_JURISDICT_DESG_CD": 100, "REGION_NM": "Southeast Region", "HCP_JURISDICT_DESG_CD": null, "HCP_DESG_CD": 2, "HCP_DESG_DT": null, "HCP_WITHDRAWAL_DT": null, "PARCEL_DESC_TXT": null, "EDIT_DATE": 1689204213000, "EDIT_STATUS": 0, "EDIT_WHO": "TSTE490", "EASEMENT_TYPE_CD": null, "EASEMENT_TYPE_NM": null, "PARCEL_ACQUIRE_AUTH_NO": "08-090298", "PARCEL_DISPOSAL_AUTH_NO": null, "SHAPE.AREA": 13103232.01841, "SHAPE.LEN": 15741.6826875083, "GLOBALID": "{DBBB58D5-5B0E-4F03-8127-6183E22A09B3}"}}, {"type": "Feature", "id": 3336291, "geometry": {"type": "Polygon", "coordinates": [[[-120.60914, 47.52423], [-120.60903, 47.52782], [-120.61455, 47.52783], [-120.62008, 47.52784], [-120.62007, 47.52423], [-120.61577, 47.52423], [-120.61452, 47.52423], [-120.60914, 47.52423]]]}, "properties": {"OBJECTID": 3336291, "PARCEL_SYST_ID": 10911, "PARCEL_TYPE_CD": 1, "PARCEL_LABEL_NM": null, "PARCEL_NM": null, "REVERSION_RIGHTS_FLG": "N", "OWN_RIGHT_DISPUTE_FLG": "N", "SURFACE_RIGHTS_FLG": "Y", "MINERAL_RIGHTS_FLG": "Y", "TIMBER_RIGHTS_FLG": "Y", "SURFACE_TRUST_CD": 3, "SURFACE_TRUST_NM": "Common School and Indemnity", "MINERAL_TRUST_CD": 3, "MINERAL_TRUST_NM": "Common School and Indemnity", "TIMBER_TRUST_CD": 3, "TIMBER_TRUST_NM": "Common School and Indemnity", "OWNER_AGENT_SYST_ID": 58706, "STEWARD_AGENT_SYST_ID": 63986, "MANAGER_AGENT_SYST_ID": 63986, "TIMBER_OWNER_NM": null, "TIMBER_EXP_DT": null, "ORIGINAL_PATENT_DT": null, "COUNTY_JURISDICT_DESG_CD": 4, "COUNTY_NM": "Chelan", "COUNTY_PARCEL_NO": null, "REGION_JURISDICT_DESG_CD": 100, "REGION_NM": "Southeast Region", "HCP_JURISDICT_DESG_CD": null, "HCP_DESG_CD": 1, "HCP_DESG_DT": 854611200000, "HCP_WITHDRAWAL_DT": null, "PARCEL_DESC_TXT": null, "EDIT_DATE": 1453329641000, "EDIT_STATUS": 1, "EDIT_WHO": "JDUG490", "EASEMENT_TYPE_CD": null, "EASEMENT_TYPE_NM": null, "PARCEL_ACQUIRE_AUTH_NO": null, "PARCEL_DISPOSAL_AUTH_NO": null, "SHAPE.AREA": 3568156.254165, "SHAPE.LEN": 8058.62471214191, "GLOBALID": "{7B55BC6B-6FE6-4859-927C-EE8F3026EA53}"}}, {"type": "Feature", "id": 3336292, "geometry": {"type": "Polygon", "coordinates": [[[-120.52291, 47.4458], [-120.52272, 47.45288], [-120.53311, 47.45306], [-120.54337, 47.45304], [-120.54346, 47.44592], [-120.54355, 47.43879], [-120.53569, 47.43876], [-120.5231, 47.43872], [-120.52291, 47.4458]]]}, "properties": {"OBJECTID": 3336292, "PARCEL_SYST_ID": 10907, "PARCEL_TYPE_CD": 1, "PARCEL_LABEL_NM": null, "PARCEL_NM": null, "REVERSION_RIGHTS_FLG": "N", "OWN_RIGHT_DISPUTE_FLG": "N", "SURFACE_RIGHTS_FLG": "Y", "MINERAL_RIGHTS_FLG": "Y", "TIMBER_RIGHTS_FLG": "Y", "SURFACE_TRUST_CD": 3, "SURFACE_TRUST_NM": "Common School and Indemnity", "MINERAL_TRUST_CD": 3, "MINERAL_TRUST_NM": "Common School and Indemnity", "TIMBER_TRUST_CD": 3, "TIMBER_TRUST_NM": "Common School and Indemnity", "OWNER_AGENT_SYST_ID": 58706, "STEWARD_AGENT_SYST_ID": 63986, "MANAGER_AGENT_SYST_ID": 63986, "TIMBER_OWNER_NM": null, "TIMBER_EXP_DT": null, "ORIGINAL_PATENT_DT": null, "COUNTY_JURISDICT_DESG_CD": 4, "COUNTY_NM": "Chelan", "COUNTY_PARCEL_NO": null, "REGION_JURISDICT_DESG_CD": 100, "REGION_NM": "Southeast Region", "HCP_JURISDICT_DESG_CD": null, "HCP_DESG_CD": 1, "HCP_DESG_DT": 854611200000, "HCP_WITHDRAWAL_DT": null, "PARCEL_DESC_TXT": null, "EDIT_DATE": 1453329641000, "EDIT_STATUS": 1, "EDIT_WHO": "JDUG490", "EASEMENT_TYPE_CD": null, "EASEMENT_TYPE_NM": null, "PARCEL_ACQUIRE_AUTH_NO": "US PATENT NO 46-74-0027", "PARCEL_DISPOSAL_AUTH_NO": null, "SHAPE.AREA": 26445513.8537755, "SHAPE.LEN": 20538.7736288524, "GLOBALID": "{E2F060DF-183A-4A99-97D6-4C8484254612}"}}, {"type": "Feature", "id": 3336293, "geometry": {"type": "Polygon", "coordinates": [[[-120.46935, 47.4801], [-120.46924, 47.48476], [-120.46919, 47.48666], [-120.46918, 47.48705], [-120.46918, 47.48744], [-120.47446, 47.48746], [-120.47467, 47.48009], [-120.46935, 47.4801]]]}, "properties": {"OBJECTID": 3336293, "PARCEL_SYST_ID": 10926, "PARCEL_TYPE_CD": 1, "PARCEL_LABEL_NM": null, "PARCEL_NM": null, "REVERSION_RIGHTS_FLG": "N", "OWN_RIGHT_DISPUTE_FLG": "N", "SURFACE_RIGHTS_FLG": "Y", "MINERAL_RIGHTS_FLG": "Y", "TIMBER_RIGHTS_FLG": "Y", "SURFACE_TRUST_CD": 3, "SURFACE_TRUST_NM": "Common School and Indemnity", "MINERAL_TRUST_CD": 3, "MINERAL_TRUST_NM": "Common School and Indemnity", "TIMBER_TRUST_CD": 3, "TIMBER_TRUST_NM": "Common School and Indemnity", "OWNER_AGENT_SYST_ID": 58706, "STEWARD_AGENT_SYST_ID": 63986, "MANAGER_AGENT_SYST_ID": 63986, "TIMBER_OWNER_NM": null, "TIMBER_EXP_DT": null, "ORIGINAL_PATENT_DT": null, "COUNTY_JURISDICT_DESG_CD": 4, "COUNTY_NM": "Chelan", "COUNTY_PARCEL_NO": null, "REGION_JURISDICT_DESG_CD": 100, "REGION_NM": "Southeast Region", "HCP_JURISDICT_DESG_CD": null, "HCP_DESG_CD": 2, "HCP_DESG_DT": null, "HCP_WITHDRAWAL_DT": 854611200000, "PARCEL_DESC_TXT": null, "EDIT_DATE": 1453339925000, "EDIT_STATUS": 1, "EDIT_WHO": "JDUG490", "EASEMENT_TYPE_CD": null, "EASEMENT_TYPE_NM": null, "PARCEL_ACQUIRE_AUTH_NO": "US PATENT NO 46-74-0026", "PARCEL_DISPOSAL_AUTH_NO": null, "SHAPE.AREA": 3517668.651221, "SHAPE.LEN": 7989.147803643581, "GLOBALID": "{A264B5EA-45CB-4C7C-B2B9-307FE4805B62}"}}, {"type": "Feature", "id": 3336294, "geometry": {"type": "Polygon", "coordinates": [[[-120.4964, 47.49472], [-120.50269, 47.49482], [-120.50899, 47.49492], [-120.51528, 47.49502], [-120.52176, 47.49511], [-120.52186, 47.48815], [-120.52191, 47.48467], [-120.51531, 47.4844], [-120.5153, 47.48794], [-120.50264, 47.48753], [-120.50267, 47.49117], [-120.49637, 47.49102], [-120.4964, 47.49472]]]}, "properties": {"OBJECTID": 3336294, "PARCEL_SYST_ID": 10928, "PARCEL_TYPE_CD": 1, "PARCEL_LABEL_NM": null, "PARCEL_NM": null, "REVERSION_RIGHTS_FLG": "N", "OWN_RIGHT_DISPUTE_FLG": "N", "SURFACE_RIGHTS_FLG": "Y", "MINERAL_RIGHTS_FLG": "Y", "TIMBER_RIGHTS_FLG": "Y", "SURFACE_TRUST_CD": 3, "SURFACE_TRUST_NM": "Common School and Indemnity", "MINERAL_TRUST_CD": 3, "MINERAL_TRUST_NM": "Common School and Indemnity", "TIMBER_TRUST_CD": 3, "TIMBER_TRUST_NM": "Common School and Indemnity", "OWNER_AGENT_SYST_ID": 58706, "STEWARD_AGENT_SYST_ID": 63986, "MANAGER_AGENT_SYST_ID": 63986, "TIMBER_OWNER_NM": null, "TIMBER_EXP_DT": null, "ORIGINAL_PATENT_DT": null, "COUNTY_JURISDICT_DESG_CD": 4, "COUNTY_NM": "Chelan", "COUNTY_PARCEL_NO": null, "REGION_JURISDICT_DESG_CD": 100, "REGION_NM": "Southeast Region", "HCP_JURISDICT_DESG_CD": null, "HCP_DESG_CD": 2, "HCP_DESG_DT": null, "HCP_WITHDRAWAL_DT": 854611200000, "PARCEL_DESC_TXT": null, "EDIT_DATE": 1453339925000, "EDIT_STATUS": 1, "EDIT_WHO": "JDUG490", "EASEMENT_TYPE_CD": null, "EASEMENT_TYPE_NM": null, "PARCEL_ACQUIRE_AUTH_NO": null, "PARCEL_DISPOSAL_AUTH_NO": null, "SHAPE.AREA": 16466473.311954, "SHAPE.LEN": 20370.310681727802, "GLOBALID": "{40DA7BB4-5A49-4B77-8399-B90E9B901CB8}"}}, {"type": "Feature", "id": 3336341, "geometry": {"type": "Polygon", "coordinates": [[[-120.87946, 47.18999], [-120.88089, 47.19049], [-120.88089, 47.18957], [-120.87945, 47.18957], [-120.87946, 47.18999]]]}, "properties": {"OBJECTID": 3336341, "PARCEL_SYST_ID": 5061, "PARCEL_TYPE_CD": 1, "PARCEL_LABEL_NM": null, "PARCEL_NM": null, "REVERSION_RIGHTS_FLG": "N", "OWN_RIGHT_DISPUTE_FLG": "N", "SURFACE_RIGHTS_FLG": "Y", "MINERAL_RIGHTS_FLG": "N", "TIMBER_RIGHTS_FLG": "Y", "SURFACE_TRUST_CD": 13, "SURFACE_TRUST_NM": "Administrative Site", "MINERAL_TRUST_CD": 0, "MINERAL_TRUST_NM": "Trust Status Not Applicable Or Unknown", "TIMBER_TRUST_CD": 13, "TIMBER_TRUST_NM": "Administrative Site", "OWNER_AGENT_SYST_ID": 58706, "STEWARD_AGENT_SYST_ID": 63986, "MANAGER_AGENT_SYST_ID": 63986, "TIMBER_OWNER_NM": null, "TIMBER_EXP_DT": null, "ORIGINAL_PATENT_DT": null, "COUNTY_JURISDICT_DESG_CD": 19, "COUNTY_NM": "Kittitas", "COUNTY_PARCEL_NO": null, "REGION_JURISDICT_DESG_CD": 100, "REGION_NM": "Southeast Region", "HCP_JURISDICT_DESG_CD": null, "HCP_DESG_CD": 1, "HCP_DESG_DT": 854611200000, "HCP_WITHDRAWAL_DT": null, "PARCEL_DESC_TXT": null, "EDIT_DATE": 1549500292000, "EDIT_STATUS": 1, "EDIT_WHO": "TSTE490", "EASEMENT_TYPE_CD": null, "EASEMENT_TYPE_NM": null, "PARCEL_ACQUIRE_AUTH_NO": null, "PARCEL_DISPOSAL_AUTH_NO": null, "SHAPE.AREA": 87297.162004, "SHAPE.LEN": 1247.3068204011, "GLOBALID": "{E157CD9B-FE74-43FD-B6A6-22AED478582D}"}}, {"type": "Feature", "id": 3336367, "geometry": {"type": "Polygon", "coordinates": [[[-120.80893, 47.33205], [-120.82468, 47.33204], [-120.82474, 47.32484], [-120.83, 47.32482], [-120.83008, 47.31762], [-120.809, 47.31756], [-120.80897, 47.32488], [-120.81435, 47.32487], [-120.81426, 47.32845], [-120.80895, 47.32842], [-120.80893, 47.33205]]]}, "properties": {"OBJECTID": 3336367, "PARCEL_SYST_ID": 116220, "PARCEL_TYPE_CD": 1, "PARCEL_LABEL_NM": "Teanaway Com Forest", "PARCEL_NM": null, "REVERSION_RIGHTS_FLG": "N", "OWN_RIGHT_DISPUTE_FLG": "N", "SURFACE_RIGHTS_FLG": "Y", "MINERAL_RIGHTS_FLG": "Y", "TIMBER_RIGHTS_FLG": "Y", "SURFACE_TRUST_CD": 48, "SURFACE_TRUST_NM": "Community Forest Trust", "MINERAL_TRUST_CD": 48, "MINERAL_TRUST_NM": "Community Forest Trust", "TIMBER_TRUST_CD": 48, "TIMBER_TRUST_NM": "Community Forest Trust", "OWNER_AGENT_SYST_ID": 58706, "STEWARD_AGENT_SYST_ID": 63986, "MANAGER_AGENT_SYST_ID": 63986, "TIMBER_OWNER_NM": null, "TIMBER_EXP_DT": null, "ORIGINAL_PATENT_DT": null, "COUNTY_JURISDICT_DESG_CD": 19, "COUNTY_NM": "Kittitas", "COUNTY_PARCEL_NO": null, "REGION_JURISDICT_DESG_CD": 100, "REGION_NM": "Southeast Region", "HCP_JURISDICT_DESG_CD": null, "HCP_DESG_CD": 2, "HCP_DESG_DT": null, "HCP_WITHDRAWAL_DT": null, "PARCEL_DESC_TXT": null, "EDIT_DATE": 1521073610000, "EDIT_STATUS": 0, "EDIT_WHO": "TSTE490", "EASEMENT_TYPE_CD": null, "EASEMENT_TYPE_NM": null, "PARCEL_ACQUIRE_AUTH_NO": "08-090298", "PARCEL_DISPOSAL_AUTH_NO": null, "SHAPE.AREA": 22354682.9673485, "SHAPE.LEN": 23645.9224448423, "GLOBALID": "{AD17DD94-C8F7-4DC9-AC33-1E81C351945C}"}}, {"type": "Feature", "id": 3336373, "geometry": {"type": "Polygon", "coordinates": [[[-120.59521, 47.52424], [-120.60056, 47.52424], [-120.60048, 47.51742], [-120.59519, 47.51737], [-120.59516, 47.51004], [-120.58472, 47.51001], [-120.58473, 47.51727], [-120.58461, 47.52091], [-120.5952, 47.52079], [-120.59521, 47.52424]]]}, "properties": {"OBJECTID": 3336373, "PARCEL_SYST_ID": 10900, "PARCEL_TYPE_CD": 1, "PARCEL_LABEL_NM": null, "PARCEL_NM": null, "REVERSION_RIGHTS_FLG": "N", "OWN_RIGHT_DISPUTE_FLG": "N", "SURFACE_RIGHTS_FLG": "Y", "MINERAL_RIGHTS_FLG": "Y", "TIMBER_RIGHTS_FLG": "Y", "SURFACE_TRUST_CD": 3, "SURFACE_TRUST_NM": "Common School and Indemnity", "MINERAL_TRUST_CD": 3, "MINERAL_TRUST_NM": "Common School and Indemnity", "TIMBER_TRUST_CD": 3, "TIMBER_TRUST_NM": "Common School and Indemnity", "OWNER_AGENT_SYST_ID": 58706, "STEWARD_AGENT_SYST_ID": 63986, "MANAGER_AGENT_SYST_ID": 63986, "TIMBER_OWNER_NM": null, "TIMBER_EXP_DT": null, "ORIGINAL_PATENT_DT": null, "COUNTY_JURISDICT_DESG_CD": 4, "COUNTY_NM": "Chelan", "COUNTY_PARCEL_NO": null, "REGION_JURISDICT_DESG_CD": 100, "REGION_NM": "Southeast Region", "HCP_JURISDICT_DESG_CD": null, "HCP_DESG_CD": 2, "HCP_DESG_DT": null, "HCP_WITHDRAWAL_DT": 854611200000, "PARCEL_DESC_TXT": null, "EDIT_DATE": 1452822549000, "EDIT_STATUS": 1, "EDIT_WHO": "JDUG490", "EASEMENT_TYPE_CD": null, "EASEMENT_TYPE_NM": null, "PARCEL_ACQUIRE_AUTH_NO": "CLEAR LIST 16 INDEMNITY", "PARCEL_DISPOSAL_AUTH_NO": null, "SHAPE.AREA": 13507100.646581, "SHAPE.LEN": 18223.8252013107, "GLOBALID": "{E4C90B1E-B8ED-4B72-B7CD-381E1CB69ADB}"}}, {"type": "Feature", "id": 3336482, "geometry": {"type": "Polygon", "coordinates": [[[-120.57448, 47.48109], [-120.5798, 47.4811], [-120.57978, 47.47749], [-120.57447, 47.47748], [-120.57446, 47.47748], [-120.57448, 47.48109]]]}, "properties": {"OBJECTID": 3336482, "PARCEL_SYST_ID": 10905, "PARCEL_TYPE_CD": 1, "PARCEL_LABEL_NM": null, "PARCEL_NM": null, "REVERSION_RIGHTS_FLG": "N", "OWN_RIGHT_DISPUTE_FLG": "N", "SURFACE_RIGHTS_FLG": "Y", "MINERAL_RIGHTS_FLG": "Y", "TIMBER_RIGHTS_FLG": "Y", "SURFACE_TRUST_CD": 74, "SURFACE_TRUST_NM": "Natural Area Preserve", "MINERAL_TRUST_CD": 3, "MINERAL_TRUST_NM": "Common School and Indemnity", "TIMBER_TRUST_CD": 74, "TIMBER_TRUST_NM": "Natural Area Preserve", "OWNER_AGENT_SYST_ID": 58706, "STEWARD_AGENT_SYST_ID": 63986, "MANAGER_AGENT_SYST_ID": 63986, "TIMBER_OWNER_NM": null, "TIMBER_EXP_DT": null, "ORIGINAL_PATENT_DT": null, "COUNTY_JURISDICT_DESG_CD": 4, "COUNTY_NM": "Chelan", "COUNTY_PARCEL_NO": null, "REGION_JURISDICT_DESG_CD": 100, "REGION_NM": "Southeast Region", "HCP_JURISDICT_DESG_CD": null, "HCP_DESG_CD": 1, "HCP_DESG_DT": 949564800000, "HCP_WITHDRAWAL_DT": null, "PARCEL_DESC_TXT": null, "EDIT_DATE": 1450888575000, "EDIT_STATUS": 1, "EDIT_WHO": "JDUG490", "EASEMENT_TYPE_CD": null, "EASEMENT_TYPE_NM": null, "PARCEL_ACQUIRE_AUTH_NO": "08-073687", "PARCEL_DISPOSAL_AUTH_NO": null, "SHAPE.AREA": 1732099.398452, "SHAPE.LEN": 5264.416698393171, "GLOBALID": "{80CE89FD-6D1D-48E4-AAAC-928DBB15D0B8}"}}, {"type": "Feature", "id": 3336483, "geometry": {"type": "Polygon", "coordinates": [[[-120.57974, 47.47028], [-120.58241, 47.47029], [-120.5824, 47.4667], [-120.57973, 47.46669], [-120.57974, 47.47028]]]}, "properties": {"OBJECTID": 3336483, "PARCEL_SYST_ID": 116749, "PARCEL_TYPE_CD": 1, "PARCEL_LABEL_NM": null, "PARCEL_NM": null, "REVERSION_RIGHTS_FLG": "N", "OWN_RIGHT_DISPUTE_FLG": "N", "SURFACE_RIGHTS_FLG": "Y", "MINERAL_RIGHTS_FLG": "N", "TIMBER_RIGHTS_FLG": "Y", "SURFACE_TRUST_CD": 74, "SURFACE_TRUST_NM": "Natural Area Preserve", "MINERAL_TRUST_CD": 0, "MINERAL_TRUST_NM": "Trust Status Not Applicable Or Unknown", "TIMBER_TRUST_CD": 74, "TIMBER_TRUST_NM": "Natural Area Preserve", "OWNER_AGENT_SYST_ID": 58706, "STEWARD_AGENT_SYST_ID": 63986, "MANAGER_AGENT_SYST_ID": 63986, "TIMBER_OWNER_NM": null, "TIMBER_EXP_DT": null, "ORIGINAL_PATENT_DT": null, "COUNTY_JURISDICT_DESG_CD": 4, "COUNTY_NM": "Chelan", "COUNTY_PARCEL_NO": null, "REGION_JURISDICT_DESG_CD": 100, "REGION_NM": "Southeast Region", "HCP_JURISDICT_DESG_CD": null, "HCP_DESG_CD": 1, "HCP_DESG_DT": 1415088000000, "HCP_WITHDRAWAL_DT": null, "PARCEL_DESC_TXT": null, "EDIT_DATE": 1450888575000, "EDIT_STATUS": 0, "EDIT_WHO": "JDUG490", "EASEMENT_TYPE_CD": null, "EASEMENT_TYPE_NM": null, "PARCEL_ACQUIRE_AUTH_NO": "08-090759", "PARCEL_DISPOSAL_AUTH_NO": null, "SHAPE.AREA": 865111.805892, "SHAPE.LEN": 3940.4930441686506, "GLOBALID": "{3FDBA4CE-8E62-4F1A-9CA0-CA374D1DD35F}"}}, {"type": "Feature", "id": 3336665, "geometry": {"type": "Polygon", "coordinates": [[[-120.57296, 47.47749], [-120.57024, 47.47749], [-120.56913, 47.4775], [-120.5691, 47.47516], [-120.56908, 47.47387], [-120.5666, 47.47387], [-120.5664, 47.47387], [-120.56372, 47.47387], [-120.5639, 47.48115], [-120.57448, 47.48109], [-120.57446, 47.47748], [-120.57296, 47.47749]]]}, "properties": {"OBJECTID": 3336665, "PARCEL_SYST_ID": 10904, "PARCEL_TYPE_CD": 1, "PARCEL_LABEL_NM": null, "PARCEL_NM": null, "REVERSION_RIGHTS_FLG": "N", "OWN_RIGHT_DISPUTE_FLG": "N", "SURFACE_RIGHTS_FLG": "Y", "MINERAL_RIGHTS_FLG": "Y", "TIMBER_RIGHTS_FLG": "Y", "SURFACE_TRUST_CD": 74, "SURFACE_TRUST_NM": "Natural Area Preserve", "MINERAL_TRUST_CD": 3, "MINERAL_TRUST_NM": "Common School and Indemnity", "TIMBER_TRUST_CD": 74, "TIMBER_TRUST_NM": "Natural Area Preserve", "OWNER_AGENT_SYST_ID": 58706, "STEWARD_AGENT_SYST_ID": 63986, "MANAGER_AGENT_SYST_ID": 63986, "TIMBER_OWNER_NM": null, "TIMBER_EXP_DT": null, "ORIGINAL_PATENT_DT": null, "COUNTY_JURISDICT_DESG_CD": 4, "COUNTY_NM": "Chelan", "COUNTY_PARCEL_NO": null, "REGION_JURISDICT_DESG_CD": 100, "REGION_NM": "Southeast Region", "HCP_JURISDICT_DESG_CD": null, "HCP_DESG_CD": 1, "HCP_DESG_DT": 854611200000, "HCP_WITHDRAWAL_DT": null, "PARCEL_DESC_TXT": null, "EDIT_DATE": 1487208502000, "EDIT_STATUS": 1, "EDIT_WHO": "JDUG490", "EASEMENT_TYPE_CD": null, "EASEMENT_TYPE_NM": null, "PARCEL_ACQUIRE_AUTH_NO": "02-050629 CLEAR LIST 16 INDEMNITY", "PARCEL_DISPOSAL_AUTH_NO": null, "SHAPE.AREA": 5225204.27082, "SHAPE.LEN": 10557.6808856179, "GLOBALID": "{8A0CBB0B-4150-42B3-885C-134AA0CF8430}"}}, {"type": "Feature", "id": 3336670, "geometry": {"type": "Polygon", "coordinates": [[[-120.57441, 47.47027], [-120.57708, 47.47028], [-120.57706, 47.46668], [-120.57439, 47.46667], [-120.57441, 47.47027]]]}, "properties": {"OBJECTID": 3336670, "PARCEL_SYST_ID": 13554, "PARCEL_TYPE_CD": 1, "PARCEL_LABEL_NM": null, "PARCEL_NM": null, "REVERSION_RIGHTS_FLG": "N", "OWN_RIGHT_DISPUTE_FLG": "N", "SURFACE_RIGHTS_FLG": "Y", "MINERAL_RIGHTS_FLG": "Y", "TIMBER_RIGHTS_FLG": "Y", "SURFACE_TRUST_CD": 74, "SURFACE_TRUST_NM": "Natural Area Preserve", "MINERAL_TRUST_CD": 74, "MINERAL_TRUST_NM": "Natural Area Preserve", "TIMBER_TRUST_CD": 74, "TIMBER_TRUST_NM": "Natural Area Preserve", "OWNER_AGENT_SYST_ID": 58706, "STEWARD_AGENT_SYST_ID": 63986, "MANAGER_AGENT_SYST_ID": 63986, "TIMBER_OWNER_NM": null, "TIMBER_EXP_DT": null, "ORIGINAL_PATENT_DT": null, "COUNTY_JURISDICT_DESG_CD": 4, "COUNTY_NM": "Chelan", "COUNTY_PARCEL_NO": null, "REGION_JURISDICT_DESG_CD": 100, "REGION_NM": "Southeast Region", "HCP_JURISDICT_DESG_CD": null, "HCP_DESG_CD": 1, "HCP_DESG_DT": 854611200000, "HCP_WITHDRAWAL_DT": null, "PARCEL_DESC_TXT": null, "EDIT_DATE": 1487208502000, "EDIT_STATUS": 1, "EDIT_WHO": "JDUG490", "EASEMENT_TYPE_CD": null, "EASEMENT_TYPE_NM": null, "PARCEL_ACQUIRE_AUTH_NO": "08-092330", "PARCEL_DISPOSAL_AUTH_NO": null, "SHAPE.AREA": 865741.7733935, "SHAPE.LEN": 3944.3891809525203, "GLOBALID": "{D7C79AA3-D1FD-4A53-B210-B63B296D574C}"}}, {"type": "Feature", "id": 3336714, "geometry": {"type": "Polygon", "coordinates": [[[-120.38805, 47.3544], [-120.3882, 47.36198], [-120.39364, 47.36192], [-120.39349, 47.35438], [-120.39893, 47.35436], [-120.399, 47.35811], [-120.40986, 47.35803], [-120.40978, 47.35431], [-120.40977, 47.35425], [-120.40999, 47.34692], [-120.40964, 47.34692], [-120.39878, 47.34687], [-120.38794, 47.34691], [-120.38805, 47.3544]]]}, "properties": {"OBJECTID": 3336714, "PARCEL_SYST_ID": 10923, "PARCEL_TYPE_CD": 1, "PARCEL_LABEL_NM": null, "PARCEL_NM": null, "REVERSION_RIGHTS_FLG": "N", "OWN_RIGHT_DISPUTE_FLG": "N", "SURFACE_RIGHTS_FLG": "Y", "MINERAL_RIGHTS_FLG": "Y", "TIMBER_RIGHTS_FLG": "Y", "SURFACE_TRUST_CD": 3, "SURFACE_TRUST_NM": "Common School and Indemnity", "MINERAL_TRUST_CD": 3, "MINERAL_TRUST_NM": "Common School and Indemnity", "TIMBER_TRUST_CD": 3, "TIMBER_TRUST_NM": "Common School and Indemnity", "OWNER_AGENT_SYST_ID": 58706, "STEWARD_AGENT_SYST_ID": 63986, "MANAGER_AGENT_SYST_ID": 63986, "TIMBER_OWNER_NM": null, "TIMBER_EXP_DT": null, "ORIGINAL_PATENT_DT": null, "COUNTY_JURISDICT_DESG_CD": 4, "COUNTY_NM": "Chelan", "COUNTY_PARCEL_NO": null, "REGION_JURISDICT_DESG_CD": 100, "REGION_NM": "Southeast Region", "HCP_JURISDICT_DESG_CD": null, "HCP_DESG_CD": 1, "HCP_DESG_DT": 854611200000, "HCP_WITHDRAWAL_DT": null, "PARCEL_DESC_TXT": null, "EDIT_DATE": 1461191077000, "EDIT_STATUS": 1, "EDIT_WHO": "JDUG490", "EASEMENT_TYPE_CD": null, "EASEMENT_TYPE_NM": null, "PARCEL_ACQUIRE_AUTH_NO": "US PATENT NO 46-74-0026", "PARCEL_DISPOSAL_AUTH_NO": null, "SHAPE.AREA": 22153716.8900915, "SHAPE.LEN": 24526.0619173984, "GLOBALID": "{2B363289-5898-428E-80F2-E177A9505F14}"}}, {"type": "Feature", "id": 3336774, "geometry": {"type": "Polygon", "coordinates": [[[-120.57207, 47.47566], [-120.57231, 47.47616], [-120.57291, 47.4774], [-120.57295, 47.47748], [-120.57296, 47.47749], [-120.57446, 47.47748], [-120.57447, 47.47748], [-120.57447, 47.47743], [-120.57445, 47.47616], [-120.57445, 47.47515], [-120.57283, 47.47515], [-120.57283, 47.47529], [-120.57188, 47.47529], [-120.57207, 47.47566]]]}, "properties": {"OBJECTID": 3336774, "PARCEL_SYST_ID": 117197, "PARCEL_TYPE_CD": 1, "PARCEL_LABEL_NM": null, "PARCEL_NM": null, "REVERSION_RIGHTS_FLG": "N", "OWN_RIGHT_DISPUTE_FLG": "N", "SURFACE_RIGHTS_FLG": "Y", "MINERAL_RIGHTS_FLG": "Y", "TIMBER_RIGHTS_FLG": "Y", "SURFACE_TRUST_CD": 74, "SURFACE_TRUST_NM": "Natural Area Preserve", "MINERAL_TRUST_CD": 74, "MINERAL_TRUST_NM": "Natural Area Preserve", "TIMBER_TRUST_CD": 74, "TIMBER_TRUST_NM": "Natural Area Preserve", "OWNER_AGENT_SYST_ID": 58706, "STEWARD_AGENT_SYST_ID": 63986, "MANAGER_AGENT_SYST_ID": 63986, "TIMBER_OWNER_NM": null, "TIMBER_EXP_DT": null, "ORIGINAL_PATENT_DT": null, "COUNTY_JURISDICT_DESG_CD": 4, "COUNTY_NM": "Chelan", "COUNTY_PARCEL_NO": null, "REGION_JURISDICT_DESG_CD": 100, "REGION_NM": "Southeast Region", "HCP_JURISDICT_DESG_CD": null, "HCP_DESG_CD": 1, "HCP_DESG_DT": 1449648000000, "HCP_WITHDRAWAL_DT": null, "PARCEL_DESC_TXT": null, "EDIT_DATE": 1491407304000, "EDIT_STATUS": 0, "EDIT_WHO": "JDUG490", "EASEMENT_TYPE_CD": null, "EASEMENT_TYPE_NM": null, "PARCEL_ACQUIRE_AUTH_NO": "08-092931", "PARCEL_DISPOSAL_AUTH_NO": null, "SHAPE.AREA": 424406.967305, "SHAPE.LEN": 2755.32405942884, "GLOBALID": "{146984BF-B4FF-4247-973C-2B96D72AB019}"}}, {"type": "Feature", "id": 3336826, "geometry": {"type": "Polygon", "coordinates": [[[-120.83531, 47.31752], [-120.83008, 47.31762], [-120.83, 47.32482], [-120.83002, 47.33204], [-120.83529, 47.33205], [-120.84066, 47.33206], [-120.85129, 47.33207], [-120.8512, 47.31767], [-120.84083, 47.31736], [-120.83531, 47.31752]]]}, "properties": {"OBJECTID": 3336826, "PARCEL_SYST_ID": 116221, "PARCEL_TYPE_CD": 1, "PARCEL_LABEL_NM": "Teanaway Com Forest", "PARCEL_NM": null, "REVERSION_RIGHTS_FLG": "N", "OWN_RIGHT_DISPUTE_FLG": "N", "SURFACE_RIGHTS_FLG": "Y", "MINERAL_RIGHTS_FLG": "N", "TIMBER_RIGHTS_FLG": "Y", "SURFACE_TRUST_CD": 48, "SURFACE_TRUST_NM": "Community Forest Trust", "MINERAL_TRUST_CD": 0, "MINERAL_TRUST_NM": "Trust Status Not Applicable Or Unknown", "TIMBER_TRUST_CD": 48, "TIMBER_TRUST_NM": "Community Forest Trust", "OWNER_AGENT_SYST_ID": 58706, "STEWARD_AGENT_SYST_ID": 63986, "MANAGER_AGENT_SYST_ID": 63986, "TIMBER_OWNER_NM": null, "TIMBER_EXP_DT": null, "ORIGINAL_PATENT_DT": null, "COUNTY_JURISDICT_DESG_CD": 19, "COUNTY_NM": "Kittitas", "COUNTY_PARCEL_NO": null, "REGION_JURISDICT_DESG_CD": 100, "REGION_NM": "Southeast Region", "HCP_JURISDICT_DESG_CD": null, "HCP_DESG_CD": 2, "HCP_DESG_DT": null, "HCP_WITHDRAWAL_DT": null, "PARCEL_DESC_TXT": null, "EDIT_DATE": 1705538332000, "EDIT_STATUS": 0, "EDIT_WHO": "TSTE490", "EASEMENT_TYPE_CD": null, "EASEMENT_TYPE_NM": null, "PARCEL_ACQUIRE_AUTH_NO": "08-090298", "PARCEL_DISPOSAL_AUTH_NO": null, "SHAPE.AREA": 27918347.27049, "SHAPE.LEN": 21030.352070971603, "GLOBALID": "{ACFE499E-B533-45C7-9815-7E2EC7331075}"}}, {"type": "Feature", "id": 3337090, "geometry": {"type": "Polygon", "coordinates": [[[-120.99829, 47.3037], [-121.0197, 47.30381], [-121.02004, 47.28939], [-120.99903, 47.28927], [-120.99866, 47.29649], [-120.99829, 47.3037]]]}, "properties": {"OBJECTID": 3337090, "PARCEL_SYST_ID": 116243, "PARCEL_TYPE_CD": 1, "PARCEL_LABEL_NM": "Teanaway Com Forest", "PARCEL_NM": null, "REVERSION_RIGHTS_FLG": "N", "OWN_RIGHT_DISPUTE_FLG": "N", "SURFACE_RIGHTS_FLG": "Y", "MINERAL_RIGHTS_FLG": "N", "TIMBER_RIGHTS_FLG": "Y", "SURFACE_TRUST_CD": 48, "SURFACE_TRUST_NM": "Community Forest Trust", "MINERAL_TRUST_CD": 0, "MINERAL_TRUST_NM": "Trust Status Not Applicable Or Unknown", "TIMBER_TRUST_CD": 48, "TIMBER_TRUST_NM": "Community Forest Trust", "OWNER_AGENT_SYST_ID": 58706, "STEWARD_AGENT_SYST_ID": 63986, "MANAGER_AGENT_SYST_ID": 63986, "TIMBER_OWNER_NM": null, "TIMBER_EXP_DT": null, "ORIGINAL_PATENT_DT": null, "COUNTY_JURISDICT_DESG_CD": 19, "COUNTY_NM": "Kittitas", "COUNTY_PARCEL_NO": null, "REGION_JURISDICT_DESG_CD": 100, "REGION_NM": "Southeast Region", "HCP_JURISDICT_DESG_CD": null, "HCP_DESG_CD": 2, "HCP_DESG_DT": null, "HCP_WITHDRAWAL_DT": null, "PARCEL_DESC_TXT": null, "EDIT_DATE": 1480376833000, "EDIT_STATUS": 0, "EDIT_WHO": "JDUG490", "EASEMENT_TYPE_CD": null, "EASEMENT_TYPE_NM": null, "PARCEL_ACQUIRE_AUTH_NO": "08-090298", "PARCEL_DISPOSAL_AUTH_NO": null, "SHAPE.AREA": 27689598.28992, "SHAPE.LEN": 21050.5095711019, "GLOBALID": "{31680F14-2336-41EA-9396-1DAC471135DE}"}}, {"type": "Feature", "id": 3337102, "geometry": {"type": "Polygon", "coordinates": [[[-120.59565, 47.48107], [-120.58775, 47.4811], [-120.58512, 47.48111], [-120.58524, 47.49543], [-120.60554, 47.49529], [-120.60628, 47.48105], [-120.59565, 47.48107]]]}, "properties": {"OBJECTID": 3337102, "PARCEL_SYST_ID": 10902, "PARCEL_TYPE_CD": 1, "PARCEL_LABEL_NM": null, "PARCEL_NM": null, "REVERSION_RIGHTS_FLG": "N", "OWN_RIGHT_DISPUTE_FLG": "N", "SURFACE_RIGHTS_FLG": "Y", "MINERAL_RIGHTS_FLG": "Y", "TIMBER_RIGHTS_FLG": "Y", "SURFACE_TRUST_CD": 74, "SURFACE_TRUST_NM": "Natural Area Preserve", "MINERAL_TRUST_CD": 3, "MINERAL_TRUST_NM": "Common School and Indemnity", "TIMBER_TRUST_CD": 74, "TIMBER_TRUST_NM": "Natural Area Preserve", "OWNER_AGENT_SYST_ID": 58706, "STEWARD_AGENT_SYST_ID": 63986, "MANAGER_AGENT_SYST_ID": 63986, "TIMBER_OWNER_NM": null, "TIMBER_EXP_DT": null, "ORIGINAL_PATENT_DT": null, "COUNTY_JURISDICT_DESG_CD": 4, "COUNTY_NM": "Chelan", "COUNTY_PARCEL_NO": null, "REGION_JURISDICT_DESG_CD": 100, "REGION_NM": "Southeast Region", "HCP_JURISDICT_DESG_CD": null, "HCP_DESG_CD": 1, "HCP_DESG_DT": 854611200000, "HCP_WITHDRAWAL_DT": null, "PARCEL_DESC_TXT": null, "EDIT_DATE": 1487208502000, "EDIT_STATUS": 1, "EDIT_WHO": "JDUG490", "EASEMENT_TYPE_CD": null, "EASEMENT_TYPE_NM": null, "PARCEL_ACQUIRE_AUTH_NO": "02-081471 US PATENT NO 46-74-0027", "PARCEL_DISPOSAL_AUTH_NO": null, "SHAPE.AREA": 26703186.3689015, "SHAPE.LEN": 20671.8756963266, "GLOBALID": "{958A1897-0AFD-4DE4-AF83-61FD60DE3747}"}}, {"type": "Feature", "id": 3337105, "geometry": {"type": "Polygon", "coordinates": [[[-120.55864, 47.45221], [-120.55861, 47.45955], [-120.55859, 47.46691], [-120.56371, 47.46664], [-120.56373, 47.463], [-120.56373, 47.46243], [-120.56375, 47.45937], [-120.56379, 47.45577], [-120.56383, 47.45216], [-120.55864, 47.45221]]]}, "properties": {"OBJECTID": 3337105, "PARCEL_SYST_ID": 10906, "PARCEL_TYPE_CD": 1, "PARCEL_LABEL_NM": null, "PARCEL_NM": null, "REVERSION_RIGHTS_FLG": "N", "OWN_RIGHT_DISPUTE_FLG": "N", "SURFACE_RIGHTS_FLG": "Y", "MINERAL_RIGHTS_FLG": "Y", "TIMBER_RIGHTS_FLG": "Y", "SURFACE_TRUST_CD": 74, "SURFACE_TRUST_NM": "Natural Area Preserve", "MINERAL_TRUST_CD": 3, "MINERAL_TRUST_NM": "Common School and Indemnity", "TIMBER_TRUST_CD": 74, "TIMBER_TRUST_NM": "Natural Area Preserve", "OWNER_AGENT_SYST_ID": 58706, "STEWARD_AGENT_SYST_ID": 63986, "MANAGER_AGENT_SYST_ID": 63986, "TIMBER_OWNER_NM": null, "TIMBER_EXP_DT": null, "ORIGINAL_PATENT_DT": null, "COUNTY_JURISDICT_DESG_CD": 4, "COUNTY_NM": "Chelan", "COUNTY_PARCEL_NO": null, "REGION_JURISDICT_DESG_CD": 100, "REGION_NM": "Southeast Region", "HCP_JURISDICT_DESG_CD": null, "HCP_DESG_CD": 1, "HCP_DESG_DT": 854611200000, "HCP_WITHDRAWAL_DT": null, "PARCEL_DESC_TXT": null, "EDIT_DATE": 1487208502000, "EDIT_STATUS": 1, "EDIT_WHO": "JDUG490", "EASEMENT_TYPE_CD": null, "EASEMENT_TYPE_NM": null, "PARCEL_ACQUIRE_AUTH_NO": "02-050629 CLEAR LIST 16 INDEMNITY", "PARCEL_DISPOSAL_AUTH_NO": null, "SHAPE.AREA": 6776086.7095375, "SHAPE.LEN": 13196.726949213102, "GLOBALID": "{20972CE9-438F-46F7-AB41-3781C2434C0D}"}}, {"type": "Feature", "id": 3337107, "geometry": {"type": "Polygon", "coordinates": [[[-120.56372, 47.47387], [-120.5664, 47.47387], [-120.5664, 47.47025], [-120.56372, 47.47025], [-120.56372, 47.47387]]]}, "properties": {"OBJECTID": 3337107, "PARCEL_SYST_ID": 13719, "PARCEL_TYPE_CD": 1, "PARCEL_LABEL_NM": null, "PARCEL_NM": null, "REVERSION_RIGHTS_FLG": "N", "OWN_RIGHT_DISPUTE_FLG": "N", "SURFACE_RIGHTS_FLG": "Y", "MINERAL_RIGHTS_FLG": "Y", "TIMBER_RIGHTS_FLG": "Y", "SURFACE_TRUST_CD": 74, "SURFACE_TRUST_NM": "Natural Area Preserve", "MINERAL_TRUST_CD": 74, "MINERAL_TRUST_NM": "Natural Area Preserve", "TIMBER_TRUST_CD": 74, "TIMBER_TRUST_NM": "Natural Area Preserve", "OWNER_AGENT_SYST_ID": 58706, "STEWARD_AGENT_SYST_ID": 63986, "MANAGER_AGENT_SYST_ID": 63986, "TIMBER_OWNER_NM": null, "TIMBER_EXP_DT": null, "ORIGINAL_PATENT_DT": null, "COUNTY_JURISDICT_DESG_CD": 4, "COUNTY_NM": "Chelan", "COUNTY_PARCEL_NO": null, "REGION_JURISDICT_DESG_CD": 100, "REGION_NM": "Southeast Region", "HCP_JURISDICT_DESG_CD": null, "HCP_DESG_CD": 1, "HCP_DESG_DT": 854611200000, "HCP_WITHDRAWAL_DT": null, "PARCEL_DESC_TXT": null, "EDIT_DATE": 1487208502000, "EDIT_STATUS": 1, "EDIT_WHO": "JDUG490", "EASEMENT_TYPE_CD": null, "EASEMENT_TYPE_NM": null, "PARCEL_ACQUIRE_AUTH_NO": "08-092334", "PARCEL_DISPOSAL_AUTH_NO": null, "SHAPE.AREA": 873484.777213, "SHAPE.LEN": 3962.4923184419104, "GLOBALID": "{F95011DC-6144-43CB-BE26-92B44D65B2BF}"}}, {"type": "Feature", "id": 3337120, "geometry": {"type": "Polygon", "coordinates": [[[-120.57188, 47.47529], [-120.57188, 47.47527], [-120.57077, 47.47552], [-120.57096, 47.47591], [-120.57207, 47.47566], [-120.57188, 47.47529]]]}, "properties": {"OBJECTID": 3337120, "PARCEL_SYST_ID": 118076, "PARCEL_TYPE_CD": 1, "PARCEL_LABEL_NM": null, "PARCEL_NM": null, "REVERSION_RIGHTS_FLG": "N", "OWN_RIGHT_DISPUTE_FLG": "N", "SURFACE_RIGHTS_FLG": "Y", "MINERAL_RIGHTS_FLG": "Y", "TIMBER_RIGHTS_FLG": "Y", "SURFACE_TRUST_CD": 74, "SURFACE_TRUST_NM": "Natural Area Preserve", "MINERAL_TRUST_CD": 74, "MINERAL_TRUST_NM": "Natural Area Preserve", "TIMBER_TRUST_CD": 74, "TIMBER_TRUST_NM": "Natural Area Preserve", "OWNER_AGENT_SYST_ID": 58706, "STEWARD_AGENT_SYST_ID": 63986, "MANAGER_AGENT_SYST_ID": 63986, "TIMBER_OWNER_NM": null, "TIMBER_EXP_DT": null, "ORIGINAL_PATENT_DT": null, "COUNTY_JURISDICT_DESG_CD": 4, "COUNTY_NM": "Chelan", "COUNTY_PARCEL_NO": null, "REGION_JURISDICT_DESG_CD": 100, "REGION_NM": "Southeast Region", "HCP_JURISDICT_DESG_CD": null, "HCP_DESG_CD": 1, "HCP_DESG_DT": 1490598000000, "HCP_WITHDRAWAL_DT": null, "PARCEL_DESC_TXT": null, "EDIT_DATE": 1491407304000, "EDIT_STATUS": 0, "EDIT_WHO": "JDUG490", "EASEMENT_TYPE_CD": null, "EASEMENT_TYPE_NM": null, "PARCEL_ACQUIRE_AUTH_NO": "08-093541", "PARCEL_DISPOSAL_AUTH_NO": null, "SHAPE.AREA": 43343.7604395, "SHAPE.LEN": 877.847656977588, "GLOBALID": "{B46D09BE-358F-4B28-AEBC-9B2E51D4CF61}"}}, {"type": "Feature", "id": 3337154, "geometry": {"type": "Polygon", "coordinates": [[[-120.7275, 47.11994], [-120.72756, 47.12006], [-120.72763, 47.12017], [-120.7277, 47.12029], [-120.72777, 47.1204], [-120.72785, 47.12051], [-120.72794, 47.12062], [-120.72804, 47.12073], [-120.72814, 47.12084], [-120.72824, 47.12095], [-120.72835, 47.12105], [-120.72847, 47.12116], [-120.72858, 47.12126], [-120.72871, 47.12135], [-120.72884, 47.12145], [-120.72897, 47.12154], [-120.7291, 47.12163], [-120.72924, 47.12171], [-120.72939, 47.1218], [-120.72954, 47.12188], [-120.72969, 47.12195], [-120.72984, 47.12202], [-120.73, 47.12209], [-120.73016, 47.12216], [-120.73016, 47.12184], [-120.73001, 47.12177], [-120.72987, 47.1217], [-120.72973, 47.12163], [-120.72959, 47.12155], [-120.72946, 47.12148], [-120.72933, 47.12139], [-120.7292, 47.12131], [-120.72908, 47.12122], [-120.72896, 47.12113], [-120.72885, 47.12104], [-120.72874, 47.12095], [-120.72863, 47.12085], [-120.72853, 47.12075], [-120.72843, 47.12065], [-120.72836, 47.12056], [-120.72828, 47.12047], [-120.72821, 47.12038], [-120.72845, 47.1203], [-120.72857, 47.12026], [-120.7285, 47.12016], [-120.72843, 47.12006], [-120.72837, 47.11997], [-120.72831, 47.11987], [-120.72794, 47.11996], [-120.72788, 47.11985], [-120.72788, 47.11985], [-120.72788, 47.11985], [-120.72783, 47.11971], [-120.72779, 47.11957], [-120.72776, 47.11943], [-120.72775, 47.1193], [-120.72805, 47.1193], [-120.72805, 47.11928], [-120.72806, 47.11918], [-120.72807, 47.11906], [-120.7281, 47.11892], [-120.72816, 47.11873], [-120.72821, 47.11856], [-120.72826, 47.11843], [-120.72828, 47.1184], [-120.72831, 47.11832], [-120.72837, 47.11822], [-120.72837, 47.11822], [-120.7283, 47.11819], [-120.7281, 47.11813], [-120.72815, 47.11806], [-120.72821, 47.11798], [-120.72829, 47.11789], [-120.72847, 47.1177], [-120.72857, 47.11759], [-120.72869, 47.11747], [-120.72886, 47.11731], [-120.72836, 47.11731], [-120.72824, 47.11744], [-120.72813, 47.11755], [-120.72795, 47.11775], [-120.72787, 47.11784], [-120.72779, 47.11794], [-120.72772, 47.11803], [-120.72765, 47.11816], [-120.72759, 47.11829], [-120.72753, 47.11845], [-120.72747, 47.11863], [-120.72741, 47.11884], [-120.72737, 47.119], [-120.72735, 47.11915], [-120.72735, 47.11929], [-120.72736, 47.11945], [-120.72739, 47.11961], [-120.72743, 47.11977], [-120.72749, 47.11993], [-120.7275, 47.11994]]]}, "properties": {"OBJECTID": 3337154, "PARCEL_SYST_ID": 14700, "PARCEL_TYPE_CD": 1, "PARCEL_LABEL_NM": null, "PARCEL_NM": null, "REVERSION_RIGHTS_FLG": "N", "OWN_RIGHT_DISPUTE_FLG": "N", "SURFACE_RIGHTS_FLG": "Y", "MINERAL_RIGHTS_FLG": "N", "TIMBER_RIGHTS_FLG": "Y", "SURFACE_TRUST_CD": 47, "SURFACE_TRUST_NM": "Milwaukee Road Corridor", "MINERAL_TRUST_CD": 0, "MINERAL_TRUST_NM": "Trust Status Not Applicable Or Unknown", "TIMBER_TRUST_CD": 47, "TIMBER_TRUST_NM": "Milwaukee Road Corridor", "OWNER_AGENT_SYST_ID": 58706, "STEWARD_AGENT_SYST_ID": 63986, "MANAGER_AGENT_SYST_ID": 63986, "TIMBER_OWNER_NM": null, "TIMBER_EXP_DT": null, "ORIGINAL_PATENT_DT": null, "COUNTY_JURISDICT_DESG_CD": 19, "COUNTY_NM": "Kittitas", "COUNTY_PARCEL_NO": null, "REGION_JURISDICT_DESG_CD": 100, "REGION_NM": "Southeast Region", "HCP_JURISDICT_DESG_CD": null, "HCP_DESG_CD": 1, "HCP_DESG_DT": 854611200000, "HCP_WITHDRAWAL_DT": null, "PARCEL_DESC_TXT": null, "EDIT_DATE": 1521073610000, "EDIT_STATUS": 1, "EDIT_WHO": "TSTE490", "EASEMENT_TYPE_CD": null, "EASEMENT_TYPE_NM": null, "PARCEL_ACQUIRE_AUTH_NO": null, "PARCEL_DISPOSAL_AUTH_NO": null, "SHAPE.AREA": 249230.2799915, "SHAPE.LEN": 4568.623478375081, "GLOBALID": "{1C7A9265-E8BB-40E5-A38E-683377F1B44F}"}}, {"type": "Feature", "id": 3337297, "geometry": {"type": "Polygon", "coordinates": [[[-120.45307, 47.49453], [-120.46376, 47.49464], [-120.46383, 47.49103], [-120.46114, 47.49101], [-120.45845, 47.49099], [-120.45848, 47.48739], [-120.45859, 47.48376], [-120.46128, 47.48376], [-120.46396, 47.48377], [-120.46399, 47.48239], [-120.464, 47.48183], [-120.464, 47.48169], [-120.46403, 47.48011], [-120.45339, 47.48014], [-120.45307, 47.48737], [-120.45307, 47.49453]]]}, "properties": {"OBJECTID": 3337297, "PARCEL_SYST_ID": 10925, "PARCEL_TYPE_CD": 1, "PARCEL_LABEL_NM": null, "PARCEL_NM": null, "REVERSION_RIGHTS_FLG": "N", "OWN_RIGHT_DISPUTE_FLG": "N", "SURFACE_RIGHTS_FLG": "Y", "MINERAL_RIGHTS_FLG": "Y", "TIMBER_RIGHTS_FLG": "Y", "SURFACE_TRUST_CD": 3, "SURFACE_TRUST_NM": "Common School and Indemnity", "MINERAL_TRUST_CD": 3, "MINERAL_TRUST_NM": "Common School and Indemnity", "TIMBER_TRUST_CD": 3, "TIMBER_TRUST_NM": "Common School and Indemnity", "OWNER_AGENT_SYST_ID": 58706, "STEWARD_AGENT_SYST_ID": 63986, "MANAGER_AGENT_SYST_ID": 63986, "TIMBER_OWNER_NM": null, "TIMBER_EXP_DT": null, "ORIGINAL_PATENT_DT": null, "COUNTY_JURISDICT_DESG_CD": 4, "COUNTY_NM": "Chelan", "COUNTY_PARCEL_NO": null, "REGION_JURISDICT_DESG_CD": 100, "REGION_NM": "Southeast Region", "HCP_JURISDICT_DESG_CD": null, "HCP_DESG_CD": 2, "HCP_DESG_DT": null, "HCP_WITHDRAWAL_DT": 854611200000, "PARCEL_DESC_TXT": null, "EDIT_DATE": 1521073610000, "EDIT_STATUS": 1, "EDIT_WHO": "TSTE490", "EASEMENT_TYPE_CD": null, "EASEMENT_TYPE_NM": null, "PARCEL_ACQUIRE_AUTH_NO": "US PATENT NO 46-74-0026", "PARCEL_DISPOSAL_AUTH_NO": null, "SHAPE.AREA": 10491888.162738, "SHAPE.LEN": 18473.3903762352, "GLOBALID": "{025869D3-2216-4916-AA90-B8CEBB91BC32}"}}, {"type": "Feature", "id": 3337306, "geometry": {"type": "Polygon", "coordinates": [[[-120.7966, 47.11703], [-120.79653, 47.11699], [-120.79649, 47.11703], [-120.7966, 47.11703]]]}, "properties": {"OBJECTID": 3337306, "PARCEL_SYST_ID": 114723, "PARCEL_TYPE_CD": 1, "PARCEL_LABEL_NM": null, "PARCEL_NM": null, "REVERSION_RIGHTS_FLG": "N", "OWN_RIGHT_DISPUTE_FLG": "N", "SURFACE_RIGHTS_FLG": "Y", "MINERAL_RIGHTS_FLG": "N", "TIMBER_RIGHTS_FLG": "Y", "SURFACE_TRUST_CD": 3, "SURFACE_TRUST_NM": "Common School and Indemnity", "MINERAL_TRUST_CD": 0, "MINERAL_TRUST_NM": "Trust Status Not Applicable Or Unknown", "TIMBER_TRUST_CD": 3, "TIMBER_TRUST_NM": "Common School and Indemnity", "OWNER_AGENT_SYST_ID": 58706, "STEWARD_AGENT_SYST_ID": 63986, "MANAGER_AGENT_SYST_ID": 63986, "TIMBER_OWNER_NM": null, "TIMBER_EXP_DT": null, "ORIGINAL_PATENT_DT": null, "COUNTY_JURISDICT_DESG_CD": 19, "COUNTY_NM": "Kittitas", "COUNTY_PARCEL_NO": null, "REGION_JURISDICT_DESG_CD": 100, "REGION_NM": "Southeast Region", "HCP_JURISDICT_DESG_CD": null, "HCP_DESG_CD": 1, "HCP_DESG_DT": 1339657200000, "HCP_WITHDRAWAL_DT": null, "PARCEL_DESC_TXT": null, "EDIT_DATE": 1521073610000, "EDIT_STATUS": 0, "EDIT_WHO": "TSTE490", "EASEMENT_TYPE_CD": null, "EASEMENT_TYPE_NM": null, "PARCEL_ACQUIRE_AUTH_NO": "86-086120", "PARCEL_DISPOSAL_AUTH_NO": null, "SHAPE.AREA": 167.40939, "SHAPE.LEN": 63.2679160782485, "GLOBALID": "{84E739C1-5D99-46D6-9A4B-DA75636ABA62}"}}, {"type": "Feature", "id": 3337337, "geometry": {"type": "Polygon", "coordinates": [[[-120.49736, 47.16102], [-120.50825, 47.16102], [-120.51833, 47.16096], [-120.51834, 47.15735], [-120.51834, 47.15373], [-120.51832, 47.14649], [-120.50775, 47.14647], [-120.49733, 47.14643], [-120.49733, 47.14643], [-120.49735, 47.15373], [-120.49735, 47.15737], [-120.49736, 47.16102]]]}, "properties": {"OBJECTID": 3337337, "PARCEL_SYST_ID": 112610, "PARCEL_TYPE_CD": 1, "PARCEL_LABEL_NM": null, "PARCEL_NM": null, "REVERSION_RIGHTS_FLG": "N", "OWN_RIGHT_DISPUTE_FLG": "N", "SURFACE_RIGHTS_FLG": "Y", "MINERAL_RIGHTS_FLG": "N", "TIMBER_RIGHTS_FLG": "Y", "SURFACE_TRUST_CD": 3, "SURFACE_TRUST_NM": "Common School and Indemnity", "MINERAL_TRUST_CD": 0, "MINERAL_TRUST_NM": "Trust Status Not Applicable Or Unknown", "TIMBER_TRUST_CD": 3, "TIMBER_TRUST_NM": "Common School and Indemnity", "OWNER_AGENT_SYST_ID": 58706, "STEWARD_AGENT_SYST_ID": 63986, "MANAGER_AGENT_SYST_ID": 63986, "TIMBER_OWNER_NM": null, "TIMBER_EXP_DT": null, "ORIGINAL_PATENT_DT": null, "COUNTY_JURISDICT_DESG_CD": 19, "COUNTY_NM": "Kittitas", "COUNTY_PARCEL_NO": null, "REGION_JURISDICT_DESG_CD": 100, "REGION_NM": "Southeast Region", "HCP_JURISDICT_DESG_CD": null, "HCP_DESG_CD": 1, "HCP_DESG_DT": 1203667200000, "HCP_WITHDRAWAL_DT": null, "PARCEL_DESC_TXT": "W-KT-09", "EDIT_DATE": 1521073610000, "EDIT_STATUS": 0, "EDIT_WHO": "TSTE490", "EASEMENT_TYPE_CD": null, "EASEMENT_TYPE_NM": null, "PARCEL_ACQUIRE_AUTH_NO": "86-079379", "PARCEL_DISPOSAL_AUTH_NO": null, "SHAPE.AREA": 27699065.511864, "SHAPE.LEN": 21038.6186983165, "GLOBALID": "{D2169225-B4DC-42FA-8255-9514DE8A779E}"}}, {"type": "Feature", "id": 3337353, "geometry": {"type": "Polygon", "coordinates": [[[-120.56371, 47.46664], [-120.56905, 47.46665], [-120.56905, 47.46304], [-120.56458, 47.46301], [-120.56373, 47.463], [-120.56371, 47.46664]]]}, "properties": {"OBJECTID": 3337353, "PARCEL_SYST_ID": 118161, "PARCEL_TYPE_CD": 1, "PARCEL_LABEL_NM": null, "PARCEL_NM": null, "REVERSION_RIGHTS_FLG": "N", "OWN_RIGHT_DISPUTE_FLG": "N", "SURFACE_RIGHTS_FLG": "Y", "MINERAL_RIGHTS_FLG": "N", "TIMBER_RIGHTS_FLG": "Y", "SURFACE_TRUST_CD": 74, "SURFACE_TRUST_NM": "Natural Area Preserve", "MINERAL_TRUST_CD": 0, "MINERAL_TRUST_NM": "Trust Status Not Applicable Or Unknown", "TIMBER_TRUST_CD": 74, "TIMBER_TRUST_NM": "Natural Area Preserve", "OWNER_AGENT_SYST_ID": 58706, "STEWARD_AGENT_SYST_ID": 63986, "MANAGER_AGENT_SYST_ID": 63986, "TIMBER_OWNER_NM": null, "TIMBER_EXP_DT": null, "ORIGINAL_PATENT_DT": null, "COUNTY_JURISDICT_DESG_CD": 4, "COUNTY_NM": "Chelan", "COUNTY_PARCEL_NO": null, "REGION_JURISDICT_DESG_CD": 100, "REGION_NM": "Southeast Region", "HCP_JURISDICT_DESG_CD": null, "HCP_DESG_CD": 1, "HCP_DESG_DT": 854611200000, "HCP_WITHDRAWAL_DT": null, "PARCEL_DESC_TXT": null, "EDIT_DATE": 1492038717000, "EDIT_STATUS": 0, "EDIT_WHO": "JDUG490", "EASEMENT_TYPE_CD": null, "EASEMENT_TYPE_NM": null, "PARCEL_ACQUIRE_AUTH_NO": "08-082329", "PARCEL_DISPOSAL_AUTH_NO": null, "SHAPE.AREA": 1743666.392668, "SHAPE.LEN": 5281.96321793887, "GLOBALID": "{3E452F4E-D710-4946-B268-D7D270E442CF}"}}, {"type": "Feature", "id": 3337367, "geometry": {"type": "Polygon", "coordinates": [[[-120.85727, 47.22521], [-120.85746, 47.23237], [-120.86808, 47.2319], [-120.87834, 47.23121], [-120.87835, 47.21859], [-120.86771, 47.21854], [-120.86772, 47.21809], [-120.85708, 47.21805], [-120.85727, 47.22521]]]}, "properties": {"OBJECTID": 3337367, "PARCEL_SYST_ID": 116193, "PARCEL_TYPE_CD": 1, "PARCEL_LABEL_NM": "Teanaway Com Forest", "PARCEL_NM": null, "REVERSION_RIGHTS_FLG": "N", "OWN_RIGHT_DISPUTE_FLG": "N", "SURFACE_RIGHTS_FLG": "Y", "MINERAL_RIGHTS_FLG": "N", "TIMBER_RIGHTS_FLG": "Y", "SURFACE_TRUST_CD": 48, "SURFACE_TRUST_NM": "Community Forest Trust", "MINERAL_TRUST_CD": 0, "MINERAL_TRUST_NM": "Trust Status Not Applicable Or Unknown", "TIMBER_TRUST_CD": 48, "TIMBER_TRUST_NM": "Community Forest Trust", "OWNER_AGENT_SYST_ID": 58706, "STEWARD_AGENT_SYST_ID": 63986, "MANAGER_AGENT_SYST_ID": 63986, "TIMBER_OWNER_NM": null, "TIMBER_EXP_DT": null, "ORIGINAL_PATENT_DT": null, "COUNTY_JURISDICT_DESG_CD": 19, "COUNTY_NM": "Kittitas", "COUNTY_PARCEL_NO": null, "REGION_JURISDICT_DESG_CD": 100, "REGION_NM": "Southeast Region", "HCP_JURISDICT_DESG_CD": null, "HCP_DESG_CD": 2, "HCP_DESG_DT": null, "HCP_WITHDRAWAL_DT": null, "PARCEL_DESC_TXT": null, "EDIT_DATE": 1505771082000, "EDIT_STATUS": 0, "EDIT_WHO": "JDUG490", "EASEMENT_TYPE_CD": null, "EASEMENT_TYPE_NM": null, "PARCEL_ACQUIRE_AUTH_NO": "08-090298", "PARCEL_DISPOSAL_AUTH_NO": null, "SHAPE.AREA": 25842414.339676, "SHAPE.LEN": 20482.8480889722, "GLOBALID": "{66A5953B-0CFD-4757-8DE4-0863EC22C6E3}"}}, {"type": "Feature", "id": 3337400, "geometry": {"type": "Polygon", "coordinates": [[[-120.58507, 47.4729], [-120.58547, 47.47246], [-120.58557, 47.47229], [-120.5857, 47.47205], [-120.58603, 47.47175], [-120.58605, 47.47172], [-120.58625, 47.47154], [-120.58647, 47.47145], [-120.58672, 47.47141], [-120.58693, 47.4714], [-120.58713, 47.47141], [-120.58736, 47.47141], [-120.58741, 47.47149], [-120.58747, 47.47159], [-120.58754, 47.47168], [-120.58757, 47.47173], [-120.5877, 47.47186], [-120.58773, 47.47189], [-120.58773, 47.46676], [-120.58506, 47.46671], [-120.58507, 47.47029], [-120.58507, 47.4729]]]}, "properties": {"OBJECTID": 3337400, "PARCEL_SYST_ID": 14322, "PARCEL_TYPE_CD": 1, "PARCEL_LABEL_NM": "LARKSPUR MEADOWS NAP", "PARCEL_NM": null, "REVERSION_RIGHTS_FLG": "N", "OWN_RIGHT_DISPUTE_FLG": "N", "SURFACE_RIGHTS_FLG": "Y", "MINERAL_RIGHTS_FLG": "N", "TIMBER_RIGHTS_FLG": "Y", "SURFACE_TRUST_CD": 74, "SURFACE_TRUST_NM": "Natural Area Preserve", "MINERAL_TRUST_CD": 0, "MINERAL_TRUST_NM": "Trust Status Not Applicable Or Unknown", "TIMBER_TRUST_CD": 74, "TIMBER_TRUST_NM": "Natural Area Preserve", "OWNER_AGENT_SYST_ID": 58706, "STEWARD_AGENT_SYST_ID": 63986, "MANAGER_AGENT_SYST_ID": 63986, "TIMBER_OWNER_NM": null, "TIMBER_EXP_DT": null, "ORIGINAL_PATENT_DT": null, "COUNTY_JURISDICT_DESG_CD": 4, "COUNTY_NM": "Chelan", "COUNTY_PARCEL_NO": null, "REGION_JURISDICT_DESG_CD": 100, "REGION_NM": "Southeast Region", "HCP_JURISDICT_DESG_CD": null, "HCP_DESG_CD": 1, "HCP_DESG_DT": 854611200000, "HCP_WITHDRAWAL_DT": null, "PARCEL_DESC_TXT": null, "EDIT_DATE": 1492034320000, "EDIT_STATUS": 1, "EDIT_WHO": "JDUG490", "EASEMENT_TYPE_CD": null, "EASEMENT_TYPE_NM": null, "PARCEL_ACQUIRE_AUTH_NO": "02-053739", "PARCEL_DISPOSAL_AUTH_NO": null, "SHAPE.AREA": 1215274.9033555, "SHAPE.LEN": 5849.394235301851, "GLOBALID": "{4C2F4A03-C751-4600-8AB6-581D52DFD423}"}}, {"type": "Feature", "id": 3337405, "geometry": {"type": "Polygon", "coordinates": [[[-120.58511, 47.4793], [-120.58512, 47.48111], [-120.58775, 47.4811], [-120.58774, 47.47929], [-120.58511, 47.4793]]]}, "properties": {"OBJECTID": 3337405, "PARCEL_SYST_ID": 14324, "PARCEL_TYPE_CD": 1, "PARCEL_LABEL_NM": "LARKSPUR MEADOWS NAP", "PARCEL_NM": null, "REVERSION_RIGHTS_FLG": "N", "OWN_RIGHT_DISPUTE_FLG": "N", "SURFACE_RIGHTS_FLG": "Y", "MINERAL_RIGHTS_FLG": "N", "TIMBER_RIGHTS_FLG": "Y", "SURFACE_TRUST_CD": 74, "SURFACE_TRUST_NM": "Natural Area Preserve", "MINERAL_TRUST_CD": 0, "MINERAL_TRUST_NM": "Trust Status Not Applicable Or Unknown", "TIMBER_TRUST_CD": 74, "TIMBER_TRUST_NM": "Natural Area Preserve", "OWNER_AGENT_SYST_ID": 58706, "STEWARD_AGENT_SYST_ID": 63986, "MANAGER_AGENT_SYST_ID": 63986, "TIMBER_OWNER_NM": null, "TIMBER_EXP_DT": null, "ORIGINAL_PATENT_DT": null, "COUNTY_JURISDICT_DESG_CD": 4, "COUNTY_NM": "Chelan", "COUNTY_PARCEL_NO": null, "REGION_JURISDICT_DESG_CD": 100, "REGION_NM": "Southeast Region", "HCP_JURISDICT_DESG_CD": null, "HCP_DESG_CD": 2, "HCP_DESG_DT": null, "HCP_WITHDRAWAL_DT": 854611200000, "PARCEL_DESC_TXT": null, "EDIT_DATE": 1492034320000, "EDIT_STATUS": 1, "EDIT_WHO": "JDUG490", "EASEMENT_TYPE_CD": null, "EASEMENT_TYPE_NM": null, "PARCEL_ACQUIRE_AUTH_NO": "02-053739", "PARCEL_DISPOSAL_AUTH_NO": null, "SHAPE.AREA": 429407.152545, "SHAPE.LEN": 2621.2092983750504, "GLOBALID": "{A273CB07-969D-4DB0-8CFE-717D7BA75283}"}}, {"type": "Feature", "id": 3337447, "geometry": {"type": "Polygon", "coordinates": [[[-120.43399, 47.16106], [-120.4341, 47.16834], [-120.43392, 47.17548], [-120.43974, 47.17526], [-120.4447, 47.17542], [-120.44469, 47.17535], [-120.4447, 47.17527], [-120.4447, 47.1752], [-120.44472, 47.17512], [-120.4448, 47.17461], [-120.44517, 47.17411], [-120.44541, 47.17365], [-120.44544, 47.17363], [-120.44548, 47.1736], [-120.44551, 47.17358], [-120.44553, 47.17355], [-120.44555, 47.17352], [-120.44556, 47.17349], [-120.44557, 47.17345], [-120.44556, 47.17342], [-120.44556, 47.17339], [-120.44554, 47.17336], [-120.44552, 47.17333], [-120.44551, 47.17301], [-120.44539, 47.17275], [-120.44528, 47.17248], [-120.44509, 47.17223], [-120.44503, 47.17217], [-120.44498, 47.17211], [-120.44493, 47.17205], [-120.44489, 47.17198], [-120.44485, 47.17192], [-120.44482, 47.17185], [-120.4448, 47.17178], [-120.44478, 47.17171], [-120.44477, 47.17164], [-120.44477, 47.17157], [-120.44477, 47.1715], [-120.44477, 47.17142], [-120.44479, 47.17135], [-120.44481, 47.17128], [-120.44483, 47.17121], [-120.44486, 47.17115], [-120.4449, 47.17108], [-120.44495, 47.17101], [-120.445, 47.17095], [-120.44505, 47.17089], [-120.44511, 47.17083], [-120.44517, 47.17078], [-120.44524, 47.17072], [-120.44532, 47.17067], [-120.4454, 47.17063], [-120.44548, 47.17058], [-120.44557, 47.17054], [-120.44566, 47.17051], [-120.44575, 47.17047], [-120.44584, 47.17044], [-120.44594, 47.17042], [-120.44604, 47.1704], [-120.44637, 47.17042], [-120.44679, 47.16992], [-120.44723, 47.1695], [-120.44739, 47.16939], [-120.4474, 47.16938], [-120.44759, 47.16854], [-120.44854, 47.16841], [-120.44867, 47.16827], [-120.44868, 47.16807], [-120.44904, 47.16751], [-120.44966, 47.16709], [-120.44976, 47.16704], [-120.44978, 47.16698], [-120.45005, 47.16677], [-120.45005, 47.16637], [-120.45028, 47.16585], [-120.45064, 47.16556], [-120.45066, 47.16554], [-120.4507, 47.16513], [-120.45151, 47.16467], [-120.45176, 47.16462], [-120.45181, 47.1645], [-120.452, 47.16409], [-120.45237, 47.1638], [-120.45253, 47.16352], [-120.45304, 47.16312], [-120.45334, 47.16285], [-120.45351, 47.16272], [-120.45367, 47.16256], [-120.4537, 47.16251], [-120.45373, 47.16245], [-120.45373, 47.16235], [-120.45367, 47.16225], [-120.45338, 47.16154], [-120.45374, 47.16122], [-120.45377, 47.16115], [-120.45378, 47.16101], [-120.44964, 47.16102], [-120.44442, 47.16103], [-120.43399, 47.16106]]]}, "properties": {"OBJECTID": 3337447, "PARCEL_SYST_ID": 112605, "PARCEL_TYPE_CD": 1, "PARCEL_LABEL_NM": null, "PARCEL_NM": null, "REVERSION_RIGHTS_FLG": "N", "OWN_RIGHT_DISPUTE_FLG": "N", "SURFACE_RIGHTS_FLG": "Y", "MINERAL_RIGHTS_FLG": "N", "TIMBER_RIGHTS_FLG": "Y", "SURFACE_TRUST_CD": 3, "SURFACE_TRUST_NM": "Common School and Indemnity", "MINERAL_TRUST_CD": 0, "MINERAL_TRUST_NM": "Trust Status Not Applicable Or Unknown", "TIMBER_TRUST_CD": 3, "TIMBER_TRUST_NM": "Common School and Indemnity", "OWNER_AGENT_SYST_ID": 58706, "STEWARD_AGENT_SYST_ID": 63986, "MANAGER_AGENT_SYST_ID": 63986, "TIMBER_OWNER_NM": null, "TIMBER_EXP_DT": null, "ORIGINAL_PATENT_DT": null, "COUNTY_JURISDICT_DESG_CD": 19, "COUNTY_NM": "Kittitas", "COUNTY_PARCEL_NO": null, "REGION_JURISDICT_DESG_CD": 100, "REGION_NM": "Southeast Region", "HCP_JURISDICT_DESG_CD": null, "HCP_DESG_CD": 1, "HCP_DESG_DT": 1203667200000, "HCP_WITHDRAWAL_DT": null, "PARCEL_DESC_TXT": "W-KT-05", "EDIT_DATE": 1521073610000, "EDIT_STATUS": 0, "EDIT_WHO": "TSTE490", "EASEMENT_TYPE_CD": null, "EASEMENT_TYPE_NM": null, "PARCEL_ACQUIRE_AUTH_NO": "86-079379", "PARCEL_DISPOSAL_AUTH_NO": null, "SHAPE.AREA": 19005918.1117125, "SHAPE.LEN": 19241.5575090106, "GLOBALID": "{55284BBC-165C-484A-A9EB-9075BE47777C}"}}, {"type": "Feature", "id": 3337557, "geometry": {"type": "Polygon", "coordinates": [[[-120.49641, 47.17569], [-120.51281, 47.17577], [-120.51805, 47.17575], [-120.51826, 47.16834], [-120.51833, 47.16096], [-120.50825, 47.16102], [-120.49736, 47.16102], [-120.49641, 47.17569]]]}, "properties": {"OBJECTID": 3337557, "PARCEL_SYST_ID": 112609, "PARCEL_TYPE_CD": 1, "PARCEL_LABEL_NM": null, "PARCEL_NM": null, "REVERSION_RIGHTS_FLG": "N", "OWN_RIGHT_DISPUTE_FLG": "N", "SURFACE_RIGHTS_FLG": "Y", "MINERAL_RIGHTS_FLG": "N", "TIMBER_RIGHTS_FLG": "Y", "SURFACE_TRUST_CD": 3, "SURFACE_TRUST_NM": "Common School and Indemnity", "MINERAL_TRUST_CD": 0, "MINERAL_TRUST_NM": "Trust Status Not Applicable Or Unknown", "TIMBER_TRUST_CD": 3, "TIMBER_TRUST_NM": "Common School and Indemnity", "OWNER_AGENT_SYST_ID": 58706, "STEWARD_AGENT_SYST_ID": 63986, "MANAGER_AGENT_SYST_ID": 63986, "TIMBER_OWNER_NM": null, "TIMBER_EXP_DT": null, "ORIGINAL_PATENT_DT": null, "COUNTY_JURISDICT_DESG_CD": 19, "COUNTY_NM": "Kittitas", "COUNTY_PARCEL_NO": null, "REGION_JURISDICT_DESG_CD": 100, "REGION_NM": "Southeast Region", "HCP_JURISDICT_DESG_CD": null, "HCP_DESG_CD": 1, "HCP_DESG_DT": 1203667200000, "HCP_WITHDRAWAL_DT": null, "PARCEL_DESC_TXT": "W-KT-08", "EDIT_DATE": 1513807769000, "EDIT_STATUS": 0, "EDIT_WHO": "TSTE490", "EASEMENT_TYPE_CD": null, "EASEMENT_TYPE_NM": null, "PARCEL_ACQUIRE_AUTH_NO": "86-079379", "PARCEL_DISPOSAL_AUTH_NO": null, "SHAPE.AREA": 28510004.37596, "SHAPE.LEN": 21345.389747372003, "GLOBALID": "{5F401373-F79A-4E43-91D8-C88B1413894C}"}}, {"type": "Feature", "id": 3337606, "geometry": {"type": "Polygon", "coordinates": [[[-120.80904, 47.34624], [-120.83027, 47.34652], [-120.83015, 47.34289], [-120.83002, 47.33204], [-120.82468, 47.33204], [-120.80893, 47.33205], [-120.80904, 47.34624]]]}, "properties": {"OBJECTID": 3337606, "PARCEL_SYST_ID": 116227, "PARCEL_TYPE_CD": 1, "PARCEL_LABEL_NM": "Teanaway Com Forest", "PARCEL_NM": null, "REVERSION_RIGHTS_FLG": "N", "OWN_RIGHT_DISPUTE_FLG": "N", "SURFACE_RIGHTS_FLG": "Y", "MINERAL_RIGHTS_FLG": "Y", "TIMBER_RIGHTS_FLG": "Y", "SURFACE_TRUST_CD": 48, "SURFACE_TRUST_NM": "Community Forest Trust", "MINERAL_TRUST_CD": 48, "MINERAL_TRUST_NM": "Community Forest Trust", "TIMBER_TRUST_CD": 48, "TIMBER_TRUST_NM": "Community Forest Trust", "OWNER_AGENT_SYST_ID": 58706, "STEWARD_AGENT_SYST_ID": 63986, "MANAGER_AGENT_SYST_ID": 63986, "TIMBER_OWNER_NM": null, "TIMBER_EXP_DT": null, "ORIGINAL_PATENT_DT": null, "COUNTY_JURISDICT_DESG_CD": 19, "COUNTY_NM": "Kittitas", "COUNTY_PARCEL_NO": null, "REGION_JURISDICT_DESG_CD": 100, "REGION_NM": "Southeast Region", "HCP_JURISDICT_DESG_CD": null, "HCP_DESG_CD": 2, "HCP_DESG_DT": null, "HCP_WITHDRAWAL_DT": null, "PARCEL_DESC_TXT": null, "EDIT_DATE": 1705538332000, "EDIT_STATUS": 0, "EDIT_WHO": "TSTE490", "EASEMENT_TYPE_CD": null, "EASEMENT_TYPE_NM": null, "PARCEL_ACQUIRE_AUTH_NO": "08-090298", "PARCEL_DISPOSAL_AUTH_NO": null, "SHAPE.AREA": 27397201.81639, "SHAPE.LEN": 20951.9810331046, "GLOBALID": "{AA1673C6-D035-40FE-B175-560AEC1AF9CE}"}}, {"type": "Feature", "id": 3337613, "geometry": {"type": "Polygon", "coordinates": [[[-120.82474, 47.32484], [-120.82468, 47.33204], [-120.83002, 47.33204], [-120.83, 47.32482], [-120.82474, 47.32484]]]}, "properties": {"OBJECTID": 3337613, "PARCEL_SYST_ID": 116289, "PARCEL_TYPE_CD": 1, "PARCEL_LABEL_NM": "Teanaway Com Forest", "PARCEL_NM": null, "REVERSION_RIGHTS_FLG": "N", "OWN_RIGHT_DISPUTE_FLG": "N", "SURFACE_RIGHTS_FLG": "Y", "MINERAL_RIGHTS_FLG": "Y", "TIMBER_RIGHTS_FLG": "Y", "SURFACE_TRUST_CD": 48, "SURFACE_TRUST_NM": "Community Forest Trust", "MINERAL_TRUST_CD": 48, "MINERAL_TRUST_NM": "Community Forest Trust", "TIMBER_TRUST_CD": 48, "TIMBER_TRUST_NM": "Community Forest Trust", "OWNER_AGENT_SYST_ID": 58706, "STEWARD_AGENT_SYST_ID": 63986, "MANAGER_AGENT_SYST_ID": 63986, "TIMBER_OWNER_NM": null, "TIMBER_EXP_DT": null, "ORIGINAL_PATENT_DT": null, "COUNTY_JURISDICT_DESG_CD": 19, "COUNTY_NM": "Kittitas", "COUNTY_PARCEL_NO": null, "REGION_JURISDICT_DESG_CD": 100, "REGION_NM": "Southeast Region", "HCP_JURISDICT_DESG_CD": null, "HCP_DESG_CD": 2, "HCP_DESG_DT": null, "HCP_WITHDRAWAL_DT": null, "PARCEL_DESC_TXT": null, "EDIT_DATE": 1705538332000, "EDIT_STATUS": 0, "EDIT_WHO": "TSTE490", "EASEMENT_TYPE_CD": null, "EASEMENT_TYPE_NM": null, "PARCEL_ACQUIRE_AUTH_NO": "08-090298", "PARCEL_DISPOSAL_AUTH_NO": null, "SHAPE.AREA": 3457156.2155015, "SHAPE.LEN": 7888.133580415561, "GLOBALID": "{C2DC369F-4F7B-428F-AF24-876F3138AE6C}"}}, {"type": "Feature", "id": 3337660, "geometry": {"type": "Polygon", "coordinates": [[[-120.47601, 47.14644], [-120.47572, 47.15374], [-120.48105, 47.15361], [-120.48135, 47.14635], [-120.47601, 47.14644]]]}, "properties": {"OBJECTID": 3337660, "PARCEL_SYST_ID": 5167, "PARCEL_TYPE_CD": 1, "PARCEL_LABEL_NM": null, "PARCEL_NM": null, "REVERSION_RIGHTS_FLG": "N", "OWN_RIGHT_DISPUTE_FLG": "N", "SURFACE_RIGHTS_FLG": "Y", "MINERAL_RIGHTS_FLG": "Y", "TIMBER_RIGHTS_FLG": "Y", "SURFACE_TRUST_CD": 3, "SURFACE_TRUST_NM": "Common School and Indemnity", "MINERAL_TRUST_CD": 3, "MINERAL_TRUST_NM": "Common School and Indemnity", "TIMBER_TRUST_CD": 3, "TIMBER_TRUST_NM": "Common School and Indemnity", "OWNER_AGENT_SYST_ID": 58706, "STEWARD_AGENT_SYST_ID": 63986, "MANAGER_AGENT_SYST_ID": 63986, "TIMBER_OWNER_NM": null, "TIMBER_EXP_DT": null, "ORIGINAL_PATENT_DT": null, "COUNTY_JURISDICT_DESG_CD": 19, "COUNTY_NM": "Kittitas", "COUNTY_PARCEL_NO": null, "REGION_JURISDICT_DESG_CD": 100, "REGION_NM": "Southeast Region", "HCP_JURISDICT_DESG_CD": null, "HCP_DESG_CD": 1, "HCP_DESG_DT": 854611200000, "HCP_WITHDRAWAL_DT": null, "PARCEL_DESC_TXT": null, "EDIT_DATE": 1513807769000, "EDIT_STATUS": 1, "EDIT_WHO": "TSTE490", "EASEMENT_TYPE_CD": null, "EASEMENT_TYPE_NM": null, "PARCEL_ACQUIRE_AUTH_NO": null, "PARCEL_DISPOSAL_AUTH_NO": null, "SHAPE.AREA": 3525159.3810455, "SHAPE.LEN": 7973.9854152875805, "GLOBALID": "{46E4E871-96BB-4329-AD1E-8DD9008A8D56}"}}, {"type": "Feature", "id": 3337662, "geometry": {"type": "Polygon", "coordinates": [[[-120.45478, 47.16426], [-120.45468, 47.16839], [-120.45505, 47.172], [-120.47054, 47.172], [-120.4703, 47.16105], [-120.46533, 47.16107], [-120.45635, 47.16101], [-120.45486, 47.161], [-120.45478, 47.16426]]]}, "properties": {"OBJECTID": 3337662, "PARCEL_SYST_ID": 5166, "PARCEL_TYPE_CD": 1, "PARCEL_LABEL_NM": null, "PARCEL_NM": null, "REVERSION_RIGHTS_FLG": "N", "OWN_RIGHT_DISPUTE_FLG": "N", "SURFACE_RIGHTS_FLG": "Y", "MINERAL_RIGHTS_FLG": "Y", "TIMBER_RIGHTS_FLG": "Y", "SURFACE_TRUST_CD": 3, "SURFACE_TRUST_NM": "Common School and Indemnity", "MINERAL_TRUST_CD": 3, "MINERAL_TRUST_NM": "Common School and Indemnity", "TIMBER_TRUST_CD": 3, "TIMBER_TRUST_NM": "Common School and Indemnity", "OWNER_AGENT_SYST_ID": 58706, "STEWARD_AGENT_SYST_ID": 63986, "MANAGER_AGENT_SYST_ID": 63986, "TIMBER_OWNER_NM": null, "TIMBER_EXP_DT": null, "ORIGINAL_PATENT_DT": null, "COUNTY_JURISDICT_DESG_CD": 19, "COUNTY_NM": "Kittitas", "COUNTY_PARCEL_NO": null, "REGION_JURISDICT_DESG_CD": 100, "REGION_NM": "Southeast Region", "HCP_JURISDICT_DESG_CD": null, "HCP_DESG_CD": 1, "HCP_DESG_DT": 854611200000, "HCP_WITHDRAWAL_DT": null, "PARCEL_DESC_TXT": null, "EDIT_DATE": 1513807769000, "EDIT_STATUS": 1, "EDIT_WHO": "TSTE490", "EASEMENT_TYPE_CD": null, "EASEMENT_TYPE_NM": null, "PARCEL_ACQUIRE_AUTH_NO": null, "PARCEL_DISPOSAL_AUTH_NO": null, "SHAPE.AREA": 15529779.864091, "SHAPE.LEN": 15707.2341288138, "GLOBALID": "{C64E1E14-4DEF-48AD-B17B-951CC91DB330}"}}, {"type": "Feature", "id": 3337663, "geometry": {"type": "Polygon", "coordinates": [[[-120.44966, 47.14645], [-120.44964, 47.15007], [-120.44963, 47.15368], [-120.44439, 47.15376], [-120.44441, 47.15739], [-120.44442, 47.16103], [-120.44964, 47.16102], [-120.45378, 47.16101], [-120.45486, 47.161], [-120.45486, 47.15928], [-120.45486, 47.15731], [-120.45487, 47.15361], [-120.45491, 47.14999], [-120.45496, 47.14637], [-120.44966, 47.14645]]]}, "properties": {"OBJECTID": 3337663, "PARCEL_SYST_ID": 5168, "PARCEL_TYPE_CD": 1, "PARCEL_LABEL_NM": null, "PARCEL_NM": null, "REVERSION_RIGHTS_FLG": "N", "OWN_RIGHT_DISPUTE_FLG": "N", "SURFACE_RIGHTS_FLG": "Y", "MINERAL_RIGHTS_FLG": "Y", "TIMBER_RIGHTS_FLG": "Y", "SURFACE_TRUST_CD": 3, "SURFACE_TRUST_NM": "Common School and Indemnity", "MINERAL_TRUST_CD": 3, "MINERAL_TRUST_NM": "Common School and Indemnity", "TIMBER_TRUST_CD": 3, "TIMBER_TRUST_NM": "Common School and Indemnity", "OWNER_AGENT_SYST_ID": 58706, "STEWARD_AGENT_SYST_ID": 63986, "MANAGER_AGENT_SYST_ID": 63986, "TIMBER_OWNER_NM": null, "TIMBER_EXP_DT": null, "ORIGINAL_PATENT_DT": null, "COUNTY_JURISDICT_DESG_CD": 19, "COUNTY_NM": "Kittitas", "COUNTY_PARCEL_NO": null, "REGION_JURISDICT_DESG_CD": 100, "REGION_NM": "Southeast Region", "HCP_JURISDICT_DESG_CD": null, "HCP_DESG_CD": 1, "HCP_DESG_DT": 854611200000, "HCP_WITHDRAWAL_DT": null, "PARCEL_DESC_TXT": null, "EDIT_DATE": 1513807769000, "EDIT_STATUS": 1, "EDIT_WHO": "TSTE490", "EASEMENT_TYPE_CD": null, "EASEMENT_TYPE_NM": null, "PARCEL_ACQUIRE_AUTH_NO": null, "PARCEL_DISPOSAL_AUTH_NO": null, "SHAPE.AREA": 10418213.4870275, "SHAPE.LEN": 15845.2091860335, "GLOBALID": "{3EDA313C-2F1E-4C20-BE9C-81B5648BD9B1}"}}, {"type": "Feature", "id": 3337665, "geometry": {"type": "Polygon", "coordinates": [[[-120.43381, 47.13232], [-120.43378, 47.1395], [-120.43376, 47.14668], [-120.43906, 47.1466], [-120.44436, 47.14653], [-120.44966, 47.14645], [-120.45496, 47.14637], [-120.45482, 47.13195], [-120.43381, 47.13232]]]}, "properties": {"OBJECTID": 3337665, "PARCEL_SYST_ID": 112618, "PARCEL_TYPE_CD": 1, "PARCEL_LABEL_NM": null, "PARCEL_NM": null, "REVERSION_RIGHTS_FLG": "N", "OWN_RIGHT_DISPUTE_FLG": "N", "SURFACE_RIGHTS_FLG": "Y", "MINERAL_RIGHTS_FLG": "N", "TIMBER_RIGHTS_FLG": "Y", "SURFACE_TRUST_CD": 3, "SURFACE_TRUST_NM": "Common School and Indemnity", "MINERAL_TRUST_CD": 0, "MINERAL_TRUST_NM": "Trust Status Not Applicable Or Unknown", "TIMBER_TRUST_CD": 3, "TIMBER_TRUST_NM": "Common School and Indemnity", "OWNER_AGENT_SYST_ID": 58706, "STEWARD_AGENT_SYST_ID": 63986, "MANAGER_AGENT_SYST_ID": 63986, "TIMBER_OWNER_NM": null, "TIMBER_EXP_DT": null, "ORIGINAL_PATENT_DT": null, "COUNTY_JURISDICT_DESG_CD": 19, "COUNTY_NM": "Kittitas", "COUNTY_PARCEL_NO": null, "REGION_JURISDICT_DESG_CD": 100, "REGION_NM": "Southeast Region", "HCP_JURISDICT_DESG_CD": null, "HCP_DESG_CD": 1, "HCP_DESG_DT": 1203667200000, "HCP_WITHDRAWAL_DT": null, "PARCEL_DESC_TXT": "W-KT-15", "EDIT_DATE": 1513807769000, "EDIT_STATUS": 0, "EDIT_WHO": "TSTE490", "EASEMENT_TYPE_CD": null, "EASEMENT_TYPE_NM": null, "PARCEL_ACQUIRE_AUTH_NO": "86-079379", "PARCEL_DISPOSAL_AUTH_NO": null, "SHAPE.AREA": 27582347.168963, "SHAPE.LEN": 21010.455285696902, "GLOBALID": "{95E74D34-2D7C-407D-A05D-9551DB5668D0}"}}, {"type": "Feature", "id": 3337666, "geometry": {"type": "Polygon", "coordinates": [[[-120.42335, 47.1611], [-120.41278, 47.16122], [-120.41294, 47.16836], [-120.41203, 47.1755], [-120.42112, 47.17558], [-120.42941, 47.17568], [-120.43392, 47.17548], [-120.4341, 47.16834], [-120.43399, 47.16106], [-120.42335, 47.1611]]]}, "properties": {"OBJECTID": 3337666, "PARCEL_SYST_ID": 112604, "PARCEL_TYPE_CD": 1, "PARCEL_LABEL_NM": null, "PARCEL_NM": null, "REVERSION_RIGHTS_FLG": "N", "OWN_RIGHT_DISPUTE_FLG": "N", "SURFACE_RIGHTS_FLG": "Y", "MINERAL_RIGHTS_FLG": "N", "TIMBER_RIGHTS_FLG": "Y", "SURFACE_TRUST_CD": 3, "SURFACE_TRUST_NM": "Common School and Indemnity", "MINERAL_TRUST_CD": 0, "MINERAL_TRUST_NM": "Trust Status Not Applicable Or Unknown", "TIMBER_TRUST_CD": 3, "TIMBER_TRUST_NM": "Common School and Indemnity", "OWNER_AGENT_SYST_ID": 58706, "STEWARD_AGENT_SYST_ID": 63986, "MANAGER_AGENT_SYST_ID": 63986, "TIMBER_OWNER_NM": null, "TIMBER_EXP_DT": null, "ORIGINAL_PATENT_DT": null, "COUNTY_JURISDICT_DESG_CD": 19, "COUNTY_NM": "Kittitas", "COUNTY_PARCEL_NO": null, "REGION_JURISDICT_DESG_CD": 100, "REGION_NM": "Southeast Region", "HCP_JURISDICT_DESG_CD": null, "HCP_DESG_CD": 1, "HCP_DESG_DT": 1203667200000, "HCP_WITHDRAWAL_DT": null, "PARCEL_DESC_TXT": "W-KT-04", "EDIT_DATE": 1513807769000, "EDIT_STATUS": 0, "EDIT_WHO": "TSTE490", "EASEMENT_TYPE_CD": null, "EASEMENT_TYPE_NM": null, "PARCEL_ACQUIRE_AUTH_NO": "86-079379", "PARCEL_DISPOSAL_AUTH_NO": null, "SHAPE.AREA": 28021155.234255, "SHAPE.LEN": 21201.8774203492, "GLOBALID": "{5EABC467-E646-4E42-A821-5FEE6381D752}"}}, {"type": "Feature", "id": 3337667, "geometry": {"type": "Polygon", "coordinates": [[[-120.42326, 47.13234], [-120.4127, 47.13238], [-120.41276, 47.13945], [-120.41281, 47.14667], [-120.42343, 47.14672], [-120.43376, 47.14668], [-120.43378, 47.1395], [-120.43381, 47.13232], [-120.42326, 47.13234]]]}, "properties": {"OBJECTID": 3337667, "PARCEL_SYST_ID": 5170, "PARCEL_TYPE_CD": 1, "PARCEL_LABEL_NM": null, "PARCEL_NM": null, "REVERSION_RIGHTS_FLG": "N", "OWN_RIGHT_DISPUTE_FLG": "N", "SURFACE_RIGHTS_FLG": "Y", "MINERAL_RIGHTS_FLG": "Y", "TIMBER_RIGHTS_FLG": "Y", "SURFACE_TRUST_CD": 3, "SURFACE_TRUST_NM": "Common School and Indemnity", "MINERAL_TRUST_CD": 3, "MINERAL_TRUST_NM": "Common School and Indemnity", "TIMBER_TRUST_CD": 3, "TIMBER_TRUST_NM": "Common School and Indemnity", "OWNER_AGENT_SYST_ID": 58706, "STEWARD_AGENT_SYST_ID": 63986, "MANAGER_AGENT_SYST_ID": 63986, "TIMBER_OWNER_NM": null, "TIMBER_EXP_DT": null, "ORIGINAL_PATENT_DT": null, "COUNTY_JURISDICT_DESG_CD": 19, "COUNTY_NM": "Kittitas", "COUNTY_PARCEL_NO": null, "REGION_JURISDICT_DESG_CD": 100, "REGION_NM": "Southeast Region", "HCP_JURISDICT_DESG_CD": null, "HCP_DESG_CD": 1, "HCP_DESG_DT": 1005897600000, "HCP_WITHDRAWAL_DT": null, "PARCEL_DESC_TXT": null, "EDIT_DATE": 1513807769000, "EDIT_STATUS": 1, "EDIT_WHO": "TSTE490", "EASEMENT_TYPE_CD": null, "EASEMENT_TYPE_NM": null, "PARCEL_ACQUIRE_AUTH_NO": "US PATENT NO 46-2002-0003", "PARCEL_DISPOSAL_AUTH_NO": null, "SHAPE.AREA": 27396759.750571, "SHAPE.LEN": 20920.7955828612, "GLOBALID": "{B0EF323A-D550-4F24-AF44-32FAACB0B948}"}}, {"type": "Feature", "id": 3337668, "geometry": {"type": "Polygon", "coordinates": [[[-120.41279, 47.15399], [-120.41278, 47.16122], [-120.42335, 47.1611], [-120.43399, 47.16106], [-120.43382, 47.1539], [-120.43376, 47.14668], [-120.42343, 47.14672], [-120.41281, 47.14667], [-120.41279, 47.15399]]]}, "properties": {"OBJECTID": 3337668, "PARCEL_SYST_ID": 112616, "PARCEL_TYPE_CD": 1, "PARCEL_LABEL_NM": null, "PARCEL_NM": null, "REVERSION_RIGHTS_FLG": "N", "OWN_RIGHT_DISPUTE_FLG": "N", "SURFACE_RIGHTS_FLG": "Y", "MINERAL_RIGHTS_FLG": "N", "TIMBER_RIGHTS_FLG": "Y", "SURFACE_TRUST_CD": 3, "SURFACE_TRUST_NM": "Common School and Indemnity", "MINERAL_TRUST_CD": 0, "MINERAL_TRUST_NM": "Trust Status Not Applicable Or Unknown", "TIMBER_TRUST_CD": 3, "TIMBER_TRUST_NM": "Common School and Indemnity", "OWNER_AGENT_SYST_ID": 58706, "STEWARD_AGENT_SYST_ID": 63986, "MANAGER_AGENT_SYST_ID": 63986, "TIMBER_OWNER_NM": null, "TIMBER_EXP_DT": null, "ORIGINAL_PATENT_DT": null, "COUNTY_JURISDICT_DESG_CD": 19, "COUNTY_NM": "Kittitas", "COUNTY_PARCEL_NO": null, "REGION_JURISDICT_DESG_CD": 100, "REGION_NM": "Southeast Region", "HCP_JURISDICT_DESG_CD": null, "HCP_DESG_CD": 1, "HCP_DESG_DT": 1203667200000, "HCP_WITHDRAWAL_DT": null, "PARCEL_DESC_TXT": "W-KT-13", "EDIT_DATE": 1513807769000, "EDIT_STATUS": 0, "EDIT_WHO": "TSTE490", "EASEMENT_TYPE_CD": null, "EASEMENT_TYPE_NM": null, "PARCEL_ACQUIRE_AUTH_NO": "86-079379", "PARCEL_DISPOSAL_AUTH_NO": null, "SHAPE.AREA": 27551031.684678, "SHAPE.LEN": 21038.993055900803, "GLOBALID": "{75EE7A65-685E-41F7-B02F-1B50F27A05B5}"}}, {"type": "Feature", "id": 3337669, "geometry": {"type": "Polygon", "coordinates": [[[-120.47543, 47.16105], [-120.4864, 47.16104], [-120.49736, 47.16102], [-120.49735, 47.15737], [-120.49191, 47.15738], [-120.49194, 47.15373], [-120.49735, 47.15373], [-120.49733, 47.14643], [-120.48667, 47.14643], [-120.48135, 47.14635], [-120.48105, 47.15361], [-120.47572, 47.15374], [-120.47543, 47.16105]]]}, "properties": {"OBJECTID": 3337669, "PARCEL_SYST_ID": 112612, "PARCEL_TYPE_CD": 1, "PARCEL_LABEL_NM": null, "PARCEL_NM": null, "REVERSION_RIGHTS_FLG": "N", "OWN_RIGHT_DISPUTE_FLG": "N", "SURFACE_RIGHTS_FLG": "Y", "MINERAL_RIGHTS_FLG": "N", "TIMBER_RIGHTS_FLG": "Y", "SURFACE_TRUST_CD": 3, "SURFACE_TRUST_NM": "Common School and Indemnity", "MINERAL_TRUST_CD": 0, "MINERAL_TRUST_NM": "Trust Status Not Applicable Or Unknown", "TIMBER_TRUST_CD": 3, "TIMBER_TRUST_NM": "Common School and Indemnity", "OWNER_AGENT_SYST_ID": 58706, "STEWARD_AGENT_SYST_ID": 63986, "MANAGER_AGENT_SYST_ID": 63986, "TIMBER_OWNER_NM": null, "TIMBER_EXP_DT": null, "ORIGINAL_PATENT_DT": null, "COUNTY_JURISDICT_DESG_CD": 19, "COUNTY_NM": "Kittitas", "COUNTY_PARCEL_NO": null, "REGION_JURISDICT_DESG_CD": 100, "REGION_NM": "Southeast Region", "HCP_JURISDICT_DESG_CD": null, "HCP_DESG_CD": 1, "HCP_DESG_DT": 1203667200000, "HCP_WITHDRAWAL_DT": null, "PARCEL_DESC_TXT": "W-KT-10", "EDIT_DATE": 1513807769000, "EDIT_STATUS": 0, "EDIT_WHO": "TSTE490", "EASEMENT_TYPE_CD": null, "EASEMENT_TYPE_NM": null, "PARCEL_ACQUIRE_AUTH_NO": "86-079379", "PARCEL_DISPOSAL_AUTH_NO": null, "SHAPE.AREA": 23374501.2725645, "SHAPE.LEN": 24097.6450274395, "GLOBALID": "{15D8CF33-54AC-4E5D-803F-C57C9BA8CC36}"}}, {"type": "Feature", "id": 3337670, "geometry": {"type": "Polygon", "coordinates": [[[-120.4554, 47.17606], [-120.46555, 47.17557], [-120.47074, 47.1758], [-120.47522, 47.17557], [-120.47543, 47.16105], [-120.4703, 47.16105], [-120.47054, 47.172], [-120.45505, 47.172], [-120.4554, 47.17606]]]}, "properties": {"OBJECTID": 3337670, "PARCEL_SYST_ID": 112607, "PARCEL_TYPE_CD": 1, "PARCEL_LABEL_NM": null, "PARCEL_NM": null, "REVERSION_RIGHTS_FLG": "N", "OWN_RIGHT_DISPUTE_FLG": "N", "SURFACE_RIGHTS_FLG": "Y", "MINERAL_RIGHTS_FLG": "N", "TIMBER_RIGHTS_FLG": "Y", "SURFACE_TRUST_CD": 3, "SURFACE_TRUST_NM": "Common School and Indemnity", "MINERAL_TRUST_CD": 0, "MINERAL_TRUST_NM": "Trust Status Not Applicable Or Unknown", "TIMBER_TRUST_CD": 3, "TIMBER_TRUST_NM": "Common School and Indemnity", "OWNER_AGENT_SYST_ID": 58706, "STEWARD_AGENT_SYST_ID": 63986, "MANAGER_AGENT_SYST_ID": 63986, "TIMBER_OWNER_NM": null, "TIMBER_EXP_DT": null, "ORIGINAL_PATENT_DT": null, "COUNTY_JURISDICT_DESG_CD": 19, "COUNTY_NM": "Kittitas", "COUNTY_PARCEL_NO": null, "REGION_JURISDICT_DESG_CD": 100, "REGION_NM": "Southeast Region", "HCP_JURISDICT_DESG_CD": null, "HCP_DESG_CD": 1, "HCP_DESG_DT": 1203667200000, "HCP_WITHDRAWAL_DT": null, "PARCEL_DESC_TXT": "W-KT-06", "EDIT_DATE": 1513807769000, "EDIT_STATUS": 0, "EDIT_WHO": "TSTE490", "EASEMENT_TYPE_CD": null, "EASEMENT_TYPE_NM": null, "PARCEL_ACQUIRE_AUTH_NO": "86-079379", "PARCEL_DISPOSAL_AUTH_NO": null, "SHAPE.AREA": 11708234.44402, "SHAPE.LEN": 20838.925992879802, "GLOBALID": "{E2FE74EB-F824-4CE8-A598-7BC3736516FF}"}}, {"type": "Feature", "id": 3337671, "geometry": {"type": "Polygon", "coordinates": [[[-120.43376, 47.14668], [-120.43382, 47.1539], [-120.4391, 47.15383], [-120.43906, 47.1466], [-120.43376, 47.14668]]]}, "properties": {"OBJECTID": 3337671, "PARCEL_SYST_ID": 112615, "PARCEL_TYPE_CD": 1, "PARCEL_LABEL_NM": null, "PARCEL_NM": null, "REVERSION_RIGHTS_FLG": "N", "OWN_RIGHT_DISPUTE_FLG": "N", "SURFACE_RIGHTS_FLG": "Y", "MINERAL_RIGHTS_FLG": "N", "TIMBER_RIGHTS_FLG": "Y", "SURFACE_TRUST_CD": 3, "SURFACE_TRUST_NM": "Common School and Indemnity", "MINERAL_TRUST_CD": 0, "MINERAL_TRUST_NM": "Trust Status Not Applicable Or Unknown", "TIMBER_TRUST_CD": 3, "TIMBER_TRUST_NM": "Common School and Indemnity", "OWNER_AGENT_SYST_ID": 58706, "STEWARD_AGENT_SYST_ID": 63986, "MANAGER_AGENT_SYST_ID": 63986, "TIMBER_OWNER_NM": null, "TIMBER_EXP_DT": null, "ORIGINAL_PATENT_DT": null, "COUNTY_JURISDICT_DESG_CD": 19, "COUNTY_NM": "Kittitas", "COUNTY_PARCEL_NO": null, "REGION_JURISDICT_DESG_CD": 100, "REGION_NM": "Southeast Region", "HCP_JURISDICT_DESG_CD": null, "HCP_DESG_CD": 1, "HCP_DESG_DT": 1203667200000, "HCP_WITHDRAWAL_DT": null, "PARCEL_DESC_TXT": "W-KT-12", "EDIT_DATE": 1513807769000, "EDIT_STATUS": 0, "EDIT_WHO": "TSTE490", "EASEMENT_TYPE_CD": null, "EASEMENT_TYPE_NM": null, "PARCEL_ACQUIRE_AUTH_NO": "86-079379", "PARCEL_DISPOSAL_AUTH_NO": null, "SHAPE.AREA": 3470186.2568085, "SHAPE.LEN": 7904.0244857221605, "GLOBALID": "{94862315-C4F6-459A-8D1C-9AE03200FB48}"}}, {"type": "Feature", "id": 3337672, "geometry": {"type": "Polygon", "coordinates": [[[-120.49641, 47.17569], [-120.49736, 47.16102], [-120.4864, 47.16104], [-120.47543, 47.16105], [-120.47522, 47.17557], [-120.48134, 47.17562], [-120.49237, 47.17551], [-120.49641, 47.17569]]]}, "properties": {"OBJECTID": 3337672, "PARCEL_SYST_ID": 112608, "PARCEL_TYPE_CD": 1, "PARCEL_LABEL_NM": null, "PARCEL_NM": null, "REVERSION_RIGHTS_FLG": "N", "OWN_RIGHT_DISPUTE_FLG": "N", "SURFACE_RIGHTS_FLG": "Y", "MINERAL_RIGHTS_FLG": "N", "TIMBER_RIGHTS_FLG": "Y", "SURFACE_TRUST_CD": 3, "SURFACE_TRUST_NM": "Common School and Indemnity", "MINERAL_TRUST_CD": 0, "MINERAL_TRUST_NM": "Trust Status Not Applicable Or Unknown", "TIMBER_TRUST_CD": 3, "TIMBER_TRUST_NM": "Common School and Indemnity", "OWNER_AGENT_SYST_ID": 58706, "STEWARD_AGENT_SYST_ID": 63986, "MANAGER_AGENT_SYST_ID": 63986, "TIMBER_OWNER_NM": null, "TIMBER_EXP_DT": null, "ORIGINAL_PATENT_DT": null, "COUNTY_JURISDICT_DESG_CD": 19, "COUNTY_NM": "Kittitas", "COUNTY_PARCEL_NO": null, "REGION_JURISDICT_DESG_CD": 100, "REGION_NM": "Southeast Region", "HCP_JURISDICT_DESG_CD": null, "HCP_DESG_CD": 1, "HCP_DESG_DT": 1203667200000, "HCP_WITHDRAWAL_DT": null, "PARCEL_DESC_TXT": "W-KT_07", "EDIT_DATE": 1513807769000, "EDIT_STATUS": 0, "EDIT_WHO": "TSTE490", "EASEMENT_TYPE_CD": null, "EASEMENT_TYPE_NM": null, "PARCEL_ACQUIRE_AUTH_NO": "86-079379", "PARCEL_DISPOSAL_AUTH_NO": null, "SHAPE.AREA": 28454658.938375, "SHAPE.LEN": 21379.2790027536, "GLOBALID": "{8A26A440-7545-4050-9A43-19A27A7330A6}"}}, {"type": "Feature", "id": 3337700, "geometry": {"type": "Polygon", "coordinates": [[[-120.96365, 47.19483], [-120.96365, 47.19492], [-120.96497, 47.19468], [-120.96497, 47.19442], [-120.96498, 47.19368], [-120.96498, 47.19352], [-120.96365, 47.19352], [-120.96365, 47.19388], [-120.96365, 47.19483]]]}, "properties": {"OBJECTID": 3337700, "PARCEL_SYST_ID": 5023, "PARCEL_TYPE_CD": 1, "PARCEL_LABEL_NM": null, "PARCEL_NM": null, "REVERSION_RIGHTS_FLG": "N", "OWN_RIGHT_DISPUTE_FLG": "N", "SURFACE_RIGHTS_FLG": "Y", "MINERAL_RIGHTS_FLG": "N", "TIMBER_RIGHTS_FLG": "Y", "SURFACE_TRUST_CD": 13, "SURFACE_TRUST_NM": "Administrative Site", "MINERAL_TRUST_CD": 0, "MINERAL_TRUST_NM": "Trust Status Not Applicable Or Unknown", "TIMBER_TRUST_CD": 13, "TIMBER_TRUST_NM": "Administrative Site", "OWNER_AGENT_SYST_ID": 58706, "STEWARD_AGENT_SYST_ID": 63986, "MANAGER_AGENT_SYST_ID": 63986, "TIMBER_OWNER_NM": null, "TIMBER_EXP_DT": null, "ORIGINAL_PATENT_DT": null, "COUNTY_JURISDICT_DESG_CD": 19, "COUNTY_NM": "Kittitas", "COUNTY_PARCEL_NO": null, "REGION_JURISDICT_DESG_CD": 100, "REGION_NM": "Southeast Region", "HCP_JURISDICT_DESG_CD": null, "HCP_DESG_CD": 1, "HCP_DESG_DT": 854611200000, "HCP_WITHDRAWAL_DT": null, "PARCEL_DESC_TXT": null, "EDIT_DATE": 1521073610000, "EDIT_STATUS": 1, "EDIT_WHO": "TSTE490", "EASEMENT_TYPE_CD": null, "EASEMENT_TYPE_NM": null, "PARCEL_ACQUIRE_AUTH_NO": null, "PARCEL_DISPOSAL_AUTH_NO": null, "SHAPE.AREA": 154330.020983, "SHAPE.LEN": 1606.4888466216, "GLOBALID": "{D8E55004-34B3-4EDC-B11E-F81DB08BF25D}"}}, {"type": "Feature", "id": 3337705, "geometry": {"type": "Polygon", "coordinates": [[[-120.84212, 47.2395], [-120.8425, 47.23958], [-120.84299, 47.23957], [-120.8434, 47.23967], [-120.84362, 47.23979], [-120.84362, 47.24004], [-120.84347, 47.24041], [-120.84335, 47.24069], [-120.84341, 47.24116], [-120.84359, 47.24142], [-120.84376, 47.24163], [-120.84382, 47.24188], [-120.84386, 47.24216], [-120.84388, 47.24226], [-120.84388, 47.24264], [-120.84399, 47.24292], [-120.84412, 47.24309], [-120.84506, 47.24309], [-120.84527, 47.24298], [-120.84555, 47.24285], [-120.84582, 47.24291], [-120.84628, 47.24301], [-120.84661, 47.243], [-120.84663, 47.24301], [-120.8467, 47.23951], [-120.84212, 47.2395]]]}, "properties": {"OBJECTID": 3337705, "PARCEL_SYST_ID": 116304, "PARCEL_TYPE_CD": 1, "PARCEL_LABEL_NM": "Teanaway Com Forest", "PARCEL_NM": null, "REVERSION_RIGHTS_FLG": "N", "OWN_RIGHT_DISPUTE_FLG": "N", "SURFACE_RIGHTS_FLG": "Y", "MINERAL_RIGHTS_FLG": "N", "TIMBER_RIGHTS_FLG": "Y", "SURFACE_TRUST_CD": 48, "SURFACE_TRUST_NM": "Community Forest Trust", "MINERAL_TRUST_CD": 0, "MINERAL_TRUST_NM": "Trust Status Not Applicable Or Unknown", "TIMBER_TRUST_CD": 48, "TIMBER_TRUST_NM": "Community Forest Trust", "OWNER_AGENT_SYST_ID": 58706, "STEWARD_AGENT_SYST_ID": 63986, "MANAGER_AGENT_SYST_ID": 63986, "TIMBER_OWNER_NM": null, "TIMBER_EXP_DT": null, "ORIGINAL_PATENT_DT": null, "COUNTY_JURISDICT_DESG_CD": 19, "COUNTY_NM": "Kittitas", "COUNTY_PARCEL_NO": null, "REGION_JURISDICT_DESG_CD": 100, "REGION_NM": "Southeast Region", "HCP_JURISDICT_DESG_CD": null, "HCP_DESG_CD": 2, "HCP_DESG_DT": null, "HCP_WITHDRAWAL_DT": null, "PARCEL_DESC_TXT": null, "EDIT_DATE": 1521073610000, "EDIT_STATUS": 0, "EDIT_WHO": "TSTE490", "EASEMENT_TYPE_CD": null, "EASEMENT_TYPE_NM": null, "PARCEL_ACQUIRE_AUTH_NO": "08-090298", "PARCEL_DISPOSAL_AUTH_NO": null, "SHAPE.AREA": 969089.928075, "SHAPE.LEN": 4722.91412009266, "GLOBALID": "{542373B5-C8E2-4A95-AC77-01A20BC223B2}"}}, {"type": "Feature", "id": 3337710, "geometry": {"type": "Polygon", "coordinates": [[[-120.32627, 47.06053], [-120.34795, 47.0608], [-120.34867, 47.05332], [-120.34842, 47.04581], [-120.32634, 47.04571], [-120.32627, 47.06053]]]}, "properties": {"OBJECTID": 3337710, "PARCEL_SYST_ID": 5206, "PARCEL_TYPE_CD": 1, "PARCEL_LABEL_NM": null, "PARCEL_NM": null, "REVERSION_RIGHTS_FLG": "N", "OWN_RIGHT_DISPUTE_FLG": "N", "SURFACE_RIGHTS_FLG": "Y", "MINERAL_RIGHTS_FLG": "Y", "TIMBER_RIGHTS_FLG": "Y", "SURFACE_TRUST_CD": 3, "SURFACE_TRUST_NM": "Common School and Indemnity", "MINERAL_TRUST_CD": 3, "MINERAL_TRUST_NM": "Common School and Indemnity", "TIMBER_TRUST_CD": 3, "TIMBER_TRUST_NM": "Common School and Indemnity", "OWNER_AGENT_SYST_ID": 58706, "STEWARD_AGENT_SYST_ID": 63986, "MANAGER_AGENT_SYST_ID": 63986, "TIMBER_OWNER_NM": null, "TIMBER_EXP_DT": null, "ORIGINAL_PATENT_DT": null, "COUNTY_JURISDICT_DESG_CD": 19, "COUNTY_NM": "Kittitas", "COUNTY_PARCEL_NO": null, "REGION_JURISDICT_DESG_CD": 100, "REGION_NM": "Southeast Region", "HCP_JURISDICT_DESG_CD": null, "HCP_DESG_CD": 2, "HCP_DESG_DT": null, "HCP_WITHDRAWAL_DT": 854611200000, "PARCEL_DESC_TXT": null, "EDIT_DATE": 1692229379000, "EDIT_STATUS": 1, "EDIT_WHO": "TSTE490", "EASEMENT_TYPE_CD": null, "EASEMENT_TYPE_NM": null, "PARCEL_ACQUIRE_AUTH_NO": "US PATENT NO 46-87-0001", "PARCEL_DISPOSAL_AUTH_NO": null, "SHAPE.AREA": 29981152.535368, "SHAPE.LEN": 21787.8035760756, "GLOBALID": "{19FD0320-1271-4A65-A201-7729BE37D95E}"}}, {"type": "Feature", "id": 3337712, "geometry": {"type": "Polygon", "coordinates": [[[-120.75169, 47.22598], [-120.7517, 47.22964], [-120.76237, 47.22932], [-120.76234, 47.22581], [-120.75702, 47.2259], [-120.75701, 47.225], [-120.75169, 47.22507], [-120.75169, 47.22598]]]}, "properties": {"OBJECTID": 3337712, "PARCEL_SYST_ID": 116275, "PARCEL_TYPE_CD": 1, "PARCEL_LABEL_NM": "Teanaway Com Forest", "PARCEL_NM": null, "REVERSION_RIGHTS_FLG": "N", "OWN_RIGHT_DISPUTE_FLG": "N", "SURFACE_RIGHTS_FLG": "Y", "MINERAL_RIGHTS_FLG": "Y", "TIMBER_RIGHTS_FLG": "Y", "SURFACE_TRUST_CD": 48, "SURFACE_TRUST_NM": "Community Forest Trust", "MINERAL_TRUST_CD": 48, "MINERAL_TRUST_NM": "Community Forest Trust", "TIMBER_TRUST_CD": 48, "TIMBER_TRUST_NM": "Community Forest Trust", "OWNER_AGENT_SYST_ID": 58706, "STEWARD_AGENT_SYST_ID": 63986, "MANAGER_AGENT_SYST_ID": 63986, "TIMBER_OWNER_NM": null, "TIMBER_EXP_DT": null, "ORIGINAL_PATENT_DT": null, "COUNTY_JURISDICT_DESG_CD": 19, "COUNTY_NM": "Kittitas", "COUNTY_PARCEL_NO": null, "REGION_JURISDICT_DESG_CD": 100, "REGION_NM": "Southeast Region", "HCP_JURISDICT_DESG_CD": null, "HCP_DESG_CD": 2, "HCP_DESG_DT": null, "HCP_WITHDRAWAL_DT": null, "PARCEL_DESC_TXT": null, "EDIT_DATE": 1521073610000, "EDIT_STATUS": 0, "EDIT_WHO": "TSTE490", "EASEMENT_TYPE_CD": null, "EASEMENT_TYPE_NM": null, "PARCEL_ACQUIRE_AUTH_NO": "08-090298", "PARCEL_DISPOSAL_AUTH_NO": null, "SHAPE.AREA": 3897331.140628, "SHAPE.LEN": 8573.00017448344, "GLOBALID": "{8DA95D24-F671-443C-B754-DC2A2BFE4AFE}"}}, {"type": "Feature", "id": 3337731, "geometry": {"type": "Polygon", "coordinates": [[[-120.73016, 47.12216], [-120.73032, 47.12222], [-120.73048, 47.12228], [-120.73064, 47.12233], [-120.73081, 47.12238], [-120.73097, 47.12243], [-120.73114, 47.12247], [-120.73101, 47.12273], [-120.73115, 47.12276], [-120.7313, 47.12279], [-120.73144, 47.12282], [-120.73159, 47.12285], [-120.73172, 47.12287], [-120.73175, 47.12279], [-120.73199, 47.12207], [-120.73184, 47.12204], [-120.7317, 47.12202], [-120.73156, 47.12199], [-120.73141, 47.12195], [-120.73128, 47.12221], [-120.73111, 47.12217], [-120.73095, 47.12212], [-120.73078, 47.12207], [-120.73062, 47.12202], [-120.73047, 47.12196], [-120.73031, 47.1219], [-120.73016, 47.12184], [-120.73016, 47.12216]]]}, "properties": {"OBJECTID": 3337731, "PARCEL_SYST_ID": 14699, "PARCEL_TYPE_CD": 1, "PARCEL_LABEL_NM": null, "PARCEL_NM": null, "REVERSION_RIGHTS_FLG": "N", "OWN_RIGHT_DISPUTE_FLG": "N", "SURFACE_RIGHTS_FLG": "Y", "MINERAL_RIGHTS_FLG": "N", "TIMBER_RIGHTS_FLG": "Y", "SURFACE_TRUST_CD": 47, "SURFACE_TRUST_NM": "Milwaukee Road Corridor", "MINERAL_TRUST_CD": 0, "MINERAL_TRUST_NM": "Trust Status Not Applicable Or Unknown", "TIMBER_TRUST_CD": 47, "TIMBER_TRUST_NM": "Milwaukee Road Corridor", "OWNER_AGENT_SYST_ID": 58706, "STEWARD_AGENT_SYST_ID": 63986, "MANAGER_AGENT_SYST_ID": 63986, "TIMBER_OWNER_NM": null, "TIMBER_EXP_DT": null, "ORIGINAL_PATENT_DT": null, "COUNTY_JURISDICT_DESG_CD": 19, "COUNTY_NM": "Kittitas", "COUNTY_PARCEL_NO": null, "REGION_JURISDICT_DESG_CD": 100, "REGION_NM": "Southeast Region", "HCP_JURISDICT_DESG_CD": null, "HCP_DESG_CD": 1, "HCP_DESG_DT": 854611200000, "HCP_WITHDRAWAL_DT": null, "PARCEL_DESC_TXT": null, "EDIT_DATE": 1521073610000, "EDIT_STATUS": 1, "EDIT_WHO": "TSTE490", "EASEMENT_TYPE_CD": null, "EASEMENT_TYPE_NM": null, "PARCEL_ACQUIRE_AUTH_NO": null, "PARCEL_DISPOSAL_AUTH_NO": null, "SHAPE.AREA": 79236.4641875, "SHAPE.LEN": 1531.53123697636, "GLOBALID": "{CC08AA7A-2FE5-45FA-B5F9-3E60DF68C3D8}"}}, {"type": "Feature", "id": 3337791, "geometry": {"type": "Polygon", "coordinates": [[[-120.30414, 47.07494], [-120.3268, 47.07534], [-120.32627, 47.06053], [-120.31539, 47.06039], [-120.31543, 47.06777], [-120.30987, 47.06768], [-120.30984, 47.07136], [-120.30423, 47.07127], [-120.30414, 47.07494]]]}, "properties": {"OBJECTID": 3337791, "PARCEL_SYST_ID": 5204, "PARCEL_TYPE_CD": 1, "PARCEL_LABEL_NM": null, "PARCEL_NM": null, "REVERSION_RIGHTS_FLG": "N", "OWN_RIGHT_DISPUTE_FLG": "N", "SURFACE_RIGHTS_FLG": "Y", "MINERAL_RIGHTS_FLG": "Y", "TIMBER_RIGHTS_FLG": "Y", "SURFACE_TRUST_CD": 3, "SURFACE_TRUST_NM": "Common School and Indemnity", "MINERAL_TRUST_CD": 3, "MINERAL_TRUST_NM": "Common School and Indemnity", "TIMBER_TRUST_CD": 3, "TIMBER_TRUST_NM": "Common School and Indemnity", "OWNER_AGENT_SYST_ID": 58706, "STEWARD_AGENT_SYST_ID": 63986, "MANAGER_AGENT_SYST_ID": 63986, "TIMBER_OWNER_NM": null, "TIMBER_EXP_DT": null, "ORIGINAL_PATENT_DT": null, "COUNTY_JURISDICT_DESG_CD": 19, "COUNTY_NM": "Kittitas", "COUNTY_PARCEL_NO": null, "REGION_JURISDICT_DESG_CD": 100, "REGION_NM": "Southeast Region", "HCP_JURISDICT_DESG_CD": null, "HCP_DESG_CD": 2, "HCP_DESG_DT": null, "HCP_WITHDRAWAL_DT": 854611200000, "PARCEL_DESC_TXT": null, "EDIT_DATE": 1692229379000, "EDIT_STATUS": 1, "EDIT_WHO": "TSTE490", "EASEMENT_TYPE_CD": null, "EASEMENT_TYPE_NM": null, "PARCEL_ACQUIRE_AUTH_NO": "CLEAR LIST 36 INDEMNITY", "PARCEL_DISPOSAL_AUTH_NO": null, "SHAPE.AREA": 20561668.661571, "SHAPE.LEN": 21922.123821674, "GLOBALID": "{6A68E641-DC2D-4BBF-839E-090DB0DC587F}"}}, {"type": "Feature", "id": 3337807, "geometry": {"type": "Polygon", "coordinates": [[[-120.83674, 47.14574], [-120.84727, 47.14587], [-120.8578, 47.146], [-120.85791, 47.1386], [-120.85786, 47.13148], [-120.85263, 47.13144], [-120.84739, 47.1314], [-120.83693, 47.13127], [-120.83674, 47.14574]]]}, "properties": {"OBJECTID": 3337807, "PARCEL_SYST_ID": 5058, "PARCEL_TYPE_CD": 1, "PARCEL_LABEL_NM": null, "PARCEL_NM": null, "REVERSION_RIGHTS_FLG": "N", "OWN_RIGHT_DISPUTE_FLG": "N", "SURFACE_RIGHTS_FLG": "Y", "MINERAL_RIGHTS_FLG": "Y", "TIMBER_RIGHTS_FLG": "Y", "SURFACE_TRUST_CD": 3, "SURFACE_TRUST_NM": "Common School and Indemnity", "MINERAL_TRUST_CD": 3, "MINERAL_TRUST_NM": "Common School and Indemnity", "TIMBER_TRUST_CD": 3, "TIMBER_TRUST_NM": "Common School and Indemnity", "OWNER_AGENT_SYST_ID": 58706, "STEWARD_AGENT_SYST_ID": 63986, "MANAGER_AGENT_SYST_ID": 63986, "TIMBER_OWNER_NM": null, "TIMBER_EXP_DT": null, "ORIGINAL_PATENT_DT": null, "COUNTY_JURISDICT_DESG_CD": 19, "COUNTY_NM": "Kittitas", "COUNTY_PARCEL_NO": null, "REGION_JURISDICT_DESG_CD": 100, "REGION_NM": "Southeast Region", "HCP_JURISDICT_DESG_CD": null, "HCP_DESG_CD": 1, "HCP_DESG_DT": 854611200000, "HCP_WITHDRAWAL_DT": null, "PARCEL_DESC_TXT": null, "EDIT_DATE": 1557965468000, "EDIT_STATUS": 1, "EDIT_WHO": "TSTE490", "EASEMENT_TYPE_CD": null, "EASEMENT_TYPE_NM": null, "PARCEL_ACQUIRE_AUTH_NO": "US PATENT NO 46-87-0001", "PARCEL_DISPOSAL_AUTH_NO": null, "SHAPE.AREA": 27667675.342058, "SHAPE.LEN": 21027.611531134502, "GLOBALID": "{E3BAB7CE-A1AB-48EF-B425-96646ED36101}"}}, {"type": "Feature", "id": 3337829, "geometry": {"type": "Polygon", "coordinates": [[[-120.30432, 47.0676], [-120.30987, 47.06768], [-120.30995, 47.06032], [-120.3045, 47.06025], [-120.30432, 47.0676]]]}, "properties": {"OBJECTID": 3337829, "PARCEL_SYST_ID": 5205, "PARCEL_TYPE_CD": 1, "PARCEL_LABEL_NM": null, "PARCEL_NM": null, "REVERSION_RIGHTS_FLG": "N", "OWN_RIGHT_DISPUTE_FLG": "N", "SURFACE_RIGHTS_FLG": "Y", "MINERAL_RIGHTS_FLG": "Y", "TIMBER_RIGHTS_FLG": "Y", "SURFACE_TRUST_CD": 3, "SURFACE_TRUST_NM": "Common School and Indemnity", "MINERAL_TRUST_CD": 3, "MINERAL_TRUST_NM": "Common School and Indemnity", "TIMBER_TRUST_CD": 3, "TIMBER_TRUST_NM": "Common School and Indemnity", "OWNER_AGENT_SYST_ID": 58706, "STEWARD_AGENT_SYST_ID": 63986, "MANAGER_AGENT_SYST_ID": 63986, "TIMBER_OWNER_NM": null, "TIMBER_EXP_DT": null, "ORIGINAL_PATENT_DT": null, "COUNTY_JURISDICT_DESG_CD": 19, "COUNTY_NM": "Kittitas", "COUNTY_PARCEL_NO": null, "REGION_JURISDICT_DESG_CD": 100, "REGION_NM": "Southeast Region", "HCP_JURISDICT_DESG_CD": null, "HCP_DESG_CD": 2, "HCP_DESG_DT": null, "HCP_WITHDRAWAL_DT": 854611200000, "PARCEL_DESC_TXT": null, "EDIT_DATE": 1692229379000, "EDIT_STATUS": 1, "EDIT_WHO": "TSTE490", "EASEMENT_TYPE_CD": null, "EASEMENT_TYPE_NM": null, "PARCEL_ACQUIRE_AUTH_NO": "CLEAR LIST 36 INDEMNITY", "PARCEL_DISPOSAL_AUTH_NO": null, "SHAPE.AREA": 3674924.29889, "SHAPE.LEN": 8104.29361682832, "GLOBALID": "{5551A0A2-E236-40D3-8E79-D3200D887C7A}"}}, {"type": "Feature", "id": 3337834, "geometry": {"type": "Polygon", "coordinates": [[[-120.81628, 47.14578], [-120.82615, 47.1459], [-120.83674, 47.14574], [-120.83693, 47.13127], [-120.82627, 47.13117], [-120.82621, 47.13844], [-120.81562, 47.13842], [-120.81556, 47.14475], [-120.81561, 47.14487], [-120.81581, 47.14483], [-120.81592, 47.14507], [-120.81603, 47.14531], [-120.81616, 47.14555], [-120.81628, 47.14578]]]}, "properties": {"OBJECTID": 3337834, "PARCEL_SYST_ID": 111362, "PARCEL_TYPE_CD": 1, "PARCEL_LABEL_NM": null, "PARCEL_NM": null, "REVERSION_RIGHTS_FLG": "N", "OWN_RIGHT_DISPUTE_FLG": "N", "SURFACE_RIGHTS_FLG": "Y", "MINERAL_RIGHTS_FLG": "Y", "TIMBER_RIGHTS_FLG": "Y", "SURFACE_TRUST_CD": 4, "SURFACE_TRUST_NM": "Agricultural School", "MINERAL_TRUST_CD": 4, "MINERAL_TRUST_NM": "Agricultural School", "TIMBER_TRUST_CD": 4, "TIMBER_TRUST_NM": "Agricultural School", "OWNER_AGENT_SYST_ID": 58706, "STEWARD_AGENT_SYST_ID": 63986, "MANAGER_AGENT_SYST_ID": 63986, "TIMBER_OWNER_NM": null, "TIMBER_EXP_DT": null, "ORIGINAL_PATENT_DT": null, "COUNTY_JURISDICT_DESG_CD": 19, "COUNTY_NM": "Kittitas", "COUNTY_PARCEL_NO": null, "REGION_JURISDICT_DESG_CD": 100, "REGION_NM": "Southeast Region", "HCP_JURISDICT_DESG_CD": null, "HCP_DESG_CD": 1, "HCP_DESG_DT": 1115190000000, "HCP_WITHDRAWAL_DT": null, "PARCEL_DESC_TXT": "Oil & Gas Reserved", "EDIT_DATE": 1557965468000, "EDIT_STATUS": 0, "EDIT_WHO": "TSTE490", "EASEMENT_TYPE_CD": null, "EASEMENT_TYPE_NM": null, "PARCEL_ACQUIRE_AUTH_NO": "86-074975", "PARCEL_DISPOSAL_AUTH_NO": null, "SHAPE.AREA": 21161867.339967, "SHAPE.LEN": 21082.1733788076, "GLOBALID": "{432A09EE-38BE-4504-8C32-C1BFACFA17F9}"}}, {"type": "Feature", "id": 3337835, "geometry": {"type": "Polygon", "coordinates": [[[-120.83693, 47.13127], [-120.84739, 47.1314], [-120.85263, 47.13144], [-120.8526, 47.1278], [-120.84736, 47.12775], [-120.84732, 47.1241], [-120.83592, 47.12401], [-120.83693, 47.13127]]]}, "properties": {"OBJECTID": 3337835, "PARCEL_SYST_ID": 114727, "PARCEL_TYPE_CD": 1, "PARCEL_LABEL_NM": null, "PARCEL_NM": null, "REVERSION_RIGHTS_FLG": "N", "OWN_RIGHT_DISPUTE_FLG": "N", "SURFACE_RIGHTS_FLG": "Y", "MINERAL_RIGHTS_FLG": "N", "TIMBER_RIGHTS_FLG": "Y", "SURFACE_TRUST_CD": 3, "SURFACE_TRUST_NM": "Common School and Indemnity", "MINERAL_TRUST_CD": 0, "MINERAL_TRUST_NM": "Trust Status Not Applicable Or Unknown", "TIMBER_TRUST_CD": 3, "TIMBER_TRUST_NM": "Common School and Indemnity", "OWNER_AGENT_SYST_ID": 58706, "STEWARD_AGENT_SYST_ID": 63986, "MANAGER_AGENT_SYST_ID": 63986, "TIMBER_OWNER_NM": null, "TIMBER_EXP_DT": null, "ORIGINAL_PATENT_DT": null, "COUNTY_JURISDICT_DESG_CD": 19, "COUNTY_NM": "Kittitas", "COUNTY_PARCEL_NO": null, "REGION_JURISDICT_DESG_CD": 100, "REGION_NM": "Southeast Region", "HCP_JURISDICT_DESG_CD": null, "HCP_DESG_CD": 1, "HCP_DESG_DT": 1339657200000, "HCP_WITHDRAWAL_DT": null, "PARCEL_DESC_TXT": null, "EDIT_DATE": 1557965468000, "EDIT_STATUS": 0, "EDIT_WHO": "TSTE490", "EASEMENT_TYPE_CD": null, "EASEMENT_TYPE_NM": null, "PARCEL_ACQUIRE_AUTH_NO": "86-086120", "PARCEL_DISPOSAL_AUTH_NO": null, "SHAPE.AREA": 8953552.920715, "SHAPE.LEN": 13374.2508410584, "GLOBALID": "{F58E90C3-DB1A-4159-895C-C2646CE9B504}"}}, {"type": "Feature", "id": 3337845, "geometry": {"type": "Polygon", "coordinates": [[[-120.72601, 47.1013], [-120.72598, 47.10152], [-120.72594, 47.10174], [-120.72588, 47.10196], [-120.72582, 47.10217], [-120.72577, 47.10231], [-120.7257, 47.10247], [-120.72559, 47.10271], [-120.72622, 47.1027], [-120.72628, 47.10258], [-120.72635, 47.10242], [-120.7264, 47.10226], [-120.72647, 47.10203], [-120.72653, 47.1018], [-120.72658, 47.10157], [-120.72661, 47.10133], [-120.72661, 47.10129], [-120.72681, 47.1013], [-120.72683, 47.1011], [-120.72684, 47.10086], [-120.72683, 47.10063], [-120.72681, 47.1004], [-120.72675, 47.10001], [-120.72669, 47.09978], [-120.7265, 47.09981], [-120.72644, 47.09962], [-120.72638, 47.09942], [-120.72631, 47.09922], [-120.72623, 47.09902], [-120.72614, 47.09883], [-120.72603, 47.09862], [-120.72592, 47.09842], [-120.72581, 47.09824], [-120.72569, 47.09807], [-120.72556, 47.09789], [-120.72548, 47.09779], [-120.72557, 47.09776], [-120.72565, 47.09772], [-120.72581, 47.09765], [-120.72574, 47.09756], [-120.72555, 47.09735], [-120.72532, 47.09713], [-120.72513, 47.09695], [-120.72494, 47.09678], [-120.72473, 47.09661], [-120.72451, 47.09643], [-120.72432, 47.09629], [-120.72427, 47.09626], [-120.72413, 47.09635], [-120.72398, 47.09644], [-120.72382, 47.09633], [-120.7236, 47.09619], [-120.72313, 47.09589], [-120.72279, 47.09567], [-120.72238, 47.09542], [-120.72253, 47.09532], [-120.7225, 47.09531], [-120.72215, 47.09509], [-120.72205, 47.09502], [-120.72221, 47.0949], [-120.722, 47.09477], [-120.72164, 47.09452], [-120.72125, 47.09426], [-120.72109, 47.09414], [-120.72091, 47.09401], [-120.72091, 47.094], [-120.72073, 47.09412], [-120.72073, 47.09412], [-120.72007, 47.0936], [-120.7198, 47.09338], [-120.71964, 47.09327], [-120.7196, 47.09324], [-120.71942, 47.09337], [-120.71931, 47.09329], [-120.71917, 47.0932], [-120.71903, 47.09311], [-120.71873, 47.09294], [-120.71847, 47.0928], [-120.71823, 47.09267], [-120.71799, 47.09256], [-120.71771, 47.09244], [-120.7174, 47.09232], [-120.71707, 47.0922], [-120.71669, 47.09207], [-120.71644, 47.092], [-120.71617, 47.09192], [-120.71589, 47.09184], [-120.71559, 47.09177], [-120.7152, 47.09167], [-120.71487, 47.09159], [-120.71456, 47.09153], [-120.71428, 47.09148], [-120.71403, 47.09144], [-120.71375, 47.09141], [-120.71347, 47.09138], [-120.71291, 47.09133], [-120.71253, 47.0913], [-120.71147, 47.09122], [-120.71101, 47.09118], [-120.70978, 47.09106], [-120.70895, 47.091], [-120.70875, 47.09098], [-120.70863, 47.09096], [-120.70863, 47.09099], [-120.70863, 47.09127], [-120.70863, 47.0913], [-120.70889, 47.09132], [-120.70972, 47.09139], [-120.71094, 47.09151], [-120.71141, 47.09155], [-120.71159, 47.09156], [-120.71247, 47.09163], [-120.71265, 47.09164], [-120.71265, 47.09168], [-120.71265, 47.09168], [-120.71279, 47.09171], [-120.71306, 47.09176], [-120.71328, 47.0918], [-120.71382, 47.09188], [-120.71494, 47.09202], [-120.71499, 47.09203], [-120.71501, 47.09203], [-120.71524, 47.09207], [-120.71564, 47.09215], [-120.71616, 47.09232], [-120.71622, 47.09233], [-120.71646, 47.09241], [-120.71658, 47.09245], [-120.71659, 47.09245], [-120.71666, 47.09246], [-120.71672, 47.09248], [-120.71679, 47.09249], [-120.71699, 47.09258], [-120.71714, 47.09264], [-120.71715, 47.09265], [-120.71733, 47.09273], [-120.71789, 47.09299], [-120.71814, 47.09314], [-120.71874, 47.09347], [-120.7189, 47.09361], [-120.71906, 47.09373], [-120.71935, 47.09391], [-120.71978, 47.09429], [-120.71994, 47.0944], [-120.72003, 47.09448], [-120.72059, 47.0949], [-120.72107, 47.09528], [-120.72117, 47.09533], [-120.7213, 47.09539], [-120.72136, 47.09542], [-120.7215, 47.09542], [-120.72161, 47.0955], [-120.72238, 47.09597], [-120.72272, 47.09619], [-120.72325, 47.09653], [-120.72339, 47.09662], [-120.72359, 47.09676], [-120.72377, 47.09689], [-120.72396, 47.09705], [-120.72415, 47.09721], [-120.72433, 47.09736], [-120.7245, 47.09752], [-120.72471, 47.09773], [-120.72488, 47.09792], [-120.72503, 47.09809], [-120.72516, 47.09825], [-120.72526, 47.0984], [-120.72536, 47.09857], [-120.72546, 47.09876], [-120.72557, 47.09896], [-120.72565, 47.09914], [-120.72572, 47.09933], [-120.72579, 47.09951], [-120.72585, 47.0997], [-120.72591, 47.0999], [-120.72595, 47.10009], [-120.72599, 47.10027], [-120.72601, 47.10044], [-120.72603, 47.10065], [-120.72603, 47.10086], [-120.72603, 47.10108], [-120.72601, 47.1013]]]}, "properties": {"OBJECTID": 3337845, "PARCEL_SYST_ID": 14703, "PARCEL_TYPE_CD": 1, "PARCEL_LABEL_NM": null, "PARCEL_NM": null, "REVERSION_RIGHTS_FLG": "N", "OWN_RIGHT_DISPUTE_FLG": "N", "SURFACE_RIGHTS_FLG": "Y", "MINERAL_RIGHTS_FLG": "N", "TIMBER_RIGHTS_FLG": "Y", "SURFACE_TRUST_CD": 47, "SURFACE_TRUST_NM": "Milwaukee Road Corridor", "MINERAL_TRUST_CD": 0, "MINERAL_TRUST_NM": "Trust Status Not Applicable Or Unknown", "TIMBER_TRUST_CD": 47, "TIMBER_TRUST_NM": "Milwaukee Road Corridor", "OWNER_AGENT_SYST_ID": 58706, "STEWARD_AGENT_SYST_ID": 63986, "MANAGER_AGENT_SYST_ID": 63986, "TIMBER_OWNER_NM": null, "TIMBER_EXP_DT": null, "ORIGINAL_PATENT_DT": null, "COUNTY_JURISDICT_DESG_CD": 19, "COUNTY_NM": "Kittitas", "COUNTY_PARCEL_NO": null, "REGION_JURISDICT_DESG_CD": 100, "REGION_NM": "Southeast Region", "HCP_JURISDICT_DESG_CD": null, "HCP_DESG_CD": 1, "HCP_DESG_DT": 854611200000, "HCP_WITHDRAWAL_DT": null, "PARCEL_DESC_TXT": null, "EDIT_DATE": 1521073610000, "EDIT_STATUS": 1, "EDIT_WHO": "TSTE490", "EASEMENT_TYPE_CD": null, "EASEMENT_TYPE_NM": null, "PARCEL_ACQUIRE_AUTH_NO": null, "PARCEL_DISPOSAL_AUTH_NO": null, "SHAPE.AREA": 1174776.367679, "SHAPE.LEN": 14566.455783864001, "GLOBALID": "{7F305EC6-08E0-47F4-8E1F-09CD605DACA1}"}}, {"type": "Feature", "id": 3338175, "geometry": {"type": "Polygon", "coordinates": [[[-120.82526, 47.11677], [-120.8156, 47.11684], [-120.81562, 47.12399], [-120.81561, 47.13114], [-120.82627, 47.13117], [-120.83693, 47.13127], [-120.83592, 47.12401], [-120.83491, 47.11671], [-120.82526, 47.11677]]]}, "properties": {"OBJECTID": 3338175, "PARCEL_SYST_ID": 114726, "PARCEL_TYPE_CD": 1, "PARCEL_LABEL_NM": null, "PARCEL_NM": null, "REVERSION_RIGHTS_FLG": "N", "OWN_RIGHT_DISPUTE_FLG": "N", "SURFACE_RIGHTS_FLG": "Y", "MINERAL_RIGHTS_FLG": "N", "TIMBER_RIGHTS_FLG": "Y", "SURFACE_TRUST_CD": 3, "SURFACE_TRUST_NM": "Common School and Indemnity", "MINERAL_TRUST_CD": 0, "MINERAL_TRUST_NM": "Trust Status Not Applicable Or Unknown", "TIMBER_TRUST_CD": 3, "TIMBER_TRUST_NM": "Common School and Indemnity", "OWNER_AGENT_SYST_ID": 58706, "STEWARD_AGENT_SYST_ID": 63986, "MANAGER_AGENT_SYST_ID": 63986, "TIMBER_OWNER_NM": null, "TIMBER_EXP_DT": null, "ORIGINAL_PATENT_DT": null, "COUNTY_JURISDICT_DESG_CD": 19, "COUNTY_NM": "Kittitas", "COUNTY_PARCEL_NO": null, "REGION_JURISDICT_DESG_CD": 100, "REGION_NM": "Southeast Region", "HCP_JURISDICT_DESG_CD": null, "HCP_DESG_CD": 1, "HCP_DESG_DT": 1339657200000, "HCP_WITHDRAWAL_DT": null, "PARCEL_DESC_TXT": null, "EDIT_DATE": 1557965468000, "EDIT_STATUS": 0, "EDIT_WHO": "TSTE490", "EASEMENT_TYPE_CD": null, "EASEMENT_TYPE_NM": null, "PARCEL_ACQUIRE_AUTH_NO": "86-086120", "PARCEL_DISPOSAL_AUTH_NO": null, "SHAPE.AREA": 26572144.5549955, "SHAPE.LEN": 20666.8055639612, "GLOBALID": "{5E9AF57D-20EC-45FC-BFE6-9092BF5C96AE}"}}, {"type": "Feature", "id": 3338176, "geometry": {"type": "Polygon", "coordinates": [[[-120.86859, 47.11685], [-120.85791, 47.11695], [-120.85786, 47.12419], [-120.85786, 47.12783], [-120.86852, 47.12787], [-120.86849, 47.13165], [-120.87911, 47.13182], [-120.87912, 47.12399], [-120.87904, 47.11678], [-120.86859, 47.11685]]]}, "properties": {"OBJECTID": 3338176, "PARCEL_SYST_ID": 114716, "PARCEL_TYPE_CD": 1, "PARCEL_LABEL_NM": null, "PARCEL_NM": null, "REVERSION_RIGHTS_FLG": "N", "OWN_RIGHT_DISPUTE_FLG": "N", "SURFACE_RIGHTS_FLG": "Y", "MINERAL_RIGHTS_FLG": "N", "TIMBER_RIGHTS_FLG": "Y", "SURFACE_TRUST_CD": 3, "SURFACE_TRUST_NM": "Common School and Indemnity", "MINERAL_TRUST_CD": 0, "MINERAL_TRUST_NM": "Trust Status Not Applicable Or Unknown", "TIMBER_TRUST_CD": 3, "TIMBER_TRUST_NM": "Common School and Indemnity", "OWNER_AGENT_SYST_ID": 58706, "STEWARD_AGENT_SYST_ID": 63986, "MANAGER_AGENT_SYST_ID": 63986, "TIMBER_OWNER_NM": null, "TIMBER_EXP_DT": null, "ORIGINAL_PATENT_DT": null, "COUNTY_JURISDICT_DESG_CD": 19, "COUNTY_NM": "Kittitas", "COUNTY_PARCEL_NO": null, "REGION_JURISDICT_DESG_CD": 100, "REGION_NM": "Southeast Region", "HCP_JURISDICT_DESG_CD": null, "HCP_DESG_CD": 1, "HCP_DESG_DT": 1339657200000, "HCP_WITHDRAWAL_DT": null, "PARCEL_DESC_TXT": null, "EDIT_DATE": 1557965468000, "EDIT_STATUS": 0, "EDIT_WHO": "TSTE490", "EASEMENT_TYPE_CD": null, "EASEMENT_TYPE_NM": null, "PARCEL_ACQUIRE_AUTH_NO": "86-086120", "PARCEL_DISPOSAL_AUTH_NO": null, "SHAPE.AREA": 24923588.457061, "SHAPE.LEN": 21391.9101030883, "GLOBALID": "{89BA95A8-1CEB-491E-A76E-32DAADB315BE}"}}, {"type": "Feature", "id": 3338179, "geometry": {"type": "Polygon", "coordinates": [[[-120.88972, 47.13541], [-120.90033, 47.13543], [-120.90035, 47.13181], [-120.90033, 47.13181], [-120.88974, 47.1318], [-120.87911, 47.13182], [-120.87912, 47.13541], [-120.88972, 47.13537], [-120.88972, 47.13541]], [[-120.88655, 47.13208], [-120.88655, 47.13345], [-120.8853, 47.13345], [-120.88455, 47.13345], [-120.88454, 47.13252], [-120.88454, 47.13208], [-120.88655, 47.13208]]]}, "properties": {"OBJECTID": 3338179, "PARCEL_SYST_ID": 114728, "PARCEL_TYPE_CD": 1, "PARCEL_LABEL_NM": null, "PARCEL_NM": null, "REVERSION_RIGHTS_FLG": "N", "OWN_RIGHT_DISPUTE_FLG": "N", "SURFACE_RIGHTS_FLG": "Y", "MINERAL_RIGHTS_FLG": "N", "TIMBER_RIGHTS_FLG": "Y", "SURFACE_TRUST_CD": 3, "SURFACE_TRUST_NM": "Common School and Indemnity", "MINERAL_TRUST_CD": 0, "MINERAL_TRUST_NM": "Trust Status Not Applicable Or Unknown", "TIMBER_TRUST_CD": 3, "TIMBER_TRUST_NM": "Common School and Indemnity", "OWNER_AGENT_SYST_ID": 58706, "STEWARD_AGENT_SYST_ID": 63986, "MANAGER_AGENT_SYST_ID": 63986, "TIMBER_OWNER_NM": null, "TIMBER_EXP_DT": null, "ORIGINAL_PATENT_DT": null, "COUNTY_JURISDICT_DESG_CD": 19, "COUNTY_NM": "Kittitas", "COUNTY_PARCEL_NO": null, "REGION_JURISDICT_DESG_CD": 100, "REGION_NM": "Southeast Region", "HCP_JURISDICT_DESG_CD": null, "HCP_DESG_CD": 1, "HCP_DESG_DT": 1339657200000, "HCP_WITHDRAWAL_DT": null, "PARCEL_DESC_TXT": null, "EDIT_DATE": 1557965468000, "EDIT_STATUS": 0, "EDIT_WHO": "TSTE490", "EASEMENT_TYPE_CD": null, "EASEMENT_TYPE_NM": null, "PARCEL_ACQUIRE_AUTH_NO": "86-086120", "PARCEL_DISPOSAL_AUTH_NO": null, "SHAPE.AREA": 6683005.4869975, "SHAPE.LEN": 15208.6337948789, "GLOBALID": "{D121EDE8-448D-40B8-8E1C-DE7DE9B54FE6}"}}, {"type": "Feature", "id": 3338180, "geometry": {"type": "Polygon", "coordinates": [[[-120.81272, 47.13719], [-120.81224, 47.13729], [-120.81556, 47.14475], [-120.81562, 47.13842], [-120.81561, 47.13114], [-120.81028, 47.13126], [-120.81025, 47.13284], [-120.8106, 47.13362], [-120.81108, 47.13352], [-120.81272, 47.13719]]]}, "properties": {"OBJECTID": 3338180, "PARCEL_SYST_ID": 114746, "PARCEL_TYPE_CD": 1, "PARCEL_LABEL_NM": null, "PARCEL_NM": null, "REVERSION_RIGHTS_FLG": "N", "OWN_RIGHT_DISPUTE_FLG": "N", "SURFACE_RIGHTS_FLG": "Y", "MINERAL_RIGHTS_FLG": "N", "TIMBER_RIGHTS_FLG": "Y", "SURFACE_TRUST_CD": 3, "SURFACE_TRUST_NM": "Common School and Indemnity", "MINERAL_TRUST_CD": 0, "MINERAL_TRUST_NM": "Trust Status Not Applicable Or Unknown", "TIMBER_TRUST_CD": 3, "TIMBER_TRUST_NM": "Common School and Indemnity", "OWNER_AGENT_SYST_ID": 58706, "STEWARD_AGENT_SYST_ID": 63986, "MANAGER_AGENT_SYST_ID": 63986, "TIMBER_OWNER_NM": null, "TIMBER_EXP_DT": null, "ORIGINAL_PATENT_DT": null, "COUNTY_JURISDICT_DESG_CD": 19, "COUNTY_NM": "Kittitas", "COUNTY_PARCEL_NO": null, "REGION_JURISDICT_DESG_CD": 100, "REGION_NM": "Southeast Region", "HCP_JURISDICT_DESG_CD": null, "HCP_DESG_CD": 1, "HCP_DESG_DT": 1339657200000, "HCP_WITHDRAWAL_DT": null, "PARCEL_DESC_TXT": null, "EDIT_DATE": 1557965468000, "EDIT_STATUS": 0, "EDIT_WHO": "TSTE490", "EASEMENT_TYPE_CD": null, "EASEMENT_TYPE_NM": null, "PARCEL_ACQUIRE_AUTH_NO": "86-086120", "PARCEL_DISPOSAL_AUTH_NO": null, "SHAPE.AREA": 3531838.752157, "SHAPE.LEN": 11656.7765538742, "GLOBALID": "{6F2BAB00-C69B-480A-9266-563504D55742}"}}, {"type": "Feature", "id": 3338181, "geometry": {"type": "Polygon", "coordinates": [[[-120.80505, 47.11694], [-120.80505, 47.11704], [-120.80505, 47.11712], [-120.80505, 47.11779], [-120.80504, 47.11846], [-120.80504, 47.1191], [-120.80503, 47.11976], [-120.80503, 47.12009], [-120.80502, 47.12091], [-120.80502, 47.12174], [-120.80501, 47.12256], [-120.805, 47.12453], [-120.80499, 47.12771], [-120.8051, 47.12781], [-120.80521, 47.1279], [-120.80533, 47.12799], [-120.80545, 47.12808], [-120.80558, 47.12817], [-120.80571, 47.12826], [-120.80574, 47.12827], [-120.80576, 47.12829], [-120.80579, 47.1283], [-120.80581, 47.12832], [-120.80584, 47.12833], [-120.80587, 47.12835], [-120.80589, 47.12836], [-120.80592, 47.12838], [-120.80595, 47.12839], [-120.80597, 47.12841], [-120.806, 47.12843], [-120.80603, 47.12844], [-120.80606, 47.12846], [-120.80608, 47.12847], [-120.80611, 47.12849], [-120.80614, 47.1285], [-120.80617, 47.12852], [-120.8062, 47.12853], [-120.80623, 47.12855], [-120.80626, 47.12856], [-120.80629, 47.12858], [-120.80632, 47.12859], [-120.80635, 47.12861], [-120.80638, 47.12863], [-120.80641, 47.12864], [-120.80644, 47.12866], [-120.80647, 47.12867], [-120.8065, 47.12869], [-120.80608, 47.12907], [-120.80608, 47.12907], [-120.80611, 47.12909], [-120.80615, 47.12911], [-120.80618, 47.12912], [-120.80621, 47.12914], [-120.80624, 47.12915], [-120.80627, 47.12917], [-120.80631, 47.12919], [-120.80665, 47.12936], [-120.80668, 47.12938], [-120.80672, 47.12939], [-120.80675, 47.12941], [-120.80678, 47.12943], [-120.80681, 47.12944], [-120.80685, 47.12946], [-120.80688, 47.12948], [-120.80691, 47.12949], [-120.80694, 47.12951], [-120.80698, 47.12952], [-120.80701, 47.12954], [-120.80704, 47.12956], [-120.80707, 47.12958], [-120.80711, 47.12959], [-120.80714, 47.12961], [-120.80717, 47.12963], [-120.80721, 47.12964], [-120.80724, 47.12966], [-120.80727, 47.12968], [-120.8073, 47.1297], [-120.80734, 47.12971], [-120.80737, 47.12973], [-120.8074, 47.12975], [-120.80741, 47.12975], [-120.80743, 47.12977], [-120.80747, 47.12979], [-120.8075, 47.1298], [-120.80753, 47.12982], [-120.80756, 47.12984], [-120.80759, 47.12986], [-120.80763, 47.12988], [-120.80763, 47.12988], [-120.80779, 47.12998], [-120.80796, 47.13008], [-120.80811, 47.13019], [-120.80827, 47.1303], [-120.80842, 47.13041], [-120.80856, 47.13053], [-120.8087, 47.13065], [-120.80883, 47.13077], [-120.80896, 47.13089], [-120.80909, 47.13102], [-120.80921, 47.13115], [-120.80932, 47.13128], [-120.81028, 47.13126], [-120.81561, 47.13114], [-120.81562, 47.12399], [-120.8156, 47.11684], [-120.80505, 47.11694]]]}, "properties": {"OBJECTID": 3338181, "PARCEL_SYST_ID": 114747, "PARCEL_TYPE_CD": 1, "PARCEL_LABEL_NM": null, "PARCEL_NM": null, "REVERSION_RIGHTS_FLG": "N", "OWN_RIGHT_DISPUTE_FLG": "N", "SURFACE_RIGHTS_FLG": "Y", "MINERAL_RIGHTS_FLG": "N", "TIMBER_RIGHTS_FLG": "Y", "SURFACE_TRUST_CD": 3, "SURFACE_TRUST_NM": "Common School and Indemnity", "MINERAL_TRUST_CD": 0, "MINERAL_TRUST_NM": "Trust Status Not Applicable Or Unknown", "TIMBER_TRUST_CD": 3, "TIMBER_TRUST_NM": "Common School and Indemnity", "OWNER_AGENT_SYST_ID": 58706, "STEWARD_AGENT_SYST_ID": 63986, "MANAGER_AGENT_SYST_ID": 63986, "TIMBER_OWNER_NM": null, "TIMBER_EXP_DT": null, "ORIGINAL_PATENT_DT": null, "COUNTY_JURISDICT_DESG_CD": 19, "COUNTY_NM": "Kittitas", "COUNTY_PARCEL_NO": null, "REGION_JURISDICT_DESG_CD": 100, "REGION_NM": "Southeast Region", "HCP_JURISDICT_DESG_CD": null, "HCP_DESG_CD": 1, "HCP_DESG_DT": 1339657200000, "HCP_WITHDRAWAL_DT": null, "PARCEL_DESC_TXT": null, "EDIT_DATE": 1557965468000, "EDIT_STATUS": 0, "EDIT_WHO": "TSTE490", "EASEMENT_TYPE_CD": null, "EASEMENT_TYPE_NM": null, "PARCEL_ACQUIRE_AUTH_NO": "86-086120", "PARCEL_DISPOSAL_AUTH_NO": null, "SHAPE.AREA": 13112921.959189, "SHAPE.LEN": 15180.031222013, "GLOBALID": "{7E81C49B-090F-481E-B491-842176EEA93B}"}}, {"type": "Feature", "id": 3338183, "geometry": {"type": "Polygon", "coordinates": [[[-120.83592, 47.12401], [-120.84732, 47.1241], [-120.84736, 47.12775], [-120.8526, 47.1278], [-120.85263, 47.13144], [-120.85786, 47.13148], [-120.85786, 47.12783], [-120.85786, 47.12419], [-120.85791, 47.11695], [-120.84724, 47.11687], [-120.83491, 47.11671], [-120.83592, 47.12401]]]}, "properties": {"OBJECTID": 3338183, "PARCEL_SYST_ID": 111363, "PARCEL_TYPE_CD": 1, "PARCEL_LABEL_NM": null, "PARCEL_NM": null, "REVERSION_RIGHTS_FLG": "N", "OWN_RIGHT_DISPUTE_FLG": "N", "SURFACE_RIGHTS_FLG": "Y", "MINERAL_RIGHTS_FLG": "Y", "TIMBER_RIGHTS_FLG": "Y", "SURFACE_TRUST_CD": 3, "SURFACE_TRUST_NM": "Common School and Indemnity", "MINERAL_TRUST_CD": 3, "MINERAL_TRUST_NM": "Common School and Indemnity", "TIMBER_TRUST_CD": 3, "TIMBER_TRUST_NM": "Common School and Indemnity", "OWNER_AGENT_SYST_ID": 58706, "STEWARD_AGENT_SYST_ID": 63986, "MANAGER_AGENT_SYST_ID": 63986, "TIMBER_OWNER_NM": null, "TIMBER_EXP_DT": null, "ORIGINAL_PATENT_DT": null, "COUNTY_JURISDICT_DESG_CD": 19, "COUNTY_NM": "Kittitas", "COUNTY_PARCEL_NO": null, "REGION_JURISDICT_DESG_CD": 100, "REGION_NM": "Southeast Region", "HCP_JURISDICT_DESG_CD": null, "HCP_DESG_CD": 1, "HCP_DESG_DT": 1115190000000, "HCP_WITHDRAWAL_DT": null, "PARCEL_DESC_TXT": "Oil & Gas Reserved", "EDIT_DATE": 1557965468000, "EDIT_STATUS": 0, "EDIT_WHO": "TSTE490", "EASEMENT_TYPE_CD": null, "EASEMENT_TYPE_NM": null, "PARCEL_ACQUIRE_AUTH_NO": "86-074975", "PARCEL_DISPOSAL_AUTH_NO": null, "SHAPE.AREA": 20014003.6012305, "SHAPE.LEN": 21808.4768549558, "GLOBALID": "{00A0F9A2-419C-412A-91AC-93853A4DBF5D}"}}, {"type": "Feature", "id": 3338343, "geometry": {"type": "Polygon", "coordinates": [[[-120.81562, 47.13842], [-120.82621, 47.13844], [-120.82627, 47.13117], [-120.81561, 47.13114], [-120.81562, 47.13842]]]}, "properties": {"OBJECTID": 3338343, "PARCEL_SYST_ID": 114730, "PARCEL_TYPE_CD": 1, "PARCEL_LABEL_NM": null, "PARCEL_NM": null, "REVERSION_RIGHTS_FLG": "N", "OWN_RIGHT_DISPUTE_FLG": "N", "SURFACE_RIGHTS_FLG": "Y", "MINERAL_RIGHTS_FLG": "N", "TIMBER_RIGHTS_FLG": "Y", "SURFACE_TRUST_CD": 3, "SURFACE_TRUST_NM": "Common School and Indemnity", "MINERAL_TRUST_CD": 0, "MINERAL_TRUST_NM": "Trust Status Not Applicable Or Unknown", "TIMBER_TRUST_CD": 3, "TIMBER_TRUST_NM": "Common School and Indemnity", "OWNER_AGENT_SYST_ID": 58706, "STEWARD_AGENT_SYST_ID": 63986, "MANAGER_AGENT_SYST_ID": 63986, "TIMBER_OWNER_NM": null, "TIMBER_EXP_DT": null, "ORIGINAL_PATENT_DT": null, "COUNTY_JURISDICT_DESG_CD": 19, "COUNTY_NM": "Kittitas", "COUNTY_PARCEL_NO": null, "REGION_JURISDICT_DESG_CD": 100, "REGION_NM": "Southeast Region", "HCP_JURISDICT_DESG_CD": null, "HCP_DESG_CD": 1, "HCP_DESG_DT": 1339657200000, "HCP_WITHDRAWAL_DT": null, "PARCEL_DESC_TXT": null, "EDIT_DATE": 1557965468000, "EDIT_STATUS": 0, "EDIT_WHO": "TSTE490", "EASEMENT_TYPE_CD": null, "EASEMENT_TYPE_NM": null, "PARCEL_ACQUIRE_AUTH_NO": "86-086120", "PARCEL_DISPOSAL_AUTH_NO": null, "SHAPE.AREA": 7015767.592452, "SHAPE.LEN": 10594.959399938001, "GLOBALID": "{265C2057-2408-45F0-BA85-8B6BDC63E537}"}}, {"type": "Feature", "id": 3338344, "geometry": {"type": "Polygon", "coordinates": [[[-120.87904, 47.11678], [-120.87912, 47.12399], [-120.87911, 47.13182], [-120.88974, 47.1318], [-120.90033, 47.13181], [-120.90035, 47.13181], [-120.90036, 47.13061], [-120.89975, 47.11664], [-120.87904, 47.11678]]]}, "properties": {"OBJECTID": 3338344, "PARCEL_SYST_ID": 114729, "PARCEL_TYPE_CD": 1, "PARCEL_LABEL_NM": null, "PARCEL_NM": null, "REVERSION_RIGHTS_FLG": "N", "OWN_RIGHT_DISPUTE_FLG": "N", "SURFACE_RIGHTS_FLG": "Y", "MINERAL_RIGHTS_FLG": "N", "TIMBER_RIGHTS_FLG": "Y", "SURFACE_TRUST_CD": 3, "SURFACE_TRUST_NM": "Common School and Indemnity", "MINERAL_TRUST_CD": 0, "MINERAL_TRUST_NM": "Trust Status Not Applicable Or Unknown", "TIMBER_TRUST_CD": 3, "TIMBER_TRUST_NM": "Common School and Indemnity", "OWNER_AGENT_SYST_ID": 58706, "STEWARD_AGENT_SYST_ID": 63986, "MANAGER_AGENT_SYST_ID": 63986, "TIMBER_OWNER_NM": null, "TIMBER_EXP_DT": null, "ORIGINAL_PATENT_DT": null, "COUNTY_JURISDICT_DESG_CD": 19, "COUNTY_NM": "Kittitas", "COUNTY_PARCEL_NO": null, "REGION_JURISDICT_DESG_CD": 100, "REGION_NM": "Southeast Region", "HCP_JURISDICT_DESG_CD": null, "HCP_DESG_CD": 1, "HCP_DESG_DT": 1339657200000, "HCP_WITHDRAWAL_DT": null, "PARCEL_DESC_TXT": null, "EDIT_DATE": 1557965468000, "EDIT_STATUS": 0, "EDIT_WHO": "TSTE490", "EASEMENT_TYPE_CD": null, "EASEMENT_TYPE_NM": null, "PARCEL_ACQUIRE_AUTH_NO": "86-086120", "PARCEL_DISPOSAL_AUTH_NO": null, "SHAPE.AREA": 28757942.5647115, "SHAPE.LEN": 21465.5732293193, "GLOBALID": "{B86816A3-6FF7-476C-BE82-9189C5C11380}"}}, {"type": "Feature", "id": 3338516, "geometry": {"type": "Polygon", "coordinates": [[[-120.85129, 47.3104], [-120.85125, 47.31406], [-120.85655, 47.31406], [-120.85654, 47.31767], [-120.87254, 47.31767], [-120.87254, 47.31406], [-120.87254, 47.31045], [-120.87258, 47.30324], [-120.86178, 47.3032], [-120.8513, 47.30319], [-120.85129, 47.3104]]]}, "properties": {"OBJECTID": 3338516, "PARCEL_SYST_ID": 116216, "PARCEL_TYPE_CD": 1, "PARCEL_LABEL_NM": "Teanaway Com Forest", "PARCEL_NM": null, "REVERSION_RIGHTS_FLG": "N", "OWN_RIGHT_DISPUTE_FLG": "N", "SURFACE_RIGHTS_FLG": "Y", "MINERAL_RIGHTS_FLG": "N", "TIMBER_RIGHTS_FLG": "Y", "SURFACE_TRUST_CD": 48, "SURFACE_TRUST_NM": "Community Forest Trust", "MINERAL_TRUST_CD": 0, "MINERAL_TRUST_NM": "Trust Status Not Applicable Or Unknown", "TIMBER_TRUST_CD": 48, "TIMBER_TRUST_NM": "Community Forest Trust", "OWNER_AGENT_SYST_ID": 58706, "STEWARD_AGENT_SYST_ID": 63986, "MANAGER_AGENT_SYST_ID": 63986, "TIMBER_OWNER_NM": null, "TIMBER_EXP_DT": null, "ORIGINAL_PATENT_DT": null, "COUNTY_JURISDICT_DESG_CD": 19, "COUNTY_NM": "Kittitas", "COUNTY_PARCEL_NO": null, "REGION_JURISDICT_DESG_CD": 100, "REGION_NM": "Southeast Region", "HCP_JURISDICT_DESG_CD": null, "HCP_DESG_CD": 2, "HCP_DESG_DT": null, "HCP_WITHDRAWAL_DT": null, "PARCEL_DESC_TXT": null, "EDIT_DATE": 1741909669000, "EDIT_STATUS": 0, "EDIT_WHO": "TSTE490", "EASEMENT_TYPE_CD": null, "EASEMENT_TYPE_NM": null, "PARCEL_ACQUIRE_AUTH_NO": "08-090298", "PARCEL_DISPOSAL_AUTH_NO": null, "SHAPE.AREA": 26111009.2913335, "SHAPE.LEN": 21107.7282864227, "GLOBALID": "{63007BDC-FBF1-4DB0-A041-24C41ECFBD67}"}}, {"type": "Feature", "id": 3338517, "geometry": {"type": "Polygon", "coordinates": [[[-120.83046, 47.28856], [-120.85132, 47.2888], [-120.8513, 47.28161], [-120.85128, 47.27441], [-120.83003, 47.27412], [-120.83046, 47.28856]]]}, "properties": {"OBJECTID": 3338517, "PARCEL_SYST_ID": 116206, "PARCEL_TYPE_CD": 1, "PARCEL_LABEL_NM": "Teanaway Com Forest", "PARCEL_NM": null, "REVERSION_RIGHTS_FLG": "N", "OWN_RIGHT_DISPUTE_FLG": "N", "SURFACE_RIGHTS_FLG": "Y", "MINERAL_RIGHTS_FLG": "Y", "TIMBER_RIGHTS_FLG": "Y", "SURFACE_TRUST_CD": 48, "SURFACE_TRUST_NM": "Community Forest Trust", "MINERAL_TRUST_CD": 48, "MINERAL_TRUST_NM": "Community Forest Trust", "TIMBER_TRUST_CD": 48, "TIMBER_TRUST_NM": "Community Forest Trust", "OWNER_AGENT_SYST_ID": 58706, "STEWARD_AGENT_SYST_ID": 63986, "MANAGER_AGENT_SYST_ID": 63986, "TIMBER_OWNER_NM": null, "TIMBER_EXP_DT": null, "ORIGINAL_PATENT_DT": null, "COUNTY_JURISDICT_DESG_CD": 19, "COUNTY_NM": "Kittitas", "COUNTY_PARCEL_NO": null, "REGION_JURISDICT_DESG_CD": 100, "REGION_NM": "Southeast Region", "HCP_JURISDICT_DESG_CD": null, "HCP_DESG_CD": 2, "HCP_DESG_DT": null, "HCP_WITHDRAWAL_DT": null, "PARCEL_DESC_TXT": null, "EDIT_DATE": 1741909669000, "EDIT_STATUS": 0, "EDIT_WHO": "TSTE490", "EASEMENT_TYPE_CD": null, "EASEMENT_TYPE_NM": null, "PARCEL_ACQUIRE_AUTH_NO": "08-090298", "PARCEL_DISPOSAL_AUTH_NO": null, "SHAPE.AREA": 27476984.302138, "SHAPE.LEN": 20972.5996293588, "GLOBALID": "{A433A5C7-04C2-4F79-8489-F33614D0B090}"}}, {"type": "Feature", "id": 3338556, "geometry": {"type": "Polygon", "coordinates": [[[-120.89298, 47.2889], [-120.9141, 47.28899], [-120.91413, 47.28178], [-120.91414, 47.27854], [-120.91409, 47.2785], [-120.91395, 47.2784], [-120.91383, 47.27832], [-120.9137, 47.27823], [-120.91358, 47.27814], [-120.91344, 47.27803], [-120.91333, 47.27793], [-120.91321, 47.27784], [-120.91312, 47.27777], [-120.91302, 47.27768], [-120.91291, 47.27758], [-120.91281, 47.27749], [-120.91267, 47.27737], [-120.91257, 47.27727], [-120.91247, 47.27718], [-120.91238, 47.27709], [-120.91227, 47.27699], [-120.91218, 47.2769], [-120.91208, 47.2768], [-120.91199, 47.27671], [-120.91189, 47.27662], [-120.9118, 47.27653], [-120.91167, 47.2764], [-120.91158, 47.27631], [-120.9115, 47.27622], [-120.91145, 47.27616], [-120.91137, 47.27607], [-120.91124, 47.27593], [-120.91113, 47.27584], [-120.91101, 47.27575], [-120.91091, 47.27566], [-120.91078, 47.27555], [-120.91065, 47.27548], [-120.91052, 47.2754], [-120.91039, 47.27533], [-120.91025, 47.27527], [-120.91011, 47.27521], [-120.91, 47.27516], [-120.90987, 47.27507], [-120.9097, 47.27496], [-120.90957, 47.27487], [-120.90941, 47.27474], [-120.90934, 47.27467], [-120.90896, 47.27466], [-120.90533, 47.27457], [-120.9035, 47.27452], [-120.89301, 47.27447], [-120.89298, 47.2889]]]}, "properties": {"OBJECTID": 3338556, "PARCEL_SYST_ID": 116249, "PARCEL_TYPE_CD": 1, "PARCEL_LABEL_NM": "Teanaway Com Forest", "PARCEL_NM": null, "REVERSION_RIGHTS_FLG": "N", "OWN_RIGHT_DISPUTE_FLG": "N", "SURFACE_RIGHTS_FLG": "Y", "MINERAL_RIGHTS_FLG": "N", "TIMBER_RIGHTS_FLG": "Y", "SURFACE_TRUST_CD": 48, "SURFACE_TRUST_NM": "Community Forest Trust", "MINERAL_TRUST_CD": 0, "MINERAL_TRUST_NM": "Trust Status Not Applicable Or Unknown", "TIMBER_TRUST_CD": 48, "TIMBER_TRUST_NM": "Community Forest Trust", "OWNER_AGENT_SYST_ID": 58706, "STEWARD_AGENT_SYST_ID": 63986, "MANAGER_AGENT_SYST_ID": 63986, "TIMBER_OWNER_NM": null, "TIMBER_EXP_DT": null, "ORIGINAL_PATENT_DT": null, "COUNTY_JURISDICT_DESG_CD": 19, "COUNTY_NM": "Kittitas", "COUNTY_PARCEL_NO": null, "REGION_JURISDICT_DESG_CD": 100, "REGION_NM": "Southeast Region", "HCP_JURISDICT_DESG_CD": null, "HCP_DESG_CD": 2, "HCP_DESG_DT": null, "HCP_WITHDRAWAL_DT": null, "PARCEL_DESC_TXT": null, "EDIT_DATE": 1741909669000, "EDIT_STATUS": 0, "EDIT_WHO": "TSTE490", "EASEMENT_TYPE_CD": null, "EASEMENT_TYPE_NM": null, "PARCEL_ACQUIRE_AUTH_NO": "08-090298", "PARCEL_DISPOSAL_AUTH_NO": null, "SHAPE.AREA": 26711050.9245005, "SHAPE.LEN": 20231.3804222342, "GLOBALID": "{06955A9B-0B00-4968-8D1F-BFCB3CB48D13}"}}, {"type": "Feature", "id": 3338567, "geometry": {"type": "Polygon", "coordinates": [[[-120.87254, 47.31045], [-120.88315, 47.31052], [-120.88316, 47.30333], [-120.87258, 47.30324], [-120.87254, 47.31045]]]}, "properties": {"OBJECTID": 3338567, "PARCEL_SYST_ID": 116217, "PARCEL_TYPE_CD": 1, "PARCEL_LABEL_NM": "Teanaway Com Forest", "PARCEL_NM": null, "REVERSION_RIGHTS_FLG": "N", "OWN_RIGHT_DISPUTE_FLG": "N", "SURFACE_RIGHTS_FLG": "Y", "MINERAL_RIGHTS_FLG": "Y", "TIMBER_RIGHTS_FLG": "Y", "SURFACE_TRUST_CD": 48, "SURFACE_TRUST_NM": "Community Forest Trust", "MINERAL_TRUST_CD": 48, "MINERAL_TRUST_NM": "Community Forest Trust", "TIMBER_TRUST_CD": 48, "TIMBER_TRUST_NM": "Community Forest Trust", "OWNER_AGENT_SYST_ID": 58706, "STEWARD_AGENT_SYST_ID": 63986, "MANAGER_AGENT_SYST_ID": 63986, "TIMBER_OWNER_NM": null, "TIMBER_EXP_DT": null, "ORIGINAL_PATENT_DT": null, "COUNTY_JURISDICT_DESG_CD": 19, "COUNTY_NM": "Kittitas", "COUNTY_PARCEL_NO": null, "REGION_JURISDICT_DESG_CD": 100, "REGION_NM": "Southeast Region", "HCP_JURISDICT_DESG_CD": null, "HCP_DESG_CD": 2, "HCP_DESG_DT": null, "HCP_WITHDRAWAL_DT": null, "PARCEL_DESC_TXT": null, "EDIT_DATE": 1741909669000, "EDIT_STATUS": 0, "EDIT_WHO": "TSTE490", "EASEMENT_TYPE_CD": null, "EASEMENT_TYPE_NM": null, "PARCEL_ACQUIRE_AUTH_NO": "08-090298", "PARCEL_DISPOSAL_AUTH_NO": null, "SHAPE.AREA": 6898234.6730545, "SHAPE.LEN": 10506.0034128476, "GLOBALID": "{1F2A59AB-FCFA-4505-86FA-EB354A4D7A98}"}}, {"type": "Feature", "id": 3338568, "geometry": {"type": "Polygon", "coordinates": [[[-120.87257, 47.29966], [-120.87258, 47.30324], [-120.88316, 47.30333], [-120.893, 47.30335], [-120.89298, 47.2889], [-120.88309, 47.28884], [-120.87252, 47.28884], [-120.87257, 47.29966]]]}, "properties": {"OBJECTID": 3338568, "PARCEL_SYST_ID": 116209, "PARCEL_TYPE_CD": 1, "PARCEL_LABEL_NM": "Teanaway Com Forest", "PARCEL_NM": null, "REVERSION_RIGHTS_FLG": "N", "OWN_RIGHT_DISPUTE_FLG": "N", "SURFACE_RIGHTS_FLG": "Y", "MINERAL_RIGHTS_FLG": "N", "TIMBER_RIGHTS_FLG": "Y", "SURFACE_TRUST_CD": 48, "SURFACE_TRUST_NM": "Community Forest Trust", "MINERAL_TRUST_CD": 0, "MINERAL_TRUST_NM": "Trust Status Not Applicable Or Unknown", "TIMBER_TRUST_CD": 48, "TIMBER_TRUST_NM": "Community Forest Trust", "OWNER_AGENT_SYST_ID": 58706, "STEWARD_AGENT_SYST_ID": 63986, "MANAGER_AGENT_SYST_ID": 63986, "TIMBER_OWNER_NM": null, "TIMBER_EXP_DT": null, "ORIGINAL_PATENT_DT": null, "COUNTY_JURISDICT_DESG_CD": 19, "COUNTY_NM": "Kittitas", "COUNTY_PARCEL_NO": null, "REGION_JURISDICT_DESG_CD": 100, "REGION_NM": "Southeast Region", "HCP_JURISDICT_DESG_CD": null, "HCP_DESG_CD": 2, "HCP_DESG_DT": null, "HCP_WITHDRAWAL_DT": null, "PARCEL_DESC_TXT": null, "EDIT_DATE": 1741909669000, "EDIT_STATUS": 0, "EDIT_WHO": "TSTE490", "EASEMENT_TYPE_CD": null, "EASEMENT_TYPE_NM": null, "PARCEL_ACQUIRE_AUTH_NO": "08-090298", "PARCEL_DISPOSAL_AUTH_NO": null, "SHAPE.AREA": 26746642.5178325, "SHAPE.LEN": 20666.9102095303, "GLOBALID": "{4E48A855-E303-4090-906F-DF065520B692}"}}, {"type": "Feature", "id": 3338569, "geometry": {"type": "Polygon", "coordinates": [[[-120.86168, 47.2997], [-120.86178, 47.3032], [-120.87258, 47.30324], [-120.87257, 47.29966], [-120.86168, 47.2997]]]}, "properties": {"OBJECTID": 3338569, "PARCEL_SYST_ID": 116288, "PARCEL_TYPE_CD": 1, "PARCEL_LABEL_NM": "Teanaway Com Forest", "PARCEL_NM": null, "REVERSION_RIGHTS_FLG": "N", "OWN_RIGHT_DISPUTE_FLG": "N", "SURFACE_RIGHTS_FLG": "Y", "MINERAL_RIGHTS_FLG": "N", "TIMBER_RIGHTS_FLG": "Y", "SURFACE_TRUST_CD": 48, "SURFACE_TRUST_NM": "Community Forest Trust", "MINERAL_TRUST_CD": 0, "MINERAL_TRUST_NM": "Trust Status Not Applicable Or Unknown", "TIMBER_TRUST_CD": 48, "TIMBER_TRUST_NM": "Community Forest Trust", "OWNER_AGENT_SYST_ID": 58706, "STEWARD_AGENT_SYST_ID": 63986, "MANAGER_AGENT_SYST_ID": 63986, "TIMBER_OWNER_NM": null, "TIMBER_EXP_DT": null, "ORIGINAL_PATENT_DT": null, "COUNTY_JURISDICT_DESG_CD": 19, "COUNTY_NM": "Kittitas", "COUNTY_PARCEL_NO": null, "REGION_JURISDICT_DESG_CD": 100, "REGION_NM": "Southeast Region", "HCP_JURISDICT_DESG_CD": null, "HCP_DESG_CD": 2, "HCP_DESG_DT": null, "HCP_WITHDRAWAL_DT": null, "PARCEL_DESC_TXT": null, "EDIT_DATE": 1741909669000, "EDIT_STATUS": 0, "EDIT_WHO": "TSTE490", "EASEMENT_TYPE_CD": null, "EASEMENT_TYPE_NM": null, "PARCEL_ACQUIRE_AUTH_NO": "08-090298", "PARCEL_DISPOSAL_AUTH_NO": null, "SHAPE.AREA": 3476147.8148555, "SHAPE.LEN": 7965.834072817241, "GLOBALID": "{A8EA63C1-3DE6-408D-A92D-E8203FC666D9}"}}, {"type": "Feature", "id": 3338570, "geometry": {"type": "Polygon", "coordinates": [[[-120.86704, 47.28532], [-120.86147, 47.28547], [-120.86192, 47.28881], [-120.86722, 47.28883], [-120.87252, 47.28884], [-120.87251, 47.28167], [-120.86707, 47.28166], [-120.86704, 47.28532]]]}, "properties": {"OBJECTID": 3338570, "PARCEL_SYST_ID": 116317, "PARCEL_TYPE_CD": 1, "PARCEL_LABEL_NM": "Teanaway Com Forest", "PARCEL_NM": null, "REVERSION_RIGHTS_FLG": "N", "OWN_RIGHT_DISPUTE_FLG": "N", "SURFACE_RIGHTS_FLG": "Y", "MINERAL_RIGHTS_FLG": "N", "TIMBER_RIGHTS_FLG": "Y", "SURFACE_TRUST_CD": 48, "SURFACE_TRUST_NM": "Community Forest Trust", "MINERAL_TRUST_CD": 0, "MINERAL_TRUST_NM": "Trust Status Not Applicable Or Unknown", "TIMBER_TRUST_CD": 48, "TIMBER_TRUST_NM": "Community Forest Trust", "OWNER_AGENT_SYST_ID": 58706, "STEWARD_AGENT_SYST_ID": 63986, "MANAGER_AGENT_SYST_ID": 63986, "TIMBER_OWNER_NM": null, "TIMBER_EXP_DT": null, "ORIGINAL_PATENT_DT": null, "COUNTY_JURISDICT_DESG_CD": 19, "COUNTY_NM": "Kittitas", "COUNTY_PARCEL_NO": null, "REGION_JURISDICT_DESG_CD": 100, "REGION_NM": "Southeast Region", "HCP_JURISDICT_DESG_CD": null, "HCP_DESG_CD": 2, "HCP_DESG_DT": null, "HCP_WITHDRAWAL_DT": null, "PARCEL_DESC_TXT": null, "EDIT_DATE": 1741909669000, "EDIT_STATUS": 0, "EDIT_WHO": "TSTE490", "EASEMENT_TYPE_CD": null, "EASEMENT_TYPE_NM": null, "PARCEL_ACQUIRE_AUTH_NO": "08-090298", "PARCEL_DISPOSAL_AUTH_NO": null, "SHAPE.AREA": 5209359.939939, "SHAPE.LEN": 10539.6471060717, "GLOBALID": "{5CBA1073-DB6B-491E-AFDD-07ECABE1BC6C}"}}, {"type": "Feature", "id": 3338571, "geometry": {"type": "Polygon", "coordinates": [[[-120.8512, 47.31767], [-120.85125, 47.31406], [-120.85129, 47.3104], [-120.8513, 47.30319], [-120.84031, 47.30301], [-120.82974, 47.30324], [-120.83017, 47.31021], [-120.83014, 47.31407], [-120.83534, 47.31414], [-120.83531, 47.31752], [-120.84083, 47.31736], [-120.8512, 47.31767]]]}, "properties": {"OBJECTID": 3338571, "PARCEL_SYST_ID": 5065, "PARCEL_TYPE_CD": 1, "PARCEL_LABEL_NM": null, "PARCEL_NM": null, "REVERSION_RIGHTS_FLG": "N", "OWN_RIGHT_DISPUTE_FLG": "N", "SURFACE_RIGHTS_FLG": "Y", "MINERAL_RIGHTS_FLG": "Y", "TIMBER_RIGHTS_FLG": "Y", "SURFACE_TRUST_CD": 3, "SURFACE_TRUST_NM": "Common School and Indemnity", "MINERAL_TRUST_CD": 3, "MINERAL_TRUST_NM": "Common School and Indemnity", "TIMBER_TRUST_CD": 3, "TIMBER_TRUST_NM": "Common School and Indemnity", "OWNER_AGENT_SYST_ID": 58706, "STEWARD_AGENT_SYST_ID": 63986, "MANAGER_AGENT_SYST_ID": 63986, "TIMBER_OWNER_NM": null, "TIMBER_EXP_DT": null, "ORIGINAL_PATENT_DT": null, "COUNTY_JURISDICT_DESG_CD": 19, "COUNTY_NM": "Kittitas", "COUNTY_PARCEL_NO": null, "REGION_JURISDICT_DESG_CD": 100, "REGION_NM": "Southeast Region", "HCP_JURISDICT_DESG_CD": null, "HCP_DESG_CD": 1, "HCP_DESG_DT": 854611200000, "HCP_WITHDRAWAL_DT": null, "PARCEL_DESC_TXT": null, "EDIT_DATE": 1741909669000, "EDIT_STATUS": 1, "EDIT_WHO": "TSTE490", "EASEMENT_TYPE_CD": null, "EASEMENT_TYPE_NM": null, "PARCEL_ACQUIRE_AUTH_NO": "US PATENT NO 46-87-0002", "PARCEL_DISPOSAL_AUTH_NO": null, "SHAPE.AREA": 26021601.3335285, "SHAPE.LEN": 21052.1122249915, "GLOBALID": "{38B3AACC-A281-42FA-ACBA-D539F101434D}"}}, {"type": "Feature", "id": 3338604, "geometry": {"type": "Polygon", "coordinates": [[[-120.85131, 47.296], [-120.86157, 47.29619], [-120.86192, 47.28881], [-120.85662, 47.28881], [-120.85132, 47.2888], [-120.85131, 47.296]]]}, "properties": {"OBJECTID": 3338604, "PARCEL_SYST_ID": 116318, "PARCEL_TYPE_CD": 1, "PARCEL_LABEL_NM": "Teanaway Com Forest", "PARCEL_NM": null, "REVERSION_RIGHTS_FLG": "N", "OWN_RIGHT_DISPUTE_FLG": "N", "SURFACE_RIGHTS_FLG": "Y", "MINERAL_RIGHTS_FLG": "N", "TIMBER_RIGHTS_FLG": "Y", "SURFACE_TRUST_CD": 48, "SURFACE_TRUST_NM": "Community Forest Trust", "MINERAL_TRUST_CD": 0, "MINERAL_TRUST_NM": "Trust Status Not Applicable Or Unknown", "TIMBER_TRUST_CD": 48, "TIMBER_TRUST_NM": "Community Forest Trust", "OWNER_AGENT_SYST_ID": 58706, "STEWARD_AGENT_SYST_ID": 63986, "MANAGER_AGENT_SYST_ID": 63986, "TIMBER_OWNER_NM": null, "TIMBER_EXP_DT": null, "ORIGINAL_PATENT_DT": null, "COUNTY_JURISDICT_DESG_CD": 19, "COUNTY_NM": "Kittitas", "COUNTY_PARCEL_NO": null, "REGION_JURISDICT_DESG_CD": 100, "REGION_NM": "Southeast Region", "HCP_JURISDICT_DESG_CD": null, "HCP_DESG_CD": 2, "HCP_DESG_DT": null, "HCP_WITHDRAWAL_DT": null, "PARCEL_DESC_TXT": null, "EDIT_DATE": 1741909669000, "EDIT_STATUS": 0, "EDIT_WHO": "TSTE490", "EASEMENT_TYPE_CD": null, "EASEMENT_TYPE_NM": null, "PARCEL_ACQUIRE_AUTH_NO": "08-090298", "PARCEL_DISPOSAL_AUTH_NO": null, "SHAPE.AREA": 6881175.279932, "SHAPE.LEN": 10494.8496851014, "GLOBALID": "{4393778C-69F3-4B4F-AC10-532A508EC772}"}}, {"type": "Feature", "id": 3338605, "geometry": {"type": "Polygon", "coordinates": [[[-120.86711, 47.278], [-120.86707, 47.28166], [-120.87251, 47.28167], [-120.87253, 47.27795], [-120.86711, 47.278]]]}, "properties": {"OBJECTID": 3338605, "PARCEL_SYST_ID": 116293, "PARCEL_TYPE_CD": 1, "PARCEL_LABEL_NM": "Teanaway Com Forest", "PARCEL_NM": null, "REVERSION_RIGHTS_FLG": "N", "OWN_RIGHT_DISPUTE_FLG": "N", "SURFACE_RIGHTS_FLG": "Y", "MINERAL_RIGHTS_FLG": "N", "TIMBER_RIGHTS_FLG": "Y", "SURFACE_TRUST_CD": 48, "SURFACE_TRUST_NM": "Community Forest Trust", "MINERAL_TRUST_CD": 0, "MINERAL_TRUST_NM": "Trust Status Not Applicable Or Unknown", "TIMBER_TRUST_CD": 48, "TIMBER_TRUST_NM": "Community Forest Trust", "OWNER_AGENT_SYST_ID": 58706, "STEWARD_AGENT_SYST_ID": 63986, "MANAGER_AGENT_SYST_ID": 63986, "TIMBER_OWNER_NM": null, "TIMBER_EXP_DT": null, "ORIGINAL_PATENT_DT": null, "COUNTY_JURISDICT_DESG_CD": 19, "COUNTY_NM": "Kittitas", "COUNTY_PARCEL_NO": null, "REGION_JURISDICT_DESG_CD": 100, "REGION_NM": "Southeast Region", "HCP_JURISDICT_DESG_CD": null, "HCP_DESG_CD": 2, "HCP_DESG_DT": null, "HCP_WITHDRAWAL_DT": null, "PARCEL_DESC_TXT": null, "EDIT_DATE": 1741909669000, "EDIT_STATUS": 0, "EDIT_WHO": "TSTE490", "EASEMENT_TYPE_CD": null, "EASEMENT_TYPE_NM": null, "PARCEL_ACQUIRE_AUTH_NO": "08-090298", "PARCEL_DISPOSAL_AUTH_NO": null, "SHAPE.AREA": 1812535.999426, "SHAPE.LEN": 5385.4204477535695, "GLOBALID": "{2FB88568-6100-4E12-99C4-E36BC6E06A46}"}}, {"type": "Feature", "id": 3338606, "geometry": {"type": "Polygon", "coordinates": [[[-120.83008, 47.25995], [-120.83004, 47.27058], [-120.83003, 47.27412], [-120.85128, 47.27441], [-120.85125, 47.25987], [-120.83536, 47.25969], [-120.83008, 47.25995]]]}, "properties": {"OBJECTID": 3338606, "PARCEL_SYST_ID": 116201, "PARCEL_TYPE_CD": 1, "PARCEL_LABEL_NM": "Teanaway Com Forest", "PARCEL_NM": null, "REVERSION_RIGHTS_FLG": "N", "OWN_RIGHT_DISPUTE_FLG": "N", "SURFACE_RIGHTS_FLG": "Y", "MINERAL_RIGHTS_FLG": "N", "TIMBER_RIGHTS_FLG": "Y", "SURFACE_TRUST_CD": 48, "SURFACE_TRUST_NM": "Community Forest Trust", "MINERAL_TRUST_CD": 0, "MINERAL_TRUST_NM": "Trust Status Not Applicable Or Unknown", "TIMBER_TRUST_CD": 48, "TIMBER_TRUST_NM": "Community Forest Trust", "OWNER_AGENT_SYST_ID": 58706, "STEWARD_AGENT_SYST_ID": 63986, "MANAGER_AGENT_SYST_ID": 63986, "TIMBER_OWNER_NM": null, "TIMBER_EXP_DT": null, "ORIGINAL_PATENT_DT": null, "COUNTY_JURISDICT_DESG_CD": 19, "COUNTY_NM": "Kittitas", "COUNTY_PARCEL_NO": null, "REGION_JURISDICT_DESG_CD": 100, "REGION_NM": "Southeast Region", "HCP_JURISDICT_DESG_CD": null, "HCP_DESG_CD": 2, "HCP_DESG_DT": null, "HCP_WITHDRAWAL_DT": null, "PARCEL_DESC_TXT": null, "EDIT_DATE": 1741909669000, "EDIT_STATUS": 0, "EDIT_WHO": "TSTE490", "EASEMENT_TYPE_CD": null, "EASEMENT_TYPE_NM": null, "PARCEL_ACQUIRE_AUTH_NO": "08-090298", "PARCEL_DISPOSAL_AUTH_NO": null, "SHAPE.AREA": 27805427.312146, "SHAPE.LEN": 21011.0537417193, "GLOBALID": "{EBC8E53C-61F8-4E6E-9D5A-4C7C46A35A85}"}}, {"type": "Feature", "id": 3338610, "geometry": {"type": "Polygon", "coordinates": [[[-120.86158, 47.28176], [-120.85609, 47.28186], [-120.85662, 47.28881], [-120.86192, 47.28881], [-120.86147, 47.28547], [-120.86704, 47.28532], [-120.86707, 47.28166], [-120.86158, 47.28176]]]}, "properties": {"OBJECTID": 3338610, "PARCEL_SYST_ID": 116292, "PARCEL_TYPE_CD": 1, "PARCEL_LABEL_NM": "Teanaway Com Forest", "PARCEL_NM": null, "REVERSION_RIGHTS_FLG": "N", "OWN_RIGHT_DISPUTE_FLG": "N", "SURFACE_RIGHTS_FLG": "Y", "MINERAL_RIGHTS_FLG": "N", "TIMBER_RIGHTS_FLG": "Y", "SURFACE_TRUST_CD": 48, "SURFACE_TRUST_NM": "Community Forest Trust", "MINERAL_TRUST_CD": 0, "MINERAL_TRUST_NM": "Trust Status Not Applicable Or Unknown", "TIMBER_TRUST_CD": 48, "TIMBER_TRUST_NM": "Community Forest Trust", "OWNER_AGENT_SYST_ID": 58706, "STEWARD_AGENT_SYST_ID": 63986, "MANAGER_AGENT_SYST_ID": 63986, "TIMBER_OWNER_NM": null, "TIMBER_EXP_DT": null, "ORIGINAL_PATENT_DT": null, "COUNTY_JURISDICT_DESG_CD": 19, "COUNTY_NM": "Kittitas", "COUNTY_PARCEL_NO": null, "REGION_JURISDICT_DESG_CD": 100, "REGION_NM": "Southeast Region", "HCP_JURISDICT_DESG_CD": null, "HCP_DESG_CD": 2, "HCP_DESG_DT": null, "HCP_WITHDRAWAL_DT": null, "PARCEL_DESC_TXT": null, "EDIT_DATE": 1741909669000, "EDIT_STATUS": 0, "EDIT_WHO": "TSTE490", "EASEMENT_TYPE_CD": null, "EASEMENT_TYPE_NM": null, "PARCEL_ACQUIRE_AUTH_NO": "08-090298", "PARCEL_DISPOSAL_AUTH_NO": null, "SHAPE.AREA": 5175894.6537825, "SHAPE.LEN": 10520.057524229702, "GLOBALID": "{0DAA5D3C-50C8-4754-8467-92B0BAE27AFF}"}}, {"type": "Feature", "id": 3338611, "geometry": {"type": "Polygon", "coordinates": [[[-120.86157, 47.29619], [-120.86168, 47.2997], [-120.87257, 47.29966], [-120.87252, 47.28884], [-120.86722, 47.28883], [-120.86192, 47.28881], [-120.86157, 47.29619]]]}, "properties": {"OBJECTID": 3338611, "PARCEL_SYST_ID": 5069, "PARCEL_TYPE_CD": 1, "PARCEL_LABEL_NM": null, "PARCEL_NM": null, "REVERSION_RIGHTS_FLG": "N", "OWN_RIGHT_DISPUTE_FLG": "N", "SURFACE_RIGHTS_FLG": "Y", "MINERAL_RIGHTS_FLG": "Y", "TIMBER_RIGHTS_FLG": "Y", "SURFACE_TRUST_CD": 3, "SURFACE_TRUST_NM": "Common School and Indemnity", "MINERAL_TRUST_CD": 3, "MINERAL_TRUST_NM": "Common School and Indemnity", "TIMBER_TRUST_CD": 3, "TIMBER_TRUST_NM": "Common School and Indemnity", "OWNER_AGENT_SYST_ID": 58706, "STEWARD_AGENT_SYST_ID": 63986, "MANAGER_AGENT_SYST_ID": 63986, "TIMBER_OWNER_NM": null, "TIMBER_EXP_DT": null, "ORIGINAL_PATENT_DT": null, "COUNTY_JURISDICT_DESG_CD": 19, "COUNTY_NM": "Kittitas", "COUNTY_PARCEL_NO": null, "REGION_JURISDICT_DESG_CD": 100, "REGION_NM": "Southeast Region", "HCP_JURISDICT_DESG_CD": null, "HCP_DESG_CD": 1, "HCP_DESG_DT": 854611200000, "HCP_WITHDRAWAL_DT": null, "PARCEL_DESC_TXT": null, "EDIT_DATE": 1741909669000, "EDIT_STATUS": 1, "EDIT_WHO": "TSTE490", "EASEMENT_TYPE_CD": null, "EASEMENT_TYPE_NM": null, "PARCEL_ACQUIRE_AUTH_NO": "CLEAR LIST 10 INDEMNITY", "PARCEL_DISPOSAL_AUTH_NO": null, "SHAPE.AREA": 10646150.931722, "SHAPE.LEN": 13252.1774395122, "GLOBALID": "{77A0DFD0-59A6-41CF-A366-80814F79014D}"}}, {"type": "Feature", "id": 3338613, "geometry": {"type": "Polygon", "coordinates": [[[-120.8513, 47.30319], [-120.85131, 47.296], [-120.85132, 47.2888], [-120.83046, 47.28856], [-120.8301, 47.2959], [-120.82974, 47.30324], [-120.84031, 47.30301], [-120.8513, 47.30319]]]}, "properties": {"OBJECTID": 3338613, "PARCEL_SYST_ID": 116211, "PARCEL_TYPE_CD": 1, "PARCEL_LABEL_NM": "Teanaway Com Forest", "PARCEL_NM": null, "REVERSION_RIGHTS_FLG": "N", "OWN_RIGHT_DISPUTE_FLG": "N", "SURFACE_RIGHTS_FLG": "Y", "MINERAL_RIGHTS_FLG": "N", "TIMBER_RIGHTS_FLG": "Y", "SURFACE_TRUST_CD": 48, "SURFACE_TRUST_NM": "Community Forest Trust", "MINERAL_TRUST_CD": 0, "MINERAL_TRUST_NM": "Trust Status Not Applicable Or Unknown", "TIMBER_TRUST_CD": 48, "TIMBER_TRUST_NM": "Community Forest Trust", "OWNER_AGENT_SYST_ID": 58706, "STEWARD_AGENT_SYST_ID": 63986, "MANAGER_AGENT_SYST_ID": 63986, "TIMBER_OWNER_NM": null, "TIMBER_EXP_DT": null, "ORIGINAL_PATENT_DT": null, "COUNTY_JURISDICT_DESG_CD": 19, "COUNTY_NM": "Kittitas", "COUNTY_PARCEL_NO": null, "REGION_JURISDICT_DESG_CD": 100, "REGION_NM": "Southeast Region", "HCP_JURISDICT_DESG_CD": null, "HCP_DESG_CD": 2, "HCP_DESG_DT": null, "HCP_WITHDRAWAL_DT": null, "PARCEL_DESC_TXT": null, "EDIT_DATE": 1741909669000, "EDIT_STATUS": 0, "EDIT_WHO": "TSTE490", "EASEMENT_TYPE_CD": null, "EASEMENT_TYPE_NM": null, "PARCEL_ACQUIRE_AUTH_NO": "08-090298", "PARCEL_DISPOSAL_AUTH_NO": null, "SHAPE.AREA": 27699849.69935, "SHAPE.LEN": 21134.374592939897, "GLOBALID": "{A865D119-88C6-4EA7-A358-5C638CF2AEC6}"}}, {"type": "Feature", "id": 3338614, "geometry": {"type": "Polygon", "coordinates": [[[-120.8513, 47.28161], [-120.85132, 47.2888], [-120.85662, 47.28881], [-120.85609, 47.28186], [-120.86158, 47.28176], [-120.86707, 47.28166], [-120.86711, 47.278], [-120.87253, 47.27795], [-120.87253, 47.27444], [-120.8619, 47.27443], [-120.85128, 47.27441], [-120.8513, 47.28161]]]}, "properties": {"OBJECTID": 3338614, "PARCEL_SYST_ID": 116207, "PARCEL_TYPE_CD": 1, "PARCEL_LABEL_NM": "Teanaway Com Forest", "PARCEL_NM": null, "REVERSION_RIGHTS_FLG": "N", "OWN_RIGHT_DISPUTE_FLG": "N", "SURFACE_RIGHTS_FLG": "Y", "MINERAL_RIGHTS_FLG": "Y", "TIMBER_RIGHTS_FLG": "Y", "SURFACE_TRUST_CD": 48, "SURFACE_TRUST_NM": "Community Forest Trust", "MINERAL_TRUST_CD": 48, "MINERAL_TRUST_NM": "Community Forest Trust", "TIMBER_TRUST_CD": 48, "TIMBER_TRUST_NM": "Community Forest Trust", "OWNER_AGENT_SYST_ID": 58706, "STEWARD_AGENT_SYST_ID": 63986, "MANAGER_AGENT_SYST_ID": 63986, "TIMBER_OWNER_NM": null, "TIMBER_EXP_DT": null, "ORIGINAL_PATENT_DT": null, "COUNTY_JURISDICT_DESG_CD": 19, "COUNTY_NM": "Kittitas", "COUNTY_PARCEL_NO": null, "REGION_JURISDICT_DESG_CD": 100, "REGION_NM": "Southeast Region", "HCP_JURISDICT_DESG_CD": null, "HCP_DESG_CD": 2, "HCP_DESG_DT": null, "HCP_WITHDRAWAL_DT": null, "PARCEL_DESC_TXT": null, "EDIT_DATE": 1741909669000, "EDIT_STATUS": 0, "EDIT_WHO": "TSTE490", "EASEMENT_TYPE_CD": null, "EASEMENT_TYPE_NM": null, "PARCEL_ACQUIRE_AUTH_NO": "08-090298", "PARCEL_DISPOSAL_AUTH_NO": null, "SHAPE.AREA": 15446701.4600035, "SHAPE.LEN": 21065.0707095465, "GLOBALID": "{379A5BA0-481B-43F8-8E49-BCD298DDBC4D}"}}, {"type": "Feature", "id": 3338800, "geometry": {"type": "Polygon", "coordinates": [[[-120.32476, 47.49491], [-120.33536, 47.49466], [-120.33536, 47.49104], [-120.33006, 47.49117], [-120.33005, 47.48755], [-120.32475, 47.48768], [-120.32476, 47.49491]]]}, "properties": {"OBJECTID": 3338800, "PARCEL_SYST_ID": 10956, "PARCEL_TYPE_CD": 1, "PARCEL_LABEL_NM": null, "PARCEL_NM": null, "REVERSION_RIGHTS_FLG": "N", "OWN_RIGHT_DISPUTE_FLG": "N", "SURFACE_RIGHTS_FLG": "Y", "MINERAL_RIGHTS_FLG": "Y", "TIMBER_RIGHTS_FLG": "Y", "SURFACE_TRUST_CD": 3, "SURFACE_TRUST_NM": "Common School and Indemnity", "MINERAL_TRUST_CD": 3, "MINERAL_TRUST_NM": "Common School and Indemnity", "TIMBER_TRUST_CD": 3, "TIMBER_TRUST_NM": "Common School and Indemnity", "OWNER_AGENT_SYST_ID": 58706, "STEWARD_AGENT_SYST_ID": 63986, "MANAGER_AGENT_SYST_ID": 63986, "TIMBER_OWNER_NM": null, "TIMBER_EXP_DT": null, "ORIGINAL_PATENT_DT": null, "COUNTY_JURISDICT_DESG_CD": 4, "COUNTY_NM": "Chelan", "COUNTY_PARCEL_NO": null, "REGION_JURISDICT_DESG_CD": 100, "REGION_NM": "Southeast Region", "HCP_JURISDICT_DESG_CD": null, "HCP_DESG_CD": 2, "HCP_DESG_DT": null, "HCP_WITHDRAWAL_DT": 854611200000, "PARCEL_DESC_TXT": null, "EDIT_DATE": 1631729778000, "EDIT_STATUS": 1, "EDIT_WHO": "TSTE490", "EASEMENT_TYPE_CD": null, "EASEMENT_TYPE_NM": null, "PARCEL_ACQUIRE_AUTH_NO": "US PATENT NO 46-74-0026", "PARCEL_DISPOSAL_AUTH_NO": null, "SHAPE.AREA": 5194660.2860625, "SHAPE.LEN": 10527.455576317501, "GLOBALID": "{4DA887D4-84BF-4141-B340-8C3F3B89730D}"}}, {"type": "Feature", "id": 3338872, "geometry": {"type": "Polygon", "coordinates": [[[-120.66801, 47.20311], [-120.67809, 47.20357], [-120.67791, 47.20011], [-120.68816, 47.20043], [-120.68785, 47.19687], [-120.67757, 47.19666], [-120.67743, 47.19324], [-120.66699, 47.19317], [-120.66801, 47.20311]]]}, "properties": {"OBJECTID": 3338872, "PARCEL_SYST_ID": 116179, "PARCEL_TYPE_CD": 1, "PARCEL_LABEL_NM": "Teanaway Com Forest", "PARCEL_NM": null, "REVERSION_RIGHTS_FLG": "N", "OWN_RIGHT_DISPUTE_FLG": "N", "SURFACE_RIGHTS_FLG": "Y", "MINERAL_RIGHTS_FLG": "Y", "TIMBER_RIGHTS_FLG": "Y", "SURFACE_TRUST_CD": 48, "SURFACE_TRUST_NM": "Community Forest Trust", "MINERAL_TRUST_CD": 48, "MINERAL_TRUST_NM": "Community Forest Trust", "TIMBER_TRUST_CD": 48, "TIMBER_TRUST_NM": "Community Forest Trust", "OWNER_AGENT_SYST_ID": 58706, "STEWARD_AGENT_SYST_ID": 63986, "MANAGER_AGENT_SYST_ID": 63986, "TIMBER_OWNER_NM": null, "TIMBER_EXP_DT": null, "ORIGINAL_PATENT_DT": null, "COUNTY_JURISDICT_DESG_CD": 19, "COUNTY_NM": "Kittitas", "COUNTY_PARCEL_NO": null, "REGION_JURISDICT_DESG_CD": 100, "REGION_NM": "Southeast Region", "HCP_JURISDICT_DESG_CD": null, "HCP_DESG_CD": 2, "HCP_DESG_DT": null, "HCP_WITHDRAWAL_DT": null, "PARCEL_DESC_TXT": null, "EDIT_DATE": 1688685937000, "EDIT_STATUS": 0, "EDIT_WHO": "TSTE490", "EASEMENT_TYPE_CD": null, "EASEMENT_TYPE_NM": null, "PARCEL_ACQUIRE_AUTH_NO": "08-090298", "PARCEL_DISPOSAL_AUTH_NO": null, "SHAPE.AREA": 12648234.46722, "SHAPE.LEN": 17654.2734570495, "GLOBALID": "{E526A157-1AC9-4688-B7CF-48DCE98A3FE8}"}}, {"type": "Feature", "id": 3338874, "geometry": {"type": "Polygon", "coordinates": [[[-120.68797, 47.1824], [-120.68809, 47.18962], [-120.69858, 47.18965], [-120.6986, 47.18242], [-120.69861, 47.17882], [-120.69861, 47.17882], [-120.69456, 47.17882], [-120.68798, 47.17882], [-120.68797, 47.1824]]]}, "properties": {"OBJECTID": 3338874, "PARCEL_SYST_ID": 116180, "PARCEL_TYPE_CD": 1, "PARCEL_LABEL_NM": "Teanaway Com Forest", "PARCEL_NM": null, "REVERSION_RIGHTS_FLG": "N", "OWN_RIGHT_DISPUTE_FLG": "N", "SURFACE_RIGHTS_FLG": "Y", "MINERAL_RIGHTS_FLG": "Y", "TIMBER_RIGHTS_FLG": "Y", "SURFACE_TRUST_CD": 48, "SURFACE_TRUST_NM": "Community Forest Trust", "MINERAL_TRUST_CD": 48, "MINERAL_TRUST_NM": "Community Forest Trust", "TIMBER_TRUST_CD": 48, "TIMBER_TRUST_NM": "Community Forest Trust", "OWNER_AGENT_SYST_ID": 58706, "STEWARD_AGENT_SYST_ID": 63986, "MANAGER_AGENT_SYST_ID": 63986, "TIMBER_OWNER_NM": null, "TIMBER_EXP_DT": null, "ORIGINAL_PATENT_DT": null, "COUNTY_JURISDICT_DESG_CD": 19, "COUNTY_NM": "Kittitas", "COUNTY_PARCEL_NO": null, "REGION_JURISDICT_DESG_CD": 100, "REGION_NM": "Southeast Region", "HCP_JURISDICT_DESG_CD": null, "HCP_DESG_CD": 2, "HCP_DESG_DT": null, "HCP_WITHDRAWAL_DT": null, "PARCEL_DESC_TXT": null, "EDIT_DATE": 1688685937000, "EDIT_STATUS": 0, "EDIT_WHO": "TSTE490", "EASEMENT_TYPE_CD": null, "EASEMENT_TYPE_NM": null, "PARCEL_ACQUIRE_AUTH_NO": "08-090298", "PARCEL_DISPOSAL_AUTH_NO": null, "SHAPE.AREA": 10378872.3551385, "SHAPE.LEN": 13139.563869506599, "GLOBALID": "{31B516E9-E35D-4BEB-B654-D6F6543003FB}"}}, {"type": "Feature", "id": 3338875, "geometry": {"type": "Polygon", "coordinates": [[[-120.66665, 47.18986], [-120.66699, 47.19317], [-120.67743, 47.19324], [-120.67757, 47.19666], [-120.68785, 47.19687], [-120.68809, 47.18962], [-120.66665, 47.18986]]]}, "properties": {"OBJECTID": 3338875, "PARCEL_SYST_ID": 116320, "PARCEL_TYPE_CD": 1, "PARCEL_LABEL_NM": "Teanaway Com Forest", "PARCEL_NM": null, "REVERSION_RIGHTS_FLG": "N", "OWN_RIGHT_DISPUTE_FLG": "N", "SURFACE_RIGHTS_FLG": "Y", "MINERAL_RIGHTS_FLG": "Y", "TIMBER_RIGHTS_FLG": "Y", "SURFACE_TRUST_CD": 48, "SURFACE_TRUST_NM": "Community Forest Trust", "MINERAL_TRUST_CD": 48, "MINERAL_TRUST_NM": "Community Forest Trust", "TIMBER_TRUST_CD": 48, "TIMBER_TRUST_NM": "Community Forest Trust", "OWNER_AGENT_SYST_ID": 58706, "STEWARD_AGENT_SYST_ID": 63986, "MANAGER_AGENT_SYST_ID": 63986, "TIMBER_OWNER_NM": null, "TIMBER_EXP_DT": null, "ORIGINAL_PATENT_DT": null, "COUNTY_JURISDICT_DESG_CD": 19, "COUNTY_NM": "Kittitas", "COUNTY_PARCEL_NO": null, "REGION_JURISDICT_DESG_CD": 100, "REGION_NM": "Southeast Region", "HCP_JURISDICT_DESG_CD": null, "HCP_DESG_CD": 2, "HCP_DESG_DT": null, "HCP_WITHDRAWAL_DT": null, "PARCEL_DESC_TXT": null, "EDIT_DATE": 1688685937000, "EDIT_STATUS": 0, "EDIT_WHO": "TSTE490", "EASEMENT_TYPE_CD": null, "EASEMENT_TYPE_NM": null, "PARCEL_ACQUIRE_AUTH_NO": "08-090298", "PARCEL_DISPOSAL_AUTH_NO": null, "SHAPE.AREA": 10034503.876156, "SHAPE.LEN": 15588.5722786685, "GLOBALID": "{A9C0FF43-EFCA-49A1-8762-F47CF22460C8}"}}, {"type": "Feature", "id": 3338893, "geometry": {"type": "Polygon", "coordinates": [[[-120.46854, 47.14727], [-120.46809, 47.14784], [-120.46781, 47.14858], [-120.46743, 47.14917], [-120.46706, 47.14994], [-120.4665, 47.15057], [-120.46584, 47.1512], [-120.46513, 47.1517], [-120.46454, 47.15189], [-120.46419, 47.15229], [-120.46335, 47.1529], [-120.4623, 47.15353], [-120.46206, 47.15369], [-120.46191, 47.15429], [-120.46168, 47.1551], [-120.46111, 47.15574], [-120.46049, 47.15646], [-120.45967, 47.15679], [-120.45978, 47.1571], [-120.45922, 47.15777], [-120.45877, 47.1582], [-120.45818, 47.15899], [-120.45755, 47.15905], [-120.45751, 47.15945], [-120.45695, 47.1601], [-120.45665, 47.16074], [-120.45635, 47.16101], [-120.46533, 47.16107], [-120.4703, 47.16105], [-120.47543, 47.16105], [-120.47572, 47.15374], [-120.47601, 47.14644], [-120.46877, 47.14632], [-120.46854, 47.14727]]]}, "properties": {"OBJECTID": 3338893, "PARCEL_SYST_ID": 112614, "PARCEL_TYPE_CD": 1, "PARCEL_LABEL_NM": null, "PARCEL_NM": null, "REVERSION_RIGHTS_FLG": "N", "OWN_RIGHT_DISPUTE_FLG": "N", "SURFACE_RIGHTS_FLG": "Y", "MINERAL_RIGHTS_FLG": "N", "TIMBER_RIGHTS_FLG": "Y", "SURFACE_TRUST_CD": 3, "SURFACE_TRUST_NM": "Common School and Indemnity", "MINERAL_TRUST_CD": 0, "MINERAL_TRUST_NM": "Trust Status Not Applicable Or Unknown", "TIMBER_TRUST_CD": 3, "TIMBER_TRUST_NM": "Common School and Indemnity", "OWNER_AGENT_SYST_ID": 58706, "STEWARD_AGENT_SYST_ID": 63986, "MANAGER_AGENT_SYST_ID": 63986, "TIMBER_OWNER_NM": null, "TIMBER_EXP_DT": null, "ORIGINAL_PATENT_DT": null, "COUNTY_JURISDICT_DESG_CD": 19, "COUNTY_NM": "Kittitas", "COUNTY_PARCEL_NO": null, "REGION_JURISDICT_DESG_CD": 100, "REGION_NM": "Southeast Region", "HCP_JURISDICT_DESG_CD": null, "HCP_DESG_CD": 1, "HCP_DESG_DT": 1203667200000, "HCP_WITHDRAWAL_DT": null, "PARCEL_DESC_TXT": "W-KT-11", "EDIT_DATE": 1657151437000, "EDIT_STATUS": 0, "EDIT_WHO": "TSTE490", "EASEMENT_TYPE_CD": null, "EASEMENT_TYPE_NM": null, "PARCEL_ACQUIRE_AUTH_NO": "86-079379", "PARCEL_DISPOSAL_AUTH_NO": null, "SHAPE.AREA": 17082188.7396275, "SHAPE.LEN": 18355.6560603285, "GLOBALID": "{24BEA8BE-EEC9-4742-920D-62C31F9F1561}"}}, {"type": "Feature", "id": 3338900, "geometry": {"type": "Polygon", "coordinates": [[[-120.8513, 47.30319], [-120.86178, 47.3032], [-120.86168, 47.2997], [-120.86157, 47.29619], [-120.85131, 47.296], [-120.8513, 47.30319]]]}, "properties": {"OBJECTID": 3338900, "PARCEL_SYST_ID": 116210, "PARCEL_TYPE_CD": 1, "PARCEL_LABEL_NM": "Teanaway Com Forest", "PARCEL_NM": null, "REVERSION_RIGHTS_FLG": "N", "OWN_RIGHT_DISPUTE_FLG": "N", "SURFACE_RIGHTS_FLG": "Y", "MINERAL_RIGHTS_FLG": "Y", "TIMBER_RIGHTS_FLG": "Y", "SURFACE_TRUST_CD": 48, "SURFACE_TRUST_NM": "Community Forest Trust", "MINERAL_TRUST_CD": 48, "MINERAL_TRUST_NM": "Community Forest Trust", "TIMBER_TRUST_CD": 48, "TIMBER_TRUST_NM": "Community Forest Trust", "OWNER_AGENT_SYST_ID": 58706, "STEWARD_AGENT_SYST_ID": 63986, "MANAGER_AGENT_SYST_ID": 63986, "TIMBER_OWNER_NM": null, "TIMBER_EXP_DT": null, "ORIGINAL_PATENT_DT": null, "COUNTY_JURISDICT_DESG_CD": 19, "COUNTY_NM": "Kittitas", "COUNTY_PARCEL_NO": null, "REGION_JURISDICT_DESG_CD": 100, "REGION_NM": "Southeast Region", "HCP_JURISDICT_DESG_CD": null, "HCP_DESG_CD": 2, "HCP_DESG_DT": null, "HCP_WITHDRAWAL_DT": null, "PARCEL_DESC_TXT": null, "EDIT_DATE": 1741909669000, "EDIT_STATUS": 0, "EDIT_WHO": "TSTE490", "EASEMENT_TYPE_CD": null, "EASEMENT_TYPE_NM": null, "PARCEL_ACQUIRE_AUTH_NO": "08-090298", "PARCEL_DISPOSAL_AUTH_NO": null, "SHAPE.AREA": 6662274.045704, "SHAPE.LEN": 10326.831296105, "GLOBALID": "{6484FE2B-ECF4-482F-9CDA-943C1C396EF6}"}}, {"type": "Feature", "id": 3338944, "geometry": {"type": "Polygon", "coordinates": [[[-120.43357, 47.08879], [-120.43361, 47.09257], [-120.43895, 47.09249], [-120.4389, 47.08878], [-120.43357, 47.08879]]]}, "properties": {"OBJECTID": 3338944, "PARCEL_SYST_ID": 5175, "PARCEL_TYPE_CD": 1, "PARCEL_LABEL_NM": null, "PARCEL_NM": null, "REVERSION_RIGHTS_FLG": "N", "OWN_RIGHT_DISPUTE_FLG": "N", "SURFACE_RIGHTS_FLG": "Y", "MINERAL_RIGHTS_FLG": "Y", "TIMBER_RIGHTS_FLG": "Y", "SURFACE_TRUST_CD": 3, "SURFACE_TRUST_NM": "Common School and Indemnity", "MINERAL_TRUST_CD": 3, "MINERAL_TRUST_NM": "Common School and Indemnity", "TIMBER_TRUST_CD": 3, "TIMBER_TRUST_NM": "Common School and Indemnity", "OWNER_AGENT_SYST_ID": 58706, "STEWARD_AGENT_SYST_ID": 63986, "MANAGER_AGENT_SYST_ID": 63986, "TIMBER_OWNER_NM": null, "TIMBER_EXP_DT": null, "ORIGINAL_PATENT_DT": null, "COUNTY_JURISDICT_DESG_CD": 19, "COUNTY_NM": "Kittitas", "COUNTY_PARCEL_NO": null, "REGION_JURISDICT_DESG_CD": 100, "REGION_NM": "Southeast Region", "HCP_JURISDICT_DESG_CD": null, "HCP_DESG_CD": 1, "HCP_DESG_DT": 1119769200000, "HCP_WITHDRAWAL_DT": null, "PARCEL_DESC_TXT": null, "EDIT_DATE": 1691710309000, "EDIT_STATUS": 1, "EDIT_WHO": "TSTE490", "EASEMENT_TYPE_CD": null, "EASEMENT_TYPE_NM": null, "PARCEL_ACQUIRE_AUTH_NO": "CLEAR LIST 36 INDEMNITY", "PARCEL_DISPOSAL_AUTH_NO": null, "SHAPE.AREA": 1813006.177335, "SHAPE.LEN": 5386.60483917222, "GLOBALID": "{3C8E651C-6DEE-414B-AD58-BD1693005081}"}}, {"type": "Feature", "id": 3338945, "geometry": {"type": "Polygon", "coordinates": [[[-120.51813, 47.0886], [-120.51773, 47.10306], [-120.5389, 47.10283], [-120.53925, 47.08829], [-120.51813, 47.0886]]]}, "properties": {"OBJECTID": 3338945, "PARCEL_SYST_ID": 5144, "PARCEL_TYPE_CD": 1, "PARCEL_LABEL_NM": null, "PARCEL_NM": null, "REVERSION_RIGHTS_FLG": "N", "OWN_RIGHT_DISPUTE_FLG": "N", "SURFACE_RIGHTS_FLG": "Y", "MINERAL_RIGHTS_FLG": "Y", "TIMBER_RIGHTS_FLG": "Y", "SURFACE_TRUST_CD": 3, "SURFACE_TRUST_NM": "Common School and Indemnity", "MINERAL_TRUST_CD": 3, "MINERAL_TRUST_NM": "Common School and Indemnity", "TIMBER_TRUST_CD": 3, "TIMBER_TRUST_NM": "Common School and Indemnity", "OWNER_AGENT_SYST_ID": 58706, "STEWARD_AGENT_SYST_ID": 63986, "MANAGER_AGENT_SYST_ID": 63986, "TIMBER_OWNER_NM": null, "TIMBER_EXP_DT": null, "ORIGINAL_PATENT_DT": null, "COUNTY_JURISDICT_DESG_CD": 19, "COUNTY_NM": "Kittitas", "COUNTY_PARCEL_NO": null, "REGION_JURISDICT_DESG_CD": 100, "REGION_NM": "Southeast Region", "HCP_JURISDICT_DESG_CD": null, "HCP_DESG_CD": 1, "HCP_DESG_DT": 854611200000, "HCP_WITHDRAWAL_DT": null, "PARCEL_DESC_TXT": null, "EDIT_DATE": 1691710309000, "EDIT_STATUS": 1, "EDIT_WHO": "TSTE490", "EASEMENT_TYPE_CD": null, "EASEMENT_TYPE_NM": null, "PARCEL_ACQUIRE_AUTH_NO": "US PATENT NO 46-87-0001", "PARCEL_DISPOSAL_AUTH_NO": null, "SHAPE.AREA": 27848880.470172, "SHAPE.LEN": 21115.7956091657, "GLOBALID": "{8D51E086-8250-4B00-BCF7-D90EABEAB1C7}"}}, {"type": "Feature", "id": 3338948, "geometry": {"type": "Polygon", "coordinates": [[[-120.39787, 47.26091], [-120.3892, 47.26094], [-120.3895, 47.26137], [-120.39, 47.26189], [-120.39009, 47.26216], [-120.39071, 47.26262], [-120.3913, 47.26295], [-120.39199, 47.2632], [-120.39288, 47.26331], [-120.39321, 47.26347], [-120.39347, 47.26368], [-120.3941, 47.26455], [-120.39451, 47.26492], [-120.39502, 47.26524], [-120.39518, 47.26541], [-120.39596, 47.26715], [-120.3965, 47.26756], [-120.39795, 47.26889], [-120.39815, 47.26901], [-120.39842, 47.26902], [-120.39978, 47.26951], [-120.40029, 47.26992], [-120.40062, 47.27033], [-120.40134, 47.27099], [-120.40327, 47.27219], [-120.40539, 47.27337], [-120.40574, 47.27365], [-120.40604, 47.27407], [-120.40617, 47.2741], [-120.40682, 47.27398], [-120.40806, 47.27392], [-120.40844, 47.26804], [-120.40846, 47.26079], [-120.40633, 47.26076], [-120.39787, 47.26091]]]}, "properties": {"OBJECTID": 3338948, "PARCEL_SYST_ID": 277, "PARCEL_TYPE_CD": 1, "PARCEL_LABEL_NM": null, "PARCEL_NM": null, "REVERSION_RIGHTS_FLG": "N", "OWN_RIGHT_DISPUTE_FLG": "N", "SURFACE_RIGHTS_FLG": "Y", "MINERAL_RIGHTS_FLG": "Y", "TIMBER_RIGHTS_FLG": "Y", "SURFACE_TRUST_CD": 3, "SURFACE_TRUST_NM": "Common School and Indemnity", "MINERAL_TRUST_CD": 3, "MINERAL_TRUST_NM": "Common School and Indemnity", "TIMBER_TRUST_CD": 3, "TIMBER_TRUST_NM": "Common School and Indemnity", "OWNER_AGENT_SYST_ID": 58706, "STEWARD_AGENT_SYST_ID": 63986, "MANAGER_AGENT_SYST_ID": 63986, "TIMBER_OWNER_NM": null, "TIMBER_EXP_DT": null, "ORIGINAL_PATENT_DT": null, "COUNTY_JURISDICT_DESG_CD": 19, "COUNTY_NM": "Kittitas", "COUNTY_PARCEL_NO": null, "REGION_JURISDICT_DESG_CD": 100, "REGION_NM": "Southeast Region", "HCP_JURISDICT_DESG_CD": null, "HCP_DESG_CD": 1, "HCP_DESG_DT": 854611200000, "HCP_WITHDRAWAL_DT": null, "PARCEL_DESC_TXT": null, "EDIT_DATE": 1657151437000, "EDIT_STATUS": 1, "EDIT_WHO": "TSTE490", "EASEMENT_TYPE_CD": null, "EASEMENT_TYPE_NM": null, "PARCEL_ACQUIRE_AUTH_NO": "US PATENT NO 46-74-0026", "PARCEL_DISPOSAL_AUTH_NO": null, "SHAPE.AREA": 13333307.250749, "SHAPE.LEN": 16674.3090351656, "GLOBALID": "{C771F12A-852F-41FC-9A75-5363043D2F17}"}}, {"type": "Feature", "id": 3338953, "geometry": {"type": "Polygon", "coordinates": [[[-120.37688, 47.26091], [-120.38515, 47.26094], [-120.38523, 47.25829], [-120.38577, 47.24776], [-120.36663, 47.24817], [-120.36454, 47.24823], [-120.36492, 47.26088], [-120.36643, 47.26087], [-120.37688, 47.26091]]]}, "properties": {"OBJECTID": 3338953, "PARCEL_SYST_ID": 13293, "PARCEL_TYPE_CD": 1, "PARCEL_LABEL_NM": null, "PARCEL_NM": null, "REVERSION_RIGHTS_FLG": "N", "OWN_RIGHT_DISPUTE_FLG": "N", "SURFACE_RIGHTS_FLG": "Y", "MINERAL_RIGHTS_FLG": "N", "TIMBER_RIGHTS_FLG": "Y", "SURFACE_TRUST_CD": 3, "SURFACE_TRUST_NM": "Common School and Indemnity", "MINERAL_TRUST_CD": 0, "MINERAL_TRUST_NM": "Trust Status Not Applicable Or Unknown", "TIMBER_TRUST_CD": 3, "TIMBER_TRUST_NM": "Common School and Indemnity", "OWNER_AGENT_SYST_ID": 58706, "STEWARD_AGENT_SYST_ID": 63986, "MANAGER_AGENT_SYST_ID": 63986, "TIMBER_OWNER_NM": null, "TIMBER_EXP_DT": null, "ORIGINAL_PATENT_DT": null, "COUNTY_JURISDICT_DESG_CD": 19, "COUNTY_NM": "Kittitas", "COUNTY_PARCEL_NO": null, "REGION_JURISDICT_DESG_CD": 100, "REGION_NM": "Southeast Region", "HCP_JURISDICT_DESG_CD": null, "HCP_DESG_CD": 1, "HCP_DESG_DT": 854611200000, "HCP_WITHDRAWAL_DT": null, "PARCEL_DESC_TXT": null, "EDIT_DATE": 1657151437000, "EDIT_STATUS": 1, "EDIT_WHO": "TSTE490", "EASEMENT_TYPE_CD": null, "EASEMENT_TYPE_NM": null, "PARCEL_ACQUIRE_AUTH_NO": "US PATENT NO 46-86-0020", "PARCEL_DISPOSAL_AUTH_NO": null, "SHAPE.AREA": 24220509.8685985, "SHAPE.LEN": 19722.6446148528, "GLOBALID": "{FB42BD14-34C3-4C33-B111-BC0EAEF4962F}"}}, {"type": "Feature", "id": 3339003, "geometry": {"type": "Polygon", "coordinates": [[[-120.46633, 47.14628], [-120.46877, 47.14632], [-120.47601, 47.14644], [-120.47598, 47.13182], [-120.45482, 47.13195], [-120.45496, 47.14637], [-120.46534, 47.14626], [-120.46633, 47.14628]]]}, "properties": {"OBJECTID": 3339003, "PARCEL_SYST_ID": 5171, "PARCEL_TYPE_CD": 1, "PARCEL_LABEL_NM": null, "PARCEL_NM": null, "REVERSION_RIGHTS_FLG": "N", "OWN_RIGHT_DISPUTE_FLG": "N", "SURFACE_RIGHTS_FLG": "Y", "MINERAL_RIGHTS_FLG": "Y", "TIMBER_RIGHTS_FLG": "Y", "SURFACE_TRUST_CD": 3, "SURFACE_TRUST_NM": "Common School and Indemnity", "MINERAL_TRUST_CD": 3, "MINERAL_TRUST_NM": "Common School and Indemnity", "TIMBER_TRUST_CD": 3, "TIMBER_TRUST_NM": "Common School and Indemnity", "OWNER_AGENT_SYST_ID": 58706, "STEWARD_AGENT_SYST_ID": 63986, "MANAGER_AGENT_SYST_ID": 63986, "TIMBER_OWNER_NM": null, "TIMBER_EXP_DT": null, "ORIGINAL_PATENT_DT": null, "COUNTY_JURISDICT_DESG_CD": 19, "COUNTY_NM": "Kittitas", "COUNTY_PARCEL_NO": null, "REGION_JURISDICT_DESG_CD": 100, "REGION_NM": "Southeast Region", "HCP_JURISDICT_DESG_CD": null, "HCP_DESG_CD": 1, "HCP_DESG_DT": 854611200000, "HCP_WITHDRAWAL_DT": null, "PARCEL_DESC_TXT": null, "EDIT_DATE": 1657151437000, "EDIT_STATUS": 1, "EDIT_WHO": "TSTE490", "EASEMENT_TYPE_CD": null, "EASEMENT_TYPE_NM": null, "PARCEL_ACQUIRE_AUTH_NO": "US PATENT NO 46-87-0001", "PARCEL_DISPOSAL_AUTH_NO": null, "SHAPE.AREA": 27689493.2303175, "SHAPE.LEN": 21101.1605790686, "GLOBALID": "{E62A71C2-7F1E-43B3-8030-414E1FC174BB}"}}, {"type": "Feature", "id": 3339029, "geometry": {"type": "Polygon", "coordinates": [[[-120.49176, 47.2482], [-120.50255, 47.24764], [-120.51251, 47.2482], [-120.51328, 47.23372], [-120.49205, 47.23384], [-120.49176, 47.24103], [-120.49176, 47.2482]]]}, "properties": {"OBJECTID": 3339029, "PARCEL_SYST_ID": 112650, "PARCEL_TYPE_CD": 1, "PARCEL_LABEL_NM": null, "PARCEL_NM": null, "REVERSION_RIGHTS_FLG": "N", "OWN_RIGHT_DISPUTE_FLG": "N", "SURFACE_RIGHTS_FLG": "Y", "MINERAL_RIGHTS_FLG": "N", "TIMBER_RIGHTS_FLG": "Y", "SURFACE_TRUST_CD": 3, "SURFACE_TRUST_NM": "Common School and Indemnity", "MINERAL_TRUST_CD": 0, "MINERAL_TRUST_NM": "Trust Status Not Applicable Or Unknown", "TIMBER_TRUST_CD": 3, "TIMBER_TRUST_NM": "Common School and Indemnity", "OWNER_AGENT_SYST_ID": 58706, "STEWARD_AGENT_SYST_ID": 63986, "MANAGER_AGENT_SYST_ID": 63986, "TIMBER_OWNER_NM": null, "TIMBER_EXP_DT": null, "ORIGINAL_PATENT_DT": null, "COUNTY_JURISDICT_DESG_CD": 19, "COUNTY_NM": "Kittitas", "COUNTY_PARCEL_NO": null, "REGION_JURISDICT_DESG_CD": 100, "REGION_NM": "Southeast Region", "HCP_JURISDICT_DESG_CD": null, "HCP_DESG_CD": 1, "HCP_DESG_DT": 1203667200000, "HCP_WITHDRAWAL_DT": null, "PARCEL_DESC_TXT": "W-KT-45", "EDIT_DATE": 1657151437000, "EDIT_STATUS": 0, "EDIT_WHO": "TSTE490", "EASEMENT_TYPE_CD": null, "EASEMENT_TYPE_NM": null, "PARCEL_ACQUIRE_AUTH_NO": "86-079379", "PARCEL_DISPOSAL_AUTH_NO": null, "SHAPE.AREA": 26980201.21505, "SHAPE.LEN": 20965.134106350502, "GLOBALID": "{05AB2F33-7435-406A-89FA-BC638A1DCC3B}"}}, {"type": "Feature", "id": 3339030, "geometry": {"type": "Polygon", "coordinates": [[[-120.45496, 47.14637], [-120.45491, 47.14999], [-120.45487, 47.15361], [-120.45486, 47.15731], [-120.45486, 47.15928], [-120.45514, 47.15895], [-120.4552, 47.1583], [-120.4563, 47.1575], [-120.4566, 47.15747], [-120.4567, 47.15734], [-120.45719, 47.15687], [-120.45721, 47.15685], [-120.45691, 47.15607], [-120.45834, 47.15541], [-120.45873, 47.15525], [-120.45905, 47.15488], [-120.4594, 47.15448], [-120.45954, 47.15397], [-120.45982, 47.15289], [-120.46064, 47.15231], [-120.46168, 47.15169], [-120.46226, 47.15127], [-120.46286, 47.15058], [-120.46372, 47.15031], [-120.46399, 47.15011], [-120.46449, 47.14963], [-120.46487, 47.14921], [-120.46518, 47.14854], [-120.46554, 47.148], [-120.46584, 47.1472], [-120.46624, 47.14669], [-120.46633, 47.14628], [-120.46534, 47.14626], [-120.45496, 47.14637]]]}, "properties": {"OBJECTID": 3339030, "PARCEL_SYST_ID": 112613, "PARCEL_TYPE_CD": 1, "PARCEL_LABEL_NM": null, "PARCEL_NM": null, "REVERSION_RIGHTS_FLG": "N", "OWN_RIGHT_DISPUTE_FLG": "N", "SURFACE_RIGHTS_FLG": "Y", "MINERAL_RIGHTS_FLG": "N", "TIMBER_RIGHTS_FLG": "Y", "SURFACE_TRUST_CD": 3, "SURFACE_TRUST_NM": "Common School and Indemnity", "MINERAL_TRUST_CD": 0, "MINERAL_TRUST_NM": "Trust Status Not Applicable Or Unknown", "TIMBER_TRUST_CD": 3, "TIMBER_TRUST_NM": "Common School and Indemnity", "OWNER_AGENT_SYST_ID": 58706, "STEWARD_AGENT_SYST_ID": 63986, "MANAGER_AGENT_SYST_ID": 63986, "TIMBER_OWNER_NM": null, "TIMBER_EXP_DT": null, "ORIGINAL_PATENT_DT": null, "COUNTY_JURISDICT_DESG_CD": 19, "COUNTY_NM": "Kittitas", "COUNTY_PARCEL_NO": null, "REGION_JURISDICT_DESG_CD": 100, "REGION_NM": "Southeast Region", "HCP_JURISDICT_DESG_CD": null, "HCP_DESG_CD": 1, "HCP_DESG_DT": 1203667200000, "HCP_WITHDRAWAL_DT": null, "PARCEL_DESC_TXT": "W-KT-11", "EDIT_DATE": 1657151437000, "EDIT_STATUS": 0, "EDIT_WHO": "TSTE490", "EASEMENT_TYPE_CD": null, "EASEMENT_TYPE_NM": null, "PARCEL_ACQUIRE_AUTH_NO": "86-079379", "PARCEL_DISPOSAL_AUTH_NO": null, "SHAPE.AREA": 6890155.3866265, "SHAPE.LEN": 13419.6927631532, "GLOBALID": "{57AE19EC-50AE-49FD-9211-CE2E67F3A651}"}}, {"type": "Feature", "id": 3339032, "geometry": {"type": "Polygon", "coordinates": [[[-120.38743, 47.27539], [-120.39771, 47.27525], [-120.40799, 47.27511], [-120.40806, 47.27392], [-120.40682, 47.27398], [-120.40617, 47.2741], [-120.40604, 47.27407], [-120.40574, 47.27365], [-120.40539, 47.27337], [-120.40327, 47.27219], [-120.40134, 47.27099], [-120.40062, 47.27033], [-120.40029, 47.26992], [-120.39978, 47.26951], [-120.39842, 47.26902], [-120.39815, 47.26901], [-120.39795, 47.26889], [-120.3965, 47.26756], [-120.39596, 47.26715], [-120.39518, 47.26541], [-120.39502, 47.26524], [-120.39451, 47.26492], [-120.3941, 47.26455], [-120.39347, 47.26368], [-120.39321, 47.26347], [-120.39288, 47.26331], [-120.39199, 47.2632], [-120.3913, 47.26295], [-120.39071, 47.26262], [-120.39009, 47.26216], [-120.39, 47.26189], [-120.3895, 47.26137], [-120.3892, 47.26094], [-120.38739, 47.26094], [-120.38741, 47.26817], [-120.38743, 47.27539]]]}, "properties": {"OBJECTID": 3339032, "PARCEL_SYST_ID": 5196, "PARCEL_TYPE_CD": 1, "PARCEL_LABEL_NM": null, "PARCEL_NM": null, "REVERSION_RIGHTS_FLG": "N", "OWN_RIGHT_DISPUTE_FLG": "N", "SURFACE_RIGHTS_FLG": "Y", "MINERAL_RIGHTS_FLG": "Y", "TIMBER_RIGHTS_FLG": "Y", "SURFACE_TRUST_CD": 3, "SURFACE_TRUST_NM": "Common School and Indemnity", "MINERAL_TRUST_CD": 3, "MINERAL_TRUST_NM": "Common School and Indemnity", "TIMBER_TRUST_CD": 3, "TIMBER_TRUST_NM": "Common School and Indemnity", "OWNER_AGENT_SYST_ID": 58706, "STEWARD_AGENT_SYST_ID": 63986, "MANAGER_AGENT_SYST_ID": 63986, "TIMBER_OWNER_NM": null, "TIMBER_EXP_DT": null, "ORIGINAL_PATENT_DT": null, "COUNTY_JURISDICT_DESG_CD": 4, "COUNTY_NM": "Chelan", "COUNTY_PARCEL_NO": null, "REGION_JURISDICT_DESG_CD": 100, "REGION_NM": "Southeast Region", "HCP_JURISDICT_DESG_CD": null, "HCP_DESG_CD": 1, "HCP_DESG_DT": 854611200000, "HCP_WITHDRAWAL_DT": null, "PARCEL_DESC_TXT": null, "EDIT_DATE": 1657151437000, "EDIT_STATUS": 1, "EDIT_WHO": "TSTE490", "EASEMENT_TYPE_CD": null, "EASEMENT_TYPE_NM": null, "PARCEL_ACQUIRE_AUTH_NO": "US PATENT NO 46-74-0026", "PARCEL_DISPOSAL_AUTH_NO": null, "SHAPE.AREA": 13904554.7958755, "SHAPE.LEN": 18356.2779111604, "GLOBALID": "{E9D3FE57-50C7-4366-B364-FA8D04961343}"}}, {"type": "Feature", "id": 3339033, "geometry": {"type": "Polygon", "coordinates": [[[-120.40633, 47.26076], [-120.40846, 47.26079], [-120.42765, 47.26071], [-120.42787, 47.25608], [-120.42805, 47.2483], [-120.40687, 47.24779], [-120.40633, 47.26076]]]}, "properties": {"OBJECTID": 3339033, "PARCEL_SYST_ID": 13283, "PARCEL_TYPE_CD": 1, "PARCEL_LABEL_NM": null, "PARCEL_NM": null, "REVERSION_RIGHTS_FLG": "N", "OWN_RIGHT_DISPUTE_FLG": "N", "SURFACE_RIGHTS_FLG": "Y", "MINERAL_RIGHTS_FLG": "N", "TIMBER_RIGHTS_FLG": "Y", "SURFACE_TRUST_CD": 3, "SURFACE_TRUST_NM": "Common School and Indemnity", "MINERAL_TRUST_CD": 0, "MINERAL_TRUST_NM": "Trust Status Not Applicable Or Unknown", "TIMBER_TRUST_CD": 3, "TIMBER_TRUST_NM": "Common School and Indemnity", "OWNER_AGENT_SYST_ID": 58706, "STEWARD_AGENT_SYST_ID": 63986, "MANAGER_AGENT_SYST_ID": 63986, "TIMBER_OWNER_NM": null, "TIMBER_EXP_DT": null, "ORIGINAL_PATENT_DT": null, "COUNTY_JURISDICT_DESG_CD": 19, "COUNTY_NM": "Kittitas", "COUNTY_PARCEL_NO": null, "REGION_JURISDICT_DESG_CD": 100, "REGION_NM": "Southeast Region", "HCP_JURISDICT_DESG_CD": null, "HCP_DESG_CD": 1, "HCP_DESG_DT": 854611200000, "HCP_WITHDRAWAL_DT": null, "PARCEL_DESC_TXT": null, "EDIT_DATE": 1657151437000, "EDIT_STATUS": 1, "EDIT_WHO": "TSTE490", "EASEMENT_TYPE_CD": null, "EASEMENT_TYPE_NM": null, "PARCEL_ACQUIRE_AUTH_NO": "US PATENT NO 46-86-0020", "PARCEL_DISPOSAL_AUTH_NO": null, "SHAPE.AREA": 24509148.59624, "SHAPE.LEN": 19816.1937482594, "GLOBALID": "{E5851D9B-AA20-4CC4-9CDB-6A7E633FD5AC}"}}, {"type": "Feature", "id": 3339166, "geometry": {"type": "Polygon", "coordinates": [[[-120.32676, 47.57468], [-120.32661, 47.57581], [-120.32573, 47.58193], [-120.33664, 47.58261], [-120.34751, 47.5832], [-120.34975, 47.57632], [-120.34381, 47.57589], [-120.3439, 47.57242], [-120.33847, 47.57206], [-120.33287, 47.57158], [-120.33342, 47.56809], [-120.32776, 47.56753], [-120.32676, 47.57468]]]}, "properties": {"OBJECTID": 3339166, "PARCEL_SYST_ID": 10962, "PARCEL_TYPE_CD": 1, "PARCEL_LABEL_NM": null, "PARCEL_NM": null, "REVERSION_RIGHTS_FLG": "N", "OWN_RIGHT_DISPUTE_FLG": "N", "SURFACE_RIGHTS_FLG": "Y", "MINERAL_RIGHTS_FLG": "Y", "TIMBER_RIGHTS_FLG": "Y", "SURFACE_TRUST_CD": 3, "SURFACE_TRUST_NM": "Common School and Indemnity", "MINERAL_TRUST_CD": 3, "MINERAL_TRUST_NM": "Common School and Indemnity", "TIMBER_TRUST_CD": 3, "TIMBER_TRUST_NM": "Common School and Indemnity", "OWNER_AGENT_SYST_ID": 58706, "STEWARD_AGENT_SYST_ID": 63986, "MANAGER_AGENT_SYST_ID": 63986, "TIMBER_OWNER_NM": null, "TIMBER_EXP_DT": null, "ORIGINAL_PATENT_DT": null, "COUNTY_JURISDICT_DESG_CD": 4, "COUNTY_NM": "Chelan", "COUNTY_PARCEL_NO": null, "REGION_JURISDICT_DESG_CD": 100, "REGION_NM": "Southeast Region", "HCP_JURISDICT_DESG_CD": null, "HCP_DESG_CD": 1, "HCP_DESG_DT": 854611200000, "HCP_WITHDRAWAL_DT": null, "PARCEL_DESC_TXT": null, "EDIT_DATE": 1664409079000, "EDIT_STATUS": 1, "EDIT_WHO": "TSTE490", "EASEMENT_TYPE_CD": null, "EASEMENT_TYPE_NM": null, "PARCEL_ACQUIRE_AUTH_NO": "US PATENT NO 46-74-0026", "PARCEL_DISPOSAL_AUTH_NO": null, "SHAPE.AREA": 21649001.402054, "SHAPE.LEN": 21418.4534661204, "GLOBALID": "{C15EE15B-DFA2-4422-8BD5-14DE379A37F7}"}}, {"type": "Feature", "id": 3339634, "geometry": {"type": "Polygon", "coordinates": [[[-120.83015, 47.34289], [-120.84083, 47.34292], [-120.84086, 47.34653], [-120.85135, 47.34659], [-120.85142, 47.34316], [-120.84627, 47.34309], [-120.84626, 47.33572], [-120.83545, 47.33574], [-120.83529, 47.33205], [-120.83002, 47.33204], [-120.83015, 47.34289]]]}, "properties": {"OBJECTID": 3339634, "PARCEL_SYST_ID": 116228, "PARCEL_TYPE_CD": 1, "PARCEL_LABEL_NM": "Teanaway Com Forest", "PARCEL_NM": null, "REVERSION_RIGHTS_FLG": "N", "OWN_RIGHT_DISPUTE_FLG": "N", "SURFACE_RIGHTS_FLG": "Y", "MINERAL_RIGHTS_FLG": "Y", "TIMBER_RIGHTS_FLG": "Y", "SURFACE_TRUST_CD": 48, "SURFACE_TRUST_NM": "Community Forest Trust", "MINERAL_TRUST_CD": 48, "MINERAL_TRUST_NM": "Community Forest Trust", "TIMBER_TRUST_CD": 48, "TIMBER_TRUST_NM": "Community Forest Trust", "OWNER_AGENT_SYST_ID": 58706, "STEWARD_AGENT_SYST_ID": 63986, "MANAGER_AGENT_SYST_ID": 63986, "TIMBER_OWNER_NM": null, "TIMBER_EXP_DT": null, "ORIGINAL_PATENT_DT": null, "COUNTY_JURISDICT_DESG_CD": 19, "COUNTY_NM": "Kittitas", "COUNTY_PARCEL_NO": null, "REGION_JURISDICT_DESG_CD": 100, "REGION_NM": "Southeast Region", "HCP_JURISDICT_DESG_CD": null, "HCP_DESG_CD": 2, "HCP_DESG_DT": null, "HCP_WITHDRAWAL_DT": null, "PARCEL_DESC_TXT": null, "EDIT_DATE": 1705538332000, "EDIT_STATUS": 0, "EDIT_WHO": "TSTE490", "EASEMENT_TYPE_CD": null, "EASEMENT_TYPE_NM": null, "PARCEL_ACQUIRE_AUTH_NO": "08-090298", "PARCEL_DISPOSAL_AUTH_NO": null, "SHAPE.AREA": 15643883.367985, "SHAPE.LEN": 21080.3261760156, "GLOBALID": "{9C4B41A5-D0C6-43C7-A7C4-5661E78F4D43}"}}, {"type": "Feature", "id": 3339693, "geometry": {"type": "Polygon", "coordinates": [[[-120.40206, 47.10416], [-120.4129, 47.10381], [-120.4124, 47.08914], [-120.40203, 47.08913], [-120.40206, 47.10416]]]}, "properties": {"OBJECTID": 3339693, "PARCEL_SYST_ID": 5176, "PARCEL_TYPE_CD": 1, "PARCEL_LABEL_NM": null, "PARCEL_NM": null, "REVERSION_RIGHTS_FLG": "N", "OWN_RIGHT_DISPUTE_FLG": "N", "SURFACE_RIGHTS_FLG": "Y", "MINERAL_RIGHTS_FLG": "Y", "TIMBER_RIGHTS_FLG": "Y", "SURFACE_TRUST_CD": 3, "SURFACE_TRUST_NM": "Common School and Indemnity", "MINERAL_TRUST_CD": 3, "MINERAL_TRUST_NM": "Common School and Indemnity", "TIMBER_TRUST_CD": 3, "TIMBER_TRUST_NM": "Common School and Indemnity", "OWNER_AGENT_SYST_ID": 58706, "STEWARD_AGENT_SYST_ID": 63986, "MANAGER_AGENT_SYST_ID": 63986, "TIMBER_OWNER_NM": null, "TIMBER_EXP_DT": null, "ORIGINAL_PATENT_DT": null, "COUNTY_JURISDICT_DESG_CD": 19, "COUNTY_NM": "Kittitas", "COUNTY_PARCEL_NO": null, "REGION_JURISDICT_DESG_CD": 100, "REGION_NM": "Southeast Region", "HCP_JURISDICT_DESG_CD": null, "HCP_DESG_CD": 1, "HCP_DESG_DT": 854611200000, "HCP_WITHDRAWAL_DT": null, "PARCEL_DESC_TXT": null, "EDIT_DATE": 1687995300000, "EDIT_STATUS": 1, "EDIT_WHO": "TSTE490", "EASEMENT_TYPE_CD": null, "EASEMENT_TYPE_NM": null, "PARCEL_ACQUIRE_AUTH_NO": "US PATENT NO 46-87-0001", "PARCEL_DISPOSAL_AUTH_NO": null, "SHAPE.AREA": 14308468.00975, "SHAPE.LEN": 16118.7457882274, "GLOBALID": "{76E76178-8F49-41C4-9546-B2F620D31A87}"}}, {"type": "Feature", "id": 3339696, "geometry": {"type": "Polygon", "coordinates": [[[-120.5876, 47.07197], [-120.58741, 47.07564], [-120.59271, 47.07562], [-120.59279, 47.07196], [-120.5876, 47.07197]]]}, "properties": {"OBJECTID": 3339696, "PARCEL_SYST_ID": 5129, "PARCEL_TYPE_CD": 1, "PARCEL_LABEL_NM": null, "PARCEL_NM": null, "REVERSION_RIGHTS_FLG": "N", "OWN_RIGHT_DISPUTE_FLG": "N", "SURFACE_RIGHTS_FLG": "Y", "MINERAL_RIGHTS_FLG": "Y", "TIMBER_RIGHTS_FLG": "Y", "SURFACE_TRUST_CD": 3, "SURFACE_TRUST_NM": "Common School and Indemnity", "MINERAL_TRUST_CD": 3, "MINERAL_TRUST_NM": "Common School and Indemnity", "TIMBER_TRUST_CD": 3, "TIMBER_TRUST_NM": "Common School and Indemnity", "OWNER_AGENT_SYST_ID": 58706, "STEWARD_AGENT_SYST_ID": 63986, "MANAGER_AGENT_SYST_ID": 63986, "TIMBER_OWNER_NM": null, "TIMBER_EXP_DT": null, "ORIGINAL_PATENT_DT": null, "COUNTY_JURISDICT_DESG_CD": 19, "COUNTY_NM": "Kittitas", "COUNTY_PARCEL_NO": null, "REGION_JURISDICT_DESG_CD": 100, "REGION_NM": "Southeast Region", "HCP_JURISDICT_DESG_CD": null, "HCP_DESG_CD": 2, "HCP_DESG_DT": null, "HCP_WITHDRAWAL_DT": 854611200000, "PARCEL_DESC_TXT": null, "EDIT_DATE": 1687995300000, "EDIT_STATUS": 1, "EDIT_WHO": "TSTE490", "EASEMENT_TYPE_CD": null, "EASEMENT_TYPE_NM": null, "PARCEL_ACQUIRE_AUTH_NO": null, "PARCEL_DISPOSAL_AUTH_NO": null, "SHAPE.AREA": 1747158.419, "SHAPE.LEN": 5288.9252111510605, "GLOBALID": "{0F017032-DE77-4E2D-81FF-2AB5676A0D14}"}}]}