{"type": "FeatureCollection", "features": [{"type": "Feature", "id": 10661, "geometry": {"type": "Polygon", "coordinates": [[[-120.6188, 47.23361], [-120.62947, 47.23362], [-120.63479, 47.23363], [-120.63856, 47.23364], [-120.63856, 47.23365], [-120.64515, 47.23367], [-120.64516, 47.23301], [-120.64517, 47.23003], [-120.64517, 47.2294], [-120.64518, 47.2264], [-120.64518, 47.22579], [-120.64518, 47.22577], [-120.64519, 47.22278], [-120.6452, 47.22218], [-120.64521, 47.21914], [-120.64004, 47.21915], [-120.63472, 47.21916], [-120.62946, 47.21917], [-120.61882, 47.2192], [-120.61881, 47.22641], [-120.6188, 47.23361]]]}, "properties": {"OBJECTID": 10661, "ID": "865073035181522944", "CSE_NAME": "Gold Reserve", "STAGE_ID": "858011092092399616", "BLM_PROD": "Lode Claim", "CSE_TYPE_NR": "384101", "CSE_NR": "OR105245829", "LEG_CSE_NR": "", "SF_ID": "a02t0000007liBTAAY", "CSE_DISP": "Active", "SRC": "LLD", "QLTY": "4.1: 0 intersecting parts\naliquot\n36 sections retrieved\n36 intersected features retrieved\n1 matching sections found\nformerly known as 4.2, Map to entire FRSTDIVNO\n", "CSE_META": "WA 33 0200N 0180E 018 A NWNW|WA 33 0200N 0180E 018 A ALL", "RCRD_ACRS": 20.66, "Created": 1626307200000, "Modified": 1728294532000, "Shape__Length": 0.08167551785616424, "Shape__Area": 0.0003813174588572621}}, {"type": "Feature", "id": 18849, "geometry": {"type": "Polygon", "coordinates": [[[-120.63081, 47.27466], [-120.6412, 47.27468], [-120.64124, 47.26745], [-120.63079, 47.26744], [-120.63081, 47.27466]]]}, "properties": {"OBJECTID": 18849, "ID": "889994618412814336", "CSE_NAME": "Dragonfly", "STAGE_ID": "889994612826001408", "BLM_PROD": "Lode Claim", "CSE_TYPE_NR": "384101", "CSE_NR": "OR105261294", "LEG_CSE_NR": "", "SF_ID": "a02t0000007G2FWAA0", "CSE_DISP": "Active", "SRC": "LLD", "QLTY": "8: SIMPLE\nSECTION CONTAINS 5 OR LESS POLYGONS\naliquot\n36 sections retrieved\n36 intersected features retrieved\n1 matching sections found\nsection 31 issimple: False", "CSE_META": "WA 33 0210N 0180E 031 A NW", "RCRD_ACRS": 20.66, "Created": 1632182400000, "Modified": 1728293368000, "Shape__Length": 0.035283966852723975, "Shape__Area": 7.525952599928051e-05}}, {"type": "Feature", "id": 18850, "geometry": {"type": "Polygon", "coordinates": [[[-120.67171, 47.25475], [-120.6696, 47.25476], [-120.66941, 47.25484], [-120.66938, 47.25477], [-120.6664, 47.25479], [-120.6664, 47.25479], [-120.66644, 47.2568], [-120.66644, 47.25695], [-120.66646, 47.25829], [-120.66646, 47.2583], [-120.67174, 47.25829], [-120.67703, 47.25828], [-120.67702, 47.25694], [-120.67702, 47.2547], [-120.67171, 47.25475]]]}, "properties": {"OBJECTID": 18850, "ID": "889994806305140736", "CSE_NAME": "Liberty Peak #2", "STAGE_ID": "888113356991516672", "BLM_PROD": "Lode Claim", "CSE_TYPE_NR": "384101", "CSE_NR": "OR105261295", "LEG_CSE_NR": "", "SF_ID": "a02t0000007G2FXAA0", "CSE_DISP": "Active", "SRC": "LLD", "QLTY": "0: WA330200N0170E0SN020ASWNE\n38 sections retrieved\n605 intersected features retrieved, WA330200N0170E0SN020ASENE\n38 sections retrieved\n605 intersected features retrieved", "CSE_META": "WA 33 0200N 0170E 002 A SWNE|WA 33 0200N 0170E 002 A SENE", "RCRD_ACRS": 20.66, "Created": 1632182400000, "Modified": 1728293368000, "Shape__Length": 0.028349031560079816, "Shape__Area": 3.753016120030401e-05}}, {"type": "Feature", "id": 33914, "geometry": {"type": "Polygon", "coordinates": [[[-120.66548, 47.42308], [-120.66948, 47.42525], [-120.67005, 47.42349], [-120.6655, 47.42135], [-120.66548, 47.42308]]]}, "properties": {"OBJECTID": 33914, "ID": "943232266836987904", "CSE_NAME": "Eastern Star", "STAGE_ID": "943230316162736128", "BLM_PROD": "Lode Claim", "CSE_TYPE_NR": "384101", "CSE_NR": "OR105296027", "LEG_CSE_NR": "", "SF_ID": "a023d00000A3LhYAAV", "CSE_DISP": "Under Review", "SRC": "PLSS", "QLTY": "100", "CSE_META": "WA 33 0220N 0170E 002 A ALL", "RCRD_ACRS": 20.66115702, "Created": 1644883200000, "Modified": 1728143384000, "Shape__Length": 0.01315894772356322, "Shape__Area": 8.095598420001003e-06}}, {"type": "Feature", "id": 48600, "geometry": {"type": "Polygon", "coordinates": [[[-120.66228, 47.43835], [-120.6676, 47.43836], [-120.67152, 47.43836], [-120.67294, 47.43836], [-120.67828, 47.43835], [-120.68363, 47.43834], [-120.6836, 47.43506], [-120.68355, 47.43327], [-120.68351, 47.43146], [-120.68348, 47.42968], [-120.68343, 47.42742], [-120.68342, 47.42635], [-120.68342, 47.4261], [-120.68341, 47.42563], [-120.68341, 47.42491], [-120.68343, 47.42359], [-120.68344, 47.42248], [-120.68347, 47.41884], [-120.66245, 47.41883], [-120.66242, 47.42061], [-120.6624, 47.42246], [-120.66237, 47.42609], [-120.66236, 47.4262], [-120.66236, 47.4263], [-120.66235, 47.42792], [-120.66234, 47.42869], [-120.66233, 47.42971], [-120.66232, 47.43039], [-120.66231, 47.4315], [-120.6623, 47.43334], [-120.6623, 47.4334], [-120.6623, 47.43346], [-120.66229, 47.43511], [-120.66228, 47.43835]]]}, "properties": {"OBJECTID": 48600, "ID": "997609568693514240", "CSE_NAME": "Bobtail", "STAGE_ID": "997605302323027968", "BLM_PROD": "Lode Claim", "CSE_TYPE_NR": "384101", "CSE_NR": "OR105773186", "LEG_CSE_NR": "", "SF_ID": "a023d00000ED07cAAD", "CSE_DISP": "Active", "SRC": "LLD", "QLTY": "0: Map to entire FRSTDIVNO\n", "CSE_META": "WA 33 0220N 0170E 002 A ALL", "RCRD_ACRS": 13.08539945, "Created": 1657843200000, "Modified": 1728153866000, "Shape__Length": 0.08140443701230476, "Shape__Area": 0.0004128395519032146}}, {"type": "Feature", "id": 48601, "geometry": {"type": "Polygon", "coordinates": [[[-120.65989, 47.42487], [-120.66457, 47.4255], [-120.66545, 47.4228], [-120.65975, 47.42278], [-120.65989, 47.42487]]]}, "properties": {"OBJECTID": 48601, "ID": "997609573231751168", "CSE_NAME": "Keynote", "STAGE_ID": "997608210934419456", "BLM_PROD": "Lode Claim", "CSE_TYPE_NR": "384101", "CSE_NR": "OR105773188", "LEG_CSE_NR": "", "SF_ID": "a023d00000ED09nAAD", "CSE_DISP": "Active", "SRC": "PLSS", "QLTY": "100", "CSE_META": "WA 33 0220N 0170E 001 A ALL|WA 33 0220N 0170E 002 A ALL", "RCRD_ACRS": 20.66115702, "Created": 1657843200000, "Modified": 1728153866000, "Shape__Length": 0.01535671808488345, "Shape__Area": 1.2550295195000504e-05}}, {"type": "Feature", "id": 48602, "geometry": {"type": "Polygon", "coordinates": [[[-120.65003, 47.43831], [-120.65152, 47.43832], [-120.65692, 47.43834], [-120.66228, 47.43835], [-120.6676, 47.43836], [-120.67152, 47.43836], [-120.67294, 47.43836], [-120.67828, 47.43835], [-120.68363, 47.43834], [-120.6836, 47.43506], [-120.68355, 47.43327], [-120.68351, 47.43146], [-120.68348, 47.42968], [-120.68343, 47.42742], [-120.68342, 47.42635], [-120.68342, 47.4261], [-120.68341, 47.42563], [-120.68341, 47.42491], [-120.68343, 47.42359], [-120.68344, 47.42248], [-120.68347, 47.41884], [-120.66245, 47.41883], [-120.65966, 47.41883], [-120.657, 47.41882], [-120.65157, 47.41881], [-120.64614, 47.41882], [-120.64075, 47.41882], [-120.64076, 47.41956], [-120.64075, 47.42313], [-120.64074, 47.42678], [-120.64073, 47.42966], [-120.64073, 47.43038], [-120.64072, 47.43328], [-120.64072, 47.43394], [-120.64071, 47.43785], [-120.64363, 47.43787], [-120.64612, 47.43789], [-120.65002, 47.43792], [-120.65003, 47.43831]]]}, "properties": {"OBJECTID": 48602, "ID": "997609577472192512", "CSE_NAME": "Blackjack", "STAGE_ID": "997608962239131648", "BLM_PROD": "Lode Claim", "CSE_TYPE_NR": "384101", "CSE_NR": "OR105773187", "LEG_CSE_NR": "", "SF_ID": "a023d00000ED0AMAA1", "CSE_DISP": "Active", "SRC": "LLD", "QLTY": "0: Map to entire FRSTDIVNO\n, Map to entire FRSTDIVNO\n", "CSE_META": "WA 33 0220N 0170E 001 A ALL|WA 33 0220N 0170E 002 A ALL", "RCRD_ACRS": 13.77410468, "Created": 1657843200000, "Modified": 1728153866000, "Shape__Length": 0.12455445511628371, "Shape__Area": 0.0008304869627340052}}, {"type": "Feature", "id": 51363, "geometry": {"type": "Polygon", "coordinates": [[[-120.66228, 47.43835], [-120.6676, 47.43836], [-120.67152, 47.43836], [-120.67294, 47.43836], [-120.67828, 47.43835], [-120.68363, 47.43834], [-120.6836, 47.43506], [-120.68355, 47.43327], [-120.68351, 47.43146], [-120.68348, 47.42968], [-120.68343, 47.42742], [-120.68342, 47.42635], [-120.68342, 47.4261], [-120.68341, 47.42563], [-120.68341, 47.42491], [-120.68343, 47.42359], [-120.68344, 47.42248], [-120.68347, 47.41884], [-120.66245, 47.41883], [-120.66242, 47.42061], [-120.6624, 47.42246], [-120.66237, 47.42609], [-120.66236, 47.4262], [-120.66236, 47.4263], [-120.66235, 47.42792], [-120.66234, 47.42869], [-120.66233, 47.42971], [-120.66232, 47.43039], [-120.66231, 47.4315], [-120.6623, 47.43334], [-120.6623, 47.4334], [-120.6623, 47.43346], [-120.66229, 47.43511], [-120.66228, 47.43835]]]}, "properties": {"OBJECTID": 51363, "ID": "1007679231355957248", "CSE_NAME": "Hummingbird Lode", "STAGE_ID": "1005153457583321088", "BLM_PROD": "Lode Claim", "CSE_TYPE_NR": "384101", "CSE_NR": "OR105775621", "LEG_CSE_NR": "", "SF_ID": "a023d00000EK7n6AAD", "CSE_DISP": "Active", "SRC": "LLD", "QLTY": "8; ONLY SECTION IN LLD; Only mapped PLSS First Div, DOES NOT MATCH PM ANGLES, aliquot", "CSE_META": "WA 33 0220N 0170E 002 | WA 33 0220N 0170E 002 MS312", "RCRD_ACRS": 0, "Created": 1660262400000, "Modified": 1745971200000, "Shape__Length": 0.08140443701230476, "Shape__Area": 0.0004128395519032146}}, {"type": "Feature", "id": 55633, "geometry": {"type": "Polygon", "coordinates": [[[-120.65042, 47.24024], [-120.6451, 47.24025], [-120.6451, 47.24027], [-120.64509, 47.24032], [-120.64509, 47.24036], [-120.64509, 47.24082], [-120.64507, 47.24388], [-120.64507, 47.2444], [-120.64505, 47.2475], [-120.65038, 47.24748], [-120.65568, 47.24746], [-120.65571, 47.24385], [-120.65574, 47.24023], [-120.65042, 47.24024]]]}, "properties": {"OBJECTID": 55633, "ID": "1025171758480773120", "CSE_NAME": "Gold Reserve", "STAGE_ID": "1025080507483930624", "BLM_PROD": "Lode Claim", "CSE_TYPE_NR": "384101", "CSE_NR": "OR105785438", "LEG_CSE_NR": "", "SF_ID": "a023d00000EekvrAAB", "CSE_DISP": "Active", "SRC": "LLD/CLS", "QLTY": "1: MIDPOINT\nTYPICAL QUARTER SECTION WITH 4 STANDARD LEGALS ATTRIBUTED\naliquot\n38 sections retrieved\n605 intersected features retrieved\n16 matching sections found\nsection 12 issimple: True, WA330200N0170E0SN120ASWNE\n38 sections retrieved\n605 intersected fe", "CSE_META": "WA 33 0200N 0170E 012 A NE|WA 33 0200N 0170E 012 A SWNE|WA 33 0200N 0170E 012 A NWNE|WA 33 0200N 0170E 012 A NENE|WA 33 0200N 0170E 012 A SENE", "RCRD_ACRS": 20.66, "Created": 1664409600000, "Modified": 1728154306000, "Shape__Length": 0.03574932630311146, "Shape__Area": 7.698080793718502e-05}}, {"type": "Feature", "id": 56164, "geometry": {"type": "Polygon", "coordinates": [[[-120.66637, 47.25104], [-120.66637, 47.25147], [-120.66638, 47.25206], [-120.66638, 47.25274], [-120.6664, 47.25459], [-120.6664, 47.25479], [-120.66644, 47.2568], [-120.66644, 47.25695], [-120.66646, 47.25829], [-120.66646, 47.2583], [-120.66648, 47.26013], [-120.66782, 47.26013], [-120.66783, 47.26013], [-120.67048, 47.26013], [-120.67176, 47.26013], [-120.67178, 47.26013], [-120.67314, 47.26013], [-120.67704, 47.26013], [-120.67844, 47.26013], [-120.68231, 47.26013], [-120.68377, 47.26012], [-120.68759, 47.2601], [-120.6876, 47.25825], [-120.6876, 47.25822], [-120.68761, 47.25693], [-120.68763, 47.25462], [-120.68763, 47.25458], [-120.68763, 47.25376], [-120.68765, 47.25105], [-120.68765, 47.25059], [-120.68767, 47.24742], [-120.68504, 47.24742], [-120.68233, 47.24742], [-120.67699, 47.24742], [-120.67167, 47.24741], [-120.67166, 47.24741], [-120.66632, 47.24743], [-120.66634, 47.24919], [-120.66636, 47.2506], [-120.66637, 47.25104]]]}, "properties": {"OBJECTID": 56164, "ID": "1027957310225502208", "CSE_NAME": "Phoenix Lode", "STAGE_ID": "1027690243672870912", "BLM_PROD": "Lode Claim", "CSE_TYPE_NR": "384101", "CSE_NR": "OR105788585", "LEG_CSE_NR": "", "SF_ID": "a023d00000Em3U4AAJ", "CSE_DISP": "Active", "SRC": "LLD/CLS", "QLTY": "8: SIMPLE\nFULLY ATTRIBUTED QUARTER SECTION ALL BUCKETS ARE EQUAL\naliquot\n38 sections retrieved\n605 intersected features retrieved\n28 matching sections found\nsection 2 issimple: False, WA330200N0170E0SN020ASWNW\n38 sections retrieved\n605 intersected feature", "CSE_META": "WA 33 0200N 0170E 002 A NW|WA 33 0200N 0170E 002 A SWNW|WA 33 0200N 0170E 002 A Government Lot 4|WA 33 0200N 0170E 002 A Government Lot 3|WA 33 0200N 0170E 002 A SENW", "RCRD_ACRS": 20.66, "Created": 1665100800000, "Modified": 1728154372000, "Shape__Length": 0.06784718071230178, "Shape__Area": 0.00026979520316298906}}, {"type": "Feature", "id": 59441, "geometry": {"type": "Polygon", "coordinates": [[[-120.67109, 47.42569], [-120.67248, 47.42585], [-120.6758, 47.4258], [-120.67144, 47.42505], [-120.67109, 47.42569]]]}, "properties": {"OBJECTID": 59441, "ID": "1042478198345998336", "CSE_NAME": "Last Chance", "STAGE_ID": "1042112268294299648", "BLM_PROD": "LODE CLAIM", "CSE_TYPE_NR": "384101", "CSE_NR": "OR105794255", "LEG_CSE_NR": "", "SF_ID": "a023d00000Ew0yoAAB", "CSE_DISP": "Active", "SRC": "PLSS", "QLTY": "100", "CSE_META": "WA 33 0220N 0170E 002 A ALL", "RCRD_ACRS": 20.66, "Created": 1668556800000, "Modified": 1741631880000, "Shape__Length": 0.009873041296859227, "Shape__Area": 1.8267996000000005e-06}}, {"type": "Feature", "id": 59442, "geometry": {"type": "Polygon", "coordinates": [[[-120.67695, 47.42595], [-120.6786, 47.42615], [-120.67903, 47.42444], [-120.67606, 47.42425], [-120.67695, 47.42595]]]}, "properties": {"OBJECTID": 59442, "ID": "1042478316218589184", "CSE_NAME": "Mineral Fraction", "STAGE_ID": "1042112899834888192", "BLM_PROD": "LODE CLAIM", "CSE_TYPE_NR": "384101", "CSE_NR": "OR105794256", "LEG_CSE_NR": "", "SF_ID": "a023d00000Ew0ypAAB", "CSE_DISP": "Active", "SRC": "PLSS", "QLTY": "100", "CSE_META": "WA 33 0220N 0170E 002 A ALL", "RCRD_ACRS": 4.5, "Created": 1668556800000, "Modified": 1741631940000, "Shape__Length": 0.008320000941632398, "Shape__Area": 3.892904245000001e-06}}, {"type": "Feature", "id": 59443, "geometry": {"type": "Polygon", "coordinates": [[[-120.66228, 47.43835], [-120.6676, 47.43836], [-120.67152, 47.43836], [-120.67294, 47.43836], [-120.67828, 47.43835], [-120.68363, 47.43834], [-120.6836, 47.43506], [-120.68355, 47.43327], [-120.68351, 47.43146], [-120.68348, 47.42968], [-120.68343, 47.42742], [-120.68342, 47.42635], [-120.68342, 47.4261], [-120.68341, 47.42563], [-120.68341, 47.42491], [-120.68343, 47.42359], [-120.68344, 47.42248], [-120.68347, 47.41884], [-120.66245, 47.41883], [-120.66242, 47.42061], [-120.6624, 47.42246], [-120.66237, 47.42609], [-120.66236, 47.4262], [-120.66236, 47.4263], [-120.66235, 47.42792], [-120.66234, 47.42869], [-120.66233, 47.42971], [-120.66232, 47.43039], [-120.66231, 47.4315], [-120.6623, 47.43334], [-120.6623, 47.4334], [-120.6623, 47.43346], [-120.66229, 47.43511], [-120.66228, 47.43835]]]}, "properties": {"OBJECTID": 59443, "ID": "1042478464986398720", "CSE_NAME": "North Star", "STAGE_ID": "1042113264311537664", "BLM_PROD": "LODE CLAIM", "CSE_TYPE_NR": "384101", "CSE_NR": "OR105794257", "LEG_CSE_NR": "", "SF_ID": "a023d00000Ew0yqAAB", "CSE_DISP": "Under Review", "SRC": "LLD", "QLTY": "0; ONLY SECTION IN LLD", "CSE_META": "WA 33 0220N 0170E 002", "RCRD_ACRS": 0, "Created": 1668556800000, "Modified": 1745971200000, "Shape__Length": 0.08140443701230476, "Shape__Area": 0.0004128395519032146}}, {"type": "Feature", "id": 59444, "geometry": {"type": "Polygon", "coordinates": [[[-120.66163, 47.42394], [-120.66636, 47.42645], [-120.66738, 47.42491], [-120.66295, 47.42273], [-120.66163, 47.42394]]]}, "properties": {"OBJECTID": 59444, "ID": "1042478565599358976", "CSE_NAME": "Peshastin", "STAGE_ID": "1042113629241171968", "BLM_PROD": "LODE CLAIM", "CSE_TYPE_NR": "384101", "CSE_NR": "OR105794258", "LEG_CSE_NR": "", "SF_ID": "a023d00000Ew0yrAAB", "CSE_DISP": "Active", "SRC": "PLSS", "QLTY": "100", "CSE_META": "WA 33 0220N 0170E 002 A ALL|WA 33 0220N 0170E 001 A ALL", "RCRD_ACRS": 20.66, "Created": 1668556800000, "Modified": 1741631760000, "Shape__Length": 0.013929883352567854, "Shape__Area": 9.041148625000003e-06}}, {"type": "Feature", "id": 69520, "geometry": {"type": "Polygon", "coordinates": [[[-120.59776, 47.21189], [-120.59778, 47.21915], [-120.6083, 47.21918], [-120.60831, 47.21192], [-120.59776, 47.21189]]]}, "properties": {"OBJECTID": 69520, "ID": "1083784003829526528", "CSE_NAME": "Liberty II", "STAGE_ID": "1083784003435261952", "BLM_PROD": "Lode Claim", "CSE_TYPE_NR": "384101", "CSE_NR": "OR105822241", "LEG_CSE_NR": "", "SF_ID": "a023d00000FZHctAAH", "CSE_DISP": "Active", "SRC": "LLD/CLS", "QLTY": "8: MIDPOINT\nSECTION CONTAINS 5 OR LESS POLYGONS\naliquot\n36 sections retrieved\n36 intersected features retrieved\n1 matching sections found\nsection 20 issimple: False", "CSE_META": "WA 33 0200N 0180E 020 A NE", "RCRD_ACRS": 20.66, "Created": 1678406400000, "Modified": 1728155071000, "Shape__Length": 0.0355794703682744, "Shape__Area": 7.642906852499802e-05}}, {"type": "Feature", "id": 75659, "geometry": {"type": "Polygon", "coordinates": [[[-120.6942, 47.31081], [-120.69419, 47.31442], [-120.69418, 47.31803], [-120.70486, 47.31803], [-120.70486, 47.31082], [-120.6942, 47.31081]]]}, "properties": {"OBJECTID": 75659, "ID": "1105326370822737920", "CSE_NAME": "Mayda Claim", "STAGE_ID": "1105324332839747584", "BLM_PROD": "Lode Claim", "CSE_TYPE_NR": "384101", "CSE_NR": "OR105830530", "LEG_CSE_NR": "", "SF_ID": "a023d00000Fy2NiAAJ", "CSE_DISP": "Active", "SRC": "LLD/CLS", "QLTY": "8: MIDPOINT\nSECTION CONTAINS 5 OR LESS POLYGONS\naliquot\n36 sections retrieved\n37 intersected features retrieved\n1 matching sections found\nsection 15 issimple: False, 0 intersecting parts\naliquot\n36 sections retrieved\n37 intersected features retrieved\n1 ma", "CSE_META": "WA 33 0210N 0170E 015 A NW|WA 33 0210N 0170E 015 A NENW", "RCRD_ACRS": 20, "Created": 1683590400000, "Modified": 1728155269000, "Shape__Length": 0.03576467517549124, "Shape__Area": 7.695236092341552e-05}}, {"type": "Feature", "id": 78588, "geometry": {"type": "Polygon", "coordinates": [[[-120.61885, 47.21194], [-120.61882, 47.2192], [-120.62946, 47.21917], [-120.63472, 47.21916], [-120.64004, 47.21915], [-120.64521, 47.21914], [-120.64521, 47.21857], [-120.64524, 47.21552], [-120.64524, 47.215], [-120.64527, 47.2119], [-120.64527, 47.21144], [-120.6453, 47.20832], [-120.6453, 47.20802], [-120.6453, 47.20787], [-120.64533, 47.20471], [-120.64034, 47.20471], [-120.63496, 47.20471], [-120.6321, 47.20471], [-120.6321, 47.2047], [-120.61888, 47.20469], [-120.61885, 47.21194]]]}, "properties": {"OBJECTID": 78588, "ID": "1116507334638682112", "CSE_NAME": "T&T Hercules", "STAGE_ID": "1116488071794249728", "BLM_PROD": "Lode Claim", "CSE_TYPE_NR": "384101", "CSE_NR": "OR105838296", "LEG_CSE_NR": "", "SF_ID": "a023d00000G94fFAAR", "CSE_DISP": "Active", "SRC": "LLD/CLS", "QLTY": "8: Map to entire FRSTDIVNO\n, SIMPLE\nSECTION CONTAINS 5 OR LESS POLYGONS\naliquot\n36 sections retrieved\n36 intersected features retrieved\n1 matching sections found\nsection 19 issimple: False", "CSE_META": "WA 33 0200N 0180E 019 A ALL|WA 33 0200N 0180E 019 A SE", "RCRD_ACRS": 20.66, "Created": 1686182400000, "Modified": 1728155439000, "Shape__Length": 0.08178530498235687, "Shape__Area": 0.0003821650710179341}}, {"type": "Feature", "id": 78589, "geometry": {"type": "Polygon", "coordinates": [[[-120.61885, 47.21194], [-120.61882, 47.2192], [-120.62946, 47.21917], [-120.63472, 47.21916], [-120.64004, 47.21915], [-120.64521, 47.21914], [-120.64521, 47.21857], [-120.64524, 47.21552], [-120.64524, 47.215], [-120.64527, 47.2119], [-120.64527, 47.21144], [-120.6453, 47.20832], [-120.6453, 47.20802], [-120.6453, 47.20787], [-120.64533, 47.20471], [-120.64034, 47.20471], [-120.63496, 47.20471], [-120.6321, 47.20471], [-120.6321, 47.2047], [-120.61888, 47.20469], [-120.61885, 47.21194]]]}, "properties": {"OBJECTID": 78589, "ID": "1116507376049070080", "CSE_NAME": "T&T Blue Sky", "STAGE_ID": "1116487089660342272", "BLM_PROD": "Lode Claim", "CSE_TYPE_NR": "384101", "CSE_NR": "OR105838295", "LEG_CSE_NR": "", "SF_ID": "a023d00000G94fEAAR", "CSE_DISP": "Active", "SRC": "LLD/CLS", "QLTY": "8: Map to entire FRSTDIVNO\n, SIMPLE\nSECTION CONTAINS 5 OR LESS POLYGONS\naliquot\n36 sections retrieved\n36 intersected features retrieved\n1 matching sections found\nsection 19 issimple: False", "CSE_META": "WA 33 0200N 0180E 019 A ALL|WA 33 0200N 0180E 019 A SE", "RCRD_ACRS": 20.66, "Created": 1686182400000, "Modified": 1728155439000, "Shape__Length": 0.08178530498235687, "Shape__Area": 0.0003821650710179341}}, {"type": "Feature", "id": 78590, "geometry": {"type": "Polygon", "coordinates": [[[-120.59778, 47.21915], [-120.6083, 47.21918], [-120.61882, 47.2192], [-120.61888, 47.20469], [-120.59774, 47.20464], [-120.59778, 47.21915]]]}, "properties": {"OBJECTID": 78590, "ID": "1116507406814318592", "CSE_NAME": "T&T", "STAGE_ID": "1116484740707409920", "BLM_PROD": "Lode Claim", "CSE_TYPE_NR": "384101", "CSE_NR": "OR105838294", "LEG_CSE_NR": "", "SF_ID": "a023d00000G94fDAAR", "CSE_DISP": "Active", "SRC": "LLD/CLS", "QLTY": "8: MIDPOINT\nSECTION CONTAINS 5 OR LESS POLYGONS\naliquot\n36 sections retrieved\n36 intersected features retrieved\n1 matching sections found\nsection 20 issimple: False, Map to entire FRSTDIVNO\n", "CSE_META": "WA 33 0200N 0180E 020 A NW|WA 33 0200N 0180E 020 A ALL", "RCRD_ACRS": 9.64, "Created": 1686182400000, "Modified": 1728155439000, "Shape__Length": 0.07121006237031363, "Shape__Area": 0.0003061067365360386}}, {"type": "Feature", "id": 78885, "geometry": {"type": "Polygon", "coordinates": [[[-120.68361, 47.30357], [-120.68355, 47.31081], [-120.6942, 47.31081], [-120.69423, 47.30359], [-120.68361, 47.30357]]]}, "properties": {"OBJECTID": 78885, "ID": "1117166679953121280", "CSE_NAME": "Gold Claims Northwest", "STAGE_ID": "1116325077198176256", "BLM_PROD": "LODE CLAIM", "CSE_TYPE_NR": "384101", "CSE_NR": "OR105838497", "LEG_CSE_NR": "", "SF_ID": "a023d00000G8xbOAAR", "CSE_DISP": "Active", "SRC": "LLD", "QLTY": "15: MIDPOINT\nSECTION CONTAINS 5 OR LESS POLYGONS\naliquot\n36 sections retrieved\n37 intersected features retrieved\n1 matching sections found\nsection 15 issimple: False, Value cannot be null. (Parameter 'source') \n    at System.Linq.ThrowHelper.ThrowArgument", "CSE_META": "WA 33 0210N 0170E 015 A SE|WA      ", "RCRD_ACRS": 20, "Created": 1686355200000, "Modified": 1734026580000, "Shape__Length": 0.035727942452927625, "Shape__Area": 7.687607308808802e-05}}, {"type": "Feature", "id": 79095, "geometry": {"type": "Polygon", "coordinates": [[[-120.68361, 47.30357], [-120.68355, 47.31081], [-120.6942, 47.31081], [-120.69423, 47.30359], [-120.68361, 47.30357]]]}, "properties": {"OBJECTID": 79095, "ID": "1117884335052144640", "CSE_NAME": "pegasus", "STAGE_ID": "1117204286988746752", "BLM_PROD": "LODE CLAIM", "CSE_TYPE_NR": "384101", "CSE_NR": "OR105838550", "LEG_CSE_NR": "", "SF_ID": "a023d00000G9h8iAAB", "CSE_DISP": "Active", "SRC": "LLD", "QLTY": "8: MIDPOINT\nSECTION CONTAINS 5 OR LESS POLYGONS\naliquot\n36 sections retrieved\n37 intersected features retrieved\n1 matching sections found\nsection 15 issimple: False, MIDPOINT\nSECTION CONTAINS 5 OR LESS POLYGONS\naliquot\n36 sections retrieved\n37 intersected", "CSE_META": "WA 33 0210N 0170E 015 A SE|WA 33 0210N 0170E 015 A SE", "RCRD_ACRS": 20, "Created": 1686528000000, "Modified": 1734026700000, "Shape__Length": 0.035727942452927625, "Shape__Area": 7.687607308808802e-05}}, {"type": "Feature", "id": 79177, "geometry": {"type": "Polygon", "coordinates": [[[-120.61888, 47.20469], [-120.61885, 47.21194], [-120.61882, 47.2192], [-120.63202, 47.21917], [-120.63202, 47.21917], [-120.63472, 47.21916], [-120.64004, 47.21915], [-120.64521, 47.21914], [-120.64521, 47.21857], [-120.64524, 47.21552], [-120.64524, 47.215], [-120.64527, 47.2119], [-120.64527, 47.21144], [-120.6453, 47.20832], [-120.6453, 47.20802], [-120.6453, 47.20787], [-120.64533, 47.20471], [-120.64034, 47.20471], [-120.63496, 47.20471], [-120.62958, 47.2047], [-120.61888, 47.20469]]]}, "properties": {"OBJECTID": 79177, "ID": "1118210385254715392", "CSE_NAME": "Constellation", "STAGE_ID": "1116746255427555328", "BLM_PROD": "Lode Claim", "CSE_TYPE_NR": "384101", "CSE_NR": "OR105836032", "LEG_CSE_NR": "", "SF_ID": "a023d00000G6W5pAAF", "CSE_DISP": "Active", "SRC": "LLD/CLS", "QLTY": "8: Map to entire FRSTDIVNO\n, SIMPLE\nSECTION CONTAINS 5 OR LESS POLYGONS\naliquot\n36 sections retrieved\n36 intersected features retrieved\n1 matching sections found\nsection 19 issimple: False", "CSE_META": "WA 33 0200N 0180E 019 A ALL|WA 33 0200N 0180E 019 A NE", "RCRD_ACRS": 20.66, "Created": 1686614400000, "Modified": 1728155392000, "Shape__Length": 0.08178107417701187, "Shape__Area": 0.00038212853186457557}}, {"type": "Feature", "id": 329761, "geometry": {"type": "Polygon", "coordinates": [[[-120.62025, 47.2602], [-120.60964, 47.26024], [-120.60972, 47.26745], [-120.62034, 47.26742], [-120.63079, 47.26744], [-120.63077, 47.26021], [-120.62025, 47.2602]]]}, "properties": {"OBJECTID": 329761, "ID": "799126735026126935", "CSE_NAME": "SAM", "STAGE_ID": null, "BLM_PROD": "Lode Claim", "CSE_TYPE_NR": "384101", "CSE_NR": "OR101378254", "LEG_CSE_NR": "ORMC129551", "SF_ID": "a02t000000585W8AAI", "CSE_DISP": "Active", "SRC": "LLD", "QLTY": "8: SIMPLE\nSECTION CONTAINS 5 OR LESS POLYGONS\naliquot\n36 sections retrieved\n36 intersected features retrieved\n1 matching sections found\nsection 31 issimple: False, MIDPOINT\nSECTION CONTAINS 5 OR LESS POLYGONS\nDOES NOT MATCH PM ANGLES\naliquot\n36 sections r", "CSE_META": "WA 33 0210N 0180E 031 A SE|WA 33 0210N 0180E 032 A SW", "RCRD_ACRS": 20.66, "Created": 1610668800000, "Modified": 1728174217000, "Shape__Length": 0.05664110972007862, "Shape__Area": 0.00015234547696835703}}, {"type": "Feature", "id": 329793, "geometry": {"type": "Polygon", "coordinates": [[[-120.68369, 47.28911], [-120.68365, 47.29634], [-120.68361, 47.30357], [-120.69424, 47.30359], [-120.70487, 47.30362], [-120.70492, 47.29637], [-120.70496, 47.28912], [-120.69432, 47.28911], [-120.68369, 47.28911]]]}, "properties": {"OBJECTID": 329793, "ID": "801974245088297064", "CSE_NAME": "LITTLE JEWEL NO. 1", "STAGE_ID": null, "BLM_PROD": "Lode Claim", "CSE_TYPE_NR": "384101", "CSE_NR": "OR101481621", "LEG_CSE_NR": "ORMC142532", "SF_ID": "a02t000000584XjAAI", "CSE_DISP": "Active", "SRC": "LLD", "QLTY": "8: MIDPOINT\nSECTION CONTAINS 5 OR LESS POLYGONS\naliquot\n36 sections retrieved\n37 intersected features retrieved\n1 matching sections found\nsection 22 issimple: False, MIDPOINT\nSECTION CONTAINS 5 OR LESS POLYGONS\naliquot\n36 sections retrieved\n37 intersected", "CSE_META": "WA 33 0210N 0170E 022 A NW|WA 33 0210N 0170E 022 A NE|WA 33 0210N 0170E 022 A SW|WA 33 0210N 0170E 022 A SE", "RCRD_ACRS": 20.66, "Created": 1611360000000, "Modified": 1728174121000, "Shape__Length": 0.07151120595339734, "Shape__Area": 0.0003081155259111961}}, {"type": "Feature", "id": 329794, "geometry": {"type": "Polygon", "coordinates": [[[-120.68369, 47.28911], [-120.68365, 47.29634], [-120.69428, 47.29635], [-120.70492, 47.29637], [-120.70496, 47.28912], [-120.69432, 47.28911], [-120.68369, 47.28911]]]}, "properties": {"OBJECTID": 329794, "ID": "801974244291379233", "CSE_NAME": "LITTLE JEWEL NO. 2", "STAGE_ID": null, "BLM_PROD": "Lode Claim", "CSE_TYPE_NR": "384101", "CSE_NR": "OR101484429", "LEG_CSE_NR": "ORMC144387", "SF_ID": "a02t000000586pSAAQ", "CSE_DISP": "Active", "SRC": "LLD", "QLTY": "8: MIDPOINT\nSECTION CONTAINS 5 OR LESS POLYGONS\naliquot\n36 sections retrieved\n37 intersected features retrieved\n1 matching sections found\nsection 22 issimple: False, MIDPOINT\nSECTION CONTAINS 5 OR LESS POLYGONS\naliquot\n36 sections retrieved\n37 intersected", "CSE_META": "WA 33 0210N 0170E 022 A SE|WA 33 0210N 0170E 022 A SW", "RCRD_ACRS": 20.66, "Created": 1611360000000, "Modified": 1728174333000, "Shape__Length": 0.05703252379628139, "Shape__Area": 0.00015408319164529304}}, {"type": "Feature", "id": 329795, "geometry": {"type": "Polygon", "coordinates": [[[-120.68365, 47.29634], [-120.68361, 47.30357], [-120.69424, 47.30359], [-120.69428, 47.29635], [-120.68365, 47.29634]]]}, "properties": {"OBJECTID": 329795, "ID": "801974245054742710", "CSE_NAME": "LITTLE JEWEL NO. 3", "STAGE_ID": null, "BLM_PROD": "Lode Claim", "CSE_TYPE_NR": "384101", "CSE_NR": "OR101432858", "LEG_CSE_NR": "ORMC144388", "SF_ID": "a02t000000585AwAAI", "CSE_DISP": "Active", "SRC": "LLD", "QLTY": "8: MIDPOINT\nSECTION CONTAINS 5 OR LESS POLYGONS\naliquot\n36 sections retrieved\n37 intersected features retrieved\n1 matching sections found\nsection 22 issimple: False", "CSE_META": "WA 33 0210N 0170E 022 A NE", "RCRD_ACRS": 20.66, "Created": 1611360000000, "Modified": 1728174187000, "Shape__Length": 0.035743160815943455, "Shape__Area": 7.696284546258002e-05}}, {"type": "Feature", "id": 329796, "geometry": {"type": "Polygon", "coordinates": [[[-120.68369, 47.28911], [-120.68365, 47.29634], [-120.68361, 47.30357], [-120.69424, 47.30359], [-120.69428, 47.29635], [-120.69432, 47.28911], [-120.68369, 47.28911]]]}, "properties": {"OBJECTID": 329796, "ID": "801974244291379211", "CSE_NAME": "LITTLE JEWEL NO. 4", "STAGE_ID": null, "BLM_PROD": "Lode Claim", "CSE_TYPE_NR": "384101", "CSE_NR": "OR101482743", "LEG_CSE_NR": "ORMC144389", "SF_ID": "a02t000000585UkAAI", "CSE_DISP": "Active", "SRC": "LLD", "QLTY": "8: MIDPOINT\nSECTION CONTAINS 5 OR LESS POLYGONS\naliquot\n36 sections retrieved\n37 intersected features retrieved\n1 matching sections found\nsection 22 issimple: False, MIDPOINT\nSECTION CONTAINS 5 OR LESS POLYGONS\naliquot\n36 sections retrieved\n37 intersected", "CSE_META": "WA 33 0210N 0170E 022 A NE|WA 33 0210N 0170E 022 A SE", "RCRD_ACRS": 20.66, "Created": 1611360000000, "Modified": 1728174215000, "Shape__Length": 0.05022137681945846, "Shape__Area": 0.00015395070549469053}}, {"type": "Feature", "id": 329994, "geometry": {"type": "Polygon", "coordinates": [[[-120.70502, 47.26007], [-120.69439, 47.2601], [-120.69436, 47.26737], [-120.69433, 47.27464], [-120.70491, 47.27463], [-120.70496, 47.26735], [-120.71562, 47.26733], [-120.71568, 47.26005], [-120.70502, 47.26007]]]}, "properties": {"OBJECTID": 329994, "ID": "801974245058936851", "CSE_NAME": "MMM", "STAGE_ID": null, "BLM_PROD": "Lode Claim", "CSE_TYPE_NR": "384101", "CSE_NR": "OR101433606", "LEG_CSE_NR": "ORMC151388", "SF_ID": "a02t000000585bCAAQ", "CSE_DISP": "Active", "SRC": "LLD", "QLTY": "8: MIDPOINT\nSECTION CONTAINS 5 OR LESS POLYGONS\naliquot\n36 sections retrieved\n37 intersected features retrieved\n2 matching sections found\nsection 33 issimple: False, MIDPOINT\nSECTION CONTAINS 5 OR LESS POLYGONS\naliquot\n36 sections retrieved\n37 intersected", "CSE_META": "WA 33 0210N 0170E 033 A SE|WA 33 0210N 0170E 034 A NW|WA 33 0210N 0170E 034 A SW", "RCRD_ACRS": 17.35, "Created": 1611360000000, "Modified": 1728174224000, "Shape__Length": 0.07163266982769394, "Shape__Area": 0.00023187630651502606}}, {"type": "Feature", "id": 330100, "geometry": {"type": "Polygon", "coordinates": [[[-120.6411, 47.29637], [-120.64102, 47.30361], [-120.64102, 47.31082], [-120.65166, 47.31081], [-120.65168, 47.30359], [-120.65174, 47.29636], [-120.6411, 47.29637]]]}, "properties": {"OBJECTID": 330100, "ID": "799126715023491126", "CSE_NAME": "SOUTHERN STAR", "STAGE_ID": null, "BLM_PROD": "Lode Claim", "CSE_TYPE_NR": "384101", "CSE_NR": "OR101481921", "LEG_CSE_NR": "ORMC153543", "SF_ID": "a02t000000585IjAAI", "CSE_DISP": "Active", "SRC": "LLD", "QLTY": "8: MIDPOINT\nSECTION CONTAINS 5 OR LESS POLYGONS\naliquot\n36 sections retrieved\n37 intersected features retrieved\n1 matching sections found\nsection 13 issimple: False, MIDPOINT\nSECTION CONTAINS 5 OR LESS POLYGONS\naliquot\n36 sections retrieved\n37 intersected", "CSE_META": "WA 33 0210N 0170E 013 A SE|WA 33 0210N 0170E 024 A NE", "RCRD_ACRS": 20.66, "Created": 1610668800000, "Modified": 1728174198000, "Shape__Length": 0.05018068486850828, "Shape__Area": 0.00015389055717820904}}, {"type": "Feature", "id": 330101, "geometry": {"type": "Polygon", "coordinates": [[[-120.69436, 47.26737], [-120.69433, 47.27464], [-120.70491, 47.27463], [-120.70496, 47.26735], [-120.69436, 47.26737]]]}, "properties": {"OBJECTID": 330101, "ID": "799126732685705340", "CSE_NAME": "MERRY WIDOW", "STAGE_ID": null, "BLM_PROD": "Lode Claim", "CSE_TYPE_NR": "384101", "CSE_NR": "OR101431938", "LEG_CSE_NR": "ORMC153544", "SF_ID": "a02t000000584c2AAA", "CSE_DISP": "Active", "SRC": "LLD", "QLTY": "8: MIDPOINT\nSECTION CONTAINS 5 OR LESS POLYGONS\naliquot\n36 sections retrieved\n37 intersected features retrieved\n1 matching sections found\nsection 34 issimple: False", "CSE_META": "WA 33 0210N 0170E 034 A NW", "RCRD_ACRS": 20.66, "Created": 1610668800000, "Modified": 1728174129000, "Shape__Length": 0.03573474229842301, "Shape__Area": 7.705320042748502e-05}}, {"type": "Feature", "id": 330102, "geometry": {"type": "Polygon", "coordinates": [[[-120.69436, 47.26737], [-120.69433, 47.27464], [-120.70491, 47.27463], [-120.70496, 47.26735], [-120.69436, 47.26737]]]}, "properties": {"OBJECTID": 330102, "ID": "799126715023491228", "CSE_NAME": "MERRY WIDOW NUMBER 2", "STAGE_ID": null, "BLM_PROD": "Lode Claim", "CSE_TYPE_NR": "384101", "CSE_NR": "OR101481873", "LEG_CSE_NR": "ORMC153545", "SF_ID": "a02t000000584f8AAA", "CSE_DISP": "Active", "SRC": "LLD", "QLTY": "8: MIDPOINT\nSECTION CONTAINS 5 OR LESS POLYGONS\naliquot\n36 sections retrieved\n37 intersected features retrieved\n1 matching sections found\nsection 34 issimple: False", "CSE_META": "WA 33 0210N 0170E 034 A NW", "RCRD_ACRS": 20.66, "Created": 1610668800000, "Modified": 1728174134000, "Shape__Length": 0.03573474229842301, "Shape__Area": 7.705320042748502e-05}}, {"type": "Feature", "id": 330103, "geometry": {"type": "MultiPolygon", "coordinates": [[[[-120.64514, 47.25528], [-120.64516, 47.257], [-120.64518, 47.25829], [-120.64518, 47.25832], [-120.6452, 47.26017], [-120.65048, 47.26017], [-120.65052, 47.26017], [-120.65095, 47.26017], [-120.65096, 47.26017], [-120.65102, 47.25851], [-120.65172, 47.2585], [-120.65172, 47.25828], [-120.65172, 47.25699], [-120.65172, 47.25638], [-120.65369, 47.25636], [-120.65373, 47.25469], [-120.65045, 47.25468], [-120.64513, 47.25467], [-120.64513, 47.2547], [-120.64514, 47.25528]]], [[[-120.6558, 47.26016], [-120.65584, 47.26016], [-120.65582, 47.2584], [-120.65522, 47.25838], [-120.65518, 47.26016], [-120.65532, 47.26016], [-120.6558, 47.26016]]]]}, "properties": {"OBJECTID": 330103, "ID": "799126732568264738", "CSE_NAME": "KING GOLD", "STAGE_ID": null, "BLM_PROD": "Lode Claim", "CSE_TYPE_NR": "384101", "CSE_NR": "OR101370276", "LEG_CSE_NR": "ORMC153605", "SF_ID": "a02t0000005842SAAQ", "CSE_DISP": "Active", "SRC": "LLD", "QLTY": "1: SIMPLE\nFULLY ATTRIBUTED QUARTER SECTION ALL BUCKETS ARE EQUAL\nDOES NOT MATCH PM ANGLES\naliquot\n38 sections retrieved\n605 intersected features retrieved\n24 matching sections found\nsection 1 issimple: True", "CSE_META": "WA 33 0200N 0170E 001 A NE", "RCRD_ACRS": 20.66, "Created": 1610668800000, "Modified": 1728174073000, "Shape__Length": 0.032777700710884435, "Shape__Area": 3.922873814888251e-05}}, {"type": "Feature", "id": 330104, "geometry": {"type": "MultiPolygon", "coordinates": [[[[-120.64514, 47.25528], [-120.64516, 47.257], [-120.64518, 47.25829], [-120.64518, 47.25832], [-120.6452, 47.26017], [-120.65048, 47.26017], [-120.65052, 47.26017], [-120.65095, 47.26017], [-120.65096, 47.26017], [-120.65102, 47.25851], [-120.65172, 47.2585], [-120.65172, 47.25828], [-120.65172, 47.25699], [-120.65172, 47.25638], [-120.65369, 47.25636], [-120.65373, 47.25469], [-120.65045, 47.25468], [-120.64513, 47.25467], [-120.64513, 47.2547], [-120.64514, 47.25528]]], [[[-120.6558, 47.26016], [-120.65584, 47.26016], [-120.65582, 47.2584], [-120.65522, 47.25838], [-120.65518, 47.26016], [-120.65532, 47.26016], [-120.6558, 47.26016]]]]}, "properties": {"OBJECTID": 330104, "ID": "799126733113524338", "CSE_NAME": "MOUNTAIN DAISY", "STAGE_ID": null, "BLM_PROD": "Lode Claim", "CSE_TYPE_NR": "384101", "CSE_NR": "OR101434369", "LEG_CSE_NR": "ORMC153606", "SF_ID": "a02t000000587BfAAI", "CSE_DISP": "Active", "SRC": "LLD", "QLTY": "1: SIMPLE\nFULLY ATTRIBUTED QUARTER SECTION ALL BUCKETS ARE EQUAL\nDOES NOT MATCH PM ANGLES\naliquot\n38 sections retrieved\n605 intersected features retrieved\n24 matching sections found\nsection 1 issimple: True", "CSE_META": "WA 33 0200N 0170E 001 A NE", "RCRD_ACRS": 20.66, "Created": 1610668800000, "Modified": 1728174364000, "Shape__Length": 0.032777700710884435, "Shape__Area": 3.922873814888251e-05}}, {"type": "Feature", "id": 330106, "geometry": {"type": "MultiPolygon", "coordinates": [[[[-120.63212, 47.2541], [-120.63215, 47.26017], [-120.6452, 47.26017], [-120.65048, 47.26017], [-120.65052, 47.26017], [-120.65095, 47.26017], [-120.65096, 47.26017], [-120.65102, 47.25851], [-120.65172, 47.2585], [-120.65172, 47.25828], [-120.65172, 47.25699], [-120.65172, 47.25638], [-120.65369, 47.25636], [-120.65373, 47.25469], [-120.65045, 47.25468], [-120.64513, 47.25467], [-120.64513, 47.25408], [-120.63212, 47.2541]]], [[[-120.65532, 47.26016], [-120.6558, 47.26016], [-120.65584, 47.26016], [-120.65582, 47.2584], [-120.65522, 47.25838], [-120.65518, 47.26016], [-120.65532, 47.26016]]]]}, "properties": {"OBJECTID": 330106, "ID": "799126715036074162", "CSE_NAME": "RED JACKET", "STAGE_ID": null, "BLM_PROD": "Lode Claim", "CSE_TYPE_NR": "384101", "CSE_NR": "OR101482426", "LEG_CSE_NR": "ORMC153665", "SF_ID": "a02t000000584S2AAI", "CSE_DISP": "Active", "SRC": "LLD", "QLTY": "8: SIMPLE\nFULLY ATTRIBUTED QUARTER SECTION ALL BUCKETS ARE EQUAL\nDOES NOT MATCH PM ANGLES\naliquot\n38 sections retrieved\n605 intersected features retrieved\n24 matching sections found\nsection 1 issimple: True, SIMPLE\nSECTION CONTAINS 5 OR LESS POLYGONS\naliq", "CSE_META": "WA 33 0200N 0170E 001 A NE|WA 33 0200N 0180E 006 A NW", "RCRD_ACRS": 20.66, "Created": 1610668800000, "Modified": 1728174112000, "Shape__Length": 0.05998855376917791, "Shape__Area": 0.00011844993093362654}}, {"type": "Feature", "id": 330107, "geometry": {"type": "MultiPolygon", "coordinates": [[[[-120.63212, 47.2541], [-120.63215, 47.26017], [-120.6452, 47.26017], [-120.65048, 47.26017], [-120.65052, 47.26017], [-120.65095, 47.26017], [-120.65096, 47.26017], [-120.65102, 47.25851], [-120.65172, 47.2585], [-120.65172, 47.25828], [-120.65172, 47.25699], [-120.65172, 47.25638], [-120.65369, 47.25636], [-120.65373, 47.25469], [-120.65045, 47.25468], [-120.64513, 47.25467], [-120.64513, 47.25408], [-120.63212, 47.2541]]], [[[-120.65518, 47.26016], [-120.65532, 47.26016], [-120.6558, 47.26016], [-120.65584, 47.26016], [-120.65582, 47.2584], [-120.65522, 47.25838], [-120.65518, 47.26016]]], [[[-120.65187, 47.26744], [-120.65191, 47.26019], [-120.64129, 47.26023], [-120.64124, 47.26747], [-120.65187, 47.26744]]]]}, "properties": {"OBJECTID": 330107, "ID": "799126735412002884", "CSE_NAME": "SUNSET", "STAGE_ID": null, "BLM_PROD": "Lode Claim", "CSE_TYPE_NR": "384101", "CSE_NR": "OR101330802", "LEG_CSE_NR": "ORMC153666", "SF_ID": "a02t0000005852zAAA", "CSE_DISP": "Active", "SRC": "LLD", "QLTY": "8: MIDPOINT\nSECTION CONTAINS 5 OR LESS POLYGONS\naliquot\n36 sections retrieved\n37 intersected features retrieved\n1 matching sections found\nsection 36 issimple: False, SIMPLE\nFULLY ATTRIBUTED QUARTER SECTION ALL BUCKETS ARE EQUAL\nDOES NOT MATCH PM ANGLES\nal", "CSE_META": "WA 33 0210N 0170E 036 A SE|WA 33 0200N 0170E 001 A NE|WA 33 0200N 0180E 006 A NW", "RCRD_ACRS": 19.5, "Created": 1610668800000, "Modified": 1728174172000, "Shape__Length": 0.09571613343773011, "Shape__Area": 0.00019538204383984305}}, {"type": "Feature", "id": 330176, "geometry": {"type": "Polygon", "coordinates": [[[-120.63087, 47.28188], [-120.62054, 47.28188], [-120.62065, 47.28912], [-120.63092, 47.28911], [-120.64119, 47.2891], [-120.64119, 47.28189], [-120.63087, 47.28188]]]}, "properties": {"OBJECTID": 330176, "ID": "799126756144447500", "CSE_NAME": "AMOS #1", "STAGE_ID": null, "BLM_PROD": "Lode Claim", "CSE_TYPE_NR": "384101", "CSE_NR": "OR101824757", "LEG_CSE_NR": "ORMC155385", "SF_ID": "a02t00000058X1UAAU", "CSE_DISP": "Active", "SRC": "LLD", "QLTY": "8: SIMPLE\nSECTION CONTAINS 5 OR LESS POLYGONS\naliquot\n36 sections retrieved\n36 intersected features retrieved\n1 matching sections found\nsection 30 issimple: False, SIMPLE\nSECTION CONTAINS 5 OR LESS POLYGONS\naliquot\n36 sections retrieved\n36 intersected fea", "CSE_META": "WA 33 0210N 0180E 030 A NW|WA 33 0210N 0180E 030 A NE", "RCRD_ACRS": 20.66, "Created": 1610668800000, "Modified": 1728176638000, "Shape__Length": 0.05563904115746942, "Shape__Area": 0.00014877740894622205}}, {"type": "Feature", "id": 330177, "geometry": {"type": "Polygon", "coordinates": [[[-120.62054, 47.28188], [-120.62065, 47.28912], [-120.63092, 47.28911], [-120.64119, 47.2891], [-120.64119, 47.28189], [-120.63087, 47.28188], [-120.63081, 47.27466], [-120.62043, 47.27464], [-120.62054, 47.28188]]]}, "properties": {"OBJECTID": 330177, "ID": "799126756144447501", "CSE_NAME": "AMOS #2", "STAGE_ID": null, "BLM_PROD": "Lode Claim", "CSE_TYPE_NR": "384101", "CSE_NR": "OR101824758", "LEG_CSE_NR": "ORMC155386", "SF_ID": "a02t00000058X1VAAU", "CSE_DISP": "Active", "SRC": "LLD", "QLTY": "8: SIMPLE\nSECTION CONTAINS 5 OR LESS POLYGONS\naliquot\n36 sections retrieved\n36 intersected features retrieved\n1 matching sections found\nsection 30 issimple: False, SIMPLE\nSECTION CONTAINS 5 OR LESS POLYGONS\naliquot\n36 sections retrieved\n36 intersected fea", "CSE_META": "WA 33 0210N 0180E 030 A NW|WA 33 0210N 0180E 030 A NE|WA 33 0210N 0180E 030 A SE", "RCRD_ACRS": 20.66, "Created": 1610668800000, "Modified": 1728176638000, "Shape__Length": 0.07015844486015177, "Shape__Area": 0.00022364757542975907}}, {"type": "Feature", "id": 330178, "geometry": {"type": "Polygon", "coordinates": [[[-120.63087, 47.28188], [-120.62054, 47.28188], [-120.62065, 47.28912], [-120.63092, 47.28911], [-120.64119, 47.2891], [-120.64119, 47.28189], [-120.63087, 47.28188]]]}, "properties": {"OBJECTID": 330178, "ID": "799126756219945025", "CSE_NAME": "AMOS #3", "STAGE_ID": null, "BLM_PROD": "Lode Claim", "CSE_TYPE_NR": "384101", "CSE_NR": "OR101826003", "LEG_CSE_NR": "ORMC155387", "SF_ID": "a02t00000058X1WAAU", "CSE_DISP": "Active", "SRC": "LLD", "QLTY": "8: SIMPLE\nSECTION CONTAINS 5 OR LESS POLYGONS\naliquot\n36 sections retrieved\n36 intersected features retrieved\n1 matching sections found\nsection 30 issimple: False, SIMPLE\nSECTION CONTAINS 5 OR LESS POLYGONS\naliquot\n36 sections retrieved\n36 intersected fea", "CSE_META": "WA 33 0210N 0180E 030 A NW|WA 33 0210N 0180E 030 A NE", "RCRD_ACRS": 20.66, "Created": 1610668800000, "Modified": 1728176638000, "Shape__Length": 0.05563904115746942, "Shape__Area": 0.00014877740894622205}}, {"type": "Feature", "id": 330179, "geometry": {"type": "Polygon", "coordinates": [[[-120.62065, 47.28912], [-120.63092, 47.28911], [-120.63087, 47.28188], [-120.62054, 47.28188], [-120.62065, 47.28912]]]}, "properties": {"OBJECTID": 330179, "ID": "799126756219945026", "CSE_NAME": "AMOS #4", "STAGE_ID": null, "BLM_PROD": "Lode Claim", "CSE_TYPE_NR": "384101", "CSE_NR": "OR101826004", "LEG_CSE_NR": "ORMC155388", "SF_ID": "a02t00000058X1XAAU", "CSE_DISP": "Active", "SRC": "LLD", "QLTY": "8: SIMPLE\nSECTION CONTAINS 5 OR LESS POLYGONS\naliquot\n36 sections retrieved\n36 intersected features retrieved\n1 matching sections found\nsection 30 issimple: False", "CSE_META": "WA 33 0210N 0180E 030 A NE", "RCRD_ACRS": 20.66, "Created": 1610668800000, "Modified": 1728176638000, "Shape__Length": 0.03505753937139575, "Shape__Area": 7.445849759035202e-05}}, {"type": "Feature", "id": 330268, "geometry": {"type": "Polygon", "coordinates": [[[-120.63081, 47.27466], [-120.63087, 47.28188], [-120.64119, 47.28189], [-120.6412, 47.27468], [-120.64124, 47.26745], [-120.63079, 47.26744], [-120.63081, 47.27466]]]}, "properties": {"OBJECTID": 330268, "ID": "799126742919807070", "CSE_NAME": "BILLY BELLE", "STAGE_ID": null, "BLM_PROD": "LODE CLAIM", "CSE_TYPE_NR": "384101", "CSE_NR": "OR101470821", "LEG_CSE_NR": "ORMC155877", "SF_ID": "a02t00000058QfOAAU", "CSE_DISP": "Active", "SRC": "LLD", "QLTY": "8: SIMPLE\nSECTION CONTAINS 5 OR LESS POLYGONS\naliquot\n36 sections retrieved\n36 intersected features retrieved\n1 matching sections found\nsection 30 issimple: False, SIMPLE\nSECTION CONTAINS 5 OR LESS POLYGONS\naliquot\n36 sections retrieved\n36 intersected fea", "CSE_META": "WA 33 0210N 0180E 030 A SW|WA 33 0210N 0180E 031 A NW", "RCRD_ACRS": 20.66, "Created": 1610668800000, "Modified": 1757014738000, "Shape__Length": 0.049661244201758284, "Shape__Area": 0.00014999010467187104}}, {"type": "Feature", "id": 330269, "geometry": {"type": "Polygon", "coordinates": [[[-120.62043, 47.27464], [-120.62054, 47.28188], [-120.63087, 47.28188], [-120.64119, 47.28189], [-120.6412, 47.27468], [-120.64124, 47.26745], [-120.63079, 47.26744], [-120.62034, 47.26742], [-120.62043, 47.27464]]]}, "properties": {"OBJECTID": 330269, "ID": "799126743548952847", "CSE_NAME": "BUMBLE BEE", "STAGE_ID": null, "BLM_PROD": "LODE CLAIM", "CSE_TYPE_NR": "384101", "CSE_NR": "OR101472005", "LEG_CSE_NR": "ORMC155878", "SF_ID": "a02t00000058QfPAAU", "CSE_DISP": "Active", "SRC": "LLD", "QLTY": "8: SIMPLE\nSECTION CONTAINS 5 OR LESS POLYGONS\naliquot\n36 sections retrieved\n36 intersected features retrieved\n1 matching sections found\nsection 30 issimple: False, SIMPLE\nSECTION CONTAINS 5 OR LESS POLYGONS\naliquot\n36 sections retrieved\n36 intersected fea", "CSE_META": "WA 33 0210N 0180E 030 A SW|WA 33 0210N 0180E 030 A SE|WA 33 0210N 0180E 031 A NW|WA 33 0210N 0180E 031 A NE", "RCRD_ACRS": 20.66, "Created": 1610668800000, "Modified": 1757014738000, "Shape__Length": 0.07045233474729368, "Shape__Area": 0.00030009861390768857}}, {"type": "Feature", "id": 330270, "geometry": {"type": "Polygon", "coordinates": [[[-120.63081, 47.27466], [-120.63087, 47.28188], [-120.64119, 47.28189], [-120.6412, 47.27468], [-120.64124, 47.26745], [-120.63079, 47.26744], [-120.63081, 47.27466]]]}, "properties": {"OBJECTID": 330270, "ID": "799126743548952848", "CSE_NAME": "HARD ROCK", "STAGE_ID": null, "BLM_PROD": "LODE CLAIM", "CSE_TYPE_NR": "384101", "CSE_NR": "OR101472006", "LEG_CSE_NR": "ORMC155879", "SF_ID": "a02t00000058QfQAAU", "CSE_DISP": "Active", "SRC": "LLD", "QLTY": "8: SIMPLE\nSECTION CONTAINS 5 OR LESS POLYGONS\naliquot\n36 sections retrieved\n36 intersected features retrieved\n1 matching sections found\nsection 30 issimple: False, SIMPLE\nSECTION CONTAINS 5 OR LESS POLYGONS\naliquot\n36 sections retrieved\n36 intersected fea", "CSE_META": "WA 33 0210N 0180E 030 A SW|WA 33 0210N 0180E 031 A NW", "RCRD_ACRS": 20.66, "Created": 1610668800000, "Modified": 1765559179000, "Shape__Length": 0.049661244201758284, "Shape__Area": 0.00014999010467187104}}, {"type": "Feature", "id": 330271, "geometry": {"type": "MultiPolygon", "coordinates": [[[[-120.65374, 47.25414], [-120.65577, 47.25413], [-120.65576, 47.25381], [-120.65576, 47.25368], [-120.65486, 47.25368], [-120.65479, 47.25281], [-120.65338, 47.2528], [-120.65339, 47.25192], [-120.65143, 47.2519], [-120.65139, 47.2512], [-120.65041, 47.25121], [-120.6493, 47.25122], [-120.64798, 47.25124], [-120.64793, 47.25066], [-120.64787, 47.25009], [-120.64507, 47.25008], [-120.64508, 47.25023], [-120.64508, 47.25067], [-120.64509, 47.2516], [-120.64511, 47.25292], [-120.64512, 47.25384], [-120.64513, 47.25467], [-120.65045, 47.25468], [-120.65373, 47.25469], [-120.65374, 47.25414]]], [[[-120.65039, 47.24926], [-120.65038, 47.24748], [-120.64505, 47.2475], [-120.64505, 47.24799], [-120.64505, 47.24858], [-120.64505, 47.2487], [-120.64922, 47.24871], [-120.64929, 47.24925], [-120.65039, 47.24926]]]]}, "properties": {"OBJECTID": 330271, "ID": "799126743989354565", "CSE_NAME": "LAURA", "STAGE_ID": null, "BLM_PROD": "Lode Claim", "CSE_TYPE_NR": "384101", "CSE_NR": "OR101474031", "LEG_CSE_NR": "ORMC155894", "SF_ID": "a02t00000058QgEAAU", "CSE_DISP": "Active", "SRC": "LLD", "QLTY": "1: SIMPLE\nFULLY ATTRIBUTED QUARTER SECTION ALL BUCKETS ARE EQUAL\nDOES NOT MATCH PM ANGLES\naliquot\n38 sections retrieved\n605 intersected features retrieved\n24 matching sections found\nsection 1 issimple: True", "CSE_META": "WA 33 0200N 0170E 001 A SE", "RCRD_ACRS": 16.12, "Created": 1610668800000, "Modified": 1728176073000, "Shape__Length": 0.044441294851399575, "Shape__Area": 4.018649747205551e-05}}, {"type": "Feature", "id": 330272, "geometry": {"type": "MultiPolygon", "coordinates": [[[[-120.65374, 47.25414], [-120.65577, 47.25413], [-120.65576, 47.25381], [-120.65576, 47.25368], [-120.65486, 47.25368], [-120.65479, 47.25281], [-120.65338, 47.2528], [-120.65339, 47.25192], [-120.65143, 47.2519], [-120.65139, 47.2512], [-120.65041, 47.25121], [-120.6493, 47.25122], [-120.64798, 47.25124], [-120.64793, 47.25066], [-120.64787, 47.25009], [-120.64507, 47.25008], [-120.64508, 47.25023], [-120.64508, 47.25067], [-120.64509, 47.2516], [-120.64511, 47.25292], [-120.64512, 47.25384], [-120.64513, 47.25467], [-120.65045, 47.25468], [-120.65373, 47.25469], [-120.65374, 47.25414]]], [[[-120.65039, 47.24926], [-120.65038, 47.24748], [-120.64505, 47.2475], [-120.64505, 47.24799], [-120.64505, 47.24858], [-120.64505, 47.2487], [-120.64922, 47.24871], [-120.64929, 47.24925], [-120.65039, 47.24926]]]]}, "properties": {"OBJECTID": 330272, "ID": "799126743989354566", "CSE_NAME": "V-LODE", "STAGE_ID": null, "BLM_PROD": "Lode Claim", "CSE_TYPE_NR": "384101", "CSE_NR": "OR101474032", "LEG_CSE_NR": "ORMC155895", "SF_ID": "a02t00000058QgFAAU", "CSE_DISP": "Active", "SRC": "LLD", "QLTY": "1: SIMPLE\nFULLY ATTRIBUTED QUARTER SECTION ALL BUCKETS ARE EQUAL\nDOES NOT MATCH PM ANGLES\naliquot\n38 sections retrieved\n605 intersected features retrieved\n24 matching sections found\nsection 1 issimple: True", "CSE_META": "WA 33 0200N 0170E 001 A SE", "RCRD_ACRS": 16.12, "Created": 1610668800000, "Modified": 1728176073000, "Shape__Length": 0.044441294851399575, "Shape__Area": 4.018649747205551e-05}}, {"type": "Feature", "id": 330325, "geometry": {"type": "Polygon", "coordinates": [[[-120.63212, 47.2541], [-120.64513, 47.25408], [-120.64505, 47.24799], [-120.63209, 47.24803], [-120.63212, 47.2541]]]}, "properties": {"OBJECTID": 330325, "ID": "799126731981062177", "CSE_NAME": "LUCKY DAY #4", "STAGE_ID": null, "BLM_PROD": "Lode Claim", "CSE_TYPE_NR": "384101", "CSE_NR": "OR101366093", "LEG_CSE_NR": "ORMC156936", "SF_ID": "a02t00000058TecAAE", "CSE_DISP": "Active", "SRC": "LLD", "QLTY": "8: SIMPLE\nSECTION CONTAINS 5 OR LESS POLYGONS\naliquot\n36 sections retrieved\n36 intersected features retrieved\n1 matching sections found\nsection 6 issimple: False", "CSE_META": "WA 33 0200N 0180E 006 A SW", "RCRD_ACRS": 20.66, "Created": 1610668800000, "Modified": 1728176340000, "Shape__Length": 0.03812534168451185, "Shape__Area": 7.893321219051352e-05}}, {"type": "Feature", "id": 330651, "geometry": {"type": "Polygon", "coordinates": [[[-120.69826, 47.25822], [-120.69826, 47.25692], [-120.69827, 47.25461], [-120.69295, 47.25462], [-120.68763, 47.25462], [-120.68232, 47.25466], [-120.67702, 47.2547], [-120.67702, 47.25694], [-120.67703, 47.25828], [-120.67704, 47.26013], [-120.67844, 47.26013], [-120.68231, 47.26013], [-120.68377, 47.26012], [-120.68759, 47.2601], [-120.68905, 47.2601], [-120.6929, 47.26009], [-120.69292, 47.26009], [-120.69436, 47.26009], [-120.69463, 47.26009], [-120.69639, 47.26009], [-120.69822, 47.26008], [-120.69825, 47.26008], [-120.69826, 47.25822]]]}, "properties": {"OBJECTID": 330651, "ID": "799126757436293123", "CSE_NAME": "KEYSTONE", "STAGE_ID": null, "BLM_PROD": "Lode Claim", "CSE_TYPE_NR": "384101", "CSE_NR": "OR101625016", "LEG_CSE_NR": "ORMC158384", "SF_ID": "a02t00000058VzJAAU", "CSE_DISP": "Active", "SRC": "LLD", "QLTY": "1: SIMPLE\nFULLY ATTRIBUTED QUARTER SECTION ALL BUCKETS ARE EQUAL\naliquot\n38 sections retrieved\n605 intersected features retrieved\n16 matching sections found\n4 alias QQs added\nsection 3 issimple: True, SIMPLE\nFULLY ATTRIBUTED QUARTER SECTION ALL BUCKETS AR", "CSE_META": "WA 33 0200N 0170E 003 A NE|WA 33 0200N 0170E 002 A NW", "RCRD_ACRS": 20.66, "Created": 1610668800000, "Modified": 1728176546000, "Shape__Length": 0.053358277451642046, "Shape__Area": 0.00011608566076959053}}, {"type": "Feature", "id": 330743, "geometry": {"type": "Polygon", "coordinates": [[[-120.69439, 47.2601], [-120.69436, 47.26737], [-120.70496, 47.26735], [-120.70502, 47.26007], [-120.69439, 47.2601]]]}, "properties": {"OBJECTID": 330743, "ID": "799126723793780793", "CSE_NAME": "ANTHONY J T", "STAGE_ID": null, "BLM_PROD": "PLACER CLAIM", "CSE_TYPE_NR": "384201", "CSE_NR": "OR101524204", "LEG_CSE_NR": "ORMC159889", "SF_ID": "a02t00000058Yt5AAE", "CSE_DISP": "Active", "SRC": "LLD", "QLTY": "8: MIDPOINT\nSECTION CONTAINS 5 OR LESS POLYGONS\naliquot\n36 sections retrieved\n37 intersected features retrieved\n1 matching sections found\nsection 34 issimple: False", "CSE_META": "WA 33 0210N 0170E 034 A SW", "RCRD_ACRS": 20, "Created": 1610668800000, "Modified": 1786572420000, "Shape__Length": 0.03577623818631892, "Shape__Area": 7.720378366538702e-05}}, {"type": "Feature", "id": 330744, "geometry": {"type": "Polygon", "coordinates": [[[-120.69439, 47.2601], [-120.69436, 47.26737], [-120.69433, 47.27464], [-120.70491, 47.27463], [-120.70496, 47.26735], [-120.70502, 47.26007], [-120.69439, 47.2601]]]}, "properties": {"OBJECTID": 330744, "ID": "799126723835723819", "CSE_NAME": "VIDA", "STAGE_ID": null, "BLM_PROD": "Lode Claim", "CSE_TYPE_NR": "384101", "CSE_NR": "OR101525141", "LEG_CSE_NR": "ORMC159967", "SF_ID": "a02t00000058bUvAAI", "CSE_DISP": "Active", "SRC": "LLD", "QLTY": "8: MIDPOINT\nSECTION CONTAINS 5 OR LESS POLYGONS\naliquot\n36 sections retrieved\n37 intersected features retrieved\n1 matching sections found\nsection 34 issimple: False, MIDPOINT\nSECTION CONTAINS 5 OR LESS POLYGONS\naliquot\n36 sections retrieved\n37 intersected", "CSE_META": "WA 33 0210N 0170E 034 A NW|WA 33 0210N 0170E 034 A SW", "RCRD_ACRS": 20.66, "Created": 1610668800000, "Modified": 1728177033000, "Shape__Length": 0.05030292690331952, "Shape__Area": 0.00015425698409287205}}, {"type": "Feature", "id": 330751, "geometry": {"type": "Polygon", "coordinates": [[[-120.70502, 47.26007], [-120.70496, 47.26735], [-120.71562, 47.26733], [-120.71568, 47.26005], [-120.70502, 47.26007]]]}, "properties": {"OBJECTID": 330751, "ID": "799126730198482956", "CSE_NAME": "MISSING LINK #1", "STAGE_ID": null, "BLM_PROD": "Lode Claim", "CSE_TYPE_NR": "384101", "CSE_NR": "OR101512954", "LEG_CSE_NR": "ORMC160347", "SF_ID": "a02t00000058byiAAA", "CSE_DISP": "Active", "SRC": "LLD", "QLTY": "8: MIDPOINT\nSECTION CONTAINS 5 OR LESS POLYGONS\naliquot\n36 sections retrieved\n37 intersected features retrieved\n2 matching sections found\nsection 33 issimple: False", "CSE_META": "WA 33 0210N 0170E 033 A SE", "RCRD_ACRS": 20.66, "Created": 1610668800000, "Modified": 1728177076000, "Shape__Length": 0.03588371207808158, "Shape__Area": 7.761932242215402e-05}}, {"type": "Feature", "id": 330755, "geometry": {"type": "Polygon", "coordinates": [[[-120.70502, 47.26007], [-120.70496, 47.26735], [-120.71562, 47.26733], [-120.71568, 47.26005], [-120.70502, 47.26007]]]}, "properties": {"OBJECTID": 330755, "ID": "799126728667562053", "CSE_NAME": "HARD TIMES", "STAGE_ID": null, "BLM_PROD": "Lode Claim", "CSE_TYPE_NR": "384101", "CSE_NR": "OR101310960", "LEG_CSE_NR": "ORMC160452", "SF_ID": "a02t00000058f6rAAA", "CSE_DISP": "Active", "SRC": "LLD", "QLTY": "8: MIDPOINT\nSECTION CONTAINS 5 OR LESS POLYGONS\naliquot\n36 sections retrieved\n37 intersected features retrieved\n2 matching sections found\nsection 33 issimple: False", "CSE_META": "WA 33 0210N 0170E 033 A SE", "RCRD_ACRS": 20.66, "Created": 1610668800000, "Modified": 1728177352000, "Shape__Length": 0.03588371207808158, "Shape__Area": 7.761932242215402e-05}}, {"type": "Feature", "id": 330761, "geometry": {"type": "Polygon", "coordinates": [[[-120.60972, 47.26745], [-120.60981, 47.27466], [-120.62043, 47.27464], [-120.62034, 47.26742], [-120.60972, 47.26745]]]}, "properties": {"OBJECTID": 330761, "ID": "801974245088297033", "CSE_NAME": "LOST TIMMY", "STAGE_ID": null, "BLM_PROD": "Lode Claim", "CSE_TYPE_NR": "384101", "CSE_NR": "OR101734556", "LEG_CSE_NR": "ORMC160811", "SF_ID": "a02t00000058mZgAAI", "CSE_DISP": "Active", "SRC": "LLD", "QLTY": "8: MIDPOINT\nSECTION CONTAINS 5 OR LESS POLYGONS\nDOES NOT MATCH PM ANGLES\naliquot\n36 sections retrieved\n36 intersected features retrieved\n1 matching sections found\nsection 32 issimple: False", "CSE_META": "WA 33 0210N 0180E 032 A NW", "RCRD_ACRS": 20.66, "Created": 1611360000000, "Modified": 1728178001000, "Shape__Length": 0.03567362442263621, "Shape__Area": 7.663426961751652e-05}}, {"type": "Feature", "id": 330762, "geometry": {"type": "Polygon", "coordinates": [[[-120.63081, 47.27466], [-120.62043, 47.27464], [-120.62054, 47.28188], [-120.63087, 47.28188], [-120.64119, 47.28189], [-120.6412, 47.27468], [-120.64124, 47.26745], [-120.63079, 47.26744], [-120.63081, 47.27466]]]}, "properties": {"OBJECTID": 330762, "ID": "801974245520310277", "CSE_NAME": "GOLD LEAF", "STAGE_ID": null, "BLM_PROD": "Lode Claim", "CSE_TYPE_NR": "384101", "CSE_NR": "OR101734557", "LEG_CSE_NR": "ORMC160812", "SF_ID": "a02t00000058mZhAAI", "CSE_DISP": "Active", "SRC": "LLD", "QLTY": "8: SIMPLE\nSECTION CONTAINS 5 OR LESS POLYGONS\naliquot\n36 sections retrieved\n36 intersected features retrieved\n1 matching sections found\nsection 30 issimple: False, SIMPLE\nSECTION CONTAINS 5 OR LESS POLYGONS\naliquot\n36 sections retrieved\n36 intersected fea", "CSE_META": "WA 33 0210N 0180E 030 A SW|WA 33 0210N 0180E 030 A SE|WA 33 0210N 0180E 031 A NW", "RCRD_ACRS": 20.66, "Created": 1611360000000, "Modified": 1728178001000, "Shape__Length": 0.07038485365132525, "Shape__Area": 0.00022486027115540806}}, {"type": "Feature", "id": 330768, "geometry": {"type": "Polygon", "coordinates": [[[-120.6206, 47.29633], [-120.63085, 47.29634], [-120.63092, 47.28911], [-120.62065, 47.28912], [-120.6206, 47.29633]]]}, "properties": {"OBJECTID": 330768, "ID": "801974244509483037", "CSE_NAME": "GOLDEN EAGLE", "STAGE_ID": null, "BLM_PROD": "Lode Claim", "CSE_TYPE_NR": "384101", "CSE_NR": "OR101487603", "LEG_CSE_NR": "ORMC160904", "SF_ID": "a02t00000058dWaAAI", "CSE_DISP": "Active", "SRC": "LLD", "QLTY": "8: SIMPLE\nSECTION CONTAINS 5 OR LESS POLYGONS\naliquot\n36 sections retrieved\n36 intersected features retrieved\n1 matching sections found\nsection 19 issimple: False", "CSE_META": "WA 33 0210N 0180E 019 A SE", "RCRD_ACRS": 20.66, "Created": 1611360000000, "Modified": 1728177212000, "Shape__Length": 0.034963021875114325, "Shape__Area": 7.409112944175002e-05}}, {"type": "Feature", "id": 330769, "geometry": {"type": "Polygon", "coordinates": [[[-120.62065, 47.28912], [-120.6206, 47.29633], [-120.63085, 47.29634], [-120.63092, 47.28911], [-120.63087, 47.28188], [-120.62054, 47.28188], [-120.62065, 47.28912]]]}, "properties": {"OBJECTID": 330769, "ID": "801974245088297038", "CSE_NAME": "PHOENIX", "STAGE_ID": null, "BLM_PROD": "Lode Claim", "CSE_TYPE_NR": "384101", "CSE_NR": "OR101487604", "LEG_CSE_NR": "ORMC160905", "SF_ID": "a02t00000058dWbAAI", "CSE_DISP": "Active", "SRC": "LLD", "QLTY": "8: SIMPLE\nSECTION CONTAINS 5 OR LESS POLYGONS\naliquot\n36 sections retrieved\n36 intersected features retrieved\n1 matching sections found\nsection 19 issimple: False, SIMPLE\nSECTION CONTAINS 5 OR LESS POLYGONS\naliquot\n36 sections retrieved\n36 intersected fea", "CSE_META": "WA 33 0210N 0180E 019 A SE|WA 33 0210N 0180E 030 A NE", "RCRD_ACRS": 20.66, "Created": 1611360000000, "Modified": 1728177212000, "Shape__Length": 0.04948240687332212, "Shape__Area": 0.00014854962703210204}}, {"type": "Feature", "id": 331247, "geometry": {"type": "Polygon", "coordinates": [[[-120.60981, 47.27466], [-120.6099, 47.28187], [-120.62054, 47.28188], [-120.63087, 47.28188], [-120.63081, 47.27466], [-120.62043, 47.27464], [-120.60981, 47.27466]]]}, "properties": {"OBJECTID": 331247, "ID": "801974245545476164", "CSE_NAME": "BULL NELSON #1", "STAGE_ID": null, "BLM_PROD": "Lode Claim", "CSE_TYPE_NR": "384101", "CSE_NR": "OR101623494", "LEG_CSE_NR": "ORMC164907", "SF_ID": "a02t00000058oXCAAY", "CSE_DISP": "Active", "SRC": "LLD", "QLTY": "8: MIDPOINT\nSECTION CONTAINS 5 OR LESS POLYGONS\nDOES NOT MATCH PM ANGLES\naliquot\n36 sections retrieved\n36 intersected features retrieved\n1 matching sections found\nsection 29 issimple: False, SIMPLE\nSECTION CONTAINS 5 OR LESS POLYGONS\naliquot\n36 sections r", "CSE_META": "WA 33 0210N 0180E 029 A SW|WA 33 0210N 0180E 030 A SE", "RCRD_ACRS": 20.66, "Created": 1611360000000, "Modified": 1728178173000, "Shape__Length": 0.0564130386796181, "Shape__Area": 0.00015169625294533305}}, {"type": "Feature", "id": 331248, "geometry": {"type": "Polygon", "coordinates": [[[-120.62054, 47.28188], [-120.63087, 47.28188], [-120.63081, 47.27466], [-120.62043, 47.27464], [-120.62054, 47.28188]]]}, "properties": {"OBJECTID": 331248, "ID": "801974244522065965", "CSE_NAME": "BULL NELSON #2", "STAGE_ID": null, "BLM_PROD": "Lode Claim", "CSE_TYPE_NR": "384101", "CSE_NR": "OR101623495", "LEG_CSE_NR": "ORMC164908", "SF_ID": "a02t00000058oXDAAY", "CSE_DISP": "Active", "SRC": "LLD", "QLTY": "8: SIMPLE\nSECTION CONTAINS 5 OR LESS POLYGONS\naliquot\n36 sections retrieved\n36 intersected features retrieved\n1 matching sections found\nsection 30 issimple: False", "CSE_META": "WA 33 0210N 0180E 030 A SE", "RCRD_ACRS": 20.66, "Created": 1611360000000, "Modified": 1728178173000, "Shape__Length": 0.03517172470303446, "Shape__Area": 7.487016648353702e-05}}, {"type": "Feature", "id": 331249, "geometry": {"type": "Polygon", "coordinates": [[[-120.62054, 47.28188], [-120.63087, 47.28188], [-120.63081, 47.27466], [-120.62043, 47.27464], [-120.62054, 47.28188]]]}, "properties": {"OBJECTID": 331249, "ID": "801974244522065966", "CSE_NAME": "BULL NELSON #3", "STAGE_ID": null, "BLM_PROD": "Lode Claim", "CSE_TYPE_NR": "384101", "CSE_NR": "OR101623496", "LEG_CSE_NR": "ORMC164909", "SF_ID": "a02t00000058oXEAAY", "CSE_DISP": "Active", "SRC": "LLD", "QLTY": "8: SIMPLE\nSECTION CONTAINS 5 OR LESS POLYGONS\naliquot\n36 sections retrieved\n36 intersected features retrieved\n1 matching sections found\nsection 30 issimple: False", "CSE_META": "WA 33 0210N 0180E 030 A SE", "RCRD_ACRS": 20.66, "Created": 1611360000000, "Modified": 1728178173000, "Shape__Length": 0.03517172470303446, "Shape__Area": 7.487016648353702e-05}}, {"type": "Feature", "id": 331508, "geometry": {"type": "Polygon", "coordinates": [[[-120.62034, 47.26742], [-120.63079, 47.26744], [-120.63077, 47.26021], [-120.62025, 47.2602], [-120.62034, 47.26742]]]}, "properties": {"OBJECTID": 331508, "ID": "801974245545476205", "CSE_NAME": "STARKEN", "STAGE_ID": null, "BLM_PROD": "Lode Claim", "CSE_TYPE_NR": "384101", "CSE_NR": "OR101561723", "LEG_CSE_NR": "ORMC166296", "SF_ID": "a02t00000058uoXAAQ", "CSE_DISP": "Active", "SRC": "LLD", "QLTY": "8: SIMPLE\nSECTION CONTAINS 5 OR LESS POLYGONS\naliquot\n36 sections retrieved\n36 intersected features retrieved\n1 matching sections found\nsection 31 issimple: False", "CSE_META": "WA 33 0210N 0180E 031 A SE", "RCRD_ACRS": 20.66, "Created": 1611360000000, "Modified": 1728178732000, "Shape__Length": 0.03541827327686107, "Shape__Area": 7.573601556737751e-05}}, {"type": "Feature", "id": 331524, "geometry": {"type": "Polygon", "coordinates": [[[-120.5991, 47.26747], [-120.59918, 47.27467], [-120.59926, 47.28186], [-120.6099, 47.28187], [-120.60981, 47.27466], [-120.60972, 47.26745], [-120.5991, 47.26747]]]}, "properties": {"OBJECTID": 331524, "ID": "799126762012278832", "CSE_NAME": "BANDITS 3 #13", "STAGE_ID": null, "BLM_PROD": "Lode Claim", "CSE_TYPE_NR": "384101", "CSE_NR": "OR101888782", "LEG_CSE_NR": "ORMC166512", "SF_ID": "a02t00000058yd5AAA", "CSE_DISP": "Active", "SRC": "LLD", "QLTY": "8: MIDPOINT\nSECTION CONTAINS 5 OR LESS POLYGONS\nDOES NOT MATCH PM ANGLES\naliquot\n36 sections retrieved\n36 intersected features retrieved\n1 matching sections found\nsection 29 issimple: False, MIDPOINT\nSECTION CONTAINS 5 OR LESS POLYGONS\nDOES NOT MATCH PM A", "CSE_META": "WA 33 0210N 0180E 029 A SE|WA 33 0210N 0180E 032 A NE", "RCRD_ACRS": 20.66, "Created": 1610668800000, "Modified": 1728179068000, "Shape__Length": 0.05007194037222721, "Shape__Area": 0.00015307289302018653}}, {"type": "Feature", "id": 331548, "geometry": {"type": "Polygon", "coordinates": [[[-120.62054, 47.28188], [-120.62065, 47.28912], [-120.63092, 47.28911], [-120.63087, 47.28188], [-120.63081, 47.27466], [-120.62043, 47.27464], [-120.62054, 47.28188]]]}, "properties": {"OBJECTID": 331548, "ID": "799126738054414342", "CSE_NAME": "AMOS 1", "STAGE_ID": null, "BLM_PROD": "Lode Claim", "CSE_TYPE_NR": "384101", "CSE_NR": "OR101429939", "LEG_CSE_NR": "ORMC167454", "SF_ID": "a02t00000058wcMAAQ", "CSE_DISP": "Active", "SRC": "LLD", "QLTY": "8: SIMPLE\nSECTION CONTAINS 5 OR LESS POLYGONS\naliquot\n36 sections retrieved\n36 intersected features retrieved\n1 matching sections found\nsection 30 issimple: False, SIMPLE\nSECTION CONTAINS 5 OR LESS POLYGONS\naliquot\n36 sections retrieved\n36 intersected fea", "CSE_META": "WA 33 0210N 0180E 030 A NE|WA 33 0210N 0180E 030 A SE", "RCRD_ACRS": 20.66, "Created": 1610668800000, "Modified": 1728178891000, "Shape__Length": 0.04957694307407812, "Shape__Area": 0.00014932866407388904}}, {"type": "Feature", "id": 331922, "geometry": {"type": "Polygon", "coordinates": [[[-120.67701, 47.25377], [-120.67701, 47.25105], [-120.677, 47.2506], [-120.677, 47.25007], [-120.677, 47.24829], [-120.67699, 47.24742], [-120.67167, 47.24741], [-120.67166, 47.24741], [-120.66632, 47.24743], [-120.66634, 47.24919], [-120.66636, 47.2506], [-120.66637, 47.25104], [-120.66637, 47.25147], [-120.66793, 47.2513], [-120.66868, 47.25105], [-120.67006, 47.2506], [-120.67168, 47.25007], [-120.67335, 47.24953], [-120.67345, 47.24975], [-120.67369, 47.2506], [-120.67373, 47.25073], [-120.67373, 47.25105], [-120.67373, 47.25115], [-120.67237, 47.25159], [-120.6718, 47.25177], [-120.66858, 47.25283], [-120.66823, 47.25294], [-120.66773, 47.25309], [-120.66719, 47.25318], [-120.66755, 47.25353], [-120.66731, 47.25378], [-120.66653, 47.25456], [-120.6664, 47.25459], [-120.6664, 47.25479], [-120.66644, 47.2568], [-120.66644, 47.25695], [-120.66646, 47.25829], [-120.66646, 47.2583], [-120.66648, 47.26013], [-120.66782, 47.26013], [-120.66783, 47.26013], [-120.67048, 47.26013], [-120.67176, 47.26013], [-120.67178, 47.26013], [-120.67314, 47.26013], [-120.67704, 47.26013], [-120.67703, 47.25828], [-120.67702, 47.25694], [-120.67702, 47.2547], [-120.67701, 47.25377]], [[-120.66938, 47.25477], [-120.6696, 47.25476], [-120.66941, 47.25484], [-120.66938, 47.25477]]]}, "properties": {"OBJECTID": 331922, "ID": "801974245130240032", "CSE_NAME": "LIBERTY PEAK #1", "STAGE_ID": null, "BLM_PROD": "Lode Claim", "CSE_TYPE_NR": "384101", "CSE_NR": "OR101546444", "LEG_CSE_NR": "ORMC169142", "SF_ID": "a02t000000595k7AAA", "CSE_DISP": "Active", "SRC": "LLD", "QLTY": "3: SIMPLE\nATTRIBUTE BUCKET, WITHIN BUCKET, INTERSECT BUCKET COUNTS ARE ALL DIFFERENT\naliquot\n38 sections retrieved\n605 intersected features retrieved\n28 matching sections found\nsection 2 issimple: False, SIMPLE\nFULLY ATTRIBUTED QUARTER SECTION ALL BUCKETS", "CSE_META": "WA 33 0200N 0170E 002 A SE|WA 33 0200N 0170E 002 A NE", "RCRD_ACRS": 20.66, "Created": 1611360000000, "Modified": 1728179691000, "Shape__Length": 0.06195130515095011, "Shape__Area": 0.00012134125162348704}}, {"type": "Feature", "id": 331946, "geometry": {"type": "Polygon", "coordinates": [[[-120.68377, 47.26012], [-120.68376, 47.26739], [-120.69436, 47.26737], [-120.69439, 47.2601], [-120.68377, 47.26012]]]}, "properties": {"OBJECTID": 331946, "ID": "801974244551426080", "CSE_NAME": "WES 1", "STAGE_ID": null, "BLM_PROD": "Lode Claim", "CSE_TYPE_NR": "384101", "CSE_NR": "OR101749667", "LEG_CSE_NR": "ORMC169543", "SF_ID": "a02t000000590snAAA", "CSE_DISP": "Active", "SRC": "LLD", "QLTY": "8: MIDPOINT\nSECTION CONTAINS 5 OR LESS POLYGONS\naliquot\n36 sections retrieved\n37 intersected features retrieved\n1 matching sections found\nsection 34 issimple: False", "CSE_META": "WA 33 0210N 0170E 034 A SE", "RCRD_ACRS": 20.66, "Created": 1611360000000, "Modified": 1728179265000, "Shape__Length": 0.035762974478666505, "Shape__Area": 7.713547348951651e-05}}, {"type": "Feature", "id": 331974, "geometry": {"type": "MultiPolygon", "coordinates": [[[[-120.65576, 47.25381], [-120.65576, 47.25368], [-120.65486, 47.25368], [-120.65479, 47.25281], [-120.65338, 47.2528], [-120.65339, 47.25192], [-120.65143, 47.2519], [-120.65139, 47.2512], [-120.65041, 47.25121], [-120.6493, 47.25122], [-120.64798, 47.25124], [-120.64793, 47.25066], [-120.64787, 47.25009], [-120.64507, 47.25008], [-120.64508, 47.25023], [-120.64508, 47.25067], [-120.64509, 47.2516], [-120.64511, 47.25292], [-120.64512, 47.25384], [-120.64513, 47.25467], [-120.65045, 47.25468], [-120.65373, 47.25469], [-120.65374, 47.25414], [-120.65577, 47.25413], [-120.65576, 47.25381]]], [[[-120.65038, 47.24748], [-120.64505, 47.2475], [-120.64505, 47.24799], [-120.64505, 47.24858], [-120.64505, 47.2487], [-120.64922, 47.24871], [-120.64929, 47.24925], [-120.65039, 47.24926], [-120.65038, 47.24748]]]]}, "properties": {"OBJECTID": 331974, "ID": "799126735542026298", "CSE_NAME": "W J 2", "STAGE_ID": null, "BLM_PROD": "LODE CLAIM", "CSE_TYPE_NR": "384101", "CSE_NR": "OR101332946", "LEG_CSE_NR": "ORMC170099", "SF_ID": "a02t000000595eoAAA", "CSE_DISP": "Active", "SRC": "LLD", "QLTY": "1: SIMPLE\nFULLY ATTRIBUTED QUARTER SECTION ALL BUCKETS ARE EQUAL\nDOES NOT MATCH PM ANGLES\naliquot\n38 sections retrieved\n605 intersected features retrieved\n24 matching sections found\nsection 1 issimple: True", "CSE_META": "WA 33 0200N 0170E 001 A SE", "RCRD_ACRS": 20.59, "Created": 1610668800000, "Modified": 1754668922000, "Shape__Length": 0.04444129485139957, "Shape__Area": 4.018649747205551e-05}}, {"type": "Feature", "id": 331975, "geometry": {"type": "MultiPolygon", "coordinates": [[[[-120.65576, 47.25381], [-120.65576, 47.25368], [-120.65486, 47.25368], [-120.65479, 47.25281], [-120.65338, 47.2528], [-120.65339, 47.25192], [-120.65143, 47.2519], [-120.65139, 47.2512], [-120.65041, 47.25121], [-120.6493, 47.25122], [-120.64798, 47.25124], [-120.64793, 47.25066], [-120.64787, 47.25009], [-120.64507, 47.25008], [-120.64508, 47.25023], [-120.64508, 47.25067], [-120.64509, 47.2516], [-120.64511, 47.25292], [-120.64512, 47.25384], [-120.64513, 47.25467], [-120.65045, 47.25468], [-120.65373, 47.25469], [-120.65374, 47.25414], [-120.65577, 47.25413], [-120.65576, 47.25381]]], [[[-120.65038, 47.24748], [-120.64505, 47.2475], [-120.64505, 47.24799], [-120.64505, 47.24858], [-120.64505, 47.2487], [-120.64922, 47.24871], [-120.64929, 47.24925], [-120.65039, 47.24926], [-120.65038, 47.24748]]]]}, "properties": {"OBJECTID": 331975, "ID": "799126735542026300", "CSE_NAME": "W J 4", "STAGE_ID": null, "BLM_PROD": "LODE CLAIM", "CSE_TYPE_NR": "384101", "CSE_NR": "OR101332948", "LEG_CSE_NR": "ORMC170101", "SF_ID": "a02t000000595eqAAA", "CSE_DISP": "Active", "SRC": "LLD", "QLTY": "1: SIMPLE\nFULLY ATTRIBUTED QUARTER SECTION ALL BUCKETS ARE EQUAL\nDOES NOT MATCH PM ANGLES\naliquot\n38 sections retrieved\n605 intersected features retrieved\n24 matching sections found\nsection 1 issimple: True", "CSE_META": "WA 33 0200N 0170E 001 A SE", "RCRD_ACRS": 20.66, "Created": 1610668800000, "Modified": 1754669074000, "Shape__Length": 0.04444129485139957, "Shape__Area": 4.018649747205551e-05}}, {"type": "Feature", "id": 332078, "geometry": {"type": "MultiPolygon", "coordinates": [[[[-120.71568, 47.26005], [-120.70502, 47.26007], [-120.70496, 47.26735], [-120.71562, 47.26733], [-120.71568, 47.26005]]], [[[-120.71958, 47.25468], [-120.7192, 47.25468], [-120.71425, 47.25467], [-120.71391, 47.25467], [-120.70892, 47.25466], [-120.70892, 47.2569], [-120.70892, 47.25819], [-120.70892, 47.25828], [-120.70892, 47.26006], [-120.71034, 47.26005], [-120.71035, 47.26005], [-120.71368, 47.26005], [-120.71419, 47.26004], [-120.71427, 47.26004], [-120.71564, 47.26004], [-120.71566, 47.26004], [-120.71897, 47.26004], [-120.71952, 47.26003], [-120.71963, 47.26003], [-120.71962, 47.25816], [-120.71958, 47.25468]]]]}, "properties": {"OBJECTID": 332078, "ID": "799126766319829139", "CSE_NAME": "GAYLORD", "STAGE_ID": null, "BLM_PROD": "Lode Claim", "CSE_TYPE_NR": "384101", "CSE_NR": "OR101864033", "LEG_CSE_NR": "ORMC171187", "SF_ID": "a02t000000593tGAAQ", "CSE_DISP": "Active", "SRC": "LLD", "QLTY": "8: SIMPLE\nFULLY ATTRIBUTED QUARTER SECTION ALL BUCKETS ARE EQUAL\naliquot\n38 sections retrieved\n605 intersected features retrieved\n16 matching sections found\n4 alias QQs added\nsection 4 issimple: True, MIDPOINT\nSECTION CONTAINS 5 OR LESS POLYGONS\naliquot\n3", "CSE_META": "WA 33 0200N 0170E 004 A NE|WA 33 0210N 0170E 033 A SE", "RCRD_ACRS": 20.66, "Created": 1610668800000, "Modified": 1728179529000, "Shape__Length": 0.06800496607003725, "Shape__Area": 0.00013502847385491154}}, {"type": "Feature", "id": 332079, "geometry": {"type": "Polygon", "coordinates": [[[-120.70502, 47.26007], [-120.69439, 47.2601], [-120.69436, 47.26737], [-120.70496, 47.26735], [-120.71562, 47.26733], [-120.71568, 47.26005], [-120.70502, 47.26007]]]}, "properties": {"OBJECTID": 332079, "ID": "799126766319829140", "CSE_NAME": "GAYLORD 2ND", "STAGE_ID": null, "BLM_PROD": "Lode Claim", "CSE_TYPE_NR": "384101", "CSE_NR": "OR101864034", "LEG_CSE_NR": "ORMC171188", "SF_ID": "a02t000000593tHAAQ", "CSE_DISP": "Active", "SRC": "LLD", "QLTY": "8: MIDPOINT\nSECTION CONTAINS 5 OR LESS POLYGONS\naliquot\n36 sections retrieved\n37 intersected features retrieved\n1 matching sections found\nsection 34 issimple: False, MIDPOINT\nSECTION CONTAINS 5 OR LESS POLYGONS\naliquot\n36 sections retrieved\n37 intersected", "CSE_META": "WA 33 0210N 0170E 034 A SW|WA 33 0210N 0170E 033 A SE", "RCRD_ACRS": 12.81, "Created": 1610668800000, "Modified": 1728179529000, "Shape__Length": 0.05710598111069333, "Shape__Area": 0.00015482310608754105}}, {"type": "Feature", "id": 332080, "geometry": {"type": "Polygon", "coordinates": [[[-120.70892, 47.25059], [-120.70892, 47.25105], [-120.70892, 47.25374], [-120.70892, 47.25461], [-120.70892, 47.25466], [-120.70892, 47.2569], [-120.70892, 47.25819], [-120.70892, 47.25828], [-120.70892, 47.26006], [-120.71034, 47.26005], [-120.71035, 47.26005], [-120.71368, 47.26005], [-120.71419, 47.26004], [-120.71427, 47.26004], [-120.71564, 47.26004], [-120.71566, 47.26004], [-120.71897, 47.26004], [-120.71952, 47.26003], [-120.71963, 47.26003], [-120.71962, 47.25816], [-120.71958, 47.25468], [-120.71955, 47.25107], [-120.71951, 47.24745], [-120.71422, 47.24744], [-120.70892, 47.24743], [-120.70892, 47.25059]]]}, "properties": {"OBJECTID": 332080, "ID": "799126766319829141", "CSE_NAME": "OK", "STAGE_ID": null, "BLM_PROD": "Lode Claim", "CSE_TYPE_NR": "384101", "CSE_NR": "OR101864035", "LEG_CSE_NR": "ORMC171189", "SF_ID": "a02t000000593tIAAQ", "CSE_DISP": "Active", "SRC": "LLD", "QLTY": "1: SIMPLE\nFULLY ATTRIBUTED QUARTER SECTION ALL BUCKETS ARE EQUAL\naliquot\n38 sections retrieved\n605 intersected features retrieved\n16 matching sections found\n4 alias QQs added\nsection 4 issimple: True, SIMPLE\nTYPICAL QUARTER SECTION WITH 4 STANDARD LEGALS ", "CSE_META": "WA 33 0200N 0170E 004 A NE|WA 33 0200N 0170E 004 A SE", "RCRD_ACRS": 20.66, "Created": 1610668800000, "Modified": 1728179529000, "Shape__Length": 0.04651798179220176, "Shape__Area": 0.00013428278381652603}}, {"type": "Feature", "id": 332081, "geometry": {"type": "Polygon", "coordinates": [[[-120.7192, 47.25468], [-120.71425, 47.25467], [-120.71391, 47.25467], [-120.70892, 47.25466], [-120.70892, 47.2569], [-120.70892, 47.25819], [-120.70892, 47.25828], [-120.70892, 47.26006], [-120.71034, 47.26005], [-120.71035, 47.26005], [-120.71368, 47.26005], [-120.71419, 47.26004], [-120.71427, 47.26004], [-120.71564, 47.26004], [-120.71566, 47.26004], [-120.71897, 47.26004], [-120.71952, 47.26003], [-120.71963, 47.26003], [-120.71962, 47.25816], [-120.71958, 47.25468], [-120.7192, 47.25468]]]}, "properties": {"OBJECTID": 332081, "ID": "799126766319829142", "CSE_NAME": "OK #1", "STAGE_ID": null, "BLM_PROD": "Lode Claim", "CSE_TYPE_NR": "384101", "CSE_NR": "OR101864036", "LEG_CSE_NR": "ORMC171190", "SF_ID": "a02t000000593tJAAQ", "CSE_DISP": "Active", "SRC": "LLD", "QLTY": "1: SIMPLE\nFULLY ATTRIBUTED QUARTER SECTION ALL BUCKETS ARE EQUAL\naliquot\n38 sections retrieved\n605 intersected features retrieved\n16 matching sections found\n4 alias QQs added\nsection 4 issimple: True", "CSE_META": "WA 33 0200N 0170E 004 A NE", "RCRD_ACRS": 20.66, "Created": 1610668800000, "Modified": 1728179529000, "Shape__Length": 0.03212125399195566, "Shape__Area": 5.7409151432757513e-05}}, {"type": "Feature", "id": 332082, "geometry": {"type": "Polygon", "coordinates": [[[-120.70892, 47.25059], [-120.70892, 47.25105], [-120.70892, 47.25374], [-120.70892, 47.25461], [-120.70892, 47.25466], [-120.70892, 47.2569], [-120.70892, 47.25819], [-120.70892, 47.25828], [-120.70892, 47.26006], [-120.71034, 47.26005], [-120.71035, 47.26005], [-120.71368, 47.26005], [-120.71419, 47.26004], [-120.71427, 47.26004], [-120.71564, 47.26004], [-120.71566, 47.26004], [-120.71897, 47.26004], [-120.71952, 47.26003], [-120.71963, 47.26003], [-120.71962, 47.25816], [-120.71958, 47.25468], [-120.71955, 47.25107], [-120.71951, 47.24745], [-120.71422, 47.24744], [-120.70892, 47.24743], [-120.70892, 47.25059]]]}, "properties": {"OBJECTID": 332082, "ID": "799126766319829143", "CSE_NAME": "OK #2", "STAGE_ID": null, "BLM_PROD": "Lode Claim", "CSE_TYPE_NR": "384101", "CSE_NR": "OR101864037", "LEG_CSE_NR": "ORMC171191", "SF_ID": "a02t000000593tKAAQ", "CSE_DISP": "Active", "SRC": "LLD", "QLTY": "1: SIMPLE\nFULLY ATTRIBUTED QUARTER SECTION ALL BUCKETS ARE EQUAL\naliquot\n38 sections retrieved\n605 intersected features retrieved\n16 matching sections found\n4 alias QQs added\nsection 4 issimple: True, SIMPLE\nTYPICAL QUARTER SECTION WITH 4 STANDARD LEGALS ", "CSE_META": "WA 33 0200N 0170E 004 A NE|WA 33 0200N 0170E 004 A SE", "RCRD_ACRS": 20.66, "Created": 1610668800000, "Modified": 1728179529000, "Shape__Length": 0.04651798179220176, "Shape__Area": 0.00013428278381652603}}, {"type": "Feature", "id": 332094, "geometry": {"type": "Polygon", "coordinates": [[[-120.70892, 47.25466], [-120.70892, 47.25461], [-120.7036, 47.25461], [-120.69827, 47.25461], [-120.69826, 47.25692], [-120.69826, 47.25822], [-120.69825, 47.26008], [-120.69972, 47.26008], [-120.70359, 47.26008], [-120.7036, 47.26008], [-120.70502, 47.26007], [-120.70892, 47.26006], [-120.70892, 47.25828], [-120.70892, 47.25819], [-120.70892, 47.2569], [-120.70892, 47.25466]]]}, "properties": {"OBJECTID": 332094, "ID": "801974244555620368", "CSE_NAME": "RICH HILL #1", "STAGE_ID": null, "BLM_PROD": "Lode Claim", "CSE_TYPE_NR": "384101", "CSE_NR": "OR101864602", "LEG_CSE_NR": "ORMC171259", "SF_ID": "a02t000000598INAAY", "CSE_DISP": "Active", "SRC": "LLD", "QLTY": "1: SIMPLE\nFULLY ATTRIBUTED QUARTER SECTION ALL BUCKETS ARE EQUAL\naliquot\n38 sections retrieved\n605 intersected features retrieved\n16 matching sections found\n4 alias QQs added\nsection 3 issimple: True", "CSE_META": "WA 33 0200N 0170E 003 A NW", "RCRD_ACRS": 20.66, "Created": 1611360000000, "Modified": 1728179917000, "Shape__Length": 0.032232163940235266, "Shape__Area": 5.822886993832802e-05}}, {"type": "Feature", "id": 332143, "geometry": {"type": "Polygon", "coordinates": [[[-120.65158, 47.38264], [-120.65157, 47.38986], [-120.66227, 47.38987], [-120.6623, 47.38268], [-120.65158, 47.38264]]]}, "properties": {"OBJECTID": 332143, "ID": "802275015868284977", "CSE_NAME": "BEAR CAT MINE", "STAGE_ID": null, "BLM_PROD": "Lode Claim", "CSE_TYPE_NR": "384101", "CSE_NR": "OR101488972", "LEG_CSE_NR": "ORMC171517", "SF_ID": "a02t000000595trAAA", "CSE_DISP": "Active", "SRC": "LLD", "QLTY": "8: MIDPOINT\nSECTION CONTAINS 5 OR LESS POLYGONS\naliquot\n36 sections retrieved\n36 intersected features retrieved\n1 matching sections found\nsection 24 issimple: False", "CSE_META": "WA 33 0220N 0170E 024 A NW", "RCRD_ACRS": 20.66, "Created": 1611360000000, "Modified": 1728179705000, "Shape__Length": 0.035829006862090576, "Shape__Area": 7.714135037452552e-05}}, {"type": "Feature", "id": 332172, "geometry": {"type": "Polygon", "coordinates": [[[-120.60964, 47.26024], [-120.60972, 47.26745], [-120.60981, 47.27466], [-120.62043, 47.27464], [-120.62034, 47.26742], [-120.62025, 47.2602], [-120.60964, 47.26024]]]}, "properties": {"OBJECTID": 332172, "ID": "799126763534811166", "CSE_NAME": "SAM 2", "STAGE_ID": null, "BLM_PROD": "Lode Claim", "CSE_TYPE_NR": "384101", "CSE_NR": "OR101898860", "LEG_CSE_NR": "ORMC171794", "SF_ID": "a02t000000597MsAAI", "CSE_DISP": "Active", "SRC": "LLD", "QLTY": "8: MIDPOINT\nSECTION CONTAINS 5 OR LESS POLYGONS\nDOES NOT MATCH PM ANGLES\naliquot\n36 sections retrieved\n36 intersected features retrieved\n1 matching sections found\nsection 32 issimple: False, MIDPOINT\nSECTION CONTAINS 5 OR LESS POLYGONS\nDOES NOT MATCH PM A", "CSE_META": "WA 33 0210N 0180E 032 A NW|WA 33 0210N 0180E 032 A SW", "RCRD_ACRS": 20.66, "Created": 1610668800000, "Modified": 1728179835000, "Shape__Length": 0.05010124923377744, "Shape__Area": 0.00015324373101849604}}, {"type": "Feature", "id": 332173, "geometry": {"type": "Polygon", "coordinates": [[[-120.60972, 47.26745], [-120.5991, 47.26747], [-120.59918, 47.27467], [-120.60981, 47.27466], [-120.62043, 47.27464], [-120.62034, 47.26742], [-120.60972, 47.26745]]]}, "properties": {"OBJECTID": 332173, "ID": "799126763534811167", "CSE_NAME": "STARKEN MEADOWS", "STAGE_ID": null, "BLM_PROD": "Lode Claim", "CSE_TYPE_NR": "384101", "CSE_NR": "OR101898861", "LEG_CSE_NR": "ORMC171795", "SF_ID": "a02t000000597MtAAI", "CSE_DISP": "Active", "SRC": "LLD", "QLTY": "8: MIDPOINT\nSECTION CONTAINS 5 OR LESS POLYGONS\nDOES NOT MATCH PM ANGLES\naliquot\n36 sections retrieved\n36 intersected features retrieved\n1 matching sections found\nsection 32 issimple: False, MIDPOINT\nSECTION CONTAINS 5 OR LESS POLYGONS\nDOES NOT MATCH PM A", "CSE_META": "WA 33 0210N 0180E 032 A NW|WA 33 0210N 0180E 032 A NE", "RCRD_ACRS": 20.66, "Created": 1610668800000, "Modified": 1728179835000, "Shape__Length": 0.056903582508137984, "Shape__Area": 0.00015313627231962405}}, {"type": "Feature", "id": 332177, "geometry": {"type": "Polygon", "coordinates": [[[-120.6412, 47.27468], [-120.64119, 47.28189], [-120.65181, 47.2819], [-120.65183, 47.27468], [-120.6412, 47.27468]]]}, "properties": {"OBJECTID": 332177, "ID": "799126763895521290", "CSE_NAME": "DOUBLE U", "STAGE_ID": null, "BLM_PROD": "Lode Claim", "CSE_TYPE_NR": "384101", "CSE_NR": "OR101844439", "LEG_CSE_NR": "ORMC171953", "SF_ID": "a02t00000059CNNAA2", "CSE_DISP": "Active", "SRC": "LLD", "QLTY": "8: MIDPOINT\nSECTION CONTAINS 5 OR LESS POLYGONS\naliquot\n36 sections retrieved\n37 intersected features retrieved\n1 matching sections found\nsection 25 issimple: False", "CSE_META": "WA 33 0210N 0170E 025 A SE", "RCRD_ACRS": 20.66, "Created": 1610668800000, "Modified": 1728180309000, "Shape__Length": 0.03568947770191059, "Shape__Area": 7.670327609173902e-05}}, {"type": "Feature", "id": 332178, "geometry": {"type": "Polygon", "coordinates": [[[-120.6412, 47.27468], [-120.64119, 47.28189], [-120.65181, 47.2819], [-120.65183, 47.27468], [-120.6412, 47.27468]]]}, "properties": {"OBJECTID": 332178, "ID": "799126763895521291", "CSE_NAME": "MAVERICK #3", "STAGE_ID": null, "BLM_PROD": "Lode Claim", "CSE_TYPE_NR": "384101", "CSE_NR": "OR101844440", "LEG_CSE_NR": "ORMC171954", "SF_ID": "a02t00000059CNOAA2", "CSE_DISP": "Active", "SRC": "LLD", "QLTY": "8: MIDPOINT\nSECTION CONTAINS 5 OR LESS POLYGONS\naliquot\n36 sections retrieved\n37 intersected features retrieved\n1 matching sections found\nsection 25 issimple: False", "CSE_META": "WA 33 0210N 0170E 025 A SE", "RCRD_ACRS": 20.66, "Created": 1610668800000, "Modified": 1728180309000, "Shape__Length": 0.03568947770191059, "Shape__Area": 7.670327609173902e-05}}, {"type": "Feature", "id": 332234, "geometry": {"type": "Polygon", "coordinates": [[[-120.63206, 47.21193], [-120.61885, 47.21194], [-120.61882, 47.2192], [-120.63202, 47.21917], [-120.64521, 47.21914], [-120.64527, 47.21192], [-120.64533, 47.20471], [-120.6321, 47.2047], [-120.63206, 47.21193]]]}, "properties": {"OBJECTID": 332234, "ID": "799126764440780848", "CSE_NAME": "HARD ROCK", "STAGE_ID": null, "BLM_PROD": "Lode Claim", "CSE_TYPE_NR": "384101", "CSE_NR": "OR101741468", "LEG_CSE_NR": "ORMC172397", "SF_ID": "a02t000000599TRAAY", "CSE_DISP": "Active", "SRC": "LLD", "QLTY": "8: SIMPLE\nSECTION CONTAINS 5 OR LESS POLYGONS\naliquot\n36 sections retrieved\n36 intersected features retrieved\n1 matching sections found\nsection 19 issimple: False, SIMPLE\nSECTION CONTAINS 5 OR LESS POLYGONS\naliquot\n36 sections retrieved\n36 intersected fea", "CSE_META": "WA 33 0200N 0180E 019 A NW|WA 33 0200N 0180E 019 A NE|WA 33 0200N 0180E 019 A SW", "RCRD_ACRS": 20.66, "Created": 1610668800000, "Modified": 1728180023000, "Shape__Length": 0.08173787172513343, "Shape__Area": 0.00028651810548743805}}, {"type": "Feature", "id": 332235, "geometry": {"type": "Polygon", "coordinates": [[[-120.61885, 47.21194], [-120.61882, 47.2192], [-120.63202, 47.21917], [-120.64521, 47.21914], [-120.64527, 47.21192], [-120.64533, 47.20471], [-120.6321, 47.2047], [-120.61888, 47.20469], [-120.61885, 47.21194]]]}, "properties": {"OBJECTID": 332235, "ID": "799126764440780849", "CSE_NAME": "HARD ROCK II", "STAGE_ID": null, "BLM_PROD": "Lode Claim", "CSE_TYPE_NR": "384101", "CSE_NR": "OR101741469", "LEG_CSE_NR": "ORMC172398", "SF_ID": "a02t000000599TSAAY", "CSE_DISP": "Active", "SRC": "LLD", "QLTY": "8: SIMPLE\nSECTION CONTAINS 5 OR LESS POLYGONS\naliquot\n36 sections retrieved\n36 intersected features retrieved\n1 matching sections found\nsection 19 issimple: False, SIMPLE\nSECTION CONTAINS 5 OR LESS POLYGONS\naliquot\n36 sections retrieved\n36 intersected fea", "CSE_META": "WA 33 0200N 0180E 019 A NW|WA 33 0200N 0180E 019 A NE|WA 33 0200N 0180E 019 A SW|WA 33 0200N 0180E 019 A SE", "RCRD_ACRS": 20.66, "Created": 1610668800000, "Modified": 1728180023000, "Shape__Length": 0.08177677672488351, "Shape__Area": 0.0003823038219535481}}, {"type": "Feature", "id": 332236, "geometry": {"type": "Polygon", "coordinates": [[[-120.61885, 47.21194], [-120.61882, 47.2192], [-120.63202, 47.21917], [-120.63206, 47.21193], [-120.6321, 47.2047], [-120.61888, 47.20469], [-120.61885, 47.21194]]]}, "properties": {"OBJECTID": 332236, "ID": "799126764440780850", "CSE_NAME": "HARD ROCK III", "STAGE_ID": null, "BLM_PROD": "Lode Claim", "CSE_TYPE_NR": "384101", "CSE_NR": "OR101741470", "LEG_CSE_NR": "ORMC172399", "SF_ID": "a02t000000599TTAAY", "CSE_DISP": "Active", "SRC": "LLD", "QLTY": "8: SIMPLE\nSECTION CONTAINS 5 OR LESS POLYGONS\naliquot\n36 sections retrieved\n36 intersected features retrieved\n1 matching sections found\nsection 19 issimple: False, SIMPLE\nSECTION CONTAINS 5 OR LESS POLYGONS\naliquot\n36 sections retrieved\n36 intersected fea", "CSE_META": "WA 33 0200N 0180E 019 A NE|WA 33 0200N 0180E 019 A SE", "RCRD_ACRS": 20.66, "Created": 1610668800000, "Modified": 1728180023000, "Shape__Length": 0.055407174147178495, "Shape__Area": 0.00019145348505874204}}, {"type": "Feature", "id": 332237, "geometry": {"type": "Polygon", "coordinates": [[[-120.60831, 47.20466], [-120.60831, 47.21192], [-120.6083, 47.21918], [-120.61882, 47.2192], [-120.63202, 47.21917], [-120.63206, 47.21193], [-120.61885, 47.21194], [-120.61888, 47.20469], [-120.60831, 47.20466]]]}, "properties": {"OBJECTID": 332237, "ID": "799126763971018774", "CSE_NAME": "HARD ROCK IV", "STAGE_ID": null, "BLM_PROD": "Lode Claim", "CSE_TYPE_NR": "384101", "CSE_NR": "OR101847626", "LEG_CSE_NR": "ORMC172400", "SF_ID": "a02t000000599TUAAY", "CSE_DISP": "Active", "SRC": "LLD", "QLTY": "8: SIMPLE\nSECTION CONTAINS 5 OR LESS POLYGONS\naliquot\n36 sections retrieved\n36 intersected features retrieved\n1 matching sections found\nsection 19 issimple: False, MIDPOINT\nSECTION CONTAINS 5 OR LESS POLYGONS\naliquot\n36 sections retrieved\n36 intersected f", "CSE_META": "WA 33 0200N 0180E 019 A NE|WA 33 0200N 0180E 020 A NW|WA 33 0200N 0180E 020 A SW", "RCRD_ACRS": 20.66, "Created": 1610668800000, "Modified": 1728180023000, "Shape__Length": 0.07649988979963113, "Shape__Area": 0.00024875221666797006}}, {"type": "Feature", "id": 332238, "geometry": {"type": "Polygon", "coordinates": [[[-120.60831, 47.21192], [-120.6083, 47.21918], [-120.61882, 47.2192], [-120.63202, 47.21917], [-120.63206, 47.21193], [-120.61885, 47.21194], [-120.60831, 47.21192]]]}, "properties": {"OBJECTID": 332238, "ID": "799126763971018775", "CSE_NAME": "HARD ROCK V", "STAGE_ID": null, "BLM_PROD": "Lode Claim", "CSE_TYPE_NR": "384101", "CSE_NR": "OR101847627", "LEG_CSE_NR": "ORMC172401", "SF_ID": "a02t000000599TVAAY", "CSE_DISP": "Active", "SRC": "LLD", "QLTY": "8: MIDPOINT\nSECTION CONTAINS 5 OR LESS POLYGONS\naliquot\n36 sections retrieved\n36 intersected features retrieved\n1 matching sections found\nsection 20 issimple: False, SIMPLE\nSECTION CONTAINS 5 OR LESS POLYGONS\naliquot\n36 sections retrieved\n36 intersected f", "CSE_META": "WA 33 0200N 0180E 020 A NW|WA 33 0200N 0180E 019 A NE", "RCRD_ACRS": 20.66, "Created": 1610668800000, "Modified": 1728180023000, "Shape__Length": 0.061961394500034704, "Shape__Area": 0.00017212791428573404}}, {"type": "Feature", "id": 332239, "geometry": {"type": "Polygon", "coordinates": [[[-120.60831, 47.21192], [-120.6083, 47.21918], [-120.60829, 47.22639], [-120.61881, 47.22641], [-120.61882, 47.2192], [-120.63202, 47.21917], [-120.63206, 47.21193], [-120.61885, 47.21194], [-120.60831, 47.21192]]]}, "properties": {"OBJECTID": 332239, "ID": "799126763971018776", "CSE_NAME": "HARD ROCK VI", "STAGE_ID": null, "BLM_PROD": "Lode Claim", "CSE_TYPE_NR": "384101", "CSE_NR": "OR101847628", "LEG_CSE_NR": "ORMC172402", "SF_ID": "a02t000000599TWAAY", "CSE_DISP": "Active", "SRC": "LLD", "QLTY": "8: MIDPOINT\nSECTION CONTAINS 5 OR LESS POLYGONS\naliquot\n36 sections retrieved\n36 intersected features retrieved\n1 matching sections found\nsection 20 issimple: False, MIDPOINT\nSECTION CONTAINS 5 OR LESS POLYGONS\naliquot\n36 sections retrieved\n36 intersected", "CSE_META": "WA 33 0200N 0180E 020 A NW|WA 33 0200N 0180E 017 A SW|WA 33 0200N 0180E 019 A NE", "RCRD_ACRS": 20.66, "Created": 1610668800000, "Modified": 1728180023000, "Shape__Length": 0.07638095247911254, "Shape__Area": 0.0002480025241625981}}, {"type": "Feature", "id": 332248, "geometry": {"type": "Polygon", "coordinates": [[[-120.65158, 47.38264], [-120.65157, 47.38986], [-120.66227, 47.38987], [-120.6623, 47.38268], [-120.65158, 47.38264]]]}, "properties": {"OBJECTID": 332248, "ID": "802275015868284998", "CSE_NAME": "BEAR CAT CAMP MINE", "STAGE_ID": null, "BLM_PROD": "Lode Claim", "CSE_TYPE_NR": "384101", "CSE_NR": "OR101848072", "LEG_CSE_NR": "ORMC172438", "SF_ID": "a02t00000059CmNAAU", "CSE_DISP": "Active", "SRC": "LLD", "QLTY": "8: MIDPOINT\nSECTION CONTAINS 5 OR LESS POLYGONS\naliquot\n36 sections retrieved\n36 intersected features retrieved\n1 matching sections found\nsection 24 issimple: False", "CSE_META": "WA 33 0220N 0170E 024 A NW", "RCRD_ACRS": 20.66, "Created": 1611360000000, "Modified": 1728180350000, "Shape__Length": 0.035829006862090576, "Shape__Area": 7.714135037452552e-05}}, {"type": "Feature", "id": 332279, "geometry": {"type": "Polygon", "coordinates": [[[-120.64129, 47.26023], [-120.64124, 47.26747], [-120.65187, 47.26744], [-120.65191, 47.26019], [-120.64129, 47.26023]]]}, "properties": {"OBJECTID": 332279, "ID": "801974245176377372", "CSE_NAME": "ELK HORN", "STAGE_ID": null, "BLM_PROD": "LODE CLAIM", "CSE_TYPE_NR": "384101", "CSE_NR": "OR101472891", "LEG_CSE_NR": "ORMC172709", "SF_ID": "a02t00000059Ep4AAE", "CSE_DISP": "Active", "SRC": "LLD", "QLTY": "8: MIDPOINT\nSECTION CONTAINS 5 OR LESS POLYGONS\naliquot\n36 sections retrieved\n37 intersected features retrieved\n1 matching sections found\nsection 36 issimple: False", "CSE_META": "WA 33 0210N 0170E 036 A SE", "RCRD_ACRS": 20.66, "Created": 1611360000000, "Modified": 1778520027000, "Shape__Length": 0.03572757966855222, "Shape__Area": 7.693211290621652e-05}}, {"type": "Feature", "id": 332280, "geometry": {"type": "Polygon", "coordinates": [[[-120.64129, 47.26023], [-120.64124, 47.26747], [-120.65187, 47.26744], [-120.65191, 47.26019], [-120.64129, 47.26023]]]}, "properties": {"OBJECTID": 332280, "ID": "801974244593369116", "CSE_NAME": "HONEY SUCKLE", "STAGE_ID": null, "BLM_PROD": "LODE CLAIM", "CSE_TYPE_NR": "384101", "CSE_NR": "OR101472892", "LEG_CSE_NR": "ORMC172710", "SF_ID": "a02t00000059Ep5AAE", "CSE_DISP": "Active", "SRC": "LLD", "QLTY": "8: MIDPOINT\nSECTION CONTAINS 5 OR LESS POLYGONS\naliquot\n36 sections retrieved\n37 intersected features retrieved\n1 matching sections found\nsection 36 issimple: False", "CSE_META": "WA 33 0210N 0170E 036 A SE", "RCRD_ACRS": 20.66, "Created": 1611360000000, "Modified": 1778520028000, "Shape__Length": 0.03572757966855222, "Shape__Area": 7.693211290621652e-05}}, {"type": "Feature", "id": 332281, "geometry": {"type": "Polygon", "coordinates": [[[-120.64129, 47.26023], [-120.64124, 47.26747], [-120.65187, 47.26744], [-120.65191, 47.26019], [-120.64129, 47.26023]]]}, "properties": {"OBJECTID": 332281, "ID": "801974244593369117", "CSE_NAME": "VIOLET", "STAGE_ID": null, "BLM_PROD": "LODE CLAIM", "CSE_TYPE_NR": "384101", "CSE_NR": "OR101474078", "LEG_CSE_NR": "ORMC172711", "SF_ID": "a02t00000059Ep6AAE", "CSE_DISP": "Active", "SRC": "LLD", "QLTY": "8: MIDPOINT\nSECTION CONTAINS 5 OR LESS POLYGONS\naliquot\n36 sections retrieved\n37 intersected features retrieved\n1 matching sections found\nsection 36 issimple: False", "CSE_META": "WA 33 0210N 0170E 036 A SE", "RCRD_ACRS": 20.66, "Created": 1611360000000, "Modified": 1778520028000, "Shape__Length": 0.03572757966855222, "Shape__Area": 7.693211290621652e-05}}, {"type": "Feature", "id": 332676, "geometry": {"type": "MultiPolygon", "coordinates": [[[[-120.65568, 47.24746], [-120.65571, 47.24385], [-120.65574, 47.24023], [-120.65042, 47.24024], [-120.6451, 47.24025], [-120.6451, 47.24027], [-120.64509, 47.24032], [-120.64509, 47.24036], [-120.64509, 47.24082], [-120.64507, 47.24388], [-120.64507, 47.2444], [-120.64505, 47.2475], [-120.64505, 47.24799], [-120.64505, 47.24858], [-120.64505, 47.2487], [-120.64922, 47.24871], [-120.64929, 47.24925], [-120.65039, 47.24926], [-120.65038, 47.24748], [-120.65568, 47.24746]]], [[[-120.65373, 47.25469], [-120.65374, 47.25414], [-120.65577, 47.25413], [-120.65576, 47.25381], [-120.65576, 47.25368], [-120.65486, 47.25368], [-120.65479, 47.25281], [-120.65338, 47.2528], [-120.65339, 47.25192], [-120.65143, 47.2519], [-120.65139, 47.2512], [-120.65041, 47.25121], [-120.6493, 47.25122], [-120.64798, 47.25124], [-120.64793, 47.25066], [-120.64787, 47.25009], [-120.64507, 47.25008], [-120.64508, 47.25023], [-120.64508, 47.25067], [-120.64509, 47.2516], [-120.64511, 47.25292], [-120.64512, 47.25384], [-120.64513, 47.25467], [-120.65045, 47.25468], [-120.65373, 47.25469]]]]}, "properties": {"OBJECTID": 332676, "ID": "799126716336308279", "CSE_NAME": "EUREKA", "STAGE_ID": null, "BLM_PROD": "Lode Claim", "CSE_TYPE_NR": "384101", "CSE_NR": "OR101490358", "LEG_CSE_NR": "ORMC174326", "SF_ID": "a02t00000059GvJAAU", "CSE_DISP": "Active", "SRC": "LLD", "QLTY": "1: MIDPOINT\nTYPICAL QUARTER SECTION WITH 4 STANDARD LEGALS ATTRIBUTED\naliquot\n38 sections retrieved\n605 intersected features retrieved\n16 matching sections found\nsection 12 issimple: True, SIMPLE\nFULLY ATTRIBUTED QUARTER SECTION ALL BUCKETS ARE EQUAL\nDOES", "CSE_META": "WA 33 0200N 0170E 012 A NE|WA 33 0200N 0170E 001 A SE", "RCRD_ACRS": 20.66, "Created": 1610668800000, "Modified": 1728180763000, "Shape__Length": 0.06953698325009358, "Shape__Area": 0.00011716730540924053}}, {"type": "Feature", "id": 332764, "geometry": {"type": "MultiPolygon", "coordinates": [[[[-120.65568, 47.24746], [-120.65571, 47.24385], [-120.65574, 47.24023], [-120.65042, 47.24024], [-120.6451, 47.24025], [-120.6451, 47.24027], [-120.64509, 47.24032], [-120.64509, 47.24036], [-120.64509, 47.24082], [-120.64507, 47.24388], [-120.64507, 47.2444], [-120.64505, 47.2475], [-120.64505, 47.24799], [-120.64505, 47.24858], [-120.64505, 47.2487], [-120.64922, 47.24871], [-120.64929, 47.24925], [-120.65039, 47.24926], [-120.65038, 47.24748], [-120.65568, 47.24746]]], [[[-120.65373, 47.25469], [-120.65374, 47.25414], [-120.65577, 47.25413], [-120.65576, 47.25381], [-120.65576, 47.25368], [-120.65486, 47.25368], [-120.65479, 47.25281], [-120.65338, 47.2528], [-120.65339, 47.25192], [-120.65143, 47.2519], [-120.65139, 47.2512], [-120.65041, 47.25121], [-120.6493, 47.25122], [-120.64798, 47.25124], [-120.64793, 47.25066], [-120.64787, 47.25009], [-120.64507, 47.25008], [-120.64508, 47.25023], [-120.64508, 47.25067], [-120.64509, 47.2516], [-120.64511, 47.25292], [-120.64512, 47.25384], [-120.64513, 47.25467], [-120.65045, 47.25468], [-120.65373, 47.25469]]]]}, "properties": {"OBJECTID": 332764, "ID": "799126715027685475", "CSE_NAME": "WINDFALL", "STAGE_ID": null, "BLM_PROD": "Lode Claim", "CSE_TYPE_NR": "384101", "CSE_NR": "OR101482178", "LEG_CSE_NR": "ORMC17510", "SF_ID": "a02t000000588MvAAI", "CSE_DISP": "Active", "SRC": "LLD", "QLTY": "1: MIDPOINT\nTYPICAL QUARTER SECTION WITH 4 STANDARD LEGALS ATTRIBUTED\naliquot\n38 sections retrieved\n605 intersected features retrieved\n16 matching sections found\nsection 12 issimple: True, SIMPLE\nFULLY ATTRIBUTED QUARTER SECTION ALL BUCKETS ARE EQUAL\nDOES", "CSE_META": "WA 33 0200N 0170E 012 A NE|WA 33 0200N 0170E 001 A SE", "RCRD_ACRS": 20.66, "Created": 1610668800000, "Modified": 1728174468000, "Shape__Length": 0.06953698325009358, "Shape__Area": 0.00011716730540924053}}, {"type": "Feature", "id": 332773, "geometry": {"type": "MultiPolygon", "coordinates": [[[[-120.65568, 47.24746], [-120.65571, 47.24385], [-120.65574, 47.24023], [-120.65042, 47.24024], [-120.6451, 47.24025], [-120.6451, 47.24027], [-120.64509, 47.24032], [-120.64509, 47.24036], [-120.64509, 47.24082], [-120.64507, 47.24388], [-120.64507, 47.2444], [-120.64505, 47.2475], [-120.64505, 47.24799], [-120.64505, 47.24858], [-120.64505, 47.2487], [-120.64922, 47.24871], [-120.64929, 47.24925], [-120.65039, 47.24926], [-120.65038, 47.24748], [-120.65568, 47.24746]]], [[[-120.65373, 47.25469], [-120.65374, 47.25414], [-120.65577, 47.25413], [-120.65576, 47.25381], [-120.65576, 47.25368], [-120.65486, 47.25368], [-120.65479, 47.25281], [-120.65338, 47.2528], [-120.65339, 47.25192], [-120.65143, 47.2519], [-120.65139, 47.2512], [-120.65041, 47.25121], [-120.6493, 47.25122], [-120.64798, 47.25124], [-120.64793, 47.25066], [-120.64787, 47.25009], [-120.64507, 47.25008], [-120.64508, 47.25023], [-120.64508, 47.25067], [-120.64509, 47.2516], [-120.64511, 47.25292], [-120.64512, 47.25384], [-120.64513, 47.25467], [-120.65045, 47.25468], [-120.65373, 47.25469]]]]}, "properties": {"OBJECTID": 332773, "ID": "799126733071581254", "CSE_NAME": "WINDFALL FRAC", "STAGE_ID": null, "BLM_PROD": "Lode Claim", "CSE_TYPE_NR": "384101", "CSE_NR": "OR101433609", "LEG_CSE_NR": "ORMC17511", "SF_ID": "a02t000000585bFAAQ", "CSE_DISP": "Active", "SRC": "LLD", "QLTY": "1: SIMPLE\nFULLY ATTRIBUTED QUARTER SECTION ALL BUCKETS ARE EQUAL\nDOES NOT MATCH PM ANGLES\naliquot\n38 sections retrieved\n605 intersected features retrieved\n24 matching sections found\nsection 1 issimple: True, MIDPOINT\nTYPICAL QUARTER SECTION WITH 4 STANDAR", "CSE_META": "WA 33 0200N 0170E 001 A SE|WA 33 0200N 0170E 012 A NE", "RCRD_ACRS": 10.5, "Created": 1610668800000, "Modified": 1728174224000, "Shape__Length": 0.06953698325009358, "Shape__Area": 0.00011716730540924053}}, {"type": "Feature", "id": 332778, "geometry": {"type": "Polygon", "coordinates": [[[-120.66634, 47.24919], [-120.66632, 47.24743], [-120.66101, 47.24744], [-120.65573, 47.24746], [-120.65568, 47.24746], [-120.65572, 47.25064], [-120.65573, 47.25113], [-120.65575, 47.25243], [-120.65801, 47.25243], [-120.65804, 47.25321], [-120.65861, 47.25302], [-120.65972, 47.25333], [-120.65998, 47.25324], [-120.66107, 47.25291], [-120.6655, 47.25157], [-120.66637, 47.25147], [-120.66637, 47.25104], [-120.66636, 47.2506], [-120.66634, 47.24919]]]}, "properties": {"OBJECTID": 332778, "ID": "799126715438727285", "CSE_NAME": "HEAVENLY TWINS", "STAGE_ID": null, "BLM_PROD": "Lode Claim", "CSE_TYPE_NR": "384101", "CSE_NR": "OR101484562", "LEG_CSE_NR": "ORMC17512", "SF_ID": "a02t000000587o1AAA", "CSE_DISP": "Active", "SRC": "LLD", "QLTY": "1: SIMPLE\nFULLY ATTRIBUTED QUARTER SECTION ALL BUCKETS ARE EQUAL\nDOES NOT MATCH PM ANGLES\naliquot\n38 sections retrieved\n605 intersected features retrieved\n24 matching sections found\nsection 1 issimple: True", "CSE_META": "WA 33 0200N 0170E 001 A SW", "RCRD_ACRS": 20.66, "Created": 1610668800000, "Modified": 1728174418000, "Shape__Length": 0.0313765892350848, "Shape__Area": 5.359258877399801e-05}}, {"type": "Feature", "id": 332779, "geometry": {"type": "Polygon", "coordinates": [[[-120.66634, 47.24919], [-120.66632, 47.24743], [-120.66101, 47.24744], [-120.65573, 47.24746], [-120.65568, 47.24746], [-120.65572, 47.25064], [-120.65573, 47.25113], [-120.65575, 47.25243], [-120.65801, 47.25243], [-120.65804, 47.25321], [-120.65861, 47.25302], [-120.65972, 47.25333], [-120.65998, 47.25324], [-120.66107, 47.25291], [-120.6655, 47.25157], [-120.66637, 47.25147], [-120.66637, 47.25104], [-120.66636, 47.2506], [-120.66634, 47.24919]]]}, "properties": {"OBJECTID": 332779, "ID": "799126733155467294", "CSE_NAME": "MERRI MAKER", "STAGE_ID": null, "BLM_PROD": "Lode Claim", "CSE_TYPE_NR": "384101", "CSE_NR": "OR101434763", "LEG_CSE_NR": "ORMC17513", "SF_ID": "a02t000000587jFAAQ", "CSE_DISP": "Active", "SRC": "LLD", "QLTY": "1: SIMPLE\nFULLY ATTRIBUTED QUARTER SECTION ALL BUCKETS ARE EQUAL\nDOES NOT MATCH PM ANGLES\naliquot\n38 sections retrieved\n605 intersected features retrieved\n24 matching sections found\nsection 1 issimple: True", "CSE_META": "WA 33 0200N 0170E 001 A SW", "RCRD_ACRS": 20.66, "Created": 1610668800000, "Modified": 1728174412000, "Shape__Length": 0.0313765892350848, "Shape__Area": 5.359258877399801e-05}}, {"type": "Feature", "id": 332780, "geometry": {"type": "Polygon", "coordinates": [[[-120.66634, 47.24919], [-120.66632, 47.24743], [-120.66101, 47.24744], [-120.65573, 47.24746], [-120.65568, 47.24746], [-120.65572, 47.25064], [-120.65573, 47.25113], [-120.65575, 47.25243], [-120.65801, 47.25243], [-120.65804, 47.25321], [-120.65861, 47.25302], [-120.65972, 47.25333], [-120.65998, 47.25324], [-120.66107, 47.25291], [-120.6655, 47.25157], [-120.66637, 47.25147], [-120.66637, 47.25104], [-120.66636, 47.2506], [-120.66634, 47.24919]]]}, "properties": {"OBJECTID": 332780, "ID": "799126732643762219", "CSE_NAME": "BLUE JAY", "STAGE_ID": null, "BLM_PROD": "Lode Claim", "CSE_TYPE_NR": "384101", "CSE_NR": "OR101431116", "LEG_CSE_NR": "ORMC17514", "SF_ID": "a02t000000584FPAAY", "CSE_DISP": "Active", "SRC": "LLD", "QLTY": "1: SIMPLE\nFULLY ATTRIBUTED QUARTER SECTION ALL BUCKETS ARE EQUAL\nDOES NOT MATCH PM ANGLES\naliquot\n38 sections retrieved\n605 intersected features retrieved\n24 matching sections found\nsection 1 issimple: True", "CSE_META": "WA 33 0200N 0170E 001 A SW", "RCRD_ACRS": 20.66, "Created": 1610668800000, "Modified": 1728174092000, "Shape__Length": 0.0313765892350848, "Shape__Area": 5.359258877399801e-05}}, {"type": "Feature", "id": 332781, "geometry": {"type": "Polygon", "coordinates": [[[-120.66634, 47.24919], [-120.66632, 47.24743], [-120.66101, 47.24744], [-120.65573, 47.24746], [-120.65568, 47.24746], [-120.65572, 47.25064], [-120.65573, 47.25113], [-120.65575, 47.25243], [-120.65801, 47.25243], [-120.65804, 47.25321], [-120.65861, 47.25302], [-120.65972, 47.25333], [-120.65998, 47.25324], [-120.66107, 47.25291], [-120.6655, 47.25157], [-120.66637, 47.25147], [-120.66637, 47.25104], [-120.66636, 47.2506], [-120.66634, 47.24919]]]}, "properties": {"OBJECTID": 332781, "ID": "799126715149320246", "CSE_NAME": "LONE PINE FRACTION", "STAGE_ID": null, "BLM_PROD": "Lode Claim", "CSE_TYPE_NR": "384101", "CSE_NR": "OR101484065", "LEG_CSE_NR": "ORMC17515", "SF_ID": "a02t000000586PdAAI", "CSE_DISP": "Active", "SRC": "LLD", "QLTY": "1: SIMPLE\nFULLY ATTRIBUTED QUARTER SECTION ALL BUCKETS ARE EQUAL\nDOES NOT MATCH PM ANGLES\naliquot\n38 sections retrieved\n605 intersected features retrieved\n24 matching sections found\nsection 1 issimple: True", "CSE_META": "WA 33 0200N 0170E 001 A SW", "RCRD_ACRS": 18.18, "Created": 1610668800000, "Modified": 1728174296000, "Shape__Length": 0.0313765892350848, "Shape__Area": 5.359258877399801e-05}}, {"type": "Feature", "id": 333335, "geometry": {"type": "Polygon", "coordinates": [[[-120.67296, 47.42859], [-120.66236, 47.42859], [-120.66228, 47.43835], [-120.67296, 47.43835], [-120.68363, 47.43834], [-120.68355, 47.42859], [-120.67296, 47.42859]]]}, "properties": {"OBJECTID": 333335, "ID": "801974244836638721", "CSE_NAME": "GOLDEN EAGLE", "STAGE_ID": null, "BLM_PROD": "Lode Claim", "CSE_TYPE_NR": "384101", "CSE_NR": "OR101717245", "LEG_CSE_NR": "ORMC176254", "SF_ID": "a02t00000059VCpAAM", "CSE_DISP": "Active", "SRC": "LLD", "QLTY": "8: SIMPLE\nSECTION CONTAINS 5 OR LESS POLYGONS\naliquot\n36 sections retrieved\n36 intersected features retrieved\n1 matching sections found\nsection 2 issimple: False, SIMPLE\nSECTION CONTAINS 5 OR LESS POLYGONS\naliquot\n36 sections retrieved\n36 intersected feat", "CSE_META": "WA 33 0220N 0170E 002 A NW|WA 33 0220N 0170E 002 A NE", "RCRD_ACRS": 20.66, "Created": 1611360000000, "Modified": 1728182233000, "Shape__Length": 0.06205977312642071, "Shape__Area": 0.00020754073736962256}}, {"type": "Feature", "id": 333336, "geometry": {"type": "Polygon", "coordinates": [[[-120.67296, 47.42859], [-120.68355, 47.42859], [-120.69424, 47.4286], [-120.69422, 47.41886], [-120.68347, 47.41884], [-120.67296, 47.41883], [-120.67296, 47.42859]]]}, "properties": {"OBJECTID": 333336, "ID": "801974245402869792", "CSE_NAME": "POLEPICK #2", "STAGE_ID": null, "BLM_PROD": "Lode Claim", "CSE_TYPE_NR": "384101", "CSE_NR": "OR101717246", "LEG_CSE_NR": "ORMC176255", "SF_ID": "a02t00000059VCqAAM", "CSE_DISP": "Active", "SRC": "LLD", "QLTY": "8: SIMPLE\nSECTION CONTAINS 5 OR LESS POLYGONS\naliquot\n36 sections retrieved\n36 intersected features retrieved\n1 matching sections found\nsection 2 issimple: False, SIMPLE\nSECTION CONTAINS 5 OR LESS POLYGONS\naliquot\n36 sections retrieved\n36 intersected feat", "CSE_META": "WA 33 0220N 0170E 002 A SW|WA 33 0220N 0170E 003 A SE", "RCRD_ACRS": 20.66, "Created": 1611360000000, "Modified": 1728182233000, "Shape__Length": 0.06204743075399681, "Shape__Area": 0.00020743311596474104}}, {"type": "Feature", "id": 333337, "geometry": {"type": "Polygon", "coordinates": [[[-120.65154, 47.42846], [-120.66236, 47.42859], [-120.67296, 47.42859], [-120.67296, 47.41883], [-120.66245, 47.41883], [-120.6516, 47.41883], [-120.65154, 47.42846]]]}, "properties": {"OBJECTID": 333337, "ID": "801974245591613455", "CSE_NAME": "RED DOE", "STAGE_ID": null, "BLM_PROD": "Lode Claim", "CSE_TYPE_NR": "384101", "CSE_NR": "OR101717247", "LEG_CSE_NR": "ORMC176256", "SF_ID": "a02t00000059VCrAAM", "CSE_DISP": "Active", "SRC": "LLD", "QLTY": "8: SIMPLE\nSECTION CONTAINS 5 OR LESS POLYGONS\naliquot\n36 sections retrieved\n36 intersected features retrieved\n1 matching sections found\nsection 2 issimple: False, SIMPLE\nSECTION CONTAINS 5 OR LESS POLYGONS\nDOES NOT MATCH PM ANGLES\naliquot\n36 sections retr", "CSE_META": "WA 33 0220N 0170E 002 A SE|WA 33 0220N 0170E 001 A SW", "RCRD_ACRS": 20.66, "Created": 1611360000000, "Modified": 1728182233000, "Shape__Length": 0.06216340614350469, "Shape__Area": 0.00020802787188406105}}, {"type": "Feature", "id": 333431, "geometry": {"type": "Polygon", "coordinates": [[[-120.65168, 47.30359], [-120.65166, 47.31081], [-120.66232, 47.31079], [-120.66235, 47.30357], [-120.65168, 47.30359]]]}, "properties": {"OBJECTID": 333431, "ID": "799126768777691248", "CSE_NAME": "GOLDEN LODE", "STAGE_ID": null, "BLM_PROD": "Lode Claim", "CSE_TYPE_NR": "384101", "CSE_NR": "OR101712866", "LEG_CSE_NR": "ORMC176588", "SF_ID": "a02t00000059ZjEAAU", "CSE_DISP": "Active", "SRC": "LLD", "QLTY": "8: MIDPOINT\nSECTION CONTAINS 5 OR LESS POLYGONS\naliquot\n36 sections retrieved\n37 intersected features retrieved\n1 matching sections found\nsection 13 issimple: False", "CSE_META": "WA 33 0210N 0170E 013 A SW", "RCRD_ACRS": 20.66, "Created": 1610668800000, "Modified": 1728182672000, "Shape__Length": 0.03575322441599557, "Shape__Area": 7.692567580674202e-05}}, {"type": "Feature", "id": 333453, "geometry": {"type": "Polygon", "coordinates": [[[-120.61909, 47.26018], [-120.63215, 47.26017], [-120.63212, 47.2541], [-120.61911, 47.25413], [-120.61909, 47.26018]]]}, "properties": {"OBJECTID": 333453, "ID": "801974244840833060", "CSE_NAME": "ACE OF DIAMONDS", "STAGE_ID": null, "BLM_PROD": "Lode Claim", "CSE_TYPE_NR": "384101", "CSE_NR": "OR101552629", "LEG_CSE_NR": "ORMC176668", "SF_ID": "a02t00000059X2sAAE", "CSE_DISP": "Active", "SRC": "LLD", "QLTY": "8: SIMPLE\nSECTION CONTAINS 5 OR LESS POLYGONS\naliquot\n36 sections retrieved\n36 intersected features retrieved\n1 matching sections found\nsection 6 issimple: False", "CSE_META": "WA 33 0200N 0180E 006 A NE", "RCRD_ACRS": 20.66, "Created": 1611360000000, "Modified": 1728182420000, "Shape__Length": 0.038183167803107924, "Shape__Area": 7.897699768997202e-05}}, {"type": "Feature", "id": 334279, "geometry": {"type": "Polygon", "coordinates": [[[-120.43266, 47.41361], [-120.43281, 47.421], [-120.444, 47.42092], [-120.44383, 47.41353], [-120.43266, 47.41361]]]}, "properties": {"OBJECTID": 334279, "ID": "799126911023317011", "CSE_NAME": "BLACK TUESDAY", "STAGE_ID": null, "BLM_PROD": "Lode Claim", "CSE_TYPE_NR": "384101", "CSE_NR": "OR102128489", "LEG_CSE_NR": "ORMC178444", "SF_ID": "a02t00000059pOUAAY", "CSE_DISP": "Active", "SRC": "LLD", "QLTY": "8: MIDPOINT\nSECTION CONTAINS 5 OR LESS POLYGONS\nDOES NOT MATCH PM ANGLES\naliquot\n36 sections retrieved\n36 intersected features retrieved\n1 matching sections found\nsection 10 issimple: False", "CSE_META": "WA 33 0220N 0190E 010 A NE", "RCRD_ACRS": 20.66, "Created": 1610668800000, "Modified": 1728184217000, "Shape__Length": 0.03713049485932882, "Shape__Area": 8.257220951398102e-05}}, {"type": "Feature", "id": 334371, "geometry": {"type": "Polygon", "coordinates": [[[-120.63212, 47.2541], [-120.64512, 47.25408], [-120.64513, 47.25467], [-120.65045, 47.25468], [-120.65373, 47.25469], [-120.65374, 47.25414], [-120.65577, 47.25413], [-120.65576, 47.25381], [-120.65576, 47.25368], [-120.65486, 47.25368], [-120.65479, 47.25281], [-120.65338, 47.2528], [-120.65339, 47.25192], [-120.65143, 47.2519], [-120.65139, 47.2512], [-120.65041, 47.25121], [-120.6493, 47.25122], [-120.64798, 47.25124], [-120.64793, 47.25066], [-120.64787, 47.25009], [-120.64508, 47.25008], [-120.64506, 47.2487], [-120.64922, 47.24871], [-120.64929, 47.24925], [-120.65039, 47.24926], [-120.65038, 47.24748], [-120.64505, 47.2475], [-120.64505, 47.24799], [-120.63209, 47.24803], [-120.63212, 47.2541]]]}, "properties": {"OBJECTID": 334371, "ID": "799126735412002921", "CSE_NAME": "LUCKY DAY #1", "STAGE_ID": null, "BLM_PROD": "LODE CLAIM", "CSE_TYPE_NR": "384101", "CSE_NR": "OR101330839", "LEG_CSE_NR": "ORMC18942", "SF_ID": "a02t000000585XCAAY", "CSE_DISP": "Active", "SRC": "LLD", "QLTY": "8: SIMPLE\nFULLY ATTRIBUTED QUARTER SECTION ALL BUCKETS ARE EQUAL\nDOES NOT MATCH PM ANGLES\naliquot\n38 sections retrieved\n605 intersected features retrieved\n24 matching sections found\nsection 1 issimple: True, SIMPLE\nSECTION CONTAINS 5 OR LESS POLYGONS\naliq", "CSE_META": "WA 33 0200N 0170E 001 A SE|WA 33 0200N 0180E 006 A SW", "RCRD_ACRS": 20.66, "Created": 1610668800000, "Modified": 1772123549000, "Shape__Length": 0.07312159582764369, "Shape__Area": 0.00011910563437191302}}, {"type": "Feature", "id": 334372, "geometry": {"type": "Polygon", "coordinates": [[[-120.63212, 47.2541], [-120.64512, 47.25408], [-120.64513, 47.25467], [-120.65045, 47.25468], [-120.65373, 47.25469], [-120.65374, 47.25414], [-120.65577, 47.25413], [-120.65576, 47.25381], [-120.65576, 47.25368], [-120.65486, 47.25368], [-120.65479, 47.25281], [-120.65338, 47.2528], [-120.65339, 47.25192], [-120.65143, 47.2519], [-120.65139, 47.2512], [-120.65041, 47.25121], [-120.6493, 47.25122], [-120.64798, 47.25124], [-120.64793, 47.25066], [-120.64787, 47.25009], [-120.64508, 47.25008], [-120.64506, 47.2487], [-120.64922, 47.24871], [-120.64929, 47.24925], [-120.65039, 47.24926], [-120.65038, 47.24748], [-120.64505, 47.2475], [-120.64505, 47.24799], [-120.63209, 47.24803], [-120.63212, 47.2541]]]}, "properties": {"OBJECTID": 334372, "ID": "799126714947993705", "CSE_NAME": "LUCKY DAY #2", "STAGE_ID": null, "BLM_PROD": "LODE CLAIM", "CSE_TYPE_NR": "384101", "CSE_NR": "OR101480680", "LEG_CSE_NR": "ORMC18943", "SF_ID": "a02t000000584ziAAA", "CSE_DISP": "Active", "SRC": "LLD", "QLTY": "8: SIMPLE\nFULLY ATTRIBUTED QUARTER SECTION ALL BUCKETS ARE EQUAL\nDOES NOT MATCH PM ANGLES\naliquot\n38 sections retrieved\n605 intersected features retrieved\n24 matching sections found\nsection 1 issimple: True, SIMPLE\nSECTION CONTAINS 5 OR LESS POLYGONS\naliq", "CSE_META": "WA 33 0200N 0170E 001 A SE|WA 33 0200N 0180E 006 A SW", "RCRD_ACRS": 20.66, "Created": 1610668800000, "Modified": 1772123549000, "Shape__Length": 0.07312159582764369, "Shape__Area": 0.00011910563437191302}}, {"type": "Feature", "id": 334373, "geometry": {"type": "Polygon", "coordinates": [[[-120.63212, 47.2541], [-120.64513, 47.25408], [-120.64505, 47.24799], [-120.63209, 47.24803], [-120.63212, 47.2541]]]}, "properties": {"OBJECTID": 334373, "ID": "799126732765397085", "CSE_NAME": "LUCKY DAY #3", "STAGE_ID": null, "BLM_PROD": "LODE CLAIM", "CSE_TYPE_NR": "384101", "CSE_NR": "OR101432572", "LEG_CSE_NR": "ORMC18944", "SF_ID": "a02t0000005859TAAQ", "CSE_DISP": "Active", "SRC": "LLD", "QLTY": "8: SIMPLE\nSECTION CONTAINS 5 OR LESS POLYGONS\naliquot\n36 sections retrieved\n36 intersected features retrieved\n1 matching sections found\nsection 6 issimple: False", "CSE_META": "WA 33 0200N 0180E 006 A SW", "RCRD_ACRS": 20.66, "Created": 1610668800000, "Modified": 1772123549000, "Shape__Length": 0.03812534168451185, "Shape__Area": 7.893321219051352e-05}}, {"type": "Feature", "id": 334528, "geometry": {"type": "Polygon", "coordinates": [[[-120.63081, 47.27466], [-120.6412, 47.27468], [-120.64124, 47.26745], [-120.63079, 47.26744], [-120.63081, 47.27466]]]}, "properties": {"OBJECTID": 334528, "ID": "799126733067386932", "CSE_NAME": "BULL FROG", "STAGE_ID": null, "BLM_PROD": "Lode Claim", "CSE_TYPE_NR": "384101", "CSE_NR": "OR101433654", "LEG_CSE_NR": "ORMC34125", "SF_ID": "a02t000000586JyAAI", "CSE_DISP": "Active", "SRC": "LLD", "QLTY": "8: SIMPLE\nSECTION CONTAINS 5 OR LESS POLYGONS\naliquot\n36 sections retrieved\n36 intersected features retrieved\n1 matching sections found\nsection 31 issimple: False", "CSE_META": "WA 33 0210N 0180E 031 A NW", "RCRD_ACRS": 20.66, "Created": 1610668800000, "Modified": 1728174288000, "Shape__Length": 0.035283966852723975, "Shape__Area": 7.525952599928051e-05}}, {"type": "Feature", "id": 334638, "geometry": {"type": "MultiPolygon", "coordinates": [[[[-120.69439, 47.2601], [-120.68377, 47.26012], [-120.68376, 47.26739], [-120.69436, 47.26737], [-120.69439, 47.2601]]], [[[-120.69825, 47.26008], [-120.69826, 47.25822], [-120.69826, 47.25692], [-120.69827, 47.25461], [-120.69295, 47.25462], [-120.68763, 47.25462], [-120.68761, 47.25693], [-120.6876, 47.25822], [-120.6876, 47.25825], [-120.68759, 47.2601], [-120.68905, 47.2601], [-120.6929, 47.26009], [-120.69292, 47.26009], [-120.69436, 47.26009], [-120.69463, 47.26009], [-120.69639, 47.26009], [-120.69822, 47.26008], [-120.69825, 47.26008]]]]}, "properties": {"OBJECTID": 334638, "ID": "799126733105135642", "CSE_NAME": "GOLD ROCK", "STAGE_ID": null, "BLM_PROD": "Lode Claim", "CSE_TYPE_NR": "384101", "CSE_NR": "OR101434109", "LEG_CSE_NR": "ORMC57587", "SF_ID": "a02t000000587COAAY", "CSE_DISP": "Active", "SRC": "LLD", "QLTY": "8: SIMPLE\nFULLY ATTRIBUTED QUARTER SECTION ALL BUCKETS ARE EQUAL\naliquot\n38 sections retrieved\n605 intersected features retrieved\n16 matching sections found\n4 alias QQs added\nsection 3 issimple: True, MIDPOINT\nSECTION CONTAINS 5 OR LESS POLYGONS\naliquot\n3", "CSE_META": "WA 33 0200N 0170E 003 A NE|WA 33 0210N 0170E 034 A SE", "RCRD_ACRS": 20.66, "Created": 1610668800000, "Modified": 1728174365000, "Shape__Length": 0.06802201242215442, "Shape__Area": 0.00013547072879078654}}, {"type": "Feature", "id": 334639, "geometry": {"type": "Polygon", "coordinates": [[[-120.69826, 47.25822], [-120.69826, 47.25692], [-120.69827, 47.25461], [-120.69295, 47.25462], [-120.68763, 47.25462], [-120.68761, 47.25693], [-120.6876, 47.25822], [-120.6876, 47.25825], [-120.68759, 47.2601], [-120.68905, 47.2601], [-120.6929, 47.26009], [-120.69292, 47.26009], [-120.69436, 47.26009], [-120.69463, 47.26009], [-120.69639, 47.26009], [-120.69822, 47.26008], [-120.69825, 47.26008], [-120.69826, 47.25822]]]}, "properties": {"OBJECTID": 334639, "ID": "799126732601819157", "CSE_NAME": "GOLD ARM", "STAGE_ID": null, "BLM_PROD": "Lode Claim", "CSE_TYPE_NR": "384101", "CSE_NR": "OR101430707", "LEG_CSE_NR": "ORMC57588", "SF_ID": "a02t000000584A5AAI", "CSE_DISP": "Active", "SRC": "LLD", "QLTY": "1: SIMPLE\nFULLY ATTRIBUTED QUARTER SECTION ALL BUCKETS ARE EQUAL\naliquot\n38 sections retrieved\n605 intersected features retrieved\n16 matching sections found\n4 alias QQs added\nsection 3 issimple: True", "CSE_META": "WA 33 0200N 0170E 003 A NE", "RCRD_ACRS": 20.66, "Created": 1610668800000, "Modified": 1728174084000, "Shape__Length": 0.03225903794348792, "Shape__Area": 5.8335255301270016e-05}}, {"type": "Feature", "id": 334640, "geometry": {"type": "MultiPolygon", "coordinates": [[[[-120.65374, 47.25414], [-120.65577, 47.25413], [-120.65576, 47.25381], [-120.65576, 47.25368], [-120.65486, 47.25368], [-120.65479, 47.25281], [-120.65338, 47.2528], [-120.65339, 47.25192], [-120.65143, 47.2519], [-120.65139, 47.2512], [-120.65041, 47.25121], [-120.6493, 47.25122], [-120.64798, 47.25124], [-120.64793, 47.25066], [-120.64787, 47.25009], [-120.64507, 47.25008], [-120.64508, 47.25023], [-120.64508, 47.25067], [-120.64509, 47.2516], [-120.64511, 47.25292], [-120.64512, 47.25384], [-120.64513, 47.25467], [-120.65045, 47.25468], [-120.65373, 47.25469], [-120.65374, 47.25414]]], [[[-120.65039, 47.24926], [-120.65038, 47.24748], [-120.64505, 47.2475], [-120.64505, 47.24799], [-120.64505, 47.24858], [-120.64505, 47.2487], [-120.64922, 47.24871], [-120.64929, 47.24925], [-120.65039, 47.24926]]]]}, "properties": {"OBJECTID": 334640, "ID": "799126715036074156", "CSE_NAME": "LUCKY DAY FRAC #1", "STAGE_ID": null, "BLM_PROD": "LODE CLAIM", "CSE_TYPE_NR": "384101", "CSE_NR": "OR101482420", "LEG_CSE_NR": "ORMC62484", "SF_ID": "a02t000000584RwAAI", "CSE_DISP": "Active", "SRC": "LLD", "QLTY": "1: SIMPLE\nFULLY ATTRIBUTED QUARTER SECTION ALL BUCKETS ARE EQUAL\nDOES NOT MATCH PM ANGLES\naliquot\n38 sections retrieved\n605 intersected features retrieved\n24 matching sections found\nsection 1 issimple: True", "CSE_META": "WA 33 0200N 0170E 001 A SE", "RCRD_ACRS": 15.15, "Created": 1610668800000, "Modified": 1772123549000, "Shape__Length": 0.044441294851399575, "Shape__Area": 4.018649747205551e-05}}, {"type": "Feature", "id": 334641, "geometry": {"type": "MultiPolygon", "coordinates": [[[[-120.65369, 47.25636], [-120.65373, 47.25469], [-120.65374, 47.25414], [-120.65577, 47.25413], [-120.65576, 47.25381], [-120.65576, 47.25368], [-120.65486, 47.25368], [-120.65479, 47.25281], [-120.65338, 47.2528], [-120.65339, 47.25192], [-120.65143, 47.2519], [-120.65139, 47.2512], [-120.65041, 47.25121], [-120.6493, 47.25122], [-120.64798, 47.25124], [-120.64793, 47.25066], [-120.64787, 47.25009], [-120.64507, 47.25008], [-120.64508, 47.25023], [-120.64508, 47.25067], [-120.64509, 47.2516], [-120.64511, 47.25292], [-120.64512, 47.25384], [-120.64513, 47.25467], [-120.64513, 47.2547], [-120.64514, 47.25528], [-120.64516, 47.257], [-120.64518, 47.25829], [-120.64518, 47.25832], [-120.6452, 47.26017], [-120.65048, 47.26017], [-120.65052, 47.26017], [-120.65095, 47.26017], [-120.65096, 47.26017], [-120.65102, 47.25851], [-120.65172, 47.2585], [-120.65172, 47.25828], [-120.65172, 47.25699], [-120.65172, 47.25638], [-120.65369, 47.25636]]], [[[-120.64929, 47.24925], [-120.65039, 47.24926], [-120.65038, 47.24748], [-120.64505, 47.2475], [-120.64505, 47.24799], [-120.64505, 47.24858], [-120.64505, 47.2487], [-120.64922, 47.24871], [-120.64929, 47.24925]]], [[[-120.65518, 47.26016], [-120.65532, 47.26016], [-120.6558, 47.26016], [-120.65584, 47.26016], [-120.65582, 47.2584], [-120.65522, 47.25838], [-120.65518, 47.26016]]]]}, "properties": {"OBJECTID": 334641, "ID": "799126732694093837", "CSE_NAME": "LUCKY DAY FRAC #2", "STAGE_ID": null, "BLM_PROD": "LODE CLAIM", "CSE_TYPE_NR": "384101", "CSE_NR": "OR101431871", "LEG_CSE_NR": "ORMC62485", "SF_ID": "a02t000000584WRAAY", "CSE_DISP": "Active", "SRC": "LLD", "QLTY": "1: SIMPLE\nFULLY ATTRIBUTED QUARTER SECTION ALL BUCKETS ARE EQUAL\nDOES NOT MATCH PM ANGLES\naliquot\n38 sections retrieved\n605 intersected features retrieved\n24 matching sections found\nsection 1 issimple: True, SIMPLE\nFULLY ATTRIBUTED QUARTER SECTION ALL BUC", "CSE_META": "WA 33 0200N 0170E 001 A NE|WA 33 0200N 0170E 001 A SE", "RCRD_ACRS": 9.91, "Created": 1610668800000, "Modified": 1772123549000, "Shape__Length": 0.06001970186305592, "Shape__Area": 7.941523562093801e-05}}, {"type": "Feature", "id": 334755, "geometry": {"type": "Polygon", "coordinates": [[[-120.69826, 47.25822], [-120.69826, 47.25692], [-120.69827, 47.25461], [-120.69295, 47.25462], [-120.68763, 47.25462], [-120.68761, 47.25693], [-120.6876, 47.25822], [-120.6876, 47.25825], [-120.68759, 47.2601], [-120.68905, 47.2601], [-120.6929, 47.26009], [-120.69292, 47.26009], [-120.69436, 47.26009], [-120.69463, 47.26009], [-120.69639, 47.26009], [-120.69822, 47.26008], [-120.69825, 47.26008], [-120.69826, 47.25822]]]}, "properties": {"OBJECTID": 334755, "ID": "799126733147078780", "CSE_NAME": "VALINTINE", "STAGE_ID": null, "BLM_PROD": "Lode Claim", "CSE_TYPE_NR": "384101", "CSE_NR": "OR101434477", "LEG_CSE_NR": "ORMC89030", "SF_ID": "a02t000000587ScAAI", "CSE_DISP": "Active", "SRC": "LLD", "QLTY": "1: SIMPLE\nFULLY ATTRIBUTED QUARTER SECTION ALL BUCKETS ARE EQUAL\naliquot\n38 sections retrieved\n605 intersected features retrieved\n16 matching sections found\n4 alias QQs added\nsection 3 issimple: True", "CSE_META": "WA 33 0200N 0170E 003 A NE", "RCRD_ACRS": 20.66, "Created": 1610668800000, "Modified": 1728174389000, "Shape__Length": 0.03225903794348792, "Shape__Area": 5.8335255301270016e-05}}, {"type": "Feature", "id": 385311, "geometry": {"type": "Polygon", "coordinates": [[[-120.60831, 47.21192], [-120.6083, 47.21918], [-120.61882, 47.2192], [-120.61885, 47.21194], [-120.60831, 47.21192]]]}, "properties": {"OBJECTID": 385311, "ID": "1142123086208913408", "CSE_NAME": "Liberty", "STAGE_ID": "1142122610289688576", "BLM_PROD": "Lode Claim", "CSE_TYPE_NR": "384101", "CSE_NR": "OR106310645", "LEG_CSE_NR": "", "SF_ID": "a023d00000GsDfkAAF", "CSE_DISP": "Active", "SRC": "LLD", "QLTY": "8; ONLY SECTION IN LLD; MIDPOINT, SECTION CONTAINS 5 OR LESS POLYGONS, aliquot; ONLY SECTION IN LLD; MIDPOINT, SECTION CONTAINS 5 OR LESS POLYGONS, aliquot", "CSE_META": "WA 33 0200N 0180E 017 | WA 33 0200N 0180E 017 A SW | WA 33 0200N 0180E 020 | WA 33 0200N 0180E 020 A NW", "RCRD_ACRS": 0, "Created": 1692316800000, "Modified": 1745971200000, "Shape__Length": 0.03558528785592983, "Shape__Area": 7.646014769202152e-05}}, {"type": "Feature", "id": 388280, "geometry": {"type": "Polygon", "coordinates": [[[-120.58845, 47.34718], [-120.58843, 47.35443], [-120.59909, 47.35438], [-120.59908, 47.34714], [-120.58845, 47.34718]]]}, "properties": {"OBJECTID": 388280, "ID": "1153707808387100672", "CSE_NAME": "Tipping Rock Lode", "STAGE_ID": "1152289277246291968", "BLM_PROD": "Lode Claim", "CSE_TYPE_NR": "384101", "CSE_NR": "OR106318672", "LEG_CSE_NR": "", "SF_ID": "a023d00000H59uWAAR", "CSE_DISP": "Active", "SRC": "LLD", "QLTY": "8; ONLY SECTION IN LLD; MIDPOINT, SECTION CONTAINS 5 OR LESS POLYGONS, aliquot", "CSE_META": "WA 33 0220N 0180E 033 | WA 33 0220N 0180E 033 A SW", "RCRD_ACRS": 0, "Created": 1695081600000, "Modified": 1745971200000, "Shape__Length": 0.03577715772649395, "Shape__Area": 7.710160146297101e-05}}, {"type": "Feature", "id": 388681, "geometry": {"type": "Polygon", "coordinates": [[[-120.65154, 47.42846], [-120.66236, 47.42859], [-120.67296, 47.42859], [-120.67296, 47.41883], [-120.66245, 47.41883], [-120.6516, 47.41883], [-120.65154, 47.42846]]]}, "properties": {"OBJECTID": 388681, "ID": "1156029531333709824", "CSE_NAME": "Mineral No. 5", "STAGE_ID": "1156028918558515200", "BLM_PROD": "LODE CLAIM", "CSE_TYPE_NR": "384101", "CSE_NR": "OR106319482", "LEG_CSE_NR": null, "SF_ID": "a023d00000H7sB9AAJ", "CSE_DISP": "Active", "SRC": "LLD/CLS", "QLTY": "8; SIMPLE, SECTION CONTAINS 5 OR LESS POLYGONS, aliquot; SIMPLE, SECTION CONTAINS 5 OR LESS POLYGONS, DOES NOT MATCH PM ANGLES, aliquot", "CSE_META": "WA 33 0220N 0170E 002 A SE | WA 33 0220N 0170E 001 A SW", "RCRD_ACRS": 20.66, "Created": 1695686400000, "Modified": 1747335712000, "Shape__Length": 0.062163408143885025, "Shape__Area": 0.00020802788258981106}}, {"type": "Feature", "id": 395101, "geometry": {"type": "Polygon", "coordinates": [[[-120.68363, 47.43834], [-120.68896, 47.43834], [-120.6925, 47.43835], [-120.69423, 47.43835], [-120.69957, 47.43835], [-120.70489, 47.43834], [-120.70492, 47.43512], [-120.70493, 47.4333], [-120.70494, 47.42972], [-120.70494, 47.42933], [-120.70496, 47.4261], [-120.70496, 47.42429], [-120.70496, 47.42249], [-120.70497, 47.42065], [-120.70498, 47.41889], [-120.68347, 47.41884], [-120.68344, 47.42248], [-120.68343, 47.42359], [-120.68341, 47.42491], [-120.68341, 47.42563], [-120.68342, 47.4261], [-120.68342, 47.42635], [-120.68343, 47.42742], [-120.68348, 47.42968], [-120.68351, 47.43146], [-120.68355, 47.43327], [-120.6836, 47.43506], [-120.68363, 47.43834]]]}, "properties": {"OBJECTID": 395101, "ID": "1179131031366758400", "CSE_NAME": "Lone Pine", "STAGE_ID": "1179130146121187328", "BLM_PROD": "Lode Claim", "CSE_TYPE_NR": "384101", "CSE_NR": "OR106334793", "LEG_CSE_NR": "", "SF_ID": "a023d00000HVykOAAT", "CSE_DISP": "Active", "SRC": "LLD", "QLTY": "8; ONLY SECTION IN LLD; SIMPLE, SECTION CONTAINS 5 OR LESS POLYGONS, aliquot; ONLY SECTION IN LLD", "CSE_META": "WA 33 0220N 0170E 002 | WA 33 0220N 0170E 002 A SW | WA 33 0220N 0170E 003", "RCRD_ACRS": 0, "Created": 1701129600000, "Modified": 1745971200000, "Shape__Length": 0.08172560463328983, "Shape__Area": 0.00041785460639206113}}, {"type": "Feature", "id": 420043, "geometry": {"type": "Polygon", "coordinates": [[[-120.61881, 47.22641], [-120.632, 47.2264], [-120.63202, 47.21917], [-120.61882, 47.2192], [-120.61881, 47.22641]]]}, "properties": {"OBJECTID": 420043, "ID": "1243288780195119104", "CSE_NAME": "True To The Blue", "STAGE_ID": "1243287013780799488", "BLM_PROD": "LODE CLAIM", "CSE_TYPE_NR": "384101", "CSE_NR": "OR106371086", "LEG_CSE_NR": null, "SF_ID": "a023d00000IaJd6AAF", "CSE_DISP": "Active", "SRC": "LLD", "QLTY": "8; ONLY SECTION IN LLD; SIMPLE, SECTION CONTAINS 5 OR LESS POLYGONS, aliquot", "CSE_META": "WA 33 0200N 0180E 018 | WA 33 0200N 0180E 018 A SE", "RCRD_ACRS": 20.66, "Created": 1716422400000, "Modified": 1754527620000, "Shape__Length": 0.04080855607598889, "Shape__Area": 9.517440086987102e-05}}, {"type": "Feature", "id": 445127, "geometry": {"type": "Polygon", "coordinates": [[[-120.67703, 47.24019], [-120.67701, 47.2438], [-120.67699, 47.24742], [-120.68233, 47.24742], [-120.68504, 47.24742], [-120.68767, 47.24742], [-120.68767, 47.24598], [-120.68768, 47.2438], [-120.68768, 47.2438], [-120.6877, 47.24017], [-120.68237, 47.24018], [-120.67703, 47.24019]]]}, "properties": {"OBJECTID": 445127, "ID": "799126732769591381", "CSE_NAME": "MILL SITE", "STAGE_ID": null, "BLM_PROD": "Mill Site", "CSE_TYPE_NR": "384401", "CSE_NR": "OR101432641", "LEG_CSE_NR": "ORMC49457", "SF_ID": "a02t000000584nYAAQ", "CSE_DISP": "Active", "SRC": "LLD", "QLTY": "1: MIDPOINT\nFULLY ATTRIBUTED QUARTER SECTION ALL BUCKETS ARE EQUAL\naliquot\n38 sections retrieved\n605 intersected features retrieved\n17 matching sections found\nsection 11 issimple: False", "CSE_META": "WA 33 0200N 0170E 011 A NW", "RCRD_ACRS": 5, "Created": 1610668800000, "Modified": 1728174146000, "Shape__Length": 0.03581851611934855, "Shape__Area": 7.725989351683402e-05}}, {"type": "Feature", "id": 447163, "geometry": {"type": "MultiPolygon", "coordinates": [[[[-120.66232, 47.41159], [-120.65157, 47.41158], [-120.6516, 47.41883], [-120.66245, 47.41883], [-120.66232, 47.41159]]], [[[-120.72604, 47.34643], [-120.71536, 47.34642], [-120.71539, 47.35366], [-120.72604, 47.35366], [-120.72604, 47.34643]]]]}, "properties": {"OBJECTID": 447163, "ID": "807330446026268672", "CSE_NAME": "SUNSHINE", "STAGE_ID": "806282297367154688", "BLM_PROD": "Placer Claim", "CSE_TYPE_NR": "384201", "CSE_NR": "OR105222728", "LEG_CSE_NR": "", "SF_ID": "a02t0000006LpXFAA0", "CSE_DISP": "Active", "SRC": "LLD", "QLTY": "15: MIDPOINT\nSECTION CONTAINS 5 OR LESS POLYGONS\naliquot\n36 sections retrieved\n36 intersected features retrieved\n1 matching sections found\nsection 33 issimple: False, MIDPOINT\nSECTION CONTAINS 5 OR LESS POLYGONS\naliquot\n36 sections retrieved\n36 intersecte", "CSE_META": "WA 33 0220N 0170E 033 A SW|WA 33 0220N 0170E 012 A NW|      |      |      ", "RCRD_ACRS": 20, "Created": 1612483200000, "Modified": 1728291543000, "Shape__Length": 0.07187567451184312, "Shape__Area": 0.00015533507175351905}}, {"type": "Feature", "id": 447672, "geometry": {"type": "Polygon", "coordinates": [[[-120.65418, 47.45276], [-120.67135, 47.4528], [-120.67152, 47.43836], [-120.6676, 47.43836], [-120.66228, 47.43835], [-120.65692, 47.43834], [-120.65152, 47.43832], [-120.65003, 47.43831], [-120.64996, 47.44156], [-120.64987, 47.44519], [-120.64979, 47.44883], [-120.6497, 47.45247], [-120.6497, 47.45275], [-120.65418, 47.45276]]]}, "properties": {"OBJECTID": 447672, "ID": "825055086832148480", "CSE_NAME": "Sylivia Nadine", "STAGE_ID": "824061819575488512", "BLM_PROD": "PLACER CLAIM", "CSE_TYPE_NR": "384201", "CSE_NR": "OR105230771", "LEG_CSE_NR": "", "SF_ID": "a02t0000006N9BoAAK", "CSE_DISP": "Active", "SRC": "LLD", "QLTY": "8: MIDPOINT\nSECTION CONTAINS 5 OR LESS POLYGONS\nDOES NOT MATCH PM ANGLES\naliquot\n36 sections retrieved\n36 intersected features retrieved\n1 matching sections found\nsection 36 issimple: False, Map to entire FRSTDIVNO\n", "CSE_META": "WA 33 0230N 0170E 036 A NE|WA 33 0230N 0170E 036 A ALL", "RCRD_ACRS": 40, "Created": 1616716800000, "Modified": 1737676229000, "Shape__Length": 0.07200992772465291, "Shape__Area": 0.00031127712704936256}}, {"type": "Feature", "id": 449824, "geometry": {"type": "Polygon", "coordinates": [[[-120.66637, 47.25104], [-120.66637, 47.25147], [-120.66638, 47.25206], [-120.66638, 47.25274], [-120.6664, 47.25459], [-120.6664, 47.25479], [-120.66644, 47.2568], [-120.66644, 47.25695], [-120.66646, 47.25829], [-120.66646, 47.2583], [-120.66648, 47.26013], [-120.66782, 47.26013], [-120.66783, 47.26013], [-120.67048, 47.26013], [-120.67176, 47.26013], [-120.67178, 47.26013], [-120.67314, 47.26013], [-120.67704, 47.26013], [-120.67844, 47.26013], [-120.68231, 47.26013], [-120.68377, 47.26012], [-120.68759, 47.2601], [-120.6876, 47.25825], [-120.6876, 47.25822], [-120.68761, 47.25693], [-120.68763, 47.25462], [-120.68763, 47.25458], [-120.68763, 47.25376], [-120.68765, 47.25105], [-120.68765, 47.25059], [-120.68767, 47.24742], [-120.68504, 47.24742], [-120.68233, 47.24742], [-120.67699, 47.24742], [-120.67167, 47.24741], [-120.67166, 47.24741], [-120.66632, 47.24743], [-120.66634, 47.24919], [-120.66636, 47.2506], [-120.66637, 47.25104]]]}, "properties": {"OBJECTID": 449824, "ID": "873693562724835328", "CSE_NAME": "Gold Fault", "STAGE_ID": "873692537980846080", "BLM_PROD": "Placer Claim", "CSE_TYPE_NR": "384201", "CSE_NR": "OR105254723", "LEG_CSE_NR": "", "SF_ID": "a02t0000007FmEkAAK", "CSE_DISP": "Active", "SRC": "LLD", "QLTY": "8: Only mapped PLSS First Div\naliquot\n38 sections retrieved\n605 intersected features retrieved\n28 matching sections found\nsection 2 issimple: False, Only mapped PLSS First Div\naliquot\n38 sections retrieved\n605 intersected features retrieved\n28 matching se", "CSE_META": "WA 33 0200N 0170E 002 A S1/2 of the NE1/4 of the NE1/4 of Section 2|WA 33 0200N 0170E 002 A  Township 20 North|WA 33 0200N 0170E 002 A  Range 17 East|WA 33 0200N 0170E 002 A  Willamette Meridian", "RCRD_ACRS": 20, "Created": 1628294400000, "Modified": 1728293162000, "Shape__Length": 0.06784718071230178, "Shape__Area": 0.00026979520316298906}}, {"type": "Feature", "id": 449983, "geometry": {"type": "Polygon", "coordinates": [[[-120.6412, 47.27468], [-120.64119, 47.28189], [-120.65181, 47.2819], [-120.65183, 47.27468], [-120.6412, 47.27468]]]}, "properties": {"OBJECTID": 449983, "ID": "889993126318530560", "CSE_NAME": "Crazy Cat", "STAGE_ID": "889993115870519296", "BLM_PROD": "Placer Claim", "CSE_TYPE_NR": "384201", "CSE_NR": "OR105261293", "LEG_CSE_NR": "", "SF_ID": "a02t0000007G2FVAA0", "CSE_DISP": "Active", "SRC": "LLD", "QLTY": "8: MIDPOINT\nSECTION CONTAINS 5 OR LESS POLYGONS\naliquot\n36 sections retrieved\n37 intersected features retrieved\n1 matching sections found\nsection 25 issimple: False", "CSE_META": "WA 33 0210N 0170E 025 A SE", "RCRD_ACRS": 20, "Created": 1632182400000, "Modified": 1728293368000, "Shape__Length": 0.03568947770191059, "Shape__Area": 7.670327609173902e-05}}, {"type": "Feature", "id": 449984, "geometry": {"type": "Polygon", "coordinates": [[[-120.64129, 47.26023], [-120.64124, 47.26747], [-120.65187, 47.26744], [-120.65191, 47.26019], [-120.64129, 47.26023]]]}, "properties": {"OBJECTID": 449984, "ID": "889993328928702464", "CSE_NAME": "Caterwaul", "STAGE_ID": "889993324969279488", "BLM_PROD": "Placer Claim", "CSE_TYPE_NR": "384201", "CSE_NR": "OR105261292", "LEG_CSE_NR": "", "SF_ID": "a02t0000007G2FUAA0", "CSE_DISP": "Active", "SRC": "LLD", "QLTY": "8: MIDPOINT\nSECTION CONTAINS 5 OR LESS POLYGONS\naliquot\n36 sections retrieved\n37 intersected features retrieved\n1 matching sections found\nsection 36 issimple: False", "CSE_META": "WA 33 0210N 0170E 036 A SE", "RCRD_ACRS": 15.31, "Created": 1632182400000, "Modified": 1728293368000, "Shape__Length": 0.03572757966855222, "Shape__Area": 7.693211290621652e-05}}, {"type": "Feature", "id": 449985, "geometry": {"type": "Polygon", "coordinates": [[[-120.64127, 47.2639], [-120.64126, 47.26479], [-120.64124, 47.26563], [-120.64124, 47.26747], [-120.64123, 47.26992], [-120.64122, 47.27129], [-120.6412, 47.27468], [-120.65183, 47.27468], [-120.66248, 47.27468], [-120.6625, 47.26742], [-120.6625, 47.26741], [-120.66252, 47.26014], [-120.66116, 47.26015], [-120.66113, 47.26015], [-120.65584, 47.26016], [-120.6558, 47.26016], [-120.65532, 47.26016], [-120.65518, 47.26016], [-120.65237, 47.26017], [-120.65096, 47.26017], [-120.65095, 47.26017], [-120.65052, 47.26017], [-120.65048, 47.26017], [-120.6452, 47.26017], [-120.64129, 47.26023], [-120.64127, 47.2639]]]}, "properties": {"OBJECTID": 449985, "ID": "889993552883490816", "CSE_NAME": "Cougar Madness", "STAGE_ID": "888109588245811200", "BLM_PROD": "Placer Claim", "CSE_TYPE_NR": "384201", "CSE_NR": "OR105261291", "LEG_CSE_NR": "", "SF_ID": "a02t0000007G2FTAA0", "CSE_DISP": "Active", "SRC": "LLD", "QLTY": "8: MIDPOINT\nSECTION CONTAINS 5 OR LESS POLYGONS\naliquot\n36 sections retrieved\n37 intersected features retrieved\n1 matching sections found\nsection 36 issimple: False, Map to entire FRSTDIVNO\n", "CSE_META": "WA 33 0210N 0170E 036 A SE|WA 33 0210N 0170E 036 A ALL", "RCRD_ACRS": 17.1, "Created": 1632182400000, "Modified": 1728293368000, "Shape__Length": 0.07149518332041516, "Shape__Area": 0.00030841888524579206}}, {"type": "Feature", "id": 449986, "geometry": {"type": "Polygon", "coordinates": [[[-120.67701, 47.25377], [-120.67701, 47.25105], [-120.677, 47.2506], [-120.677, 47.25007], [-120.677, 47.24829], [-120.67699, 47.24742], [-120.67167, 47.24741], [-120.67166, 47.24741], [-120.66632, 47.24743], [-120.66634, 47.24919], [-120.66636, 47.2506], [-120.66637, 47.25104], [-120.66637, 47.25147], [-120.66793, 47.2513], [-120.66868, 47.25105], [-120.67006, 47.2506], [-120.67168, 47.25007], [-120.67335, 47.24953], [-120.67345, 47.24975], [-120.67369, 47.2506], [-120.67373, 47.25073], [-120.67373, 47.25105], [-120.67373, 47.25115], [-120.67237, 47.25159], [-120.6718, 47.25177], [-120.66858, 47.25283], [-120.66823, 47.25294], [-120.66773, 47.25309], [-120.66719, 47.25318], [-120.66755, 47.25353], [-120.66731, 47.25378], [-120.66653, 47.25456], [-120.6664, 47.25459], [-120.6664, 47.25479], [-120.6664, 47.25479], [-120.66938, 47.25477], [-120.6696, 47.25476], [-120.67171, 47.25475], [-120.67702, 47.2547], [-120.67701, 47.25377]]]}, "properties": {"OBJECTID": 449986, "ID": "889993965116555264", "CSE_NAME": "Liberty Bell", "STAGE_ID": "889993960326660096", "BLM_PROD": "Placer Claim", "CSE_TYPE_NR": "384201", "CSE_NR": "OR105261289", "LEG_CSE_NR": "", "SF_ID": "a02t0000007G2BQAA0", "CSE_DISP": "Active", "SRC": "LLD", "QLTY": "3: SIMPLE\nATTRIBUTE BUCKET, WITHIN BUCKET, INTERSECT BUCKET COUNTS ARE ALL DIFFERENT\naliquot\n38 sections retrieved\n605 intersected features retrieved\n28 matching sections found\nsection 2 issimple: False", "CSE_META": "WA 33 0200N 0170E 002 A SE", "RCRD_ACRS": 20, "Created": 1632182400000, "Modified": 1728293368000, "Shape__Length": 0.0507291995086526, "Shape__Area": 6.440562543623301e-05}}, {"type": "Feature", "id": 449987, "geometry": {"type": "Polygon", "coordinates": [[[-120.64124, 47.26747], [-120.6412, 47.27468], [-120.65183, 47.27468], [-120.65187, 47.26744], [-120.64124, 47.26747]]]}, "properties": {"OBJECTID": 449987, "ID": "889994164245213184", "CSE_NAME": "Cougar Gold", "STAGE_ID": "889994160118018048", "BLM_PROD": "Placer Claim", "CSE_TYPE_NR": "384201", "CSE_NR": "OR105261288", "LEG_CSE_NR": "", "SF_ID": "a02t0000007G2BPAA0", "CSE_DISP": "Active", "SRC": "LLD", "QLTY": "8: MIDPOINT\nSECTION CONTAINS 5 OR LESS POLYGONS\naliquot\n36 sections retrieved\n37 intersected features retrieved\n1 matching sections found\nsection 36 issimple: False", "CSE_META": "WA 33 0210N 0170E 036 A NE", "RCRD_ACRS": 20, "Created": 1632182400000, "Modified": 1728293368000, "Shape__Length": 0.03571068926790141, "Shape__Area": 7.680791566675852e-05}}, {"type": "Feature", "id": 449990, "geometry": {"type": "Polygon", "coordinates": [[[-120.64124, 47.26747], [-120.6412, 47.27468], [-120.65183, 47.27468], [-120.65187, 47.26744], [-120.64124, 47.26747]]]}, "properties": {"OBJECTID": 449990, "ID": "889994394063814656", "CSE_NAME": "Kitty Paradise", "STAGE_ID": "889994383410282496", "BLM_PROD": "Placer Claim", "CSE_TYPE_NR": "384201", "CSE_NR": "OR105261287", "LEG_CSE_NR": "", "SF_ID": "a02t0000007G2BOAA0", "CSE_DISP": "Active", "SRC": "LLD", "QLTY": "8: MIDPOINT\nSECTION CONTAINS 5 OR LESS POLYGONS\naliquot\n36 sections retrieved\n37 intersected features retrieved\n1 matching sections found\nsection 36 issimple: False", "CSE_META": "WA 33 0210N 0170E 036 A NE", "RCRD_ACRS": 20, "Created": 1632182400000, "Modified": 1728293368000, "Shape__Length": 0.03571068926790141, "Shape__Area": 7.680791566675852e-05}}, {"type": "Feature", "id": 450851, "geometry": {"type": "Polygon", "coordinates": [[[-120.68374, 47.27465], [-120.69429, 47.27464], [-120.69752, 47.27464], [-120.69906, 47.27463], [-120.69961, 47.27463], [-120.70491, 47.27463], [-120.70494, 47.27104], [-120.70494, 47.27102], [-120.70494, 47.27101], [-120.70496, 47.26743], [-120.70496, 47.26742], [-120.70496, 47.26735], [-120.70499, 47.26386], [-120.70499, 47.26381], [-120.70499, 47.26371], [-120.70502, 47.26007], [-120.7036, 47.26008], [-120.70359, 47.26008], [-120.69972, 47.26008], [-120.69825, 47.26008], [-120.69822, 47.26008], [-120.69639, 47.26009], [-120.69463, 47.26009], [-120.69436, 47.26009], [-120.69292, 47.26009], [-120.6929, 47.26009], [-120.68905, 47.2601], [-120.68759, 47.2601], [-120.68377, 47.26012], [-120.68376, 47.26378], [-120.68376, 47.26739], [-120.68375, 47.271], [-120.68374, 47.27465]]]}, "properties": {"OBJECTID": 450851, "ID": "918607671412797440", "CSE_NAME": "Bigfoot Bench", "STAGE_ID": "916431270932787200", "BLM_PROD": "Placer Claim", "CSE_TYPE_NR": "384201", "CSE_NR": "OR105276081", "LEG_CSE_NR": "", "SF_ID": "a023d000007AlLtAAK", "CSE_DISP": "Active", "SRC": "LLD/CLS", "QLTY": "8: Map to entire FRSTDIVNO\n, MIDPOINT\nSECTION CONTAINS 5 OR LESS POLYGONS\naliquot\n36 sections retrieved\n37 intersected features retrieved\n1 matching sections found\nsection 34 issimple: False", "CSE_META": "WA 33 0210N 0170E 034 A ALL|WA 33 0210N 0170E 034 A SE", "RCRD_ACRS": 20, "Created": 1639008000000, "Modified": 1728142915000, "Shape__Length": 0.07149811084102956, "Shape__Area": 0.0003084748249896636}}, {"type": "Feature", "id": 452338, "geometry": {"type": "Polygon", "coordinates": [[[-120.64608, 47.27123], [-120.65174, 47.2714], [-120.65174, 47.2697], [-120.64608, 47.2696], [-120.64608, 47.27123]]]}, "properties": {"OBJECTID": 452338, "ID": "939710346283823104", "CSE_NAME": "Lucky Strikes 2", "STAGE_ID": "939708957029679104", "BLM_PROD": "PLACER CLAIM", "CSE_TYPE_NR": "384201", "CSE_NR": "OR105293008", "LEG_CSE_NR": null, "SF_ID": "a023d000009jLAnAAM", "CSE_DISP": "Active", "SRC": "PLSS", "QLTY": "100", "CSE_META": "WA 33 0210N 0170E 036 A NW", "RCRD_ACRS": 19.22, "Created": 1644105600000, "Modified": 1770323510000, "Shape__Length": 0.01465343278194063, "Shape__Area": 9.423895505000502e-06}}, {"type": "Feature", "id": 452339, "geometry": {"type": "Polygon", "coordinates": [[[-120.65187, 47.26744], [-120.65183, 47.27468], [-120.66248, 47.27468], [-120.6625, 47.26741], [-120.65187, 47.26744]]]}, "properties": {"OBJECTID": 452339, "ID": "939720500094038016", "CSE_NAME": "Lucky Strikes 4", "STAGE_ID": "939718606244171776", "BLM_PROD": "PLACER CLAIM", "CSE_TYPE_NR": "384201", "CSE_NR": "OR105293010", "LEG_CSE_NR": null, "SF_ID": "a023d000009jMl0AAE", "CSE_DISP": "Active", "SRC": "LLD", "QLTY": "8: MIDPOINT\nSECTION CONTAINS 5 OR LESS POLYGONS\naliquot\n36 sections retrieved\n37 intersected features retrieved\n1 matching sections found\nsection 36 issimple: False", "CSE_META": "WA 33 0210N 0170E 036 A NW", "RCRD_ACRS": 19.98, "Created": 1644105600000, "Modified": 1755288477000, "Shape__Length": 0.035792928270311504, "Shape__Area": 7.719895871309302e-05}}, {"type": "Feature", "id": 452810, "geometry": {"type": "Polygon", "coordinates": [[[-120.66777, 47.27], [-120.66777, 47.27157], [-120.673, 47.27157], [-120.673, 47.27], [-120.66777, 47.27]]]}, "properties": {"OBJECTID": 452810, "ID": "941899580784680960", "CSE_NAME": "Lion Gulch #2", "STAGE_ID": "941899157470367744", "BLM_PROD": "Placer Claim", "CSE_TYPE_NR": "384201", "CSE_NR": "OR105295470", "LEG_CSE_NR": "", "SF_ID": "a023d000009pvJsAAI", "CSE_DISP": "Filed", "SRC": "PLSS", "QLTY": "100", "CSE_META": "WA 33 0210N 0170E 035 A NE", "RCRD_ACRS": 19.93, "Created": 1644624000000, "Modified": 1728143369000, "Shape__Length": 0.013599996000000416, "Shape__Area": 8.211095030001002e-06}}, {"type": "Feature", "id": 452811, "geometry": {"type": "Polygon", "coordinates": [[[-120.66475, 47.27157], [-120.66475, 47.27371], [-120.66985, 47.27371], [-120.66985, 47.27157], [-120.66475, 47.27157]]]}, "properties": {"OBJECTID": 452811, "ID": "941902465945718784", "CSE_NAME": "Lion Gulch Gold #3", "STAGE_ID": "941902070116663296", "BLM_PROD": "Placer Claim", "CSE_TYPE_NR": "384201", "CSE_NR": "OR105295471", "LEG_CSE_NR": "", "SF_ID": "a023d000009xs7VAAQ", "CSE_DISP": "Filed", "SRC": "PLSS", "QLTY": "100", "CSE_META": "WA 33 0210N 0170E 035 A NE", "RCRD_ACRS": 19.66, "Created": 1644624000000, "Modified": 1728143370000, "Shape__Length": 0.014479998000000665, "Shape__Area": 1.0913997860001002e-05}}, {"type": "Feature", "id": 452812, "geometry": {"type": "Polygon", "coordinates": [[[-120.66475, 47.27371], [-120.66399, 47.27564], [-120.66941, 47.27564], [-120.66985, 47.27371], [-120.66475, 47.27371]]]}, "properties": {"OBJECTID": 452812, "ID": "941903354966192128", "CSE_NAME": "Lion Gulch Gold #4", "STAGE_ID": "941902892334465024", "BLM_PROD": "Placer Claim", "CSE_TYPE_NR": "384201", "CSE_NR": "OR105295472", "LEG_CSE_NR": "", "SF_ID": "a023d000009xvbXAAQ", "CSE_DISP": "Filed", "SRC": "PLSS", "QLTY": "100", "CSE_META": "WA 33 0210N 0170E 035 A NE|WA 33 0210N 0170E 026 A SE", "RCRD_ACRS": 19.66, "Created": 1644624000000, "Modified": 1728143370000, "Shape__Length": 0.014573764995142603, "Shape__Area": 1.0151798670000003e-05}}, {"type": "Feature", "id": 452813, "geometry": {"type": "Polygon", "coordinates": [[[-120.66774, 47.27564], [-120.66774, 47.27752], [-120.67343, 47.27762], [-120.67343, 47.27564], [-120.66774, 47.27564]]]}, "properties": {"OBJECTID": 452813, "ID": "941905071925522432", "CSE_NAME": "Lion Gulch Gold #5", "STAGE_ID": "941904457220939776", "BLM_PROD": "Placer Claim", "CSE_TYPE_NR": "384201", "CSE_NR": "OR105295473", "LEG_CSE_NR": "", "SF_ID": "a023d000009xw3NAAQ", "CSE_DISP": "Filed", "SRC": "PLSS", "QLTY": "100", "CSE_META": "WA 33 0210N 0170E 026 A SE", "RCRD_ACRS": 19.98, "Created": 1644624000000, "Modified": 1728143370000, "Shape__Length": 0.01524087668450605, "Shape__Area": 1.0981698120001002e-05}}, {"type": "Feature", "id": 453636, "geometry": {"type": "Polygon", "coordinates": [[[-120.69433, 47.27464], [-120.69433, 47.28187], [-120.69432, 47.28911], [-120.70496, 47.28912], [-120.70494, 47.28187], [-120.70491, 47.27463], [-120.69433, 47.27464]]]}, "properties": {"OBJECTID": 453636, "ID": "952955560142225408", "CSE_NAME": "Dip-Z-Doodle", "STAGE_ID": "949418651981828096", "BLM_PROD": "PLACER CLAIM", "CSE_TYPE_NR": "384201", "CSE_NR": "OR105297413", "LEG_CSE_NR": null, "SF_ID": "a023d00000AJnLAAA1", "CSE_DISP": "Active", "SRC": "LLD/CLS", "QLTY": "8; MIDPOINT, SECTION CONTAINS 5 OR LESS POLYGONS, aliquot; MIDPOINT, SECTION CONTAINS 5 OR LESS POLYGONS, aliquot", "CSE_META": "WA 33 0210N 0170E 027 A NW | WA 33 0210N 0170E 027 A SW", "RCRD_ACRS": 0, "Created": 1647216000000, "Modified": 1765387317000, "Shape__Length": 0.050181914409227785, "Shape__Area": 0.00015364540343890755}}, {"type": "Feature", "id": 453637, "geometry": {"type": "Polygon", "coordinates": [[[-120.69433, 47.27464], [-120.69433, 47.28187], [-120.70494, 47.28187], [-120.70491, 47.27463], [-120.69433, 47.27464]]]}, "properties": {"OBJECTID": 453637, "ID": "952955704506003456", "CSE_NAME": "Mikki-Mouse", "STAGE_ID": "949418553679892480", "BLM_PROD": "PLACER CLAIM", "CSE_TYPE_NR": "384201", "CSE_NR": "OR105297414", "LEG_CSE_NR": null, "SF_ID": "a023d00000AJnLBAA1", "CSE_DISP": "Active", "SRC": "LLD/CLS", "QLTY": "8; MIDPOINT, SECTION CONTAINS 5 OR LESS POLYGONS, aliquot", "CSE_META": "WA 33 0210N 0170E 027 A SW", "RCRD_ACRS": 0, "Created": 1647216000000, "Modified": 1765387559000, "Shape__Length": 0.035674803283358904, "Shape__Area": 7.672640659499752e-05}}, {"type": "Feature", "id": 453638, "geometry": {"type": "Polygon", "coordinates": [[[-120.65156, 47.39709], [-120.65155, 47.40433], [-120.66218, 47.40435], [-120.66223, 47.39711], [-120.65156, 47.39709]]]}, "properties": {"OBJECTID": 453638, "ID": "952955821061402624", "CSE_NAME": "Peshastin", "STAGE_ID": "949418936976371712", "BLM_PROD": "PLACER CLAIM", "CSE_TYPE_NR": "384201", "CSE_NR": "OR105297415", "LEG_CSE_NR": null, "SF_ID": "a023d00000AJnLCAA1", "CSE_DISP": "Active", "SRC": "LLD/CLS", "QLTY": "8; MIDPOINT, SECTION CONTAINS 5 OR LESS POLYGONS, aliquot", "CSE_META": "WA 33 0220N 0170E 013 NW", "RCRD_ACRS": 8.3, "Created": 1647216000000, "Modified": 1770065100000, "Shape__Length": 0.035788946125465404, "Shape__Area": 7.713467348059203e-05}}, {"type": "Feature", "id": 453639, "geometry": {"type": "Polygon", "coordinates": [[[-120.65418, 47.45276], [-120.67135, 47.4528], [-120.67152, 47.43836], [-120.6676, 47.43836], [-120.66228, 47.43835], [-120.65692, 47.43834], [-120.65152, 47.43832], [-120.65003, 47.43831], [-120.64996, 47.44156], [-120.64987, 47.44519], [-120.64979, 47.44883], [-120.6497, 47.45247], [-120.6497, 47.45275], [-120.65418, 47.45276]]]}, "properties": {"OBJECTID": 453639, "ID": "952956022220328960", "CSE_NAME": "P&T #1", "STAGE_ID": "949419354615926784", "BLM_PROD": "PLACER CLAIM", "CSE_TYPE_NR": "384201", "CSE_NR": "OR105297416", "LEG_CSE_NR": null, "SF_ID": "a023d00000AJnLDAA1", "CSE_DISP": "Active", "SRC": "LLD/CLS", "QLTY": "0; ONLY SECTION IN LLD", "CSE_META": "WA 33 0230N 0170E 036 E SW", "RCRD_ACRS": 0, "Created": 1647216000000, "Modified": 1770068345000, "Shape__Length": 0.07200992772465291, "Shape__Area": 0.00031127712704936256}}, {"type": "Feature", "id": 453640, "geometry": {"type": "Polygon", "coordinates": [[[-120.66078, 47.43834], [-120.66065, 47.44556], [-120.67143, 47.44558], [-120.67152, 47.43836], [-120.66078, 47.43834]]]}, "properties": {"OBJECTID": 453640, "ID": "952956235659984896", "CSE_NAME": "P&T Placer #2", "STAGE_ID": "949419963758755840", "BLM_PROD": "PLACER CLAIM", "CSE_TYPE_NR": "384201", "CSE_NR": "OR105297417", "LEG_CSE_NR": null, "SF_ID": "a023d00000AJnLEAA1", "CSE_DISP": "Active", "SRC": "LLD/CLS", "QLTY": "8; MIDPOINT, SECTION CONTAINS 5 OR LESS POLYGONS, DOES NOT MATCH PM ANGLES, aliquot", "CSE_META": "WA 33 0230N 0170E 036 A SW", "RCRD_ACRS": 16.1, "Created": 1647216000000, "Modified": 1770069068000, "Shape__Length": 0.035964439866950734, "Shape__Area": 7.769315951332651e-05}}, {"type": "Feature", "id": 453641, "geometry": {"type": "Polygon", "coordinates": [[[-120.65418, 47.45276], [-120.67135, 47.4528], [-120.67152, 47.43836], [-120.6676, 47.43836], [-120.66228, 47.43835], [-120.65692, 47.43834], [-120.65152, 47.43832], [-120.65003, 47.43831], [-120.64996, 47.44156], [-120.64987, 47.44519], [-120.64979, 47.44883], [-120.6497, 47.45247], [-120.6497, 47.45275], [-120.65418, 47.45276]]]}, "properties": {"OBJECTID": 453641, "ID": "952956309626572800", "CSE_NAME": "Try Again", "STAGE_ID": "949420434217095168", "BLM_PROD": "PLACER CLAIM", "CSE_TYPE_NR": "384201", "CSE_NR": "OR105297418", "LEG_CSE_NR": null, "SF_ID": "a023d00000AJnLFAA1", "CSE_DISP": "Active", "SRC": "LLD/CLS", "QLTY": "0; ONLY SECTION IN LLD", "CSE_META": "WA 33 0230N 0170E 036 E SW", "RCRD_ACRS": 0, "Created": 1647216000000, "Modified": 1770067720000, "Shape__Length": 0.07200992772465291, "Shape__Area": 0.00031127712704936256}}, {"type": "Feature", "id": 453644, "geometry": {"type": "Polygon", "coordinates": [[[-120.65418, 47.45276], [-120.67135, 47.4528], [-120.67152, 47.43836], [-120.6676, 47.43836], [-120.66228, 47.43835], [-120.65692, 47.43834], [-120.65152, 47.43832], [-120.65003, 47.43831], [-120.64996, 47.44156], [-120.64987, 47.44519], [-120.64979, 47.44883], [-120.6497, 47.45247], [-120.6497, 47.45275], [-120.65418, 47.45276]]]}, "properties": {"OBJECTID": 453644, "ID": "952956636446732288", "CSE_NAME": "Windfall #11", "STAGE_ID": "949420874036051968", "BLM_PROD": "PLACER CLAIM", "CSE_TYPE_NR": "384201", "CSE_NR": "OR105297419", "LEG_CSE_NR": null, "SF_ID": "a023d00000AJnLGAA1", "CSE_DISP": "Active", "SRC": "LLD/CLS", "QLTY": "0; ONLY SECTION IN LLD", "CSE_META": "WA 33 0230N 0170E 036 E NW,NW,SW,SE", "RCRD_ACRS": 0, "Created": 1647216000000, "Modified": 1770068900000, "Shape__Length": 0.07200992772465291, "Shape__Area": 0.00031127712704936256}}, {"type": "Feature", "id": 455353, "geometry": {"type": "Polygon", "coordinates": [[[-120.66766, 47.42859], [-120.66767, 47.42615], [-120.66503, 47.42615], [-120.66238, 47.42615], [-120.66236, 47.42859], [-120.66501, 47.42859], [-120.66766, 47.42859]]]}, "properties": {"OBJECTID": 455353, "ID": "972836453971230720", "CSE_NAME": "CULVER PLACER 1", "STAGE_ID": "972830592263696384", "BLM_PROD": "PLACER CLAIM", "CSE_TYPE_NR": "384201", "CSE_NR": "OR105761457", "LEG_CSE_NR": null, "SF_ID": "a023d00000BxA15AAF", "CSE_DISP": "Active", "SRC": "LLD/CLS", "QLTY": "4.1; 0 intersecting parts, aliquot", "CSE_META": "WA 33 0220N 0170E 002 A N2NESE", "RCRD_ACRS": 20, "Created": 1651968000000, "Modified": 1780679203000, "Shape__Length": 0.01546348242855738, "Shape__Area": 1.2910712471461003e-05}}, {"type": "Feature", "id": 455354, "geometry": {"type": "Polygon", "coordinates": [[[-120.66228, 47.43835], [-120.6676, 47.43836], [-120.67152, 47.43836], [-120.67294, 47.43836], [-120.67828, 47.43835], [-120.68363, 47.43834], [-120.6836, 47.43506], [-120.68355, 47.43327], [-120.68351, 47.43146], [-120.68348, 47.42968], [-120.68343, 47.42742], [-120.68342, 47.42635], [-120.68342, 47.4261], [-120.68341, 47.42563], [-120.68341, 47.42491], [-120.68343, 47.42359], [-120.68344, 47.42248], [-120.68347, 47.41884], [-120.66245, 47.41883], [-120.66242, 47.42061], [-120.6624, 47.42246], [-120.66237, 47.42609], [-120.66236, 47.4262], [-120.66236, 47.4263], [-120.66235, 47.42792], [-120.66234, 47.42869], [-120.66233, 47.42971], [-120.66232, 47.43039], [-120.66231, 47.4315], [-120.6623, 47.43334], [-120.6623, 47.4334], [-120.6623, 47.43346], [-120.66229, 47.43511], [-120.66228, 47.43835]]]}, "properties": {"OBJECTID": 455354, "ID": "972836459004395520", "CSE_NAME": "Culver Placer 2", "STAGE_ID": "972832251589066752", "BLM_PROD": "PLACER CLAIM", "CSE_TYPE_NR": "384201", "CSE_NR": "OR105761456", "LEG_CSE_NR": null, "SF_ID": "a023d00000BxW82AAF", "CSE_DISP": "Active", "SRC": "LLD", "QLTY": "8: Only mapped PLSS First Div\nDOES NOT MATCH PM ANGLES\naliquot\n36 sections retrieved\n36 intersected features retrieved\n1 matching sections found\nsection 2 issimple: False", "CSE_META": "WA 33 0220N 0170E 002 A S1/2SE1/4", "RCRD_ACRS": 20, "Created": 1651968000000, "Modified": 1752007081000, "Shape__Length": 0.08140443701230476, "Shape__Area": 0.0004128395519032146}}, {"type": "Feature", "id": 455355, "geometry": {"type": "Polygon", "coordinates": [[[-120.66228, 47.43835], [-120.6676, 47.43836], [-120.67152, 47.43836], [-120.67294, 47.43836], [-120.67828, 47.43835], [-120.68363, 47.43834], [-120.6836, 47.43506], [-120.68355, 47.43327], [-120.68351, 47.43146], [-120.68348, 47.42968], [-120.68343, 47.42742], [-120.68342, 47.42635], [-120.68342, 47.4261], [-120.68341, 47.42563], [-120.68341, 47.42491], [-120.68343, 47.42359], [-120.68344, 47.42248], [-120.68347, 47.41884], [-120.66245, 47.41883], [-120.66242, 47.42061], [-120.6624, 47.42246], [-120.66237, 47.42609], [-120.66236, 47.4262], [-120.66236, 47.4263], [-120.66235, 47.42792], [-120.66234, 47.42869], [-120.66233, 47.42971], [-120.66232, 47.43039], [-120.66231, 47.4315], [-120.6623, 47.43334], [-120.6623, 47.4334], [-120.6623, 47.43346], [-120.66229, 47.43511], [-120.66228, 47.43835]]]}, "properties": {"OBJECTID": 455355, "ID": "972836463408414720", "CSE_NAME": "Culver Placer 3", "STAGE_ID": "972833676192874496", "BLM_PROD": "PLACER CLAIM", "CSE_TYPE_NR": "384201", "CSE_NR": "OR105761458", "LEG_CSE_NR": null, "SF_ID": "a023d00000BxW8MAAV", "CSE_DISP": "Active", "SRC": "LLD", "QLTY": "0: Map to entire FRSTDIVNO\n", "CSE_META": "WA 33 0220N 0170E 002 A ALL", "RCRD_ACRS": 20, "Created": 1651968000000, "Modified": 1752007081000, "Shape__Length": 0.08140443701230476, "Shape__Area": 0.0004128395519032146}}, {"type": "Feature", "id": 455356, "geometry": {"type": "Polygon", "coordinates": [[[-120.66228, 47.43835], [-120.6676, 47.43836], [-120.67152, 47.43836], [-120.67294, 47.43836], [-120.67828, 47.43835], [-120.68363, 47.43834], [-120.6836, 47.43506], [-120.68355, 47.43327], [-120.68351, 47.43146], [-120.68348, 47.42968], [-120.68343, 47.42742], [-120.68342, 47.42635], [-120.68342, 47.4261], [-120.68341, 47.42563], [-120.68341, 47.42491], [-120.68343, 47.42359], [-120.68344, 47.42248], [-120.68347, 47.41884], [-120.66245, 47.41883], [-120.66242, 47.42061], [-120.6624, 47.42246], [-120.66237, 47.42609], [-120.66236, 47.4262], [-120.66236, 47.4263], [-120.66235, 47.42792], [-120.66234, 47.42869], [-120.66233, 47.42971], [-120.66232, 47.43039], [-120.66231, 47.4315], [-120.6623, 47.43334], [-120.6623, 47.4334], [-120.6623, 47.43346], [-120.66229, 47.43511], [-120.66228, 47.43835]]]}, "properties": {"OBJECTID": 455356, "ID": "972836467862765568", "CSE_NAME": "Culver Placer 4", "STAGE_ID": "972834731110567936", "BLM_PROD": "PLACER CLAIM", "CSE_TYPE_NR": "384201", "CSE_NR": "OR105761459", "LEG_CSE_NR": null, "SF_ID": "a023d00000BxW8RAAV", "CSE_DISP": "Active", "SRC": "LLD/CLS", "QLTY": "8.2; 0 Lot features, No Direct Match,Possible PLSS Attribute Error, Roll up to Section", "CSE_META": "WA 33 0220N 0170E 002 L 11", "RCRD_ACRS": 20, "Created": 1651968000000, "Modified": 1780678260000, "Shape__Length": 0.08140443701230476, "Shape__Area": 0.0004128395519032146}}, {"type": "Feature", "id": 455652, "geometry": {"type": "Polygon", "coordinates": [[[-120.68767, 47.24742], [-120.68765, 47.25059], [-120.68765, 47.25105], [-120.68763, 47.25376], [-120.68763, 47.25458], [-120.68763, 47.25462], [-120.68761, 47.25693], [-120.6876, 47.25822], [-120.6876, 47.25825], [-120.68759, 47.2601], [-120.68905, 47.2601], [-120.6929, 47.26009], [-120.69292, 47.26009], [-120.69436, 47.26009], [-120.69463, 47.26009], [-120.69639, 47.26009], [-120.69822, 47.26008], [-120.69825, 47.26008], [-120.69972, 47.26008], [-120.70359, 47.26008], [-120.7036, 47.26008], [-120.70502, 47.26007], [-120.70892, 47.26006], [-120.70892, 47.25828], [-120.70892, 47.25819], [-120.70892, 47.2569], [-120.70892, 47.25466], [-120.70892, 47.25461], [-120.70892, 47.25374], [-120.70892, 47.25105], [-120.70892, 47.25059], [-120.70892, 47.24743], [-120.70361, 47.24748], [-120.69829, 47.24752], [-120.69825, 47.24752], [-120.69598, 47.2475], [-120.69407, 47.24748], [-120.69349, 47.24747], [-120.69298, 47.24747], [-120.6929, 47.24746], [-120.68767, 47.24742]]]}, "properties": {"OBJECTID": 455652, "ID": "986319451769155584", "CSE_NAME": "Edna G2 Fraction", "STAGE_ID": "984825858038587392", "BLM_PROD": "PLACER CLAIM", "CSE_TYPE_NR": "384201", "CSE_NR": "OR105768766", "LEG_CSE_NR": "", "SF_ID": "a023d00000DCSJ7AAP", "CSE_DISP": "Active", "SRC": "LLD/CLS", "QLTY": "8: WA330200N0170E0SN030ASWNE\n38 sections retrieved\n605 intersected features retrieved, WA330200N0170E0SN030ASENE\n38 sections retrieved\n605 intersected features retrieved, Only mapped PLSS First Div\naliquot\n38 sections retrieved\n605 intersected features re", "CSE_META": "WA 33 0200N 0170E 003 A SWNE|WA 33 0200N 0170E 003 A SENE|WA 33 0200N 0170E 003 A Government Lot 1|WA 33 0200N 0170E 003 A Government Lot 2|WA 33 0200N 0170E 003 A NE", "RCRD_ACRS": 20, "Created": 1655164800000, "Modified": 1741363185000, "Shape__Length": 0.06789212794992566, "Shape__Area": 0.0002684923465760971}}, {"type": "Feature", "id": 455852, "geometry": {"type": "Polygon", "coordinates": [[[-120.66236, 47.42859], [-120.6624, 47.42371], [-120.65699, 47.42368], [-120.65695, 47.42853], [-120.66236, 47.42859]]]}, "properties": {"OBJECTID": 455852, "ID": "989539770080280576", "CSE_NAME": "CULVER PLACER 7", "STAGE_ID": "989538385737637888", "BLM_PROD": "PLACER CLAIM", "CSE_TYPE_NR": "384201", "CSE_NR": "OR105770838", "LEG_CSE_NR": null, "SF_ID": "a023d00000Dy5EpAAJ", "CSE_DISP": "Active", "SRC": "LLD", "QLTY": "4.1; ONLY SECTION IN LLD; 0 intersecting parts, aliquot", "CSE_META": "WA 33 0220N 0170E 001 | WA 33 0220N 0170E 001 NWSW", "RCRD_ACRS": 20, "Created": 1655942400000, "Modified": 1752007082000, "Shape__Length": 0.020554483766260866, "Shape__Area": 2.6330190438420008e-05}}, {"type": "Feature", "id": 457243, "geometry": {"type": "MultiPolygon", "coordinates": [[[[-120.64978, 47.85741], [-120.64975, 47.86075], [-120.65568, 47.8608], [-120.661, 47.86085], [-120.66642, 47.8609], [-120.67182, 47.86094], [-120.67189, 47.8501], [-120.67192, 47.84647], [-120.66654, 47.84644], [-120.66114, 47.84641], [-120.65574, 47.84637], [-120.6499, 47.84633], [-120.64989, 47.84659], [-120.64986, 47.84992], [-120.64985, 47.85022], [-120.64982, 47.85352], [-120.64982, 47.85384], [-120.64979, 47.85715], [-120.64978, 47.85741]]], [[[-120.66218, 47.40435], [-120.65155, 47.40433], [-120.65157, 47.41158], [-120.6516, 47.41883], [-120.66245, 47.41883], [-120.66232, 47.41159], [-120.66218, 47.40435]]]]}, "properties": {"OBJECTID": 457243, "ID": "1009589958815674368", "CSE_NAME": "Abbie Ann", "STAGE_ID": "1007680344041791488", "BLM_PROD": "Placer Claim", "CSE_TYPE_NR": "384201", "CSE_NR": "OR105779022", "LEG_CSE_NR": "", "SF_ID": "a023d00000EMVhgAAH", "CSE_DISP": "Active", "SRC": "LLD", "QLTY": "8: MIDPOINT\nSECTION CONTAINS 5 OR LESS POLYGONS\naliquot\n36 sections retrieved\n36 intersected features retrieved\n1 matching sections found\nsection 12 issimple: False, Map to entire FRSTDIVNO\n, MIDPOINT\nSECTION CONTAINS 5 OR LESS POLYGONS\naliquot\n36 section", "CSE_META": "WA 33 0220N 0170E 012 A NW|WA 33 0270N 0170E 012 A ALL|WA 33 0220N 0170E 012 A SW", "RCRD_ACRS": 37.1, "Created": 1660694400000, "Modified": 1728154171000, "Shape__Length": 0.12344083903246125, "Shape__Area": 0.0004740921926778161}}, {"type": "Feature", "id": 457651, "geometry": {"type": "Polygon", "coordinates": [[[-120.6835, 47.31804], [-120.68348, 47.32207], [-120.68348, 47.32266], [-120.68346, 47.32621], [-120.68346, 47.32712], [-120.68345, 47.32892], [-120.68343, 47.33254], [-120.70472, 47.33249], [-120.70486, 47.31803], [-120.69418, 47.31803], [-120.69366, 47.31803], [-120.69351, 47.31803], [-120.69344, 47.31803], [-120.69337, 47.31803], [-120.69218, 47.31803], [-120.69174, 47.31803], [-120.69163, 47.31804], [-120.69159, 47.31804], [-120.6835, 47.31804]]]}, "properties": {"OBJECTID": 457651, "ID": "1025172196793888768", "CSE_NAME": "Lefty's Dream", "STAGE_ID": "1025084847779065856", "BLM_PROD": "Placer Claim", "CSE_TYPE_NR": "384201", "CSE_NR": "OR105786566", "LEG_CSE_NR": "", "SF_ID": "a023d00000EhnqvAAB", "CSE_DISP": "Active", "SRC": "LLD/CLS", "QLTY": "8: Map to entire FRSTDIVNO\n, MIDPOINT\nSECTION CONTAINS 5 OR LESS POLYGONS\naliquot\n36 sections retrieved\n37 intersected features retrieved\n1 matching sections found\nsection 10 issimple: False", "CSE_META": "WA 33 0210N 0170E 010 A ALL|WA 33 0210N 0170E 010 A SE", "RCRD_ACRS": 20, "Created": 1664409600000, "Modified": 1728154329000, "Shape__Length": 0.07160831141365741, "Shape__Area": 0.00030878448108848257}}, {"type": "Feature", "id": 457652, "geometry": {"type": "Polygon", "coordinates": [[[-120.69418, 47.31803], [-120.69366, 47.31803], [-120.69351, 47.31803], [-120.69344, 47.31803], [-120.69337, 47.31803], [-120.69218, 47.31803], [-120.69174, 47.31803], [-120.69163, 47.31804], [-120.69151, 47.31804], [-120.68884, 47.31804], [-120.6835, 47.31804], [-120.68349, 47.32077], [-120.6835, 47.32143], [-120.68349, 47.32154], [-120.68348, 47.32165], [-120.68348, 47.32266], [-120.68346, 47.32621], [-120.68346, 47.32712], [-120.68345, 47.32892], [-120.68343, 47.33254], [-120.70472, 47.33249], [-120.70479, 47.32526], [-120.70486, 47.31803], [-120.69418, 47.31803]]]}, "properties": {"OBJECTID": 457652, "ID": "1025172588898410496", "CSE_NAME": "Lefty's Escape", "STAGE_ID": "1025084515548352512", "BLM_PROD": "Placer Claim", "CSE_TYPE_NR": "384201", "CSE_NR": "OR105786565", "LEG_CSE_NR": "", "SF_ID": "a023d00000EhnquAAB", "CSE_DISP": "Active", "SRC": "LLD/CLS", "QLTY": "8: MIDPOINT\nSECTION CONTAINS 5 OR LESS POLYGONS\naliquot\n36 sections retrieved\n37 intersected features retrieved\n1 matching sections found\nsection 10 issimple: False, Map to entire FRSTDIVNO\n", "CSE_META": "WA 33 0210N 0170E 010 A SW|WA 33 0210N 0170E 010 A ALL", "RCRD_ACRS": 20, "Created": 1664409600000, "Modified": 1728154329000, "Shape__Length": 0.07160882063646165, "Shape__Area": 0.0003087725773051501}}, {"type": "Feature", "id": 457686, "geometry": {"type": "Polygon", "coordinates": [[[-120.66228, 47.43835], [-120.6676, 47.43836], [-120.67152, 47.43836], [-120.67294, 47.43836], [-120.67828, 47.43835], [-120.68363, 47.43834], [-120.68355, 47.42859], [-120.68345, 47.42859], [-120.68343, 47.42742], [-120.68342, 47.42635], [-120.68342, 47.4261], [-120.68341, 47.42563], [-120.68341, 47.42491], [-120.68343, 47.42359], [-120.68344, 47.42248], [-120.68347, 47.41884], [-120.66245, 47.41883], [-120.66242, 47.42061], [-120.6624, 47.42246], [-120.66237, 47.42609], [-120.66236, 47.4262], [-120.66236, 47.4263], [-120.66235, 47.42792], [-120.66234, 47.42869], [-120.66233, 47.42971], [-120.66232, 47.43039], [-120.66231, 47.4315], [-120.6623, 47.43334], [-120.6623, 47.4334], [-120.6623, 47.43346], [-120.66229, 47.43511], [-120.66228, 47.43835]]]}, "properties": {"OBJECTID": 457686, "ID": "1027952894462267392", "CSE_NAME": "Brazos Placer #1", "STAGE_ID": "1027675538099097600", "BLM_PROD": "Placer Claim", "CSE_TYPE_NR": "384201", "CSE_NR": "OR105788550", "LEG_CSE_NR": "", "SF_ID": "a023d00000Em194AAB", "CSE_DISP": "Active", "SRC": "LLD/CLS", "QLTY": "8: SIMPLE\nSECTION CONTAINS 5 OR LESS POLYGONS\naliquot\n36 sections retrieved\n36 intersected features retrieved\n1 matching sections found\nsection 2 issimple: False, Map to entire FRSTDIVNO\n", "CSE_META": "WA 33 0220N 0170E 002 A NW|WA 33 0220N 0170E 002 A ALL", "RCRD_ACRS": 20, "Created": 1665100800000, "Modified": 1728154371000, "Shape__Length": 0.08149893674857035, "Shape__Area": 0.0004132180846485806}}, {"type": "Feature", "id": 457687, "geometry": {"type": "Polygon", "coordinates": [[[-120.66228, 47.43835], [-120.6676, 47.43836], [-120.67152, 47.43836], [-120.67294, 47.43836], [-120.67828, 47.43835], [-120.68363, 47.43834], [-120.68355, 47.42859], [-120.68345, 47.42859], [-120.68343, 47.42742], [-120.68342, 47.42635], [-120.68342, 47.4261], [-120.68341, 47.42563], [-120.68341, 47.42491], [-120.68343, 47.42359], [-120.68344, 47.42248], [-120.68347, 47.41884], [-120.66245, 47.41883], [-120.66242, 47.42061], [-120.6624, 47.42246], [-120.66237, 47.42609], [-120.66236, 47.4262], [-120.66236, 47.4263], [-120.66235, 47.42792], [-120.66234, 47.42869], [-120.66233, 47.42971], [-120.66232, 47.43039], [-120.66231, 47.4315], [-120.6623, 47.43334], [-120.6623, 47.4334], [-120.6623, 47.43346], [-120.66229, 47.43511], [-120.66228, 47.43835]]]}, "properties": {"OBJECTID": 457687, "ID": "1027953185559527424", "CSE_NAME": "Brazos Placer #2", "STAGE_ID": "1027675446738804736", "BLM_PROD": "Placer Claim", "CSE_TYPE_NR": "384201", "CSE_NR": "OR105788551", "LEG_CSE_NR": "", "SF_ID": "a023d00000Em195AAB", "CSE_DISP": "Active", "SRC": "LLD/CLS", "QLTY": "8: Map to entire FRSTDIVNO\n, SIMPLE\nSECTION CONTAINS 5 OR LESS POLYGONS\naliquot\n36 sections retrieved\n36 intersected features retrieved\n1 matching sections found\nsection 2 issimple: False", "CSE_META": "WA 33 0220N 0170E 002 A ALL|WA 33 0220N 0170E 002 A NW", "RCRD_ACRS": 20, "Created": 1665100800000, "Modified": 1728154371000, "Shape__Length": 0.08149893674857035, "Shape__Area": 0.0004132180846485806}}, {"type": "Feature", "id": 457688, "geometry": {"type": "Polygon", "coordinates": [[[-120.66228, 47.43835], [-120.6676, 47.43836], [-120.67152, 47.43836], [-120.67294, 47.43836], [-120.67828, 47.43835], [-120.68363, 47.43834], [-120.6836, 47.43506], [-120.68355, 47.43327], [-120.68351, 47.43146], [-120.68348, 47.42968], [-120.68343, 47.42742], [-120.68342, 47.42635], [-120.68342, 47.4261], [-120.68341, 47.42563], [-120.68341, 47.42491], [-120.68343, 47.42359], [-120.68344, 47.42248], [-120.68347, 47.41884], [-120.66245, 47.41883], [-120.66242, 47.42061], [-120.6624, 47.42246], [-120.66237, 47.42609], [-120.66236, 47.4262], [-120.66236, 47.4263], [-120.66235, 47.42792], [-120.66234, 47.42869], [-120.66233, 47.42971], [-120.66232, 47.43039], [-120.66231, 47.4315], [-120.6623, 47.43334], [-120.6623, 47.4334], [-120.6623, 47.43346], [-120.66229, 47.43511], [-120.66228, 47.43835]]]}, "properties": {"OBJECTID": 457688, "ID": "1027953478946979840", "CSE_NAME": "Brazos Placer #3", "STAGE_ID": "1027676185980723200", "BLM_PROD": "Placer Claim", "CSE_TYPE_NR": "384201", "CSE_NR": "OR105788552", "LEG_CSE_NR": "", "SF_ID": "a023d00000Em196AAB", "CSE_DISP": "Active", "SRC": "LLD/CLS", "QLTY": "8: Map to entire FRSTDIVNO\n, SIMPLE\nSECTION CONTAINS 5 OR LESS POLYGONS\naliquot\n36 sections retrieved\n36 intersected features retrieved\n1 matching sections found\nsection 2 issimple: False", "CSE_META": "WA 33 0220N 0170E 002 A ALL|WA 33 0220N 0170E 002 A NE", "RCRD_ACRS": 20, "Created": 1665100800000, "Modified": 1728154371000, "Shape__Length": 0.08140443701230476, "Shape__Area": 0.0004128395519032146}}, {"type": "Feature", "id": 457690, "geometry": {"type": "Polygon", "coordinates": [[[-120.66637, 47.25104], [-120.66637, 47.25147], [-120.66638, 47.25206], [-120.66638, 47.25274], [-120.6664, 47.25459], [-120.6664, 47.25479], [-120.66644, 47.2568], [-120.66644, 47.25695], [-120.66646, 47.25829], [-120.66646, 47.2583], [-120.66648, 47.26013], [-120.66782, 47.26013], [-120.66783, 47.26013], [-120.67048, 47.26013], [-120.67176, 47.26013], [-120.67178, 47.26013], [-120.67314, 47.26013], [-120.67704, 47.26013], [-120.67844, 47.26013], [-120.68231, 47.26013], [-120.68377, 47.26012], [-120.68759, 47.2601], [-120.6876, 47.25825], [-120.6876, 47.25822], [-120.68761, 47.25693], [-120.68763, 47.25462], [-120.68763, 47.25458], [-120.68763, 47.25376], [-120.68765, 47.25105], [-120.68765, 47.25059], [-120.68767, 47.24742], [-120.68504, 47.24742], [-120.68233, 47.24742], [-120.67699, 47.24742], [-120.67167, 47.24741], [-120.67166, 47.24741], [-120.66632, 47.24743], [-120.66634, 47.24919], [-120.66636, 47.2506], [-120.66637, 47.25104]]]}, "properties": {"OBJECTID": 457690, "ID": "1027954289705922560", "CSE_NAME": "Sawpit Gulch", "STAGE_ID": "1027678176656089088", "BLM_PROD": "Placer Claim", "CSE_TYPE_NR": "384201", "CSE_NR": "OR105788554", "LEG_CSE_NR": "", "SF_ID": "a023d00000Em1CfAAJ", "CSE_DISP": "Active", "SRC": "LLD/CLS", "QLTY": "8: WA330200N0170E0SN020ASWNW\n38 sections retrieved\n605 intersected features retrieved, Only mapped PLSS First Div\naliquot\n38 sections retrieved\n605 intersected features retrieved\n28 matching sections found\nsection 2 issimple: False, Only mapped PLSS First", "CSE_META": "WA 33 0200N 0170E 002 A SWNW|WA 33 0200N 0170E 002 A Government Lot 4|WA 33 0200N 0170E 002 A Government Lot 3|WA 33 0200N 0170E 002 A SENW|WA 33 0200N 0170E 002 A NW", "RCRD_ACRS": 40, "Created": 1665100800000, "Modified": 1728154371000, "Shape__Length": 0.06784718071230178, "Shape__Area": 0.00026979520316298906}}, {"type": "Feature", "id": 464100, "geometry": {"type": "Polygon", "coordinates": [[[-120.67174, 47.23297], [-120.66642, 47.23298], [-120.6664, 47.23659], [-120.66638, 47.24021], [-120.6717, 47.24019], [-120.67703, 47.24019], [-120.67705, 47.23657], [-120.67707, 47.23295], [-120.67174, 47.23297]]]}, "properties": {"OBJECTID": 464100, "ID": "1101746417057280000", "CSE_NAME": "Mylas Cranky Nuggets", "STAGE_ID": "1101735793367572480", "BLM_PROD": "Placer Claim", "CSE_TYPE_NR": "384201", "CSE_NR": "OR105829448", "LEG_CSE_NR": "", "SF_ID": "a023d00000FumT7AAJ", "CSE_DISP": "Filed", "SRC": "LLD", "QLTY": "1: MIDPOINT\nTYPICAL QUARTER SECTION WITH 4 STANDARD LEGALS ATTRIBUTED\naliquot\n38 sections retrieved\n605 intersected features retrieved\n17 matching sections found\nsection 11 issimple: False, WA330200N0170E0SN110ANESE\n38 sections retrieved\n605 intersected f", "CSE_META": "WA 33 0200N 0170E 011 A SE|WA 33 0200N 0170E 011 A NESE|WA 33 0200N 0170E 011 A NWSE|WA 33 0200N 0170E 011 A SESE|WA 33 0200N 0170E 011 A SWSE", "RCRD_ACRS": 20, "Created": 1682726400000, "Modified": 1728155235000, "Shape__Length": 0.03577637759948302, "Shape__Area": 7.704830905625452e-05}}, {"type": "Feature", "id": 464101, "geometry": {"type": "Polygon", "coordinates": [[[-120.67174, 47.23297], [-120.66642, 47.23298], [-120.6664, 47.23659], [-120.66638, 47.24021], [-120.6717, 47.24019], [-120.67703, 47.24019], [-120.67705, 47.23657], [-120.67707, 47.23295], [-120.67174, 47.23297]]]}, "properties": {"OBJECTID": 464101, "ID": "1101746454713741312", "CSE_NAME": "Lucky Baby Jonah Placer", "STAGE_ID": "1101745013857021952", "BLM_PROD": "Placer Claim", "CSE_TYPE_NR": "384201", "CSE_NR": "OR105829447", "LEG_CSE_NR": "", "SF_ID": "a023d00000FumoIAAR", "CSE_DISP": "Filed", "SRC": "LLD", "QLTY": "1: WA330200N0170E0SN110ANESE\n38 sections retrieved\n605 intersected features retrieved, WA330200N0170E0SN110ANWSE\n38 sections retrieved\n605 intersected features retrieved, WA330200N0170E0SN110ASESE\n38 sections retrieved\n605 intersected features retrieved, ", "CSE_META": "WA 33 0200N 0170E 011 A NESE|WA 33 0200N 0170E 011 A NWSE|WA 33 0200N 0170E 011 A SESE|WA 33 0200N 0170E 011 A SWSE|WA 33 0200N 0170E 011 A SE", "RCRD_ACRS": 20, "Created": 1682726400000, "Modified": 1728155235000, "Shape__Length": 0.03577637759948302, "Shape__Area": 7.704830905625452e-05}}, {"type": "Feature", "id": 496588, "geometry": {"type": "Polygon", "coordinates": [[[-120.66227, 47.38987], [-120.66223, 47.39712], [-120.67289, 47.39711], [-120.67294, 47.38988], [-120.66227, 47.38987]]]}, "properties": {"OBJECTID": 496588, "ID": "801974244291379209", "CSE_NAME": "WA PROSPECTORS #1", "STAGE_ID": null, "BLM_PROD": "PLACER CLAIM", "CSE_TYPE_NR": "384201", "CSE_NR": "OR101480590", "LEG_CSE_NR": "ORMC103959", "SF_ID": "a02t000000585I2AAI", "CSE_DISP": "Active", "SRC": "LLD", "QLTY": "8: MIDPOINT\nSECTION CONTAINS 5 OR LESS POLYGONS\naliquot\n36 sections retrieved\n36 intersected features retrieved\n1 matching sections found\nsection 14 issimple: False", "CSE_META": "WA 33 0220N 0170E 014 A SE", "RCRD_ACRS": 20, "Created": 1611360000000, "Modified": 1767829820000, "Shape__Length": 0.03581596377952516, "Shape__Area": 7.724536427504402e-05}}, {"type": "Feature", "id": 496624, "geometry": {"type": "Polygon", "coordinates": [[[-120.65149, 47.4381], [-120.66228, 47.43835], [-120.66236, 47.42859], [-120.65154, 47.42846], [-120.65149, 47.4381]]]}, "properties": {"OBJECTID": 496624, "ID": "799126715040268291", "CSE_NAME": "KIMBERLY ANN", "STAGE_ID": null, "BLM_PROD": "Placer Claim", "CSE_TYPE_NR": "384201", "CSE_NR": "OR101482449", "LEG_CSE_NR": "ORMC135187", "SF_ID": "a02t000000584YlAAI", "CSE_DISP": "Active", "SRC": "LLD", "QLTY": "8: SIMPLE\nSECTION CONTAINS 5 OR LESS POLYGONS\nDOES NOT MATCH PM ANGLES\naliquot\n36 sections retrieved\n36 intersected features retrieved\n1 matching sections found\nsection 1 issimple: False", "CSE_META": "WA 33 0220N 0170E 001 A NW", "RCRD_ACRS": 20, "Created": 1610668800000, "Modified": 1728174123000, "Shape__Length": 0.04100225217103428, "Shape__Area": 0.00010476143671772203}}, {"type": "Feature", "id": 496669, "geometry": {"type": "Polygon", "coordinates": [[[-120.65149, 47.4381], [-120.66228, 47.43835], [-120.66236, 47.42859], [-120.65154, 47.42846], [-120.65149, 47.4381]]]}, "properties": {"OBJECTID": 496669, "ID": "799126733159661591", "CSE_NAME": "J & M", "STAGE_ID": null, "BLM_PROD": "Placer Claim", "CSE_TYPE_NR": "384201", "CSE_NR": "OR101434898", "LEG_CSE_NR": "ORMC147143", "SF_ID": "a02t000000587S3AAI", "CSE_DISP": "Active", "SRC": "LLD", "QLTY": "8: SIMPLE\nSECTION CONTAINS 5 OR LESS POLYGONS\nDOES NOT MATCH PM ANGLES\naliquot\n36 sections retrieved\n36 intersected features retrieved\n1 matching sections found\nsection 1 issimple: False", "CSE_META": "WA 33 0220N 0170E 001 A NW", "RCRD_ACRS": 20, "Created": 1610668800000, "Modified": 1728174388000, "Shape__Length": 0.04100225217103428, "Shape__Area": 0.00010476143671772203}}, {"type": "Feature", "id": 496693, "geometry": {"type": "Polygon", "coordinates": [[[-120.65154, 47.42846], [-120.66236, 47.42859], [-120.66245, 47.41883], [-120.6516, 47.41883], [-120.65154, 47.42846]]]}, "properties": {"OBJECTID": 496693, "ID": "801974245016993885", "CSE_NAME": "MEGAN MARIE", "STAGE_ID": null, "BLM_PROD": "Placer Claim", "CSE_TYPE_NR": "384201", "CSE_NR": "OR101484901", "LEG_CSE_NR": "ORMC147925", "SF_ID": "a02t000000587orAAA", "CSE_DISP": "Active", "SRC": "LLD", "QLTY": "8: SIMPLE\nSECTION CONTAINS 5 OR LESS POLYGONS\nDOES NOT MATCH PM ANGLES\naliquot\n36 sections retrieved\n36 intersected features retrieved\n1 matching sections found\nsection 1 issimple: False", "CSE_META": "WA 33 0220N 0170E 001 A SW", "RCRD_ACRS": 22.34, "Created": 1611360000000, "Modified": 1728174420000, "Shape__Length": 0.04106304761962846, "Shape__Area": 0.00010506200330164802}}, {"type": "Feature", "id": 496776, "geometry": {"type": "Polygon", "coordinates": [[[-120.63069, 47.37608], [-120.64083, 47.37608], [-120.64085, 47.36886], [-120.63067, 47.36886], [-120.63069, 47.37608]]]}, "properties": {"OBJECTID": 496776, "ID": "801974245054742676", "CSE_NAME": "NWGGP #1", "STAGE_ID": null, "BLM_PROD": "Placer Claim", "CSE_TYPE_NR": "384201", "CSE_NR": "OR101430572", "LEG_CSE_NR": "ORMC152022", "SF_ID": "a02t0000005850yAAA", "CSE_DISP": "Active", "SRC": "LLD", "QLTY": "8: SIMPLE\nSECTION CONTAINS 5 OR LESS POLYGONS\naliquot\n36 sections retrieved\n36 intersected features retrieved\n1 matching sections found\nsection 30 issimple: False", "CSE_META": "WA 33 0220N 0180E 030 A NW", "RCRD_ACRS": 20, "Created": 1611360000000, "Modified": 1728174169000, "Shape__Length": 0.034768051571875715, "Shape__Area": 7.338991107563401e-05}}, {"type": "Feature", "id": 496872, "geometry": {"type": "Polygon", "coordinates": [[[-120.65149, 47.4381], [-120.66228, 47.43835], [-120.66236, 47.42859], [-120.65154, 47.42846], [-120.65149, 47.4381]]]}, "properties": {"OBJECTID": 496872, "ID": "801974244480122974", "CSE_NAME": "HEAVYMETAL", "STAGE_ID": null, "BLM_PROD": "Placer Claim", "CSE_TYPE_NR": "384201", "CSE_NR": "OR101433656", "LEG_CSE_NR": "ORMC154279", "SF_ID": "a02t000000586K0AAI", "CSE_DISP": "Active", "SRC": "LLD", "QLTY": "8: SIMPLE\nSECTION CONTAINS 5 OR LESS POLYGONS\nDOES NOT MATCH PM ANGLES\naliquot\n36 sections retrieved\n36 intersected features retrieved\n1 matching sections found\nsection 1 issimple: False", "CSE_META": "WA 33 0220N 0170E 001 A NW", "RCRD_ACRS": 5, "Created": 1611360000000, "Modified": 1728174288000, "Shape__Length": 0.04100225217103428, "Shape__Area": 0.00010476143671772203}}, {"type": "Feature", "id": 496928, "geometry": {"type": "Polygon", "coordinates": [[[-120.65156, 47.39709], [-120.65155, 47.40433], [-120.66218, 47.40435], [-120.66223, 47.39711], [-120.65156, 47.39709]]]}, "properties": {"OBJECTID": 496928, "ID": "799126755343335425", "CSE_NAME": "DANCING MINER", "STAGE_ID": null, "BLM_PROD": "Placer Claim", "CSE_TYPE_NR": "384201", "CSE_NR": "OR101575932", "LEG_CSE_NR": "ORMC155186", "SF_ID": "a02t00000058TP5AAM", "CSE_DISP": "Active", "SRC": "LLD", "QLTY": "8: MIDPOINT\nSECTION CONTAINS 5 OR LESS POLYGONS\naliquot\n36 sections retrieved\n36 intersected features retrieved\n1 matching sections found\nsection 13 issimple: False", "CSE_META": "WA 33 0220N 0170E 013 A NW", "RCRD_ACRS": 12.18, "Created": 1610668800000, "Modified": 1728176318000, "Shape__Length": 0.035788945126870184, "Shape__Area": 7.713466986845051e-05}}, {"type": "Feature", "id": 496936, "geometry": {"type": "Polygon", "coordinates": [[[-120.69439, 47.2601], [-120.69436, 47.26737], [-120.70496, 47.26735], [-120.70502, 47.26007], [-120.69439, 47.2601]]]}, "properties": {"OBJECTID": 496936, "ID": "799126756958142591", "CSE_NAME": "FOUNTIAN HEAD", "STAGE_ID": null, "BLM_PROD": "Placer Claim", "CSE_TYPE_NR": "384201", "CSE_NR": "OR101829758", "LEG_CSE_NR": "ORMC155369", "SF_ID": "a02t00000058U7hAAE", "CSE_DISP": "Active", "SRC": "LLD/CLS", "QLTY": "8: MIDPOINT\nSECTION CONTAINS 5 OR LESS POLYGONS\naliquot\n36 sections retrieved\n37 intersected features retrieved\n1 matching sections found\nsection 34 issimple: False", "CSE_META": "WA 33 0210N 0170E 034 A SW", "RCRD_ACRS": 12, "Created": 1610668800000, "Modified": 1728176381000, "Shape__Length": 0.03577623818631892, "Shape__Area": 7.720378366538702e-05}}, {"type": "Feature", "id": 496937, "geometry": {"type": "Polygon", "coordinates": [[[-120.69439, 47.2601], [-120.69436, 47.26737], [-120.70496, 47.26735], [-120.70502, 47.26007], [-120.69439, 47.2601]]]}, "properties": {"OBJECTID": 496937, "ID": "799126756958142592", "CSE_NAME": "HILLSIDE", "STAGE_ID": null, "BLM_PROD": "Placer Claim", "CSE_TYPE_NR": "384201", "CSE_NR": "OR101829759", "LEG_CSE_NR": "ORMC155370", "SF_ID": "a02t00000058U7iAAE", "CSE_DISP": "Active", "SRC": "LLD", "QLTY": "8; ONLY SECTION IN LLD; MIDPOINT, SECTION CONTAINS 5 OR LESS POLYGONS, aliquot", "CSE_META": "WA 33 0210N 0170E 034 | WA 33 0210N 0170E 034 A SW", "RCRD_ACRS": 0, "Created": 1610668800000, "Modified": 1745971200000, "Shape__Length": 0.03577623818631892, "Shape__Area": 7.720378366538702e-05}}, {"type": "Feature", "id": 496938, "geometry": {"type": "MultiPolygon", "coordinates": [[[[-120.70502, 47.26007], [-120.69439, 47.2601], [-120.69436, 47.26737], [-120.70496, 47.26735], [-120.70502, 47.26007]]], [[[-120.69825, 47.26008], [-120.69826, 47.25822], [-120.69826, 47.25692], [-120.69827, 47.25461], [-120.69295, 47.25462], [-120.68763, 47.25462], [-120.68761, 47.25693], [-120.6876, 47.25822], [-120.6876, 47.25825], [-120.68759, 47.2601], [-120.68905, 47.2601], [-120.6929, 47.26009], [-120.69292, 47.26009], [-120.69436, 47.26009], [-120.69463, 47.26009], [-120.69639, 47.26009], [-120.69822, 47.26008], [-120.69825, 47.26008]]]]}, "properties": {"OBJECTID": 496938, "ID": "799126756958142593", "CSE_NAME": "OROFINO", "STAGE_ID": null, "BLM_PROD": "Placer Claim", "CSE_TYPE_NR": "384201", "CSE_NR": "OR101829760", "LEG_CSE_NR": "ORMC155371", "SF_ID": "a02t00000058U7jAAE", "CSE_DISP": "Active", "SRC": "LLD/CLS", "QLTY": "8: SIMPLE\nFULLY ATTRIBUTED QUARTER SECTION ALL BUCKETS ARE EQUAL\naliquot\n38 sections retrieved\n605 intersected features retrieved\n16 matching sections found\n4 alias QQs added\nsection 3 issimple: True, MIDPOINT\nSECTION CONTAINS 5 OR LESS POLYGONS\naliquot\n3", "CSE_META": "WA 33 0200N 0170E 003 A NE|WA 33 0210N 0170E 034 A SW", "RCRD_ACRS": 12.9, "Created": 1610668800000, "Modified": 1728176381000, "Shape__Length": 0.06803527612980684, "Shape__Area": 0.00013553903896665703}}, {"type": "Feature", "id": 496951, "geometry": {"type": "Polygon", "coordinates": [[[-120.69307, 47.23295], [-120.69302, 47.23295], [-120.68773, 47.23292], [-120.68771, 47.23655], [-120.6877, 47.23845], [-120.6877, 47.24009], [-120.6877, 47.24017], [-120.69233, 47.24018], [-120.693, 47.24018], [-120.69525, 47.24018], [-120.69705, 47.24019], [-120.69831, 47.24019], [-120.69831, 47.23657], [-120.69832, 47.23477], [-120.69832, 47.23297], [-120.69576, 47.23297], [-120.69533, 47.23297], [-120.69498, 47.23296], [-120.69307, 47.23295]]]}, "properties": {"OBJECTID": 496951, "ID": "799126756291248142", "CSE_NAME": "M&M", "STAGE_ID": null, "BLM_PROD": "Placer Claim", "CSE_TYPE_NR": "384201", "CSE_NR": "OR101827284", "LEG_CSE_NR": "ORMC155578", "SF_ID": "a02t00000058X1tAAE", "CSE_DISP": "Active", "SRC": "LLD", "QLTY": "1: MIDPOINT\nFULLY ATTRIBUTED QUARTER SECTION ALL BUCKETS ARE EQUAL\naliquot\n38 sections retrieved\n605 intersected features retrieved\n24 matching sections found\nsection 10 issimple: False", "CSE_META": "WA 33 0200N 0170E 010 A SE", "RCRD_ACRS": 13.63, "Created": 1610668800000, "Modified": 1728176638000, "Shape__Length": 0.035662642280048534, "Shape__Area": 7.665486175843602e-05}}, {"type": "Feature", "id": 496962, "geometry": {"type": "Polygon", "coordinates": [[[-120.69598, 47.2475], [-120.69407, 47.24748], [-120.69349, 47.24747], [-120.69298, 47.24747], [-120.6929, 47.24746], [-120.68767, 47.24742], [-120.68765, 47.25059], [-120.68765, 47.25105], [-120.68763, 47.25376], [-120.68763, 47.25458], [-120.68763, 47.25462], [-120.69295, 47.25462], [-120.69827, 47.25461], [-120.69827, 47.25375], [-120.69828, 47.25105], [-120.69828, 47.25059], [-120.69829, 47.24754], [-120.69829, 47.24752], [-120.69825, 47.24752], [-120.69598, 47.2475]]]}, "properties": {"OBJECTID": 496962, "ID": "799126744379424778", "CSE_NAME": "EAGLES BEAK FRACTION", "STAGE_ID": null, "BLM_PROD": "PLACER CLAIM", "CSE_TYPE_NR": "384201", "CSE_NR": "OR101476057", "LEG_CSE_NR": "ORMC156076", "SF_ID": "a02t00000058SKfAAM", "CSE_DISP": "Active", "SRC": "LLD", "QLTY": "1: SIMPLE\nTYPICAL QUARTER SECTION WITH 4 STANDARD LEGALS ATTRIBUTED\naliquot\n38 sections retrieved\n605 intersected features retrieved\n16 matching sections found\n4 alias QQs added\nsection 3 issimple: True", "CSE_META": "WA 33 0200N 0170E 003 A SE", "RCRD_ACRS": 2.6, "Created": 1610668800000, "Modified": 1756932591000, "Shape__Length": 0.03556631509850981, "Shape__Area": 7.603933609827552e-05}}, {"type": "Feature", "id": 497011, "geometry": {"type": "Polygon", "coordinates": [[[-120.64898, 47.48157], [-120.64945, 47.48881], [-120.64991, 47.49604], [-120.66054, 47.49607], [-120.66027, 47.48885], [-120.65999, 47.48162], [-120.64898, 47.48157]]]}, "properties": {"OBJECTID": 497011, "ID": "799126731653906456", "CSE_NAME": "MARY CHRISTINE", "STAGE_ID": null, "BLM_PROD": "Placer Claim", "CSE_TYPE_NR": "384201", "CSE_NR": "OR101364636", "LEG_CSE_NR": "ORMC157119", "SF_ID": "a02t00000058Y2FAAU", "CSE_DISP": "Active", "SRC": "LLD", "QLTY": "8: MIDPOINT\nSECTION CONTAINS 5 OR LESS POLYGONS\nDOES NOT MATCH PM ANGLES\naliquot\n36 sections retrieved\n36 intersected features retrieved\n1 matching sections found\nsection 13 issimple: False, MIDPOINT\nSECTION CONTAINS 5 OR LESS POLYGONS\nDOES NOT MATCH PM A", "CSE_META": "WA 33 0230N 0170E 013 A NE|WA 33 0230N 0170E 013 A SE", "RCRD_ACRS": 18.86, "Created": 1610668800000, "Modified": 1728176727000, "Shape__Length": 0.050598719814943974, "Shape__Area": 0.00015641284116889304}}, {"type": "Feature", "id": 497016, "geometry": {"type": "Polygon", "coordinates": [[[-120.65154, 47.42846], [-120.65149, 47.4381], [-120.66228, 47.43835], [-120.66236, 47.42859], [-120.66245, 47.41883], [-120.6516, 47.41883], [-120.65154, 47.42846]]]}, "properties": {"OBJECTID": 497016, "ID": "799126731142201458", "CSE_NAME": "HEAVY METAL II", "STAGE_ID": null, "BLM_PROD": "Placer Claim", "CSE_TYPE_NR": "384201", "CSE_NR": "OR101518156", "LEG_CSE_NR": "ORMC157366", "SF_ID": "a02t00000058YnXAAU", "CSE_DISP": "Active", "SRC": "LLD", "QLTY": "8: SIMPLE\nSECTION CONTAINS 5 OR LESS POLYGONS\nDOES NOT MATCH PM ANGLES\naliquot\n36 sections retrieved\n36 intersected features retrieved\n1 matching sections found\nsection 1 issimple: False, SIMPLE\nSECTION CONTAINS 5 OR LESS POLYGONS\nDOES NOT MATCH PM ANGLES", "CSE_META": "WA 33 0220N 0170E 001 A NW|WA 33 0220N 0170E 001 A SW", "RCRD_ACRS": 15, "Created": 1610668800000, "Modified": 1728176793000, "Shape__Length": 0.06043000159789027, "Shape__Area": 0.00020982344001937005}}, {"type": "Feature", "id": 497049, "geometry": {"type": "Polygon", "coordinates": [[[-120.69826, 47.25692], [-120.69827, 47.25461], [-120.69295, 47.25462], [-120.68763, 47.25462], [-120.68761, 47.25693], [-120.6876, 47.25822], [-120.6876, 47.25825], [-120.68759, 47.2601], [-120.68905, 47.2601], [-120.6929, 47.26009], [-120.69292, 47.26009], [-120.69436, 47.26009], [-120.69463, 47.26009], [-120.69639, 47.26009], [-120.69822, 47.26008], [-120.69825, 47.26008], [-120.69826, 47.25822], [-120.69826, 47.25692]]]}, "properties": {"OBJECTID": 497049, "ID": "799126760741404694", "CSE_NAME": "MGN MINE", "STAGE_ID": null, "BLM_PROD": "Placer Claim", "CSE_TYPE_NR": "384201", "CSE_NR": "OR101881647", "LEG_CSE_NR": "ORMC158141", "SF_ID": "a02t00000058a4jAAA", "CSE_DISP": "Active", "SRC": "LLD", "QLTY": "1: SIMPLE\nFULLY ATTRIBUTED QUARTER SECTION ALL BUCKETS ARE EQUAL\naliquot\n38 sections retrieved\n605 intersected features retrieved\n16 matching sections found\n4 alias QQs added\nsection 3 issimple: True", "CSE_META": "WA 33 0200N 0170E 003 A NE", "RCRD_ACRS": 17, "Created": 1610668800000, "Modified": 1728176906000, "Shape__Length": 0.03225903794348792, "Shape__Area": 5.8335255301270016e-05}}, {"type": "Feature", "id": 497055, "geometry": {"type": "Polygon", "coordinates": [[[-120.63069, 47.37608], [-120.64083, 47.37608], [-120.64085, 47.36886], [-120.63067, 47.36886], [-120.63069, 47.37608]]]}, "properties": {"OBJECTID": 497055, "ID": "802275015864090630", "CSE_NAME": "POT LUCK #2", "STAGE_ID": null, "BLM_PROD": "Placer Claim", "CSE_TYPE_NR": "384201", "CSE_NR": "OR101628291", "LEG_CSE_NR": "ORMC158680", "SF_ID": "a02t00000058WerAAE", "CSE_DISP": "Active", "SRC": "LLD", "QLTY": "8: SIMPLE\nSECTION CONTAINS 5 OR LESS POLYGONS\naliquot\n36 sections retrieved\n36 intersected features retrieved\n1 matching sections found\nsection 30 issimple: False", "CSE_META": "WA 33 0220N 0180E 030 A NW", "RCRD_ACRS": 16.45, "Created": 1611360000000, "Modified": 1728176606000, "Shape__Length": 0.034768051571875715, "Shape__Area": 7.338991107563401e-05}}, {"type": "Feature", "id": 497070, "geometry": {"type": "Polygon", "coordinates": [[[-120.67294, 47.38988], [-120.67289, 47.39711], [-120.68356, 47.3971], [-120.68361, 47.38988], [-120.67294, 47.38988]]]}, "properties": {"OBJECTID": 497070, "ID": "801974245516116021", "CSE_NAME": "A MAN", "STAGE_ID": null, "BLM_PROD": "Placer Claim", "CSE_TYPE_NR": "384201", "CSE_NR": "OR101515268", "LEG_CSE_NR": "ORMC159333", "SF_ID": "a02t00000058Z1tAAE", "CSE_DISP": "Active", "SRC": "LLD", "QLTY": "8: MIDPOINT\nSECTION CONTAINS 5 OR LESS POLYGONS\naliquot\n36 sections retrieved\n36 intersected features retrieved\n1 matching sections found\nsection 14 issimple: False", "CSE_META": "WA 33 0220N 0170E 014 A SW", "RCRD_ACRS": 40, "Created": 1611360000000, "Modified": 1728176813000, "Shape__Length": 0.03578306978729662, "Shape__Area": 7.706361540474302e-05}}, {"type": "Feature", "id": 497090, "geometry": {"type": "Polygon", "coordinates": [[[-120.67703, 47.24019], [-120.67701, 47.2438], [-120.67699, 47.24742], [-120.68233, 47.24742], [-120.68504, 47.24742], [-120.68767, 47.24742], [-120.68767, 47.24598], [-120.68768, 47.2438], [-120.68768, 47.2438], [-120.6877, 47.24017], [-120.68237, 47.24018], [-120.67703, 47.24019]]]}, "properties": {"OBJECTID": 497090, "ID": "801974244509483023", "CSE_NAME": "T AND T MINING", "STAGE_ID": null, "BLM_PROD": "Placer Claim", "CSE_TYPE_NR": "384201", "CSE_NR": "OR101312902", "LEG_CSE_NR": "ORMC160312", "SF_ID": "a02t00000058bBXAAY", "CSE_DISP": "Active", "SRC": "LLD", "QLTY": "1: MIDPOINT\nFULLY ATTRIBUTED QUARTER SECTION ALL BUCKETS ARE EQUAL\naliquot\n38 sections retrieved\n605 intersected features retrieved\n17 matching sections found\nsection 11 issimple: False", "CSE_META": "WA 33 0200N 0170E 011 A NW", "RCRD_ACRS": 20, "Created": 1611360000000, "Modified": 1728177005000, "Shape__Length": 0.03581851611934855, "Shape__Area": 7.725989351683402e-05}}, {"type": "Feature", "id": 497094, "geometry": {"type": "Polygon", "coordinates": [[[-120.69439, 47.2601], [-120.69436, 47.26737], [-120.70496, 47.26735], [-120.70502, 47.26007], [-120.69439, 47.2601]]]}, "properties": {"OBJECTID": 497094, "ID": "799126729992962238", "CSE_NAME": "YELLOWSTONE", "STAGE_ID": null, "BLM_PROD": "Placer Claim", "CSE_TYPE_NR": "384201", "CSE_NR": "OR101512155", "LEG_CSE_NR": "ORMC160489", "SF_ID": "a02t00000058iiNAAQ", "CSE_DISP": "Active", "SRC": "LLD", "QLTY": "8: MIDPOINT\nSECTION CONTAINS 5 OR LESS POLYGONS\naliquot\n36 sections retrieved\n37 intersected features retrieved\n1 matching sections found\nsection 34 issimple: False", "CSE_META": "WA 33 0210N 0170E 034 A SW", "RCRD_ACRS": 20, "Created": 1610668800000, "Modified": 1728177666000, "Shape__Length": 0.03577623818631892, "Shape__Area": 7.720378366538702e-05}}, {"type": "Feature", "id": 497098, "geometry": {"type": "Polygon", "coordinates": [[[-120.65155, 47.40433], [-120.65157, 47.41158], [-120.66232, 47.41159], [-120.66218, 47.40435], [-120.65155, 47.40433]]]}, "properties": {"OBJECTID": 497098, "ID": "799126748619866148", "CSE_NAME": "BANJO", "STAGE_ID": null, "BLM_PROD": "Placer Claim", "CSE_TYPE_NR": "384201", "CSE_NR": "OR101851606", "LEG_CSE_NR": "ORMC160578", "SF_ID": "a02t00000058c9AAAQ", "CSE_DISP": "Active", "SRC": "LLD", "QLTY": "8: MIDPOINT\nSECTION CONTAINS 5 OR LESS POLYGONS\naliquot\n36 sections retrieved\n36 intersected features retrieved\n1 matching sections found\nsection 12 issimple: False", "CSE_META": "WA 33 0220N 0170E 012 A SW", "RCRD_ACRS": 22.5, "Created": 1610668800000, "Modified": 1728177091000, "Shape__Length": 0.035866733822787614, "Shape__Area": 7.742565577178452e-05}}, {"type": "Feature", "id": 497119, "geometry": {"type": "Polygon", "coordinates": [[[-120.70502, 47.26007], [-120.69439, 47.2601], [-120.69436, 47.26737], [-120.70496, 47.26735], [-120.71562, 47.26733], [-120.71568, 47.26005], [-120.70502, 47.26007]]]}, "properties": {"OBJECTID": 497119, "ID": "801974244509483042", "CSE_NAME": "MTN KING", "STAGE_ID": null, "BLM_PROD": "Placer Claim", "CSE_TYPE_NR": "384201", "CSE_NR": "OR101357449", "LEG_CSE_NR": "ORMC160909", "SF_ID": "a02t00000058eMSAAY", "CSE_DISP": "Active", "SRC": "LLD", "QLTY": "8: MIDPOINT\nSECTION CONTAINS 5 OR LESS POLYGONS\naliquot\n36 sections retrieved\n37 intersected features retrieved\n2 matching sections found\nsection 33 issimple: False, MIDPOINT\nSECTION CONTAINS 5 OR LESS POLYGONS\naliquot\n36 sections retrieved\n37 intersected", "CSE_META": "WA 33 0210N 0170E 033 A SE|WA 33 0210N 0170E 034 A SW", "RCRD_ACRS": 30, "Created": 1611360000000, "Modified": 1728177286000, "Shape__Length": 0.05710598111069333, "Shape__Area": 0.00015482310608754105}}, {"type": "Feature", "id": 497143, "geometry": {"type": "Polygon", "coordinates": [[[-120.65157, 47.41158], [-120.6516, 47.41883], [-120.66245, 47.41883], [-120.66232, 47.41159], [-120.65157, 47.41158]]]}, "properties": {"OBJECTID": 497143, "ID": "799126734522810490", "CSE_NAME": "NCWP #1", "STAGE_ID": null, "BLM_PROD": "Placer Claim", "CSE_TYPE_NR": "384201", "CSE_NR": "OR101373694", "LEG_CSE_NR": "ORMC161312", "SF_ID": "a02t00000058pYyAAI", "CSE_DISP": "Active", "SRC": "LLD", "QLTY": "8: MIDPOINT\nSECTION CONTAINS 5 OR LESS POLYGONS\naliquot\n36 sections retrieved\n36 intersected features retrieved\n1 matching sections found\nsection 12 issimple: False", "CSE_META": "WA 33 0220N 0170E 012 A NW", "RCRD_ACRS": 10, "Created": 1610668800000, "Modified": 1728178264000, "Shape__Length": 0.036082650484243695, "Shape__Area": 7.821425055729202e-05}}, {"type": "Feature", "id": 497144, "geometry": {"type": "Polygon", "coordinates": [[[-120.64987, 47.44553], [-120.6497, 47.45275], [-120.66052, 47.45278], [-120.66065, 47.44556], [-120.64987, 47.44553]]]}, "properties": {"OBJECTID": 497144, "ID": "799126734527004672", "CSE_NAME": "NCWP #2", "STAGE_ID": null, "BLM_PROD": "Placer Claim", "CSE_TYPE_NR": "384201", "CSE_NR": "OR101373695", "LEG_CSE_NR": "ORMC161313", "SF_ID": "a02t00000058pYzAAI", "CSE_DISP": "Active", "SRC": "LLD", "QLTY": "8: MIDPOINT\nSECTION CONTAINS 5 OR LESS POLYGONS\nDOES NOT MATCH PM ANGLES\naliquot\n36 sections retrieved\n36 intersected features retrieved\n1 matching sections found\nsection 36 issimple: False", "CSE_META": "WA 33 0230N 0170E 036 A NE", "RCRD_ACRS": 20, "Created": 1610668800000, "Modified": 1728178264000, "Shape__Length": 0.036045121984038885, "Shape__Area": 7.798555438268903e-05}}, {"type": "Feature", "id": 497145, "geometry": {"type": "Polygon", "coordinates": [[[-120.65157, 47.41158], [-120.6516, 47.41883], [-120.66245, 47.41883], [-120.66232, 47.41159], [-120.65157, 47.41158]]]}, "properties": {"OBJECTID": 497145, "ID": "799126734573142030", "CSE_NAME": "NCWP #1W", "STAGE_ID": null, "BLM_PROD": "Placer Claim", "CSE_TYPE_NR": "384201", "CSE_NR": "OR101374332", "LEG_CSE_NR": "ORMC161314", "SF_ID": "a02t00000058pZ0AAI", "CSE_DISP": "Active", "SRC": "LLD", "QLTY": "8: MIDPOINT\nSECTION CONTAINS 5 OR LESS POLYGONS\naliquot\n36 sections retrieved\n36 intersected features retrieved\n1 matching sections found\nsection 12 issimple: False", "CSE_META": "WA 33 0220N 0170E 012 A NW", "RCRD_ACRS": 20, "Created": 1610668800000, "Modified": 1728178264000, "Shape__Length": 0.036082650484243695, "Shape__Area": 7.821425055729202e-05}}, {"type": "Feature", "id": 497146, "geometry": {"type": "Polygon", "coordinates": [[[-120.64987, 47.44553], [-120.6497, 47.45275], [-120.66052, 47.45278], [-120.66065, 47.44556], [-120.64987, 47.44553]]]}, "properties": {"OBJECTID": 497146, "ID": "799126734573142031", "CSE_NAME": "NCWP #2W", "STAGE_ID": null, "BLM_PROD": "Placer Claim", "CSE_TYPE_NR": "384201", "CSE_NR": "OR101374333", "LEG_CSE_NR": "ORMC161315", "SF_ID": "a02t00000058pZ1AAI", "CSE_DISP": "Active", "SRC": "LLD", "QLTY": "8: MIDPOINT\nSECTION CONTAINS 5 OR LESS POLYGONS\nDOES NOT MATCH PM ANGLES\naliquot\n36 sections retrieved\n36 intersected features retrieved\n1 matching sections found\nsection 36 issimple: False", "CSE_META": "WA 33 0230N 0170E 036 A NE", "RCRD_ACRS": 18, "Created": 1610668800000, "Modified": 1728178264000, "Shape__Length": 0.036045121984038885, "Shape__Area": 7.798555438268903e-05}}, {"type": "Feature", "id": 497179, "geometry": {"type": "Polygon", "coordinates": [[[-120.65158, 47.38264], [-120.65157, 47.38986], [-120.66227, 47.38987], [-120.6623, 47.38268], [-120.65158, 47.38264]]]}, "properties": {"OBJECTID": 497179, "ID": "802275015864090653", "CSE_NAME": "POT LUCK I", "STAGE_ID": null, "BLM_PROD": "Placer Claim", "CSE_TYPE_NR": "384201", "CSE_NR": "OR101517726", "LEG_CSE_NR": "ORMC162465", "SF_ID": "a02t00000058qt7AAA", "CSE_DISP": "Active", "SRC": "LLD", "QLTY": "8: MIDPOINT\nSECTION CONTAINS 5 OR LESS POLYGONS\naliquot\n36 sections retrieved\n36 intersected features retrieved\n1 matching sections found\nsection 24 issimple: False", "CSE_META": "WA 33 0220N 0170E 024 A NW", "RCRD_ACRS": 20, "Created": 1611360000000, "Modified": 1728178381000, "Shape__Length": 0.035829006862090576, "Shape__Area": 7.714135037452552e-05}}, {"type": "Feature", "id": 497246, "geometry": {"type": "Polygon", "coordinates": [[[-120.67703, 47.24019], [-120.67701, 47.2438], [-120.67699, 47.24742], [-120.677, 47.24829], [-120.677, 47.25007], [-120.677, 47.2506], [-120.67701, 47.25105], [-120.67701, 47.25377], [-120.67702, 47.2547], [-120.68232, 47.25466], [-120.68763, 47.25462], [-120.68763, 47.25458], [-120.68763, 47.25376], [-120.68765, 47.25105], [-120.68765, 47.25059], [-120.68767, 47.24742], [-120.68767, 47.24598], [-120.68768, 47.2438], [-120.68768, 47.2438], [-120.6877, 47.24017], [-120.68237, 47.24018], [-120.67703, 47.24019]]]}, "properties": {"OBJECTID": 497246, "ID": "801974245545476158", "CSE_NAME": "DEER GULCH", "STAGE_ID": null, "BLM_PROD": "Placer Claim", "CSE_TYPE_NR": "384201", "CSE_NR": "OR101748895", "LEG_CSE_NR": "ORMC164540", "SF_ID": "a02t00000058v3bAAA", "CSE_DISP": "Active", "SRC": "LLD", "QLTY": "1: SIMPLE\nFULLY ATTRIBUTED QUARTER SECTION ALL BUCKETS ARE EQUAL\naliquot\n38 sections retrieved\n605 intersected features retrieved\n28 matching sections found\nsection 2 issimple: False, MIDPOINT\nFULLY ATTRIBUTED QUARTER SECTION ALL BUCKETS ARE EQUAL\naliquot", "CSE_META": "WA 33 0200N 0170E 002 A SW|WA 33 0200N 0170E 011 A NW", "RCRD_ACRS": 8.5, "Created": 1611360000000, "Modified": 1728178753000, "Shape__Length": 0.050243904268158425, "Shape__Area": 0.00015434093191060155}}, {"type": "Feature", "id": 497318, "geometry": {"type": "Polygon", "coordinates": [[[-120.63064, 47.39776], [-120.64086, 47.39775], [-120.64084, 47.39049], [-120.63065, 47.39052], [-120.63064, 47.39776]]]}, "properties": {"OBJECTID": 497318, "ID": "801974245100879890", "CSE_NAME": "LUCKY BLEWETT", "STAGE_ID": null, "BLM_PROD": "Placer Claim", "CSE_TYPE_NR": "384201", "CSE_NR": "OR101563331", "LEG_CSE_NR": "ORMC165198", "SF_ID": "a02t00000058uvoAAA", "CSE_DISP": "Active", "SRC": "LLD", "QLTY": "8: SIMPLE\nSECTION CONTAINS 5 OR LESS POLYGONS\naliquot\n36 sections retrieved\n36 intersected features retrieved\n1 matching sections found\nsection 18 issimple: False", "CSE_META": "WA 33 0220N 0180E 018 A SW", "RCRD_ACRS": 18.2, "Created": 1611360000000, "Modified": 1728178742000, "Shape__Length": 0.03491556893781219, "Shape__Area": 7.401538818371801e-05}}, {"type": "Feature", "id": 497337, "geometry": {"type": "Polygon", "coordinates": [[[-120.69498, 47.23296], [-120.69307, 47.23295], [-120.69302, 47.23295], [-120.68773, 47.23292], [-120.68771, 47.23655], [-120.6877, 47.23845], [-120.6877, 47.24009], [-120.6877, 47.24017], [-120.69233, 47.24018], [-120.693, 47.24018], [-120.69525, 47.24018], [-120.69705, 47.24019], [-120.69831, 47.24019], [-120.69831, 47.23657], [-120.69832, 47.23477], [-120.69832, 47.23297], [-120.69576, 47.23297], [-120.69533, 47.23297], [-120.69498, 47.23296]]]}, "properties": {"OBJECTID": 497337, "ID": "799126743607673006", "CSE_NAME": "BOBCAT", "STAGE_ID": null, "BLM_PROD": "Placer Claim", "CSE_TYPE_NR": "384201", "CSE_NR": "OR101472778", "LEG_CSE_NR": "ORMC165919", "SF_ID": "a02t00000058wUGAAY", "CSE_DISP": "Active", "SRC": "LLD", "QLTY": "1: MIDPOINT\nFULLY ATTRIBUTED QUARTER SECTION ALL BUCKETS ARE EQUAL\naliquot\n38 sections retrieved\n605 intersected features retrieved\n24 matching sections found\nsection 10 issimple: False", "CSE_META": "WA 33 0200N 0170E 010 A SE", "RCRD_ACRS": 15.91, "Created": 1610668800000, "Modified": 1728178880000, "Shape__Length": 0.03566264228004852, "Shape__Area": 7.665486175843602e-05}}, {"type": "Feature", "id": 497392, "geometry": {"type": "Polygon", "coordinates": [[[-120.69831, 47.24019], [-120.69705, 47.24019], [-120.69525, 47.24018], [-120.693, 47.24018], [-120.69233, 47.24018], [-120.6877, 47.24017], [-120.68768, 47.2438], [-120.68768, 47.2438], [-120.68767, 47.24598], [-120.68767, 47.24742], [-120.6929, 47.24746], [-120.69298, 47.24747], [-120.69349, 47.24747], [-120.69407, 47.24748], [-120.69598, 47.2475], [-120.69825, 47.24752], [-120.69829, 47.24752], [-120.6983, 47.24381], [-120.6983, 47.24199], [-120.69831, 47.24019]]]}, "properties": {"OBJECTID": 497392, "ID": "799126759126597671", "CSE_NAME": "BIG FOOT #1", "STAGE_ID": null, "BLM_PROD": "Placer Claim", "CSE_TYPE_NR": "384201", "CSE_NR": "OR101678524", "LEG_CSE_NR": "ORMC167136", "SF_ID": "a02t00000058yCBAAY", "CSE_DISP": "Active", "SRC": "LLD", "QLTY": "1: MIDPOINT\nFULLY ATTRIBUTED QUARTER SECTION ALL BUCKETS ARE EQUAL\naliquot\n38 sections retrieved\n605 intersected features retrieved\n24 matching sections found\nsection 10 issimple: False", "CSE_META": "WA 33 0200N 0170E 010 A NE", "RCRD_ACRS": 10.6, "Created": 1610668800000, "Modified": 1728179029000, "Shape__Length": 0.03582012834499046, "Shape__Area": 7.740023299073102e-05}}, {"type": "Feature", "id": 497401, "geometry": {"type": "Polygon", "coordinates": [[[-120.59908, 47.34714], [-120.59909, 47.35438], [-120.60977, 47.3544], [-120.62045, 47.35441], [-120.62047, 47.34719], [-120.60977, 47.34717], [-120.59908, 47.34714]]]}, "properties": {"OBJECTID": 497401, "ID": "802275015868284947", "CSE_NAME": "ROUND TABLE 2", "STAGE_ID": null, "BLM_PROD": "Placer Claim", "CSE_TYPE_NR": "384201", "CSE_NR": "OR101430384", "LEG_CSE_NR": "ORMC167637", "SF_ID": "a02t00000058zwNAAQ", "CSE_DISP": "Active", "SRC": "LLD", "QLTY": "8: MIDPOINT\nSECTION CONTAINS 5 OR LESS POLYGONS\naliquot\n36 sections retrieved\n36 intersected features retrieved\n1 matching sections found\nsection 32 issimple: False, MIDPOINT\nSECTION CONTAINS 5 OR LESS POLYGONS\naliquot\n36 sections retrieved\n36 intersected", "CSE_META": "WA 33 0220N 0180E 032 A SW|WA 33 0220N 0180E 032 A SE", "RCRD_ACRS": 20, "Created": 1611360000000, "Modified": 1728179183000, "Shape__Length": 0.057202587519017224, "Shape__Area": 0.00015452052826399353}}, {"type": "Feature", "id": 497402, "geometry": {"type": "Polygon", "coordinates": [[[-120.60977, 47.3544], [-120.60976, 47.36163], [-120.62042, 47.36164], [-120.62045, 47.35441], [-120.60977, 47.3544]]]}, "properties": {"OBJECTID": 497402, "ID": "802275015868284948", "CSE_NAME": "ROUND TABLE 3", "STAGE_ID": null, "BLM_PROD": "Placer Claim", "CSE_TYPE_NR": "384201", "CSE_NR": "OR101430385", "LEG_CSE_NR": "ORMC167638", "SF_ID": "a02t00000058zwOAAQ", "CSE_DISP": "Active", "SRC": "LLD", "QLTY": "8: MIDPOINT\nSECTION CONTAINS 5 OR LESS POLYGONS\naliquot\n36 sections retrieved\n36 intersected features retrieved\n1 matching sections found\nsection 32 issimple: False", "CSE_META": "WA 33 0220N 0180E 032 A NW", "RCRD_ACRS": 20, "Created": 1611360000000, "Modified": 1728179183000, "Shape__Length": 0.035793041753840064, "Shape__Area": 7.711216114279852e-05}}, {"type": "Feature", "id": 497408, "geometry": {"type": "MultiPolygon", "coordinates": [[[[-120.68237, 47.24018], [-120.67703, 47.24019], [-120.67701, 47.2438], [-120.67699, 47.24742], [-120.68233, 47.24742], [-120.68504, 47.24742], [-120.68767, 47.24742], [-120.68767, 47.24598], [-120.68768, 47.2438], [-120.68768, 47.2438], [-120.6877, 47.24017], [-120.68237, 47.24018]]], [[[-120.67701, 47.25377], [-120.67701, 47.25105], [-120.677, 47.2506], [-120.677, 47.25007], [-120.677, 47.24829], [-120.67699, 47.24742], [-120.67167, 47.24741], [-120.67166, 47.24741], [-120.66632, 47.24743], [-120.66634, 47.24919], [-120.66636, 47.2506], [-120.66637, 47.25104], [-120.66637, 47.25147], [-120.66793, 47.2513], [-120.66868, 47.25105], [-120.67006, 47.2506], [-120.67168, 47.25007], [-120.67335, 47.24953], [-120.67345, 47.24975], [-120.67369, 47.2506], [-120.67373, 47.25073], [-120.67373, 47.25105], [-120.67373, 47.25115], [-120.67237, 47.25159], [-120.6718, 47.25177], [-120.66858, 47.25283], [-120.66823, 47.25294], [-120.66773, 47.25309], [-120.66719, 47.25318], [-120.66755, 47.25353], [-120.66731, 47.25378], [-120.66653, 47.25456], [-120.6664, 47.25459], [-120.6664, 47.25479], [-120.6664, 47.25479], [-120.66938, 47.25477], [-120.6696, 47.25476], [-120.67171, 47.25475], [-120.67702, 47.2547], [-120.67701, 47.25377]]]]}, "properties": {"OBJECTID": 497408, "ID": "799126724926242879", "CSE_NAME": "PIPE STEM", "STAGE_ID": null, "BLM_PROD": "Placer Claim", "CSE_TYPE_NR": "384201", "CSE_NR": "OR101504078", "LEG_CSE_NR": "ORMC167925", "SF_ID": "a02t00000058xJaAAI", "CSE_DISP": "Active", "SRC": "LLD", "QLTY": "3: SIMPLE\nATTRIBUTE BUCKET, WITHIN BUCKET, INTERSECT BUCKET COUNTS ARE ALL DIFFERENT\naliquot\n38 sections retrieved\n605 intersected features retrieved\n28 matching sections found\nsection 2 issimple: False, MIDPOINT\nFULLY ATTRIBUTED QUARTER SECTION ALL BUCKE", "CSE_META": "WA 33 0200N 0170E 002 A SE|WA 33 0200N 0170E 011 A NW", "RCRD_ACRS": 10, "Created": 1610668800000, "Modified": 1728178952000, "Shape__Length": 0.08654771562800115, "Shape__Area": 0.00014166551895306704}}, {"type": "Feature", "id": 497446, "geometry": {"type": "Polygon", "coordinates": [[[-120.64084, 47.37536], [-120.64085, 47.3826], [-120.65158, 47.38264], [-120.6623, 47.38268], [-120.66233, 47.3755], [-120.65158, 47.37543], [-120.64084, 47.37536]]]}, "properties": {"OBJECTID": 497446, "ID": "802275015868284956", "CSE_NAME": "ORO FINO", "STAGE_ID": null, "BLM_PROD": "PLACER CLAIM", "CSE_TYPE_NR": "384201", "CSE_NR": "OR101753086", "LEG_CSE_NR": "ORMC169116", "SF_ID": "a02t000000595JfAAI", "CSE_DISP": "Active", "SRC": "LLD", "QLTY": "8: MIDPOINT\nSECTION CONTAINS 5 OR LESS POLYGONS\naliquot\n36 sections retrieved\n36 intersected features retrieved\n1 matching sections found\nsection 24 issimple: False, MIDPOINT\nSECTION CONTAINS 5 OR LESS POLYGONS\naliquot\n36 sections retrieved\n36 intersected", "CSE_META": "WA 33 0220N 0170E 024 A SW|WA 33 0220N 0170E 024 A SE", "RCRD_ACRS": 41.1, "Created": 1611360000000, "Modified": 1749849816000, "Shape__Length": 0.05736630182985443, "Shape__Area": 0.00015488539906744655}}, {"type": "Feature", "id": 497496, "geometry": {"type": "Polygon", "coordinates": [[[-120.65157, 47.38986], [-120.65156, 47.39709], [-120.66223, 47.39711], [-120.66227, 47.38987], [-120.65157, 47.38986]]]}, "properties": {"OBJECTID": 497496, "ID": "799126764486918214", "CSE_NAME": "TE DE 1", "STAGE_ID": null, "BLM_PROD": "PLACER CLAIM", "CSE_TYPE_NR": "384201", "CSE_NR": "OR101742249", "LEG_CSE_NR": "ORMC169644", "SF_ID": "a02t000000592kKAAQ", "CSE_DISP": "Active", "SRC": "LLD", "QLTY": "8; MIDPOINT, SECTION CONTAINS 5 OR LESS POLYGONS, aliquot", "CSE_META": "WA 33 0220N 0170E 013 A SW", "RCRD_ACRS": 0, "Created": 1610668800000, "Modified": 1745971200000, "Shape__Length": 0.03585845843171308, "Shape__Area": 7.738641885573001e-05}}, {"type": "Feature", "id": 497600, "geometry": {"type": "Polygon", "coordinates": [[[-120.63212, 47.2541], [-120.64512, 47.25408], [-120.64513, 47.25467], [-120.65045, 47.25468], [-120.65373, 47.25469], [-120.65374, 47.25414], [-120.65577, 47.25413], [-120.65576, 47.25381], [-120.65576, 47.25368], [-120.65486, 47.25368], [-120.65479, 47.25281], [-120.65338, 47.2528], [-120.65339, 47.25192], [-120.65143, 47.2519], [-120.65139, 47.2512], [-120.65041, 47.25121], [-120.6493, 47.25122], [-120.64798, 47.25124], [-120.64793, 47.25066], [-120.64787, 47.25009], [-120.64508, 47.25008], [-120.64506, 47.2487], [-120.64922, 47.24871], [-120.64929, 47.24925], [-120.65039, 47.24926], [-120.65038, 47.24748], [-120.64505, 47.2475], [-120.64505, 47.24799], [-120.63209, 47.24803], [-120.63212, 47.2541]]]}, "properties": {"OBJECTID": 497600, "ID": "799126735542026297", "CSE_NAME": "W J", "STAGE_ID": null, "BLM_PROD": "PLACER CLAIM", "CSE_TYPE_NR": "384201", "CSE_NR": "OR101332945", "LEG_CSE_NR": "ORMC170098", "SF_ID": "a02t000000595enAAA", "CSE_DISP": "Active", "SRC": "LLD", "QLTY": "8: SIMPLE\nFULLY ATTRIBUTED QUARTER SECTION ALL BUCKETS ARE EQUAL\nDOES NOT MATCH PM ANGLES\naliquot\n38 sections retrieved\n605 intersected features retrieved\n24 matching sections found\nsection 1 issimple: True, SIMPLE\nSECTION CONTAINS 5 OR LESS POLYGONS\naliq", "CSE_META": "WA 33 0200N 0170E 001 A SE|WA 33 0200N 0180E 006 A SW", "RCRD_ACRS": 20, "Created": 1610668800000, "Modified": 1754668843000, "Shape__Length": 0.07312159582764369, "Shape__Area": 0.00011910563437191302}}, {"type": "Feature", "id": 497601, "geometry": {"type": "MultiPolygon", "coordinates": [[[[-120.65576, 47.25381], [-120.65576, 47.25368], [-120.65486, 47.25368], [-120.65479, 47.25281], [-120.65338, 47.2528], [-120.65339, 47.25192], [-120.65143, 47.2519], [-120.65139, 47.2512], [-120.65041, 47.25121], [-120.6493, 47.25122], [-120.64798, 47.25124], [-120.64793, 47.25066], [-120.64787, 47.25009], [-120.64507, 47.25008], [-120.64508, 47.25023], [-120.64508, 47.25067], [-120.64509, 47.2516], [-120.64511, 47.25292], [-120.64512, 47.25384], [-120.64513, 47.25467], [-120.65045, 47.25468], [-120.65373, 47.25469], [-120.65374, 47.25414], [-120.65577, 47.25413], [-120.65576, 47.25381]]], [[[-120.65038, 47.24748], [-120.64505, 47.2475], [-120.64505, 47.24799], [-120.64505, 47.24858], [-120.64505, 47.2487], [-120.64922, 47.24871], [-120.64929, 47.24925], [-120.65039, 47.24926], [-120.65038, 47.24748]]]]}, "properties": {"OBJECTID": 497601, "ID": "799126735542026299", "CSE_NAME": "W J 3", "STAGE_ID": null, "BLM_PROD": "PLACER CLAIM", "CSE_TYPE_NR": "384201", "CSE_NR": "OR101332947", "LEG_CSE_NR": "ORMC170100", "SF_ID": "a02t000000595epAAA", "CSE_DISP": "Active", "SRC": "LLD", "QLTY": "1: SIMPLE\nFULLY ATTRIBUTED QUARTER SECTION ALL BUCKETS ARE EQUAL\nDOES NOT MATCH PM ANGLES\naliquot\n38 sections retrieved\n605 intersected features retrieved\n24 matching sections found\nsection 1 issimple: True", "CSE_META": "WA 33 0200N 0170E 001 A SE", "RCRD_ACRS": 20, "Created": 1610668800000, "Modified": 1754669010000, "Shape__Length": 0.04444129485139957, "Shape__Area": 4.018649747205551e-05}}, {"type": "Feature", "id": 497646, "geometry": {"type": "Polygon", "coordinates": [[[-120.68767, 47.24742], [-120.68504, 47.24742], [-120.68233, 47.24742], [-120.67699, 47.24742], [-120.677, 47.24829], [-120.677, 47.25007], [-120.677, 47.2506], [-120.67701, 47.25105], [-120.67701, 47.25377], [-120.67702, 47.2547], [-120.68232, 47.25466], [-120.68763, 47.25462], [-120.68763, 47.25458], [-120.68763, 47.25376], [-120.68765, 47.25105], [-120.68765, 47.25059], [-120.68767, 47.24742]]]}, "properties": {"OBJECTID": 497646, "ID": "799126716126593029", "CSE_NAME": "LITTLE FRACTION", "STAGE_ID": null, "BLM_PROD": "PLACER CLAIM", "CSE_TYPE_NR": "384201", "CSE_NR": "OR101489202", "LEG_CSE_NR": "ORMC170918", "SF_ID": "a02t000000591MgAAI", "CSE_DISP": "Active", "SRC": "LLD", "QLTY": "1: SIMPLE\nFULLY ATTRIBUTED QUARTER SECTION ALL BUCKETS ARE EQUAL\naliquot\n38 sections retrieved\n605 intersected features retrieved\n28 matching sections found\nsection 2 issimple: False", "CSE_META": "WA 33 0200N 0170E 002 A SW", "RCRD_ACRS": 5.5, "Created": 1610668800000, "Modified": 1750882135000, "Shape__Length": 0.035774971139070494, "Shape__Area": 7.708103839376752e-05}}, {"type": "Feature", "id": 497666, "geometry": {"type": "Polygon", "coordinates": [[[-120.69831, 47.24019], [-120.69705, 47.24019], [-120.69525, 47.24018], [-120.693, 47.24018], [-120.69233, 47.24018], [-120.6877, 47.24017], [-120.68768, 47.2438], [-120.68768, 47.2438], [-120.68767, 47.24598], [-120.68767, 47.24742], [-120.6929, 47.24746], [-120.69298, 47.24747], [-120.69349, 47.24747], [-120.69407, 47.24748], [-120.69598, 47.2475], [-120.69825, 47.24752], [-120.69829, 47.24752], [-120.6983, 47.24381], [-120.6983, 47.24199], [-120.69831, 47.24019]]]}, "properties": {"OBJECTID": 497666, "ID": "799126766818951279", "CSE_NAME": "CHIC PLACER #1", "STAGE_ID": null, "BLM_PROD": "Placer Claim", "CSE_TYPE_NR": "384201", "CSE_NR": "OR101867321", "LEG_CSE_NR": "ORMC171245", "SF_ID": "a02t000000597t3AAA", "CSE_DISP": "Active", "SRC": "LLD", "QLTY": "1: MIDPOINT\nFULLY ATTRIBUTED QUARTER SECTION ALL BUCKETS ARE EQUAL\naliquot\n38 sections retrieved\n605 intersected features retrieved\n24 matching sections found\nsection 10 issimple: False", "CSE_META": "WA 33 0200N 0170E 010 A NE", "RCRD_ACRS": 19.96, "Created": 1610668800000, "Modified": 1728179881000, "Shape__Length": 0.03582012834499046, "Shape__Area": 7.740023299073102e-05}}, {"type": "Feature", "id": 497667, "geometry": {"type": "Polygon", "coordinates": [[[-120.69831, 47.24019], [-120.69705, 47.24019], [-120.69525, 47.24018], [-120.693, 47.24018], [-120.69233, 47.24018], [-120.6877, 47.24017], [-120.68768, 47.2438], [-120.68768, 47.2438], [-120.68767, 47.24598], [-120.68767, 47.24742], [-120.6929, 47.24746], [-120.69298, 47.24747], [-120.69349, 47.24747], [-120.69407, 47.24748], [-120.69598, 47.2475], [-120.69825, 47.24752], [-120.69829, 47.24752], [-120.6983, 47.24381], [-120.6983, 47.24199], [-120.69831, 47.24019]]]}, "properties": {"OBJECTID": 497667, "ID": "799126766827339836", "CSE_NAME": "CHIC PLACER #2", "STAGE_ID": null, "BLM_PROD": "Placer Claim", "CSE_TYPE_NR": "384201", "CSE_NR": "OR101867667", "LEG_CSE_NR": "ORMC171246", "SF_ID": "a02t000000597tFAAQ", "CSE_DISP": "Active", "SRC": "LLD", "QLTY": "1: MIDPOINT\nFULLY ATTRIBUTED QUARTER SECTION ALL BUCKETS ARE EQUAL\naliquot\n38 sections retrieved\n605 intersected features retrieved\n24 matching sections found\nsection 10 issimple: False", "CSE_META": "WA 33 0200N 0170E 010 A NE", "RCRD_ACRS": 19.96, "Created": 1610668800000, "Modified": 1728179881000, "Shape__Length": 0.03582012834499046, "Shape__Area": 7.740023299073102e-05}}, {"type": "Feature", "id": 497668, "geometry": {"type": "Polygon", "coordinates": [[[-120.69831, 47.24019], [-120.69705, 47.24019], [-120.69525, 47.24018], [-120.693, 47.24018], [-120.69233, 47.24018], [-120.6877, 47.24017], [-120.68768, 47.2438], [-120.68768, 47.2438], [-120.68767, 47.24598], [-120.68767, 47.24742], [-120.6929, 47.24746], [-120.69298, 47.24747], [-120.69349, 47.24747], [-120.69407, 47.24748], [-120.69598, 47.2475], [-120.69825, 47.24752], [-120.69829, 47.24752], [-120.6983, 47.24381], [-120.6983, 47.24199], [-120.69831, 47.24019]]]}, "properties": {"OBJECTID": 497668, "ID": "799126766827339837", "CSE_NAME": "CHIC PLACER #3", "STAGE_ID": null, "BLM_PROD": "Placer Claim", "CSE_TYPE_NR": "384201", "CSE_NR": "OR101867668", "LEG_CSE_NR": "ORMC171247", "SF_ID": "a02t000000597tGAAQ", "CSE_DISP": "Active", "SRC": "LLD", "QLTY": "1: MIDPOINT\nFULLY ATTRIBUTED QUARTER SECTION ALL BUCKETS ARE EQUAL\naliquot\n38 sections retrieved\n605 intersected features retrieved\n24 matching sections found\nsection 10 issimple: False", "CSE_META": "WA 33 0200N 0170E 010 A NE", "RCRD_ACRS": 5.7, "Created": 1610668800000, "Modified": 1728179881000, "Shape__Length": 0.03582012834499046, "Shape__Area": 7.740023299073102e-05}}, {"type": "Feature", "id": 497671, "geometry": {"type": "Polygon", "coordinates": [[[-120.63067, 47.36886], [-120.64085, 47.36886], [-120.64088, 47.36164], [-120.63065, 47.36164], [-120.63067, 47.36886]]]}, "properties": {"OBJECTID": 497671, "ID": "799126766311440432", "CSE_NAME": "HAPPY MINER", "STAGE_ID": null, "BLM_PROD": "Placer Claim", "CSE_TYPE_NR": "384201", "CSE_NR": "OR101863587", "LEG_CSE_NR": "ORMC171329", "SF_ID": "a02t00000059A3fAAE", "CSE_DISP": "Active", "SRC": "LLD", "QLTY": "8: SIMPLE\nSECTION CONTAINS 5 OR LESS POLYGONS\naliquot\n36 sections retrieved\n36 intersected features retrieved\n1 matching sections found\nsection 30 issimple: False", "CSE_META": "WA 33 0220N 0180E 030 A SW", "RCRD_ACRS": 16.66, "Created": 1610668800000, "Modified": 1728180076000, "Shape__Length": 0.03485412186511174, "Shape__Area": 7.370072433734702e-05}}, {"type": "Feature", "id": 497684, "geometry": {"type": "Polygon", "coordinates": [[[-120.66227, 47.38987], [-120.66223, 47.39712], [-120.67289, 47.39711], [-120.67294, 47.38988], [-120.66227, 47.38987]]]}, "properties": {"OBJECTID": 497684, "ID": "802275015868284973", "CSE_NAME": "MT POCKETS", "STAGE_ID": null, "BLM_PROD": "Placer Claim", "CSE_TYPE_NR": "384201", "CSE_NR": "OR101867541", "LEG_CSE_NR": "ORMC171414", "SF_ID": "a02t00000059Dt6AAE", "CSE_DISP": "Active", "SRC": "LLD", "QLTY": "8: MIDPOINT\nSECTION CONTAINS 5 OR LESS POLYGONS\naliquot\n36 sections retrieved\n36 intersected features retrieved\n1 matching sections found\nsection 14 issimple: False", "CSE_META": "WA 33 0220N 0170E 014 A SE", "RCRD_ACRS": 17, "Created": 1611360000000, "Modified": 1728180463000, "Shape__Length": 0.03581596377952516, "Shape__Area": 7.724536427504402e-05}}, {"type": "Feature", "id": 497685, "geometry": {"type": "Polygon", "coordinates": [[[-120.65158, 47.37543], [-120.65158, 47.38264], [-120.65157, 47.38986], [-120.66227, 47.38987], [-120.6623, 47.38268], [-120.66233, 47.3755], [-120.65158, 47.37543]]]}, "properties": {"OBJECTID": 497685, "ID": "802275015868284974", "CSE_NAME": "POTLUCK", "STAGE_ID": null, "BLM_PROD": "Placer Claim", "CSE_TYPE_NR": "384201", "CSE_NR": "OR101867542", "LEG_CSE_NR": "ORMC171415", "SF_ID": "a02t00000059Dt7AAE", "CSE_DISP": "Active", "SRC": "LLD", "QLTY": "8: MIDPOINT\nSECTION CONTAINS 5 OR LESS POLYGONS\naliquot\n36 sections retrieved\n36 intersected features retrieved\n1 matching sections found\nsection 24 issimple: False, MIDPOINT\nSECTION CONTAINS 5 OR LESS POLYGONS\naliquot\n36 sections retrieved\n36 intersected", "CSE_META": "WA 33 0220N 0170E 024 A NW|WA 33 0220N 0170E 024 A SW", "RCRD_ACRS": 23.63, "Created": 1611360000000, "Modified": 1728180463000, "Shape__Length": 0.0502498181226372, "Shape__Area": 0.00015443763176605855}}, {"type": "Feature", "id": 497818, "geometry": {"type": "Polygon", "coordinates": [[[-120.6518, 47.28912], [-120.65174, 47.29636], [-120.66237, 47.29636], [-120.66237, 47.29637], [-120.67301, 47.29635], [-120.67304, 47.28912], [-120.6624, 47.28914], [-120.6518, 47.28912]]]}, "properties": {"OBJECTID": 497818, "ID": "799126763656446062", "CSE_NAME": "LIBERTY ONE", "STAGE_ID": null, "BLM_PROD": "PLACER CLAIM", "CSE_TYPE_NR": "384201", "CSE_NR": "OR101843145", "LEG_CSE_NR": "ORMC172083", "SF_ID": "a02t00000059EenAAE", "CSE_DISP": "Active", "SRC": "LLD", "QLTY": "8: MIDPOINT\nSECTION CONTAINS 5 OR LESS POLYGONS\naliquot\n36 sections retrieved\n37 intersected features retrieved\n1 matching sections found\nsection 23 issimple: False, MIDPOINT\nSECTION CONTAINS 5 OR LESS POLYGONS\naliquot\n36 sections retrieved\n37 intersected", "CSE_META": "WA 33 0210N 0170E 023 A SE|WA 33 0210N 0170E 024 A SW", "RCRD_ACRS": 20, "Created": 1610668800000, "Modified": 1741035838000, "Shape__Length": 0.0570088194964668, "Shape__Area": 0.00015373525879997454}}, {"type": "Feature", "id": 497880, "geometry": {"type": "Polygon", "coordinates": [[[-120.60977, 47.3544], [-120.60976, 47.36163], [-120.62042, 47.36164], [-120.62045, 47.35441], [-120.60977, 47.3544]]]}, "properties": {"OBJECTID": 497880, "ID": "799126764390449254", "CSE_NAME": "HUGHES", "STAGE_ID": null, "BLM_PROD": "Placer Claim", "CSE_TYPE_NR": "384201", "CSE_NR": "OR101740677", "LEG_CSE_NR": "ORMC172411", "SF_ID": "a02t000000599qDAAQ", "CSE_DISP": "Active", "SRC": "LLD", "QLTY": "8: MIDPOINT\nSECTION CONTAINS 5 OR LESS POLYGONS\naliquot\n36 sections retrieved\n36 intersected features retrieved\n1 matching sections found\nsection 32 issimple: False", "CSE_META": "WA 33 0220N 0180E 032 A NW", "RCRD_ACRS": 20, "Created": 1610668800000, "Modified": 1728180056000, "Shape__Length": 0.035793041753840064, "Shape__Area": 7.711216114279852e-05}}, {"type": "Feature", "id": 497932, "geometry": {"type": "Polygon", "coordinates": [[[-120.66252, 47.26014], [-120.6625, 47.26742], [-120.67313, 47.26741], [-120.67314, 47.26013], [-120.66252, 47.26014]]]}, "properties": {"OBJECTID": 497932, "ID": "801974244593369115", "CSE_NAME": "LION GULCH 6", "STAGE_ID": null, "BLM_PROD": "Placer Claim", "CSE_TYPE_NR": "384201", "CSE_NR": "OR101472888", "LEG_CSE_NR": "ORMC172704", "SF_ID": "a02t00000059Ep1AAE", "CSE_DISP": "Active", "SRC": "LLD", "QLTY": "8: MIDPOINT\nSECTION CONTAINS 5 OR LESS POLYGONS\naliquot\n36 sections retrieved\n37 intersected features retrieved\n1 matching sections found\nsection 35 issimple: False", "CSE_META": "WA 33 0210N 0170E 035 A SE", "RCRD_ACRS": 19.88, "Created": 1611360000000, "Modified": 1728180558000, "Shape__Length": 0.035814878527458405, "Shape__Area": 7.736548103617253e-05}}, {"type": "Feature", "id": 497933, "geometry": {"type": "Polygon", "coordinates": [[[-120.66252, 47.26014], [-120.6625, 47.26742], [-120.67313, 47.26741], [-120.67314, 47.26013], [-120.66252, 47.26014]]]}, "properties": {"OBJECTID": 497933, "ID": "801974245176377371", "CSE_NAME": "LION GULCH 7", "STAGE_ID": null, "BLM_PROD": "Placer Claim", "CSE_TYPE_NR": "384201", "CSE_NR": "OR101472889", "LEG_CSE_NR": "ORMC172705", "SF_ID": "a02t00000059Ep2AAE", "CSE_DISP": "Active", "SRC": "LLD", "QLTY": "8: MIDPOINT\nSECTION CONTAINS 5 OR LESS POLYGONS\naliquot\n36 sections retrieved\n37 intersected features retrieved\n1 matching sections found\nsection 35 issimple: False", "CSE_META": "WA 33 0210N 0170E 035 A SE", "RCRD_ACRS": 19.86, "Created": 1611360000000, "Modified": 1728180558000, "Shape__Length": 0.035814878527458405, "Shape__Area": 7.736548103617253e-05}}, {"type": "Feature", "id": 497943, "geometry": {"type": "Polygon", "coordinates": [[[-120.52585, 47.31832], [-120.51629, 47.31836], [-120.5167, 47.32556], [-120.52604, 47.32552], [-120.53537, 47.32549], [-120.5354, 47.31827], [-120.52585, 47.31832]]]}, "properties": {"OBJECTID": 497943, "ID": "799126744513642669", "CSE_NAME": "NORTH STAR", "STAGE_ID": null, "BLM_PROD": "Placer Claim", "CSE_TYPE_NR": "384201", "CSE_NR": "OR101476774", "LEG_CSE_NR": "ORMC172797", "SF_ID": "a02t00000059IM4AAM", "CSE_DISP": "Active", "SRC": "LLD", "QLTY": "8: SIMPLE\nSECTION CONTAINS 5 OR LESS POLYGONS\naliquot\n36 sections retrieved\n36 intersected features retrieved\n1 matching sections found\nsection 12 issimple: False, SIMPLE\nSECTION CONTAINS 5 OR LESS POLYGONS\nDOES NOT MATCH PM ANGLES\naliquot\n36 sections ret", "CSE_META": "WA 33 0210N 0180E 012 A SW|WA 33 0210N 0180E 012 A SE", "RCRD_ACRS": 40, "Created": 1610668800000, "Modified": 1728180903000, "Shape__Length": 0.052202509220427976, "Shape__Area": 0.00013616394650161202}}, {"type": "Feature", "id": 497952, "geometry": {"type": "Polygon", "coordinates": [[[-120.52585, 47.31832], [-120.5354, 47.31827], [-120.53545, 47.31093], [-120.52564, 47.31102], [-120.52585, 47.31832]]]}, "properties": {"OBJECTID": 497952, "ID": "802275015872479243", "CSE_NAME": "NORTH STAR 2", "STAGE_ID": null, "BLM_PROD": "Placer Claim", "CSE_TYPE_NR": "384201", "CSE_NR": "OR101644533", "LEG_CSE_NR": "ORMC172870", "SF_ID": "a02t00000059BS8AAM", "CSE_DISP": "Active", "SRC": "LLD", "QLTY": "8: SIMPLE\nSECTION CONTAINS 5 OR LESS POLYGONS\nDOES NOT MATCH PM ANGLES\naliquot\n36 sections retrieved\n36 intersected features retrieved\n1 matching sections found\nsection 13 issimple: False", "CSE_META": "WA 33 0210N 0180E 013 A NW", "RCRD_ACRS": 20, "Created": 1611360000000, "Modified": 1728180216000, "Shape__Length": 0.034006987235748236, "Shape__Area": 7.087273764587901e-05}}, {"type": "Feature", "id": 497970, "geometry": {"type": "Polygon", "coordinates": [[[-120.65158, 47.38264], [-120.65157, 47.38986], [-120.66227, 47.38987], [-120.6623, 47.38268], [-120.65158, 47.38264]]]}, "properties": {"OBJECTID": 497970, "ID": "802275015872479250", "CSE_NAME": "BEDROCK", "STAGE_ID": null, "BLM_PROD": "Placer Claim", "CSE_TYPE_NR": "384201", "CSE_NR": "OR101894601", "LEG_CSE_NR": "ORMC173303", "SF_ID": "a02t00000059GAlAAM", "CSE_DISP": "Active", "SRC": "LLD", "QLTY": "8: MIDPOINT\nSECTION CONTAINS 5 OR LESS POLYGONS\naliquot\n36 sections retrieved\n36 intersected features retrieved\n1 matching sections found\nsection 24 issimple: False", "CSE_META": "WA 33 0220N 0170E 024 A NW", "RCRD_ACRS": 30.3, "Created": 1611360000000, "Modified": 1728180690000, "Shape__Length": 0.035829006862090576, "Shape__Area": 7.714135037452552e-05}}, {"type": "Feature", "id": 498289, "geometry": {"type": "Polygon", "coordinates": [[[-120.61911, 47.25413], [-120.63212, 47.2541], [-120.63209, 47.24803], [-120.61913, 47.24807], [-120.61911, 47.25413]]]}, "properties": {"OBJECTID": 498289, "ID": "799126747739062417", "CSE_NAME": "GOLD BAR 1", "STAGE_ID": null, "BLM_PROD": "Placer Claim", "CSE_TYPE_NR": "384201", "CSE_NR": "OR101735107", "LEG_CSE_NR": "ORMC174014", "SF_ID": "a02t00000059LdBAAU", "CSE_DISP": "Active", "SRC": "LLD", "QLTY": "8: SIMPLE\nSECTION CONTAINS 5 OR LESS POLYGONS\naliquot\n36 sections retrieved\n36 intersected features retrieved\n1 matching sections found\nsection 6 issimple: False", "CSE_META": "WA 33 0200N 0180E 006 A SE", "RCRD_ACRS": 20, "Created": 1610668800000, "Modified": 1728181232000, "Shape__Length": 0.0380869473158774, "Shape__Area": 7.868528045820302e-05}}, {"type": "Feature", "id": 498290, "geometry": {"type": "Polygon", "coordinates": [[[-120.61911, 47.25413], [-120.63212, 47.2541], [-120.63209, 47.24803], [-120.61913, 47.24807], [-120.61911, 47.25413]]]}, "properties": {"OBJECTID": 498290, "ID": "799126747739062418", "CSE_NAME": "GOLD BAR 4", "STAGE_ID": null, "BLM_PROD": "Placer Claim", "CSE_TYPE_NR": "384201", "CSE_NR": "OR101735108", "LEG_CSE_NR": "ORMC174015", "SF_ID": "a02t00000059LdCAAU", "CSE_DISP": "Active", "SRC": "LLD", "QLTY": "8: SIMPLE\nSECTION CONTAINS 5 OR LESS POLYGONS\naliquot\n36 sections retrieved\n36 intersected features retrieved\n1 matching sections found\nsection 6 issimple: False", "CSE_META": "WA 33 0200N 0180E 006 A SE", "RCRD_ACRS": 20, "Created": 1610668800000, "Modified": 1728181232000, "Shape__Length": 0.0380869473158774, "Shape__Area": 7.868528045820302e-05}}, {"type": "Feature", "id": 498343, "geometry": {"type": "MultiPolygon", "coordinates": [[[[-120.63212, 47.2541], [-120.63215, 47.26017], [-120.6452, 47.26017], [-120.64513, 47.25408], [-120.63212, 47.2541]]], [[[-120.63077, 47.26021], [-120.63079, 47.26744], [-120.64124, 47.26745], [-120.64129, 47.26023], [-120.63077, 47.26021]]]]}, "properties": {"OBJECTID": 498343, "ID": "799126716336308278", "CSE_NAME": "ELK HORN GULCH", "STAGE_ID": null, "BLM_PROD": "Placer Claim", "CSE_TYPE_NR": "384201", "CSE_NR": "OR101490357", "LEG_CSE_NR": "ORMC174325", "SF_ID": "a02t00000059GvIAAU", "CSE_DISP": "Active", "SRC": "LLD", "QLTY": "8: SIMPLE\nSECTION CONTAINS 5 OR LESS POLYGONS\naliquot\n36 sections retrieved\n36 intersected features retrieved\n1 matching sections found\nsection 6 issimple: False, SIMPLE\nSECTION CONTAINS 5 OR LESS POLYGONS\naliquot\n36 sections retrieved\n36 intersected feat", "CSE_META": "WA 33 0200N 0180E 006 A NW|WA 33 0210N 0180E 031 A SW", "RCRD_ACRS": 20, "Created": 1610668800000, "Modified": 1728180763000, "Shape__Length": 0.07364330739006894, "Shape__Area": 0.00015498211288474955}}, {"type": "Feature", "id": 498383, "geometry": {"type": "Polygon", "coordinates": [[[-120.66634, 47.24919], [-120.66632, 47.24743], [-120.66101, 47.24744], [-120.65573, 47.24746], [-120.65568, 47.24746], [-120.65572, 47.25064], [-120.65573, 47.25113], [-120.65575, 47.25243], [-120.65801, 47.25243], [-120.65804, 47.25321], [-120.65861, 47.25302], [-120.65972, 47.25333], [-120.65998, 47.25324], [-120.66107, 47.25291], [-120.6655, 47.25157], [-120.66637, 47.25147], [-120.66637, 47.25104], [-120.66636, 47.2506], [-120.66634, 47.24919]]]}, "properties": {"OBJECTID": 498383, "ID": "799126771940196362", "CSE_NAME": "VILLAGE", "STAGE_ID": null, "BLM_PROD": "Placer Claim", "CSE_TYPE_NR": "384201", "CSE_NR": "OR101838939", "LEG_CSE_NR": "ORMC174920", "SF_ID": "a02t00000059QToAAM", "CSE_DISP": "Active", "SRC": "LLD", "QLTY": "1: SIMPLE\nFULLY ATTRIBUTED QUARTER SECTION ALL BUCKETS ARE EQUAL\nDOES NOT MATCH PM ANGLES\naliquot\n38 sections retrieved\n605 intersected features retrieved\n24 matching sections found\nsection 1 issimple: True", "CSE_META": "WA 33 0200N 0170E 001 A SW", "RCRD_ACRS": 10, "Created": 1610668800000, "Modified": 1728181703000, "Shape__Length": 0.0313765892350848, "Shape__Area": 5.359258877399801e-05}}, {"type": "Feature", "id": 498396, "geometry": {"type": "Polygon", "coordinates": [[[-120.69439, 47.2601], [-120.68377, 47.26012], [-120.68376, 47.26739], [-120.69436, 47.26737], [-120.70496, 47.26735], [-120.70502, 47.26007], [-120.69439, 47.2601]]]}, "properties": {"OBJECTID": 498396, "ID": "799126771772424383", "CSE_NAME": "HIGH HOPES", "STAGE_ID": null, "BLM_PROD": "Placer Claim", "CSE_TYPE_NR": "384201", "CSE_NR": "OR101835683", "LEG_CSE_NR": "ORMC175117", "SF_ID": "a02t00000059UbGAAU", "CSE_DISP": "Active", "SRC": "LLD", "QLTY": "8: MIDPOINT\nSECTION CONTAINS 5 OR LESS POLYGONS\naliquot\n36 sections retrieved\n37 intersected features retrieved\n1 matching sections found\nsection 34 issimple: False, MIDPOINT\nSECTION CONTAINS 5 OR LESS POLYGONS\naliquot\n36 sections retrieved\n37 intersected", "CSE_META": "WA 33 0210N 0170E 034 A SW|WA 33 0210N 0170E 034 A SE", "RCRD_ACRS": 20, "Created": 1610668800000, "Modified": 1728182174000, "Shape__Length": 0.056998174189290644, "Shape__Area": 0.00015433925715490355}}, {"type": "Feature", "id": 498583, "geometry": {"type": "Polygon", "coordinates": [[[-120.70502, 47.26007], [-120.70496, 47.26735], [-120.70491, 47.27463], [-120.71556, 47.27462], [-120.71562, 47.26733], [-120.71568, 47.26005], [-120.70502, 47.26007]]]}, "properties": {"OBJECTID": 498583, "ID": "799126771277496417", "CSE_NAME": "THOMAS JEFFREY", "STAGE_ID": null, "BLM_PROD": "Placer Claim", "CSE_TYPE_NR": "384201", "CSE_NR": "OR101830672", "LEG_CSE_NR": "ORMC175365", "SF_ID": "a02t00000059WADAA2", "CSE_DISP": "Active", "SRC": "LLD", "QLTY": "8: MIDPOINT\nSECTION CONTAINS 5 OR LESS POLYGONS\naliquot\n36 sections retrieved\n37 intersected features retrieved\n2 matching sections found\nsection 33 issimple: False, MIDPOINT\nSECTION CONTAINS 5 OR LESS POLYGONS\naliquot\n36 sections retrieved\n37 intersected", "CSE_META": "WA 33 0210N 0170E 033 A NE|WA 33 0210N 0170E 033 A SE", "RCRD_ACRS": 20, "Created": 1610668800000, "Modified": 1728182331000, "Shape__Length": 0.05043798402165464, "Shape__Area": 0.00015517627564791653}}, {"type": "Feature", "id": 498616, "geometry": {"type": "Polygon", "coordinates": [[[-120.58845, 47.34718], [-120.58843, 47.35443], [-120.59909, 47.35438], [-120.59908, 47.34714], [-120.58845, 47.34718]]]}, "properties": {"OBJECTID": 498616, "ID": "802275015872479289", "CSE_NAME": "AMY LYNN", "STAGE_ID": null, "BLM_PROD": "Placer Claim", "CSE_TYPE_NR": "384201", "CSE_NR": "OR101764943", "LEG_CSE_NR": "ORMC176233", "SF_ID": "a02t00000059a3BAAQ", "CSE_DISP": "Active", "SRC": "LLD", "QLTY": "8: MIDPOINT\nSECTION CONTAINS 5 OR LESS POLYGONS\naliquot\n36 sections retrieved\n36 intersected features retrieved\n1 matching sections found\nsection 33 issimple: False", "CSE_META": "WA 33 0220N 0180E 033 A SW", "RCRD_ACRS": 20, "Created": 1611360000000, "Modified": 1728182703000, "Shape__Length": 0.03577715972375502, "Shape__Area": 7.710161042883201e-05}}, {"type": "Feature", "id": 498617, "geometry": {"type": "Polygon", "coordinates": [[[-120.58845, 47.34718], [-120.58843, 47.35443], [-120.59909, 47.35438], [-120.59908, 47.34714], [-120.58845, 47.34718]]]}, "properties": {"OBJECTID": 498617, "ID": "802275015872479290", "CSE_NAME": "GWEN ELLEN 1", "STAGE_ID": null, "BLM_PROD": "Placer Claim", "CSE_TYPE_NR": "384201", "CSE_NR": "OR101764944", "LEG_CSE_NR": "ORMC176235", "SF_ID": "a02t00000059a3CAAQ", "CSE_DISP": "Active", "SRC": "LLD", "QLTY": "8: MIDPOINT\nSECTION CONTAINS 5 OR LESS POLYGONS\naliquot\n36 sections retrieved\n36 intersected features retrieved\n1 matching sections found\nsection 33 issimple: False", "CSE_META": "WA 33 0220N 0180E 033 A SW", "RCRD_ACRS": 20, "Created": 1611360000000, "Modified": 1728182703000, "Shape__Length": 0.03577715972375502, "Shape__Area": 7.710161042883201e-05}}, {"type": "Feature", "id": 498618, "geometry": {"type": "Polygon", "coordinates": [[[-120.58845, 47.34718], [-120.58843, 47.35443], [-120.59909, 47.35438], [-120.59908, 47.34714], [-120.58845, 47.34718]]]}, "properties": {"OBJECTID": 498618, "ID": "802275015872479291", "CSE_NAME": "GWEN ELLEN 2", "STAGE_ID": null, "BLM_PROD": "Placer Claim", "CSE_TYPE_NR": "384201", "CSE_NR": "OR101764945", "LEG_CSE_NR": "ORMC176236", "SF_ID": "a02t00000059a3DAAQ", "CSE_DISP": "Active", "SRC": "LLD", "QLTY": "8: MIDPOINT\nSECTION CONTAINS 5 OR LESS POLYGONS\naliquot\n36 sections retrieved\n36 intersected features retrieved\n1 matching sections found\nsection 33 issimple: False", "CSE_META": "WA 33 0220N 0180E 033 A SW", "RCRD_ACRS": 20, "Created": 1611360000000, "Modified": 1728182703000, "Shape__Length": 0.03577715972375502, "Shape__Area": 7.710161042883201e-05}}, {"type": "Feature", "id": 498619, "geometry": {"type": "Polygon", "coordinates": [[[-120.58845, 47.34718], [-120.58843, 47.35443], [-120.59909, 47.35438], [-120.59908, 47.34714], [-120.58845, 47.34718]]]}, "properties": {"OBJECTID": 498619, "ID": "802275015872479292", "CSE_NAME": "RAMONA MAY", "STAGE_ID": null, "BLM_PROD": "Placer Claim", "CSE_TYPE_NR": "384201", "CSE_NR": "OR101764946", "LEG_CSE_NR": "ORMC176237", "SF_ID": "a02t00000059a3EAAQ", "CSE_DISP": "Active", "SRC": "LLD", "QLTY": "8: MIDPOINT\nSECTION CONTAINS 5 OR LESS POLYGONS\naliquot\n36 sections retrieved\n36 intersected features retrieved\n1 matching sections found\nsection 33 issimple: False", "CSE_META": "WA 33 0220N 0180E 033 A SW", "RCRD_ACRS": 20, "Created": 1611360000000, "Modified": 1728182703000, "Shape__Length": 0.03577715972375502, "Shape__Area": 7.710161042883201e-05}}, {"type": "Feature", "id": 498620, "geometry": {"type": "Polygon", "coordinates": [[[-120.68763, 47.25462], [-120.68761, 47.25693], [-120.6876, 47.25822], [-120.6876, 47.25825], [-120.68759, 47.2601], [-120.68905, 47.2601], [-120.6929, 47.26009], [-120.69292, 47.26009], [-120.69436, 47.26009], [-120.69463, 47.26009], [-120.69639, 47.26009], [-120.69822, 47.26008], [-120.69825, 47.26008], [-120.69826, 47.25822], [-120.69826, 47.25692], [-120.69827, 47.25461], [-120.69295, 47.25462], [-120.68763, 47.25462]]]}, "properties": {"OBJECTID": 498620, "ID": "799126772804222986", "CSE_NAME": "RACQUEL W", "STAGE_ID": null, "BLM_PROD": "Placer Claim", "CSE_TYPE_NR": "384201", "CSE_NR": "OR101765089", "LEG_CSE_NR": "ORMC176238", "SF_ID": "a02t00000059aIkAAI", "CSE_DISP": "Active", "SRC": "LLD", "QLTY": "1; SIMPLE, FULLY ATTRIBUTED QUARTER SECTION ALL BUCKETS ARE EQUAL, aliquot", "CSE_META": "WA 33 0200N 0170E 003 A NE", "RCRD_ACRS": 121.13, "Created": 1610668800000, "Modified": 1745971200000, "Shape__Length": 0.03225903794348791, "Shape__Area": 5.8335255301270016e-05}}, {"type": "Feature", "id": 498687, "geometry": {"type": "Polygon", "coordinates": [[[-120.66078, 47.43834], [-120.66065, 47.44556], [-120.67143, 47.44558], [-120.67152, 47.43836], [-120.66078, 47.43834]]]}, "properties": {"OBJECTID": 498687, "ID": "801974244845027341", "CSE_NAME": "SHOOTZ", "STAGE_ID": null, "BLM_PROD": "Placer Claim", "CSE_TYPE_NR": "384201", "CSE_NR": "OR101769133", "LEG_CSE_NR": "ORMC176914", "SF_ID": "a02t00000059Zu5AAE", "CSE_DISP": "Active", "SRC": "LLD", "QLTY": "8: MIDPOINT\nSECTION CONTAINS 5 OR LESS POLYGONS\nDOES NOT MATCH PM ANGLES\naliquot\n36 sections retrieved\n36 intersected features retrieved\n1 matching sections found\nsection 36 issimple: False", "CSE_META": "WA 33 0230N 0170E 036 A SW", "RCRD_ACRS": 11, "Created": 1611360000000, "Modified": 1728182689000, "Shape__Length": 0.035964439881923126, "Shape__Area": 7.769316124500502e-05}}, {"type": "Feature", "id": 498811, "geometry": {"type": "Polygon", "coordinates": [[[-120.61911, 47.25413], [-120.63212, 47.2541], [-120.63209, 47.24803], [-120.61913, 47.24807], [-120.61911, 47.25413]]]}, "properties": {"OBJECTID": 498811, "ID": "799126910507417711", "CSE_NAME": "GOLD BAR 5", "STAGE_ID": null, "BLM_PROD": "Placer Claim", "CSE_TYPE_NR": "384201", "CSE_NR": "OR101924218", "LEG_CSE_NR": "ORMC178045", "SF_ID": "a02t00000059kljAAA", "CSE_DISP": "Active", "SRC": "LLD", "QLTY": "8: SIMPLE\nSECTION CONTAINS 5 OR LESS POLYGONS\naliquot\n36 sections retrieved\n36 intersected features retrieved\n1 matching sections found\nsection 6 issimple: False", "CSE_META": "WA 33 0200N 0180E 006 A SE", "RCRD_ACRS": 20, "Created": 1610668800000, "Modified": 1728183784000, "Shape__Length": 0.0380869473158774, "Shape__Area": 7.868528045820302e-05}}, {"type": "Feature", "id": 498834, "geometry": {"type": "Polygon", "coordinates": [[[-120.67699, 47.24742], [-120.68233, 47.24742], [-120.68235, 47.2438], [-120.68233, 47.2438], [-120.67701, 47.2438], [-120.67699, 47.24742]]]}, "properties": {"OBJECTID": 498834, "ID": "799126905545556014", "CSE_NAME": "PIPE STEM FRACTION", "STAGE_ID": null, "BLM_PROD": "PLACER CLAIM", "CSE_TYPE_NR": "384201", "CSE_NR": "OR101746316", "LEG_CSE_NR": "ORMC178112", "SF_ID": "a02t00000059jiGAAQ", "CSE_DISP": "Active", "SRC": "LLD/CLS", "QLTY": "0; WA330200N0170E0SN110ANENW", "CSE_META": "WA 33 0200N 0170E 011 A NENW", "RCRD_ACRS": 40, "Created": 1610668800000, "Modified": 1785441807000, "Shape__Length": 0.017906596352863315, "Shape__Area": 1.9303059554339004e-05}}, {"type": "Feature", "id": 498843, "geometry": {"type": "Polygon", "coordinates": [[[-120.64084, 47.37536], [-120.64085, 47.3826], [-120.65158, 47.38264], [-120.65158, 47.37543], [-120.64084, 47.37536]]]}, "properties": {"OBJECTID": 498843, "ID": "799126910901682246", "CSE_NAME": "CARBONITE", "STAGE_ID": null, "BLM_PROD": "PLACER CLAIM", "CSE_TYPE_NR": "384201", "CSE_NR": "OR102155206", "LEG_CSE_NR": "ORMC178198", "SF_ID": "a02t00000059j3OAAQ", "CSE_DISP": "Active", "SRC": "LLD", "QLTY": "8: MIDPOINT\nSECTION CONTAINS 5 OR LESS POLYGONS\naliquot\n36 sections retrieved\n36 intersected features retrieved\n1 matching sections found\nsection 24 issimple: False", "CSE_META": "WA 33 0220N 0170E 024 A SE", "RCRD_ACRS": 7, "Created": 1610668800000, "Modified": 1784661688000, "Shape__Length": 0.03592509864636621, "Shape__Area": 7.758911767591352e-05}}, {"type": "Feature", "id": 498912, "geometry": {"type": "Polygon", "coordinates": [[[-120.69439, 47.2601], [-120.69436, 47.26737], [-120.70496, 47.26735], [-120.70502, 47.26007], [-120.69439, 47.2601]]]}, "properties": {"OBJECTID": 498912, "ID": "799126715476475925", "CSE_NAME": "GOLDEN PROMISE", "STAGE_ID": null, "BLM_PROD": "PLACER CLAIM", "CSE_TYPE_NR": "384201", "CSE_NR": "OR101484871", "LEG_CSE_NR": "ORMC22953", "SF_ID": "a02t0000005877SAAQ", "CSE_DISP": "Active", "SRC": "LLD", "QLTY": "8: MIDPOINT\nSECTION CONTAINS 5 OR LESS POLYGONS\naliquot\n36 sections retrieved\n37 intersected features retrieved\n1 matching sections found\nsection 34 issimple: False", "CSE_META": "WA 33 0210N 0170E 034 A SW", "RCRD_ACRS": 20, "Created": 1610668800000, "Modified": 1764102837000, "Shape__Length": 0.03577623818631892, "Shape__Area": 7.720378366538702e-05}}, {"type": "Feature", "id": 498928, "geometry": {"type": "Polygon", "coordinates": [[[-120.67702, 47.25694], [-120.67702, 47.2547], [-120.67171, 47.25475], [-120.6696, 47.25476], [-120.66941, 47.25484], [-120.66938, 47.25477], [-120.6664, 47.25479], [-120.6664, 47.25479], [-120.66644, 47.2568], [-120.66644, 47.25695], [-120.66646, 47.25829], [-120.66646, 47.2583], [-120.66114, 47.25832], [-120.66112, 47.25697], [-120.6611, 47.25535], [-120.65797, 47.25609], [-120.65726, 47.2555], [-120.65726, 47.25635], [-120.65672, 47.25634], [-120.6567, 47.25698], [-120.65667, 47.25833], [-120.65667, 47.25843], [-120.65582, 47.2584], [-120.65584, 47.26016], [-120.66113, 47.26015], [-120.66116, 47.26015], [-120.66252, 47.26014], [-120.66648, 47.26013], [-120.66782, 47.26013], [-120.66783, 47.26013], [-120.67048, 47.26013], [-120.67176, 47.26013], [-120.67178, 47.26013], [-120.67314, 47.26013], [-120.67704, 47.26013], [-120.67703, 47.25828], [-120.67702, 47.25694]]]}, "properties": {"OBJECTID": 498928, "ID": "799126732752814163", "CSE_NAME": "SNYDER", "STAGE_ID": null, "BLM_PROD": "Placer Claim", "CSE_TYPE_NR": "384201", "CSE_NR": "OR101432450", "LEG_CSE_NR": "ORMC25735", "SF_ID": "a02t000000584o1AAA", "CSE_DISP": "Active", "SRC": "LLD", "QLTY": "1: SIMPLE\nFULLY ATTRIBUTED QUARTER SECTION ALL BUCKETS ARE EQUAL\nDOES NOT MATCH PM ANGLES\naliquot\n38 sections retrieved\n605 intersected features retrieved\n24 matching sections found\nsection 1 issimple: True, SIMPLE\nFULLY ATTRIBUTED QUARTER SECTION ALL BUC", "CSE_META": "WA 33 0200N 0170E 001 A NW|WA 33 0200N 0170E 002 A NE", "RCRD_ACRS": 13, "Created": 1610668800000, "Modified": 1728174147000, "Shape__Length": 0.05933992980800802, "Shape__Area": 8.746114993427253e-05}}, {"type": "Feature", "id": 498975, "geometry": {"type": "Polygon", "coordinates": [[[-120.66634, 47.24919], [-120.66632, 47.24743], [-120.66101, 47.24744], [-120.65573, 47.24746], [-120.65568, 47.24746], [-120.65572, 47.25064], [-120.65573, 47.25113], [-120.65575, 47.25243], [-120.65801, 47.25243], [-120.65804, 47.25321], [-120.65861, 47.25302], [-120.65972, 47.25333], [-120.65998, 47.25324], [-120.66107, 47.25291], [-120.6655, 47.25157], [-120.66637, 47.25147], [-120.66637, 47.25104], [-120.66636, 47.2506], [-120.66634, 47.24919]]]}, "properties": {"OBJECTID": 498975, "ID": "799126715023491243", "CSE_NAME": "LIL GREEN FROG FRAC", "STAGE_ID": null, "BLM_PROD": "Placer Claim", "CSE_TYPE_NR": "384201", "CSE_NR": "OR101481888", "LEG_CSE_NR": "ORMC47348", "SF_ID": "a02t000000584mUAAQ", "CSE_DISP": "Active", "SRC": "LLD", "QLTY": "1: SIMPLE\nFULLY ATTRIBUTED QUARTER SECTION ALL BUCKETS ARE EQUAL\nDOES NOT MATCH PM ANGLES\naliquot\n38 sections retrieved\n605 intersected features retrieved\n24 matching sections found\nsection 1 issimple: True", "CSE_META": "WA 33 0200N 0170E 001 A SW", "RCRD_ACRS": 9, "Created": 1610668800000, "Modified": 1728174144000, "Shape__Length": 0.0313765892350848, "Shape__Area": 5.359258877399801e-05}}, {"type": "Feature", "id": 498978, "geometry": {"type": "Polygon", "coordinates": [[[-120.69826, 47.25822], [-120.69826, 47.25692], [-120.69827, 47.25461], [-120.69295, 47.25462], [-120.68763, 47.25462], [-120.68761, 47.25693], [-120.6876, 47.25822], [-120.6876, 47.25825], [-120.68759, 47.2601], [-120.68905, 47.2601], [-120.6929, 47.26009], [-120.69292, 47.26009], [-120.69436, 47.26009], [-120.69463, 47.26009], [-120.69639, 47.26009], [-120.69822, 47.26008], [-120.69825, 47.26008], [-120.69826, 47.25822]]]}, "properties": {"OBJECTID": 498978, "ID": "799126714994131003", "CSE_NAME": "GOLD NUGGET", "STAGE_ID": null, "BLM_PROD": "Placer Claim", "CSE_TYPE_NR": "384201", "CSE_NR": "OR101481420", "LEG_CSE_NR": "ORMC50491", "SF_ID": "a02t000000584NyAAI", "CSE_DISP": "Active", "SRC": "LLD", "QLTY": "1: SIMPLE\nFULLY ATTRIBUTED QUARTER SECTION ALL BUCKETS ARE EQUAL\naliquot\n38 sections retrieved\n605 intersected features retrieved\n16 matching sections found\n4 alias QQs added\nsection 3 issimple: True", "CSE_META": "WA 33 0200N 0170E 003 A NE", "RCRD_ACRS": 20, "Created": 1610668800000, "Modified": 1728174104000, "Shape__Length": 0.03225903794348792, "Shape__Area": 5.8335255301270016e-05}}, {"type": "Feature", "id": 498995, "geometry": {"type": "Polygon", "coordinates": [[[-120.65149, 47.4381], [-120.66228, 47.43835], [-120.66236, 47.42859], [-120.65154, 47.42846], [-120.65149, 47.4381]]]}, "properties": {"OBJECTID": 498995, "ID": "799126732782174252", "CSE_NAME": "GRAY WOLF", "STAGE_ID": null, "BLM_PROD": "Placer Claim", "CSE_TYPE_NR": "384201", "CSE_NR": "OR101432911", "LEG_CSE_NR": "ORMC66384", "SF_ID": "a02t000000585OtAAI", "CSE_DISP": "Active", "SRC": "LLD", "QLTY": "8: SIMPLE\nSECTION CONTAINS 5 OR LESS POLYGONS\nDOES NOT MATCH PM ANGLES\naliquot\n36 sections retrieved\n36 intersected features retrieved\n1 matching sections found\nsection 1 issimple: False", "CSE_META": "WA 33 0220N 0170E 001 A NW", "RCRD_ACRS": 20, "Created": 1610668800000, "Modified": 1728174207000, "Shape__Length": 0.04100225217103428, "Shape__Area": 0.00010476143671772203}}, {"type": "Feature", "id": 514133, "geometry": {"type": "Polygon", "coordinates": [[[-120.6412, 47.27468], [-120.64119, 47.28189], [-120.65181, 47.2819], [-120.65183, 47.27468], [-120.6412, 47.27468]]]}, "properties": {"OBJECTID": 514133, "ID": "1156009138279559168", "CSE_NAME": "Maverick #5", "STAGE_ID": "1156003108908851200", "BLM_PROD": "Placer Claim", "CSE_TYPE_NR": "384201", "CSE_NR": "OR106319340", "LEG_CSE_NR": "", "SF_ID": "a023d00000H7CAtAAN", "CSE_DISP": "Active", "SRC": "LLD", "QLTY": "8; ONLY SECTION IN LLD; MIDPOINT, SECTION CONTAINS 5 OR LESS POLYGONS, aliquot; MIDPOINT, SECTION CONTAINS 5 OR LESS POLYGONS, aliquot", "CSE_META": "WA 33 0210N 0170E 025 | WA 33 0210N 0170E 025 A NE | WA 33 0210N 0170E 025 A SE", "RCRD_ACRS": 0, "Created": 1695600000000, "Modified": 1745971200000, "Shape__Length": 0.03568947770191059, "Shape__Area": 7.670327609173902e-05}}, {"type": "Feature", "id": 515253, "geometry": {"type": "Polygon", "coordinates": [[[-120.68355, 47.31081], [-120.6835, 47.31804], [-120.69418, 47.31803], [-120.6942, 47.31081], [-120.68355, 47.31081]]]}, "properties": {"OBJECTID": 515253, "ID": "1178918515827183616", "CSE_NAME": "kynl's nuggets", "STAGE_ID": "1178918508092887040", "BLM_PROD": "Placer Claim", "CSE_TYPE_NR": "384201", "CSE_NR": "OR106334758", "LEG_CSE_NR": "", "SF_ID": "a023d00000HVZgmAAH", "CSE_DISP": "Active", "SRC": "LLD", "QLTY": "8; ONLY SECTION IN LLD; MIDPOINT, SECTION CONTAINS 5 OR LESS POLYGONS, aliquot", "CSE_META": "WA 33 0210N 0170E 015 | WA 33 0210N 0170E 015 A NE", "RCRD_ACRS": 0, "Created": 1701129600000, "Modified": 1745971200000, "Shape__Length": 0.0357863321536124, "Shape__Area": 7.708621306375152e-05}}, {"type": "Feature", "id": 519188, "geometry": {"type": "Polygon", "coordinates": [[[-120.58841, 47.36167], [-120.58838, 47.36886], [-120.59909, 47.36883], [-120.5991, 47.36161], [-120.58841, 47.36167]]]}, "properties": {"OBJECTID": 519188, "ID": "1246261269888102400", "CSE_NAME": "Tronsen Creek Gold #1", "STAGE_ID": "1246260748959784960", "BLM_PROD": "PLACER CLAIM", "CSE_TYPE_NR": "384201", "CSE_NR": "OR106372371", "LEG_CSE_NR": null, "SF_ID": "a023d00000Id2XTAAZ", "CSE_DISP": "Filed", "SRC": "LLD", "QLTY": "15; TOWNSHIP NOT FOUND; MIDPOINT, SECTION CONTAINS 5 OR LESS POLYGONS, aliquot", "CSE_META": "OR 33 0220N 0180E 028 A SE | WA 33 0220N 0180E 028 A SW", "RCRD_ACRS": 39.98, "Created": 1717200000000, "Modified": 1753914062000, "Shape__Length": 0.035806128935735475, "Shape__Area": 7.706308066642602e-05}}, {"type": "Feature", "id": 519292, "geometry": {"type": "Polygon", "coordinates": [[[-120.68763, 47.25462], [-120.68761, 47.25693], [-120.6876, 47.25822], [-120.6876, 47.25825], [-120.68759, 47.2601], [-120.68905, 47.2601], [-120.6929, 47.26009], [-120.69292, 47.26009], [-120.69436, 47.26009], [-120.69463, 47.26009], [-120.69639, 47.26009], [-120.69822, 47.26008], [-120.69825, 47.26008], [-120.69826, 47.25822], [-120.69826, 47.25692], [-120.69827, 47.25461], [-120.69295, 47.25462], [-120.68763, 47.25462]]]}, "properties": {"OBJECTID": 519292, "ID": "1248639590156455936", "CSE_NAME": "Edna G1", "STAGE_ID": "1248419035637415936", "BLM_PROD": "PLACER CLAIM", "CSE_TYPE_NR": "384201", "CSE_NR": "OR106376763", "LEG_CSE_NR": "", "SF_ID": "a023d00000IeBXpAAN", "CSE_DISP": "Filed", "SRC": "LLD", "QLTY": "1; SIMPLE, FULLY ATTRIBUTED QUARTER SECTION ALL BUCKETS ARE EQUAL, aliquot", "CSE_META": "WA 33 0200N 0170E 003 A NE", "RCRD_ACRS": 121.13, "Created": 1717718400000, "Modified": 1745971200000, "Shape__Length": 0.03225903794348791, "Shape__Area": 5.8335255301270016e-05}}, {"type": "Feature", "id": 520687, "geometry": {"type": "Polygon", "coordinates": [[[-120.6625, 47.26742], [-120.66248, 47.27468], [-120.67312, 47.27466], [-120.67313, 47.26741], [-120.6625, 47.26742]]]}, "properties": {"OBJECTID": 520687, "ID": "1275144685312155648", "CSE_NAME": "LM #1", "STAGE_ID": "1275143040125739008", "BLM_PROD": "PLACER CLAIM", "CSE_TYPE_NR": "384201", "CSE_NR": "OR106386585", "LEG_CSE_NR": null, "SF_ID": "a02SJ000000mqM5YAI", "CSE_DISP": "Filed", "SRC": "LLD", "QLTY": "8; MIDPOINT, SECTION CONTAINS 5 OR LESS POLYGONS, aliquot; MIDPOINT, SECTION CONTAINS 5 OR LESS POLYGONS, aliquot", "CSE_META": "WA 33 0210N 0170E 035 A NE | WA 33 0210N 0170E 035 A NE", "RCRD_ACRS": 19.99, "Created": 1724025600000, "Modified": 1775244347000, "Shape__Length": 0.03578189703299217, "Shape__Area": 7.716647646557202e-05}}, {"type": "Feature", "id": 520726, "geometry": {"type": "Polygon", "coordinates": [[[-120.66248, 47.27468], [-120.66244, 47.28192], [-120.67308, 47.2819], [-120.67312, 47.27466], [-120.66248, 47.27468]]]}, "properties": {"OBJECTID": 520726, "ID": "1279909562400485376", "CSE_NAME": "LM #2", "STAGE_ID": "1279908634905735168", "BLM_PROD": "PLACER CLAIM", "CSE_TYPE_NR": "384201", "CSE_NR": "OR106388958", "LEG_CSE_NR": null, "SF_ID": "a02SJ0000015nYzYAI", "CSE_DISP": "Filed", "SRC": "LLD", "QLTY": "8; MIDPOINT, SECTION CONTAINS 5 OR LESS POLYGONS, aliquot; MIDPOINT, SECTION CONTAINS 5 OR LESS POLYGONS, aliquot", "CSE_META": "WA 33 0210N 0170E 026 A SE | WA 33 0210N 0170E 026 A SE", "RCRD_ACRS": 20, "Created": 1725148800000, "Modified": 1775485702000, "Shape__Length": 0.03575062573632206, "Shape__Area": 7.698360526376102e-05}}, {"type": "Feature", "id": 520730, "geometry": {"type": "Polygon", "coordinates": [[[-120.6994, 47.3325], [-120.69943, 47.32889], [-120.6941, 47.3289], [-120.69408, 47.33252], [-120.6994, 47.3325]]]}, "properties": {"OBJECTID": 520730, "ID": "1279941161909420032", "CSE_NAME": "Iron Gold #1", "STAGE_ID": "1279939420283310080", "BLM_PROD": "PLACER CLAIM", "CSE_TYPE_NR": "384201", "CSE_NR": "OR106388962", "LEG_CSE_NR": null, "SF_ID": "a02SJ0000015o0PYAQ", "CSE_DISP": "Active", "SRC": "LLD/CLS", "QLTY": "4.1; 0 intersecting parts, aliquot", "CSE_META": "WA 33 0210N 0170E 010 A NENW", "RCRD_ACRS": 0, "Created": 1725148800000, "Modified": 1777408066000, "Shape__Length": 0.017886269777720596, "Shape__Area": 1.9268164619674506e-05}}, {"type": "Feature", "id": 520865, "geometry": {"type": "Polygon", "coordinates": [[[-120.66239, 47.29094], [-120.66239, 47.29094], [-120.66505, 47.29094], [-120.66506, 47.28913], [-120.6624, 47.28914], [-120.65975, 47.28913], [-120.65974, 47.29094], [-120.66239, 47.29094]]]}, "properties": {"OBJECTID": 520865, "ID": "1285281299774414848", "CSE_NAME": "Liberty One", "STAGE_ID": "1278102297909477376", "BLM_PROD": "PLACER CLAIM", "CSE_TYPE_NR": "384201", "CSE_NR": "OR106387768", "LEG_CSE_NR": null, "SF_ID": "a02SJ000000ySpRYAU", "CSE_DISP": "Active", "SRC": "LLD/CLS", "QLTY": "4.1; 0 intersecting parts, aliquot; 0 intersecting parts, aliquot", "CSE_META": "WA 33 0210N 0170E 024 A SWSWSW | WA 33 0210N 0170E 023 A SESESE", "RCRD_ACRS": 0, "Created": 1726444800000, "Modified": 1775485179000, "Shape__Length": 0.014242297581345048, "Shape__Area": 9.597599750252003e-06}}, {"type": "Feature", "id": 527804, "geometry": {"type": "Polygon", "coordinates": [[[-120.69598, 47.2475], [-120.69825, 47.24752], [-120.69829, 47.24752], [-120.6983, 47.24381], [-120.6983, 47.24199], [-120.69831, 47.24019], [-120.69705, 47.24019], [-120.69525, 47.24018], [-120.693, 47.24018], [-120.69233, 47.24018], [-120.6877, 47.24017], [-120.68768, 47.2438], [-120.68768, 47.2438], [-120.68767, 47.24598], [-120.68767, 47.24742], [-120.6929, 47.24746], [-120.69298, 47.24747], [-120.69349, 47.24747], [-120.69407, 47.24748], [-120.69598, 47.2475]]]}, "properties": {"OBJECTID": 527804, "ID": "1299123171282268160", "CSE_NAME": "Yellow Stone Placer South", "STAGE_ID": "1299123165972250624", "BLM_PROD": "PLACER CLAIM", "CSE_TYPE_NR": "384201", "CSE_NR": "OR106695807", "LEG_CSE_NR": "", "SF_ID": "a02SJ000002ghFWYAY", "CSE_DISP": "Filed", "SRC": "LLD", "QLTY": "1; MIDPOINT, FULLY ATTRIBUTED QUARTER SECTION ALL BUCKETS ARE EQUAL, aliquot", "CSE_META": "WA 33 0200N 0170E 010 NE", "RCRD_ACRS": 283.25, "Created": 1729728000000, "Modified": 1745971200000, "Shape__Length": 0.035820128344990466, "Shape__Area": 7.740023299073102e-05}}, {"type": "Feature", "id": 527805, "geometry": {"type": "Polygon", "coordinates": [[[-120.69598, 47.2475], [-120.69825, 47.24752], [-120.69829, 47.24752], [-120.6983, 47.24381], [-120.6983, 47.24199], [-120.69831, 47.24019], [-120.69705, 47.24019], [-120.69525, 47.24018], [-120.693, 47.24018], [-120.69233, 47.24018], [-120.6877, 47.24017], [-120.68768, 47.2438], [-120.68768, 47.2438], [-120.68767, 47.24598], [-120.68767, 47.24742], [-120.6929, 47.24746], [-120.69298, 47.24747], [-120.69349, 47.24747], [-120.69407, 47.24748], [-120.69598, 47.2475]]]}, "properties": {"OBJECTID": 527805, "ID": "1299123255839477760", "CSE_NAME": "Yellow Stone Fraction", "STAGE_ID": "1299123249443180544", "BLM_PROD": "PLACER CLAIM", "CSE_TYPE_NR": "384201", "CSE_NR": "OR106695808", "LEG_CSE_NR": "", "SF_ID": "a02SJ000002ghFXYAY", "CSE_DISP": "Filed", "SRC": "LLD", "QLTY": "1; MIDPOINT, FULLY ATTRIBUTED QUARTER SECTION ALL BUCKETS ARE EQUAL, aliquot", "CSE_META": "WA 33 0200N 0170E 010 NE", "RCRD_ACRS": 283.25, "Created": 1729728000000, "Modified": 1745971200000, "Shape__Length": 0.035820128344990466, "Shape__Area": 7.740023299073102e-05}}, {"type": "Feature", "id": 530704, "geometry": {"type": "Polygon", "coordinates": [[[-120.63865, 47.25713], [-120.63862, 47.25409], [-120.63212, 47.2541], [-120.62562, 47.25412], [-120.62562, 47.25715], [-120.63213, 47.25714], [-120.63865, 47.25713]]]}, "properties": {"OBJECTID": 530704, "ID": "1313540419052748800", "CSE_NAME": "Dusty Road", "STAGE_ID": "1313540418939502592", "BLM_PROD": "PLACER CLAIM", "CSE_TYPE_NR": "384201", "CSE_NR": "OR106698533", "LEG_CSE_NR": null, "SF_ID": "a02SJ000003o6q5YAA", "CSE_DISP": "Active", "SRC": "LLD/CLS", "QLTY": "4.1; 0 intersecting parts, aliquot; 0 intersecting parts, aliquot", "CSE_META": "WA 33 0200N 0180E 006 SWNE | WA 33 0200N 0180E 006 SENW", "RCRD_ACRS": 0, "Created": 1733184000000, "Modified": 1775844415000, "Shape__Length": 0.03210775796070591, "Shape__Area": 3.951402282368501e-05}}, {"type": "Feature", "id": 549871, "geometry": {"type": "Polygon", "coordinates": [[[-120.6625, 47.26742], [-120.66248, 47.27468], [-120.67312, 47.27466], [-120.67313, 47.26741], [-120.6625, 47.26742]]]}, "properties": {"OBJECTID": 549871, "ID": "1356478083833663488", "CSE_NAME": "Palisades", "STAGE_ID": "1356475340297490432", "BLM_PROD": "LODE CLAIM", "CSE_TYPE_NR": "384101", "CSE_NR": "OR106725940", "LEG_CSE_NR": null, "SF_ID": "a02SJ000007e3eaYAA", "CSE_DISP": "Active", "SRC": "LLD", "QLTY": "8; MIDPOINT, SECTION CONTAINS 5 OR LESS POLYGONS, aliquot", "CSE_META": "WA 33 0210N 0170E 035 None", "RCRD_ACRS": 20.66115702, "Created": 1743465600000, "Modified": 1767805500000, "Shape__Length": 0.03578189703299217, "Shape__Area": 7.716647646557202e-05}}, {"type": "Feature", "id": 558427, "geometry": {"type": "Polygon", "coordinates": [[[-120.68254, 47.21848], [-120.6772, 47.21849], [-120.67186, 47.21851], [-120.66652, 47.21852], [-120.66649, 47.22213], [-120.66647, 47.22575], [-120.66644, 47.22936], [-120.66642, 47.23298], [-120.67174, 47.23297], [-120.67707, 47.23295], [-120.6824, 47.23294], [-120.68773, 47.23292], [-120.68777, 47.22931], [-120.68781, 47.2257], [-120.68785, 47.22208], [-120.68788, 47.21847], [-120.68254, 47.21848]]]}, "properties": {"OBJECTID": 558427, "ID": "1375225733953232896", "CSE_NAME": "Turkey Feather #1", "STAGE_ID": "1375225726491627520", "BLM_PROD": "LODE CLAIM", "CSE_TYPE_NR": "384101", "CSE_NR": "OR106734144", "LEG_CSE_NR": null, "SF_ID": "a02SJ0000094W7NYAU", "CSE_DISP": "Active", "SRC": "LLD/CLS", "QLTY": "0; ONLY SECTION IN LLD", "CSE_META": "WA 33 0200N 0170E 014 E SW", "RCRD_ACRS": 640, "Created": 1747872000000, "Modified": 1770914543000, "Shape__Length": 0.07159522944114655, "Shape__Area": 0.0003085017450538076}}, {"type": "Feature", "id": 560480, "geometry": {"type": "Polygon", "coordinates": [[[-120.61888, 47.20469], [-120.61882, 47.2192], [-120.62946, 47.21917], [-120.63472, 47.21916], [-120.64004, 47.21915], [-120.64521, 47.21914], [-120.64521, 47.21857], [-120.64524, 47.21552], [-120.64524, 47.215], [-120.64527, 47.2119], [-120.64527, 47.21144], [-120.6453, 47.20832], [-120.6453, 47.20802], [-120.6453, 47.20787], [-120.64533, 47.20471], [-120.64034, 47.20471], [-120.63496, 47.20471], [-120.62958, 47.2047], [-120.61888, 47.20469]]]}, "properties": {"OBJECTID": 560480, "ID": "1382790692862017536", "CSE_NAME": "Rose", "STAGE_ID": "1382790691096244224", "BLM_PROD": "LODE CLAIM", "CSE_TYPE_NR": "384101", "CSE_NR": "OR106736729", "LEG_CSE_NR": null, "SF_ID": "a02SJ000009c4a5YAA", "CSE_DISP": "Filed", "SRC": "LLD/CLS", "QLTY": "0; ONLY SECTION IN LLD", "CSE_META": "WA 33 0200N 0180E 019 E SESE", "RCRD_ACRS": 20.66, "Created": 1749686400000, "Modified": 1777910029000, "Shape__Length": 0.08177679296908381, "Shape__Area": 0.0003820928488257591}}, {"type": "Feature", "id": 562660, "geometry": {"type": "Polygon", "coordinates": [[[-120.6497, 47.45275], [-120.66052, 47.45278], [-120.66065, 47.44556], [-120.64987, 47.44553], [-120.6497, 47.45275]]]}, "properties": {"OBJECTID": 562660, "ID": "1389978874619719680", "CSE_NAME": "NCWP Gulch", "STAGE_ID": "1389978872329695232", "BLM_PROD": "PLACER CLAIM", "CSE_TYPE_NR": "384201", "CSE_NR": "OR106739599", "LEG_CSE_NR": "", "SF_ID": "a02SJ00000A46XKYAZ", "CSE_DISP": "Filed", "SRC": "LLD", "QLTY": "8; MIDPOINT, SECTION CONTAINS 5 OR LESS POLYGONS, DOES NOT MATCH PM ANGLES, aliquot", "CSE_META": "WA 33 0230N 0170E 036", "RCRD_ACRS": 20, "Created": 1751414400000, "Modified": 1751414400000, "Shape__Length": 0.03604512197966432, "Shape__Area": 7.798555423761752e-05}}, {"type": "Feature", "id": 562661, "geometry": {"type": "Polygon", "coordinates": [[[-120.53552, 47.28199], [-120.53558, 47.28917], [-120.54624, 47.28914], [-120.54619, 47.28194], [-120.53552, 47.28199]]]}, "properties": {"OBJECTID": 562661, "ID": "1389983852780417024", "CSE_NAME": "West Coast Dreams 2", "STAGE_ID": "1389983850565890048", "BLM_PROD": "PLACER CLAIM", "CSE_TYPE_NR": "384201", "CSE_NR": "OR106739600", "LEG_CSE_NR": "", "SF_ID": "a02SJ00000A46XLYAZ", "CSE_DISP": "Filed", "SRC": "LLD", "QLTY": "8; MIDPOINT, SECTION CONTAINS 5 OR LESS POLYGONS, aliquot", "CSE_META": "WA 33 0210N 0180E 026", "RCRD_ACRS": 40, "Created": 1751414400000, "Modified": 1751414400000, "Shape__Length": 0.03569456194654872, "Shape__Area": 7.660919571798202e-05}}, {"type": "Feature", "id": 567649, "geometry": {"type": "Polygon", "coordinates": [[[-120.67704, 47.26013], [-120.67844, 47.26013], [-120.68231, 47.26013], [-120.68377, 47.26012], [-120.68759, 47.2601], [-120.68905, 47.2601], [-120.6929, 47.26009], [-120.69292, 47.26009], [-120.69436, 47.26009], [-120.69463, 47.26009], [-120.69639, 47.26009], [-120.69822, 47.26008], [-120.69825, 47.26008], [-120.69826, 47.25822], [-120.69826, 47.25692], [-120.69827, 47.25461], [-120.69295, 47.25462], [-120.68763, 47.25462], [-120.68232, 47.25466], [-120.67702, 47.2547], [-120.67702, 47.25694], [-120.67703, 47.25828], [-120.67704, 47.26013]]]}, "properties": {"OBJECTID": 567649, "ID": "1410002439280701440", "CSE_NAME": "Wire Gold Bench", "STAGE_ID": "1410002437703593984", "BLM_PROD": "PLACER CLAIM", "CSE_TYPE_NR": "384201", "CSE_NR": "OR106735714", "LEG_CSE_NR": null, "SF_ID": "a02SJ000009MNnBYAW", "CSE_DISP": "Active", "SRC": "LLD", "QLTY": "1; SIMPLE, FULLY ATTRIBUTED QUARTER SECTION ALL BUCKETS ARE EQUAL, aliquot; SIMPLE, FULLY ATTRIBUTED QUARTER SECTION ALL BUCKETS ARE EQUAL, aliquot", "CSE_META": "WA 33 0200N 0170E 002 A SWNW | WA 33 0200N 0170E 002 A SENW | WA 33 0200N 0170E 003 A SWNE | WA 33 0200N 0170E 003 A SENE | WA 33 0200N 0170E 002 L 3 | WA 33 0200N 0170E 002 L 4 | WA 33 0200N 0170E 003 L 2 | WA 33 0200N 0170E 003 L 1", "RCRD_ACRS": 19.6, "Created": 1756166400000, "Modified": 1778703120000, "Shape__Length": 0.053358277451642025, "Shape__Area": 0.00011608566076959053}}, {"type": "Feature", "id": 576987, "geometry": {"type": "Polygon", "coordinates": [[[-120.61503, 47.26743], [-120.61499, 47.26383], [-120.60968, 47.26384], [-120.60972, 47.26745], [-120.61503, 47.26743]]]}, "properties": {"OBJECTID": 576987, "ID": "1438932528936452096", "CSE_NAME": "Star Lode Virden Double Tunnels", "STAGE_ID": "1438932527027949568", "BLM_PROD": "LODE CLAIM", "CSE_TYPE_NR": "384101", "CSE_NR": "OR106758199", "LEG_CSE_NR": null, "SF_ID": "a02SJ00000E1KPeYAN", "CSE_DISP": "Active", "SRC": "LLD/CLS", "QLTY": "4.1; 0 intersecting parts, aliquot", "CSE_META": "WA 33 0210N 0180E 032 A NESW", "RCRD_ACRS": 20.66, "Created": 1763078400000, "Modified": 1779148260000, "Shape__Length": 0.01783101900454889, "Shape__Area": 1.9145653859224005e-05}}, {"type": "Feature", "id": 580292, "geometry": {"type": "Polygon", "coordinates": [[[-120.68767, 47.24742], [-120.68504, 47.24742], [-120.68233, 47.24742], [-120.67699, 47.24742], [-120.677, 47.24829], [-120.677, 47.25007], [-120.677, 47.2506], [-120.67701, 47.25105], [-120.67701, 47.25377], [-120.67702, 47.2547], [-120.68232, 47.25466], [-120.68763, 47.25462], [-120.68763, 47.25458], [-120.68763, 47.25376], [-120.68765, 47.25105], [-120.68765, 47.25059], [-120.68767, 47.24742]]]}, "properties": {"OBJECTID": 580292, "ID": "799126732656345179", "CSE_NAME": "JACK'S POT", "STAGE_ID": null, "BLM_PROD": "LODE CLAIM", "CSE_TYPE_NR": "384101", "CSE_NR": "OR101431557", "LEG_CSE_NR": "ORMC135158", "SF_ID": "a02t000000584UGAAY", "CSE_DISP": "Active", "SRC": "LLD", "QLTY": "1: SIMPLE\nFULLY ATTRIBUTED QUARTER SECTION ALL BUCKETS ARE EQUAL\naliquot\n38 sections retrieved\n605 intersected features retrieved\n28 matching sections found\nsection 2 issimple: False", "CSE_META": "WA 33 0200N 0170E 002 A SW", "RCRD_ACRS": 20.66, "Created": 1610668800000, "Modified": 1765390980000, "Shape__Length": 0.035774971139070494, "Shape__Area": 7.708103839376752e-05}}, {"type": "Feature", "id": 580293, "geometry": {"type": "Polygon", "coordinates": [[[-120.61909, 47.26018], [-120.63215, 47.26017], [-120.63212, 47.2541], [-120.61911, 47.25413], [-120.61909, 47.26018]]]}, "properties": {"OBJECTID": 580293, "ID": "799126754760327177", "CSE_NAME": "LADY SLIPPER FRAC", "STAGE_ID": null, "BLM_PROD": "LODE CLAIM", "CSE_TYPE_NR": "384101", "CSE_NR": "OR101649418", "LEG_CSE_NR": "ORMC154315", "SF_ID": "a02t00000058ThNAAU", "CSE_DISP": "Active", "SRC": "LLD", "QLTY": "8: SIMPLE\nSECTION CONTAINS 5 OR LESS POLYGONS\naliquot\n36 sections retrieved\n36 intersected features retrieved\n1 matching sections found\nsection 6 issimple: False", "CSE_META": "WA 33 0200N 0180E 006 A NE", "RCRD_ACRS": 8.61, "Created": 1610668800000, "Modified": 1765391040000, "Shape__Length": 0.038183167803107924, "Shape__Area": 7.897699768997202e-05}}, {"type": "Feature", "id": 580294, "geometry": {"type": "Polygon", "coordinates": [[[-120.68765, 47.25059], [-120.68767, 47.24742], [-120.68504, 47.24742], [-120.68233, 47.24742], [-120.67699, 47.24742], [-120.67167, 47.24741], [-120.67166, 47.24741], [-120.66632, 47.24743], [-120.66634, 47.24919], [-120.66636, 47.2506], [-120.66637, 47.25104], [-120.66637, 47.25147], [-120.66793, 47.2513], [-120.66868, 47.25105], [-120.67006, 47.2506], [-120.67168, 47.25007], [-120.67335, 47.24953], [-120.67345, 47.24975], [-120.67369, 47.2506], [-120.67373, 47.25073], [-120.67373, 47.25105], [-120.67373, 47.25115], [-120.67237, 47.25159], [-120.6718, 47.25177], [-120.66858, 47.25283], [-120.66823, 47.25294], [-120.66773, 47.25309], [-120.66719, 47.25318], [-120.66755, 47.25353], [-120.66731, 47.25378], [-120.66653, 47.25456], [-120.6664, 47.25459], [-120.6664, 47.25479], [-120.66644, 47.2568], [-120.66644, 47.25695], [-120.66646, 47.25829], [-120.66646, 47.2583], [-120.66648, 47.26013], [-120.66782, 47.26013], [-120.66783, 47.26013], [-120.67048, 47.26013], [-120.67176, 47.26013], [-120.67178, 47.26013], [-120.67314, 47.26013], [-120.67704, 47.26013], [-120.67844, 47.26013], [-120.68231, 47.26013], [-120.68377, 47.26012], [-120.68759, 47.2601], [-120.6876, 47.25825], [-120.6876, 47.25822], [-120.68761, 47.25693], [-120.68763, 47.25462], [-120.68763, 47.25458], [-120.68763, 47.25376], [-120.68765, 47.25105], [-120.68765, 47.25059]], [[-120.66938, 47.25477], [-120.6696, 47.25476], [-120.66941, 47.25484], [-120.66938, 47.25477]]]}, "properties": {"OBJECTID": 580294, "ID": "799126743548952853", "CSE_NAME": "SHAPPARD LODE", "STAGE_ID": null, "BLM_PROD": "LODE CLAIM", "CSE_TYPE_NR": "384101", "CSE_NR": "OR101472011", "LEG_CSE_NR": "ORMC155827", "SF_ID": "a02t00000058QfVAAU", "CSE_DISP": "Active", "SRC": "LLD", "QLTY": "3: SIMPLE\nFULLY ATTRIBUTED QUARTER SECTION ALL BUCKETS ARE EQUAL\naliquot\n38 sections retrieved\n605 intersected features retrieved\n28 matching sections found\nsection 2 issimple: False, SIMPLE\nFULLY ATTRIBUTED QUARTER SECTION ALL BUCKETS ARE EQUAL\naliquot\n3", "CSE_META": "WA 33 0200N 0170E 002 A NW|WA 33 0200N 0170E 002 A NE|WA 33 0200N 0170E 002 A SW|WA 33 0200N 0170E 002 A SE", "RCRD_ACRS": 20.66, "Created": 1610668800000, "Modified": 1765390980000, "Shape__Length": 0.08315001993261316, "Shape__Area": 0.00025617269548557504}}, {"type": "Feature", "id": 580295, "geometry": {"type": "Polygon", "coordinates": [[[-120.67701, 47.25105], [-120.677, 47.2506], [-120.677, 47.25007], [-120.677, 47.24829], [-120.67699, 47.24742], [-120.67167, 47.24741], [-120.67166, 47.24741], [-120.66632, 47.24743], [-120.66634, 47.24919], [-120.66636, 47.2506], [-120.66637, 47.25104], [-120.66637, 47.25147], [-120.66793, 47.2513], [-120.66868, 47.25105], [-120.67006, 47.2506], [-120.67168, 47.25007], [-120.67335, 47.24953], [-120.67345, 47.24975], [-120.67369, 47.2506], [-120.67373, 47.25073], [-120.67373, 47.25105], [-120.67373, 47.25115], [-120.67237, 47.25159], [-120.6718, 47.25177], [-120.66858, 47.25283], [-120.66823, 47.25294], [-120.66773, 47.25309], [-120.66719, 47.25318], [-120.66755, 47.25353], [-120.66731, 47.25378], [-120.66653, 47.25456], [-120.6664, 47.25459], [-120.6664, 47.25479], [-120.6664, 47.25479], [-120.66938, 47.25477], [-120.6696, 47.25476], [-120.67171, 47.25475], [-120.67702, 47.2547], [-120.67701, 47.25377], [-120.67701, 47.25105]]]}, "properties": {"OBJECTID": 580295, "ID": "799126766730870802", "CSE_NAME": "WILLIAMS CREEK", "STAGE_ID": null, "BLM_PROD": "LODE CLAIM", "CSE_TYPE_NR": "384101", "CSE_NR": "OR101866282", "LEG_CSE_NR": "ORMC171276", "SF_ID": "a02t000000598KAAAY", "CSE_DISP": "Active", "SRC": "LLD", "QLTY": "3: SIMPLE\nATTRIBUTE BUCKET, WITHIN BUCKET, INTERSECT BUCKET COUNTS ARE ALL DIFFERENT\naliquot\n38 sections retrieved\n605 intersected features retrieved\n28 matching sections found\nsection 2 issimple: False", "CSE_META": "WA 33 0200N 0170E 002 A SE", "RCRD_ACRS": 20.66, "Created": 1610668800000, "Modified": 1765391040000, "Shape__Length": 0.0507291995086526, "Shape__Area": 6.440562543623301e-05}}, {"type": "Feature", "id": 580866, "geometry": {"type": "Polygon", "coordinates": [[[-120.6518, 47.28912], [-120.6624, 47.28914], [-120.67304, 47.28912], [-120.67308, 47.2819], [-120.66244, 47.28192], [-120.65181, 47.2819], [-120.6518, 47.28912]]]}, "properties": {"OBJECTID": 580866, "ID": "1448362027495018496", "CSE_NAME": "Two Bit #10", "STAGE_ID": "1448362020926795776", "BLM_PROD": "LODE CLAIM", "CSE_TYPE_NR": "384101", "CSE_NR": "OR106767071", "LEG_CSE_NR": null, "SF_ID": "a02SJ00000EqmbZYAR", "CSE_DISP": "Active", "SRC": "LLD", "QLTY": "8; MIDPOINT, SECTION CONTAINS 5 OR LESS POLYGONS, aliquot; MIDPOINT, SECTION CONTAINS 5 OR LESS POLYGONS, aliquot", "CSE_META": "WA 33 0210N 0170E 025 | WA 33 0210N 0170E 026", "RCRD_ACRS": 20.66, "Created": 1765324800000, "Modified": 1779493320000, "Shape__Length": 0.05695786344654545, "Shape__Area": 0.00015349767124932254}}, {"type": "Feature", "id": 580867, "geometry": {"type": "Polygon", "coordinates": [[[-120.6518, 47.28912], [-120.6624, 47.28914], [-120.67304, 47.28912], [-120.67308, 47.2819], [-120.66244, 47.28192], [-120.65181, 47.2819], [-120.6518, 47.28912]]]}, "properties": {"OBJECTID": 580867, "ID": "1448362274585661440", "CSE_NAME": "Two Bit #12", "STAGE_ID": "1448362272832499712", "BLM_PROD": "LODE CLAIM", "CSE_TYPE_NR": "384101", "CSE_NR": "OR106767073", "LEG_CSE_NR": null, "SF_ID": "a02SJ00000EqmbbYAB", "CSE_DISP": "Active", "SRC": "LLD", "QLTY": "8; MIDPOINT, SECTION CONTAINS 5 OR LESS POLYGONS, aliquot; MIDPOINT, SECTION CONTAINS 5 OR LESS POLYGONS, aliquot", "CSE_META": "WA 33 0210N 0170E 025 | WA 33 0210N 0170E 026", "RCRD_ACRS": 20.66, "Created": 1765324800000, "Modified": 1779493320000, "Shape__Length": 0.05695786344654545, "Shape__Area": 0.00015349767124932254}}, {"type": "Feature", "id": 580995, "geometry": {"type": "Polygon", "coordinates": [[[-120.64119, 47.2891], [-120.6518, 47.28912], [-120.65181, 47.2819], [-120.64119, 47.28189], [-120.64119, 47.2891]]]}, "properties": {"OBJECTID": 580995, "ID": "1448362116934356992", "CSE_NAME": "Two Bit #11", "STAGE_ID": "1448362114791124992", "BLM_PROD": "LODE CLAIM", "CSE_TYPE_NR": "384101", "CSE_NR": "OR106767072", "LEG_CSE_NR": null, "SF_ID": "a02SJ00000EqmbaYAB", "CSE_DISP": "Active", "SRC": "LLD", "QLTY": "8; MIDPOINT, SECTION CONTAINS 5 OR LESS POLYGONS, aliquot", "CSE_META": "WA 33 0210N 0170E 025", "RCRD_ACRS": 20.66, "Created": 1765324800000, "Modified": 1779493320000, "Shape__Length": 0.035648294149191795, "Shape__Area": 7.653226209572752e-05}}, {"type": "Feature", "id": 601181, "geometry": {"type": "Polygon", "coordinates": [[[-120.69426, 47.43834], [-120.70489, 47.43834], [-120.70493, 47.42861], [-120.69424, 47.4286], [-120.69426, 47.43834]]]}, "properties": {"OBJECTID": 601181, "ID": "1479637920691384320", "CSE_NAME": "OR106736867", "STAGE_ID": "1479637096397357056", "BLM_PROD": "PLACER CLAIM", "CSE_TYPE_NR": "384201", "CSE_NR": "OR106788628", "LEG_CSE_NR": null, "SF_ID": "a02SJ00000HbiwLYAR", "CSE_DISP": "Under Review", "SRC": "LLD", "QLTY": "8; SIMPLE, SECTION CONTAINS 5 OR LESS POLYGONS, aliquot", "CSE_META": "WA 33 0220N 0170E 003", "RCRD_ACRS": 20, "Created": 1772841600000, "Modified": 1786144620000, "Shape__Length": 0.04078420498354016, "Shape__Area": 0.00010374440338112203}}, {"type": "Feature", "id": 601514, "geometry": {"type": "Polygon", "coordinates": [[[-120.67296, 47.42859], [-120.67296, 47.43835], [-120.68363, 47.43834], [-120.68355, 47.42859], [-120.67296, 47.42859]]]}, "properties": {"OBJECTID": 601514, "ID": "1479637916400611328", "CSE_NAME": "OR106736865", "STAGE_ID": "1479618658895478784", "BLM_PROD": "PLACER CLAIM", "CSE_TYPE_NR": "384201", "CSE_NR": "OR106788626", "LEG_CSE_NR": null, "SF_ID": "a02SJ00000HbUJtYAN", "CSE_DISP": "Under Review", "SRC": "LLD", "QLTY": "8; SIMPLE, SECTION CONTAINS 5 OR LESS POLYGONS, aliquot", "CSE_META": "WA 33 0220N 0170E 003 | WA 33 0220N 0170E 002", "RCRD_ACRS": 20, "Created": 1772841600000, "Modified": 1786144560000, "Shape__Length": 0.04078162846783498, "Shape__Area": 0.00010374963348122703}}, {"type": "Feature", "id": 601650, "geometry": {"type": "Polygon", "coordinates": [[[-120.67296, 47.42859], [-120.67296, 47.43835], [-120.68363, 47.43834], [-120.68355, 47.42859], [-120.67296, 47.42859]]]}, "properties": {"OBJECTID": 601650, "ID": "1479637918845890560", "CSE_NAME": "OR106736866", "STAGE_ID": "1479636648261140480", "BLM_PROD": "PLACER CLAIM", "CSE_TYPE_NR": "384201", "CSE_NR": "OR106788627", "LEG_CSE_NR": null, "SF_ID": "a02SJ00000HbijRYAR", "CSE_DISP": "Under Review", "SRC": "LLD", "QLTY": "8; SIMPLE, SECTION CONTAINS 5 OR LESS POLYGONS, aliquot", "CSE_META": "WA 33 0220N 0170E 003 | WA 33 0220N 0170E 002", "RCRD_ACRS": 20, "Created": 1772841600000, "Modified": 1786144620000, "Shape__Length": 0.04078162846783498, "Shape__Area": 0.00010374963348122703}}, {"type": "Feature", "id": 606482, "geometry": {"type": "Polygon", "coordinates": [[[-120.69153, 47.31262], [-120.69152, 47.31442], [-120.69419, 47.31442], [-120.6942, 47.31262], [-120.6942, 47.31081], [-120.69154, 47.31081], [-120.69153, 47.31262]]]}, "properties": {"OBJECTID": 606482, "ID": "1487139036576542720", "CSE_NAME": "2 Elum", "STAGE_ID": "1487139029551099904", "BLM_PROD": "PLACER CLAIM", "CSE_TYPE_NR": "384201", "CSE_NR": "OR106791869", "LEG_CSE_NR": null, "SF_ID": "a02SJ00000IFtwHYAT", "CSE_DISP": "Active", "SRC": "LLD/CLS", "QLTY": "4.1; 0 intersecting parts, aliquot", "CSE_META": "WA 33 0210N 0170E 015 A W2SWNE", "RCRD_ACRS": 20, "Created": 1774569600000, "Modified": 1784067540000, "Shape__Length": 0.012550516102981003, "Shape__Area": 9.620793296184003e-06}}, {"type": "Feature", "id": 607678, "geometry": {"type": "Polygon", "coordinates": [[[-120.68767, 47.24742], [-120.68765, 47.25059], [-120.68765, 47.25105], [-120.68763, 47.25376], [-120.68763, 47.25458], [-120.68763, 47.25462], [-120.68761, 47.25693], [-120.6876, 47.25822], [-120.6876, 47.25825], [-120.68759, 47.2601], [-120.68905, 47.2601], [-120.6929, 47.26009], [-120.69292, 47.26009], [-120.69436, 47.26009], [-120.69463, 47.26009], [-120.69639, 47.26009], [-120.69822, 47.26008], [-120.69825, 47.26008], [-120.69972, 47.26008], [-120.70359, 47.26008], [-120.7036, 47.26008], [-120.70502, 47.26007], [-120.70892, 47.26006], [-120.70892, 47.25828], [-120.70892, 47.25819], [-120.70892, 47.2569], [-120.70892, 47.25466], [-120.70892, 47.25461], [-120.70892, 47.25374], [-120.70892, 47.25105], [-120.70892, 47.25059], [-120.70892, 47.24743], [-120.70361, 47.24748], [-120.69829, 47.24752], [-120.69825, 47.24752], [-120.69598, 47.2475], [-120.69407, 47.24748], [-120.69349, 47.24747], [-120.69298, 47.24747], [-120.6929, 47.24746], [-120.68767, 47.24742]]]}, "properties": {"OBJECTID": 607678, "ID": "1489380858916872192", "CSE_NAME": "Skookum", "STAGE_ID": "1489380845780414464", "BLM_PROD": "LODE CLAIM", "CSE_TYPE_NR": "384101", "CSE_NR": "OR106792678", "LEG_CSE_NR": null, "SF_ID": "a02SJ00000ITRLpYAP", "CSE_DISP": "Active", "SRC": "LLD/CLS", "QLTY": "0; ONLY SECTION IN LLD", "CSE_META": "WA 33 0200N 0170E 003 E E2SWSE", "RCRD_ACRS": 20.66, "Created": 1775088000000, "Modified": 1777406820000, "Shape__Length": 0.06789212794992566, "Shape__Area": 0.0002684923465760971}}, {"type": "Feature", "id": 613238, "geometry": {"type": "Polygon", "coordinates": [[[-120.68363, 47.43834], [-120.69426, 47.43834], [-120.69424, 47.4286], [-120.68355, 47.42859], [-120.68363, 47.43834]]]}, "properties": {"OBJECTID": 613238, "ID": "1503800731814215680", "CSE_NAME": "Brazos #3", "STAGE_ID": "1503800724788785152", "BLM_PROD": "PLACER CLAIM", "CSE_TYPE_NR": "384201", "CSE_NR": "OR106802952", "LEG_CSE_NR": "", "SF_ID": "a02SJ00000JsZHDYA3", "CSE_DISP": "Filed", "SRC": "LLD", "QLTY": "8; SIMPLE, SECTION CONTAINS 5 OR LESS POLYGONS, aliquot", "CSE_META": "WA 33 0220N 0170E 003 NE", "RCRD_ACRS": 20, "Created": 1778544000000, "Modified": 1778544000000, "Shape__Length": 0.040809563506778265, "Shape__Area": 0.00010387780122476402}}, {"type": "Feature", "id": 613325, "geometry": {"type": "Polygon", "coordinates": [[[-120.67296, 47.42859], [-120.67296, 47.43835], [-120.68363, 47.43834], [-120.68355, 47.42859], [-120.67296, 47.42859]]]}, "properties": {"OBJECTID": 613325, "ID": "1503800507393785856", "CSE_NAME": "Brazos #2", "STAGE_ID": "1503800502574559232", "BLM_PROD": "PLACER CLAIM", "CSE_TYPE_NR": "384201", "CSE_NR": "OR106802951", "LEG_CSE_NR": "", "SF_ID": "a02SJ00000JsZHCYA3", "CSE_DISP": "Filed", "SRC": "LLD", "QLTY": "8; SIMPLE, SECTION CONTAINS 5 OR LESS POLYGONS, aliquot", "CSE_META": "WA 33 0220N 0170E 002 NW", "RCRD_ACRS": 20, "Created": 1778544000000, "Modified": 1778544000000, "Shape__Length": 0.04078162846783498, "Shape__Area": 0.00010374963348122703}}, {"type": "Feature", "id": 613800, "geometry": {"type": "Polygon", "coordinates": [[[-120.67023, 47.31984], [-120.67288, 47.31984], [-120.67289, 47.31803], [-120.67024, 47.31802], [-120.66759, 47.31802], [-120.66758, 47.31983], [-120.67023, 47.31984]]]}, "properties": {"OBJECTID": 613800, "ID": "1418354467337728000", "CSE_NAME": "JoeKerr 2", "STAGE_ID": "1418353486852190208", "BLM_PROD": "PLACER CLAIM", "CSE_TYPE_NR": "384201", "CSE_NR": "OR106750152", "LEG_CSE_NR": "", "SF_ID": "a02SJ00000CRvJSYA1", "CSE_DISP": "Active", "SRC": "LLD/CLS", "QLTY": "4.1; 0 intersecting parts, aliquot", "CSE_META": "WA 33 0210N 0170E 011 A S2SWSE", "RCRD_ACRS": 20, "Created": 1758153600000, "Modified": 1779123720000, "Shape__Length": 0.01423419644860734, "Shape__Area": 9.617631699902502e-06}}, {"type": "Feature", "id": 614069, "geometry": {"type": "Polygon", "coordinates": [[[-120.68885, 47.31623], [-120.68884, 47.31804], [-120.69151, 47.31804], [-120.69152, 47.31623], [-120.69152, 47.31442], [-120.68886, 47.31442], [-120.68885, 47.31623]]]}, "properties": {"OBJECTID": 614069, "ID": "1506375037287022592", "CSE_NAME": "Aurora Gold", "STAGE_ID": "1506375030785880064", "BLM_PROD": "PLACER CLAIM", "CSE_TYPE_NR": "384201", "CSE_NR": "OR106804590", "LEG_CSE_NR": "", "SF_ID": "a02SJ00000K9tPxYAJ", "CSE_DISP": "Filed", "SRC": "LLD", "QLTY": "4.1; 0 intersecting parts, aliquot", "CSE_META": "WA 33 0210N 0170E 015 E2NWNE", "RCRD_ACRS": 20, "Created": 1779148800000, "Modified": 1779148800000, "Shape__Length": 0.01256204441894705, "Shape__Area": 9.639530405677003e-06}}, {"type": "Feature", "id": 614400, "geometry": {"type": "MultiPolygon", "coordinates": [[[[-120.66248, 47.27468], [-120.65183, 47.27468], [-120.65181, 47.2819], [-120.66244, 47.28192], [-120.66248, 47.27468]]], [[[-120.66244, 47.28192], [-120.6624, 47.28914], [-120.67304, 47.28912], [-120.67308, 47.2819], [-120.66244, 47.28192]]]]}, "properties": {"OBJECTID": 614400, "ID": "1507060603330641920", "CSE_NAME": "Two Bit #1", "STAGE_ID": "1507060592207376384", "BLM_PROD": "LODE CLAIM", "CSE_TYPE_NR": "384101", "CSE_NR": "OR106803466", "LEG_CSE_NR": null, "SF_ID": "a02SJ00000K1FCnYAN", "CSE_DISP": "Active", "SRC": "LLD", "QLTY": "8; MIDPOINT, SECTION CONTAINS 5 OR LESS POLYGONS, aliquot; MIDPOINT, SECTION CONTAINS 5 OR LESS POLYGONS, aliquot", "CSE_META": "WA 33 0210N 0170E 025 SW | WA 33 0210N 0170E 026 NE", "RCRD_ACRS": 20.66, "Created": 1779321600000, "Modified": 1783967815000, "Shape__Length": 0.07147277446113275, "Shape__Area": 0.00015380696546413405}}, {"type": "Feature", "id": 614492, "geometry": {"type": "Polygon", "coordinates": [[[-120.65183, 47.27468], [-120.65181, 47.2819], [-120.66244, 47.28192], [-120.66248, 47.27468], [-120.65183, 47.27468]]]}, "properties": {"OBJECTID": 614492, "ID": "1507060624876781568", "CSE_NAME": "Two Bit #2", "STAGE_ID": "1507060619914948608", "BLM_PROD": "LODE CLAIM", "CSE_TYPE_NR": "384101", "CSE_NR": "OR106803467", "LEG_CSE_NR": null, "SF_ID": "a02SJ00000K1FCoYAN", "CSE_DISP": "Active", "SRC": "LLD", "QLTY": "8; MIDPOINT, SECTION CONTAINS 5 OR LESS POLYGONS, aliquot", "CSE_META": "WA 33 0210N 0170E 025 SW", "RCRD_ACRS": 20.66, "Created": 1779321600000, "Modified": 1783967820000, "Shape__Length": 0.035743466874486124, "Shape__Area": 7.694264907930002e-05}}, {"type": "Feature", "id": 614493, "geometry": {"type": "Polygon", "coordinates": [[[-120.64119, 47.2891], [-120.6518, 47.28912], [-120.65181, 47.2819], [-120.64119, 47.28189], [-120.64119, 47.2891]]]}, "properties": {"OBJECTID": 614493, "ID": "1507060703008276480", "CSE_NAME": "4 Bit", "STAGE_ID": "1507060688403738624", "BLM_PROD": "LODE CLAIM", "CSE_TYPE_NR": "384101", "CSE_NR": "OR106803468", "LEG_CSE_NR": null, "SF_ID": "a02SJ00000K1FCpYAN", "CSE_DISP": "Active", "SRC": "LLD", "QLTY": "8; MIDPOINT, SECTION CONTAINS 5 OR LESS POLYGONS, aliquot", "CSE_META": "WA 33 0210N 0170E 025 NE", "RCRD_ACRS": 20.66, "Created": 1779321600000, "Modified": 1783967841000, "Shape__Length": 0.035648294149191795, "Shape__Area": 7.653226209572752e-05}}, {"type": "Feature", "id": 616249, "geometry": {"type": "Polygon", "coordinates": [[[-120.68887, 47.31262], [-120.68886, 47.31442], [-120.69152, 47.31442], [-120.69153, 47.31262], [-120.69154, 47.31081], [-120.68888, 47.31081], [-120.68887, 47.31262]]]}, "properties": {"OBJECTID": 616249, "ID": "1510034212542181376", "CSE_NAME": "Aurora Gold NW 2", "STAGE_ID": "1510029689744355328", "BLM_PROD": "PLACER CLAIM", "CSE_TYPE_NR": "384201", "CSE_NR": "OR106808417", "LEG_CSE_NR": "", "SF_ID": "a02SJ00000KMoPFYA1", "CSE_DISP": "Filed", "SRC": "LLD", "QLTY": "4.1; 0 intersecting parts, aliquot", "CSE_META": "WA 33 0210N 0170E 015 E2SWNE", "RCRD_ACRS": 20, "Created": 1780012800000, "Modified": 1780012800000, "Shape__Length": 0.012554757499488332, "Shape__Area": 9.626405607161502e-06}}, {"type": "Feature", "id": 619978, "geometry": {"type": "Polygon", "coordinates": [[[-120.68768, 47.2438], [-120.68768, 47.2438], [-120.68767, 47.24598], [-120.68767, 47.24742], [-120.6929, 47.24746], [-120.69298, 47.24747], [-120.69349, 47.24747], [-120.69407, 47.24748], [-120.69598, 47.2475], [-120.69825, 47.24752], [-120.69829, 47.24752], [-120.6983, 47.24381], [-120.6983, 47.24199], [-120.69831, 47.24019], [-120.69705, 47.24019], [-120.69525, 47.24018], [-120.693, 47.24018], [-120.69233, 47.24018], [-120.6877, 47.24017], [-120.68768, 47.2438]]]}, "properties": {"OBJECTID": 619978, "ID": "1521238866793807872", "CSE_NAME": "Sixty Forty", "STAGE_ID": "1521238861286633472", "BLM_PROD": "PLACER CLAIM", "CSE_TYPE_NR": "384201", "CSE_NR": "OR106809320", "LEG_CSE_NR": "", "SF_ID": "a02SJ00000KeU2HYAV", "CSE_DISP": "Filed", "SRC": "LLD", "QLTY": "1; MIDPOINT, FULLY ATTRIBUTED QUARTER SECTION ALL BUCKETS ARE EQUAL, aliquot", "CSE_META": "WA 33 0200N 0170E 010 NE", "RCRD_ACRS": 8.8, "Created": 1782691200000, "Modified": 1782691200000, "Shape__Length": 0.035820128344990466, "Shape__Area": 7.740023299073102e-05}}, {"type": "Feature", "id": 620002, "geometry": {"type": "Polygon", "coordinates": [[[-120.68768, 47.2438], [-120.68768, 47.2438], [-120.68767, 47.24598], [-120.68767, 47.24742], [-120.6929, 47.24746], [-120.69298, 47.24747], [-120.69349, 47.24747], [-120.69407, 47.24748], [-120.69598, 47.2475], [-120.69825, 47.24752], [-120.69829, 47.24752], [-120.6983, 47.24381], [-120.6983, 47.24199], [-120.69831, 47.24019], [-120.69705, 47.24019], [-120.69525, 47.24018], [-120.693, 47.24018], [-120.69233, 47.24018], [-120.6877, 47.24017], [-120.68768, 47.2438]]]}, "properties": {"OBJECTID": 620002, "ID": "1521245179720450048", "CSE_NAME": "Madame Orrs", "STAGE_ID": "1521245174343299072", "BLM_PROD": "PLACER CLAIM", "CSE_TYPE_NR": "384201", "CSE_NR": "OR106809321", "LEG_CSE_NR": "", "SF_ID": "a02SJ00000KeU2IYAV", "CSE_DISP": "Filed", "SRC": "LLD", "QLTY": "1; MIDPOINT, FULLY ATTRIBUTED QUARTER SECTION ALL BUCKETS ARE EQUAL, aliquot", "CSE_META": "WA 33 0200N 0170E 010 NE", "RCRD_ACRS": 10.65, "Created": 1782691200000, "Modified": 1782763565000, "Shape__Length": 0.035820128344990466, "Shape__Area": 7.740023299073102e-05}}, {"type": "Feature", "id": 620123, "geometry": {"type": "Polygon", "coordinates": [[[-120.68768, 47.2438], [-120.68768, 47.2438], [-120.68767, 47.24598], [-120.68767, 47.24742], [-120.6929, 47.24746], [-120.69298, 47.24747], [-120.69349, 47.24747], [-120.69407, 47.24748], [-120.69598, 47.2475], [-120.69825, 47.24752], [-120.69829, 47.24752], [-120.6983, 47.24381], [-120.6983, 47.24199], [-120.69831, 47.24019], [-120.69705, 47.24019], [-120.69525, 47.24018], [-120.693, 47.24018], [-120.69233, 47.24018], [-120.6877, 47.24017], [-120.68768, 47.2438]]]}, "properties": {"OBJECTID": 620123, "ID": "1521240320002703360", "CSE_NAME": "Orr Holder", "STAGE_ID": "1521240303166713856", "BLM_PROD": "PLACER CLAIM", "CSE_TYPE_NR": "384201", "CSE_NR": "OR106809322", "LEG_CSE_NR": "", "SF_ID": "a02SJ00000KeU2JYAV", "CSE_DISP": "Filed", "SRC": "LLD", "QLTY": "1; MIDPOINT, FULLY ATTRIBUTED QUARTER SECTION ALL BUCKETS ARE EQUAL, aliquot", "CSE_META": "WA 33 0200N 0170E 010 NE", "RCRD_ACRS": 12.87, "Created": 1782691200000, "Modified": 1782691200000, "Shape__Length": 0.035820128344990466, "Shape__Area": 7.740023299073102e-05}}, {"type": "Feature", "id": 624634, "geometry": {"type": "Polygon", "coordinates": [[[-120.69152, 47.31623], [-120.69151, 47.31804], [-120.69418, 47.31803], [-120.69418, 47.31623], [-120.69419, 47.31442], [-120.69152, 47.31442], [-120.69152, 47.31623]]]}, "properties": {"OBJECTID": 624634, "ID": "1529290260134039552", "CSE_NAME": "24 Legs", "STAGE_ID": "1529286905370451968", "BLM_PROD": "PLACER CLAIM", "CSE_TYPE_NR": "384201", "CSE_NR": "OR106832815", "LEG_CSE_NR": null, "SF_ID": "a02SJ00000M9CLRYA3", "CSE_DISP": "Filed", "SRC": "LLD/CLS", "QLTY": "4.1; 0 intersecting parts, aliquot", "CSE_META": "WA 33 0210N 0170E 015 W2NWNE", "RCRD_ACRS": 0, "Created": 1784678400000, "Modified": 1785773966000, "Shape__Length": 0.012557802017023948, "Shape__Area": 9.633917192251503e-06}}]}