{"type": "FeatureCollection", "features": [{"type": "Feature", "id": 1, "geometry": {"type": "Polygon", "coordinates": [[[-120.573252, 47.324368], [-120.571935, 47.323499], [-120.57053, 47.32228], [-120.570102, 47.321814], [-120.569686, 47.321219], [-120.569512, 47.320683], [-120.569374, 47.319729], [-120.569309, 47.319561], [-120.569095, 47.319348], [-120.568723, 47.31859], [-120.56865, 47.318164], [-120.568682, 47.317747], [-120.568883, 47.317088], [-120.568584, 47.316589], [-120.568503, 47.316317], [-120.56851, 47.315731], [-120.568635, 47.315466], [-120.569049, 47.31504], [-120.569795, 47.31477], [-120.570097, 47.314591], [-120.570478, 47.313318], [-120.570609, 47.311391], [-120.57054, 47.311067], [-120.570318, 47.310837], [-120.56983, 47.310714], [-120.569273, 47.31066], [-120.568543, 47.310426], [-120.567761, 47.310034], [-120.566643, 47.309241], [-120.565816, 47.308788], [-120.564433, 47.308223], [-120.562969, 47.307754], [-120.561945, 47.307501], [-120.559845, 47.307125], [-120.558369, 47.306659], [-120.557986, 47.306577], [-120.557277, 47.306567], [-120.556878, 47.306785], [-120.556564, 47.306894], [-120.555565, 47.307436], [-120.554952, 47.307511], [-120.554452, 47.307729], [-120.554138, 47.307988], [-120.553768, 47.308463], [-120.553494, 47.308668], [-120.553284, 47.308752], [-120.552591, 47.308742], [-120.551708, 47.308361], [-120.551333, 47.308253], [-120.549406, 47.307852], [-120.548128, 47.307509], [-120.547684, 47.30744], [-120.54735, 47.307542], [-120.547161, 47.307758], [-120.547133, 47.308032], [-120.547207, 47.310023], [-120.547296, 47.310361], [-120.547595, 47.310746], [-120.547712, 47.311008], [-120.547793, 47.311491], [-120.54762, 47.311859], [-120.547499, 47.311963], [-120.547165, 47.312114], [-120.546524, 47.312308], [-120.545218, 47.312634], [-120.539942, 47.313511], [-120.538104, 47.313891], [-120.536987, 47.31421], [-120.53631, 47.314603], [-120.53596, 47.314743], [-120.535702, 47.314807], [-120.535371, 47.314824], [-120.534222, 47.314818], [-120.533602, 47.314878], [-120.532433, 47.315096], [-120.531336, 47.315419], [-120.530768, 47.315422], [-120.530413, 47.315639], [-120.529341, 47.316016], [-120.528765, 47.316279], [-120.528184, 47.316661], [-120.527999, 47.317004], [-120.528072, 47.317468], [-120.528415, 47.318204], [-120.528613, 47.318645], [-120.528839, 47.318973], [-120.529259, 47.319463], [-120.530045, 47.320378], [-120.530578, 47.321191], [-120.530703, 47.321733], [-120.530764, 47.323174], [-120.530664, 47.323939], [-120.530286, 47.325743], [-120.531961, 47.329157], [-120.532062, 47.32954], [-120.531845, 47.32987], [-120.53164, 47.330429], [-120.531059, 47.331248], [-120.530459, 47.331962], [-120.530205, 47.332415], [-120.530145, 47.332637], [-120.530165, 47.333016], [-120.530476, 47.33377], [-120.530501, 47.334328], [-120.530335, 47.334358], [-120.530142, 47.334244], [-120.529424, 47.333978], [-120.528652, 47.333763], [-120.525027, 47.619827], [-120.90995, 47.614319], [-120.905023, 47.426306], [-120.904946, 47.426346], [-120.904862, 47.426382], [-120.904776, 47.426416], [-120.904687, 47.426447], [-120.904596, 47.426477], [-120.904503, 47.426506], [-120.904409, 47.426533], [-120.904314, 47.426559], [-120.904219, 47.426585], [-120.904124, 47.426611], [-120.90403, 47.426637], [-120.903936, 47.426664], [-120.903843, 47.426691], [-120.90375, 47.426717], [-120.903656, 47.426743], [-120.903562, 47.426769], [-120.903467, 47.426793], [-120.903372, 47.426816], [-120.903276, 47.426838], [-120.90318, 47.426857], [-120.903083, 47.426875], [-120.902984, 47.426893], [-120.902886, 47.426912], [-120.902787, 47.426931], [-120.902687, 47.426948], [-120.902587, 47.426965], [-120.902487, 47.426981], [-120.902387, 47.426994], [-120.902287, 47.427004], [-120.902187, 47.427011], [-120.902088, 47.427015], [-120.90199, 47.427014], [-120.901892, 47.427009], [-120.901794, 47.426999], [-120.901697, 47.426985], [-120.9016, 47.426967], [-120.901503, 47.426947], [-120.901406, 47.426925], [-120.901309, 47.426901], [-120.901213, 47.426877], [-120.901116, 47.426852], [-120.90102, 47.426829], [-120.900923, 47.426807], [-120.900826, 47.426787], [-120.900729, 47.426767], [-120.900632, 47.426749], [-120.900535, 47.42673], [-120.900437, 47.426711], [-120.90034, 47.426691], [-120.900244, 47.426671], [-120.900148, 47.42665], [-120.900053, 47.426627], [-120.899958, 47.426604], [-120.899865, 47.426578], [-120.899772, 47.42655], [-120.899681, 47.426521], [-120.899589, 47.426491], [-120.899498, 47.426461], [-120.899407, 47.426432], [-120.899315, 47.426404], [-120.899222, 47.426378], [-120.899127, 47.426354], [-120.899032, 47.426331], [-120.898936, 47.426308], [-120.898839, 47.426287], [-120.898742, 47.426266], [-120.898645, 47.426247], [-120.898547, 47.426229], [-120.898449, 47.426213], [-120.898351, 47.4262], [-120.898252, 47.426189], [-120.898152, 47.426183], [-120.898052, 47.426181], [-120.89795, 47.426182], [-120.897849, 47.426185], [-120.897747, 47.426188], [-120.897645, 47.426191], [-120.897544, 47.426191], [-120.897443, 47.426188], [-120.897342, 47.426184], [-120.897241, 47.426179], [-120.897141, 47.426175], [-120.89704, 47.426173], [-120.896939, 47.426174], [-120.896838, 47.426178], [-120.896738, 47.426183], [-120.896637, 47.42619], [-120.896537, 47.426197], [-120.896436, 47.426205], [-120.896335, 47.426212], [-120.896235, 47.426219], [-120.896135, 47.426226], [-120.896034, 47.426232], [-120.895932, 47.42624], [-120.895829, 47.42625], [-120.895727, 47.426259], [-120.895625, 47.426266], [-120.895524, 47.426269], [-120.895425, 47.426268], [-120.895328, 47.42626], [-120.895234, 47.42624], [-120.895144, 47.426206], [-120.895056, 47.426165], [-120.894969, 47.426124], [-120.894881, 47.426089], [-120.894791, 47.426065], [-120.894696, 47.426059], [-120.894598, 47.426066], [-120.894498, 47.426082], [-120.894399, 47.426106], [-120.8943, 47.426132], [-120.894205, 47.426158], [-120.894113, 47.426184], [-120.894021, 47.426213], [-120.893931, 47.426243], [-120.893841, 47.426275], [-120.893751, 47.426307], [-120.893662, 47.426339], [-120.893572, 47.426371], [-120.893481, 47.426401], [-120.893387, 47.426428], [-120.893288, 47.426453], [-120.893189, 47.426478], [-120.893091, 47.426503], [-120.892995, 47.426529], [-120.892905, 47.426559], [-120.892868, 47.426573], [-120.892821, 47.426592], [-120.892747, 47.426631], [-120.892692, 47.426681], [-120.892661, 47.426745], [-120.892643, 47.426817], [-120.892625, 47.42689], [-120.892596, 47.426957], [-120.892549, 47.427017], [-120.892493, 47.427075], [-120.892431, 47.42713], [-120.892365, 47.427182], [-120.89229, 47.427228], [-120.892212, 47.427273], [-120.892142, 47.427322], [-120.892088, 47.427379], [-120.892044, 47.427445], [-120.892005, 47.427514], [-120.891965, 47.427581], [-120.891918, 47.427641], [-120.89186, 47.427689], [-120.891782, 47.427722], [-120.891682, 47.427742], [-120.891571, 47.427749], [-120.891461, 47.427745], [-120.891363, 47.42773], [-120.891284, 47.427699], [-120.891215, 47.42765], [-120.891154, 47.427591], [-120.891094, 47.42753], [-120.891031, 47.427474], [-120.89097, 47.427418], [-120.890911, 47.427362], [-120.89085, 47.427305], [-120.890786, 47.427253], [-120.890716, 47.427206], [-120.890634, 47.427169], [-120.89054, 47.427145], [-120.890441, 47.427124], [-120.890345, 47.427098], [-120.890259, 47.427064], [-120.890175, 47.427026], [-120.890093, 47.426986], [-120.890011, 47.426945], [-120.88993, 47.426904], [-120.889848, 47.426864], [-120.889766, 47.426823], [-120.889685, 47.426783], [-120.889606, 47.426741], [-120.889527, 47.426697], [-120.889451, 47.426652], [-120.889376, 47.426606], [-120.889302, 47.42656], [-120.889228, 47.426513], [-120.889155, 47.426466], [-120.889082, 47.426419], [-120.889009, 47.426371], [-120.888935, 47.426324], [-120.888862, 47.426277], [-120.888789, 47.426229], [-120.888718, 47.426181], [-120.888647, 47.426132], [-120.888574, 47.426084], [-120.888498, 47.42604], [-120.888417, 47.425999], [-120.888333, 47.42596], [-120.888252, 47.425919], [-120.888176, 47.425874], [-120.888105, 47.425825], [-120.888035, 47.425775], [-120.88796, 47.42573], [-120.887875, 47.425694], [-120.88778, 47.425667], [-120.887684, 47.425641], [-120.887595, 47.42561], [-120.887518, 47.425568], [-120.887448, 47.425519], [-120.887383, 47.425466], [-120.887322, 47.42541], [-120.887266, 47.425352], [-120.887214, 47.425294], [-120.887166, 47.425234], [-120.887121, 47.425172], [-120.887078, 47.42511], [-120.887037, 47.425047], [-120.886995, 47.424985], [-120.886952, 47.424922], [-120.886908, 47.424861], [-120.886861, 47.4248], [-120.886814, 47.424739], [-120.886766, 47.424679], [-120.886717, 47.424619], [-120.88667, 47.424559], [-120.886621, 47.424498], [-120.886574, 47.424438], [-120.886526, 47.424377], [-120.886479, 47.424317], [-120.886433, 47.424256], [-120.886386, 47.424195], [-120.886339, 47.424135], [-120.886292, 47.424074], [-120.886245, 47.424013], [-120.886198, 47.423952], [-120.886152, 47.423892], [-120.886105, 47.423831], [-120.886057, 47.42377], [-120.886011, 47.42371], [-120.885964, 47.423649], [-120.885916, 47.423589], [-120.885869, 47.423528], [-120.885822, 47.423467], [-120.885777, 47.423406], [-120.885731, 47.423345], [-120.885684, 47.423283], [-120.885637, 47.423223], [-120.885588, 47.423163], [-120.885538, 47.423103], [-120.885486, 47.423045], [-120.885431, 47.422988], [-120.885375, 47.42293], [-120.885318, 47.422872], [-120.88526, 47.422815], [-120.8852, 47.422759], [-120.885138, 47.422705], [-120.885073, 47.422652], [-120.885006, 47.422601], [-120.884934, 47.422554], [-120.884859, 47.42251], [-120.884778, 47.422471], [-120.884693, 47.422434], [-120.884605, 47.4224], [-120.884515, 47.422368], [-120.884424, 47.422336], [-120.884334, 47.422303], [-120.884246, 47.422269], [-120.884159, 47.422233], [-120.884076, 47.422195], [-120.883992, 47.422156], [-120.883909, 47.422117], [-120.883827, 47.422078], [-120.883744, 47.422038], [-120.883662, 47.421998], [-120.88358, 47.421958], [-120.883498, 47.421918], [-120.883416, 47.421879], [-120.883333, 47.42184], [-120.883247, 47.421803], [-120.883161, 47.421766], [-120.883075, 47.421729], [-120.88299, 47.421692], [-120.882907, 47.421653], [-120.882827, 47.421612], [-120.88275, 47.421568], [-120.882681, 47.421518], [-120.882616, 47.421465], [-120.882553, 47.421409], [-120.88249, 47.421355], [-120.882424, 47.421303], [-120.882352, 47.421256], [-120.882272, 47.421217], [-120.882184, 47.421186], [-120.882091, 47.42116], [-120.881994, 47.421137], [-120.881896, 47.421114], [-120.881801, 47.421089], [-120.88171, 47.42106], [-120.881624, 47.421025], [-120.881542, 47.420986], [-120.881463, 47.420943], [-120.881383, 47.420899], [-120.881304, 47.420856], [-120.881223, 47.420816], [-120.881142, 47.420775], [-120.881059, 47.420734], [-120.880975, 47.420696], [-120.880887, 47.420664], [-120.880795, 47.420637], [-120.880699, 47.420614], [-120.880602, 47.420594], [-120.880505, 47.420575], [-120.880406, 47.420559], [-120.880307, 47.420544], [-120.880208, 47.42053], [-120.88011, 47.420513], [-120.880015, 47.420492], [-120.879922, 47.420466], [-120.879831, 47.420436], [-120.879741, 47.420403], [-120.879654, 47.420369], [-120.879567, 47.420334], [-120.879483, 47.420296], [-120.879401, 47.420256], [-120.879319, 47.420216], [-120.879235, 47.420178], [-120.87915, 47.42014], [-120.879066, 47.420103], [-120.878982, 47.420064], [-120.878898, 47.420027], [-120.878813, 47.419989], [-120.878731, 47.419949], [-120.878653, 47.419906], [-120.878578, 47.41986], [-120.878505, 47.419812], [-120.878434, 47.419763], [-120.878365, 47.419713], [-120.878296, 47.419663], [-120.87823, 47.419611], [-120.878166, 47.419558], [-120.878104, 47.419504], [-120.878043, 47.419449], [-120.877981, 47.419395], [-120.877917, 47.419342], [-120.87785, 47.419291], [-120.877778, 47.419243], [-120.877701, 47.419198], [-120.877622, 47.419155], [-120.877542, 47.419113], [-120.877464, 47.419069], [-120.877391, 47.419022], [-120.877324, 47.418971], [-120.877261, 47.418917], [-120.877231, 47.418888], [-120.877202, 47.418861], [-120.877148, 47.418803], [-120.877097, 47.418744], [-120.877054, 47.418682], [-120.877024, 47.418617], [-120.876995, 47.41855], [-120.876963, 47.418485], [-120.876932, 47.41842], [-120.876901, 47.418354], [-120.876868, 47.418289], [-120.876831, 47.418226], [-120.876788, 47.418164], [-120.876741, 47.418104], [-120.876691, 47.418044], [-120.87664, 47.417985], [-120.876587, 47.417926], [-120.876533, 47.417868], [-120.876477, 47.417811], [-120.876419, 47.417754], [-120.876361, 47.417699], [-120.876298, 47.417645], [-120.876232, 47.417594], [-120.876163, 47.417543], [-120.876094, 47.417493], [-120.876026, 47.417442], [-120.875898, 47.417365], [-120.875824, 47.417318], [-120.875749, 47.417272], [-120.875675, 47.417225], [-120.875599, 47.41718], [-120.875522, 47.417136], [-120.875444, 47.417093], [-120.875364, 47.417051], [-120.875282, 47.417012], [-120.875198, 47.416973], [-120.875113, 47.416935], [-120.875028, 47.416898], [-120.874942, 47.416862], [-120.874856, 47.416825], [-120.874771, 47.416788], [-120.874686, 47.416751], [-120.874602, 47.416712], [-120.87452, 47.416673], [-120.87444, 47.416632], [-120.874361, 47.416589], [-120.874285, 47.416544], [-120.874209, 47.416499], [-120.874134, 47.416453], [-120.87406, 47.416406], [-120.873986, 47.416358], [-120.873913, 47.41631], [-120.87384, 47.416262], [-120.873768, 47.416213], [-120.873696, 47.416164], [-120.873624, 47.416115], [-120.873553, 47.416066], [-120.873481, 47.416017], [-120.873409, 47.415968], [-120.873337, 47.415919], [-120.873265, 47.415871], [-120.873192, 47.415823], [-120.873118, 47.415776], [-120.873045, 47.41573], [-120.87297, 47.415684], [-120.872894, 47.41564], [-120.872818, 47.415596], [-120.87274, 47.415553], [-120.872662, 47.415512], [-120.872582, 47.415472], [-120.872519, 47.415443], [-120.87241, 47.415399], [-120.872316, 47.415368], [-120.872219, 47.415341], [-120.872119, 47.415319], [-120.872018, 47.415302], [-120.871917, 47.415289], [-120.871816, 47.415283], [-120.871717, 47.415282], [-120.871619, 47.415286], [-120.871521, 47.415292], [-120.871422, 47.415301], [-120.871324, 47.415312], [-120.871225, 47.415324], [-120.871126, 47.415338], [-120.871028, 47.415354], [-120.870929, 47.41537], [-120.87083, 47.415389], [-120.870731, 47.415408], [-120.870632, 47.415427], [-120.870534, 47.415448], [-120.870436, 47.415469], [-120.870338, 47.415491], [-120.870242, 47.415512], [-120.870145, 47.415534], [-120.870049, 47.415556], [-120.869953, 47.415577], [-120.869857, 47.415599], [-120.86976, 47.41562], [-120.869663, 47.415643], [-120.869567, 47.415665], [-120.86947, 47.415688], [-120.869375, 47.415712], [-120.869279, 47.415737], [-120.869184, 47.415762], [-120.86909, 47.415789], [-120.868998, 47.415817], [-120.868906, 47.415847], [-120.868817, 47.415878], [-120.868729, 47.41591], [-120.868643, 47.415945], [-120.868559, 47.415981], [-120.868477, 47.41602], [-120.868394, 47.416058], [-120.86831, 47.416098], [-120.868226, 47.416138], [-120.868142, 47.41618], [-120.868059, 47.416221], [-120.867976, 47.416264], [-120.867893, 47.416307], [-120.867811, 47.416351], [-120.867731, 47.416396], [-120.867651, 47.416441], [-120.867573, 47.416488], [-120.867497, 47.416535], [-120.867422, 47.416583], [-120.867349, 47.416631], [-120.867279, 47.416681], [-120.867211, 47.416732], [-120.867146, 47.416783], [-120.867084, 47.416835], [-120.867025, 47.416888], [-120.866969, 47.416942], [-120.866917, 47.416997], [-120.866871, 47.417055], [-120.866836, 47.417116], [-120.86681, 47.417182], [-120.866793, 47.417251], [-120.866783, 47.417322], [-120.866776, 47.417396], [-120.866774, 47.417471], [-120.866774, 47.417546], [-120.866775, 47.417621], [-120.866774, 47.417696], [-120.86677, 47.41777], [-120.866763, 47.417842], [-120.86675, 47.417911], [-120.86673, 47.417977], [-120.866701, 47.418039], [-120.866662, 47.418097], [-120.866611, 47.418149], [-120.866548, 47.418197], [-120.866482, 47.418242], [-120.866414, 47.418287], [-120.866343, 47.41833], [-120.86627, 47.418373], [-120.866195, 47.418414], [-120.866118, 47.418455], [-120.86604, 47.418494], [-120.86596, 47.418533], [-120.865878, 47.418571], [-120.865795, 47.418609], [-120.86571, 47.418646], [-120.865624, 47.418682], [-120.865537, 47.418718], [-120.865449, 47.418753], [-120.865361, 47.418788], [-120.865271, 47.418823], [-120.86518, 47.418857], [-120.86513, 47.418876], [-120.86509, 47.418891], [-120.864999, 47.418925], [-120.864907, 47.418959], [-120.864815, 47.418993], [-120.864723, 47.419027], [-120.864632, 47.41906], [-120.86454, 47.419095], [-120.864448, 47.419129], [-120.864357, 47.419163], [-120.864266, 47.419198], [-120.864176, 47.419234], [-120.864087, 47.419269], [-120.863998, 47.419305], [-120.86391, 47.419342], [-120.863824, 47.419379], [-120.863738, 47.419418], [-120.863654, 47.419456], [-120.863571, 47.419496], [-120.86349, 47.419536], [-120.86341, 47.419578], [-120.863333, 47.419621], [-120.863258, 47.419667], [-120.863185, 47.419715], [-120.863113, 47.419763], [-120.863044, 47.419814], [-120.862975, 47.419865], [-120.862908, 47.419917], [-120.86284, 47.419969], [-120.862773, 47.420022], [-120.862707, 47.420074], [-120.862639, 47.420126], [-120.862572, 47.420177], [-120.862503, 47.420228], [-120.862433, 47.420277], [-120.862362, 47.420325], [-120.862289, 47.420372], [-120.862214, 47.420416], [-120.862137, 47.420459], [-120.86205, 47.4205], [-120.861954, 47.420541], [-120.861855, 47.420577], [-120.861753, 47.420606], [-120.861653, 47.420628], [-120.861557, 47.420638], [-120.86147, 47.420636], [-120.861395, 47.420616], [-120.861328, 47.420577], [-120.861267, 47.420522], [-120.861209, 47.420459], [-120.861152, 47.420392], [-120.861092, 47.420327], [-120.861027, 47.42027], [-120.860954, 47.420222], [-120.860881, 47.420174], [-120.860806, 47.420128], [-120.860729, 47.420081], [-120.860652, 47.420037], [-120.860572, 47.419994], [-120.86049, 47.419953], [-120.860406, 47.419915], [-120.86032, 47.419881], [-120.860231, 47.41985], [-120.860139, 47.419822], [-120.860045, 47.419797], [-120.85995, 47.419773], [-120.859854, 47.419751], [-120.859756, 47.41973], [-120.859658, 47.419709], [-120.85956, 47.419689], [-120.859461, 47.419669], [-120.859364, 47.419649], [-120.859267, 47.419627], [-120.859172, 47.419604], [-120.859078, 47.419579], [-120.858987, 47.419552], [-120.858897, 47.419522], [-120.858811, 47.419489], [-120.858728, 47.419453], [-120.858648, 47.419413], [-120.858571, 47.41937], [-120.858496, 47.419324], [-120.858424, 47.419277], [-120.858353, 47.419227], [-120.858283, 47.419177], [-120.858214, 47.419125], [-120.858146, 47.419073], [-120.858077, 47.419021], [-120.858008, 47.41897], [-120.857937, 47.41892], [-120.857866, 47.418871], [-120.857821, 47.418845], [-120.857788, 47.418827], [-120.857712, 47.418782], [-120.857654, 47.418726], [-120.8576, 47.418668], [-120.85755, 47.418608], [-120.8575, 47.418547], [-120.857449, 47.418487], [-120.857396, 47.418429], [-120.857337, 47.418374], [-120.857272, 47.418323], [-120.857196, 47.41828], [-120.857112, 47.418242], [-120.857024, 47.418206], [-120.856938, 47.418168], [-120.856858, 47.418126], [-120.856778, 47.418084], [-120.856698, 47.418041], [-120.856619, 47.417999], [-120.85654, 47.417955], [-120.856462, 47.417911], [-120.856387, 47.417865], [-120.856315, 47.417818], [-120.856245, 47.417769], [-120.856179, 47.417718], [-120.856115, 47.417665], [-120.856053, 47.41761], [-120.855994, 47.417554], [-120.855936, 47.417497], [-120.855881, 47.417439], [-120.855828, 47.417381], [-120.855777, 47.417321], [-120.855729, 47.417261], [-120.855687, 47.417199], [-120.855649, 47.417135], [-120.855613, 47.41707], [-120.855579, 47.417004], [-120.855543, 47.416939], [-120.855506, 47.416875], [-120.855464, 47.416813], [-120.855417, 47.416753], [-120.855363, 47.416697], [-120.855303, 47.416643], [-120.855238, 47.416591], [-120.85517, 47.41654], [-120.855099, 47.416491], [-120.855026, 47.416443], [-120.85495, 47.416397], [-120.854873, 47.416351], [-120.854794, 47.416307], [-120.854715, 47.416263], [-120.854635, 47.416221], [-120.854556, 47.41618], [-120.854472, 47.416142], [-120.854385, 47.416108], [-120.854295, 47.416075], [-120.854204, 47.416045], [-120.854112, 47.416015], [-120.85402, 47.415986], [-120.853929, 47.415956], [-120.853836, 47.415929], [-120.853743, 47.415902], [-120.85365, 47.415876], [-120.853556, 47.415851], [-120.853463, 47.415824], [-120.853369, 47.415797], [-120.853278, 47.415769], [-120.853187, 47.415739], [-120.853098, 47.415707], [-120.853009, 47.415674], [-120.852921, 47.41564], [-120.852834, 47.415605], [-120.852748, 47.415569], [-120.852664, 47.415531], [-120.852581, 47.415491], [-120.852501, 47.41545], [-120.852422, 47.415407], [-120.852345, 47.415363], [-120.852269, 47.415318], [-120.852194, 47.415272], [-120.85212, 47.415226], [-120.852047, 47.415178], [-120.851974, 47.41513], [-120.851902, 47.415082], [-120.85183, 47.415034], [-120.851759, 47.414985], [-120.851689, 47.414936], [-120.85162, 47.414886], [-120.851552, 47.414835], [-120.851484, 47.414784], [-120.851416, 47.414733], [-120.851349, 47.414682], [-120.851281, 47.414631], [-120.851213, 47.41458], [-120.851138, 47.414525], [-120.851076, 47.41448], [-120.851005, 47.414431], [-120.850933, 47.414383], [-120.85086, 47.414336], [-120.850786, 47.41429], [-120.850711, 47.414244], [-120.850636, 47.414197], [-120.85056, 47.414152], [-120.850484, 47.414106], [-120.850407, 47.414062], [-120.85033, 47.414017], [-120.850252, 47.413973], [-120.850173, 47.41393], [-120.850093, 47.413887], [-120.850014, 47.413845], [-120.849933, 47.413803], [-120.849852, 47.413763], [-120.84977, 47.413723], [-120.849687, 47.413685], [-120.849604, 47.413647], [-120.849518, 47.413612], [-120.84943, 47.413578], [-120.84934, 47.413547], [-120.849248, 47.413517], [-120.849156, 47.413489], [-120.849062, 47.413462], [-120.848968, 47.413436], [-120.848873, 47.413411], [-120.848779, 47.413387], [-120.848684, 47.413364], [-120.848588, 47.413343], [-120.848491, 47.413324], [-120.848393, 47.413307], [-120.848295, 47.413291], [-120.848196, 47.413275], [-120.848098, 47.413259], [-120.847999, 47.413244], [-120.847901, 47.413227], [-120.847804, 47.413208], [-120.847708, 47.413188], [-120.847612, 47.413167], [-120.847515, 47.413145], [-120.847419, 47.413124], [-120.847323, 47.413102], [-120.847226, 47.413081], [-120.84713, 47.413058], [-120.847035, 47.413036], [-120.846939, 47.413012], [-120.846845, 47.412988], [-120.84675, 47.412963], [-120.846657, 47.412937], [-120.846564, 47.41291], [-120.846473, 47.412882], [-120.846383, 47.412852], [-120.846294, 47.41282], [-120.846207, 47.412787], [-120.846121, 47.412752], [-120.846036, 47.412715], [-120.845952, 47.412677], [-120.845869, 47.412637], [-120.845787, 47.412598], [-120.845705, 47.412557], [-120.845623, 47.412516], [-120.845542, 47.412475], [-120.84546, 47.412434], [-120.845378, 47.412394], [-120.845295, 47.412354], [-120.845212, 47.412315], [-120.845127, 47.412278], [-120.845041, 47.412242], [-120.844955, 47.412206], [-120.844867, 47.412168], [-120.84478, 47.412129], [-120.844691, 47.41209], [-120.844603, 47.412049], [-120.844513, 47.412009], [-120.844424, 47.411969], [-120.844334, 47.411928], [-120.844245, 47.411889], [-120.844155, 47.411851], [-120.844065, 47.411814], [-120.843975, 47.411779], [-120.843886, 47.411746], [-120.843797, 47.411715], [-120.843708, 47.411687], [-120.843619, 47.411662], [-120.843531, 47.41164], [-120.843443, 47.411621], [-120.843356, 47.411607], [-120.843269, 47.411599], [-120.843186, 47.41161], [-120.843104, 47.411639], [-120.843024, 47.41168], [-120.842944, 47.411731], [-120.842865, 47.411787], [-120.842784, 47.411844], [-120.842703, 47.411898], [-120.84262, 47.411944], [-120.842535, 47.411982], [-120.842449, 47.412017], [-120.842362, 47.412052], [-120.842274, 47.412086], [-120.842185, 47.412119], [-120.842096, 47.412152], [-120.842008, 47.412185], [-120.841918, 47.412218], [-120.841829, 47.412251], [-120.84174, 47.412284], [-120.841651, 47.412317], [-120.841563, 47.41235], [-120.841475, 47.412384], [-120.841388, 47.412418], [-120.841301, 47.412453], [-120.841215, 47.41249], [-120.841131, 47.412526], [-120.841048, 47.412565], [-120.840966, 47.412604], [-120.840885, 47.412645], [-120.840805, 47.412686], [-120.840726, 47.412728], [-120.840647, 47.412771], [-120.840569, 47.412814], [-120.840492, 47.412858], [-120.840415, 47.412903], [-120.840339, 47.412948], [-120.840264, 47.412994], [-120.840189, 47.41304], [-120.840114, 47.413086], [-120.840039, 47.413133], [-120.839965, 47.41318], [-120.839892, 47.413227], [-120.839819, 47.413275], [-120.839746, 47.413323], [-120.839673, 47.41337], [-120.8396, 47.413418], [-120.839528, 47.413466], [-120.839456, 47.413514], [-120.839384, 47.413562], [-120.839311, 47.41361], [-120.839239, 47.413658], [-120.839166, 47.413706], [-120.839094, 47.413754], [-120.839021, 47.413802], [-120.838949, 47.41385], [-120.838876, 47.413898], [-120.838804, 47.413946], [-120.838732, 47.413995], [-120.838661, 47.414044], [-120.838589, 47.414093], [-120.838518, 47.414142], [-120.838448, 47.414191], [-120.838378, 47.414241], [-120.838308, 47.41429], [-120.838239, 47.41434], [-120.83817, 47.414391], [-120.838102, 47.414442], [-120.838035, 47.414493], [-120.837969, 47.414544], [-120.837903, 47.414596], [-120.837838, 47.414648], [-120.837774, 47.4147], [-120.837711, 47.414753], [-120.837649, 47.414806], [-120.837589, 47.414862], [-120.837532, 47.414918], [-120.837477, 47.414977], [-120.837424, 47.415037], [-120.837374, 47.415098], [-120.837328, 47.41516], [-120.837284, 47.415222], [-120.837244, 47.415286], [-120.837207, 47.41535], [-120.837173, 47.415415], [-120.837143, 47.415479], [-120.837117, 47.415544], [-120.837096, 47.41561], [-120.837078, 47.415677], [-120.837065, 47.415745], [-120.837054, 47.415814], [-120.837046, 47.415882], [-120.837041, 47.415952], [-120.837037, 47.416021], [-120.837036, 47.416091], [-120.837035, 47.41616], [-120.837036, 47.416229], [-120.837037, 47.416298], [-120.83704, 47.416366], [-120.837047, 47.416435], [-120.837057, 47.416504], [-120.837069, 47.416572], [-120.837082, 47.416641], [-120.837097, 47.41671], [-120.837112, 47.416779], [-120.837128, 47.416848], [-120.837142, 47.416916], [-120.837155, 47.416985], [-120.837166, 47.417053], [-120.837175, 47.417121], [-120.83718, 47.417189], [-120.837182, 47.417256], [-120.837179, 47.417324], [-120.837172, 47.417391], [-120.83716, 47.417457], [-120.837142, 47.417525], [-120.837121, 47.417592], [-120.837095, 47.41766], [-120.837065, 47.417727], [-120.837032, 47.417793], [-120.836995, 47.417859], [-120.836954, 47.417923], [-120.83691, 47.417986], [-120.836863, 47.418048], [-120.836813, 47.418107], [-120.836761, 47.418164], [-120.836704, 47.41822], [-120.836645, 47.418274], [-120.836582, 47.418326], [-120.836516, 47.418377], [-120.836447, 47.418428], [-120.836375, 47.418477], [-120.836302, 47.418525], [-120.836228, 47.418573], [-120.836152, 47.418619], [-120.836075, 47.418666], [-120.835998, 47.418711], [-120.835921, 47.418757], [-120.835844, 47.418802], [-120.835768, 47.418847], [-120.83574, 47.418863], [-120.835691, 47.418892], [-120.835612, 47.418934], [-120.835532, 47.418976], [-120.83545, 47.419015], [-120.835367, 47.419054], [-120.835283, 47.419093], [-120.835199, 47.419131], [-120.835114, 47.41917], [-120.835031, 47.419209], [-120.834949, 47.419248], [-120.834867, 47.419289], [-120.834784, 47.419328], [-120.834701, 47.419368], [-120.834617, 47.419407], [-120.834533, 47.419446], [-120.834449, 47.419485], [-120.834366, 47.419524], [-120.834283, 47.419564], [-120.834201, 47.419604], [-120.834119, 47.419645], [-120.83404, 47.419686], [-120.833961, 47.419729], [-120.833885, 47.419773], [-120.83381, 47.419818], [-120.833738, 47.419865], [-120.833673, 47.419916], [-120.833612, 47.41997], [-120.833555, 47.420028], [-120.833502, 47.420087], [-120.83345, 47.420147], [-120.8334, 47.420207], [-120.83335, 47.420267], [-120.833301, 47.420327], [-120.833255, 47.420388], [-120.833213, 47.420451], [-120.833172, 47.420514], [-120.833131, 47.420577], [-120.833089, 47.42064], [-120.833044, 47.420701], [-120.832995, 47.420761], [-120.83294, 47.420818], [-120.832881, 47.420873], [-120.832821, 47.420928], [-120.832759, 47.420981], [-120.832696, 47.421035], [-120.832632, 47.421088], [-120.832568, 47.421141], [-120.832503, 47.421193], [-120.832436, 47.421245], [-120.83237, 47.421297], [-120.832304, 47.421348], [-120.832237, 47.4214], [-120.832169, 47.421452], [-120.832103, 47.421503], [-120.832036, 47.421555], [-120.831969, 47.421607], [-120.831904, 47.421659], [-120.831838, 47.421711], [-120.831773, 47.421764], [-120.831709, 47.421817], [-120.831646, 47.421871], [-120.831584, 47.421925], [-120.831523, 47.42198], [-120.831462, 47.422035], [-120.831401, 47.42209], [-120.831341, 47.422145], [-120.831279, 47.4222], [-120.831218, 47.422254], [-120.831156, 47.422309], [-120.831093, 47.422362], [-120.831029, 47.422415], [-120.830963, 47.422467], [-120.830897, 47.422518], [-120.830828, 47.422567], [-120.830757, 47.422616], [-120.830684, 47.422662], [-120.830608, 47.422707], [-120.830531, 47.422751], [-120.830452, 47.422794], [-120.830372, 47.422836], [-120.830291, 47.422877], [-120.830209, 47.422918], [-120.830128, 47.422959], [-120.830046, 47.423], [-120.829965, 47.423041], [-120.829937, 47.423056], [-120.829884, 47.423083], [-120.829805, 47.423125], [-120.829727, 47.423169], [-120.829651, 47.423214], [-120.829577, 47.423261], [-120.829504, 47.42331], [-120.829434, 47.423361], [-120.829365, 47.423414], [-120.829296, 47.423467], [-120.829228, 47.423521], [-120.82916, 47.423574], [-120.829092, 47.423626], [-120.829023, 47.423676], [-120.828952, 47.423725], [-120.828881, 47.423771], [-120.828808, 47.423813], [-120.828732, 47.423852], [-120.828648, 47.42388], [-120.828547, 47.42388], [-120.828439, 47.423863], [-120.828336, 47.423838], [-120.828242, 47.423813], [-120.82815, 47.423786], [-120.828059, 47.423757], [-120.827968, 47.423727], [-120.827878, 47.423695], [-120.827789, 47.423663], [-120.827699, 47.42363], [-120.82761, 47.423597], [-120.827521, 47.423564], [-120.827432, 47.423532], [-120.827342, 47.4235], [-120.827254, 47.423467], [-120.827165, 47.423434], [-120.827077, 47.4234], [-120.826989, 47.423366], [-120.826902, 47.423332], [-120.826813, 47.423298], [-120.826725, 47.423265], [-120.826637, 47.423232], [-120.826547, 47.4232], [-120.826458, 47.423169], [-120.826367, 47.423139], [-120.826275, 47.42311], [-120.826184, 47.423082], [-120.826091, 47.423054], [-120.825999, 47.423026], [-120.825907, 47.422999], [-120.825814, 47.422971], [-120.825721, 47.422944], [-120.825628, 47.422918], [-120.825535, 47.422891], [-120.825441, 47.422865], [-120.825347, 47.42284], [-120.825253, 47.422814], [-120.82516, 47.422789], [-120.825066, 47.422764], [-120.824971, 47.422739], [-120.824877, 47.422714], [-120.824782, 47.42269], [-120.824688, 47.422666], [-120.824593, 47.422643], [-120.824497, 47.422622], [-120.8244, 47.422601], [-120.824303, 47.422581], [-120.824206, 47.422561], [-120.824108, 47.422542], [-120.824011, 47.422523], [-120.823913, 47.422504], [-120.823816, 47.422484], [-120.82372, 47.422464], [-120.823623, 47.422443], [-120.823528, 47.422421], [-120.823433, 47.422398], [-120.823339, 47.422373], [-120.823247, 47.422347], [-120.823155, 47.422319], [-120.823065, 47.422289], [-120.822976, 47.422258], [-120.822888, 47.422225], [-120.822801, 47.422191], [-120.822715, 47.422156], [-120.822629, 47.42212], [-120.822543, 47.422083], [-120.822458, 47.422045], [-120.822374, 47.422007], [-120.82229, 47.421969], [-120.822205, 47.42193], [-120.822121, 47.421892], [-120.822037, 47.421854], [-120.821952, 47.421816], [-120.821867, 47.421779], [-120.821782, 47.421742], [-120.821695, 47.421706], [-120.821609, 47.42167], [-120.821524, 47.421634], [-120.821438, 47.421597], [-120.821353, 47.42156], [-120.821267, 47.421523], [-120.821182, 47.421486], [-120.821097, 47.421449], [-120.821011, 47.421412], [-120.820926, 47.421376], [-120.820839, 47.42134], [-120.820753, 47.421304], [-120.820666, 47.421269], [-120.820579, 47.421234], [-120.820491, 47.421201], [-120.820403, 47.421168], [-120.820314, 47.421136], [-120.820224, 47.421105], [-120.820134, 47.421075], [-120.820042, 47.421046], [-120.819951, 47.421016], [-120.819859, 47.420987], [-120.819766, 47.420958], [-120.819674, 47.42093], [-120.81958, 47.420902], [-120.819487, 47.420874], [-120.819392, 47.420847], [-120.819298, 47.420821], [-120.819203, 47.420796], [-120.819108, 47.420772], [-120.819012, 47.420749], [-120.818916, 47.420727], [-120.81882, 47.420707], [-120.818724, 47.420688], [-120.818626, 47.42067], [-120.818529, 47.420654], [-120.818432, 47.42064], [-120.818334, 47.420627], [-120.818236, 47.420618], [-120.818136, 47.420612], [-120.818036, 47.420608], [-120.817936, 47.420606], [-120.817835, 47.420605], [-120.817733, 47.420607], [-120.817632, 47.420609], [-120.81753, 47.420612], [-120.817428, 47.420615], [-120.817326, 47.420619], [-120.817224, 47.420622], [-120.817122, 47.420625], [-120.81702, 47.420627], [-120.816919, 47.420628], [-120.816817, 47.420627], [-120.816716, 47.420624], [-120.816616, 47.42062], [-120.816514, 47.420613], [-120.816413, 47.420604], [-120.816313, 47.420592], [-120.816214, 47.420578], [-120.816117, 47.420559], [-120.816023, 47.420536], [-120.81593, 47.42051], [-120.815839, 47.420481], [-120.815749, 47.42045], [-120.81566, 47.420417], [-120.815572, 47.420383], [-120.815483, 47.420349], [-120.815394, 47.420316], [-120.815305, 47.420284], [-120.815216, 47.420251], [-120.815128, 47.420218], [-120.81504, 47.420184], [-120.814952, 47.42015], [-120.814864, 47.420117], [-120.814774, 47.420085], [-120.814685, 47.420054], [-120.814594, 47.42002], [-120.814505, 47.419986], [-120.814416, 47.41995], [-120.814326, 47.419913], [-120.814237, 47.419878], [-120.814147, 47.419843], [-120.814057, 47.41981], [-120.813965, 47.419779], [-120.813874, 47.419751], [-120.813781, 47.419727], [-120.813688, 47.419707], [-120.813594, 47.419692], [-120.813498, 47.419683], [-120.813401, 47.41968], [-120.813303, 47.419682], [-120.813204, 47.419688], [-120.813103, 47.419698], [-120.813003, 47.419711], [-120.812901, 47.419726], [-120.8128, 47.419742], [-120.812699, 47.419758], [-120.812597, 47.419774], [-120.812496, 47.419789], [-120.812395, 47.419802], [-120.812295, 47.419812], [-120.812196, 47.419822], [-120.812096, 47.419832], [-120.811996, 47.419841], [-120.811896, 47.419851], [-120.811796, 47.419861], [-120.811695, 47.41987], [-120.811596, 47.41988], [-120.811496, 47.41989], [-120.811396, 47.4199], [-120.811296, 47.41991], [-120.811196, 47.41992], [-120.811096, 47.41993], [-120.810997, 47.41994], [-120.810897, 47.419951], [-120.810797, 47.419962], [-120.810697, 47.419974], [-120.810598, 47.419985], [-120.810499, 47.419997], [-120.810399, 47.420009], [-120.8103, 47.420022], [-120.8102, 47.420034], [-120.8101, 47.420046], [-120.810001, 47.420059], [-120.809902, 47.420072], [-120.809802, 47.420086], [-120.809703, 47.4201], [-120.809605, 47.420114], [-120.809506, 47.42013], [-120.809408, 47.420146], [-120.80931, 47.420163], [-120.809214, 47.420182], [-120.809117, 47.420201], [-120.809022, 47.420222], [-120.808926, 47.420245], [-120.808832, 47.420269], [-120.808738, 47.420294], [-120.808654, 47.420318], [-120.808552, 47.420348], [-120.80846, 47.420376], [-120.808367, 47.420404], [-120.808275, 47.420432], [-120.808183, 47.420461], [-120.80809, 47.420489], [-120.807998, 47.420516], [-120.807904, 47.420543], [-120.807811, 47.420569], [-120.807717, 47.420595], [-120.807623, 47.42062], [-120.807528, 47.420646], [-120.807435, 47.420672], [-120.807341, 47.420698], [-120.807248, 47.420725], [-120.807155, 47.420753], [-120.807064, 47.420781], [-120.806972, 47.420811], [-120.806883, 47.420842], [-120.806794, 47.420874], [-120.806707, 47.420907], [-120.80662, 47.420942], [-120.806533, 47.420978], [-120.806446, 47.421013], [-120.806359, 47.42105], [-120.806272, 47.421087], [-120.806186, 47.421124], [-120.8061, 47.421163], [-120.806016, 47.421202], [-120.805933, 47.421243], [-120.805852, 47.421284], [-120.805772, 47.421327], [-120.805695, 47.421371], [-120.805619, 47.421416], [-120.805546, 47.421462], [-120.805476, 47.42151], [-120.805409, 47.42156], [-120.805345, 47.421611], [-120.805284, 47.421665], [-120.805227, 47.42172], [-120.805171, 47.421776], [-120.805117, 47.421834], [-120.805066, 47.421893], [-120.805015, 47.421953], [-120.804966, 47.422013], [-120.804917, 47.422074], [-120.804869, 47.422135], [-120.804821, 47.422197], [-120.804773, 47.422258], [-120.804725, 47.422319], [-120.804675, 47.42238], [-120.804624, 47.422439], [-120.804572, 47.422498], [-120.804517, 47.422557], [-120.804461, 47.422613], [-120.804401, 47.422668], [-120.804339, 47.422723], [-120.804273, 47.422776], [-120.804205, 47.422828], [-120.804134, 47.422878], [-120.804062, 47.422926], [-120.803987, 47.422972], [-120.803912, 47.423016], [-120.80383, 47.423054], [-120.803732, 47.423076], [-120.803628, 47.423086], [-120.803529, 47.423085], [-120.803427, 47.423073], [-120.80333, 47.42305], [-120.803242, 47.423018], [-120.803159, 47.42298], [-120.803079, 47.422938], [-120.803, 47.422893], [-120.802923, 47.422849], [-120.802842, 47.422806], [-120.80276, 47.422764], [-120.802678, 47.422721], [-120.802601, 47.422675], [-120.802533, 47.422626], [-120.802477, 47.422571], [-120.802427, 47.422512], [-120.802378, 47.422453], [-120.80233, 47.422393], [-120.802284, 47.422332], [-120.80224, 47.42227], [-120.80221, 47.422227], [-120.802196, 47.422207], [-120.802155, 47.422144], [-120.802114, 47.42208], [-120.802076, 47.422016], [-120.802039, 47.421952], [-120.802004, 47.421887], [-120.80197, 47.421822], [-120.801938, 47.421757], [-120.801909, 47.421692], [-120.801886, 47.421626], [-120.80187, 47.421558], [-120.801859, 47.42149], [-120.801853, 47.42142], [-120.801847, 47.421351], [-120.801841, 47.421281], [-120.801833, 47.421212], [-120.80182, 47.421144], [-120.801802, 47.421077], [-120.801775, 47.421013], [-120.801741, 47.420949], [-120.801701, 47.420887], [-120.801657, 47.420825], [-120.801608, 47.420765], [-120.801556, 47.420705], [-120.801501, 47.420647], [-120.801445, 47.420589], [-120.801388, 47.420531], [-120.801331, 47.420474], [-120.801272, 47.420419], [-120.801208, 47.420366], [-120.80114, 47.420315], [-120.801069, 47.420265], [-120.800999, 47.420216], [-120.80093, 47.420165], [-120.800866, 47.420112], [-120.800809, 47.420056], [-120.800756, 47.419998], [-120.800704, 47.419939], [-120.800653, 47.41988], [-120.800603, 47.41982], [-120.800555, 47.419759], [-120.800508, 47.419698], [-120.800463, 47.419637], [-120.80042, 47.419574], [-120.800379, 47.419512], [-120.800339, 47.419449], [-120.800301, 47.419385], [-120.800266, 47.419322], [-120.800235, 47.419257], [-120.800207, 47.419191], [-120.800181, 47.419125], [-120.800157, 47.419058], [-120.800134, 47.418991], [-120.800112, 47.418924], [-120.800106, 47.418905], [-120.80009, 47.418857], [-120.800067, 47.41879], [-120.800043, 47.418723], [-120.800018, 47.418656], [-120.799995, 47.418589], [-120.799973, 47.418522], [-120.799952, 47.418455], [-120.799931, 47.418387], [-120.799909, 47.41832], [-120.799886, 47.418253], [-120.799861, 47.418187], [-120.799834, 47.418121], [-120.799804, 47.418056], [-120.79977, 47.417992], [-120.799733, 47.417928], [-120.799695, 47.417865], [-120.799655, 47.417802], [-120.799615, 47.417739], [-120.799574, 47.417676], [-120.799531, 47.417614], [-120.799488, 47.417551], [-120.799443, 47.41749], [-120.799396, 47.417428], [-120.79935, 47.417367], [-120.799301, 47.417307], [-120.799252, 47.417247], [-120.799201, 47.417187], [-120.799149, 47.417129], [-120.799096, 47.417071], [-120.799041, 47.417014], [-120.798984, 47.416957], [-120.798925, 47.416902], [-120.798864, 47.416848], [-120.798801, 47.416795], [-120.798737, 47.416742], [-120.798671, 47.41669], [-120.798604, 47.416638], [-120.798537, 47.416586], [-120.798469, 47.416535], [-120.798401, 47.416484], [-120.798333, 47.416433], [-120.798264, 47.416382], [-120.798197, 47.416331], [-120.79813, 47.41628], [-120.798064, 47.416228], [-120.797999, 47.416176], [-120.797933, 47.416123], [-120.797868, 47.416071], [-120.797802, 47.416018], [-120.797736, 47.415966], [-120.797669, 47.415915], [-120.797602, 47.415864], [-120.797533, 47.415814], [-120.797463, 47.415765], [-120.797391, 47.415717], [-120.797317, 47.41567], [-120.797243, 47.415623], [-120.797169, 47.415577], [-120.797095, 47.415531], [-120.79702, 47.415485], [-120.796945, 47.415439], [-120.796869, 47.415394], [-120.796794, 47.415348], [-120.796718, 47.415303], [-120.796642, 47.415258], [-120.796566, 47.415213], [-120.79649, 47.415167], [-120.796414, 47.415123], [-120.796337, 47.415078], [-120.79626, 47.415034], [-120.796183, 47.414989], [-120.796106, 47.414945], [-120.796029, 47.4149], [-120.795952, 47.414856], [-120.795875, 47.414812], [-120.795797, 47.414768], [-120.79572, 47.414723], [-120.795643, 47.414679], [-120.795565, 47.414635], [-120.795488, 47.414591], [-120.795409, 47.414548], [-120.795326, 47.414506], [-120.79524, 47.414466], [-120.795153, 47.414427], [-120.795064, 47.414388], [-120.794975, 47.41435], [-120.794887, 47.414311], [-120.794801, 47.414271], [-120.794718, 47.414231], [-120.794639, 47.414188], [-120.794565, 47.414144], [-120.794496, 47.414098], [-120.794434, 47.414049], [-120.794379, 47.413996], [-120.794334, 47.41394], [-120.794295, 47.41388], [-120.794265, 47.413816], [-120.79424, 47.41375], [-120.794222, 47.413681], [-120.794208, 47.413611], [-120.794197, 47.41354], [-120.79419, 47.413468], [-120.794185, 47.413396], [-120.794182, 47.413324], [-120.794178, 47.413254], [-120.794175, 47.413185], [-120.794175, 47.413117], [-120.79418, 47.413049], [-120.79419, 47.412981], [-120.794203, 47.412913], [-120.794218, 47.412845], [-120.794233, 47.412777], [-120.79425, 47.412708], [-120.794264, 47.41264], [-120.794277, 47.412572], [-120.794287, 47.412503], [-120.794292, 47.412435], [-120.794293, 47.412367], [-120.794291, 47.412299], [-120.794287, 47.41223], [-120.79428, 47.412162], [-120.794272, 47.412094], [-120.794263, 47.412025], [-120.794252, 47.411957], [-120.794242, 47.411889], [-120.79423, 47.411821], [-120.794218, 47.411752], [-120.794207, 47.411684], [-120.794195, 47.411616], [-120.794185, 47.411548], [-120.794175, 47.411479], [-120.794165, 47.411411], [-120.794154, 47.411343], [-120.794143, 47.411275], [-120.794132, 47.411207], [-120.794121, 47.411138], [-120.79411, 47.41107], [-120.794099, 47.411002], [-120.794088, 47.410934], [-120.794076, 47.410866], [-120.794065, 47.410798], [-120.794053, 47.41073], [-120.794042, 47.410662], [-120.79403, 47.410594], [-120.794019, 47.410526], [-120.794008, 47.410457], [-120.793998, 47.410389], [-120.793988, 47.410321], [-120.793979, 47.410252], [-120.79397, 47.410184], [-120.793961, 47.410115], [-120.793952, 47.410046], [-120.793944, 47.409977], [-120.793936, 47.409909], [-120.793927, 47.40984], [-120.793919, 47.409771], [-120.79391, 47.409702], [-120.793901, 47.409634], [-120.793893, 47.409565], [-120.793883, 47.409497], [-120.793873, 47.409428], [-120.793862, 47.40936], [-120.793851, 47.409292], [-120.793838, 47.409224], [-120.793825, 47.409156], [-120.793811, 47.409089], [-120.793796, 47.409021], [-120.79378, 47.408954], [-120.793763, 47.408887], [-120.793744, 47.40882], [-120.793724, 47.408754], [-120.793702, 47.408688], [-120.793674, 47.408623], [-120.79364, 47.408559], [-120.793599, 47.408496], [-120.793555, 47.408434], [-120.793505, 47.408373], [-120.793453, 47.408313], [-120.793398, 47.408254], [-120.793341, 47.408195], [-120.793284, 47.408139], [-120.793226, 47.408082], [-120.793166, 47.408028], [-120.793101, 47.407976], [-120.793033, 47.407925], [-120.792962, 47.407876], [-120.792891, 47.407827], [-120.792818, 47.407779], [-120.792745, 47.407731], [-120.792673, 47.407682], [-120.792603, 47.407632], [-120.792537, 47.40758], [-120.792474, 47.407527], [-120.792417, 47.407472], [-120.792368, 47.407412], [-120.792324, 47.40735], [-120.792282, 47.407288], [-120.79224, 47.407224], [-120.792196, 47.407162], [-120.792149, 47.407102], [-120.792096, 47.407043], [-120.792044, 47.406984], [-120.791992, 47.406924], [-120.791938, 47.406865], [-120.791884, 47.406807], [-120.791827, 47.406749], [-120.791766, 47.406694], [-120.791703, 47.406642], [-120.791635, 47.406592], [-120.791563, 47.406546], [-120.791488, 47.406501], [-120.79141, 47.406457], [-120.79133, 47.406415], [-120.791248, 47.406374], [-120.791163, 47.406335], [-120.791078, 47.406298], [-120.79099, 47.406262], [-120.790902, 47.406227], [-120.790814, 47.406194], [-120.790725, 47.406162], [-120.790635, 47.406132], [-120.790543, 47.406104], [-120.790451, 47.406077], [-120.790357, 47.406051], [-120.790262, 47.406026], [-120.790168, 47.406002], [-120.790073, 47.405978], [-120.789978, 47.405954], [-120.789883, 47.40593], [-120.789788, 47.405906], [-120.789694, 47.405881], [-120.7896, 47.405855], [-120.789507, 47.405828], [-120.789415, 47.4058], [-120.789324, 47.405771], [-120.789234, 47.40574], [-120.789143, 47.40571], [-120.789053, 47.405679], [-120.788963, 47.405648], [-120.788873, 47.405616], [-120.788783, 47.405584], [-120.788694, 47.405551], [-120.788605, 47.405518], [-120.788517, 47.405485], [-120.788429, 47.405451], [-120.788342, 47.405416], [-120.788255, 47.405381], [-120.788169, 47.405345], [-120.788084, 47.405309], [-120.788, 47.405271], [-120.787916, 47.405233], [-120.787833, 47.405195], [-120.787749, 47.405155], [-120.787665, 47.405114], [-120.787583, 47.405073], [-120.787515, 47.405038], [-120.787421, 47.404986], [-120.787342, 47.404941], [-120.787267, 47.404895], [-120.787194, 47.404847], [-120.787125, 47.404798], [-120.78706, 47.404747], [-120.787, 47.404694], [-120.786948, 47.404639], [-120.786908, 47.404578], [-120.786875, 47.404514], [-120.786848, 47.404443], [-120.786827, 47.404378], [-120.786805, 47.404309], [-120.786782, 47.40424], [-120.786753, 47.404173], [-120.786719, 47.404108], [-120.786682, 47.404045], [-120.786644, 47.403981], [-120.786604, 47.403918], [-120.786563, 47.403856], [-120.786522, 47.403793], [-120.78648, 47.40373], [-120.786437, 47.403668], [-120.786395, 47.403606], [-120.786351, 47.403544], [-120.786307, 47.403483], [-120.786262, 47.403421], [-120.786217, 47.40336], [-120.786171, 47.403299], [-120.786125, 47.403238], [-120.786079, 47.403177], [-120.786034, 47.403116], [-120.785989, 47.403054], [-120.785945, 47.402993], [-120.785901, 47.402931], [-120.785859, 47.402869], [-120.785816, 47.402806], [-120.785773, 47.402744], [-120.78573, 47.402681], [-120.785688, 47.402618], [-120.785647, 47.402555], [-120.785608, 47.402491], [-120.785574, 47.402427], [-120.785543, 47.402362], [-120.785518, 47.402297], [-120.7855, 47.40223], [-120.785489, 47.402162], [-120.785485, 47.402093], [-120.785484, 47.402024], [-120.785485, 47.401954], [-120.785485, 47.401885], [-120.785483, 47.401816], [-120.785476, 47.401747], [-120.785463, 47.40168], [-120.785442, 47.401614], [-120.785413, 47.401549], [-120.785379, 47.401485], [-120.785341, 47.401422], [-120.785298, 47.401359], [-120.785253, 47.401297], [-120.785205, 47.401235], [-120.785156, 47.401175], [-120.785107, 47.401114], [-120.785058, 47.401054], [-120.785005, 47.400996], [-120.784949, 47.400939], [-120.784891, 47.400883], [-120.784831, 47.400828], [-120.78477, 47.400773], [-120.78471, 47.400718], [-120.78465, 47.400663], [-120.784589, 47.400608], [-120.784528, 47.400553], [-120.784468, 47.400498], [-120.784405, 47.400444], [-120.784342, 47.400391], [-120.784279, 47.400337], [-120.784214, 47.400285], [-120.784149, 47.400232], [-120.784084, 47.400179], [-120.78402, 47.400126], [-120.783955, 47.400072], [-120.783891, 47.400019], [-120.783825, 47.399965], [-120.783759, 47.399913], [-120.783693, 47.399861], [-120.783625, 47.39981], [-120.783556, 47.39976], [-120.783485, 47.399712], [-120.783413, 47.399665], [-120.783339, 47.399621], [-120.78326, 47.39958], [-120.783173, 47.399544], [-120.783081, 47.399514], [-120.782984, 47.399489], [-120.782886, 47.399468], [-120.782787, 47.399451], [-120.782689, 47.399437], [-120.78259, 47.399426], [-120.78249, 47.399418], [-120.782389, 47.399412], [-120.782288, 47.399409], [-120.782186, 47.399407], [-120.782084, 47.399407], [-120.781983, 47.399407], [-120.781882, 47.399408], [-120.781782, 47.399411], [-120.781681, 47.399416], [-120.78158, 47.399422], [-120.78148, 47.399429], [-120.781379, 47.399437], [-120.781279, 47.399444], [-120.781178, 47.399452], [-120.781078, 47.399459], [-120.780978, 47.399467], [-120.780877, 47.399475], [-120.780777, 47.399483], [-120.780677, 47.399492], [-120.780577, 47.399501], [-120.780477, 47.39951], [-120.780377, 47.39952], [-120.780277, 47.399529], [-120.780177, 47.39954], [-120.780078, 47.399551], [-120.779978, 47.399563], [-120.779879, 47.399576], [-120.77978, 47.399588], [-120.779681, 47.399601], [-120.779581, 47.399614], [-120.779482, 47.399627], [-120.779383, 47.399641], [-120.779284, 47.399655], [-120.779185, 47.399669], [-120.779086, 47.399681], [-120.778987, 47.399693], [-120.778887, 47.399702], [-120.778787, 47.399709], [-120.778686, 47.399713], [-120.778585, 47.399716], [-120.778484, 47.399719], [-120.778383, 47.399722], [-120.778282, 47.399725], [-120.778181, 47.399729], [-120.77808, 47.399731], [-120.777979, 47.399734], [-120.777879, 47.399738], [-120.777778, 47.399742], [-120.777677, 47.399748], [-120.777576, 47.399753], [-120.777475, 47.399759], [-120.777374, 47.399766], [-120.777275, 47.399778], [-120.777177, 47.399794], [-120.777082, 47.399814], [-120.776986, 47.399836], [-120.776891, 47.39986], [-120.776796, 47.399884], [-120.776702, 47.39991], [-120.776608, 47.399935], [-120.776513, 47.39996], [-120.776419, 47.399984], [-120.776323, 47.400006], [-120.776227, 47.400026], [-120.77613, 47.400043], [-120.77603, 47.400051], [-120.775928, 47.400054], [-120.775827, 47.400053], [-120.775726, 47.40005], [-120.775626, 47.400038], [-120.775529, 47.400017], [-120.775434, 47.399993], [-120.775342, 47.399965], [-120.775256, 47.399929], [-120.775174, 47.39989], [-120.775095, 47.399847], [-120.775017, 47.399803], [-120.774941, 47.399757], [-120.774868, 47.39971], [-120.774801, 47.399658], [-120.774732, 47.399608], [-120.774657, 47.399563], [-120.774577, 47.399522], [-120.774494, 47.399482], [-120.774409, 47.399444], [-120.774323, 47.399408], [-120.774235, 47.399374], [-120.774147, 47.399341], [-120.774058, 47.399309], [-120.773969, 47.399277], [-120.773878, 47.399245], [-120.773788, 47.399215], [-120.773697, 47.399185], [-120.773605, 47.399157], [-120.773513, 47.399129], [-120.77342, 47.399103], [-120.773325, 47.399078], [-120.773229, 47.399055], [-120.773132, 47.399034], [-120.773034, 47.399017], [-120.772936, 47.399005], [-120.772835, 47.398995], [-120.772733, 47.398985], [-120.77263, 47.398976], [-120.772527, 47.398969], [-120.772425, 47.398966], [-120.772323, 47.398966], [-120.772224, 47.398972], [-120.772129, 47.398985], [-120.772036, 47.399005], [-120.771947, 47.399034], [-120.771861, 47.399068], [-120.771775, 47.399107], [-120.77169, 47.399147], [-120.771605, 47.399188], [-120.771519, 47.399226], [-120.77143, 47.39926], [-120.771341, 47.399292], [-120.771252, 47.399326], [-120.771162, 47.399358], [-120.771071, 47.399389], [-120.770978, 47.399416], [-120.770883, 47.399438], [-120.770786, 47.399456], [-120.770689, 47.399472], [-120.77059, 47.399489], [-120.770491, 47.399505], [-120.770393, 47.399521], [-120.770293, 47.399537], [-120.770194, 47.399553], [-120.770094, 47.399568], [-120.769994, 47.399583], [-120.769894, 47.399596], [-120.769794, 47.39961], [-120.769694, 47.399622], [-120.769594, 47.399634], [-120.769494, 47.399644], [-120.769394, 47.399654], [-120.769294, 47.399662], [-120.769195, 47.39967], [-120.769096, 47.399676], [-120.768997, 47.39968], [-120.768898, 47.399683], [-120.7688, 47.399679], [-120.768703, 47.399665], [-120.768606, 47.399644], [-120.768509, 47.399619], [-120.768414, 47.399589], [-120.76832, 47.399559], [-120.768227, 47.399529], [-120.768136, 47.399499], [-120.768047, 47.399468], [-120.767959, 47.399435], [-120.767872, 47.3994], [-120.767786, 47.399364], [-120.7677, 47.399328], [-120.767614, 47.399291], [-120.767528, 47.399256], [-120.76744, 47.399221], [-120.767353, 47.399187], [-120.767265, 47.399153], [-120.767183, 47.399121], [-120.76709, 47.399085], [-120.767002, 47.399051], [-120.766914, 47.399017], [-120.766826, 47.398984], [-120.766737, 47.398951], [-120.766648, 47.398919], [-120.766558, 47.398888], [-120.766468, 47.398856], [-120.766378, 47.398826], [-120.766288, 47.398796], [-120.766197, 47.398765], [-120.766106, 47.398735], [-120.766016, 47.398704], [-120.765926, 47.398673], [-120.765837, 47.398641], [-120.765748, 47.398609], [-120.76566, 47.398575], [-120.765574, 47.398539], [-120.765489, 47.398501], [-120.765404, 47.398463], [-120.765319, 47.398425], [-120.765234, 47.398388], [-120.765148, 47.398351], [-120.765061, 47.398317], [-120.764973, 47.398284], [-120.764882, 47.398255], [-120.76479, 47.398229], [-120.764696, 47.398204], [-120.764601, 47.398181], [-120.764505, 47.398158], [-120.764408, 47.398137], [-120.764311, 47.398118], [-120.764213, 47.3981], [-120.764114, 47.398083], [-120.764016, 47.398067], [-120.763917, 47.398053], [-120.763818, 47.39804], [-120.763719, 47.398029], [-120.76362, 47.398022], [-120.763519, 47.398019], [-120.763418, 47.398019], [-120.763317, 47.398021], [-120.763215, 47.398023], [-120.763113, 47.398026], [-120.763012, 47.398026], [-120.762911, 47.398024], [-120.762811, 47.398019], [-120.76271, 47.398012], [-120.76261, 47.398003], [-120.76251, 47.397993], [-120.76241, 47.397981], [-120.762311, 47.397967], [-120.762213, 47.397951], [-120.762116, 47.397933], [-120.76202, 47.397912], [-120.761926, 47.397888], [-120.761831, 47.397863], [-120.761737, 47.397837], [-120.761643, 47.397813], [-120.761548, 47.397789], [-120.761453, 47.397766], [-120.761358, 47.397742], [-120.761263, 47.397718], [-120.761168, 47.397696], [-120.761073, 47.397674], [-120.760977, 47.397653], [-120.76088, 47.397633], [-120.760782, 47.397614], [-120.760685, 47.397596], [-120.760586, 47.39758], [-120.760487, 47.397566], [-120.760388, 47.397557], [-120.760288, 47.39755], [-120.760187, 47.397546], [-120.760086, 47.397543], [-120.759985, 47.397541], [-120.759884, 47.397541], [-120.759783, 47.397541], [-120.759682, 47.397541], [-120.759581, 47.397541], [-120.75948, 47.397541], [-120.759378, 47.397541], [-120.759277, 47.397541], [-120.759176, 47.397544], [-120.759076, 47.397549], [-120.758976, 47.397558], [-120.758877, 47.39757], [-120.758778, 47.397583], [-120.758679, 47.397598], [-120.758581, 47.397614], [-120.758482, 47.39763], [-120.758384, 47.397645], [-120.758285, 47.39766], [-120.758186, 47.397677], [-120.758088, 47.397696], [-120.757989, 47.397715], [-120.757891, 47.397733], [-120.757793, 47.397749], [-120.757694, 47.397761], [-120.757595, 47.397769], [-120.757496, 47.397771], [-120.757391, 47.397766], [-120.757286, 47.397756], [-120.757184, 47.397738], [-120.757092, 47.397711], [-120.757012, 47.397674], [-120.756941, 47.397629], [-120.756875, 47.397579], [-120.756813, 47.397524], [-120.756756, 47.397465], [-120.756702, 47.397404], [-120.756652, 47.397341], [-120.756605, 47.39728], [-120.756563, 47.397218], [-120.756525, 47.397154], [-120.756492, 47.397089], [-120.756462, 47.397023], [-120.756433, 47.396956], [-120.756405, 47.396889], [-120.756377, 47.396822], [-120.756346, 47.396756], [-120.756313, 47.396692], [-120.756275, 47.396629], [-120.756232, 47.396568], [-120.756183, 47.39651], [-120.756128, 47.396453], [-120.756068, 47.396399], [-120.756005, 47.396346], [-120.755937, 47.396294], [-120.755867, 47.396244], [-120.755795, 47.396195], [-120.75572, 47.396147], [-120.755644, 47.3961], [-120.755568, 47.396054], [-120.75549, 47.396009], [-120.755414, 47.395966], [-120.755336, 47.395923], [-120.755256, 47.395881], [-120.755174, 47.39584], [-120.755091, 47.3958], [-120.755008, 47.395762], [-120.754923, 47.395724], [-120.754837, 47.395687], [-120.75475, 47.395651], [-120.754663, 47.395617], [-120.754575, 47.395583], [-120.754486, 47.395551], [-120.754397, 47.39552], [-120.754306, 47.39549], [-120.754215, 47.395461], [-120.754122, 47.395434], [-120.754029, 47.395407], [-120.753935, 47.395382], [-120.75384, 47.395357], [-120.753745, 47.395332], [-120.753651, 47.395308], [-120.753556, 47.395285], [-120.753461, 47.395262], [-120.753365, 47.395241], [-120.753268, 47.395222], [-120.75317, 47.395205], [-120.753071, 47.395189], [-120.752973, 47.395172], [-120.752876, 47.395154], [-120.752779, 47.395134], [-120.752685, 47.395111], [-120.752591, 47.395086], [-120.752498, 47.39506], [-120.752405, 47.395032], [-120.752313, 47.395005], [-120.752221, 47.394976], [-120.752129, 47.394947], [-120.752037, 47.394918], [-120.751946, 47.394889], [-120.751854, 47.394861], [-120.751762, 47.394832], [-120.751671, 47.394802], [-120.751581, 47.39477], [-120.75149, 47.394741], [-120.751395, 47.394719], [-120.751296, 47.39471], [-120.751194, 47.394705], [-120.751094, 47.394693], [-120.750997, 47.394675], [-120.7509, 47.394656], [-120.750803, 47.394636], [-120.750707, 47.394616], [-120.750611, 47.394594], [-120.750516, 47.394571], [-120.750421, 47.394548], [-120.750326, 47.394524], [-120.750232, 47.394499], [-120.750138, 47.394474], [-120.750045, 47.394448], [-120.749952, 47.394422], [-120.749859, 47.394395], [-120.749766, 47.394369], [-120.749672, 47.394342], [-120.749579, 47.394316], [-120.749485, 47.39429], [-120.749391, 47.394265], [-120.749297, 47.394241], [-120.749202, 47.394217], [-120.749107, 47.394194], [-120.749012, 47.394171], [-120.748917, 47.394148], [-120.748822, 47.394125], [-120.748727, 47.394102], [-120.748632, 47.394079], [-120.748537, 47.394056], [-120.748443, 47.394032], [-120.748348, 47.394008], [-120.748254, 47.393983], [-120.748162, 47.393956], [-120.748069, 47.393927], [-120.747977, 47.393898], [-120.747884, 47.393869], [-120.747792, 47.393841], [-120.747698, 47.393815], [-120.747604, 47.393793], [-120.747508, 47.393775], [-120.747409, 47.393762], [-120.747309, 47.393755], [-120.747207, 47.393751], [-120.747105, 47.39375], [-120.747003, 47.393751], [-120.746902, 47.393752], [-120.746802, 47.393753], [-120.7467, 47.393754], [-120.746599, 47.393756], [-120.746498, 47.393758], [-120.746396, 47.393761], [-120.746295, 47.393765], [-120.746195, 47.393771], [-120.746095, 47.393778], [-120.745995, 47.393787], [-120.745895, 47.393798], [-120.745797, 47.393811], [-120.745698, 47.393825], [-120.7456, 47.39384], [-120.745502, 47.393857], [-120.745404, 47.393874], [-120.745307, 47.393892], [-120.74521, 47.39391], [-120.745112, 47.393929], [-120.745014, 47.393948], [-120.744917, 47.393966], [-120.744819, 47.393984], [-120.744722, 47.394001], [-120.744624, 47.394018], [-120.744525, 47.394036], [-120.744426, 47.394058], [-120.744327, 47.39408], [-120.744227, 47.394101], [-120.744129, 47.39412], [-120.74403, 47.394133], [-120.743932, 47.394139], [-120.743834, 47.394137], [-120.743738, 47.394127], [-120.743642, 47.394113], [-120.743546, 47.394096], [-120.74345, 47.394076], [-120.743355, 47.394055], [-120.743259, 47.394031], [-120.743164, 47.394006], [-120.743069, 47.393979], [-120.742974, 47.393953], [-120.742879, 47.393925], [-120.742785, 47.393898], [-120.74269, 47.393872], [-120.742595, 47.393846], [-120.742501, 47.393821], [-120.742407, 47.393795], [-120.742315, 47.393767], [-120.742223, 47.393737], [-120.742131, 47.393709], [-120.742038, 47.393682], [-120.741943, 47.39366], [-120.741846, 47.393643], [-120.741746, 47.39363], [-120.741645, 47.393621], [-120.741543, 47.393614], [-120.741441, 47.393607], [-120.74134, 47.393599], [-120.74124, 47.393588], [-120.741144, 47.393572], [-120.741052, 47.393549], [-120.74097, 47.393511], [-120.740894, 47.393462], [-120.740819, 47.393412], [-120.740739, 47.39337], [-120.740649, 47.393344], [-120.740554, 47.393324], [-120.740455, 47.393308], [-120.740356, 47.393296], [-120.740254, 47.393286], [-120.740151, 47.393279], [-120.740049, 47.393275], [-120.739948, 47.393274], [-120.739848, 47.393276], [-120.739747, 47.393279], [-120.739647, 47.393285], [-120.739547, 47.393292], [-120.739447, 47.3933], [-120.739347, 47.393309], [-120.739246, 47.393319], [-120.739146, 47.393329], [-120.739046, 47.39334], [-120.738946, 47.39335], [-120.738845, 47.393361], [-120.738745, 47.39337], [-120.738645, 47.393379], [-120.738545, 47.393389], [-120.738445, 47.393398], [-120.738345, 47.393407], [-120.738245, 47.393417], [-120.738146, 47.393427], [-120.738046, 47.393438], [-120.737946, 47.393449], [-120.737847, 47.393461], [-120.73781, 47.393466], [-120.737748, 47.393474], [-120.737649, 47.393487], [-120.73755, 47.393501], [-120.737451, 47.393515], [-120.737352, 47.393529], [-120.737253, 47.393544], [-120.737155, 47.393558], [-120.737056, 47.393573], [-120.736957, 47.393587], [-120.736859, 47.393601], [-120.73676, 47.393615], [-120.736661, 47.393628], [-120.736562, 47.393642], [-120.736463, 47.393655], [-120.736364, 47.393669], [-120.736265, 47.393683], [-120.736166, 47.393697], [-120.736066, 47.39371], [-120.735967, 47.393723], [-120.735868, 47.393735], [-120.735768, 47.393745], [-120.735668, 47.393755], [-120.735568, 47.393764], [-120.735468, 47.393771], [-120.735366, 47.393779], [-120.735263, 47.393787], [-120.73516, 47.393795], [-120.735057, 47.393801], [-120.734954, 47.393805], [-120.734852, 47.393808], [-120.734751, 47.393807], [-120.734652, 47.393803], [-120.734555, 47.393795], [-120.734461, 47.393783], [-120.734374, 47.393755], [-120.734294, 47.393715], [-120.734217, 47.393665], [-120.734143, 47.393614], [-120.734067, 47.393565], [-120.73399, 47.393521], [-120.733913, 47.393476], [-120.733836, 47.393431], [-120.73376, 47.393386], [-120.733684, 47.393341], [-120.733608, 47.393297], [-120.733531, 47.393252], [-120.733453, 47.393208], [-120.733375, 47.393165], [-120.733294, 47.393124], [-120.733212, 47.393083], [-120.73313, 47.393043], [-120.733048, 47.393002], [-120.732967, 47.392961], [-120.732888, 47.392919], [-120.732811, 47.392875], [-120.732737, 47.392829], [-120.732666, 47.39278], [-120.732596, 47.392731], [-120.732529, 47.392679], [-120.732463, 47.392627], [-120.7324, 47.392573], [-120.732339, 47.392518], [-120.73228, 47.392461], [-120.732224, 47.392405], [-120.732171, 47.392347], [-120.732119, 47.392288], [-120.73207, 47.392226], [-120.732025, 47.392164], [-120.731986, 47.3921], [-120.731953, 47.392035], [-120.731929, 47.391969], [-120.731914, 47.391902], [-120.731911, 47.391832], [-120.731918, 47.39176], [-120.731928, 47.391687], [-120.731941, 47.391614], [-120.731951, 47.391542], [-120.731957, 47.391472], [-120.731953, 47.391404], [-120.731938, 47.391341], [-120.731907, 47.391282], [-120.73186, 47.391228], [-120.731804, 47.391176], [-120.731739, 47.391127], [-120.731668, 47.391081], [-120.73159, 47.391036], [-120.731508, 47.390992], [-120.731422, 47.390951], [-120.731334, 47.39091], [-120.731245, 47.39087], [-120.731156, 47.390831], [-120.731069, 47.390792], [-120.730983, 47.390753], [-120.7309, 47.390715], [-120.730813, 47.39068], [-120.730723, 47.390647], [-120.730632, 47.390615], [-120.73054, 47.390585], [-120.730448, 47.390554], [-120.730356, 47.390524], [-120.730266, 47.390492], [-120.730178, 47.39046], [-120.730093, 47.390424], [-120.730011, 47.390387], [-120.729934, 47.390345], [-120.729872, 47.390292], [-120.729822, 47.39023], [-120.729777, 47.390166], [-120.729729, 47.390103], [-120.729672, 47.390047], [-120.729599, 47.390003], [-120.729517, 47.389965], [-120.729429, 47.389931], [-120.729337, 47.389901], [-120.729242, 47.389872], [-120.729147, 47.389845], [-120.729052, 47.389816], [-120.728961, 47.389786], [-120.728873, 47.389752], [-120.728841, 47.389738], [-120.728792, 47.389715], [-120.728719, 47.389671], [-120.728665, 47.389616], [-120.728621, 47.389552], [-120.728581, 47.389487], [-120.728536, 47.389423], [-120.72848, 47.389366], [-120.728419, 47.389312], [-120.728357, 47.389257], [-120.728294, 47.389204], [-120.72823, 47.38915], [-120.728164, 47.389098], [-120.728096, 47.389046], [-120.728028, 47.388996], [-120.727958, 47.388947], [-120.727885, 47.388899], [-120.727811, 47.388853], [-120.727733, 47.38881], [-120.727652, 47.388769], [-120.727569, 47.388729], [-120.727484, 47.388691], [-120.727399, 47.388653], [-120.727314, 47.388615], [-120.72723, 47.388577], [-120.727147, 47.388537], [-120.727067, 47.388496], [-120.726991, 47.388452], [-120.726919, 47.388406], [-120.726849, 47.388355], [-120.726784, 47.388302], [-120.726724, 47.388245], [-120.72667, 47.388185], [-120.726623, 47.388124], [-120.726582, 47.388062], [-120.726548, 47.387998], [-120.726515, 47.387933], [-120.726484, 47.387865], [-120.726456, 47.387797], [-120.726432, 47.387729], [-120.726412, 47.38766], [-120.726398, 47.387591], [-120.72639, 47.387524], [-120.72639, 47.387457], [-120.726398, 47.387391], [-120.72642, 47.387327], [-120.726454, 47.387264], [-120.726496, 47.387201], [-120.726544, 47.387139], [-120.726594, 47.387077], [-120.726644, 47.387014], [-120.72669, 47.386951], [-120.726729, 47.386888], [-120.726768, 47.386825], [-120.726808, 47.386762], [-120.726846, 47.386699], [-120.726885, 47.386635], [-120.726935, 47.386551], [-120.726961, 47.386508], [-120.726998, 47.386445], [-120.727036, 47.386381], [-120.727074, 47.386317], [-120.727111, 47.386254], [-120.727149, 47.38619], [-120.727185, 47.386126], [-120.727219, 47.386062], [-120.727251, 47.385997], [-120.72728, 47.385931], [-120.727307, 47.385865], [-120.727333, 47.385799], [-120.727359, 47.385733], [-120.727383, 47.385666], [-120.727407, 47.385599], [-120.727431, 47.385533], [-120.727454, 47.385466], [-120.727478, 47.3854], [-120.727502, 47.385333], [-120.727526, 47.385266], [-120.727551, 47.3852], [-120.727575, 47.385133], [-120.727598, 47.385066], [-120.727622, 47.385], [-120.727645, 47.384933], [-120.727669, 47.384866], [-120.727694, 47.3848], [-120.72772, 47.384734], [-120.727747, 47.384668], [-120.72779, 47.384602], [-120.727845, 47.384537], [-120.727887, 47.384473], [-120.727889, 47.384413], [-120.727854, 47.384354], [-120.727803, 47.384296], [-120.727739, 47.384239], [-120.727667, 47.384184], [-120.727592, 47.384134], [-120.727516, 47.384089], [-120.72743, 47.384054], [-120.727336, 47.384026], [-120.72724, 47.383999], [-120.727151, 47.383967], [-120.727073, 47.383925], [-120.726998, 47.383877], [-120.72696, 47.38385], [-120.726927, 47.383826], [-120.726864, 47.383771], [-120.726813, 47.383712], [-120.726775, 47.38365], [-120.726742, 47.383584], [-120.726715, 47.383515], [-120.726696, 47.383445], [-120.726687, 47.383376], [-120.726688, 47.383309], [-120.726706, 47.383245], [-120.726754, 47.383186], [-120.726817, 47.383129], [-120.72688, 47.38307], [-120.726924, 47.383009], [-120.726944, 47.382943], [-120.726968, 47.382876], [-120.726969, 47.382832], [-120.726971, 47.382603], [-120.726992, 47.382534], [-120.726996, 47.382464], [-120.727, 47.382395], [-120.727006, 47.382327], [-120.727013, 47.382258], [-120.727023, 47.382189], [-120.727036, 47.382122], [-120.727053, 47.382054], [-120.727071, 47.381987], [-120.727091, 47.38192], [-120.727112, 47.381852], [-120.727134, 47.381785], [-120.727153, 47.381718], [-120.727173, 47.381651], [-120.727194, 47.381584], [-120.727214, 47.381516], [-120.727233, 47.381449], [-120.727247, 47.381381], [-120.727255, 47.381313], [-120.72726, 47.381245], [-120.727264, 47.381176], [-120.727265, 47.381107], [-120.727265, 47.381039], [-120.727263, 47.38097], [-120.727261, 47.380902], [-120.727257, 47.380833], [-120.727246, 47.380764], [-120.727225, 47.380697], [-120.727197, 47.380632], [-120.727169, 47.380565], [-120.72714, 47.380498], [-120.72711, 47.380432], [-120.727076, 47.380367], [-120.727037, 47.380303], [-120.726992, 47.380242], [-120.726946, 47.380183], [-120.72689, 47.380127], [-120.72683, 47.380073], [-120.726764, 47.380021], [-120.726696, 47.37997], [-120.726625, 47.37992], [-120.726553, 47.379871], [-120.726482, 47.379821], [-120.726412, 47.379772], [-120.726343, 47.379722], [-120.726271, 47.379673], [-120.726198, 47.379625], [-120.726125, 47.379578], [-120.726055, 47.379529], [-120.725989, 47.379477], [-120.725927, 47.379423], [-120.72587, 47.379367], [-120.725815, 47.379309], [-120.725764, 47.379249], [-120.725716, 47.379189], [-120.725671, 47.379128], [-120.725634, 47.379064], [-120.7256, 47.378999], [-120.725567, 47.378934], [-120.725532, 47.37887], [-120.725491, 47.378807], [-120.725444, 47.378747], [-120.725392, 47.378688], [-120.72534, 47.378629], [-120.725292, 47.378569], [-120.725247, 47.378508], [-120.725203, 47.378446], [-120.72516, 47.378384], [-120.725116, 47.378322], [-120.725073, 47.37826], [-120.725029, 47.378198], [-120.724985, 47.378137], [-120.724937, 47.378076], [-120.724888, 47.378016], [-120.724837, 47.377957], [-120.724786, 47.377898], [-120.724737, 47.377838], [-120.724689, 47.377778], [-120.724645, 47.377716], [-120.724602, 47.377654], [-120.724559, 47.377591], [-120.724519, 47.377528], [-120.724482, 47.377464], [-120.724449, 47.3774], [-120.724421, 47.377334], [-120.724399, 47.377267], [-120.72438, 47.3772], [-120.724362, 47.377133], [-120.724346, 47.377065], [-120.724331, 47.376997], [-120.724318, 47.376929], [-120.724305, 47.376861], [-120.724292, 47.376792], [-120.724279, 47.376724], [-120.724266, 47.376656], [-120.724253, 47.376587], [-120.724239, 47.37652], [-120.724223, 47.376452], [-120.724206, 47.376385], [-120.724187, 47.376318], [-120.724166, 47.376251], [-120.724132, 47.376188], [-120.724081, 47.376128], [-120.724024, 47.37607], [-120.723972, 47.376011], [-120.72392, 47.375952], [-120.723866, 47.375893], [-120.723812, 47.375834], [-120.723761, 47.375775], [-120.723713, 47.375715], [-120.723672, 47.375653], [-120.723639, 47.375589], [-120.723614, 47.375523], [-120.723596, 47.375456], [-120.72358, 47.375388], [-120.723568, 47.375322], [-120.723554, 47.37525], [-120.72354, 47.375182], [-120.723534, 47.375114], [-120.723531, 47.375081], [-120.723474, 47.374998], [-120.723428, 47.374936], [-120.723381, 47.374875], [-120.723335, 47.374813], [-120.723291, 47.374751], [-120.723252, 47.374688], [-120.723218, 47.374624], [-120.723192, 47.374558], [-120.723172, 47.374492], [-120.723154, 47.374425], [-120.723137, 47.374357], [-120.723122, 47.374289], [-120.723109, 47.374221], [-120.723096, 47.374152], [-120.723085, 47.374084], [-120.723075, 47.374015], [-120.723067, 47.373946], [-120.72306, 47.373877], [-120.723055, 47.373808], [-120.723052, 47.373761], [-120.723046, 47.373586], [-120.723047, 47.373467], [-120.72306, 47.3734], [-120.723099, 47.373302], [-120.723177, 47.373146], [-120.723208, 47.373069], [-120.723228, 47.372994], [-120.723239, 47.372931], [-120.723239, 47.372862], [-120.723218, 47.372797], [-120.723176, 47.37273], [-120.723134, 47.372674], [-120.723093, 47.372628], [-120.723036, 47.372569], [-120.722963, 47.3725], [-120.7229, 47.372447], [-120.72278, 47.372376], [-120.722638, 47.372291], [-120.722504, 47.372209], [-120.722412, 47.372151], [-120.72233, 47.372101], [-120.722189, 47.372014], [-120.722125, 47.371976], [-120.722042, 47.37193], [-120.72195, 47.371878], [-120.721892, 47.371841], [-120.721844, 47.371808], [-120.721783, 47.371754], [-120.721735, 47.371693], [-120.721692, 47.371605], [-120.721665, 47.37153], [-120.721633, 47.371428], [-120.721588, 47.371294], [-120.721558, 47.371228], [-120.721499, 47.371124], [-120.721374, 47.370906], [-120.721331, 47.370793], [-120.72132, 47.370697], [-120.721369, 47.370364], [-120.721362, 47.370291], [-120.721345, 47.370228], [-120.721311, 47.37016], [-120.72126, 47.3701], [-120.721114, 47.370001], [-120.720967, 47.369917], [-120.720764, 47.369814], [-120.720551, 47.369717], [-120.720381, 47.369643], [-120.720134, 47.369543], [-120.719679, 47.369373], [-120.71889, 47.369065], [-120.718808, 47.369023], [-120.718726, 47.368981], [-120.718644, 47.368939], [-120.71856, 47.368901], [-120.718474, 47.368867], [-120.718384, 47.36884], [-120.71829, 47.368819], [-120.718194, 47.368804], [-120.718095, 47.368794], [-120.717995, 47.368786], [-120.717893, 47.368781], [-120.717791, 47.368777], [-120.717689, 47.368774], [-120.717586, 47.368769], [-120.717485, 47.368763], [-120.717385, 47.368754], [-120.717285, 47.368743], [-120.717185, 47.368731], [-120.717086, 47.368717], [-120.716988, 47.368702], [-120.716891, 47.368684], [-120.716794, 47.368665], [-120.716698, 47.368645], [-120.716601, 47.368624], [-120.716505, 47.368603], [-120.71641, 47.368581], [-120.716315, 47.368558], [-120.716219, 47.368535], [-120.716124, 47.368512], [-120.71603, 47.368489], [-120.715935, 47.368464], [-120.715841, 47.36844], [-120.715748, 47.368414], [-120.715654, 47.368389], [-120.71556, 47.368364], [-120.715466, 47.368338], [-120.715372, 47.368313], [-120.715278, 47.368288], [-120.715185, 47.368262], [-120.715091, 47.368236], [-120.714998, 47.368209], [-120.714905, 47.368182], [-120.714811, 47.368156], [-120.714717, 47.368131], [-120.714622, 47.368108], [-120.714527, 47.368086], [-120.71443, 47.368068], [-120.714333, 47.368053], [-120.714234, 47.368041], [-120.714134, 47.368031], [-120.714033, 47.368024], [-120.713933, 47.368017], [-120.713832, 47.368011], [-120.713731, 47.368005], [-120.71363, 47.367998], [-120.71353, 47.367989], [-120.71343, 47.367979], [-120.713331, 47.367966], [-120.713232, 47.367953], [-120.713133, 47.367938], [-120.713035, 47.367924], [-120.712936, 47.367909], [-120.712837, 47.367895], [-120.712739, 47.367881], [-120.71264, 47.367868], [-120.71254, 47.367856], [-120.71244, 47.367848], [-120.712338, 47.367844], [-120.712235, 47.367841], [-120.712134, 47.367837], [-120.712033, 47.367831], [-120.711935, 47.36782], [-120.71184, 47.367801], [-120.711743, 47.367778], [-120.711647, 47.367751], [-120.711553, 47.367721], [-120.711462, 47.367686], [-120.711378, 47.367647], [-120.711303, 47.367604], [-120.711239, 47.367555], [-120.711188, 47.367499], [-120.711146, 47.367437], [-120.711111, 47.367371], [-120.711077, 47.367304], [-120.711041, 47.367237], [-120.710999, 47.367174], [-120.710947, 47.367116], [-120.710886, 47.367062], [-120.710818, 47.367011], [-120.710748, 47.366961], [-120.710696, 47.366923], [-120.710679, 47.36691], [-120.710615, 47.366857], [-120.710559, 47.3668], [-120.710509, 47.366741], [-120.710463, 47.366679], [-120.71042, 47.366617], [-120.710378, 47.366555], [-120.710338, 47.366491], [-120.710304, 47.366427], [-120.710277, 47.366361], [-120.710262, 47.366292], [-120.710254, 47.36622], [-120.710248, 47.366148], [-120.71024, 47.366078], [-120.710222, 47.366011], [-120.710191, 47.365951], [-120.710138, 47.365899], [-120.710065, 47.365855], [-120.709976, 47.365817], [-120.70988, 47.365784], [-120.709783, 47.365755], [-120.70969, 47.365729], [-120.709593, 47.365712], [-120.709492, 47.365699], [-120.709391, 47.365687], [-120.709294, 47.36567], [-120.709202, 47.365643], [-120.709117, 47.365608], [-120.709034, 47.365567], [-120.708952, 47.365526], [-120.708869, 47.365487], [-120.708789, 47.365445], [-120.708707, 47.365404], [-120.708623, 47.365367], [-120.708533, 47.365336], [-120.708438, 47.365311], [-120.708341, 47.365292], [-120.708242, 47.365284], [-120.708141, 47.365285], [-120.708039, 47.365293], [-120.707939, 47.365302], [-120.707839, 47.365313], [-120.70774, 47.365326], [-120.707642, 47.365341], [-120.707544, 47.365358], [-120.707448, 47.36538], [-120.707352, 47.3654], [-120.707253, 47.365413], [-120.707153, 47.365424], [-120.707052, 47.365432], [-120.706952, 47.365437], [-120.706851, 47.36544], [-120.70675, 47.365441], [-120.706649, 47.365441], [-120.706549, 47.365443], [-120.706448, 47.365445], [-120.706346, 47.365447], [-120.706245, 47.36545], [-120.706145, 47.365457], [-120.706047, 47.365471], [-120.70595, 47.36549], [-120.705854, 47.365511], [-120.705751, 47.365534], [-120.705661, 47.365554], [-120.705564, 47.365572], [-120.705466, 47.365586], [-120.705366, 47.365596], [-120.705265, 47.365603], [-120.705165, 47.365607], [-120.705063, 47.36561], [-120.704962, 47.365613], [-120.704861, 47.365615], [-120.704761, 47.365615], [-120.70466, 47.365612], [-120.704559, 47.365605], [-120.704459, 47.365594], [-120.70436, 47.36558], [-120.70426, 47.365565], [-120.704161, 47.365552], [-120.704061, 47.365544], [-120.703962, 47.365542], [-120.703862, 47.365546], [-120.703762, 47.365553], [-120.703663, 47.365564], [-120.703563, 47.365576], [-120.703463, 47.365589], [-120.703363, 47.365602], [-120.703264, 47.365615], [-120.703164, 47.365627], [-120.703007, 47.365629], [-120.702907, 47.365631], [-120.702806, 47.365633], [-120.702705, 47.365634], [-120.702604, 47.365637], [-120.702503, 47.365641], [-120.702402, 47.365643], [-120.702301, 47.365643], [-120.702201, 47.365639], [-120.7021, 47.365632], [-120.701999, 47.365623], [-120.7019, 47.365611], [-120.701802, 47.365595], [-120.701708, 47.365572], [-120.701617, 47.365541], [-120.701527, 47.36551], [-120.701433, 47.365485], [-120.701335, 47.365468], [-120.701236, 47.365455], [-120.701137, 47.365441], [-120.701039, 47.365425], [-120.700941, 47.365408], [-120.700843, 47.36539], [-120.700748, 47.365369], [-120.700652, 47.365345], [-120.700556, 47.365322], [-120.700462, 47.365296], [-120.700371, 47.365267], [-120.700284, 47.365232], [-120.700204, 47.365192], [-120.700128, 47.365147], [-120.700055, 47.3651], [-120.699982, 47.365052], [-120.699911, 47.365002], [-120.699839, 47.364954], [-120.699765, 47.364907], [-120.699688, 47.364863], [-120.699603, 47.364828], [-120.699507, 47.364803], [-120.699414, 47.364776], [-120.699332, 47.364737], [-120.699256, 47.364692], [-120.699184, 47.364643], [-120.699113, 47.364594], [-120.699042, 47.364546], [-120.698971, 47.364497], [-120.698901, 47.364447], [-120.698831, 47.364397], [-120.698762, 47.364347], [-120.698692, 47.364297], [-120.698622, 47.364248], [-120.698551, 47.364199], [-120.698479, 47.364152], [-120.698405, 47.364105], [-120.69833, 47.36406], [-120.698248, 47.36402], [-120.69816, 47.363985], [-120.698068, 47.363953], [-120.697979, 47.363919], [-120.697895, 47.363882], [-120.697823, 47.363837], [-120.697767, 47.363782], [-120.697723, 47.36372], [-120.697682, 47.363655], [-120.697637, 47.363593], [-120.697583, 47.363534], [-120.697527, 47.363477], [-120.697466, 47.363423], [-120.697395, 47.363375], [-120.69731, 47.363337], [-120.697224, 47.3633], [-120.697148, 47.363255], [-120.697086, 47.363199], [-120.697029, 47.363138], [-120.696966, 47.363084], [-120.696891, 47.363047], [-120.696797, 47.363032], [-120.696693, 47.363031], [-120.696587, 47.36303], [-120.696487, 47.363021], [-120.696388, 47.363005], [-120.696292, 47.362983], [-120.6962, 47.362955], [-120.696109, 47.362925], [-120.696021, 47.362892], [-120.695936, 47.362855], [-120.695853, 47.362815], [-120.695772, 47.362773], [-120.695693, 47.362729], [-120.695619, 47.362682], [-120.695552, 47.362632], [-120.695494, 47.362577], [-120.695448, 47.362516], [-120.695407, 47.362452], [-120.695367, 47.362388], [-120.695319, 47.362327], [-120.695261, 47.362272], [-120.695195, 47.362221], [-120.695125, 47.362172], [-120.695051, 47.362124], [-120.694975, 47.362078], [-120.694896, 47.362035], [-120.694815, 47.361993], [-120.694734, 47.361953], [-120.694649, 47.361917], [-120.694561, 47.361884], [-120.69447, 47.361853], [-120.694379, 47.361823], [-120.694288, 47.361793], [-120.694197, 47.361762], [-120.694108, 47.36173], [-120.694019, 47.361698], [-120.69393, 47.361666], [-120.693841, 47.361633], [-120.693753, 47.361599], [-120.693667, 47.361563], [-120.693584, 47.361525], [-120.693501, 47.361485], [-120.69342, 47.361442], [-120.693343, 47.361398], [-120.693271, 47.36135], [-120.693207, 47.361298], [-120.693147, 47.361243], [-120.693092, 47.361186], [-120.693038, 47.361128], [-120.692988, 47.361068], [-120.692938, 47.361008], [-120.692889, 47.360947], [-120.692841, 47.360887], [-120.692795, 47.360826], [-120.69275, 47.360765], [-120.692706, 47.360703], [-120.692655, 47.360628], [-120.692621, 47.360579], [-120.692579, 47.360516], [-120.692538, 47.360454], [-120.692498, 47.360391], [-120.692459, 47.360328], [-120.69242, 47.360264], [-120.692381, 47.360201], [-120.69234, 47.360138], [-120.692296, 47.360077], [-120.69225, 47.360016], [-120.692202, 47.359955], [-120.692155, 47.359894], [-120.692112, 47.359832], [-120.692073, 47.359769], [-120.692042, 47.359711], [-120.692008, 47.35964], [-120.69198, 47.359574], [-120.691953, 47.359508], [-120.691927, 47.359442], [-120.691903, 47.359375], [-120.69188, 47.359308], [-120.691858, 47.359241], [-120.691837, 47.359174], [-120.691815, 47.359107], [-120.691797, 47.35904], [-120.691785, 47.358972], [-120.691776, 47.358903], [-120.691766, 47.358835], [-120.691761, 47.358766], [-120.691752, 47.358698], [-120.691726, 47.358632], [-120.691699, 47.358566], [-120.691671, 47.3585], [-120.691642, 47.358434], [-120.691612, 47.358369], [-120.691583, 47.358303], [-120.691554, 47.358237], [-120.691525, 47.358172], [-120.691498, 47.358106], [-120.691473, 47.358039], [-120.691454, 47.357972], [-120.691438, 47.357904], [-120.691422, 47.357837], [-120.6914, 47.35777], [-120.691372, 47.357704], [-120.691344, 47.357638], [-120.691318, 47.357571], [-120.691294, 47.357504], [-120.691268, 47.357438], [-120.691236, 47.357373], [-120.691197, 47.35731], [-120.691154, 47.357247], [-120.691106, 47.357185], [-120.691051, 47.357127], [-120.690986, 47.357076], [-120.690909, 47.357035], [-120.690821, 47.357002], [-120.690728, 47.356973], [-120.690634, 47.356943], [-120.690547, 47.356908], [-120.690466, 47.356868], [-120.690389, 47.356823], [-120.690314, 47.356777], [-120.690239, 47.356731], [-120.690164, 47.356685], [-120.690091, 47.356638], [-120.690017, 47.356591], [-120.689943, 47.356545], [-120.689867, 47.3565], [-120.689788, 47.356457], [-120.689708, 47.356416], [-120.689626, 47.356375], [-120.689545, 47.356334], [-120.689466, 47.356291], [-120.689391, 47.356246], [-120.689319, 47.356198], [-120.68925, 47.356148], [-120.689182, 47.356097], [-120.689115, 47.356046], [-120.689047, 47.355995], [-120.688977, 47.355946], [-120.688905, 47.355898], [-120.688833, 47.355849], [-120.68876, 47.3558], [-120.688687, 47.355753], [-120.688611, 47.355706], [-120.688534, 47.355663], [-120.688454, 47.355623], [-120.688368, 47.355589], [-120.688275, 47.355563], [-120.688177, 47.355542], [-120.688078, 47.355526], [-120.687979, 47.35551], [-120.687879, 47.3555], [-120.687778, 47.355493], [-120.687677, 47.355486], [-120.687577, 47.355475], [-120.687481, 47.355457], [-120.687387, 47.355433], [-120.687292, 47.355407], [-120.6872, 47.355378], [-120.687109, 47.355346], [-120.687022, 47.355311], [-120.686938, 47.355273], [-120.68686, 47.355232], [-120.686789, 47.355184], [-120.686724, 47.355131], [-120.686661, 47.355076], [-120.686599, 47.355021], [-120.686534, 47.354969], [-120.686469, 47.354916], [-120.686406, 47.354863], [-120.686341, 47.35481], [-120.686277, 47.354758], [-120.68621, 47.354706], [-120.686142, 47.354656], [-120.686072, 47.354606], [-120.686003, 47.354556], [-120.685933, 47.354506], [-120.685866, 47.354456], [-120.685799, 47.354404], [-120.685733, 47.354353], [-120.685667, 47.354301], [-120.685601, 47.354249], [-120.685536, 47.354196], [-120.685471, 47.354144], [-120.685406, 47.354091], [-120.685341, 47.354039], [-120.685277, 47.353986], [-120.685214, 47.353933], [-120.68515, 47.353879], [-120.685087, 47.353825], [-120.685024, 47.353772], [-120.68496, 47.353719], [-120.684896, 47.353666], [-120.684831, 47.353614], [-120.684764, 47.353563], [-120.684693, 47.353513], [-120.684617, 47.353466], [-120.684533, 47.353429], [-120.684442, 47.353403], [-120.684344, 47.353385], [-120.684245, 47.353371], [-120.684146, 47.353355], [-120.684049, 47.353334], [-120.684009, 47.353323], [-120.683955, 47.353309], [-120.683861, 47.353281], [-120.683771, 47.35325], [-120.683688, 47.353212], [-120.683612, 47.353168], [-120.683541, 47.35312], [-120.683478, 47.353071], [-120.683408, 47.353016], [-120.683341, 47.352964], [-120.683273, 47.352913], [-120.6832, 47.352866], [-120.683124, 47.352821], [-120.683045, 47.352777], [-120.682968, 47.352734], [-120.682892, 47.352688], [-120.682815, 47.352643], [-120.682741, 47.352597], [-120.682672, 47.352547], [-120.682611, 47.352493], [-120.682552, 47.352437], [-120.682496, 47.352379], [-120.682444, 47.352321], [-120.682395, 47.35226], [-120.68235, 47.352199], [-120.682306, 47.352137], [-120.682263, 47.352075], [-120.682222, 47.352012], [-120.682183, 47.351949], [-120.682144, 47.351885], [-120.682108, 47.351821], [-120.682074, 47.351757], [-120.682042, 47.351692], [-120.682023, 47.351626], [-120.68202, 47.351557], [-120.682018, 47.351487], [-120.682011, 47.351419], [-120.682003, 47.35135], [-120.681995, 47.351282], [-120.68199, 47.351213], [-120.681988, 47.351145], [-120.681992, 47.351077], [-120.682005, 47.351009], [-120.682021, 47.350941], [-120.682038, 47.350873], [-120.682052, 47.350805], [-120.682072, 47.350735], [-120.682084, 47.350666], [-120.682075, 47.350601], [-120.682041, 47.350536], [-120.681993, 47.350473], [-120.681933, 47.350414], [-120.681866, 47.350365], [-120.681782, 47.350335], [-120.681678, 47.350325], [-120.681575, 47.350313], [-120.681477, 47.350297], [-120.681379, 47.350279], [-120.681286, 47.350253], [-120.681196, 47.350224], [-120.681106, 47.350192], [-120.681017, 47.350159], [-120.680928, 47.350126], [-120.680841, 47.350093], [-120.680754, 47.350057], [-120.680668, 47.350021], [-120.680584, 47.349984], [-120.680499, 47.349947], [-120.680414, 47.349909], [-120.680331, 47.349871], [-120.680249, 47.349831], [-120.680168, 47.34979], [-120.68009, 47.349747], [-120.680015, 47.349701], [-120.679947, 47.349647], [-120.67988, 47.349594], [-120.679803, 47.349556], [-120.679701, 47.349541], [-120.679597, 47.349548], [-120.679518, 47.349586], [-120.679475, 47.34965], [-120.679456, 47.349717], [-120.679442, 47.349786], [-120.679419, 47.349853], [-120.679388, 47.349919], [-120.67935, 47.349982], [-120.679303, 47.350042], [-120.679248, 47.3501], [-120.67919, 47.350157], [-120.679129, 47.350211], [-120.679065, 47.350264], [-120.678999, 47.350316], [-120.678929, 47.350366], [-120.678858, 47.350414], [-120.678786, 47.350462], [-120.678711, 47.350508], [-120.678634, 47.350552], [-120.678556, 47.350596], [-120.678477, 47.350638], [-120.678397, 47.35068], [-120.678316, 47.350722], [-120.678235, 47.350762], [-120.678152, 47.350802], [-120.678069, 47.35084], [-120.677984, 47.350877], [-120.677895, 47.35091], [-120.677809, 47.350947], [-120.677733, 47.350991], [-120.677664, 47.35104], [-120.677598, 47.351092], [-120.677533, 47.351145], [-120.677466, 47.351197], [-120.677395, 47.351245], [-120.67732, 47.351291], [-120.677241, 47.351335], [-120.677159, 47.351376], [-120.677074, 47.351412], [-120.676984, 47.351442], [-120.676886, 47.351463], [-120.676787, 47.351476], [-120.676686, 47.351477], [-120.676585, 47.351465], [-120.676491, 47.351443], [-120.676402, 47.35141], [-120.676316, 47.351373], [-120.676231, 47.351335], [-120.676149, 47.351296], [-120.676067, 47.351256], [-120.675986, 47.351215], [-120.675907, 47.351173], [-120.675827, 47.35113], [-120.675748, 47.351088], [-120.67567, 47.351044], [-120.675594, 47.350999], [-120.67552, 47.350953], [-120.67545, 47.350903], [-120.675385, 47.350851], [-120.675323, 47.350797], [-120.675262, 47.350742], [-120.675202, 47.350687], [-120.675143, 47.350631], [-120.675087, 47.350574], [-120.67503, 47.350518], [-120.674969, 47.350463], [-120.674905, 47.35041], [-120.674835, 47.350359], [-120.674764, 47.350309], [-120.674695, 47.350258], [-120.67463, 47.350206], [-120.674575, 47.35015], [-120.67453, 47.35009], [-120.674501, 47.350025], [-120.674479, 47.349958], [-120.67446, 47.349889], [-120.674438, 47.349821], [-120.674407, 47.349756], [-120.674363, 47.349695], [-120.67431, 47.349637], [-120.67425, 47.349581], [-120.67419, 47.349526], [-120.674132, 47.349469], [-120.674079, 47.349411], [-120.674026, 47.349352], [-120.673973, 47.349293], [-120.673922, 47.349233], [-120.673874, 47.349173], [-120.673832, 47.349111], [-120.673798, 47.349047], [-120.673772, 47.348981], [-120.673753, 47.348913], [-120.673736, 47.348845], [-120.673721, 47.348776], [-120.673704, 47.348708], [-120.673682, 47.348641], [-120.673652, 47.348576], [-120.673613, 47.348515], [-120.673564, 47.348455], [-120.673507, 47.348397], [-120.673445, 47.348341], [-120.673378, 47.348288], [-120.67331, 47.348238], [-120.673233, 47.348196], [-120.673138, 47.348169], [-120.673044, 47.34814], [-120.67297, 47.348096], [-120.672906, 47.348044], [-120.672846, 47.347989], [-120.672789, 47.347932], [-120.672732, 47.347874], [-120.672675, 47.347817], [-120.672616, 47.347761], [-120.672559, 47.347705], [-120.672501, 47.347648], [-120.672443, 47.347592], [-120.672384, 47.347537], [-120.672322, 47.347483], [-120.672256, 47.34743], [-120.672192, 47.347378], [-120.672132, 47.347323], [-120.672079, 47.347264], [-120.672031, 47.347204], [-120.671982, 47.347144], [-120.671927, 47.347086], [-120.671867, 47.347031], [-120.671804, 47.346976], [-120.671735, 47.346924], [-120.671661, 47.34688], [-120.671576, 47.346846], [-120.67148, 47.346824], [-120.67138, 47.346807], [-120.671284, 47.346785], [-120.671195, 47.346753], [-120.67111, 47.346716], [-120.671026, 47.346678], [-120.670934, 47.346637], [-120.670849, 47.346602], [-120.670773, 47.34656], [-120.670705, 47.346512], [-120.670643, 47.346459], [-120.670585, 47.346404], [-120.670538, 47.346355], [-120.670478, 47.346287], [-120.670427, 47.346226], [-120.670376, 47.346165], [-120.670325, 47.346104], [-120.670273, 47.346044], [-120.670218, 47.345986], [-120.670159, 47.345931], [-120.670096, 47.345878], [-120.670028, 47.345828], [-120.669954, 47.345781], [-120.669875, 47.345736], [-120.669791, 47.345695], [-120.669704, 47.345658], [-120.669614, 47.345626], [-120.669521, 47.345599], [-120.669427, 47.345578], [-120.669331, 47.345558], [-120.669234, 47.34554], [-120.669136, 47.345524], [-120.669038, 47.345509], [-120.668938, 47.345496], [-120.668839, 47.345483], [-120.668738, 47.345471], [-120.668638, 47.345459], [-120.668537, 47.345447], [-120.668437, 47.345435], [-120.668336, 47.345422], [-120.668236, 47.345409], [-120.668137, 47.345395], [-120.668039, 47.34538], [-120.667941, 47.345363], [-120.667844, 47.345345], [-120.667749, 47.345325], [-120.667655, 47.345303], [-120.667562, 47.345279], [-120.667471, 47.345251], [-120.667381, 47.345221], [-120.667292, 47.345187], [-120.667205, 47.345152], [-120.66712, 47.345114], [-120.667035, 47.345075], [-120.666952, 47.345034], [-120.666872, 47.344991], [-120.666792, 47.344948], [-120.666715, 47.344903], [-120.666639, 47.344858], [-120.666565, 47.344812], [-120.666491, 47.344765], [-120.666419, 47.344717], [-120.666347, 47.344668], [-120.666276, 47.344618], [-120.666206, 47.344567], [-120.666136, 47.344517], [-120.666067, 47.344465], [-120.665998, 47.344413], [-120.665929, 47.344361], [-120.665861, 47.344308], [-120.665793, 47.344255], [-120.665726, 47.344202], [-120.665658, 47.344149], [-120.66559, 47.344097], [-120.665523, 47.344044], [-120.665454, 47.343992], [-120.665386, 47.34394], [-120.665318, 47.343889], [-120.665249, 47.343838], [-120.66518, 47.343787], [-120.66511, 47.343738], [-120.665039, 47.343689], [-120.664969, 47.343642], [-120.664897, 47.343595], [-120.664825, 47.343549], [-120.664751, 47.343505], [-120.664677, 47.343461], [-120.664602, 47.34342], [-120.664526, 47.343379], [-120.664448, 47.34334], [-120.664368, 47.343305], [-120.66428, 47.343278], [-120.664186, 47.343259], [-120.664087, 47.343247], [-120.663983, 47.343241], [-120.663877, 47.34324], [-120.66377, 47.343243], [-120.663662, 47.343248], [-120.663555, 47.343256], [-120.66345, 47.343264], [-120.663349, 47.343273], [-120.66325, 47.343282], [-120.663152, 47.343294], [-120.663055, 47.343309], [-120.662958, 47.343326], [-120.662861, 47.343345], [-120.662764, 47.343366], [-120.662668, 47.343388], [-120.662571, 47.34341], [-120.662475, 47.343432], [-120.662378, 47.343455], [-120.662281, 47.343476], [-120.662247, 47.343483], [-120.662185, 47.343496], [-120.662087, 47.343515], [-120.66199, 47.343533], [-120.661893, 47.343551], [-120.661796, 47.34357], [-120.661699, 47.343588], [-120.661602, 47.343607], [-120.661504, 47.343626], [-120.661407, 47.343645], [-120.66131, 47.343663], [-120.661213, 47.343682], [-120.661115, 47.3437], [-120.661018, 47.343718], [-120.660921, 47.343735], [-120.660823, 47.343753], [-120.660725, 47.343769], [-120.660628, 47.343786], [-120.660529, 47.343801], [-120.660432, 47.343817], [-120.660333, 47.343831], [-120.660234, 47.343845], [-120.660135, 47.343855], [-120.660034, 47.343863], [-120.659933, 47.343869], [-120.659831, 47.343874], [-120.659729, 47.343879], [-120.659628, 47.343883], [-120.659527, 47.343889], [-120.659426, 47.343895], [-120.659327, 47.343904], [-120.659228, 47.343915], [-120.659131, 47.343929], [-120.659036, 47.343949], [-120.658944, 47.343976], [-120.658856, 47.34401], [-120.658768, 47.344048], [-120.658682, 47.344087], [-120.658596, 47.344125], [-120.658508, 47.344159], [-120.658417, 47.344186], [-120.658323, 47.344206], [-120.658215, 47.344221], [-120.658102, 47.344229], [-120.657994, 47.344225], [-120.657901, 47.344207], [-120.65783, 47.344169], [-120.657772, 47.344121], [-120.657719, 47.344068], [-120.657672, 47.344009], [-120.657627, 47.343946], [-120.657586, 47.343881], [-120.657545, 47.343814], [-120.657505, 47.343747], [-120.657462, 47.343681], [-120.657418, 47.343616], [-120.65737, 47.343555], [-120.65732, 47.343495], [-120.657271, 47.343435], [-120.657221, 47.343376], [-120.65717, 47.343316], [-120.657119, 47.343256], [-120.657067, 47.343197], [-120.657014, 47.343139], [-120.656959, 47.343081], [-120.656903, 47.343024], [-120.656845, 47.342969], [-120.656785, 47.342914], [-120.656722, 47.342862], [-120.656655, 47.342811], [-120.656584, 47.342761], [-120.65651, 47.342714], [-120.656434, 47.342668], [-120.656356, 47.342624], [-120.656277, 47.342581], [-120.656197, 47.342539], [-120.656116, 47.342498], [-120.656034, 47.342454], [-120.65595, 47.342409], [-120.655866, 47.342365], [-120.65578, 47.342323], [-120.655693, 47.342285], [-120.655605, 47.342253], [-120.655515, 47.342227], [-120.655423, 47.342211], [-120.65533, 47.342206], [-120.655235, 47.342211], [-120.655137, 47.342225], [-120.655039, 47.342245], [-120.654939, 47.342269], [-120.654839, 47.342295], [-120.654738, 47.34232], [-120.654639, 47.342343], [-120.65454, 47.342361], [-120.654443, 47.342371], [-120.654347, 47.342371], [-120.654256, 47.342351], [-120.654168, 47.342317], [-120.65408, 47.342276], [-120.65399, 47.342237], [-120.653899, 47.342207], [-120.653803, 47.342186], [-120.653705, 47.342167], [-120.653606, 47.342149], [-120.653506, 47.342136], [-120.653405, 47.342125], [-120.653305, 47.34212], [-120.653206, 47.342121], [-120.653106, 47.342126], [-120.653007, 47.342136], [-120.652907, 47.342147], [-120.652807, 47.342161], [-120.652707, 47.342175], [-120.652607, 47.34219], [-120.652507, 47.342203], [-120.652407, 47.342215], [-120.652307, 47.342224], [-120.652208, 47.342229], [-120.652108, 47.342229], [-120.652008, 47.342227], [-120.651908, 47.34222], [-120.651807, 47.342212], [-120.651707, 47.3422], [-120.651607, 47.342187], [-120.651508, 47.342172], [-120.651409, 47.342156], [-120.651311, 47.342139], [-120.651215, 47.34212], [-120.651121, 47.342096], [-120.651029, 47.342067], [-120.650939, 47.342035], [-120.650848, 47.342005], [-120.650756, 47.341976], [-120.650661, 47.341953], [-120.650565, 47.341932], [-120.650467, 47.341913], [-120.65037, 47.341895], [-120.650271, 47.341879], [-120.650171, 47.341867], [-120.650071, 47.341858], [-120.649972, 47.341854], [-120.649871, 47.341851], [-120.64977, 47.341851], [-120.649668, 47.341853], [-120.649567, 47.341857], [-120.649465, 47.341864], [-120.649365, 47.341873], [-120.649266, 47.341885], [-120.649168, 47.341899], [-120.64907, 47.341915], [-120.648973, 47.341933], [-120.648876, 47.341952], [-120.64878, 47.341973], [-120.648684, 47.341995], [-120.648588, 47.342018], [-120.648493, 47.342042], [-120.648399, 47.342067], [-120.648306, 47.342093], [-120.648213, 47.34212], [-120.648121, 47.342147], [-120.648029, 47.342176], [-120.647938, 47.342205], [-120.647848, 47.342235], [-120.647757, 47.342266], [-120.647668, 47.342298], [-120.647579, 47.34233], [-120.647489, 47.342362], [-120.6474, 47.342394], [-120.647311, 47.342427], [-120.647222, 47.342459], [-120.647133, 47.342491], [-120.647044, 47.342524], [-120.646955, 47.342556], [-120.646866, 47.342588], [-120.646778, 47.342621], [-120.64669, 47.342655], [-120.646602, 47.342688], [-120.646513, 47.342722], [-120.646425, 47.342755], [-120.646337, 47.342788], [-120.646248, 47.342821], [-120.646159, 47.342853], [-120.64607, 47.342885], [-120.64598, 47.342915], [-120.645889, 47.342944], [-120.645857, 47.342953], [-120.645796, 47.342971], [-120.645702, 47.342995], [-120.645607, 47.343018], [-120.645511, 47.343041], [-120.645415, 47.343063], [-120.64532, 47.343085], [-120.645225, 47.343108], [-120.64513, 47.343131], [-120.645035, 47.343154], [-120.644939, 47.343176], [-120.644843, 47.343196], [-120.644745, 47.343213], [-120.644647, 47.343228], [-120.644548, 47.343242], [-120.644449, 47.343255], [-120.64435, 47.343268], [-120.644251, 47.343281], [-120.644152, 47.343297], [-120.644055, 47.343314], [-120.643959, 47.343334], [-120.643864, 47.343357], [-120.643769, 47.343381], [-120.643675, 47.343406], [-120.64358, 47.343429], [-120.643484, 47.34345], [-120.643387, 47.34347], [-120.643291, 47.343489], [-120.643194, 47.343508], [-120.643096, 47.343526], [-120.642998, 47.343543], [-120.642901, 47.343562], [-120.642803, 47.34358], [-120.642705, 47.343598], [-120.642606, 47.343611], [-120.642507, 47.343619], [-120.642407, 47.343621], [-120.642307, 47.343619], [-120.642207, 47.343613], [-120.642106, 47.343606], [-120.642005, 47.343596], [-120.641904, 47.343587], [-120.641804, 47.343577], [-120.641704, 47.343569], [-120.641604, 47.343559], [-120.641505, 47.343549], [-120.641405, 47.343538], [-120.641305, 47.343526], [-120.641206, 47.343514], [-120.641108, 47.343497], [-120.641011, 47.343476], [-120.640953, 47.343465], [-120.640913, 47.343458], [-120.640815, 47.343452], [-120.640715, 47.343454], [-120.640614, 47.34346], [-120.640514, 47.343468], [-120.640413, 47.343478], [-120.640312, 47.343487], [-120.640213, 47.343497], [-120.640113, 47.343508], [-120.640014, 47.34352], [-120.639914, 47.34353], [-120.639814, 47.343539], [-120.639714, 47.34355], [-120.639613, 47.343561], [-120.639512, 47.343571], [-120.639411, 47.343579], [-120.639311, 47.343582], [-120.639212, 47.343581], [-120.639114, 47.343572], [-120.639016, 47.343556], [-120.638919, 47.343535], [-120.638823, 47.343512], [-120.638725, 47.343491], [-120.638627, 47.343473], [-120.638529, 47.343462], [-120.638429, 47.343455], [-120.638328, 47.34345], [-120.638228, 47.343446], [-120.638127, 47.343444], [-120.638026, 47.343442], [-120.637925, 47.343441], [-120.637824, 47.343441], [-120.637723, 47.343441], [-120.637622, 47.343441], [-120.637521, 47.343441], [-120.63742, 47.343441], [-120.637319, 47.343443], [-120.637217, 47.343449], [-120.637115, 47.343456], [-120.637014, 47.343461], [-120.636914, 47.343461], [-120.636815, 47.343455], [-120.636717, 47.343443], [-120.636617, 47.343428], [-120.636518, 47.34341], [-120.63642, 47.343389], [-120.636325, 47.343365], [-120.636232, 47.343337], [-120.636143, 47.343305], [-120.636059, 47.34327], [-120.635977, 47.343231], [-120.635899, 47.343188], [-120.635822, 47.343144], [-120.635747, 47.343097], [-120.635674, 47.343048], [-120.635602, 47.342999], [-120.635531, 47.342949], [-120.635461, 47.3429], [-120.635394, 47.342849], [-120.635329, 47.342796], [-120.635268, 47.342741], [-120.635207, 47.342686], [-120.635146, 47.342631], [-120.635085, 47.342576], [-120.63502, 47.342524], [-120.634951, 47.342475], [-120.634875, 47.342431], [-120.634793, 47.342392], [-120.634706, 47.342355], [-120.634618, 47.34232], [-120.634533, 47.342284], [-120.634448, 47.342247], [-120.634363, 47.34221], [-120.634277, 47.342173], [-120.634191, 47.342138], [-120.634103, 47.342104], [-120.634014, 47.342073], [-120.633924, 47.342041], [-120.633834, 47.34201], [-120.633742, 47.34198], [-120.63365, 47.341952], [-120.633557, 47.341925], [-120.633462, 47.341902], [-120.633367, 47.341881], [-120.63327, 47.341862], [-120.633173, 47.341845], [-120.633075, 47.341829], [-120.632976, 47.341814], [-120.632878, 47.3418], [-120.632778, 47.341787], [-120.632679, 47.341774], [-120.63258, 47.341761], [-120.63248, 47.341749], [-120.632381, 47.341737], [-120.632281, 47.341724], [-120.632182, 47.341711], [-120.632081, 47.341698], [-120.631981, 47.341687], [-120.631881, 47.341677], [-120.63178, 47.34167], [-120.63168, 47.341667], [-120.631582, 47.341668], [-120.631482, 47.341677], [-120.631383, 47.341691], [-120.631285, 47.341711], [-120.631188, 47.341733], [-120.631093, 47.341756], [-120.630999, 47.341781], [-120.630906, 47.341808], [-120.630815, 47.341837], [-120.630724, 47.341868], [-120.630635, 47.3419], [-120.630546, 47.341932], [-120.630457, 47.341965], [-120.63037, 47.341999], [-120.630283, 47.342035], [-120.630198, 47.342072], [-120.630111, 47.342109], [-120.630025, 47.342145], [-120.629939, 47.34218], [-120.629851, 47.342213], [-120.629761, 47.342244], [-120.62967, 47.342272], [-120.629577, 47.342298], [-120.629483, 47.342322], [-120.629388, 47.342346], [-120.629292, 47.342369], [-120.629196, 47.342391], [-120.629098, 47.342411], [-120.629001, 47.342431], [-120.628903, 47.34245], [-120.628805, 47.342468], [-120.628707, 47.342484], [-120.628608, 47.3425], [-120.628511, 47.342514], [-120.628413, 47.342527], [-120.628315, 47.342537], [-120.628213, 47.342533], [-120.628111, 47.342517], [-120.628015, 47.342492], [-120.627928, 47.34246], [-120.627848, 47.342419], [-120.627773, 47.342372], [-120.627699, 47.342325], [-120.627621, 47.34228], [-120.627538, 47.342238], [-120.627451, 47.342194], [-120.627362, 47.342156], [-120.627273, 47.342134], [-120.627183, 47.342138], [-120.627092, 47.342168], [-120.627001, 47.34221], [-120.626916, 47.342249], [-120.626836, 47.342291], [-120.626758, 47.342334], [-120.626679, 47.342377], [-120.626596, 47.342416], [-120.626509, 47.342451], [-120.626419, 47.342482], [-120.626328, 47.342511], [-120.626236, 47.342539], [-120.626142, 47.342565], [-120.626048, 47.34259], [-120.625954, 47.342615], [-120.625163, 47.343119], [-120.624507, 47.343672], [-120.622602, 47.343447], [-120.622131, 47.343473], [-120.621744, 47.343576], [-120.621413, 47.343731], [-120.620342, 47.344439], [-120.619126, 47.345396], [-120.618198, 47.345316], [-120.617391, 47.345329], [-120.61677, 47.345287], [-120.61656, 47.345241], [-120.616306, 47.345113], [-120.615857, 47.344727], [-120.615247, 47.344369], [-120.614125, 47.343886], [-120.614052, 47.343864], [-120.612482, 47.343389], [-120.611046, 47.343166], [-120.61074, 47.343068], [-120.609516, 47.342679], [-120.60845, 47.342158], [-120.607901, 47.341751], [-120.607452, 47.341295], [-120.60717, 47.340852], [-120.607084, 47.340718], [-120.606978, 47.340279], [-120.606993, 47.339778], [-120.606589, 47.339365], [-120.605791, 47.339317], [-120.604233, 47.339029], [-120.603737, 47.339009], [-120.603032, 47.339087], [-120.602681, 47.339228], [-120.602093, 47.33958], [-120.600787, 47.340225], [-120.599119, 47.340815], [-120.598723, 47.340918], [-120.597706, 47.340395], [-120.596717, 47.340057], [-120.596076, 47.339722], [-120.59572, 47.339591], [-120.594793, 47.339572], [-120.59399, 47.339623], [-120.593381, 47.339717], [-120.592535, 47.339848], [-120.591434, 47.339951], [-120.591208, 47.33992], [-120.590719, 47.339494], [-120.589703, 47.33953], [-120.589287, 47.339481], [-120.588513, 47.339326], [-120.58798, 47.339167], [-120.58731, 47.338863], [-120.58595, 47.338078], [-120.585063, 47.338277], [-120.584437, 47.33827], [-120.582965, 47.337989], [-120.581972, 47.337644], [-120.581658, 47.337603], [-120.58023, 47.337655], [-120.579831, 47.337604], [-120.578971, 47.337381], [-120.578632, 47.337228], [-120.578354, 47.336961], [-120.578212, 47.336704], [-120.578094, 47.336206], [-120.578146, 47.33575], [-120.57843, 47.335035], [-120.578681, 47.334402], [-120.578676, 47.334015], [-120.578792, 47.333385], [-120.578787, 47.332559], [-120.578758, 47.332183], [-120.578539, 47.331655], [-120.578216, 47.331216], [-120.577727, 47.33073], [-120.576843, 47.329604], [-120.576685, 47.329352], [-120.576666, 47.329276], [-120.576605, 47.329016], [-120.576642, 47.328315], [-120.576655, 47.328075], [-120.576876, 47.327248], [-120.576916, 47.3271], [-120.576911, 47.326713], [-120.576983, 47.326439], [-120.576906, 47.326255], [-120.576767, 47.326229], [-120.576612, 47.3262], [-120.575894, 47.32595], [-120.57493, 47.325475], [-120.573252, 47.324368]]]}, "properties": {"OBJECTID": 1, "Shape_Length": 410233.8425332213, "Shape_Area": 8340274052.272938, "State": "WA", "DistrictID": "WA0001", "DistrictNm": "Blewett", "Other_Name": null, "County": "Chelan", "District_Link": "https://d92019.eos-intl.net/D92019/OPAC/Details/Record.aspx?BibCode=28452886", "District_Cite": "[Washington Geological Survey], [1980], Mining districts of Washington: [Washington Geological Survey], 1 plate, 1 p. text.", "Notes": null}}, {"type": "Feature", "id": 51, "geometry": {"type": "Polygon", "coordinates": [[[-120.905023, 47.426306], [-120.904468, 47.329752], [-120.898342, 47.094065], [-120.523965, 47.094749], [-120.524017, 47.211446], [-120.527841, 47.312829], [-120.527999, 47.317004], [-120.528184, 47.316661], [-120.528765, 47.316279], [-120.529341, 47.316016], [-120.530413, 47.315639], [-120.530768, 47.315422], [-120.531336, 47.315419], [-120.532433, 47.315096], [-120.533602, 47.314878], [-120.534222, 47.314818], [-120.535371, 47.314824], [-120.535702, 47.314807], [-120.53596, 47.314743], [-120.53631, 47.314603], [-120.536987, 47.31421], [-120.538104, 47.313891], [-120.539942, 47.313511], [-120.545218, 47.312634], [-120.546524, 47.312308], [-120.547165, 47.312114], [-120.547499, 47.311963], [-120.54762, 47.311859], [-120.547793, 47.311491], [-120.547712, 47.311008], [-120.547595, 47.310746], [-120.547296, 47.310361], [-120.547207, 47.310023], [-120.547133, 47.308032], [-120.547161, 47.307758], [-120.54735, 47.307542], [-120.547684, 47.30744], [-120.548128, 47.307509], [-120.549406, 47.307852], [-120.551333, 47.308253], [-120.551708, 47.308361], [-120.552591, 47.308742], [-120.553284, 47.308752], [-120.553494, 47.308668], [-120.553768, 47.308463], [-120.554138, 47.307988], [-120.554452, 47.307729], [-120.554952, 47.307511], [-120.555565, 47.307436], [-120.556564, 47.306894], [-120.556878, 47.306785], [-120.557277, 47.306567], [-120.557986, 47.306577], [-120.558369, 47.306659], [-120.559845, 47.307125], [-120.561945, 47.307501], [-120.562969, 47.307754], [-120.564433, 47.308223], [-120.565816, 47.308788], [-120.566643, 47.309241], [-120.567761, 47.310034], [-120.568543, 47.310426], [-120.569273, 47.31066], [-120.56983, 47.310714], [-120.570318, 47.310837], [-120.57054, 47.311067], [-120.570609, 47.311391], [-120.570478, 47.313318], [-120.570097, 47.314591], [-120.569795, 47.31477], [-120.569049, 47.31504], [-120.568635, 47.315466], [-120.56851, 47.315731], [-120.568503, 47.316317], [-120.568584, 47.316589], [-120.568883, 47.317088], [-120.568682, 47.317747], [-120.56865, 47.318164], [-120.568723, 47.31859], [-120.569095, 47.319348], [-120.569309, 47.319561], [-120.569374, 47.319729], [-120.569512, 47.320683], [-120.569686, 47.321219], [-120.570102, 47.321814], [-120.57053, 47.32228], [-120.571935, 47.323499], [-120.573252, 47.324368], [-120.57493, 47.325475], [-120.575894, 47.32595], [-120.576612, 47.3262], [-120.576767, 47.326229], [-120.576906, 47.326255], [-120.576983, 47.326439], [-120.576911, 47.326713], [-120.576916, 47.3271], [-120.576876, 47.327248], [-120.576655, 47.328075], [-120.576642, 47.328315], [-120.576605, 47.329016], [-120.576604, 47.329032], [-120.576666, 47.329276], [-120.576685, 47.329352], [-120.576843, 47.329604], [-120.577727, 47.33073], [-120.578216, 47.331216], [-120.578539, 47.331655], [-120.578758, 47.332183], [-120.578787, 47.332559], [-120.578792, 47.333385], [-120.578676, 47.334015], [-120.578681, 47.334402], [-120.57843, 47.335035], [-120.578146, 47.33575], [-120.578094, 47.336206], [-120.578212, 47.336704], [-120.578354, 47.336961], [-120.578632, 47.337228], [-120.578971, 47.337381], [-120.579831, 47.337604], [-120.58023, 47.337655], [-120.581658, 47.337603], [-120.581972, 47.337644], [-120.582965, 47.337989], [-120.584437, 47.33827], [-120.585063, 47.338277], [-120.58595, 47.338078], [-120.58731, 47.338863], [-120.58798, 47.339167], [-120.588513, 47.339326], [-120.589287, 47.339481], [-120.589703, 47.33953], [-120.590719, 47.339494], [-120.591208, 47.33992], [-120.591434, 47.339951], [-120.592535, 47.339848], [-120.593381, 47.339717], [-120.59399, 47.339623], [-120.594793, 47.339572], [-120.59572, 47.339591], [-120.596076, 47.339722], [-120.596717, 47.340057], [-120.597706, 47.340395], [-120.598723, 47.340918], [-120.599119, 47.340815], [-120.600787, 47.340225], [-120.602093, 47.33958], [-120.602681, 47.339228], [-120.603032, 47.339087], [-120.603737, 47.339009], [-120.604233, 47.339029], [-120.605791, 47.339317], [-120.606589, 47.339365], [-120.606993, 47.339778], [-120.606978, 47.340279], [-120.607084, 47.340718], [-120.60717, 47.340852], [-120.607452, 47.341295], [-120.607901, 47.341751], [-120.60845, 47.342158], [-120.609516, 47.342679], [-120.61074, 47.343068], [-120.611046, 47.343166], [-120.612482, 47.343389], [-120.614052, 47.343864], [-120.614125, 47.343886], [-120.615247, 47.344369], [-120.615857, 47.344727], [-120.616306, 47.345113], [-120.61656, 47.345241], [-120.61677, 47.345287], [-120.617391, 47.345329], [-120.618198, 47.345316], [-120.619126, 47.345396], [-120.620342, 47.344439], [-120.621413, 47.343731], [-120.621744, 47.343576], [-120.622131, 47.343473], [-120.622602, 47.343447], [-120.624507, 47.343672], [-120.625163, 47.343119], [-120.625954, 47.342615], [-120.626048, 47.34259], [-120.626142, 47.342565], [-120.626236, 47.342539], [-120.626328, 47.342511], [-120.626419, 47.342482], [-120.626509, 47.342451], [-120.626596, 47.342416], [-120.626679, 47.342377], [-120.626758, 47.342334], [-120.626836, 47.342291], [-120.626916, 47.342249], [-120.627001, 47.34221], [-120.627092, 47.342168], [-120.627183, 47.342138], [-120.627273, 47.342134], [-120.627362, 47.342156], [-120.627451, 47.342194], [-120.627538, 47.342238], [-120.627621, 47.34228], [-120.627699, 47.342325], [-120.627773, 47.342372], [-120.627848, 47.342419], [-120.627928, 47.34246], [-120.628015, 47.342492], [-120.628111, 47.342517], [-120.628213, 47.342533], [-120.628315, 47.342537], [-120.628413, 47.342527], [-120.628511, 47.342514], [-120.628608, 47.3425], [-120.628707, 47.342484], [-120.628805, 47.342468], [-120.628903, 47.34245], [-120.629001, 47.342431], [-120.629098, 47.342411], [-120.629196, 47.342391], [-120.629292, 47.342369], [-120.629388, 47.342346], [-120.629483, 47.342322], [-120.629577, 47.342298], [-120.62967, 47.342272], [-120.629761, 47.342244], [-120.629851, 47.342213], [-120.629939, 47.34218], [-120.630025, 47.342145], [-120.630111, 47.342109], [-120.630198, 47.342072], [-120.630283, 47.342035], [-120.63037, 47.341999], [-120.630457, 47.341965], [-120.630546, 47.341932], [-120.630635, 47.3419], [-120.630724, 47.341868], [-120.630815, 47.341837], [-120.630906, 47.341808], [-120.630999, 47.341781], [-120.631093, 47.341756], [-120.631188, 47.341733], [-120.631285, 47.341711], [-120.631383, 47.341691], [-120.631482, 47.341677], [-120.631582, 47.341668], [-120.63168, 47.341667], [-120.63178, 47.34167], [-120.631881, 47.341677], [-120.631981, 47.341687], [-120.632081, 47.341698], [-120.632182, 47.341711], [-120.632281, 47.341724], [-120.632381, 47.341737], [-120.63248, 47.341749], [-120.63258, 47.341761], [-120.632679, 47.341774], [-120.632778, 47.341787], [-120.632878, 47.3418], [-120.632976, 47.341814], [-120.633075, 47.341829], [-120.633173, 47.341845], [-120.63327, 47.341862], [-120.633367, 47.341881], [-120.633462, 47.341902], [-120.633557, 47.341925], [-120.63365, 47.341952], [-120.633742, 47.34198], [-120.633834, 47.34201], [-120.633924, 47.342041], [-120.634014, 47.342073], [-120.634103, 47.342104], [-120.634191, 47.342138], [-120.634277, 47.342173], [-120.634363, 47.34221], [-120.634448, 47.342247], [-120.634533, 47.342284], [-120.634618, 47.34232], [-120.634706, 47.342355], [-120.634793, 47.342392], [-120.634875, 47.342431], [-120.634951, 47.342475], [-120.63502, 47.342524], [-120.635085, 47.342576], [-120.635146, 47.342631], [-120.635207, 47.342686], [-120.635268, 47.342741], [-120.635329, 47.342796], [-120.635394, 47.342849], [-120.635461, 47.3429], [-120.635531, 47.342949], [-120.635602, 47.342999], [-120.635674, 47.343048], [-120.635747, 47.343097], [-120.635822, 47.343144], [-120.635899, 47.343188], [-120.635977, 47.343231], [-120.636059, 47.34327], [-120.636143, 47.343305], [-120.636232, 47.343337], [-120.636325, 47.343365], [-120.63642, 47.343389], [-120.636518, 47.34341], [-120.636617, 47.343428], [-120.636717, 47.343443], [-120.636815, 47.343455], [-120.636914, 47.343461], [-120.637014, 47.343461], [-120.637115, 47.343456], [-120.637217, 47.343449], [-120.637319, 47.343443], [-120.63742, 47.343441], [-120.637521, 47.343441], [-120.637622, 47.343441], [-120.637723, 47.343441], [-120.637824, 47.343441], [-120.637925, 47.343441], [-120.638026, 47.343442], [-120.638127, 47.343444], [-120.638228, 47.343446], [-120.638328, 47.34345], [-120.638429, 47.343455], [-120.638529, 47.343462], [-120.638627, 47.343473], [-120.638725, 47.343491], [-120.638823, 47.343512], [-120.638919, 47.343535], [-120.639016, 47.343556], [-120.639114, 47.343572], [-120.639212, 47.343581], [-120.639311, 47.343582], [-120.639411, 47.343579], [-120.639512, 47.343571], [-120.639613, 47.343561], [-120.639714, 47.34355], [-120.639814, 47.343539], [-120.639914, 47.34353], [-120.640014, 47.34352], [-120.640113, 47.343508], [-120.640213, 47.343497], [-120.640312, 47.343487], [-120.640413, 47.343478], [-120.640514, 47.343468], [-120.640614, 47.34346], [-120.640715, 47.343454], [-120.640815, 47.343452], [-120.640913, 47.343458], [-120.640953, 47.343465], [-120.641011, 47.343476], [-120.641108, 47.343497], [-120.641206, 47.343514], [-120.641305, 47.343526], [-120.641405, 47.343538], [-120.641505, 47.343549], [-120.641604, 47.343559], [-120.641704, 47.343569], [-120.641804, 47.343577], [-120.641904, 47.343587], [-120.642005, 47.343596], [-120.642106, 47.343606], [-120.642207, 47.343613], [-120.642307, 47.343619], [-120.642407, 47.343621], [-120.642507, 47.343619], [-120.642606, 47.343611], [-120.642705, 47.343598], [-120.642803, 47.34358], [-120.642901, 47.343562], [-120.642998, 47.343543], [-120.643096, 47.343526], [-120.643194, 47.343508], [-120.643291, 47.343489], [-120.643387, 47.34347], [-120.643484, 47.34345], [-120.64358, 47.343429], [-120.643675, 47.343406], [-120.643769, 47.343381], [-120.643864, 47.343357], [-120.643959, 47.343334], [-120.644055, 47.343314], [-120.644152, 47.343297], [-120.644251, 47.343281], [-120.64435, 47.343268], [-120.644449, 47.343255], [-120.644548, 47.343242], [-120.644647, 47.343228], [-120.644745, 47.343213], [-120.644843, 47.343196], [-120.644939, 47.343176], [-120.645035, 47.343154], [-120.64513, 47.343131], [-120.645225, 47.343108], [-120.64532, 47.343085], [-120.645415, 47.343063], [-120.645511, 47.343041], [-120.645607, 47.343018], [-120.645702, 47.342995], [-120.645796, 47.342971], [-120.645857, 47.342953], [-120.645889, 47.342944], [-120.64598, 47.342915], [-120.64607, 47.342885], [-120.646159, 47.342853], [-120.646248, 47.342821], [-120.646337, 47.342788], [-120.646425, 47.342755], [-120.646513, 47.342722], [-120.646602, 47.342688], [-120.64669, 47.342655], [-120.646778, 47.342621], [-120.646866, 47.342588], [-120.646955, 47.342556], [-120.647044, 47.342524], [-120.647133, 47.342491], [-120.647222, 47.342459], [-120.647311, 47.342427], [-120.6474, 47.342394], [-120.647489, 47.342362], [-120.647579, 47.34233], [-120.647668, 47.342298], [-120.647757, 47.342266], [-120.647848, 47.342235], [-120.647938, 47.342205], [-120.648029, 47.342176], [-120.648121, 47.342147], [-120.648213, 47.34212], [-120.648306, 47.342093], [-120.648399, 47.342067], [-120.648493, 47.342042], [-120.648588, 47.342018], [-120.648684, 47.341995], [-120.64878, 47.341973], [-120.648876, 47.341952], [-120.648973, 47.341933], [-120.64907, 47.341915], [-120.649168, 47.341899], [-120.649266, 47.341885], [-120.649365, 47.341873], [-120.649465, 47.341864], [-120.649567, 47.341857], [-120.649668, 47.341853], [-120.64977, 47.341851], [-120.649871, 47.341851], [-120.649972, 47.341854], [-120.650071, 47.341858], [-120.650171, 47.341867], [-120.650271, 47.341879], [-120.65037, 47.341895], [-120.650467, 47.341913], [-120.650565, 47.341932], [-120.650661, 47.341953], [-120.650756, 47.341976], [-120.650848, 47.342005], [-120.650939, 47.342035], [-120.651029, 47.342067], [-120.651121, 47.342096], [-120.651215, 47.34212], [-120.651311, 47.342139], [-120.651409, 47.342156], [-120.651508, 47.342172], [-120.651607, 47.342187], [-120.651707, 47.3422], [-120.651807, 47.342212], [-120.651908, 47.34222], [-120.652008, 47.342227], [-120.652108, 47.342229], [-120.652208, 47.342229], [-120.652307, 47.342224], [-120.652407, 47.342215], [-120.652507, 47.342203], [-120.652607, 47.34219], [-120.652707, 47.342175], [-120.652807, 47.342161], [-120.652907, 47.342147], [-120.653007, 47.342136], [-120.653106, 47.342126], [-120.653206, 47.342121], [-120.653305, 47.34212], [-120.653405, 47.342125], [-120.653506, 47.342136], [-120.653606, 47.342149], [-120.653705, 47.342167], [-120.653803, 47.342186], [-120.653899, 47.342207], [-120.65399, 47.342237], [-120.65408, 47.342276], [-120.654168, 47.342317], [-120.654256, 47.342351], [-120.654347, 47.342371], [-120.654443, 47.342371], [-120.65454, 47.342361], [-120.654639, 47.342343], [-120.654738, 47.34232], [-120.654839, 47.342295], [-120.654939, 47.342269], [-120.655039, 47.342245], [-120.655137, 47.342225], [-120.655235, 47.342211], [-120.65533, 47.342206], [-120.655423, 47.342211], [-120.655515, 47.342227], [-120.655605, 47.342253], [-120.655693, 47.342285], [-120.65578, 47.342323], [-120.655866, 47.342365], [-120.65595, 47.342409], [-120.656034, 47.342454], [-120.656116, 47.342498], [-120.656197, 47.342539], [-120.656277, 47.342581], [-120.656356, 47.342624], [-120.656434, 47.342668], [-120.65651, 47.342714], [-120.656584, 47.342761], [-120.656655, 47.342811], [-120.656722, 47.342862], [-120.656785, 47.342914], [-120.656845, 47.342969], [-120.656903, 47.343024], [-120.656959, 47.343081], [-120.657014, 47.343139], [-120.657067, 47.343197], [-120.657119, 47.343256], [-120.65717, 47.343316], [-120.657221, 47.343376], [-120.657271, 47.343435], [-120.65732, 47.343495], [-120.65737, 47.343555], [-120.657418, 47.343616], [-120.657462, 47.343681], [-120.657505, 47.343747], [-120.657545, 47.343814], [-120.657586, 47.343881], [-120.657627, 47.343946], [-120.657672, 47.344009], [-120.657719, 47.344068], [-120.657772, 47.344121], [-120.65783, 47.344169], [-120.657901, 47.344207], [-120.657994, 47.344225], [-120.658102, 47.344229], [-120.658215, 47.344221], [-120.658323, 47.344206], [-120.658417, 47.344186], [-120.658508, 47.344159], [-120.658596, 47.344125], [-120.658682, 47.344087], [-120.658768, 47.344048], [-120.658856, 47.34401], [-120.658944, 47.343976], [-120.659036, 47.343949], [-120.659131, 47.343929], [-120.659228, 47.343915], [-120.659327, 47.343904], [-120.659426, 47.343895], [-120.659527, 47.343889], [-120.659628, 47.343883], [-120.659729, 47.343879], [-120.659831, 47.343874], [-120.659933, 47.343869], [-120.660034, 47.343863], [-120.660135, 47.343855], [-120.660234, 47.343845], [-120.660333, 47.343831], [-120.660432, 47.343817], [-120.660529, 47.343801], [-120.660628, 47.343786], [-120.660725, 47.343769], [-120.660823, 47.343753], [-120.660921, 47.343735], [-120.661018, 47.343718], [-120.661115, 47.3437], [-120.661213, 47.343682], [-120.66131, 47.343663], [-120.661407, 47.343645], [-120.661504, 47.343626], [-120.661602, 47.343607], [-120.661699, 47.343588], [-120.661796, 47.34357], [-120.661893, 47.343551], [-120.66199, 47.343533], [-120.662087, 47.343515], [-120.662185, 47.343496], [-120.662247, 47.343483], [-120.662281, 47.343476], [-120.662378, 47.343455], [-120.662475, 47.343432], [-120.662571, 47.34341], [-120.662668, 47.343388], [-120.662764, 47.343366], [-120.662861, 47.343345], [-120.662958, 47.343326], [-120.663055, 47.343309], [-120.663152, 47.343294], [-120.66325, 47.343282], [-120.663349, 47.343273], [-120.66345, 47.343264], [-120.663555, 47.343256], [-120.663662, 47.343248], [-120.66377, 47.343243], [-120.663877, 47.34324], [-120.663983, 47.343241], [-120.664087, 47.343247], [-120.664186, 47.343259], [-120.66428, 47.343278], [-120.664368, 47.343305], [-120.664448, 47.34334], [-120.664526, 47.343379], [-120.664602, 47.34342], [-120.664677, 47.343461], [-120.664751, 47.343505], [-120.664825, 47.343549], [-120.664897, 47.343595], [-120.664969, 47.343642], [-120.665039, 47.343689], [-120.66511, 47.343738], [-120.66518, 47.343787], [-120.665249, 47.343838], [-120.665318, 47.343889], [-120.665386, 47.34394], [-120.665454, 47.343992], [-120.665523, 47.344044], [-120.66559, 47.344097], [-120.665658, 47.344149], [-120.665726, 47.344202], [-120.665793, 47.344255], [-120.665861, 47.344308], [-120.665929, 47.344361], [-120.665998, 47.344413], [-120.666067, 47.344465], [-120.666136, 47.344517], [-120.666206, 47.344567], [-120.666276, 47.344618], [-120.666347, 47.344668], [-120.666419, 47.344717], [-120.666491, 47.344765], [-120.666565, 47.344812], [-120.666639, 47.344858], [-120.666715, 47.344903], [-120.666792, 47.344948], [-120.666872, 47.344991], [-120.666952, 47.345034], [-120.667035, 47.345075], [-120.66712, 47.345114], [-120.667205, 47.345152], [-120.667292, 47.345187], [-120.667381, 47.345221], [-120.667471, 47.345251], [-120.667562, 47.345279], [-120.667655, 47.345303], [-120.667749, 47.345325], [-120.667844, 47.345345], [-120.667941, 47.345363], [-120.668039, 47.34538], [-120.668137, 47.345395], [-120.668236, 47.345409], [-120.668336, 47.345422], [-120.668437, 47.345435], [-120.668537, 47.345447], [-120.668638, 47.345459], [-120.668738, 47.345471], [-120.668839, 47.345483], [-120.668938, 47.345496], [-120.669038, 47.345509], [-120.669136, 47.345524], [-120.669234, 47.34554], [-120.669331, 47.345558], [-120.669427, 47.345578], [-120.669521, 47.345599], [-120.669614, 47.345626], [-120.669704, 47.345658], [-120.669791, 47.345695], [-120.669875, 47.345736], [-120.669954, 47.345781], [-120.670028, 47.345828], [-120.670096, 47.345878], [-120.670159, 47.345931], [-120.670218, 47.345986], [-120.670273, 47.346044], [-120.670325, 47.346104], [-120.670376, 47.346165], [-120.670427, 47.346226], [-120.670478, 47.346287], [-120.670538, 47.346355], [-120.670585, 47.346404], [-120.670643, 47.346459], [-120.670705, 47.346512], [-120.670773, 47.34656], [-120.670849, 47.346602], [-120.670934, 47.346637], [-120.671026, 47.346678], [-120.67111, 47.346716], [-120.671195, 47.346753], [-120.671284, 47.346785], [-120.67138, 47.346807], [-120.67148, 47.346824], [-120.671576, 47.346846], [-120.671661, 47.34688], [-120.671735, 47.346924], [-120.671804, 47.346976], [-120.671867, 47.347031], [-120.671927, 47.347086], [-120.671982, 47.347144], [-120.672031, 47.347204], [-120.672079, 47.347264], [-120.672132, 47.347323], [-120.672192, 47.347378], [-120.672256, 47.34743], [-120.672322, 47.347483], [-120.672384, 47.347537], [-120.672443, 47.347592], [-120.672501, 47.347648], [-120.672559, 47.347705], [-120.672616, 47.347761], [-120.672675, 47.347817], [-120.672732, 47.347874], [-120.672789, 47.347932], [-120.672846, 47.347989], [-120.672906, 47.348044], [-120.67297, 47.348096], [-120.673044, 47.34814], [-120.673138, 47.348169], [-120.673233, 47.348196], [-120.67331, 47.348238], [-120.673378, 47.348288], [-120.673445, 47.348341], [-120.673507, 47.348397], [-120.673564, 47.348455], [-120.673613, 47.348515], [-120.673652, 47.348576], [-120.673682, 47.348641], [-120.673704, 47.348708], [-120.673721, 47.348776], [-120.673736, 47.348845], [-120.673753, 47.348913], [-120.673772, 47.348981], [-120.673798, 47.349047], [-120.673832, 47.349111], [-120.673874, 47.349173], [-120.673922, 47.349233], [-120.673973, 47.349293], [-120.674026, 47.349352], [-120.674079, 47.349411], [-120.674132, 47.349469], [-120.67419, 47.349526], [-120.67425, 47.349581], [-120.67431, 47.349637], [-120.674363, 47.349695], [-120.674407, 47.349756], [-120.674438, 47.349821], [-120.67446, 47.349889], [-120.674479, 47.349958], [-120.674501, 47.350025], [-120.67453, 47.35009], [-120.674575, 47.35015], [-120.67463, 47.350206], [-120.674695, 47.350258], [-120.674764, 47.350309], [-120.674835, 47.350359], [-120.674905, 47.35041], [-120.674969, 47.350463], [-120.67503, 47.350518], [-120.675087, 47.350574], [-120.675143, 47.350631], [-120.675202, 47.350687], [-120.675262, 47.350742], [-120.675323, 47.350797], [-120.675385, 47.350851], [-120.67545, 47.350903], [-120.67552, 47.350953], [-120.675594, 47.350999], [-120.67567, 47.351044], [-120.675748, 47.351088], [-120.675827, 47.35113], [-120.675907, 47.351173], [-120.675986, 47.351215], [-120.676067, 47.351256], [-120.676149, 47.351296], [-120.676231, 47.351335], [-120.676316, 47.351373], [-120.676402, 47.35141], [-120.676491, 47.351443], [-120.676585, 47.351465], [-120.676686, 47.351477], [-120.676787, 47.351476], [-120.676886, 47.351463], [-120.676984, 47.351442], [-120.677074, 47.351412], [-120.677159, 47.351376], [-120.677241, 47.351335], [-120.67732, 47.351291], [-120.677395, 47.351245], [-120.677466, 47.351197], [-120.677533, 47.351145], [-120.677598, 47.351092], [-120.677664, 47.35104], [-120.677733, 47.350991], [-120.677809, 47.350947], [-120.677895, 47.35091], [-120.677984, 47.350877], [-120.678069, 47.35084], [-120.678152, 47.350802], [-120.678235, 47.350762], [-120.678316, 47.350722], [-120.678397, 47.35068], [-120.678477, 47.350638], [-120.678556, 47.350596], [-120.678634, 47.350552], [-120.678711, 47.350508], [-120.678786, 47.350462], [-120.678858, 47.350414], [-120.678929, 47.350366], [-120.678999, 47.350316], [-120.679065, 47.350264], [-120.679129, 47.350211], [-120.67919, 47.350157], [-120.679248, 47.3501], [-120.679303, 47.350042], [-120.67935, 47.349982], [-120.679388, 47.349919], [-120.679419, 47.349853], [-120.679442, 47.349786], [-120.679456, 47.349717], [-120.679475, 47.34965], [-120.679518, 47.349586], [-120.679597, 47.349548], [-120.679701, 47.349541], [-120.679803, 47.349556], [-120.67988, 47.349594], [-120.679947, 47.349647], [-120.680015, 47.349701], [-120.68009, 47.349747], [-120.680168, 47.34979], [-120.680249, 47.349831], [-120.680331, 47.349871], [-120.680414, 47.349909], [-120.680499, 47.349947], [-120.680584, 47.349984], [-120.680668, 47.350021], [-120.680754, 47.350057], [-120.680841, 47.350093], [-120.680928, 47.350126], [-120.681017, 47.350159], [-120.681106, 47.350192], [-120.681196, 47.350224], [-120.681286, 47.350253], [-120.681379, 47.350279], [-120.681477, 47.350297], [-120.681575, 47.350313], [-120.681678, 47.350325], [-120.681782, 47.350335], [-120.681866, 47.350365], [-120.681933, 47.350414], [-120.681993, 47.350473], [-120.682041, 47.350536], [-120.682075, 47.350601], [-120.682084, 47.350666], [-120.682072, 47.350735], [-120.682052, 47.350805], [-120.682038, 47.350873], [-120.682021, 47.350941], [-120.682005, 47.351009], [-120.681992, 47.351077], [-120.681988, 47.351145], [-120.68199, 47.351213], [-120.681995, 47.351282], [-120.682003, 47.35135], [-120.682011, 47.351419], [-120.682018, 47.351487], [-120.68202, 47.351557], [-120.682023, 47.351626], [-120.682042, 47.351692], [-120.682074, 47.351757], [-120.682108, 47.351821], [-120.682144, 47.351885], [-120.682183, 47.351949], [-120.682222, 47.352012], [-120.682263, 47.352075], [-120.682306, 47.352137], [-120.68235, 47.352199], [-120.682395, 47.35226], [-120.682444, 47.352321], [-120.682496, 47.352379], [-120.682552, 47.352437], [-120.682611, 47.352493], [-120.682672, 47.352547], [-120.682741, 47.352597], [-120.682815, 47.352643], [-120.682892, 47.352688], [-120.682968, 47.352734], [-120.683045, 47.352777], [-120.683124, 47.352821], [-120.6832, 47.352866], [-120.683273, 47.352913], [-120.683341, 47.352964], [-120.683408, 47.353016], [-120.683474, 47.353069], [-120.683478, 47.353071], [-120.683482, 47.353074], [-120.683541, 47.35312], [-120.683612, 47.353168], [-120.683688, 47.353212], [-120.683771, 47.35325], [-120.683861, 47.353281], [-120.683955, 47.353309], [-120.684009, 47.353323], [-120.684049, 47.353334], [-120.684146, 47.353355], [-120.684245, 47.353371], [-120.684344, 47.353385], [-120.684442, 47.353403], [-120.684533, 47.353429], [-120.684617, 47.353466], [-120.684693, 47.353513], [-120.684764, 47.353563], [-120.684831, 47.353614], [-120.684896, 47.353666], [-120.68496, 47.353719], [-120.685024, 47.353772], [-120.685087, 47.353825], [-120.68515, 47.353879], [-120.685214, 47.353933], [-120.685277, 47.353986], [-120.685341, 47.354039], [-120.685406, 47.354091], [-120.685471, 47.354144], [-120.685536, 47.354196], [-120.685601, 47.354249], [-120.685667, 47.354301], [-120.685733, 47.354353], [-120.685799, 47.354404], [-120.685866, 47.354456], [-120.685933, 47.354506], [-120.686003, 47.354556], [-120.686072, 47.354606], [-120.686142, 47.354656], [-120.68621, 47.354706], [-120.686277, 47.354758], [-120.686341, 47.35481], [-120.686406, 47.354863], [-120.686469, 47.354916], [-120.686534, 47.354969], [-120.686599, 47.355021], [-120.686661, 47.355076], [-120.686724, 47.355131], [-120.686789, 47.355184], [-120.68686, 47.355232], [-120.686938, 47.355273], [-120.687022, 47.355311], [-120.687109, 47.355346], [-120.6872, 47.355378], [-120.687292, 47.355407], [-120.687387, 47.355433], [-120.687481, 47.355457], [-120.687577, 47.355475], [-120.687677, 47.355486], [-120.687778, 47.355493], [-120.687879, 47.3555], [-120.687979, 47.35551], [-120.688078, 47.355526], [-120.688177, 47.355542], [-120.688275, 47.355563], [-120.688368, 47.355589], [-120.688454, 47.355623], [-120.688534, 47.355663], [-120.688611, 47.355706], [-120.688687, 47.355753], [-120.68876, 47.3558], [-120.688833, 47.355849], [-120.688905, 47.355898], [-120.688977, 47.355946], [-120.689047, 47.355995], [-120.689115, 47.356046], [-120.689182, 47.356097], [-120.68925, 47.356148], [-120.689319, 47.356198], [-120.689391, 47.356246], [-120.689466, 47.356291], [-120.689545, 47.356334], [-120.689626, 47.356375], [-120.689708, 47.356416], [-120.689788, 47.356457], [-120.689867, 47.3565], [-120.689943, 47.356545], [-120.690017, 47.356591], [-120.690091, 47.356638], [-120.690164, 47.356685], [-120.690239, 47.356731], [-120.690314, 47.356777], [-120.690389, 47.356823], [-120.690466, 47.356868], [-120.690547, 47.356908], [-120.690634, 47.356943], [-120.690728, 47.356973], [-120.690821, 47.357002], [-120.690909, 47.357035], [-120.690986, 47.357076], [-120.691051, 47.357127], [-120.691106, 47.357185], [-120.691154, 47.357247], [-120.691197, 47.35731], [-120.691236, 47.357373], [-120.691268, 47.357438], [-120.691294, 47.357504], [-120.691318, 47.357571], [-120.691344, 47.357638], [-120.691372, 47.357704], [-120.6914, 47.35777], [-120.691422, 47.357837], [-120.691438, 47.357904], [-120.691454, 47.357972], [-120.691473, 47.358039], [-120.691498, 47.358106], [-120.691525, 47.358172], [-120.691554, 47.358237], [-120.691583, 47.358303], [-120.691612, 47.358369], [-120.691642, 47.358434], [-120.691671, 47.3585], [-120.691699, 47.358566], [-120.691726, 47.358632], [-120.691752, 47.358698], [-120.691761, 47.358766], [-120.691766, 47.358835], [-120.691776, 47.358903], [-120.691785, 47.358972], [-120.691797, 47.35904], [-120.691815, 47.359107], [-120.691837, 47.359174], [-120.691858, 47.359241], [-120.69188, 47.359308], [-120.691903, 47.359375], [-120.691927, 47.359442], [-120.691953, 47.359508], [-120.69198, 47.359574], [-120.692008, 47.35964], [-120.692039, 47.359705], [-120.692042, 47.359711], [-120.692073, 47.359769], [-120.692112, 47.359832], [-120.692155, 47.359894], [-120.692202, 47.359955], [-120.69225, 47.360016], [-120.692296, 47.360077], [-120.69234, 47.360138], [-120.692381, 47.360201], [-120.69242, 47.360264], [-120.692459, 47.360328], [-120.692498, 47.360391], [-120.692538, 47.360454], [-120.692579, 47.360516], [-120.692621, 47.360579], [-120.692655, 47.360628], [-120.692706, 47.360703], [-120.69275, 47.360765], [-120.692795, 47.360826], [-120.692841, 47.360887], [-120.692889, 47.360947], [-120.692938, 47.361008], [-120.692988, 47.361068], [-120.693038, 47.361128], [-120.693092, 47.361186], [-120.693147, 47.361243], [-120.693207, 47.361298], [-120.693271, 47.36135], [-120.693343, 47.361398], [-120.69342, 47.361442], [-120.693501, 47.361485], [-120.693584, 47.361525], [-120.693667, 47.361563], [-120.693753, 47.361599], [-120.693841, 47.361633], [-120.69393, 47.361666], [-120.694019, 47.361698], [-120.694108, 47.36173], [-120.694197, 47.361762], [-120.694288, 47.361793], [-120.694379, 47.361823], [-120.69447, 47.361853], [-120.694561, 47.361884], [-120.694649, 47.361917], [-120.694734, 47.361953], [-120.694815, 47.361993], [-120.694896, 47.362035], [-120.694975, 47.362078], [-120.695051, 47.362124], [-120.695125, 47.362172], [-120.695195, 47.362221], [-120.695261, 47.362272], [-120.695319, 47.362327], [-120.695367, 47.362388], [-120.695407, 47.362452], [-120.695448, 47.362516], [-120.695494, 47.362577], [-120.695552, 47.362632], [-120.695619, 47.362682], [-120.695693, 47.362729], [-120.695772, 47.362773], [-120.695853, 47.362815], [-120.695936, 47.362855], [-120.696021, 47.362892], [-120.696109, 47.362925], [-120.6962, 47.362955], [-120.696292, 47.362983], [-120.696388, 47.363005], [-120.696487, 47.363021], [-120.696587, 47.36303], [-120.696693, 47.363031], [-120.696797, 47.363032], [-120.696891, 47.363047], [-120.696966, 47.363084], [-120.697029, 47.363138], [-120.697086, 47.363199], [-120.697148, 47.363255], [-120.697224, 47.3633], [-120.69731, 47.363337], [-120.697395, 47.363375], [-120.697466, 47.363423], [-120.697527, 47.363477], [-120.697583, 47.363534], [-120.697637, 47.363593], [-120.697682, 47.363655], [-120.697723, 47.36372], [-120.697767, 47.363782], [-120.697823, 47.363837], [-120.697895, 47.363882], [-120.697979, 47.363919], [-120.698068, 47.363953], [-120.69816, 47.363985], [-120.698248, 47.36402], [-120.69833, 47.36406], [-120.698405, 47.364105], [-120.698479, 47.364152], [-120.698551, 47.364199], [-120.698622, 47.364248], [-120.698692, 47.364297], [-120.698762, 47.364347], [-120.698831, 47.364397], [-120.698901, 47.364447], [-120.698971, 47.364497], [-120.699042, 47.364546], [-120.699113, 47.364594], [-120.699184, 47.364643], [-120.699256, 47.364692], [-120.699332, 47.364737], [-120.699414, 47.364776], [-120.699507, 47.364803], [-120.699603, 47.364828], [-120.699688, 47.364863], [-120.699765, 47.364907], [-120.699839, 47.364954], [-120.699911, 47.365002], [-120.699982, 47.365052], [-120.700055, 47.3651], [-120.700128, 47.365147], [-120.700204, 47.365192], [-120.700284, 47.365232], [-120.700371, 47.365267], [-120.700462, 47.365296], [-120.700556, 47.365322], [-120.700652, 47.365345], [-120.700748, 47.365369], [-120.700843, 47.36539], [-120.700941, 47.365408], [-120.701039, 47.365425], [-120.701137, 47.365441], [-120.701236, 47.365455], [-120.701335, 47.365468], [-120.701433, 47.365485], [-120.701527, 47.36551], [-120.701617, 47.365541], [-120.701708, 47.365572], [-120.701802, 47.365595], [-120.7019, 47.365611], [-120.701999, 47.365623], [-120.7021, 47.365632], [-120.702201, 47.365639], [-120.702301, 47.365643], [-120.702402, 47.365643], [-120.702503, 47.365641], [-120.702604, 47.365637], [-120.702705, 47.365634], [-120.702806, 47.365633], [-120.702907, 47.365631], [-120.703007, 47.365629], [-120.703164, 47.365627], [-120.703264, 47.365615], [-120.703363, 47.365602], [-120.703463, 47.365589], [-120.703563, 47.365576], [-120.703663, 47.365564], [-120.703762, 47.365553], [-120.703862, 47.365546], [-120.703962, 47.365542], [-120.704061, 47.365544], [-120.704161, 47.365552], [-120.70426, 47.365565], [-120.70436, 47.36558], [-120.704459, 47.365594], [-120.704559, 47.365605], [-120.70466, 47.365612], [-120.704761, 47.365615], [-120.704861, 47.365615], [-120.704962, 47.365613], [-120.705063, 47.36561], [-120.705165, 47.365607], [-120.705265, 47.365603], [-120.705366, 47.365596], [-120.705466, 47.365586], [-120.705564, 47.365572], [-120.705661, 47.365554], [-120.705751, 47.365534], [-120.705854, 47.365511], [-120.70595, 47.36549], [-120.706047, 47.365471], [-120.706145, 47.365457], [-120.706245, 47.36545], [-120.706346, 47.365447], [-120.706448, 47.365445], [-120.706549, 47.365443], [-120.706649, 47.365441], [-120.70675, 47.365441], [-120.706851, 47.36544], [-120.706952, 47.365437], [-120.707052, 47.365432], [-120.707153, 47.365424], [-120.707253, 47.365413], [-120.707352, 47.3654], [-120.707448, 47.36538], [-120.707544, 47.365358], [-120.707642, 47.365341], [-120.70774, 47.365326], [-120.707839, 47.365313], [-120.707939, 47.365302], [-120.708039, 47.365293], [-120.708141, 47.365285], [-120.708242, 47.365284], [-120.708341, 47.365292], [-120.708438, 47.365311], [-120.708533, 47.365336], [-120.708623, 47.365367], [-120.708707, 47.365404], [-120.708789, 47.365445], [-120.708869, 47.365487], [-120.708952, 47.365526], [-120.709034, 47.365567], [-120.709117, 47.365608], [-120.709202, 47.365643], [-120.709294, 47.36567], [-120.709391, 47.365687], [-120.709492, 47.365699], [-120.709593, 47.365712], [-120.70969, 47.365729], [-120.709783, 47.365755], [-120.70988, 47.365784], [-120.709976, 47.365817], [-120.710065, 47.365855], [-120.710138, 47.365899], [-120.710191, 47.365951], [-120.710222, 47.366011], [-120.71024, 47.366078], [-120.710248, 47.366148], [-120.710254, 47.36622], [-120.710262, 47.366292], [-120.710277, 47.366361], [-120.710304, 47.366427], [-120.710338, 47.366491], [-120.710378, 47.366555], [-120.71042, 47.366617], [-120.710463, 47.366679], [-120.710509, 47.366741], [-120.710559, 47.3668], [-120.710615, 47.366857], [-120.710679, 47.36691], [-120.710696, 47.366923], [-120.710748, 47.366961], [-120.710818, 47.367011], [-120.710886, 47.367062], [-120.710947, 47.367116], [-120.710999, 47.367174], [-120.711041, 47.367237], [-120.711077, 47.367304], [-120.711111, 47.367371], [-120.711146, 47.367437], [-120.711188, 47.367499], [-120.711239, 47.367555], [-120.711303, 47.367604], [-120.711378, 47.367647], [-120.711462, 47.367686], [-120.711553, 47.367721], [-120.711647, 47.367751], [-120.711743, 47.367778], [-120.71184, 47.367801], [-120.711935, 47.36782], [-120.712033, 47.367831], [-120.712134, 47.367837], [-120.712235, 47.367841], [-120.712338, 47.367844], [-120.71244, 47.367848], [-120.71254, 47.367856], [-120.71264, 47.367868], [-120.712739, 47.367881], [-120.712837, 47.367895], [-120.712936, 47.367909], [-120.713035, 47.367924], [-120.713133, 47.367938], [-120.713232, 47.367953], [-120.713331, 47.367966], [-120.71343, 47.367979], [-120.71353, 47.367989], [-120.71363, 47.367998], [-120.713731, 47.368005], [-120.713832, 47.368011], [-120.713933, 47.368017], [-120.714033, 47.368024], [-120.714134, 47.368031], [-120.714234, 47.368041], [-120.714333, 47.368053], [-120.71443, 47.368068], [-120.714527, 47.368086], [-120.714622, 47.368108], [-120.714717, 47.368131], [-120.714811, 47.368156], [-120.714905, 47.368182], [-120.714998, 47.368209], [-120.715091, 47.368236], [-120.715185, 47.368262], [-120.715278, 47.368288], [-120.715372, 47.368313], [-120.715466, 47.368338], [-120.71556, 47.368364], [-120.715654, 47.368389], [-120.715748, 47.368414], [-120.715841, 47.36844], [-120.715935, 47.368464], [-120.71603, 47.368489], [-120.716124, 47.368512], [-120.716219, 47.368535], [-120.716315, 47.368558], [-120.71641, 47.368581], [-120.716505, 47.368603], [-120.716601, 47.368624], [-120.716698, 47.368645], [-120.716794, 47.368665], [-120.716891, 47.368684], [-120.716988, 47.368702], [-120.717086, 47.368717], [-120.717185, 47.368731], [-120.717285, 47.368743], [-120.717385, 47.368754], [-120.717485, 47.368763], [-120.717586, 47.368769], [-120.717689, 47.368774], [-120.717791, 47.368777], [-120.717893, 47.368781], [-120.717995, 47.368786], [-120.718095, 47.368794], [-120.718194, 47.368804], [-120.71829, 47.368819], [-120.718384, 47.36884], [-120.718474, 47.368867], [-120.71856, 47.368901], [-120.718644, 47.368939], [-120.718726, 47.368981], [-120.718808, 47.369023], [-120.71889, 47.369065], [-120.719679, 47.369373], [-120.719768, 47.369405], [-120.719857, 47.369438], [-120.719946, 47.369471], [-120.720034, 47.369504], [-120.720121, 47.369538], [-120.720134, 47.369543], [-120.720209, 47.369572], [-120.720295, 47.369607], [-120.720381, 47.369643], [-120.720551, 47.369717], [-120.720764, 47.369814], [-120.720967, 47.369917], [-120.721045, 47.369961], [-120.721114, 47.370001], [-120.721121, 47.370005], [-120.721193, 47.370051], [-120.72126, 47.3701], [-120.721311, 47.37016], [-120.721345, 47.370228], [-120.721362, 47.370291], [-120.721369, 47.370364], [-120.721363, 47.370432], [-120.72135, 47.370501], [-120.721346, 47.370522], [-120.72132, 47.370697], [-120.721331, 47.370793], [-120.721346, 47.370841], [-120.721374, 47.370906], [-120.721499, 47.371124], [-120.721523, 47.371164], [-120.721558, 47.371228], [-120.721588, 47.371294], [-120.721633, 47.371428], [-120.721653, 47.371495], [-120.721665, 47.37153], [-120.721692, 47.371605], [-120.721735, 47.371693], [-120.721783, 47.371754], [-120.721844, 47.371808], [-120.721892, 47.371841], [-120.721915, 47.371857], [-120.72195, 47.371878], [-120.722042, 47.37193], [-120.722125, 47.371976], [-120.722189, 47.372014], [-120.722223, 47.372035], [-120.722298, 47.372081], [-120.72233, 47.372101], [-120.722412, 47.372151], [-120.722412, 47.372151], [-120.722447, 47.372173], [-120.722504, 47.372209], [-120.722504, 47.372209], [-120.722522, 47.372219], [-120.722549, 47.372236], [-120.722596, 47.372266], [-120.722638, 47.372291], [-120.722671, 47.372312], [-120.722747, 47.372357], [-120.72278, 47.372376], [-120.722826, 47.372401], [-120.7229, 47.372447], [-120.722963, 47.3725], [-120.723036, 47.372569], [-120.723081, 47.372614], [-120.723093, 47.372628], [-120.723134, 47.372674], [-120.723176, 47.37273], [-120.723218, 47.372797], [-120.723239, 47.372862], [-120.723239, 47.372931], [-120.723228, 47.372994], [-120.723227, 47.373001], [-120.723208, 47.373069], [-120.723182, 47.373136], [-120.723177, 47.373146], [-120.72315, 47.373202], [-120.723141, 47.373218], [-120.723116, 47.373268], [-120.723099, 47.373302], [-120.723085, 47.373333], [-120.72306, 47.3734], [-120.723047, 47.373467], [-120.723046, 47.373586], [-120.723052, 47.373761], [-120.723055, 47.373808], [-120.72306, 47.373877], [-120.723067, 47.373946], [-120.723075, 47.374015], [-120.723085, 47.374084], [-120.723096, 47.374152], [-120.723109, 47.374221], [-120.723122, 47.374289], [-120.723137, 47.374357], [-120.723154, 47.374425], [-120.723172, 47.374492], [-120.723192, 47.374558], [-120.723218, 47.374624], [-120.723252, 47.374688], [-120.723291, 47.374751], [-120.723335, 47.374813], [-120.723381, 47.374875], [-120.723428, 47.374936], [-120.723474, 47.374998], [-120.723531, 47.375081], [-120.723534, 47.375114], [-120.72354, 47.375182], [-120.723554, 47.37525], [-120.723568, 47.375322], [-120.72358, 47.375388], [-120.723596, 47.375456], [-120.723614, 47.375523], [-120.723639, 47.375589], [-120.723672, 47.375653], [-120.723713, 47.375715], [-120.723761, 47.375775], [-120.723812, 47.375834], [-120.723866, 47.375893], [-120.72392, 47.375952], [-120.723972, 47.376011], [-120.724024, 47.37607], [-120.724081, 47.376128], [-120.724132, 47.376188], [-120.724166, 47.376251], [-120.724187, 47.376318], [-120.724206, 47.376385], [-120.724223, 47.376452], [-120.724239, 47.37652], [-120.724253, 47.376587], [-120.724266, 47.376656], [-120.724279, 47.376724], [-120.724292, 47.376792], [-120.724305, 47.376861], [-120.724318, 47.376929], [-120.724331, 47.376997], [-120.724346, 47.377065], [-120.724362, 47.377133], [-120.72438, 47.3772], [-120.724399, 47.377267], [-120.724421, 47.377334], [-120.724449, 47.3774], [-120.724482, 47.377464], [-120.724519, 47.377528], [-120.724559, 47.377591], [-120.724602, 47.377654], [-120.724645, 47.377716], [-120.724689, 47.377778], [-120.724737, 47.377838], [-120.724786, 47.377898], [-120.724837, 47.377957], [-120.724888, 47.378016], [-120.724937, 47.378076], [-120.724985, 47.378137], [-120.725029, 47.378198], [-120.725073, 47.37826], [-120.725116, 47.378322], [-120.72516, 47.378384], [-120.725203, 47.378446], [-120.725247, 47.378508], [-120.725292, 47.378569], [-120.72534, 47.378629], [-120.725392, 47.378688], [-120.725444, 47.378747], [-120.725491, 47.378807], [-120.725532, 47.37887], [-120.725567, 47.378934], [-120.7256, 47.378999], [-120.725634, 47.379064], [-120.725671, 47.379128], [-120.725716, 47.379189], [-120.725764, 47.379249], [-120.725815, 47.379309], [-120.72587, 47.379367], [-120.725927, 47.379423], [-120.725989, 47.379477], [-120.726055, 47.379529], [-120.726125, 47.379578], [-120.726198, 47.379625], [-120.726271, 47.379673], [-120.726343, 47.379722], [-120.726412, 47.379772], [-120.726482, 47.379821], [-120.726553, 47.379871], [-120.726625, 47.37992], [-120.726696, 47.37997], [-120.726764, 47.380021], [-120.72683, 47.380073], [-120.72689, 47.380127], [-120.726946, 47.380183], [-120.726992, 47.380242], [-120.727037, 47.380303], [-120.727076, 47.380367], [-120.72711, 47.380432], [-120.72714, 47.380498], [-120.727169, 47.380565], [-120.727197, 47.380632], [-120.727225, 47.380697], [-120.727246, 47.380764], [-120.727257, 47.380833], [-120.727261, 47.380902], [-120.727263, 47.38097], [-120.727265, 47.381039], [-120.727265, 47.381107], [-120.727264, 47.381176], [-120.72726, 47.381245], [-120.727255, 47.381313], [-120.727247, 47.381381], [-120.727233, 47.381449], [-120.727214, 47.381516], [-120.727194, 47.381584], [-120.727173, 47.381651], [-120.727153, 47.381718], [-120.727134, 47.381785], [-120.727112, 47.381852], [-120.727091, 47.38192], [-120.727071, 47.381987], [-120.727053, 47.382054], [-120.727036, 47.382122], [-120.727023, 47.382189], [-120.727013, 47.382258], [-120.727006, 47.382327], [-120.727, 47.382395], [-120.726996, 47.382464], [-120.726992, 47.382534], [-120.726971, 47.382603], [-120.726969, 47.382832], [-120.726968, 47.382876], [-120.726944, 47.382943], [-120.726924, 47.383009], [-120.72688, 47.38307], [-120.726817, 47.383129], [-120.726754, 47.383186], [-120.726706, 47.383245], [-120.726688, 47.383309], [-120.726687, 47.383376], [-120.726696, 47.383445], [-120.726715, 47.383515], [-120.726742, 47.383584], [-120.726775, 47.38365], [-120.726813, 47.383712], [-120.726864, 47.383771], [-120.726927, 47.383826], [-120.72696, 47.38385], [-120.726998, 47.383877], [-120.727073, 47.383925], [-120.727151, 47.383967], [-120.72724, 47.383999], [-120.727336, 47.384026], [-120.72743, 47.384054], [-120.727516, 47.384089], [-120.727592, 47.384134], [-120.727667, 47.384184], [-120.727739, 47.384239], [-120.727803, 47.384296], [-120.727854, 47.384354], [-120.727889, 47.384413], [-120.727887, 47.384473], [-120.727845, 47.384537], [-120.72779, 47.384602], [-120.727747, 47.384668], [-120.72772, 47.384734], [-120.727694, 47.3848], [-120.727669, 47.384866], [-120.727645, 47.384933], [-120.727622, 47.385], [-120.727598, 47.385066], [-120.727575, 47.385133], [-120.727551, 47.3852], [-120.727526, 47.385266], [-120.727502, 47.385333], [-120.727478, 47.3854], [-120.727454, 47.385466], [-120.727431, 47.385533], [-120.727407, 47.385599], [-120.727383, 47.385666], [-120.727359, 47.385733], [-120.727333, 47.385799], [-120.727307, 47.385865], [-120.72728, 47.385931], [-120.727251, 47.385997], [-120.727219, 47.386062], [-120.727185, 47.386126], [-120.727149, 47.38619], [-120.727111, 47.386254], [-120.727074, 47.386317], [-120.727036, 47.386381], [-120.726998, 47.386445], [-120.726961, 47.386508], [-120.726935, 47.386551], [-120.726885, 47.386635], [-120.726846, 47.386699], [-120.726808, 47.386762], [-120.726768, 47.386825], [-120.726729, 47.386888], [-120.72669, 47.386951], [-120.726644, 47.387014], [-120.726594, 47.387077], [-120.726544, 47.387139], [-120.726496, 47.387201], [-120.726454, 47.387264], [-120.72642, 47.387327], [-120.726398, 47.387391], [-120.72639, 47.387457], [-120.72639, 47.387524], [-120.726398, 47.387591], [-120.726412, 47.38766], [-120.726432, 47.387729], [-120.726456, 47.387797], [-120.726484, 47.387865], [-120.726515, 47.387933], [-120.726548, 47.387998], [-120.726582, 47.388062], [-120.726623, 47.388124], [-120.72667, 47.388185], [-120.726724, 47.388245], [-120.726784, 47.388302], [-120.726849, 47.388355], [-120.726919, 47.388406], [-120.726991, 47.388452], [-120.727067, 47.388496], [-120.727147, 47.388537], [-120.72723, 47.388577], [-120.727314, 47.388615], [-120.727399, 47.388653], [-120.727484, 47.388691], [-120.727569, 47.388729], [-120.727652, 47.388769], [-120.727733, 47.38881], [-120.727811, 47.388853], [-120.727885, 47.388899], [-120.727958, 47.388947], [-120.728028, 47.388996], [-120.728096, 47.389046], [-120.728164, 47.389098], [-120.72823, 47.38915], [-120.728294, 47.389204], [-120.728357, 47.389257], [-120.728419, 47.389312], [-120.72848, 47.389366], [-120.728536, 47.389423], [-120.728581, 47.389487], [-120.728621, 47.389552], [-120.728665, 47.389616], [-120.728719, 47.389671], [-120.728792, 47.389715], [-120.728841, 47.389738], [-120.728873, 47.389752], [-120.728961, 47.389786], [-120.729052, 47.389816], [-120.729147, 47.389845], [-120.729242, 47.389872], [-120.729337, 47.389901], [-120.729429, 47.389931], [-120.729517, 47.389965], [-120.729599, 47.390003], [-120.729672, 47.390047], [-120.729729, 47.390103], [-120.729777, 47.390166], [-120.729822, 47.39023], [-120.729872, 47.390292], [-120.729934, 47.390345], [-120.730011, 47.390387], [-120.730093, 47.390424], [-120.730178, 47.39046], [-120.730266, 47.390492], [-120.730356, 47.390524], [-120.730448, 47.390554], [-120.73054, 47.390585], [-120.730632, 47.390615], [-120.730723, 47.390647], [-120.730813, 47.39068], [-120.7309, 47.390715], [-120.730983, 47.390753], [-120.731069, 47.390792], [-120.731156, 47.390831], [-120.731245, 47.39087], [-120.731334, 47.39091], [-120.731422, 47.390951], [-120.731508, 47.390992], [-120.73159, 47.391036], [-120.731668, 47.391081], [-120.731739, 47.391127], [-120.731804, 47.391176], [-120.73186, 47.391228], [-120.731907, 47.391282], [-120.731938, 47.391341], [-120.731953, 47.391404], [-120.731957, 47.391472], [-120.731951, 47.391542], [-120.731941, 47.391614], [-120.731928, 47.391687], [-120.731918, 47.39176], [-120.731911, 47.391832], [-120.731914, 47.391902], [-120.731929, 47.391969], [-120.731953, 47.392035], [-120.731986, 47.3921], [-120.732025, 47.392164], [-120.73207, 47.392226], [-120.732119, 47.392288], [-120.732171, 47.392347], [-120.732224, 47.392405], [-120.73228, 47.392461], [-120.732339, 47.392518], [-120.7324, 47.392573], [-120.732463, 47.392627], [-120.732529, 47.392679], [-120.732596, 47.392731], [-120.732666, 47.39278], [-120.732737, 47.392829], [-120.732811, 47.392875], [-120.732888, 47.392919], [-120.732967, 47.392961], [-120.733048, 47.393002], [-120.73313, 47.393043], [-120.733212, 47.393083], [-120.733294, 47.393124], [-120.733375, 47.393165], [-120.733453, 47.393208], [-120.733531, 47.393252], [-120.733608, 47.393297], [-120.733684, 47.393341], [-120.73376, 47.393386], [-120.733836, 47.393431], [-120.733913, 47.393476], [-120.73399, 47.393521], [-120.734067, 47.393565], [-120.734143, 47.393614], [-120.734217, 47.393665], [-120.734294, 47.393715], [-120.734374, 47.393755], [-120.734461, 47.393783], [-120.734555, 47.393795], [-120.734652, 47.393803], [-120.734751, 47.393807], [-120.734852, 47.393808], [-120.734954, 47.393805], [-120.735057, 47.393801], [-120.73516, 47.393795], [-120.735263, 47.393787], [-120.735366, 47.393779], [-120.735468, 47.393771], [-120.735568, 47.393764], [-120.735668, 47.393755], [-120.735768, 47.393745], [-120.735868, 47.393735], [-120.735967, 47.393723], [-120.736066, 47.39371], [-120.736166, 47.393697], [-120.736265, 47.393683], [-120.736364, 47.393669], [-120.736463, 47.393655], [-120.736562, 47.393642], [-120.736661, 47.393628], [-120.73676, 47.393615], [-120.736859, 47.393601], [-120.736957, 47.393587], [-120.737056, 47.393573], [-120.737155, 47.393558], [-120.737253, 47.393544], [-120.737352, 47.393529], [-120.737451, 47.393515], [-120.73755, 47.393501], [-120.737649, 47.393487], [-120.737748, 47.393474], [-120.73781, 47.393466], [-120.737847, 47.393461], [-120.737946, 47.393449], [-120.738046, 47.393438], [-120.738146, 47.393427], [-120.738245, 47.393417], [-120.738345, 47.393407], [-120.738445, 47.393398], [-120.738545, 47.393389], [-120.738645, 47.393379], [-120.738745, 47.39337], [-120.738845, 47.393361], [-120.738946, 47.39335], [-120.739046, 47.39334], [-120.739146, 47.393329], [-120.739246, 47.393319], [-120.739347, 47.393309], [-120.739447, 47.3933], [-120.739547, 47.393292], [-120.739647, 47.393285], [-120.739747, 47.393279], [-120.739848, 47.393276], [-120.739948, 47.393274], [-120.740049, 47.393275], [-120.740151, 47.393279], [-120.740254, 47.393286], [-120.740356, 47.393296], [-120.740455, 47.393308], [-120.740554, 47.393324], [-120.740649, 47.393344], [-120.740739, 47.39337], [-120.740819, 47.393412], [-120.740894, 47.393462], [-120.74097, 47.393511], [-120.741052, 47.393549], [-120.741144, 47.393572], [-120.74124, 47.393588], [-120.74134, 47.393599], [-120.741441, 47.393607], [-120.741543, 47.393614], [-120.741645, 47.393621], [-120.741746, 47.39363], [-120.741846, 47.393643], [-120.741943, 47.39366], [-120.742038, 47.393682], [-120.742131, 47.393709], [-120.742223, 47.393737], [-120.742315, 47.393767], [-120.742407, 47.393795], [-120.742501, 47.393821], [-120.742595, 47.393846], [-120.74269, 47.393872], [-120.742785, 47.393898], [-120.742879, 47.393925], [-120.742974, 47.393953], [-120.743069, 47.393979], [-120.743164, 47.394006], [-120.743259, 47.394031], [-120.743355, 47.394055], [-120.74345, 47.394076], [-120.743546, 47.394096], [-120.743642, 47.394113], [-120.743738, 47.394127], [-120.743834, 47.394137], [-120.743932, 47.394139], [-120.74403, 47.394133], [-120.744129, 47.39412], [-120.744227, 47.394101], [-120.744327, 47.39408], [-120.744426, 47.394058], [-120.744525, 47.394036], [-120.744624, 47.394018], [-120.744722, 47.394001], [-120.744819, 47.393984], [-120.744917, 47.393966], [-120.745014, 47.393948], [-120.745112, 47.393929], [-120.74521, 47.39391], [-120.745307, 47.393892], [-120.745404, 47.393874], [-120.745502, 47.393857], [-120.7456, 47.39384], [-120.745698, 47.393825], [-120.745797, 47.393811], [-120.745895, 47.393798], [-120.745995, 47.393787], [-120.746095, 47.393778], [-120.746195, 47.393771], [-120.746295, 47.393765], [-120.746396, 47.393761], [-120.746498, 47.393758], [-120.746599, 47.393756], [-120.7467, 47.393754], [-120.746802, 47.393753], [-120.746902, 47.393752], [-120.747003, 47.393751], [-120.747105, 47.39375], [-120.747207, 47.393751], [-120.747309, 47.393755], [-120.747409, 47.393762], [-120.747508, 47.393775], [-120.747604, 47.393793], [-120.747698, 47.393815], [-120.747792, 47.393841], [-120.747884, 47.393869], [-120.747977, 47.393898], [-120.748069, 47.393927], [-120.748162, 47.393956], [-120.748254, 47.393983], [-120.748348, 47.394008], [-120.748443, 47.394032], [-120.748537, 47.394056], [-120.748632, 47.394079], [-120.748727, 47.394102], [-120.748822, 47.394125], [-120.748917, 47.394148], [-120.749012, 47.394171], [-120.749107, 47.394194], [-120.749202, 47.394217], [-120.749297, 47.394241], [-120.749391, 47.394265], [-120.749485, 47.39429], [-120.749579, 47.394316], [-120.749672, 47.394342], [-120.749766, 47.394369], [-120.749859, 47.394395], [-120.749952, 47.394422], [-120.750045, 47.394448], [-120.750138, 47.394474], [-120.750232, 47.394499], [-120.750326, 47.394524], [-120.750421, 47.394548], [-120.750516, 47.394571], [-120.750611, 47.394594], [-120.750707, 47.394616], [-120.750803, 47.394636], [-120.7509, 47.394656], [-120.750997, 47.394675], [-120.751094, 47.394693], [-120.751194, 47.394705], [-120.751296, 47.39471], [-120.751395, 47.394719], [-120.75149, 47.394741], [-120.751581, 47.39477], [-120.751671, 47.394802], [-120.751762, 47.394832], [-120.751854, 47.394861], [-120.751946, 47.394889], [-120.752037, 47.394918], [-120.752129, 47.394947], [-120.752221, 47.394976], [-120.752313, 47.395005], [-120.752405, 47.395032], [-120.752498, 47.39506], [-120.752591, 47.395086], [-120.752685, 47.395111], [-120.752779, 47.395134], [-120.752876, 47.395154], [-120.752973, 47.395172], [-120.753071, 47.395189], [-120.75317, 47.395205], [-120.753268, 47.395222], [-120.753365, 47.395241], [-120.753461, 47.395262], [-120.753556, 47.395285], [-120.753651, 47.395308], [-120.753745, 47.395332], [-120.75384, 47.395357], [-120.753935, 47.395382], [-120.754029, 47.395407], [-120.754122, 47.395434], [-120.754215, 47.395461], [-120.754306, 47.39549], [-120.754397, 47.39552], [-120.754486, 47.395551], [-120.754575, 47.395583], [-120.754663, 47.395617], [-120.75475, 47.395651], [-120.754837, 47.395687], [-120.754923, 47.395724], [-120.755008, 47.395762], [-120.755091, 47.3958], [-120.755174, 47.39584], [-120.755256, 47.395881], [-120.755336, 47.395923], [-120.755414, 47.395966], [-120.75549, 47.396009], [-120.755568, 47.396054], [-120.755644, 47.3961], [-120.75572, 47.396147], [-120.755795, 47.396195], [-120.755867, 47.396244], [-120.755937, 47.396294], [-120.756005, 47.396346], [-120.756068, 47.396399], [-120.756128, 47.396453], [-120.756183, 47.39651], [-120.756232, 47.396568], [-120.756275, 47.396629], [-120.756313, 47.396692], [-120.756346, 47.396756], [-120.756377, 47.396822], [-120.756405, 47.396889], [-120.756433, 47.396956], [-120.756462, 47.397023], [-120.756492, 47.397089], [-120.756525, 47.397154], [-120.756563, 47.397218], [-120.756605, 47.39728], [-120.756652, 47.397341], [-120.756702, 47.397404], [-120.756756, 47.397465], [-120.756813, 47.397524], [-120.756875, 47.397579], [-120.756941, 47.397629], [-120.757012, 47.397674], [-120.757092, 47.397711], [-120.757184, 47.397738], [-120.757286, 47.397756], [-120.757391, 47.397766], [-120.757496, 47.397771], [-120.757595, 47.397769], [-120.757694, 47.397761], [-120.757793, 47.397749], [-120.757891, 47.397733], [-120.757989, 47.397715], [-120.758088, 47.397696], [-120.758186, 47.397677], [-120.758285, 47.39766], [-120.758384, 47.397645], [-120.758482, 47.39763], [-120.758581, 47.397614], [-120.758679, 47.397598], [-120.758778, 47.397583], [-120.758877, 47.39757], [-120.758976, 47.397558], [-120.759076, 47.397549], [-120.759176, 47.397544], [-120.759277, 47.397541], [-120.759378, 47.397541], [-120.75948, 47.397541], [-120.759581, 47.397541], [-120.759682, 47.397541], [-120.759783, 47.397541], [-120.759884, 47.397541], [-120.759985, 47.397541], [-120.760086, 47.397543], [-120.760187, 47.397546], [-120.760288, 47.39755], [-120.760388, 47.397557], [-120.760487, 47.397566], [-120.760586, 47.39758], [-120.760685, 47.397596], [-120.760782, 47.397614], [-120.76088, 47.397633], [-120.760977, 47.397653], [-120.761073, 47.397674], [-120.761168, 47.397696], [-120.761263, 47.397718], [-120.761358, 47.397742], [-120.761453, 47.397766], [-120.761548, 47.397789], [-120.761643, 47.397813], [-120.761737, 47.397837], [-120.761831, 47.397863], [-120.761926, 47.397888], [-120.76202, 47.397912], [-120.762116, 47.397933], [-120.762213, 47.397951], [-120.762311, 47.397967], [-120.76241, 47.397981], [-120.76251, 47.397993], [-120.76261, 47.398003], [-120.76271, 47.398012], [-120.762811, 47.398019], [-120.762911, 47.398024], [-120.763012, 47.398026], [-120.763113, 47.398026], [-120.763215, 47.398023], [-120.763317, 47.398021], [-120.763418, 47.398019], [-120.763519, 47.398019], [-120.76362, 47.398022], [-120.763719, 47.398029], [-120.763818, 47.39804], [-120.763917, 47.398053], [-120.764016, 47.398067], [-120.764114, 47.398083], [-120.764213, 47.3981], [-120.764311, 47.398118], [-120.764408, 47.398137], [-120.764505, 47.398158], [-120.764601, 47.398181], [-120.764696, 47.398204], [-120.76479, 47.398229], [-120.764882, 47.398255], [-120.764973, 47.398284], [-120.765061, 47.398317], [-120.765148, 47.398351], [-120.765234, 47.398388], [-120.765319, 47.398425], [-120.765404, 47.398463], [-120.765489, 47.398501], [-120.765574, 47.398539], [-120.76566, 47.398575], [-120.765748, 47.398609], [-120.765837, 47.398641], [-120.765926, 47.398673], [-120.766016, 47.398704], [-120.766106, 47.398735], [-120.766197, 47.398765], [-120.766288, 47.398796], [-120.766378, 47.398826], [-120.766468, 47.398856], [-120.766558, 47.398888], [-120.766648, 47.398919], [-120.766737, 47.398951], [-120.766826, 47.398984], [-120.766914, 47.399017], [-120.767002, 47.399051], [-120.76709, 47.399085], [-120.767183, 47.399121], [-120.767265, 47.399153], [-120.767353, 47.399187], [-120.76744, 47.399221], [-120.767528, 47.399256], [-120.767614, 47.399291], [-120.7677, 47.399328], [-120.767786, 47.399364], [-120.767872, 47.3994], [-120.767959, 47.399435], [-120.768047, 47.399468], [-120.768136, 47.399499], [-120.768227, 47.399529], [-120.76832, 47.399559], [-120.768414, 47.399589], [-120.768509, 47.399619], [-120.768606, 47.399644], [-120.768703, 47.399665], [-120.7688, 47.399679], [-120.768898, 47.399683], [-120.768997, 47.39968], [-120.769096, 47.399676], [-120.769195, 47.39967], [-120.769294, 47.399662], [-120.769394, 47.399654], [-120.769494, 47.399644], [-120.769594, 47.399634], [-120.769694, 47.399622], [-120.769794, 47.39961], [-120.769894, 47.399596], [-120.769994, 47.399583], [-120.770094, 47.399568], [-120.770194, 47.399553], [-120.770293, 47.399537], [-120.770393, 47.399521], [-120.770491, 47.399505], [-120.77059, 47.399489], [-120.770689, 47.399472], [-120.770786, 47.399456], [-120.770883, 47.399438], [-120.770978, 47.399416], [-120.771071, 47.399389], [-120.771162, 47.399358], [-120.771252, 47.399326], [-120.771341, 47.399292], [-120.77143, 47.39926], [-120.771519, 47.399226], [-120.771605, 47.399188], [-120.77169, 47.399147], [-120.771775, 47.399107], [-120.771861, 47.399068], [-120.771947, 47.399034], [-120.772036, 47.399005], [-120.772129, 47.398985], [-120.772224, 47.398972], [-120.772323, 47.398966], [-120.772425, 47.398966], [-120.772527, 47.398969], [-120.77263, 47.398976], [-120.772733, 47.398985], [-120.772835, 47.398995], [-120.772936, 47.399005], [-120.773034, 47.399017], [-120.773132, 47.399034], [-120.773229, 47.399055], [-120.773325, 47.399078], [-120.77342, 47.399103], [-120.773513, 47.399129], [-120.773605, 47.399157], [-120.773697, 47.399185], [-120.773788, 47.399215], [-120.773878, 47.399245], [-120.773969, 47.399277], [-120.774058, 47.399309], [-120.774147, 47.399341], [-120.774235, 47.399374], [-120.774323, 47.399408], [-120.774409, 47.399444], [-120.774494, 47.399482], [-120.774577, 47.399522], [-120.774657, 47.399563], [-120.774732, 47.399608], [-120.774801, 47.399658], [-120.774868, 47.39971], [-120.774941, 47.399757], [-120.775017, 47.399803], [-120.775095, 47.399847], [-120.775174, 47.39989], [-120.775256, 47.399929], [-120.775342, 47.399965], [-120.775434, 47.399993], [-120.775529, 47.400017], [-120.775626, 47.400038], [-120.775726, 47.40005], [-120.775827, 47.400053], [-120.775928, 47.400054], [-120.77603, 47.400051], [-120.77613, 47.400043], [-120.776227, 47.400026], [-120.776323, 47.400006], [-120.776419, 47.399984], [-120.776513, 47.39996], [-120.776608, 47.399935], [-120.776702, 47.39991], [-120.776796, 47.399884], [-120.776891, 47.39986], [-120.776986, 47.399836], [-120.777082, 47.399814], [-120.777177, 47.399794], [-120.777275, 47.399778], [-120.777374, 47.399766], [-120.777475, 47.399759], [-120.777576, 47.399753], [-120.777677, 47.399748], [-120.777778, 47.399742], [-120.777879, 47.399738], [-120.777979, 47.399734], [-120.77808, 47.399731], [-120.778181, 47.399729], [-120.778282, 47.399725], [-120.778383, 47.399722], [-120.778484, 47.399719], [-120.778585, 47.399716], [-120.778686, 47.399713], [-120.778787, 47.399709], [-120.778887, 47.399702], [-120.778987, 47.399693], [-120.779086, 47.399681], [-120.779185, 47.399669], [-120.779284, 47.399655], [-120.779383, 47.399641], [-120.779482, 47.399627], [-120.779581, 47.399614], [-120.779681, 47.399601], [-120.77978, 47.399588], [-120.779879, 47.399576], [-120.779978, 47.399563], [-120.780078, 47.399551], [-120.780177, 47.39954], [-120.780277, 47.399529], [-120.780377, 47.39952], [-120.780477, 47.39951], [-120.780577, 47.399501], [-120.780677, 47.399492], [-120.780777, 47.399483], [-120.780877, 47.399475], [-120.780978, 47.399467], [-120.781078, 47.399459], [-120.781178, 47.399452], [-120.781279, 47.399444], [-120.781379, 47.399437], [-120.78148, 47.399429], [-120.78158, 47.399422], [-120.781681, 47.399416], [-120.781782, 47.399411], [-120.781882, 47.399408], [-120.781983, 47.399407], [-120.782084, 47.399407], [-120.782186, 47.399407], [-120.782288, 47.399409], [-120.782389, 47.399412], [-120.78249, 47.399418], [-120.78259, 47.399426], [-120.782689, 47.399437], [-120.782787, 47.399451], [-120.782886, 47.399468], [-120.782984, 47.399489], [-120.783081, 47.399514], [-120.783173, 47.399544], [-120.78326, 47.39958], [-120.783339, 47.399621], [-120.783413, 47.399665], [-120.783485, 47.399712], [-120.783556, 47.39976], [-120.783625, 47.39981], [-120.783693, 47.399861], [-120.783759, 47.399913], [-120.783825, 47.399965], [-120.783891, 47.400019], [-120.783955, 47.400072], [-120.78402, 47.400126], [-120.784084, 47.400179], [-120.784149, 47.400232], [-120.784214, 47.400285], [-120.784279, 47.400337], [-120.784342, 47.400391], [-120.784405, 47.400444], [-120.784468, 47.400498], [-120.784528, 47.400553], [-120.784589, 47.400608], [-120.78465, 47.400663], [-120.78471, 47.400718], [-120.78477, 47.400773], [-120.784831, 47.400828], [-120.784891, 47.400883], [-120.784949, 47.400939], [-120.785005, 47.400996], [-120.785058, 47.401054], [-120.785107, 47.401114], [-120.785156, 47.401175], [-120.785205, 47.401235], [-120.785253, 47.401297], [-120.785298, 47.401359], [-120.785341, 47.401422], [-120.785379, 47.401485], [-120.785413, 47.401549], [-120.785442, 47.401614], [-120.785463, 47.40168], [-120.785476, 47.401747], [-120.785483, 47.401816], [-120.785485, 47.401885], [-120.785485, 47.401954], [-120.785484, 47.402024], [-120.785485, 47.402093], [-120.785489, 47.402162], [-120.7855, 47.40223], [-120.785518, 47.402297], [-120.785543, 47.402362], [-120.785574, 47.402427], [-120.785608, 47.402491], [-120.785647, 47.402555], [-120.785688, 47.402618], [-120.78573, 47.402681], [-120.785773, 47.402744], [-120.785816, 47.402806], [-120.785859, 47.402869], [-120.785901, 47.402931], [-120.785945, 47.402993], [-120.785989, 47.403054], [-120.786034, 47.403116], [-120.786079, 47.403177], [-120.786125, 47.403238], [-120.786171, 47.403299], [-120.786217, 47.40336], [-120.786262, 47.403421], [-120.786307, 47.403483], [-120.786351, 47.403544], [-120.786395, 47.403606], [-120.786437, 47.403668], [-120.78648, 47.40373], [-120.786522, 47.403793], [-120.786563, 47.403856], [-120.786604, 47.403918], [-120.786644, 47.403981], [-120.786682, 47.404045], [-120.786719, 47.404108], [-120.786753, 47.404173], [-120.786782, 47.40424], [-120.786805, 47.404309], [-120.786827, 47.404378], [-120.786848, 47.404443], [-120.786875, 47.404514], [-120.786908, 47.404578], [-120.786948, 47.404639], [-120.787, 47.404694], [-120.78706, 47.404747], [-120.787125, 47.404798], [-120.787194, 47.404847], [-120.787267, 47.404895], [-120.787342, 47.404941], [-120.787421, 47.404986], [-120.787515, 47.405038], [-120.787583, 47.405073], [-120.787665, 47.405114], [-120.787749, 47.405155], [-120.787833, 47.405195], [-120.787916, 47.405233], [-120.788, 47.405271], [-120.788084, 47.405309], [-120.788169, 47.405345], [-120.788255, 47.405381], [-120.788342, 47.405416], [-120.788429, 47.405451], [-120.788517, 47.405485], [-120.788605, 47.405518], [-120.788694, 47.405551], [-120.788783, 47.405584], [-120.788873, 47.405616], [-120.788963, 47.405648], [-120.789053, 47.405679], [-120.789143, 47.40571], [-120.789234, 47.40574], [-120.789324, 47.405771], [-120.789415, 47.4058], [-120.789507, 47.405828], [-120.7896, 47.405855], [-120.789694, 47.405881], [-120.789788, 47.405906], [-120.789883, 47.40593], [-120.789978, 47.405954], [-120.790073, 47.405978], [-120.790168, 47.406002], [-120.790262, 47.406026], [-120.790357, 47.406051], [-120.790451, 47.406077], [-120.790543, 47.406104], [-120.790635, 47.406132], [-120.790725, 47.406162], [-120.790814, 47.406194], [-120.790902, 47.406227], [-120.79099, 47.406262], [-120.791078, 47.406298], [-120.791163, 47.406335], [-120.791248, 47.406374], [-120.79133, 47.406415], [-120.79141, 47.406457], [-120.791488, 47.406501], [-120.791563, 47.406546], [-120.791635, 47.406592], [-120.791703, 47.406642], [-120.791766, 47.406694], [-120.791827, 47.406749], [-120.791884, 47.406807], [-120.791938, 47.406865], [-120.791992, 47.406924], [-120.792044, 47.406984], [-120.792096, 47.407043], [-120.792149, 47.407102], [-120.792196, 47.407162], [-120.79224, 47.407224], [-120.792282, 47.407288], [-120.792324, 47.40735], [-120.792368, 47.407412], [-120.792417, 47.407472], [-120.792474, 47.407527], [-120.792537, 47.40758], [-120.792603, 47.407632], [-120.792673, 47.407682], [-120.792745, 47.407731], [-120.792818, 47.407779], [-120.792891, 47.407827], [-120.792962, 47.407876], [-120.793033, 47.407925], [-120.793101, 47.407976], [-120.793166, 47.408028], [-120.793226, 47.408082], [-120.793284, 47.408139], [-120.793341, 47.408195], [-120.793398, 47.408254], [-120.793453, 47.408313], [-120.793505, 47.408373], [-120.793555, 47.408434], [-120.793599, 47.408496], [-120.79364, 47.408559], [-120.793674, 47.408623], [-120.793702, 47.408688], [-120.793724, 47.408754], [-120.793744, 47.40882], [-120.793763, 47.408887], [-120.79378, 47.408954], [-120.793796, 47.409021], [-120.793811, 47.409089], [-120.793825, 47.409156], [-120.793838, 47.409224], [-120.793851, 47.409292], [-120.793862, 47.40936], [-120.793873, 47.409428], [-120.793883, 47.409497], [-120.793893, 47.409565], [-120.793901, 47.409634], [-120.79391, 47.409702], [-120.793919, 47.409771], [-120.793927, 47.40984], [-120.793936, 47.409909], [-120.793944, 47.409977], [-120.793952, 47.410046], [-120.793961, 47.410115], [-120.79397, 47.410184], [-120.793979, 47.410252], [-120.793988, 47.410321], [-120.793998, 47.410389], [-120.794008, 47.410457], [-120.794019, 47.410526], [-120.79403, 47.410594], [-120.794042, 47.410662], [-120.794053, 47.41073], [-120.794065, 47.410798], [-120.794076, 47.410866], [-120.794088, 47.410934], [-120.794099, 47.411002], [-120.79411, 47.41107], [-120.794121, 47.411138], [-120.794132, 47.411207], [-120.794143, 47.411275], [-120.794154, 47.411343], [-120.794165, 47.411411], [-120.794175, 47.411479], [-120.794185, 47.411548], [-120.794195, 47.411616], [-120.794207, 47.411684], [-120.794218, 47.411752], [-120.79423, 47.411821], [-120.794242, 47.411889], [-120.794252, 47.411957], [-120.794263, 47.412025], [-120.794272, 47.412094], [-120.79428, 47.412162], [-120.794287, 47.41223], [-120.794291, 47.412299], [-120.794293, 47.412367], [-120.794292, 47.412435], [-120.794287, 47.412503], [-120.794277, 47.412572], [-120.794264, 47.41264], [-120.79425, 47.412708], [-120.794233, 47.412777], [-120.794218, 47.412845], [-120.794203, 47.412913], [-120.79419, 47.412981], [-120.79418, 47.413049], [-120.794175, 47.413117], [-120.794175, 47.413185], [-120.794178, 47.413254], [-120.794182, 47.413324], [-120.794185, 47.413396], [-120.79419, 47.413468], [-120.794197, 47.41354], [-120.794208, 47.413611], [-120.794222, 47.413681], [-120.79424, 47.41375], [-120.794265, 47.413816], [-120.794295, 47.41388], [-120.794334, 47.41394], [-120.794379, 47.413996], [-120.794434, 47.414049], [-120.794496, 47.414098], [-120.794565, 47.414144], [-120.794639, 47.414188], [-120.794718, 47.414231], [-120.794801, 47.414271], [-120.794887, 47.414311], [-120.794975, 47.41435], [-120.795064, 47.414388], [-120.795153, 47.414427], [-120.79524, 47.414466], [-120.795326, 47.414506], [-120.795409, 47.414548], [-120.795488, 47.414591], [-120.795565, 47.414635], [-120.795643, 47.414679], [-120.79572, 47.414723], [-120.795797, 47.414768], [-120.795875, 47.414812], [-120.795952, 47.414856], [-120.796029, 47.4149], [-120.796106, 47.414945], [-120.796183, 47.414989], [-120.79626, 47.415034], [-120.796337, 47.415078], [-120.796414, 47.415123], [-120.79649, 47.415167], [-120.796566, 47.415213], [-120.796642, 47.415258], [-120.796718, 47.415303], [-120.796794, 47.415348], [-120.796869, 47.415394], [-120.796945, 47.415439], [-120.79702, 47.415485], [-120.797095, 47.415531], [-120.797169, 47.415577], [-120.797243, 47.415623], [-120.797317, 47.41567], [-120.797391, 47.415717], [-120.797463, 47.415765], [-120.797533, 47.415814], [-120.797602, 47.415864], [-120.797669, 47.415915], [-120.797736, 47.415966], [-120.797802, 47.416018], [-120.797868, 47.416071], [-120.797933, 47.416123], [-120.797999, 47.416176], [-120.798064, 47.416228], [-120.79813, 47.41628], [-120.798197, 47.416331], [-120.798264, 47.416382], [-120.798333, 47.416433], [-120.798401, 47.416484], [-120.798469, 47.416535], [-120.798537, 47.416586], [-120.798604, 47.416638], [-120.798671, 47.41669], [-120.798737, 47.416742], [-120.798801, 47.416795], [-120.798864, 47.416848], [-120.798925, 47.416902], [-120.798984, 47.416957], [-120.799041, 47.417014], [-120.799096, 47.417071], [-120.799149, 47.417129], [-120.799201, 47.417187], [-120.799252, 47.417247], [-120.799301, 47.417307], [-120.79935, 47.417367], [-120.799396, 47.417428], [-120.799443, 47.41749], [-120.799488, 47.417551], [-120.799531, 47.417614], [-120.799574, 47.417676], [-120.799615, 47.417739], [-120.799655, 47.417802], [-120.799695, 47.417865], [-120.799733, 47.417928], [-120.79977, 47.417992], [-120.799804, 47.418056], [-120.799834, 47.418121], [-120.799861, 47.418187], [-120.799886, 47.418253], [-120.799909, 47.41832], [-120.799931, 47.418387], [-120.799952, 47.418455], [-120.799973, 47.418522], [-120.799995, 47.418589], [-120.800018, 47.418656], [-120.800043, 47.418723], [-120.800067, 47.41879], [-120.80009, 47.418857], [-120.800106, 47.418905], [-120.800112, 47.418924], [-120.800134, 47.418991], [-120.800157, 47.419058], [-120.800181, 47.419125], [-120.800207, 47.419191], [-120.800235, 47.419257], [-120.800266, 47.419322], [-120.800301, 47.419385], [-120.800339, 47.419449], [-120.800379, 47.419512], [-120.80042, 47.419574], [-120.800463, 47.419637], [-120.800508, 47.419698], [-120.800555, 47.419759], [-120.800603, 47.41982], [-120.800653, 47.41988], [-120.800704, 47.419939], [-120.800756, 47.419998], [-120.800809, 47.420056], [-120.800866, 47.420112], [-120.80093, 47.420165], [-120.800999, 47.420216], [-120.801069, 47.420265], [-120.80114, 47.420315], [-120.801208, 47.420366], [-120.801272, 47.420419], [-120.801331, 47.420474], [-120.801388, 47.420531], [-120.801445, 47.420589], [-120.801501, 47.420647], [-120.801556, 47.420705], [-120.801608, 47.420765], [-120.801657, 47.420825], [-120.801701, 47.420887], [-120.801741, 47.420949], [-120.801775, 47.421013], [-120.801802, 47.421077], [-120.80182, 47.421144], [-120.801833, 47.421212], [-120.801841, 47.421281], [-120.801847, 47.421351], [-120.801853, 47.42142], [-120.801859, 47.42149], [-120.80187, 47.421558], [-120.801886, 47.421626], [-120.801909, 47.421692], [-120.801938, 47.421757], [-120.80197, 47.421822], [-120.802004, 47.421887], [-120.802039, 47.421952], [-120.802076, 47.422016], [-120.802114, 47.42208], [-120.802155, 47.422144], [-120.802196, 47.422207], [-120.80221, 47.422227], [-120.80224, 47.42227], [-120.802284, 47.422332], [-120.80233, 47.422393], [-120.802378, 47.422453], [-120.802427, 47.422512], [-120.802477, 47.422571], [-120.802533, 47.422626], [-120.802601, 47.422675], [-120.802678, 47.422721], [-120.80276, 47.422764], [-120.802842, 47.422806], [-120.802923, 47.422849], [-120.803, 47.422893], [-120.803079, 47.422938], [-120.803159, 47.42298], [-120.803242, 47.423018], [-120.80333, 47.42305], [-120.803427, 47.423073], [-120.803529, 47.423085], [-120.803628, 47.423086], [-120.803732, 47.423076], [-120.80383, 47.423054], [-120.803912, 47.423016], [-120.803987, 47.422972], [-120.804062, 47.422926], [-120.804134, 47.422878], [-120.804205, 47.422828], [-120.804273, 47.422776], [-120.804339, 47.422723], [-120.804401, 47.422668], [-120.804461, 47.422613], [-120.804517, 47.422557], [-120.804517, 47.422556], [-120.804572, 47.422498], [-120.804624, 47.422439], [-120.804675, 47.42238], [-120.804725, 47.422319], [-120.804773, 47.422258], [-120.804821, 47.422197], [-120.804869, 47.422135], [-120.804917, 47.422074], [-120.804966, 47.422013], [-120.805015, 47.421953], [-120.805066, 47.421893], [-120.805117, 47.421834], [-120.805171, 47.421776], [-120.805227, 47.42172], [-120.805284, 47.421665], [-120.805345, 47.421611], [-120.805409, 47.42156], [-120.805476, 47.42151], [-120.805546, 47.421462], [-120.805619, 47.421416], [-120.805695, 47.421371], [-120.805772, 47.421327], [-120.805852, 47.421284], [-120.805933, 47.421243], [-120.806016, 47.421202], [-120.8061, 47.421163], [-120.806186, 47.421124], [-120.806272, 47.421087], [-120.806359, 47.42105], [-120.806446, 47.421013], [-120.806533, 47.420978], [-120.80662, 47.420942], [-120.806707, 47.420907], [-120.806794, 47.420874], [-120.806883, 47.420842], [-120.806972, 47.420811], [-120.807064, 47.420781], [-120.807155, 47.420753], [-120.807248, 47.420725], [-120.807341, 47.420698], [-120.807435, 47.420672], [-120.807528, 47.420646], [-120.807623, 47.42062], [-120.807717, 47.420595], [-120.807811, 47.420569], [-120.807904, 47.420543], [-120.807998, 47.420516], [-120.80809, 47.420489], [-120.808183, 47.420461], [-120.808275, 47.420432], [-120.808367, 47.420404], [-120.80846, 47.420376], [-120.808552, 47.420348], [-120.808654, 47.420318], [-120.808738, 47.420294], [-120.808832, 47.420269], [-120.808926, 47.420245], [-120.809022, 47.420222], [-120.809117, 47.420201], [-120.809214, 47.420182], [-120.80931, 47.420163], [-120.809408, 47.420146], [-120.809506, 47.42013], [-120.809605, 47.420114], [-120.809703, 47.4201], [-120.809802, 47.420086], [-120.809902, 47.420072], [-120.810001, 47.420059], [-120.8101, 47.420046], [-120.8102, 47.420034], [-120.8103, 47.420022], [-120.810399, 47.420009], [-120.810499, 47.419997], [-120.810598, 47.419985], [-120.810697, 47.419974], [-120.810797, 47.419962], [-120.810897, 47.419951], [-120.810997, 47.41994], [-120.811096, 47.41993], [-120.811196, 47.41992], [-120.811296, 47.41991], [-120.811396, 47.4199], [-120.811496, 47.41989], [-120.811596, 47.41988], [-120.811695, 47.41987], [-120.811796, 47.419861], [-120.811896, 47.419851], [-120.811996, 47.419841], [-120.812096, 47.419832], [-120.812196, 47.419822], [-120.812295, 47.419812], [-120.812395, 47.419802], [-120.812496, 47.419789], [-120.812597, 47.419774], [-120.812699, 47.419758], [-120.8128, 47.419742], [-120.812901, 47.419726], [-120.813003, 47.419711], [-120.813103, 47.419698], [-120.813204, 47.419688], [-120.813303, 47.419682], [-120.813401, 47.41968], [-120.813498, 47.419683], [-120.813594, 47.419692], [-120.813688, 47.419707], [-120.813781, 47.419727], [-120.813874, 47.419751], [-120.813965, 47.419779], [-120.814057, 47.41981], [-120.814147, 47.419843], [-120.814237, 47.419878], [-120.814326, 47.419913], [-120.814416, 47.41995], [-120.814505, 47.419986], [-120.814594, 47.42002], [-120.814685, 47.420054], [-120.814774, 47.420085], [-120.814864, 47.420117], [-120.814952, 47.42015], [-120.81504, 47.420184], [-120.815128, 47.420218], [-120.815216, 47.420251], [-120.815305, 47.420284], [-120.815394, 47.420316], [-120.815483, 47.420349], [-120.815572, 47.420383], [-120.81566, 47.420417], [-120.815749, 47.42045], [-120.815839, 47.420481], [-120.81593, 47.42051], [-120.816023, 47.420536], [-120.816117, 47.420559], [-120.816214, 47.420578], [-120.816313, 47.420592], [-120.816413, 47.420604], [-120.816514, 47.420613], [-120.816616, 47.42062], [-120.816716, 47.420624], [-120.816817, 47.420627], [-120.816919, 47.420628], [-120.81702, 47.420627], [-120.817122, 47.420625], [-120.817224, 47.420622], [-120.817326, 47.420619], [-120.817428, 47.420615], [-120.81753, 47.420612], [-120.817632, 47.420609], [-120.817733, 47.420607], [-120.817835, 47.420605], [-120.817936, 47.420606], [-120.818036, 47.420608], [-120.818136, 47.420612], [-120.818236, 47.420618], [-120.818334, 47.420627], [-120.818432, 47.42064], [-120.818529, 47.420654], [-120.818626, 47.42067], [-120.818724, 47.420688], [-120.81882, 47.420707], [-120.818916, 47.420727], [-120.819012, 47.420749], [-120.819108, 47.420772], [-120.819203, 47.420796], [-120.819298, 47.420821], [-120.819392, 47.420847], [-120.819487, 47.420874], [-120.81958, 47.420902], [-120.819674, 47.42093], [-120.819766, 47.420958], [-120.819859, 47.420987], [-120.819951, 47.421016], [-120.820042, 47.421046], [-120.820134, 47.421075], [-120.820224, 47.421105], [-120.820314, 47.421136], [-120.820403, 47.421168], [-120.820491, 47.421201], [-120.820579, 47.421234], [-120.820666, 47.421269], [-120.820753, 47.421304], [-120.820839, 47.42134], [-120.820926, 47.421376], [-120.821011, 47.421412], [-120.821097, 47.421449], [-120.821182, 47.421486], [-120.821267, 47.421523], [-120.821353, 47.42156], [-120.821438, 47.421597], [-120.821524, 47.421634], [-120.821609, 47.42167], [-120.821695, 47.421706], [-120.821782, 47.421742], [-120.821867, 47.421779], [-120.821952, 47.421816], [-120.822037, 47.421854], [-120.822121, 47.421892], [-120.822205, 47.42193], [-120.82229, 47.421969], [-120.822374, 47.422007], [-120.822458, 47.422045], [-120.822543, 47.422083], [-120.822629, 47.42212], [-120.822715, 47.422156], [-120.822801, 47.422191], [-120.822888, 47.422225], [-120.822976, 47.422258], [-120.823065, 47.422289], [-120.823155, 47.422319], [-120.823247, 47.422347], [-120.823339, 47.422373], [-120.823433, 47.422398], [-120.823528, 47.422421], [-120.823623, 47.422443], [-120.82372, 47.422464], [-120.823816, 47.422484], [-120.823913, 47.422504], [-120.824011, 47.422523], [-120.824108, 47.422542], [-120.824206, 47.422561], [-120.824303, 47.422581], [-120.8244, 47.422601], [-120.824497, 47.422622], [-120.824593, 47.422643], [-120.824688, 47.422666], [-120.824782, 47.42269], [-120.824877, 47.422714], [-120.824971, 47.422739], [-120.825066, 47.422764], [-120.82516, 47.422789], [-120.825253, 47.422814], [-120.825347, 47.42284], [-120.825441, 47.422865], [-120.825535, 47.422891], [-120.825628, 47.422918], [-120.825721, 47.422944], [-120.825814, 47.422971], [-120.825907, 47.422999], [-120.825999, 47.423026], [-120.826091, 47.423054], [-120.826184, 47.423082], [-120.826275, 47.42311], [-120.826367, 47.423139], [-120.826458, 47.423169], [-120.826547, 47.4232], [-120.826637, 47.423232], [-120.826725, 47.423265], [-120.826813, 47.423298], [-120.826902, 47.423332], [-120.826989, 47.423366], [-120.827077, 47.4234], [-120.827165, 47.423434], [-120.827254, 47.423467], [-120.827342, 47.4235], [-120.827432, 47.423532], [-120.827521, 47.423564], [-120.82761, 47.423597], [-120.827699, 47.42363], [-120.827789, 47.423663], [-120.827878, 47.423695], [-120.827968, 47.423727], [-120.828059, 47.423757], [-120.82815, 47.423786], [-120.828242, 47.423813], [-120.828336, 47.423838], [-120.828439, 47.423863], [-120.828547, 47.42388], [-120.828648, 47.42388], [-120.828732, 47.423852], [-120.828808, 47.423813], [-120.828881, 47.423771], [-120.828952, 47.423725], [-120.829023, 47.423676], [-120.829092, 47.423626], [-120.82916, 47.423574], [-120.829228, 47.423521], [-120.829296, 47.423467], [-120.829365, 47.423414], [-120.829434, 47.423361], [-120.829504, 47.42331], [-120.829577, 47.423261], [-120.829651, 47.423214], [-120.829727, 47.423169], [-120.829805, 47.423125], [-120.829884, 47.423083], [-120.829937, 47.423056], [-120.829965, 47.423041], [-120.830046, 47.423], [-120.830128, 47.422959], [-120.830209, 47.422918], [-120.830291, 47.422877], [-120.830372, 47.422836], [-120.830452, 47.422794], [-120.830531, 47.422751], [-120.830608, 47.422707], [-120.830684, 47.422662], [-120.830757, 47.422616], [-120.830828, 47.422567], [-120.830897, 47.422518], [-120.830963, 47.422467], [-120.831029, 47.422415], [-120.831093, 47.422362], [-120.831156, 47.422309], [-120.831218, 47.422254], [-120.831279, 47.4222], [-120.831341, 47.422145], [-120.831401, 47.42209], [-120.831462, 47.422035], [-120.831523, 47.42198], [-120.831584, 47.421925], [-120.831646, 47.421871], [-120.831709, 47.421817], [-120.831773, 47.421764], [-120.831838, 47.421711], [-120.831904, 47.421659], [-120.831969, 47.421607], [-120.832036, 47.421555], [-120.832103, 47.421503], [-120.832169, 47.421452], [-120.832237, 47.4214], [-120.832304, 47.421348], [-120.83237, 47.421297], [-120.832436, 47.421245], [-120.832503, 47.421193], [-120.832568, 47.421141], [-120.832632, 47.421088], [-120.832696, 47.421035], [-120.832759, 47.420981], [-120.832821, 47.420928], [-120.832881, 47.420873], [-120.83294, 47.420818], [-120.832995, 47.420761], [-120.833044, 47.420701], [-120.833089, 47.42064], [-120.833131, 47.420577], [-120.833172, 47.420514], [-120.833213, 47.420451], [-120.833255, 47.420388], [-120.833301, 47.420327], [-120.83335, 47.420267], [-120.8334, 47.420207], [-120.83345, 47.420147], [-120.833502, 47.420087], [-120.833555, 47.420028], [-120.833612, 47.41997], [-120.833673, 47.419916], [-120.833738, 47.419865], [-120.83381, 47.419818], [-120.833885, 47.419773], [-120.833961, 47.419729], [-120.83404, 47.419686], [-120.834119, 47.419645], [-120.834201, 47.419604], [-120.834283, 47.419564], [-120.834366, 47.419524], [-120.834449, 47.419485], [-120.834533, 47.419446], [-120.834617, 47.419407], [-120.834701, 47.419368], [-120.834784, 47.419328], [-120.834867, 47.419289], [-120.834949, 47.419248], [-120.835031, 47.419209], [-120.835114, 47.41917], [-120.835199, 47.419131], [-120.835283, 47.419093], [-120.835367, 47.419054], [-120.83545, 47.419015], [-120.835532, 47.418976], [-120.835612, 47.418934], [-120.835691, 47.418892], [-120.83574, 47.418863], [-120.835768, 47.418847], [-120.835844, 47.418802], [-120.835921, 47.418757], [-120.835998, 47.418711], [-120.836075, 47.418666], [-120.836152, 47.418619], [-120.836228, 47.418573], [-120.836302, 47.418525], [-120.836375, 47.418477], [-120.836447, 47.418428], [-120.836516, 47.418377], [-120.836582, 47.418326], [-120.836645, 47.418274], [-120.836704, 47.41822], [-120.836761, 47.418164], [-120.836813, 47.418107], [-120.836863, 47.418048], [-120.83691, 47.417986], [-120.836954, 47.417923], [-120.836995, 47.417859], [-120.837032, 47.417793], [-120.837065, 47.417727], [-120.837095, 47.41766], [-120.837121, 47.417592], [-120.837142, 47.417525], [-120.83716, 47.417457], [-120.837172, 47.417391], [-120.837179, 47.417324], [-120.837182, 47.417256], [-120.83718, 47.417189], [-120.837175, 47.417121], [-120.837166, 47.417053], [-120.837155, 47.416985], [-120.837142, 47.416916], [-120.837128, 47.416848], [-120.837112, 47.416779], [-120.837097, 47.41671], [-120.837082, 47.416641], [-120.837069, 47.416572], [-120.837057, 47.416504], [-120.837047, 47.416435], [-120.83704, 47.416366], [-120.837037, 47.416298], [-120.837036, 47.416229], [-120.837035, 47.41616], [-120.837036, 47.416091], [-120.837037, 47.416021], [-120.837041, 47.415952], [-120.837046, 47.415882], [-120.837054, 47.415814], [-120.837065, 47.415745], [-120.837078, 47.415677], [-120.837096, 47.41561], [-120.837117, 47.415544], [-120.837143, 47.415479], [-120.837173, 47.415415], [-120.837207, 47.41535], [-120.837244, 47.415286], [-120.837284, 47.415222], [-120.837328, 47.41516], [-120.837374, 47.415098], [-120.837424, 47.415037], [-120.837477, 47.414977], [-120.837532, 47.414918], [-120.837589, 47.414862], [-120.837649, 47.414806], [-120.837711, 47.414753], [-120.837774, 47.4147], [-120.837838, 47.414648], [-120.837903, 47.414596], [-120.837969, 47.414544], [-120.838035, 47.414493], [-120.838102, 47.414442], [-120.83817, 47.414391], [-120.838239, 47.41434], [-120.838308, 47.41429], [-120.838378, 47.414241], [-120.838448, 47.414191], [-120.838518, 47.414142], [-120.838589, 47.414093], [-120.838661, 47.414044], [-120.838732, 47.413995], [-120.838804, 47.413946], [-120.838876, 47.413898], [-120.838949, 47.41385], [-120.839021, 47.413802], [-120.839094, 47.413754], [-120.839166, 47.413706], [-120.839239, 47.413658], [-120.839311, 47.41361], [-120.839384, 47.413562], [-120.839456, 47.413514], [-120.839528, 47.413466], [-120.8396, 47.413418], [-120.839673, 47.41337], [-120.839746, 47.413323], [-120.839819, 47.413275], [-120.839892, 47.413227], [-120.839965, 47.41318], [-120.840039, 47.413133], [-120.840114, 47.413086], [-120.840189, 47.41304], [-120.840264, 47.412994], [-120.840339, 47.412948], [-120.840415, 47.412903], [-120.840492, 47.412858], [-120.840569, 47.412814], [-120.840647, 47.412771], [-120.840726, 47.412728], [-120.840805, 47.412686], [-120.840885, 47.412645], [-120.840966, 47.412604], [-120.841048, 47.412565], [-120.841131, 47.412526], [-120.841215, 47.41249], [-120.841301, 47.412453], [-120.841388, 47.412418], [-120.841475, 47.412384], [-120.841563, 47.41235], [-120.841651, 47.412317], [-120.84174, 47.412284], [-120.841829, 47.412251], [-120.841918, 47.412218], [-120.842008, 47.412185], [-120.842096, 47.412152], [-120.842185, 47.412119], [-120.842274, 47.412086], [-120.842362, 47.412052], [-120.842449, 47.412017], [-120.842535, 47.411982], [-120.84262, 47.411944], [-120.842703, 47.411898], [-120.842784, 47.411844], [-120.842865, 47.411787], [-120.842944, 47.411731], [-120.843024, 47.41168], [-120.843104, 47.411639], [-120.843186, 47.41161], [-120.843269, 47.411599], [-120.843356, 47.411607], [-120.843443, 47.411621], [-120.843531, 47.41164], [-120.843619, 47.411662], [-120.843708, 47.411687], [-120.843797, 47.411715], [-120.843886, 47.411746], [-120.843975, 47.411779], [-120.844065, 47.411814], [-120.844155, 47.411851], [-120.844245, 47.411889], [-120.844334, 47.411928], [-120.844424, 47.411969], [-120.844513, 47.412009], [-120.844603, 47.412049], [-120.844691, 47.41209], [-120.84478, 47.412129], [-120.844867, 47.412168], [-120.844955, 47.412206], [-120.845041, 47.412242], [-120.845127, 47.412278], [-120.845212, 47.412315], [-120.845295, 47.412354], [-120.845378, 47.412394], [-120.84546, 47.412434], [-120.845542, 47.412475], [-120.845623, 47.412516], [-120.845705, 47.412557], [-120.845787, 47.412598], [-120.845869, 47.412637], [-120.845952, 47.412677], [-120.846036, 47.412715], [-120.846121, 47.412752], [-120.846207, 47.412787], [-120.846294, 47.41282], [-120.846383, 47.412852], [-120.846473, 47.412882], [-120.846564, 47.41291], [-120.846657, 47.412937], [-120.84675, 47.412963], [-120.846845, 47.412988], [-120.846939, 47.413012], [-120.847035, 47.413036], [-120.84713, 47.413058], [-120.847226, 47.413081], [-120.847323, 47.413102], [-120.847419, 47.413124], [-120.847515, 47.413145], [-120.847612, 47.413167], [-120.847708, 47.413188], [-120.847804, 47.413208], [-120.847901, 47.413227], [-120.847999, 47.413244], [-120.848098, 47.413259], [-120.848196, 47.413275], [-120.848295, 47.413291], [-120.848393, 47.413307], [-120.848491, 47.413324], [-120.848588, 47.413343], [-120.848684, 47.413364], [-120.848779, 47.413387], [-120.848873, 47.413411], [-120.848968, 47.413436], [-120.849062, 47.413462], [-120.849156, 47.413489], [-120.849248, 47.413517], [-120.84934, 47.413547], [-120.84943, 47.413578], [-120.849518, 47.413612], [-120.849604, 47.413647], [-120.849687, 47.413685], [-120.84977, 47.413723], [-120.849852, 47.413763], [-120.849933, 47.413803], [-120.850014, 47.413845], [-120.850093, 47.413887], [-120.850173, 47.41393], [-120.850252, 47.413973], [-120.85033, 47.414017], [-120.850407, 47.414062], [-120.850484, 47.414106], [-120.85056, 47.414152], [-120.850636, 47.414197], [-120.850711, 47.414244], [-120.850786, 47.41429], [-120.85086, 47.414336], [-120.850933, 47.414383], [-120.851005, 47.414431], [-120.851076, 47.41448], [-120.851138, 47.414525], [-120.851213, 47.41458], [-120.851281, 47.414631], [-120.851349, 47.414682], [-120.851416, 47.414733], [-120.851484, 47.414784], [-120.851552, 47.414835], [-120.85162, 47.414886], [-120.851689, 47.414936], [-120.851759, 47.414985], [-120.85183, 47.415034], [-120.851902, 47.415082], [-120.851974, 47.41513], [-120.852047, 47.415178], [-120.85212, 47.415226], [-120.852194, 47.415272], [-120.852269, 47.415318], [-120.852345, 47.415363], [-120.852422, 47.415407], [-120.852501, 47.41545], [-120.852581, 47.415491], [-120.852664, 47.415531], [-120.852748, 47.415569], [-120.852834, 47.415605], [-120.852921, 47.41564], [-120.853009, 47.415674], [-120.853098, 47.415707], [-120.853187, 47.415739], [-120.853278, 47.415769], [-120.853369, 47.415797], [-120.853463, 47.415824], [-120.853556, 47.415851], [-120.85365, 47.415876], [-120.853743, 47.415902], [-120.853836, 47.415929], [-120.853929, 47.415956], [-120.85402, 47.415986], [-120.854112, 47.416015], [-120.854204, 47.416045], [-120.854295, 47.416075], [-120.854385, 47.416108], [-120.854472, 47.416142], [-120.854556, 47.41618], [-120.854635, 47.416221], [-120.854715, 47.416263], [-120.854794, 47.416307], [-120.854873, 47.416351], [-120.85495, 47.416397], [-120.855026, 47.416443], [-120.855099, 47.416491], [-120.85517, 47.41654], [-120.855238, 47.416591], [-120.855303, 47.416643], [-120.855363, 47.416697], [-120.855417, 47.416753], [-120.855464, 47.416813], [-120.855506, 47.416875], [-120.855543, 47.416939], [-120.855579, 47.417004], [-120.855613, 47.41707], [-120.855649, 47.417135], [-120.855687, 47.417199], [-120.855729, 47.417261], [-120.855777, 47.417321], [-120.855828, 47.417381], [-120.855881, 47.417439], [-120.855936, 47.417497], [-120.855994, 47.417554], [-120.856053, 47.41761], [-120.856115, 47.417665], [-120.856179, 47.417718], [-120.856245, 47.417769], [-120.856315, 47.417818], [-120.856387, 47.417865], [-120.856462, 47.417911], [-120.85654, 47.417955], [-120.856619, 47.417999], [-120.856698, 47.418041], [-120.856778, 47.418084], [-120.856858, 47.418126], [-120.856938, 47.418168], [-120.857024, 47.418206], [-120.857112, 47.418242], [-120.857196, 47.41828], [-120.857272, 47.418323], [-120.857337, 47.418374], [-120.857396, 47.418429], [-120.857449, 47.418487], [-120.8575, 47.418547], [-120.85755, 47.418608], [-120.8576, 47.418668], [-120.857654, 47.418726], [-120.857712, 47.418782], [-120.857788, 47.418827], [-120.857821, 47.418845], [-120.857866, 47.418871], [-120.857937, 47.41892], [-120.858008, 47.41897], [-120.858077, 47.419021], [-120.858146, 47.419073], [-120.858214, 47.419125], [-120.858283, 47.419177], [-120.858353, 47.419227], [-120.858424, 47.419277], [-120.858496, 47.419324], [-120.858571, 47.41937], [-120.858648, 47.419413], [-120.858728, 47.419453], [-120.858811, 47.419489], [-120.858897, 47.419522], [-120.858987, 47.419552], [-120.859078, 47.419579], [-120.859172, 47.419604], [-120.859267, 47.419627], [-120.859364, 47.419649], [-120.859461, 47.419669], [-120.85956, 47.419689], [-120.859658, 47.419709], [-120.859756, 47.41973], [-120.859854, 47.419751], [-120.85995, 47.419773], [-120.860045, 47.419797], [-120.860139, 47.419822], [-120.860231, 47.41985], [-120.86032, 47.419881], [-120.860406, 47.419915], [-120.86049, 47.419953], [-120.860572, 47.419994], [-120.860652, 47.420037], [-120.860729, 47.420081], [-120.860806, 47.420128], [-120.860881, 47.420174], [-120.860954, 47.420222], [-120.861027, 47.42027], [-120.861092, 47.420327], [-120.861152, 47.420392], [-120.861209, 47.420459], [-120.861267, 47.420522], [-120.861328, 47.420577], [-120.861395, 47.420616], [-120.86147, 47.420636], [-120.861557, 47.420638], [-120.861653, 47.420628], [-120.861753, 47.420606], [-120.861855, 47.420577], [-120.861954, 47.420541], [-120.86205, 47.4205], [-120.862137, 47.420459], [-120.862214, 47.420416], [-120.862289, 47.420372], [-120.862362, 47.420325], [-120.862433, 47.420277], [-120.862503, 47.420228], [-120.862572, 47.420177], [-120.862639, 47.420126], [-120.862707, 47.420074], [-120.862773, 47.420022], [-120.86284, 47.419969], [-120.862908, 47.419917], [-120.862975, 47.419865], [-120.863044, 47.419814], [-120.863113, 47.419763], [-120.863185, 47.419715], [-120.863258, 47.419667], [-120.863333, 47.419621], [-120.86341, 47.419578], [-120.86349, 47.419536], [-120.863571, 47.419496], [-120.863654, 47.419456], [-120.863738, 47.419418], [-120.863824, 47.419379], [-120.86391, 47.419342], [-120.863998, 47.419305], [-120.864087, 47.419269], [-120.864176, 47.419234], [-120.864266, 47.419198], [-120.864357, 47.419163], [-120.864448, 47.419129], [-120.86454, 47.419095], [-120.864632, 47.41906], [-120.864723, 47.419027], [-120.864815, 47.418993], [-120.864907, 47.418959], [-120.864999, 47.418925], [-120.86509, 47.418891], [-120.86513, 47.418876], [-120.86518, 47.418857], [-120.865271, 47.418823], [-120.865361, 47.418788], [-120.865449, 47.418753], [-120.865537, 47.418718], [-120.865624, 47.418682], [-120.86571, 47.418646], [-120.865795, 47.418609], [-120.865878, 47.418571], [-120.86596, 47.418533], [-120.86604, 47.418494], [-120.866118, 47.418455], [-120.866195, 47.418414], [-120.86627, 47.418373], [-120.866343, 47.41833], [-120.866414, 47.418287], [-120.866482, 47.418242], [-120.866548, 47.418197], [-120.866611, 47.418149], [-120.866662, 47.418097], [-120.866701, 47.418039], [-120.86673, 47.417977], [-120.86675, 47.417911], [-120.866763, 47.417842], [-120.86677, 47.41777], [-120.866774, 47.417696], [-120.866775, 47.417621], [-120.866774, 47.417546], [-120.866774, 47.417471], [-120.866776, 47.417396], [-120.866783, 47.417322], [-120.866793, 47.417251], [-120.86681, 47.417182], [-120.866836, 47.417116], [-120.866871, 47.417055], [-120.866917, 47.416997], [-120.866969, 47.416942], [-120.867025, 47.416888], [-120.867084, 47.416835], [-120.867146, 47.416783], [-120.867211, 47.416732], [-120.867279, 47.416681], [-120.867349, 47.416631], [-120.867422, 47.416583], [-120.867497, 47.416535], [-120.867573, 47.416488], [-120.867651, 47.416441], [-120.867731, 47.416396], [-120.867811, 47.416351], [-120.867893, 47.416307], [-120.867976, 47.416264], [-120.868059, 47.416221], [-120.868142, 47.41618], [-120.868226, 47.416138], [-120.86831, 47.416098], [-120.868394, 47.416058], [-120.868477, 47.41602], [-120.868559, 47.415981], [-120.868643, 47.415945], [-120.868729, 47.41591], [-120.868817, 47.415878], [-120.868906, 47.415847], [-120.868998, 47.415817], [-120.86909, 47.415789], [-120.869184, 47.415762], [-120.869279, 47.415737], [-120.869375, 47.415712], [-120.86947, 47.415688], [-120.869567, 47.415665], [-120.869663, 47.415643], [-120.86976, 47.41562], [-120.869857, 47.415599], [-120.869953, 47.415577], [-120.870049, 47.415556], [-120.870145, 47.415534], [-120.870242, 47.415512], [-120.870338, 47.415491], [-120.870436, 47.415469], [-120.870534, 47.415448], [-120.870632, 47.415427], [-120.870731, 47.415408], [-120.87083, 47.415389], [-120.870929, 47.41537], [-120.871028, 47.415354], [-120.871126, 47.415338], [-120.871225, 47.415324], [-120.871324, 47.415312], [-120.871422, 47.415301], [-120.871521, 47.415292], [-120.871619, 47.415286], [-120.871717, 47.415282], [-120.871816, 47.415283], [-120.871917, 47.415289], [-120.872018, 47.415302], [-120.872119, 47.415319], [-120.872219, 47.415341], [-120.872316, 47.415368], [-120.87241, 47.415399], [-120.872519, 47.415443], [-120.872582, 47.415472], [-120.872662, 47.415512], [-120.87274, 47.415553], [-120.872818, 47.415596], [-120.872894, 47.41564], [-120.87297, 47.415684], [-120.873045, 47.41573], [-120.873118, 47.415776], [-120.873192, 47.415823], [-120.873265, 47.415871], [-120.873337, 47.415919], [-120.873409, 47.415968], [-120.873481, 47.416017], [-120.873553, 47.416066], [-120.873624, 47.416115], [-120.873696, 47.416164], [-120.873768, 47.416213], [-120.87384, 47.416262], [-120.873913, 47.41631], [-120.873986, 47.416358], [-120.87406, 47.416406], [-120.874134, 47.416453], [-120.874209, 47.416499], [-120.874285, 47.416544], [-120.874361, 47.416589], [-120.87444, 47.416632], [-120.87452, 47.416673], [-120.874602, 47.416712], [-120.874686, 47.416751], [-120.874771, 47.416788], [-120.874856, 47.416825], [-120.874942, 47.416862], [-120.875028, 47.416898], [-120.875113, 47.416935], [-120.875198, 47.416973], [-120.875282, 47.417012], [-120.875364, 47.417051], [-120.875444, 47.417093], [-120.875522, 47.417136], [-120.875599, 47.41718], [-120.875675, 47.417225], [-120.875749, 47.417272], [-120.875824, 47.417318], [-120.875898, 47.417365], [-120.876026, 47.417442], [-120.876094, 47.417493], [-120.876163, 47.417543], [-120.876232, 47.417594], [-120.876298, 47.417645], [-120.876361, 47.417699], [-120.876419, 47.417754], [-120.876477, 47.417811], [-120.876533, 47.417868], [-120.876587, 47.417926], [-120.87664, 47.417985], [-120.876691, 47.418044], [-120.876741, 47.418104], [-120.876788, 47.418164], [-120.876831, 47.418226], [-120.876868, 47.418289], [-120.876901, 47.418354], [-120.876932, 47.41842], [-120.876963, 47.418485], [-120.876995, 47.41855], [-120.877024, 47.418617], [-120.877054, 47.418682], [-120.877097, 47.418744], [-120.877148, 47.418803], [-120.877202, 47.418861], [-120.877231, 47.418888], [-120.877261, 47.418917], [-120.877324, 47.418971], [-120.877391, 47.419022], [-120.877464, 47.419069], [-120.877542, 47.419113], [-120.877622, 47.419155], [-120.877701, 47.419198], [-120.877778, 47.419243], [-120.87785, 47.419291], [-120.877917, 47.419342], [-120.877981, 47.419395], [-120.878043, 47.419449], [-120.878104, 47.419504], [-120.878166, 47.419558], [-120.87823, 47.419611], [-120.878296, 47.419663], [-120.878365, 47.419713], [-120.878434, 47.419763], [-120.878505, 47.419812], [-120.878578, 47.41986], [-120.878653, 47.419906], [-120.878731, 47.419949], [-120.878813, 47.419989], [-120.878898, 47.420027], [-120.878982, 47.420064], [-120.879066, 47.420103], [-120.87915, 47.42014], [-120.879235, 47.420178], [-120.879319, 47.420216], [-120.879401, 47.420256], [-120.879483, 47.420296], [-120.879567, 47.420334], [-120.879654, 47.420369], [-120.879741, 47.420403], [-120.879831, 47.420436], [-120.879922, 47.420466], [-120.880015, 47.420492], [-120.88011, 47.420513], [-120.880208, 47.42053], [-120.880307, 47.420544], [-120.880406, 47.420559], [-120.880505, 47.420575], [-120.880602, 47.420594], [-120.880699, 47.420614], [-120.880795, 47.420637], [-120.880887, 47.420664], [-120.880975, 47.420696], [-120.881059, 47.420734], [-120.881142, 47.420775], [-120.881223, 47.420816], [-120.881304, 47.420856], [-120.881383, 47.420899], [-120.881463, 47.420943], [-120.881542, 47.420986], [-120.881624, 47.421025], [-120.88171, 47.42106], [-120.881801, 47.421089], [-120.881896, 47.421114], [-120.881994, 47.421137], [-120.882091, 47.42116], [-120.882184, 47.421186], [-120.882272, 47.421217], [-120.882352, 47.421256], [-120.882424, 47.421303], [-120.88249, 47.421355], [-120.882553, 47.421409], [-120.882616, 47.421465], [-120.882681, 47.421518], [-120.88275, 47.421568], [-120.882827, 47.421612], [-120.882907, 47.421653], [-120.88299, 47.421692], [-120.883075, 47.421729], [-120.883161, 47.421766], [-120.883247, 47.421803], [-120.883333, 47.42184], [-120.883416, 47.421879], [-120.883498, 47.421918], [-120.88358, 47.421958], [-120.883662, 47.421998], [-120.883744, 47.422038], [-120.883827, 47.422078], [-120.883909, 47.422117], [-120.883992, 47.422156], [-120.884076, 47.422195], [-120.884159, 47.422233], [-120.884246, 47.422269], [-120.884334, 47.422303], [-120.884424, 47.422336], [-120.884515, 47.422368], [-120.884605, 47.4224], [-120.884693, 47.422434], [-120.884778, 47.422471], [-120.884859, 47.42251], [-120.884934, 47.422554], [-120.885006, 47.422601], [-120.885073, 47.422652], [-120.885138, 47.422705], [-120.8852, 47.422759], [-120.88526, 47.422815], [-120.885318, 47.422872], [-120.885375, 47.42293], [-120.885431, 47.422988], [-120.885486, 47.423045], [-120.885538, 47.423103], [-120.885588, 47.423163], [-120.885637, 47.423223], [-120.885684, 47.423283], [-120.885731, 47.423345], [-120.885777, 47.423406], [-120.885822, 47.423467], [-120.885869, 47.423528], [-120.885916, 47.423589], [-120.885964, 47.423649], [-120.886011, 47.42371], [-120.886057, 47.42377], [-120.886105, 47.423831], [-120.886152, 47.423892], [-120.886198, 47.423952], [-120.886245, 47.424013], [-120.886292, 47.424074], [-120.886339, 47.424135], [-120.886386, 47.424195], [-120.886433, 47.424256], [-120.886479, 47.424317], [-120.886526, 47.424377], [-120.886574, 47.424438], [-120.886621, 47.424498], [-120.88667, 47.424559], [-120.886717, 47.424619], [-120.886766, 47.424679], [-120.886814, 47.424739], [-120.886861, 47.4248], [-120.886908, 47.424861], [-120.886952, 47.424922], [-120.886995, 47.424985], [-120.887037, 47.425047], [-120.887078, 47.42511], [-120.887121, 47.425172], [-120.887166, 47.425234], [-120.887214, 47.425294], [-120.887266, 47.425352], [-120.887322, 47.42541], [-120.887383, 47.425466], [-120.887448, 47.425519], [-120.887518, 47.425568], [-120.887595, 47.42561], [-120.887684, 47.425641], [-120.88778, 47.425667], [-120.887875, 47.425694], [-120.88796, 47.42573], [-120.888035, 47.425775], [-120.888105, 47.425825], [-120.888176, 47.425874], [-120.888252, 47.425919], [-120.888333, 47.42596], [-120.888417, 47.425999], [-120.888498, 47.42604], [-120.888574, 47.426084], [-120.888647, 47.426132], [-120.888718, 47.426181], [-120.888789, 47.426229], [-120.888862, 47.426277], [-120.888935, 47.426324], [-120.889009, 47.426371], [-120.889082, 47.426419], [-120.889155, 47.426466], [-120.889228, 47.426513], [-120.889302, 47.42656], [-120.889376, 47.426606], [-120.889451, 47.426652], [-120.889527, 47.426697], [-120.889606, 47.426741], [-120.889685, 47.426783], [-120.889766, 47.426823], [-120.889848, 47.426864], [-120.88993, 47.426904], [-120.890011, 47.426945], [-120.890093, 47.426986], [-120.890175, 47.427026], [-120.890259, 47.427064], [-120.890345, 47.427098], [-120.890441, 47.427124], [-120.89054, 47.427145], [-120.890634, 47.427169], [-120.890716, 47.427206], [-120.890786, 47.427253], [-120.89085, 47.427305], [-120.890911, 47.427362], [-120.89097, 47.427418], [-120.891031, 47.427474], [-120.891094, 47.42753], [-120.891154, 47.427591], [-120.891215, 47.42765], [-120.891284, 47.427699], [-120.891363, 47.42773], [-120.891461, 47.427745], [-120.891571, 47.427749], [-120.891682, 47.427742], [-120.891782, 47.427722], [-120.89186, 47.427689], [-120.891918, 47.427641], [-120.891965, 47.427581], [-120.892005, 47.427514], [-120.892044, 47.427445], [-120.892088, 47.427379], [-120.892142, 47.427322], [-120.892212, 47.427273], [-120.89229, 47.427228], [-120.892365, 47.427182], [-120.892431, 47.42713], [-120.892493, 47.427075], [-120.892549, 47.427017], [-120.892596, 47.426957], [-120.892625, 47.42689], [-120.892643, 47.426817], [-120.892661, 47.426745], [-120.892692, 47.426681], [-120.892747, 47.426631], [-120.892821, 47.426592], [-120.892868, 47.426573], [-120.892905, 47.426559], [-120.892995, 47.426529], [-120.893091, 47.426503], [-120.893189, 47.426478], [-120.893288, 47.426453], [-120.893387, 47.426428], [-120.893481, 47.426401], [-120.893572, 47.426371], [-120.893662, 47.426339], [-120.893751, 47.426307], [-120.893841, 47.426275], [-120.893931, 47.426243], [-120.894021, 47.426213], [-120.894113, 47.426184], [-120.894205, 47.426158], [-120.8943, 47.426132], [-120.894399, 47.426106], [-120.894498, 47.426082], [-120.894598, 47.426066], [-120.894696, 47.426059], [-120.894791, 47.426065], [-120.894881, 47.426089], [-120.894969, 47.426124], [-120.895056, 47.426165], [-120.895144, 47.426206], [-120.895234, 47.42624], [-120.895328, 47.42626], [-120.895425, 47.426268], [-120.895524, 47.426269], [-120.895625, 47.426266], [-120.895727, 47.426259], [-120.895829, 47.42625], [-120.895932, 47.42624], [-120.896034, 47.426232], [-120.896135, 47.426226], [-120.896235, 47.426219], [-120.896335, 47.426212], [-120.896436, 47.426205], [-120.896537, 47.426197], [-120.896637, 47.42619], [-120.896738, 47.426183], [-120.896838, 47.426178], [-120.896939, 47.426174], [-120.89704, 47.426173], [-120.897141, 47.426175], [-120.897241, 47.426179], [-120.897342, 47.426184], [-120.897443, 47.426188], [-120.897544, 47.426191], [-120.897645, 47.426191], [-120.897747, 47.426188], [-120.897849, 47.426185], [-120.89795, 47.426182], [-120.898052, 47.426181], [-120.898152, 47.426183], [-120.898252, 47.426189], [-120.898351, 47.4262], [-120.898449, 47.426213], [-120.898547, 47.426229], [-120.898645, 47.426247], [-120.898742, 47.426266], [-120.898839, 47.426287], [-120.898936, 47.426308], [-120.899032, 47.426331], [-120.899127, 47.426354], [-120.899222, 47.426378], [-120.899315, 47.426404], [-120.899407, 47.426432], [-120.899498, 47.426461], [-120.899589, 47.426491], [-120.899681, 47.426521], [-120.899772, 47.42655], [-120.899865, 47.426578], [-120.899958, 47.426604], [-120.900053, 47.426627], [-120.900148, 47.42665], [-120.900244, 47.426671], [-120.90034, 47.426691], [-120.900437, 47.426711], [-120.900535, 47.42673], [-120.900632, 47.426749], [-120.900729, 47.426767], [-120.900826, 47.426787], [-120.900923, 47.426807], [-120.90102, 47.426829], [-120.901116, 47.426852], [-120.901213, 47.426877], [-120.901309, 47.426901], [-120.901406, 47.426925], [-120.901503, 47.426947], [-120.9016, 47.426967], [-120.901697, 47.426985], [-120.901794, 47.426999], [-120.901892, 47.427009], [-120.90199, 47.427014], [-120.902088, 47.427015], [-120.902187, 47.427011], [-120.902287, 47.427004], [-120.902387, 47.426994], [-120.902487, 47.426981], [-120.902587, 47.426965], [-120.902687, 47.426948], [-120.902787, 47.426931], [-120.902886, 47.426912], [-120.902984, 47.426893], [-120.903083, 47.426875], [-120.90318, 47.426857], [-120.903276, 47.426838], [-120.903372, 47.426816], [-120.903467, 47.426793], [-120.903562, 47.426769], [-120.903656, 47.426743], [-120.90375, 47.426717], [-120.903843, 47.426691], [-120.903936, 47.426664], [-120.90403, 47.426637], [-120.904124, 47.426611], [-120.904219, 47.426585], [-120.904314, 47.426559], [-120.904409, 47.426533], [-120.904503, 47.426506], [-120.904596, 47.426477], [-120.904687, 47.426447], [-120.904776, 47.426416], [-120.904862, 47.426382], [-120.904946, 47.426346], [-120.905023, 47.426306]]]}, "properties": {"OBJECTID": 51, "Shape_Length": 430671.33952991443, "Shape_Area": 9526456913.399715, "State": "WA", "DistrictID": "WA0061", "DistrictNm": "Swauk", "Other_Name": null, "County": "Kittitas", "District_Link": "https://d92019.eos-intl.net/D92019/OPAC/Details/Record.aspx?BibCode=28452886", "District_Cite": "[Washington Geological Survey], [1980], Mining districts of Washington: [Washington Geological Survey], 1 plate, 1 p. text.", "Notes": null}}, {"type": "Feature", "id": 52, "geometry": {"type": "Polygon", "coordinates": [[[-120.048646, 47.960641], [-120.04872, 47.960676], [-120.049819, 47.961396], [-120.050605, 47.961764], [-120.051344, 47.962005], [-120.052167, 47.962098], [-120.052543, 47.962028], [-120.053234, 47.961722], [-120.053646, 47.961673], [-120.053801, 47.96169], [-120.054676, 47.96202], [-120.055057, 47.962278], [-120.055587, 47.962637], [-120.05627, 47.96332], [-120.056791, 47.963743], [-120.057517, 47.96406], [-120.058614, 47.964431], [-120.05927, 47.964793], [-120.060544, 47.965863], [-120.06092, 47.966303], [-120.061217, 47.966498], [-120.061882, 47.966689], [-120.062282, 47.966746], [-120.063102, 47.966778], [-120.064481, 47.966749], [-120.065292, 47.966693], [-120.065692, 47.966622], [-120.066023, 47.966442], [-120.066411, 47.966349], [-120.066549, 47.966398], [-120.066749, 47.966642], [-120.067011, 47.966821], [-120.067631, 47.967179], [-120.068909, 47.967783], [-120.069822, 47.968147], [-120.070092, 47.968365], [-120.070207, 47.968581], [-120.070239, 47.968854], [-120.07011, 47.970135], [-120.069856, 47.971025], [-120.069583, 47.971543], [-120.069267, 47.971912], [-120.06765, 47.973022], [-120.067159, 47.973444], [-120.066685, 47.974026], [-120.066361, 47.974675], [-120.066008, 47.974875], [-120.065721, 47.975037], [-120.065695, 47.975504], [-120.065621, 47.976066], [-120.065523, 47.976319], [-120.065019, 47.977106], [-120.064574, 47.977567], [-120.063049, 47.978807], [-120.063672, 47.97997], [-120.063703, 47.98118], [-120.063785, 47.981466], [-120.064048, 47.98168], [-120.0644, 47.981837], [-120.065804, 47.982159], [-120.06772, 47.982955], [-120.068364, 47.983294], [-120.068569, 47.983467], [-120.069545, 47.984671], [-120.070011, 47.985122], [-120.071438, 47.985886], [-120.072819, 47.987263], [-120.073371, 47.987665], [-120.074389, 47.988169], [-120.075053, 47.988849], [-120.075681, 47.989209], [-120.075855, 47.989344], [-120.07604, 47.989488], [-120.076623, 47.989892], [-120.076639, 47.989903], [-120.077586, 47.990942], [-120.079804, 47.992181], [-120.081053, 47.993029], [-120.081064, 47.993095], [-120.08079, 47.993717], [-120.080822, 47.994342], [-120.080695, 47.994884], [-120.080031, 47.996168], [-120.079856, 47.996704], [-120.080168, 47.998039], [-120.080176, 47.998313], [-120.080061, 47.998588], [-120.079751, 47.998861], [-120.079413, 47.999017], [-120.079015, 47.999156], [-120.078224, 47.999293], [-120.078093, 47.999393], [-120.078071, 47.999784], [-120.078623, 48.000512], [-120.079912, 48.003473], [-120.0801, 48.003719], [-120.080243, 48.003814], [-120.080736, 48.004144], [-120.08205, 48.004543], [-120.082231, 48.004653], [-120.082429, 48.004895], [-120.082434, 48.004987], [-120.081914, 48.005953], [-120.081832, 48.006223], [-120.082295, 48.007396], [-120.082323, 48.008776], [-120.082388, 48.009047], [-120.082738, 48.009719], [-120.082712, 48.010402], [-120.08283, 48.010672], [-120.083141, 48.010881], [-120.083903, 48.011157], [-120.085137, 48.011875], [-120.087122, 48.013455], [-120.087563, 48.013916], [-120.087803, 48.014387], [-120.087949, 48.014964], [-120.087953, 48.015513], [-120.088018, 48.015589], [-120.088626, 48.015958], [-120.089153, 48.016447], [-120.089553, 48.016991], [-120.089952, 48.017771], [-120.090172, 48.018005], [-120.090805, 48.018284], [-120.091494, 48.018588], [-120.092947, 48.01919], [-120.094163, 48.019923], [-120.095029, 48.020524], [-120.095381, 48.02067], [-120.095973, 48.020747], [-120.096794, 48.020752], [-120.098112, 48.020858], [-120.098217, 48.020879], [-120.099189, 48.021071], [-120.099554, 48.021195], [-120.099985, 48.021458], [-120.100778, 48.021199], [-120.102257, 48.021401], [-120.102481, 48.021516], [-120.102726, 48.021736], [-120.102894, 48.022011], [-120.103216, 48.022132], [-120.10402, 48.022242], [-120.105434, 48.022658], [-120.106164, 48.022815], [-120.107012, 48.022963], [-120.108233, 48.023064], [-120.108615, 48.023178], [-120.108914, 48.023398], [-120.109333, 48.023871], [-120.109596, 48.024045], [-120.110241, 48.024384], [-120.110895, 48.024624], [-120.112073, 48.024853], [-120.113451, 48.024824], [-120.113949, 48.024887], [-120.114323, 48.024999], [-120.115136, 48.025604], [-120.11576, 48.025957], [-120.116329, 48.026214], [-120.117794, 48.026702], [-120.119087, 48.026857], [-120.119445, 48.027014], [-120.119529, 48.027085], [-120.119636, 48.027349], [-120.119797, 48.027939], [-120.119839, 48.028091], [-120.12021, 48.029034], [-120.120588, 48.029486], [-120.120891, 48.030008], [-120.121201, 48.031533], [-120.121581, 48.032061], [-120.121789, 48.032182], [-120.122038, 48.032189], [-120.122435, 48.032126], [-120.123666, 48.032053], [-120.124336, 48.032065], [-120.124736, 48.032128], [-120.125127, 48.032289], [-120.125784, 48.032669], [-120.126026, 48.032754], [-120.126337, 48.032863], [-120.126981, 48.033018], [-120.127874, 48.033147], [-120.128882, 48.033237], [-120.132644, 48.033414], [-120.133906, 48.033273], [-120.134404, 48.033281], [-120.135254, 48.0336], [-120.136036, 48.034063], [-120.138888, 48.034792], [-120.140424, 48.035472], [-120.14044, 48.035479], [-120.143309, 48.035828], [-120.146391, 48.037343], [-120.146543, 48.039461], [-120.147137, 48.041241], [-120.14674, 48.042772], [-120.150107, 48.044498], [-120.150109, 48.046507], [-120.150094, 48.046517], [-120.149042, 48.047201], [-120.148144, 48.047765], [-120.147394, 48.048363], [-120.147191, 48.048962], [-120.147386, 48.049496], [-120.14788, 48.050097], [-120.14867, 48.050766], [-120.149112, 48.0515], [-120.149009, 48.052234], [-120.148409, 48.052765], [-120.147362, 48.053128], [-120.146268, 48.053258], [-120.145224, 48.053322], [-120.144229, 48.053452], [-120.142189, 48.053779], [-120.141343, 48.053976], [-120.140363, 48.054142], [-120.139764, 48.054195], [-120.139359, 48.054164], [-120.137923, 48.053869], [-120.137212, 48.053612], [-120.135341, 48.052554], [-120.135002, 48.052443], [-120.134638, 48.052551], [-120.13406, 48.052902], [-120.133749, 48.053283], [-120.133492, 48.053781], [-120.133131, 48.054152], [-120.132901, 48.054264], [-120.132189, 48.05427], [-120.131893, 48.054366], [-120.131669, 48.054588], [-120.131697, 48.055258], [-120.132168, 48.056102], [-120.132554, 48.056633], [-120.132844, 48.057216], [-120.133128, 48.057414], [-120.133535, 48.057595], [-120.13456, 48.058257], [-120.135055, 48.058495], [-120.135388, 48.058734], [-120.137386, 48.059794], [-120.138038, 48.060198], [-120.138707, 48.060349], [-120.139378, 48.060616], [-120.140392, 48.061486], [-120.1415, 48.061577], [-120.14165, 48.061761], [-120.141834, 48.061986], [-120.142194, 48.062574], [-120.142613, 48.063943], [-120.143075, 48.064882], [-120.143422, 48.065225], [-120.143931, 48.065444], [-120.144294, 48.065512], [-120.144785, 48.065533], [-120.146598, 48.065451], [-120.147286, 48.065378], [-120.147955, 48.065208], [-120.148398, 48.064767], [-120.148739, 48.064689], [-120.148942, 48.064755], [-120.149078, 48.064982], [-120.149034, 48.065504], [-120.14915, 48.065747], [-120.149486, 48.065987], [-120.150016, 48.066134], [-120.150548, 48.066161], [-120.151321, 48.066103], [-120.152375, 48.065883], [-120.153481, 48.065753], [-120.155057, 48.065656], [-120.155751, 48.065697], [-120.156322, 48.065883], [-120.156803, 48.066293], [-120.156983, 48.066597], [-120.157178, 48.067382], [-120.15785, 48.068161], [-120.15813, 48.068647], [-120.158365, 48.068865], [-120.158902, 48.069063], [-120.159622, 48.069116], [-120.161767, 48.068924], [-120.16198, 48.068656], [-120.161991, 48.068642], [-120.162098, 48.068637], [-120.162398, 48.068205], [-120.163386, 48.068045], [-120.163795, 48.068052], [-120.164158, 48.06812], [-120.164488, 48.068267], [-120.164829, 48.068738], [-120.165178, 48.068967], [-120.165934, 48.069297], [-120.166851, 48.069542], [-120.16764, 48.069634], [-120.169396, 48.069558], [-120.170261, 48.069709], [-120.175375, 48.07149], [-120.17863, 48.072874], [-120.180277, 48.07327], [-120.182121, 48.073778], [-120.182803, 48.073817], [-120.182998, 48.073874], [-120.183096, 48.073987], [-120.183068, 48.074586], [-120.183293, 48.075251], [-120.183571, 48.07623], [-120.183571, 48.07627], [-120.183578, 48.076294], [-120.184156, 48.077142], [-120.184576, 48.07753], [-120.185067, 48.077867], [-120.185726, 48.078193], [-120.186472, 48.078424], [-120.187121, 48.07852], [-120.187694, 48.078516], [-120.188317, 48.078403], [-120.18884, 48.078187], [-120.190038, 48.077516], [-120.190408, 48.077392], [-120.190953, 48.077299], [-120.19169, 48.077269], [-120.193248, 48.077332], [-120.193903, 48.077317], [-120.196137, 48.076962], [-120.197087, 48.076885], [-120.201675, 48.077], [-120.202897, 48.077162], [-120.204735, 48.077624], [-120.205164, 48.077753], [-120.20679, 48.078241], [-120.20763, 48.078433], [-120.208963, 48.07859], [-120.212085, 48.078786], [-120.212563, 48.078872], [-120.21306, 48.079044], [-120.213545, 48.079297], [-120.214884, 48.080146], [-120.215554, 48.080628], [-120.216295, 48.081257], [-120.217355, 48.082518], [-120.218056, 48.083749], [-120.2185, 48.084246], [-120.218891, 48.084513], [-120.219351, 48.084691], [-120.219813, 48.08473], [-120.220263, 48.084671], [-120.22261, 48.083807], [-120.223134, 48.083778], [-120.223693, 48.0839], [-120.224295, 48.08419], [-120.225107, 48.084725], [-120.225506, 48.085111], [-120.226766, 48.086231], [-120.228395, 48.087678], [-120.228951, 48.088368], [-120.229198, 48.088555], [-120.229464, 48.088617], [-120.231042, 48.088428], [-120.232598, 48.088361], [-120.233456, 48.088391], [-120.234187, 48.088496], [-120.23475, 48.088665], [-120.235144, 48.088955], [-120.23538, 48.089366], [-120.235464, 48.089891], [-120.23538, 48.090407], [-120.235251, 48.0907], [-120.234939, 48.09141], [-120.234893, 48.091855], [-120.234976, 48.092405], [-120.235146, 48.092914], [-120.23537, 48.093357], [-120.235741, 48.093897], [-120.236347, 48.094484], [-120.237123, 48.094998], [-120.238684, 48.095605], [-120.239869, 48.096152], [-120.240771, 48.096625], [-120.241466, 48.097096], [-120.241899, 48.097499], [-120.242387, 48.098102], [-120.2431, 48.099134], [-120.243778, 48.100341], [-120.244044, 48.100652], [-120.244466, 48.101018], [-120.245543, 48.10169], [-120.246867, 48.102272], [-120.24839, 48.102714], [-120.24924, 48.102961], [-120.249849, 48.103086], [-120.25043, 48.103101], [-120.250687, 48.103184], [-120.25082, 48.10333], [-120.250928, 48.103733], [-120.251224, 48.104162], [-120.251689, 48.104678], [-120.252208, 48.105102], [-120.252325, 48.10517], [-120.252798, 48.105441], [-120.253556, 48.105783], [-120.255122, 48.106264], [-120.255691, 48.106613], [-120.256043, 48.106983], [-120.256673, 48.107816], [-120.257854, 48.109006], [-120.258392, 48.109934], [-120.258571, 48.110426], [-120.258697, 48.110536], [-120.258844, 48.110573], [-120.259771, 48.110465], [-120.263288, 48.110322], [-120.264597, 48.110412], [-120.265418, 48.110589], [-120.265813, 48.11077], [-120.266207, 48.111085], [-120.26781, 48.112719], [-120.267935, 48.112942], [-120.268139, 48.113305], [-120.269169, 48.113806], [-120.270885, 48.114812], [-120.271773, 48.115258], [-120.272208, 48.115569], [-120.27262, 48.116082], [-120.272924, 48.116708], [-120.273167, 48.1174], [-120.273203, 48.118178], [-120.273249, 48.118471], [-120.273475, 48.118769], [-120.27376, 48.118929], [-120.274755, 48.119259], [-120.27508, 48.11952], [-120.275193, 48.119639], [-120.275606, 48.120075], [-120.276345, 48.120631], [-120.276948, 48.120927], [-120.278108, 48.1212], [-120.278604, 48.121471], [-120.278933, 48.121752], [-120.27939, 48.122284], [-120.279811, 48.123173], [-120.280102, 48.123447], [-120.280407, 48.12363], [-120.281032, 48.12385], [-120.281791, 48.123963], [-120.282235, 48.123957], [-120.283051, 48.123775], [-120.283682, 48.123738], [-120.284505, 48.123749], [-120.285392, 48.123853], [-120.286311, 48.124081], [-120.287066, 48.12436], [-120.287583, 48.124631], [-120.288249, 48.125106], [-120.28869, 48.125662], [-120.289004, 48.12617], [-120.289547, 48.127301], [-120.29043, 48.129137], [-120.290669, 48.129367], [-120.29104, 48.129578], [-120.29144, 48.129725], [-120.291913, 48.12982], [-120.292376, 48.129849], [-120.292766, 48.129822], [-120.29379, 48.129413], [-120.294347, 48.129338], [-120.294879, 48.129366], [-120.296016, 48.129526], [-120.297433, 48.129799], [-120.298134, 48.129801], [-120.298614, 48.129728], [-120.299026, 48.129512], [-120.299186, 48.129029], [-120.299423, 48.128685], [-120.299884, 48.128131], [-120.300355, 48.127716], [-120.300721, 48.127484], [-120.301285, 48.127233], [-120.302397, 48.126953], [-120.303636, 48.126784], [-120.304984, 48.126734], [-120.306609, 48.126787], [-120.30858, 48.127045], [-120.309617, 48.126986], [-120.310405, 48.126789], [-120.31116, 48.126543], [-120.31158, 48.126406], [-120.314319, 48.125216], [-120.315765, 48.124717], [-120.316529, 48.12452], [-120.317497, 48.12434], [-120.318145, 48.124266], [-120.318726, 48.124275], [-120.31961, 48.124424], [-120.320278, 48.124691], [-120.320587, 48.124927], [-120.320701, 48.125364], [-120.320851, 48.125562], [-120.321083, 48.125661], [-120.321734, 48.12574], [-120.322064, 48.125887], [-120.322426, 48.126148], [-120.323155, 48.126846], [-120.323627, 48.127176], [-120.3255, 48.128237], [-120.32632, 48.128611], [-120.326699, 48.128821], [-120.326959, 48.129039], [-120.32712, 48.129295], [-120.327155, 48.129544], [-120.326951, 48.130215], [-120.326485, 48.130947], [-120.32628, 48.131407], [-120.326249, 48.131625], [-120.326326, 48.131815], [-120.32672, 48.132147], [-120.327792, 48.132565], [-120.328187, 48.132794], [-120.328841, 48.133358], [-120.3294, 48.134031], [-120.330825, 48.135237], [-120.331203, 48.135628], [-120.332665, 48.137136], [-120.332785, 48.137312], [-120.333825, 48.138838], [-120.336002, 48.140058], [-120.33673, 48.140466], [-120.339599, 48.14214], [-120.341599, 48.142936], [-120.348578, 48.144284], [-120.352464, 48.144294], [-120.372191, 48.144342], [-120.417859, 48.145771], [-120.492317, 48.147653], [-120.518353, 48.147014], [-120.659417, 48.146907], [-120.65667, 47.936086], [-120.656233, 47.787712], [-120.526658, 47.789233], [-120.525027, 47.619827], [-120.487717, 47.620969], [-120.31544, 47.62452], [-120.244233, 47.624386], [-120.243859, 47.624385], [-120.237404, 47.623991], [-120.237738, 47.624631], [-120.237896, 47.624949], [-120.238017, 47.625408], [-120.238031, 47.626248], [-120.237894, 47.62701], [-120.237618, 47.628007], [-120.237427, 47.62915], [-120.23714, 47.630016], [-120.237114, 47.631235], [-120.237016, 47.631682], [-120.236375, 47.63309], [-120.234482, 47.636142], [-120.233542, 47.637903], [-120.232567, 47.639758], [-120.23121, 47.641751], [-120.230491, 47.642806], [-120.228543, 47.646053], [-120.227752, 47.647047], [-120.227165, 47.647643], [-120.226846, 47.647822], [-120.226453, 47.647881], [-120.22556, 47.6478], [-120.2244, 47.647832], [-120.223833, 47.648051], [-120.223276, 47.648489], [-120.222186, 47.649405], [-120.221356, 47.64997], [-120.221046, 47.650443], [-120.2209, 47.65111], [-120.220837, 47.652062], [-120.220583, 47.65358], [-120.220814, 47.656172], [-120.22076, 47.656897], [-120.220168, 47.658463], [-120.219674, 47.659153], [-120.218573, 47.661086], [-120.218493, 47.661207], [-120.217943, 47.662031], [-120.21756, 47.662897], [-120.217283, 47.663356], [-120.216945, 47.663793], [-120.216513, 47.664175], [-120.215177, 47.664977], [-120.212969, 47.666], [-120.211486, 47.666828], [-120.210156, 47.66774], [-120.208104, 47.669329], [-120.206074, 47.670699], [-120.205414, 47.671191], [-120.20438, 47.672144], [-120.204021, 47.672584], [-120.203748, 47.673043], [-120.20345, 47.673804], [-120.20319, 47.675199], [-120.2027, 47.676501], [-120.201865, 47.677988], [-120.200298, 47.680326], [-120.199528, 47.681856], [-120.199265, 47.68278], [-120.199257, 47.683461], [-120.199251, 47.683946], [-120.19925, 47.685365], [-120.19954, 47.686854], [-120.200098, 47.688451], [-120.2016, 47.69145], [-120.202038, 47.692535], [-120.202357, 47.693672], [-120.202542, 47.695103], [-120.203054, 47.697185], [-120.203526, 47.69879], [-120.204035, 47.699939], [-120.204815, 47.701276], [-120.205628, 47.702225], [-120.206757, 47.703275], [-120.209028, 47.705193], [-120.212235, 47.708132], [-120.212638, 47.708711], [-120.213536, 47.710415], [-120.214632, 47.712209], [-120.215675, 47.713977], [-120.216316, 47.714787], [-120.216749, 47.715258], [-120.217778, 47.71612], [-120.218861, 47.716831], [-120.220532, 47.717928], [-120.221011, 47.718338], [-120.221415, 47.718827], [-120.221992, 47.719911], [-120.222563, 47.721454], [-120.222788, 47.72262], [-120.222827, 47.724138], [-120.222756, 47.725042], [-120.222577, 47.726098], [-120.22224, 47.727519], [-120.221537, 47.729678], [-120.219668, 47.734679], [-120.219101, 47.735898], [-120.218303, 47.737366], [-120.21714, 47.739155], [-120.21509, 47.74168], [-120.21371, 47.743134], [-120.212606, 47.744458], [-120.212131, 47.744903], [-120.210898, 47.746154], [-120.210571, 47.746622], [-120.210286, 47.747393], [-120.209913, 47.748012], [-120.209322, 47.74874], [-120.208772, 47.749252], [-120.207834, 47.749896], [-120.206687, 47.750815], [-120.203922, 47.752608], [-120.202309, 47.753807], [-120.200965, 47.754677], [-120.200012, 47.755172], [-120.197983, 47.755973], [-120.196677, 47.756575], [-120.195339, 47.757304], [-120.193447, 47.758469], [-120.192472, 47.758948], [-120.191413, 47.759483], [-120.190525, 47.759932], [-120.1877, 47.760858], [-120.186304, 47.761248], [-120.183286, 47.761941], [-120.181484, 47.762424], [-120.178316, 47.763332], [-120.174947, 47.764428], [-120.174335, 47.764627], [-120.172842, 47.765062], [-120.16971, 47.76575], [-120.164606, 47.767038], [-120.162453, 47.767469], [-120.161209, 47.767769], [-120.159707, 47.7682], [-120.157701, 47.768921], [-120.155626, 47.76958], [-120.153833, 47.770232], [-120.153402, 47.770457], [-120.152355, 47.771003], [-120.151165, 47.771428], [-120.15098, 47.771502], [-120.147915, 47.772728], [-120.145684, 47.773513], [-120.141832, 47.774443], [-120.137503, 47.775165], [-120.135973, 47.775473], [-120.133216, 47.776229], [-120.133217, 47.776934], [-120.133219, 47.777488], [-120.133267, 47.801334], [-120.136212, 47.89603], [-120.138377, 47.939617], [-120.139857, 47.963942], [-120.077077, 47.961668], [-120.061763, 47.961109], [-120.048646, 47.960628], [-120.048667, 47.960642], [-120.048646, 47.960641]]]}, "properties": {"OBJECTID": 52, "Shape_Length": 666131.4653665948, "Shape_Area": 20912523482.390617, "State": "WA", "DistrictID": "WA0018", "DistrictNm": "Entiat", "Other_Name": null, "County": "Chelan", "District_Link": "https://d92019.eos-intl.net/D92019/OPAC/Details/Record.aspx?BibCode=28452886", "District_Cite": "[Washington Geological Survey], [1980], Mining districts of Washington: [Washington Geological Survey], 1 plate, 1 p. text.", "Notes": null}}, {"type": "Feature", "id": 53, "geometry": {"type": "Polygon", "coordinates": [[[-120.237404, 47.623991], [-120.237798, 47.624013], [-120.244233, 47.624386], [-120.272854, 47.624445], [-120.320628, 47.624417], [-120.417613, 47.622445], [-120.498291, 47.620647], [-120.525027, 47.619827], [-120.525773, 47.561204], [-120.526104, 47.535134], [-120.527857, 47.396779], [-120.528652, 47.333763], [-120.527887, 47.333834], [-120.526024, 47.333745], [-120.524669, 47.333476], [-120.523464, 47.333208], [-120.521978, 47.332505], [-120.521244, 47.332057], [-120.521018, 47.331661], [-120.521243, 47.331443], [-120.521977, 47.331315], [-120.522711, 47.331123], [-120.523068, 47.330931], [-120.52303, 47.33065], [-120.522409, 47.3301], [-120.521318, 47.329665], [-120.520753, 47.329256], [-120.519097, 47.327593], [-120.519096, 47.326224], [-120.518193, 47.324792], [-120.517478, 47.323845], [-120.516499, 47.322272], [-120.51569, 47.321159], [-120.515181, 47.320558], [-120.514466, 47.320136], [-120.512341, 47.319727], [-120.510177, 47.319049], [-120.509406, 47.318589], [-120.508578, 47.318026], [-120.507299, 47.317924], [-120.505361, 47.318026], [-120.502709, 47.317949], [-120.501618, 47.317655], [-120.500658, 47.317169], [-120.500019, 47.317182], [-120.498834, 47.317566], [-120.497686, 47.317732], [-120.496915, 47.317514], [-120.496257, 47.316708], [-120.495768, 47.316286], [-120.495128, 47.315979], [-120.494018, 47.3158], [-120.493191, 47.315544], [-120.49272, 47.31502], [-120.491968, 47.314508], [-120.491253, 47.314175], [-120.490614, 47.31374], [-120.489862, 47.313139], [-120.48879, 47.312359], [-120.487699, 47.311386], [-120.487285, 47.310721], [-120.487361, 47.309838], [-120.487417, 47.308853], [-120.487831, 47.308342], [-120.488132, 47.30783], [-120.487794, 47.307523], [-120.487023, 47.307408], [-120.485612, 47.307356], [-120.484672, 47.307395], [-120.483638, 47.307177], [-120.482415, 47.306614], [-120.481776, 47.30623], [-120.481118, 47.304823], [-120.48093, 47.305475], [-120.480064, 47.306268], [-120.478541, 47.307036], [-120.477487, 47.307406], [-120.47634, 47.307393], [-120.475118, 47.306881], [-120.474723, 47.306293], [-120.473501, 47.305896], [-120.472091, 47.305435], [-120.471132, 47.304846], [-120.470549, 47.304283], [-120.469496, 47.304066], [-120.467635, 47.303541], [-120.466375, 47.302555], [-120.465605, 47.30157], [-120.464966, 47.301173], [-120.463236, 47.300751], [-120.462202, 47.300213], [-120.459795, 47.300443], [-120.459005, 47.299841], [-120.457389, 47.298907], [-120.454983, 47.297678], [-120.453592, 47.297191], [-120.452013, 47.296001], [-120.449157, 47.294221], [-120.448951, 47.292827], [-120.448614, 47.29133], [-120.44807, 47.290332], [-120.446699, 47.289257], [-120.446962, 47.288643], [-120.445722, 47.287964], [-120.44264, 47.286504], [-120.441175, 47.285621], [-120.440969, 47.284866], [-120.440274, 47.284341], [-120.438808, 47.283791], [-120.437494, 47.282741], [-120.436723, 47.282523], [-120.435051, 47.281499], [-120.434413, 47.280385], [-120.433457, 47.278939], [-120.431316, 47.277377], [-120.428517, 47.275623], [-120.427315, 47.274983], [-120.426583, 47.274547], [-120.425981, 47.274419], [-120.422409, 47.275082], [-120.421356, 47.275299], [-120.41818, 47.275322], [-120.416169, 47.274834], [-120.414986, 47.274424], [-120.412279, 47.274102], [-120.408013, 47.274125], [-120.406415, 47.274303], [-120.405644, 47.274161], [-120.402941, 47.272176], [-120.401139, 47.271062], [-120.400238, 47.270319], [-120.399544, 47.269704], [-120.398493, 47.269204], [-120.397628, 47.269063], [-120.395583, 47.267142], [-120.394798, 47.265389], [-120.393916, 47.264723], [-120.393091, 47.263584], [-120.391194, 47.263185], [-120.390087, 47.262417], [-120.389336, 47.261687], [-120.388999, 47.261136], [-120.387389, 47.260943], [-120.37102, 47.260887], [-120.342707, 47.261035], [-120.29482, 47.261101], [-120.277396, 47.26123], [-120.244273, 47.262059], [-120.224419, 47.262218], [-120.183919, 47.262283], [-120.141347, 47.262081], [-120.115097, 47.262068], [-120.09548, 47.262192], [-120.094446, 47.262198], [-120.094029, 47.264732], [-120.09373, 47.266542], [-120.093084, 47.268977], [-120.092953, 47.269946], [-120.092684, 47.27121], [-120.092811, 47.273104], [-120.092962, 47.27362], [-120.093292, 47.27412], [-120.093312, 47.274482], [-120.093014, 47.274923], [-120.092396, 47.275394], [-120.091316, 47.276256], [-120.091161, 47.276418], [-120.091085, 47.276498], [-120.090617, 47.276984], [-120.09017, 47.277554], [-120.089998, 47.278019], [-120.089819, 47.282192], [-120.089317, 47.285661], [-120.089322, 47.287358], [-120.088945, 47.289508], [-120.088754, 47.290812], [-120.08873, 47.290977], [-120.088571, 47.29205], [-120.087594, 47.297006], [-120.087262, 47.297863], [-120.086649, 47.298969], [-120.086128, 47.299742], [-120.085967, 47.300151], [-120.085955, 47.300427], [-120.086087, 47.301067], [-120.086616, 47.302757], [-120.087095, 47.305463], [-120.087238, 47.306277], [-120.087723, 47.307735], [-120.087911, 47.308947], [-120.087877, 47.309889], [-120.087751, 47.310816], [-120.087452, 47.312004], [-120.087012, 47.313121], [-120.08701, 47.313862], [-120.087196, 47.31441], [-120.087506, 47.314916], [-120.087848, 47.315333], [-120.088516, 47.315918], [-120.088895, 47.316282], [-120.089466, 47.316978], [-120.089832, 47.317527], [-120.090122, 47.318136], [-120.090315, 47.318754], [-120.090411, 47.319382], [-120.090406, 47.319978], [-120.090297, 47.32055], [-120.08995, 47.32137], [-120.089441, 47.322086], [-120.08875, 47.322811], [-120.087472, 47.323803], [-120.086749, 47.324713], [-120.086212, 47.325628], [-120.085796, 47.326517], [-120.085448, 47.327431], [-120.08518, 47.328401], [-120.085004, 47.32927], [-120.084961, 47.329891], [-120.085244, 47.331385], [-120.085019, 47.331749], [-120.084183, 47.332461], [-120.083439, 47.333496], [-120.08327, 47.333948], [-120.083234, 47.334251], [-120.083287, 47.334611], [-120.083362, 47.335125], [-120.083598, 47.335849], [-120.083989, 47.336657], [-120.084431, 47.337374], [-120.084987, 47.338074], [-120.085579, 47.33866], [-120.086312, 47.339259], [-120.088275, 47.340553], [-120.089315, 47.341128], [-120.090234, 47.341539], [-120.091304, 47.341905], [-120.092747, 47.342198], [-120.093892, 47.342366], [-120.095464, 47.342472], [-120.098668, 47.342347], [-120.099284, 47.342436], [-120.09991, 47.342628], [-120.100587, 47.34293], [-120.101224, 47.343284], [-120.102405, 47.344211], [-120.103118, 47.34491], [-120.103626, 47.345503], [-120.104343, 47.346648], [-120.105037, 47.347731], [-120.105923, 47.348795], [-120.106242, 47.349], [-120.107069, 47.349882], [-120.108847, 47.351408], [-120.110481, 47.352623], [-120.111019, 47.353081], [-120.111767, 47.353842], [-120.112454, 47.354685], [-120.112932, 47.355274], [-120.114591, 47.356989], [-120.116285, 47.358258], [-120.118348, 47.359624], [-120.120141, 47.360679], [-120.12332, 47.362444], [-120.123753, 47.362684], [-120.125477, 47.363546], [-120.128257, 47.365052], [-120.129909, 47.366152], [-120.130555, 47.366382], [-120.131364, 47.366549], [-120.131884, 47.366615], [-120.133114, 47.366577], [-120.134808, 47.366512], [-120.138273, 47.36654], [-120.140986, 47.36675], [-120.144454, 47.366927], [-120.145322, 47.366883], [-120.148096, 47.366521], [-120.148903, 47.366481], [-120.150106, 47.366722], [-120.154414, 47.367292], [-120.156191, 47.367449], [-120.161106, 47.367767], [-120.161982, 47.367757], [-120.164268, 47.367625], [-120.165034, 47.367643], [-120.165938, 47.367948], [-120.167488, 47.36889], [-120.168599, 47.369758], [-120.169692, 47.370421], [-120.170714, 47.370911], [-120.171812, 47.371258], [-120.172899, 47.37147], [-120.17402, 47.371571], [-120.175818, 47.37148], [-120.177533, 47.371393], [-120.178784, 47.371407], [-120.179791, 47.371572], [-120.18216, 47.372173], [-120.184339, 47.372581], [-120.185518, 47.372848], [-120.191613, 47.374435], [-120.194452, 47.374941], [-120.194774, 47.374998], [-120.19724, 47.375548], [-120.201218, 47.376437], [-120.20278, 47.376806], [-120.203808, 47.376921], [-120.207174, 47.376986], [-120.211779, 47.376899], [-120.212882, 47.376968], [-120.21317, 47.377016], [-120.214827, 47.377551], [-120.215326, 47.377666], [-120.215959, 47.377723], [-120.217332, 47.377716], [-120.218478, 47.377831], [-120.220793, 47.378254], [-120.223977, 47.379], [-120.224851, 47.379132], [-120.225729, 47.379207], [-120.227409, 47.379212], [-120.234398, 47.378617], [-120.236026, 47.378555], [-120.236874, 47.378596], [-120.237639, 47.3787], [-120.239774, 47.379272], [-120.24029, 47.379411], [-120.241089, 47.3795], [-120.241661, 47.379627], [-120.242916, 47.380002], [-120.243917, 47.380355], [-120.24444, 47.380484], [-120.250475, 47.381475], [-120.254616, 47.382335], [-120.259362, 47.383492], [-120.260265, 47.383902], [-120.263513, 47.384846], [-120.266261, 47.385966], [-120.269254, 47.387367], [-120.27046, 47.38784], [-120.271546, 47.388204], [-120.272315, 47.388385], [-120.272783, 47.388449], [-120.275208, 47.38847], [-120.275801, 47.388567], [-120.276179, 47.38868], [-120.276854, 47.388979], [-120.278416, 47.389853], [-120.281581, 47.391062], [-120.284587, 47.392371], [-120.286016, 47.393177], [-120.286497, 47.393449], [-120.287326, 47.394048], [-120.287862, 47.394548], [-120.288428, 47.395274], [-120.28923, 47.396535], [-120.289696, 47.397156], [-120.290359, 47.397844], [-120.291803, 47.399168], [-120.29259, 47.4], [-120.293693, 47.401467], [-120.294293, 47.402486], [-120.294698, 47.403501], [-120.294941, 47.404586], [-120.295222, 47.406866], [-120.295365, 47.40894], [-120.295558, 47.410181], [-120.295929, 47.411807], [-120.296404, 47.413141], [-120.297154, 47.41445], [-120.29821, 47.41594], [-120.299341, 47.417394], [-120.299834, 47.418261], [-120.300728, 47.420578], [-120.301673, 47.423605], [-120.302235, 47.424777], [-120.302934, 47.425702], [-120.30334, 47.426241], [-120.307134, 47.430589], [-120.307667, 47.43132], [-120.3083, 47.432333], [-120.308847, 47.433365], [-120.309412, 47.434683], [-120.30975, 47.435892], [-120.30987, 47.436585], [-120.310075, 47.437424], [-120.310806, 47.43956], [-120.311442, 47.442943], [-120.311847, 47.444424], [-120.312213, 47.445491], [-120.312641, 47.44639], [-120.312967, 47.446893], [-120.31456, 47.448802], [-120.315289, 47.449919], [-120.31564, 47.450575], [-120.316253, 47.451723], [-120.316849, 47.453181], [-120.317314, 47.454795], [-120.318084, 47.458337], [-120.318256, 47.459704], [-120.318279, 47.461095], [-120.318199, 47.46219], [-120.318031, 47.463279], [-120.317415, 47.465259], [-120.317363, 47.465425], [-120.317164, 47.466298], [-120.316823, 47.470066], [-120.316652, 47.471077], [-120.316115, 47.472681], [-120.31503, 47.47525], [-120.314382, 47.476549], [-120.314206, 47.477086], [-120.314184, 47.477746], [-120.31452, 47.479378], [-120.314461, 47.479986], [-120.313902, 47.481278], [-120.312652, 47.483302], [-120.312005, 47.484611], [-120.311097, 47.486828], [-120.310451, 47.488696], [-120.309993, 47.490349], [-120.309475, 47.492885], [-120.309025, 47.494129], [-120.308609, 47.495282], [-120.308516, 47.49609], [-120.308604, 47.498208], [-120.308474, 47.499027], [-120.308197, 47.500003], [-120.308189, 47.500535], [-120.307971, 47.501622], [-120.307543, 47.503541], [-120.307288, 47.504345], [-120.306835, 47.505151], [-120.305667, 47.506594], [-120.30537, 47.50716], [-120.305107, 47.507964], [-120.304724, 47.509753], [-120.304312, 47.51239], [-120.303902, 47.514674], [-120.303224, 47.518452], [-120.302971, 47.519535], [-120.302434, 47.52127], [-120.302018, 47.522045], [-120.301629, 47.522496], [-120.299754, 47.523834], [-120.299268, 47.524272], [-120.299054, 47.52455], [-120.298625, 47.525321], [-120.297849, 47.527168], [-120.296276, 47.529843], [-120.294728, 47.532371], [-120.294517, 47.532921], [-120.294385, 47.533266], [-120.293971, 47.534347], [-120.293937, 47.534802], [-120.294037, 47.535347], [-120.293955, 47.535904], [-120.293734, 47.536432], [-120.293195, 47.53731], [-120.292247, 47.538522], [-120.291154, 47.539672], [-120.288302, 47.54214], [-120.287734, 47.54274], [-120.286554, 47.543986], [-120.285733, 47.544708], [-120.284909, 47.545311], [-120.283437, 47.546254], [-120.281232, 47.547461], [-120.280602, 47.547806], [-120.279949, 47.548303], [-120.278711, 47.549388], [-120.278221, 47.549679], [-120.276879, 47.55029], [-120.276531, 47.550554], [-120.275832, 47.551226], [-120.274919, 47.551773], [-120.273807, 47.552272], [-120.273276, 47.552511], [-120.271112, 47.553264], [-120.265292, 47.555532], [-120.264259, 47.556008], [-120.260007, 47.558195], [-120.259526, 47.558443], [-120.258881, 47.558929], [-120.258549, 47.559253], [-120.258132, 47.559996], [-120.257291, 47.562751], [-120.256451, 47.564675], [-120.255936, 47.565852], [-120.25528, 47.568433], [-120.254154, 47.571017], [-120.253831, 47.571632], [-120.253369, 47.572392], [-120.252941, 47.572927], [-120.249863, 47.57571], [-120.249202, 47.576258], [-120.248303, 47.576852], [-120.24428, 47.579197], [-120.2436, 47.579594], [-120.242333, 47.5806], [-120.241353, 47.581594], [-120.240514, 47.582661], [-120.240032, 47.583412], [-120.239492, 47.584499], [-120.238826, 47.585403], [-120.238263, 47.58643], [-120.237945, 47.587331], [-120.237716, 47.588509], [-120.237706, 47.589808], [-120.237808, 47.59082], [-120.23769, 47.591601], [-120.237274, 47.592532], [-120.236516, 47.59373], [-120.235405, 47.595426], [-120.234368, 47.596704], [-120.233658, 47.597769], [-120.233557, 47.598101], [-120.233586, 47.598458], [-120.23374, 47.598833], [-120.234063, 47.599276], [-120.234946, 47.600734], [-120.235592, 47.602404], [-120.236382, 47.604937], [-120.236599, 47.606162], [-120.236701, 47.607861], [-120.236664, 47.608549], [-120.236303, 47.610759], [-120.235833, 47.61248], [-120.234858, 47.616136], [-120.234741, 47.618936], [-120.234782, 47.619625], [-120.235082, 47.620667], [-120.23592, 47.622234], [-120.236326, 47.622811], [-120.237404, 47.623991]]]}, "properties": {"OBJECTID": 53, "Shape_Length": 477853.08407775534, "Shape_Area": 9387655649.415236, "State": "WA", "DistrictID": "WA0068", "DistrictNm": "Wenatchee", "Other_Name": null, "County": "Chelan", "District_Link": "https://d92019.eos-intl.net/D92019/OPAC/Details/Record.aspx?BibCode=28452886", "District_Cite": "[Washington Geological Survey], [1980], Mining districts of Washington: [Washington Geological Survey], 1 plate, 1 p. text.", "Notes": null}}, {"type": "Feature", "id": 54, "geometry": {"type": "Polygon", "coordinates": [[[-120.902579, 47.25728], [-120.905023, 47.426306], [-120.905088, 47.426256], [-120.905144, 47.426198], [-120.905196, 47.426137], [-120.905248, 47.426076], [-120.905303, 47.426017], [-120.905365, 47.425963], [-120.905429, 47.425909], [-120.905494, 47.425856], [-120.905564, 47.425806], [-120.905637, 47.425759], [-120.905715, 47.425717], [-120.905796, 47.425676], [-120.905879, 47.425636], [-120.905963, 47.425598], [-120.906048, 47.42556], [-120.906135, 47.425524], [-120.906222, 47.425489], [-120.90631, 47.425456], [-120.9064, 47.425424], [-120.90649, 47.425394], [-120.906582, 47.425364], [-120.906676, 47.425334], [-120.906771, 47.425307], [-120.906867, 47.425282], [-120.906964, 47.425263], [-120.907062, 47.425248], [-120.90716, 47.425241], [-120.907259, 47.425238], [-120.907359, 47.425238], [-120.90746, 47.425242], [-120.907561, 47.425247], [-120.907663, 47.425256], [-120.907765, 47.425266], [-120.907866, 47.425278], [-120.907966, 47.425292], [-120.908066, 47.425307], [-120.908164, 47.425323], [-120.90826, 47.425341], [-120.908354, 47.425366], [-120.908446, 47.425397], [-120.908534, 47.425432], [-120.908619, 47.425471], [-120.908699, 47.425513], [-120.908774, 47.425558], [-120.908846, 47.425606], [-120.908915, 47.425657], [-120.908983, 47.425708], [-120.909051, 47.42576], [-120.909121, 47.42581], [-120.909193, 47.425858], [-120.90927, 47.425902], [-120.909351, 47.425941], [-120.909434, 47.42598], [-120.90952, 47.426016], [-120.909606, 47.426051], [-120.909694, 47.426085], [-120.909782, 47.426118], [-120.909872, 47.426151], [-120.909961, 47.426184], [-120.91005, 47.426217], [-120.910138, 47.426251], [-120.910226, 47.426285], [-120.910313, 47.42632], [-120.910398, 47.426356], [-120.910486, 47.426393], [-120.910575, 47.426429], [-120.910661, 47.426468], [-120.910743, 47.426509], [-120.910817, 47.426553], [-120.910882, 47.426603], [-120.910929, 47.426662], [-120.91096, 47.426729], [-120.910986, 47.426798], [-120.911016, 47.426866], [-120.91106, 47.426926], [-120.911124, 47.426976], [-120.911197, 47.427021], [-120.911276, 47.427063], [-120.91136, 47.427102], [-120.911446, 47.42714], [-120.911533, 47.427177], [-120.91162, 47.427215], [-120.911703, 47.427255], [-120.911783, 47.427297], [-120.911849, 47.42735], [-120.911905, 47.42741], [-120.911969, 47.427462], [-120.912054, 47.427495], [-120.912151, 47.427515], [-120.912253, 47.427531], [-120.912355, 47.427548], [-120.912447, 47.427573], [-120.912525, 47.427612], [-120.912592, 47.427662], [-120.912652, 47.427718], [-120.912708, 47.427777], [-120.912765, 47.427836], [-120.912826, 47.427892], [-120.912895, 47.427941], [-120.912974, 47.427984], [-120.913059, 47.428025], [-120.913149, 47.428062], [-120.913244, 47.428093], [-120.913339, 47.428114], [-120.913434, 47.428125], [-120.913531, 47.428119], [-120.913629, 47.428099], [-120.913729, 47.428072], [-120.913829, 47.428044], [-120.913928, 47.428022], [-120.914024, 47.428013], [-120.914117, 47.428023], [-120.914167, 47.428035], [-120.914208, 47.428044], [-120.914298, 47.428074], [-120.914387, 47.428111], [-120.914474, 47.428152], [-120.91456, 47.428194], [-120.914645, 47.428234], [-120.914728, 47.428273], [-120.914807, 47.428316], [-120.914885, 47.42836], [-120.914962, 47.428405], [-120.91504, 47.42845], [-120.915119, 47.428492], [-120.915202, 47.42853], [-120.915289, 47.428563], [-120.915382, 47.428588], [-120.91548, 47.428608], [-120.915578, 47.428626], [-120.915676, 47.428646], [-120.915772, 47.428665], [-120.91587, 47.428684], [-120.915969, 47.428702], [-120.916067, 47.428719], [-120.916165, 47.428737], [-120.916262, 47.428755], [-120.91636, 47.428774], [-120.916456, 47.428795], [-120.916551, 47.428817], [-120.916644, 47.428842], [-120.916734, 47.428871], [-120.916821, 47.428905], [-120.916905, 47.428943], [-120.916987, 47.428984], [-120.917068, 47.429026], [-120.91715, 47.429067], [-120.917234, 47.429105], [-120.917322, 47.429139], [-120.917415, 47.429167], [-120.91751, 47.429193], [-120.917605, 47.429219], [-120.917698, 47.429247], [-120.917785, 47.42928], [-120.917864, 47.429321], [-120.917936, 47.429367], [-120.918005, 47.429416], [-120.918071, 47.429468], [-120.918135, 47.429522], [-120.918199, 47.429576], [-120.918263, 47.42963], [-120.918329, 47.429683], [-120.918398, 47.429733], [-120.918469, 47.429782], [-120.918542, 47.42983], [-120.918616, 47.429877], [-120.91869, 47.429925], [-120.918763, 47.429973], [-120.918834, 47.430021], [-120.918902, 47.430072], [-120.918966, 47.430124], [-120.919024, 47.430179], [-120.919076, 47.430237], [-120.919121, 47.430298], [-120.919163, 47.430361], [-120.919203, 47.430425], [-120.919244, 47.430488], [-120.919287, 47.43055], [-120.919335, 47.430611], [-120.919383, 47.430673], [-120.919436, 47.430733], [-120.919498, 47.430786], [-120.919574, 47.430829], [-120.919656, 47.430867], [-120.919743, 47.430901], [-120.919833, 47.430934], [-120.919924, 47.430966], [-120.920014, 47.430998], [-120.920102, 47.431033], [-120.92019, 47.431067], [-120.920278, 47.431102], [-120.920363, 47.43114], [-120.92044, 47.431184], [-120.920507, 47.431234], [-120.92057, 47.431287], [-120.920631, 47.431342], [-120.920691, 47.431397], [-120.92075, 47.431453], [-120.920811, 47.431508], [-120.920875, 47.431562], [-120.920941, 47.431613], [-120.921009, 47.431664], [-120.921079, 47.431714], [-120.921149, 47.431763], [-120.92122, 47.431812], [-120.921292, 47.43186], [-120.921364, 47.431908], [-120.921437, 47.431955], [-120.921511, 47.432002], [-120.921585, 47.432048], [-120.92166, 47.432094], [-120.921736, 47.43214], [-120.921812, 47.432185], [-120.921889, 47.43223], [-120.921965, 47.432275], [-120.922042, 47.432319], [-120.922122, 47.432361], [-120.922202, 47.432403], [-120.922278, 47.432448], [-120.922345, 47.432493], [-120.922417, 47.432548], [-120.922483, 47.432601], [-120.92255, 47.432654], [-120.922619, 47.432704], [-120.922692, 47.432751], [-120.922771, 47.432791], [-120.922859, 47.432822], [-120.922955, 47.432845], [-120.923053, 47.432865], [-120.923152, 47.432885], [-120.923247, 47.432909], [-120.923336, 47.432941], [-120.923418, 47.432979], [-120.923496, 47.433022], [-120.923572, 47.433068], [-120.923646, 47.433115], [-120.923719, 47.433164], [-120.923792, 47.433212], [-120.923867, 47.433258], [-120.923948, 47.433302], [-120.924027, 47.433348], [-120.924096, 47.433397], [-120.924148, 47.433453], [-120.924183, 47.433516], [-120.924207, 47.433582], [-120.924224, 47.433652], [-120.924239, 47.433721], [-120.924254, 47.433789], [-120.924269, 47.433857], [-120.924281, 47.433925], [-120.924292, 47.433993], [-120.924302, 47.434062], [-120.924313, 47.43413], [-120.924325, 47.434198], [-120.924341, 47.434266], [-120.924358, 47.434333], [-120.924384, 47.434399], [-120.92442, 47.434463], [-120.924461, 47.434526], [-120.9245, 47.43459], [-120.924535, 47.434656], [-120.924574, 47.434726], [-120.924595, 47.434792], [-120.924565, 47.434848], [-120.924486, 47.434891], [-120.924393, 47.434932], [-120.924328, 47.434984], [-120.924293, 47.435046], [-120.924268, 47.435111], [-120.924249, 47.435179], [-120.924233, 47.435248], [-120.924217, 47.435317], [-120.924197, 47.435385], [-120.924171, 47.435452], [-120.924138, 47.435517], [-120.924105, 47.435582], [-120.924077, 47.435648], [-120.92406, 47.435715], [-120.92405, 47.435783], [-120.924041, 47.435851], [-120.924035, 47.435919], [-120.924031, 47.435988], [-120.924028, 47.436056], [-120.924026, 47.436125], [-120.924024, 47.436194], [-120.924023, 47.436263], [-120.924021, 47.436331], [-120.924019, 47.4364], [-120.924015, 47.436469], [-120.92401, 47.436538], [-120.924009, 47.436607], [-120.924011, 47.436676], [-120.92402, 47.436743], [-120.924037, 47.43681], [-120.924063, 47.436876], [-120.924095, 47.436941], [-120.92413, 47.437005], [-120.924169, 47.437069], [-120.924208, 47.437133], [-120.924246, 47.437197], [-120.92429, 47.437259], [-120.924339, 47.437321], [-120.924386, 47.437382], [-120.924425, 47.437445], [-120.924449, 47.43751], [-120.924461, 47.437577], [-120.924467, 47.437645], [-120.924469, 47.437714], [-120.924467, 47.437783], [-120.924463, 47.437852], [-120.924457, 47.437921], [-120.92445, 47.43799], [-120.924444, 47.438059], [-120.924434, 47.438127], [-120.924419, 47.438195], [-120.924403, 47.438262], [-120.924387, 47.43833], [-120.924373, 47.438398], [-120.924364, 47.438466], [-120.924357, 47.438535], [-120.924352, 47.438603], [-120.924348, 47.438672], [-120.924345, 47.43874], [-120.924344, 47.438809], [-120.924345, 47.438877], [-120.924347, 47.438946], [-120.924353, 47.439014], [-120.924366, 47.439083], [-120.924383, 47.439151], [-120.9244, 47.43922], [-120.924414, 47.439288], [-120.924422, 47.439356], [-120.924421, 47.439423], [-120.92441, 47.43949], [-120.92439, 47.439557], [-120.924363, 47.439623], [-120.924333, 47.439689], [-120.9243, 47.439755], [-120.924268, 47.43982], [-120.924239, 47.439887], [-120.924213, 47.439953], [-120.924187, 47.440019], [-120.92416, 47.440085], [-120.924135, 47.440151], [-120.92411, 47.440218], [-120.924086, 47.440284], [-120.924063, 47.440351], [-120.924041, 47.440418], [-120.92402, 47.440485], [-120.924, 47.440552], [-120.923982, 47.44062], [-120.923966, 47.440687], [-120.923952, 47.440755], [-120.923939, 47.440823], [-120.923927, 47.440891], [-120.923914, 47.440959], [-120.923901, 47.441027], [-120.923886, 47.441095], [-120.92387, 47.441164], [-120.923855, 47.441232], [-120.92384, 47.4413], [-120.923826, 47.441368], [-120.923814, 47.441436], [-120.923804, 47.441504], [-120.923798, 47.441572], [-120.923795, 47.44164], [-120.923796, 47.441708], [-120.923801, 47.441778], [-120.923811, 47.441847], [-120.923824, 47.441916], [-120.923843, 47.441984], [-120.923866, 47.442051], [-120.923895, 47.442116], [-120.923931, 47.442178], [-120.923977, 47.442238], [-120.924033, 47.442296], [-120.924095, 47.442352], [-120.92416, 47.442406], [-120.924224, 47.442459], [-120.924293, 47.44251], [-120.924369, 47.442556], [-120.924447, 47.442601], [-120.924519, 47.442649], [-120.92458, 47.442702], [-120.92464, 47.442761], [-120.924696, 47.442823], [-120.924739, 47.442887], [-120.924762, 47.442952], [-120.924758, 47.443016], [-120.924739, 47.44308], [-120.924709, 47.443145], [-120.924672, 47.44321], [-120.92463, 47.443275], [-120.924589, 47.443341], [-120.924551, 47.443406], [-120.92452, 47.443472], [-120.92449, 47.443537], [-120.92446, 47.443602], [-120.92443, 47.443668], [-120.924402, 47.443734], [-120.924374, 47.4438], [-120.924347, 47.443866], [-120.924322, 47.443932], [-120.924297, 47.443999], [-120.924273, 47.444065], [-120.92425, 47.444132], [-120.924226, 47.444198], [-120.924203, 47.444265], [-120.924177, 47.444331], [-120.924151, 47.444398], [-120.924124, 47.444464], [-120.924096, 47.444529], [-120.924067, 47.444595], [-120.924038, 47.444661], [-120.924011, 47.444727], [-120.923985, 47.444793], [-120.92396, 47.44486], [-120.923938, 47.444926], [-120.923917, 47.444994], [-120.923898, 47.445061], [-120.923882, 47.445129], [-120.923867, 47.445196], [-120.923853, 47.445264], [-120.923843, 47.445332], [-120.923836, 47.445401], [-120.923831, 47.44547], [-120.923825, 47.445538], [-120.923818, 47.445606], [-120.923808, 47.445675], [-120.923794, 47.445742], [-120.923775, 47.445809], [-120.923754, 47.445876], [-120.923729, 47.445943], [-120.923703, 47.446009], [-120.923674, 47.446075], [-120.923645, 47.446141], [-120.923614, 47.446206], [-120.923582, 47.446271], [-120.923548, 47.446336], [-120.923513, 47.4464], [-120.923476, 47.446464], [-120.92344, 47.446528], [-120.923403, 47.446592], [-120.923363, 47.446655], [-120.923322, 47.446717], [-120.923281, 47.44678], [-120.923236, 47.44685], [-120.923201, 47.446906], [-120.923164, 47.44697], [-120.923128, 47.447034], [-120.923093, 47.447098], [-120.923058, 47.447162], [-120.923025, 47.447227], [-120.922992, 47.447292], [-120.92296, 47.447357], [-120.922929, 47.447422], [-120.922899, 47.447488], [-120.92287, 47.447553], [-120.922842, 47.447619], [-120.922813, 47.447685], [-120.922785, 47.44775], [-120.922755, 47.447816], [-120.922721, 47.447882], [-120.922679, 47.447948], [-120.922636, 47.448015], [-120.922596, 47.448081], [-120.922566, 47.448146], [-120.92255, 47.44821], [-120.922555, 47.448271], [-120.922588, 47.448333], [-120.922645, 47.448394], [-120.922716, 47.44845], [-120.922795, 47.4485], [-120.922875, 47.448541], [-120.922959, 47.448576], [-120.923048, 47.448607], [-120.92314, 47.448636], [-120.923233, 47.448663], [-120.923328, 47.44869], [-120.923423, 47.448716], [-120.923517, 47.448744], [-120.923608, 47.448775], [-120.923697, 47.448807], [-120.923785, 47.44884], [-120.923873, 47.448874], [-120.923961, 47.448909], [-120.924049, 47.448944], [-120.924136, 47.448978], [-120.924225, 47.449012], [-120.924313, 47.449045], [-120.924402, 47.449076], [-120.924493, 47.449106], [-120.924584, 47.449134], [-120.924678, 47.449158], [-120.924775, 47.449179], [-120.924872, 47.449196], [-120.924971, 47.449212], [-120.925071, 47.449227], [-120.92517, 47.449242], [-120.925268, 47.449258], [-120.92537, 47.44927], [-120.925474, 47.449279], [-120.925578, 47.449288], [-120.925678, 47.4493], [-120.925774, 47.449318], [-120.925801, 47.449326], [-120.925863, 47.449344], [-120.925942, 47.449381], [-120.926016, 47.449426], [-120.926084, 47.449476], [-120.926148, 47.44953], [-120.926212, 47.449586], [-120.926274, 47.449643], [-120.926338, 47.449698], [-120.926405, 47.449749], [-120.926473, 47.4498], [-120.926543, 47.44985], [-120.926611, 47.449901], [-120.926678, 47.449952], [-120.926743, 47.450004], [-120.926805, 47.450058], [-120.926861, 47.450115], [-120.926913, 47.450174], [-120.926965, 47.450233], [-120.927018, 47.450292], [-120.927075, 47.450348], [-120.927139, 47.450401], [-120.927207, 47.450452], [-120.92728, 47.450499], [-120.927356, 47.450545], [-120.927436, 47.450587], [-120.927517, 47.450628], [-120.927601, 47.450666], [-120.927686, 47.450704], [-120.927771, 47.450741], [-120.927855, 47.450779], [-120.927939, 47.450818], [-120.928019, 47.450859], [-120.928096, 47.450903], [-120.928171, 47.450949], [-120.928246, 47.450995], [-120.928319, 47.451042], [-120.928392, 47.451089], [-120.928464, 47.451137], [-120.928536, 47.451186], [-120.928607, 47.451235], [-120.928677, 47.451284], [-120.928747, 47.451334], [-120.928818, 47.451383], [-120.928887, 47.451433], [-120.928956, 47.451483], [-120.929026, 47.451533], [-120.929095, 47.451583], [-120.929163, 47.451633], [-120.929231, 47.451685], [-120.929297, 47.451736], [-120.929363, 47.451789], [-120.929427, 47.451842], [-120.929489, 47.451896], [-120.92955, 47.45195], [-120.929608, 47.452006], [-120.929666, 47.452062], [-120.929723, 47.452119], [-120.929778, 47.452176], [-120.929833, 47.452234], [-120.929887, 47.452292], [-120.929941, 47.45235], [-120.929994, 47.452408], [-120.930047, 47.452467], [-120.9301, 47.452525], [-120.930153, 47.452583], [-120.930204, 47.452642], [-120.930254, 47.452702], [-120.930302, 47.452762], [-120.930351, 47.452823], [-120.9304, 47.452882], [-120.930451, 47.452942], [-120.930506, 47.452999], [-120.930569, 47.453055], [-120.930634, 47.45311], [-120.930694, 47.453166], [-120.930743, 47.453225], [-120.930776, 47.453288], [-120.930799, 47.453353], [-120.930817, 47.45342], [-120.930832, 47.453487], [-120.930843, 47.453556], [-120.930851, 47.453624], [-120.930858, 47.453694], [-120.930863, 47.453763], [-120.930867, 47.453833], [-120.930871, 47.453902], [-120.930875, 47.45397], [-120.930877, 47.454039], [-120.930874, 47.454107], [-120.930868, 47.454176], [-120.93086, 47.454244], [-120.93085, 47.454313], [-120.930839, 47.454381], [-120.930826, 47.454449], [-120.930809, 47.454516], [-120.930791, 47.454584], [-120.930774, 47.454652], [-120.930758, 47.45472], [-120.930745, 47.454788], [-120.930738, 47.454856], [-120.930736, 47.454924], [-120.930736, 47.454992], [-120.930739, 47.455061], [-120.930743, 47.455129], [-120.930748, 47.455198], [-120.930755, 47.455266], [-120.930764, 47.455335], [-120.930772, 47.455403], [-120.930781, 47.455472], [-120.930791, 47.45554], [-120.9308, 47.455608], [-120.930812, 47.455676], [-120.930826, 47.455744], [-120.930842, 47.455812], [-120.930859, 47.455879], [-120.930875, 47.455947], [-120.93089, 47.456015], [-120.930903, 47.456083], [-120.930913, 47.456151], [-120.930921, 47.45622], [-120.930927, 47.456288], [-120.930933, 47.456357], [-120.930936, 47.456425], [-120.930937, 47.456494], [-120.930936, 47.456562], [-120.930931, 47.456631], [-120.93092, 47.456699], [-120.930903, 47.456767], [-120.93088, 47.456833], [-120.930852, 47.456899], [-120.930821, 47.456964], [-120.930789, 47.457029], [-120.930757, 47.457094], [-120.930725, 47.45716], [-120.930696, 47.457225], [-120.930665, 47.457292], [-120.930634, 47.457358], [-120.930604, 47.457424], [-120.930576, 47.457491], [-120.930554, 47.457557], [-120.930539, 47.457622], [-120.93057, 47.457687], [-120.930632, 47.457744], [-120.930703, 47.457793], [-120.930778, 47.457839], [-120.930852, 47.457886], [-120.930924, 47.457934], [-120.930994, 47.457984], [-120.931064, 47.458033], [-120.931134, 47.458082], [-120.931205, 47.458131], [-120.931276, 47.45818], [-120.931347, 47.458229], [-120.931418, 47.458277], [-120.93149, 47.458326], [-120.931561, 47.458374], [-120.931633, 47.458423], [-120.931704, 47.458471], [-120.931775, 47.45852], [-120.931844, 47.458571], [-120.931913, 47.458621], [-120.931983, 47.458672], [-120.932054, 47.458721], [-120.932126, 47.458769], [-120.9322, 47.458815], [-120.932279, 47.458857], [-120.93236, 47.458896], [-120.932446, 47.458932], [-120.932535, 47.458965], [-120.932625, 47.458996], [-120.932716, 47.459026], [-120.932808, 47.459056], [-120.932899, 47.459087], [-120.932988, 47.45912], [-120.933075, 47.459156], [-120.933161, 47.459194], [-120.933246, 47.459233], [-120.933333, 47.45927], [-120.933421, 47.459302], [-120.933513, 47.459328], [-120.933608, 47.459347], [-120.933705, 47.459362], [-120.933804, 47.459374], [-120.933903, 47.459385], [-120.934003, 47.459394], [-120.934104, 47.459401], [-120.934206, 47.459407], [-120.934308, 47.459413], [-120.934409, 47.459418], [-120.934511, 47.459424], [-120.934613, 47.45943], [-120.934713, 47.459436], [-120.934814, 47.459444], [-120.934914, 47.45945], [-120.935015, 47.459457], [-120.935116, 47.459463], [-120.935216, 47.459469], [-120.935317, 47.459474], [-120.935418, 47.459479], [-120.935518, 47.459484], [-120.935619, 47.459489], [-120.93572, 47.459494], [-120.935821, 47.459499], [-120.935922, 47.459504], [-120.936023, 47.459509], [-120.936123, 47.459514], [-120.936225, 47.459519], [-120.936325, 47.459524], [-120.936426, 47.459528], [-120.936527, 47.459532], [-120.936628, 47.459536], [-120.936728, 47.459539], [-120.93683, 47.459542], [-120.936931, 47.459545], [-120.937031, 47.459545], [-120.937132, 47.459542], [-120.937233, 47.459539], [-120.937334, 47.459535], [-120.937435, 47.459533], [-120.937536, 47.459531], [-120.937637, 47.459528], [-120.937738, 47.459526], [-120.937839, 47.459524], [-120.937941, 47.459523], [-120.938042, 47.459524], [-120.938143, 47.459525], [-120.938244, 47.459528], [-120.938345, 47.459534], [-120.938444, 47.459545], [-120.938542, 47.459562], [-120.938638, 47.459583], [-120.938736, 47.459604], [-120.938833, 47.45962], [-120.938933, 47.459632], [-120.939033, 47.459641], [-120.939133, 47.459649], [-120.939234, 47.459656], [-120.939335, 47.459662], [-120.939436, 47.459667], [-120.939536, 47.459672], [-120.939637, 47.459677], [-120.939739, 47.45968], [-120.93984, 47.459682], [-120.939941, 47.459683], [-120.940042, 47.459685], [-120.940143, 47.459687], [-120.940244, 47.45969], [-120.940345, 47.459695], [-120.940445, 47.459702], [-120.940545, 47.459711], [-120.940646, 47.459721], [-120.940748, 47.459733], [-120.940848, 47.459747], [-120.940948, 47.459764], [-120.941045, 47.459783], [-120.941139, 47.459806], [-120.941229, 47.459833], [-120.94131, 47.459871], [-120.94138, 47.459921], [-120.941446, 47.459976], [-120.941515, 47.460029], [-120.941593, 47.460072], [-120.94168, 47.460105], [-120.941769, 47.460136], [-120.94186, 47.460165], [-120.941953, 47.460193], [-120.942047, 47.460219], [-120.942142, 47.460244], [-120.942237, 47.460269], [-120.942333, 47.460292], [-120.942428, 47.460315], [-120.942524, 47.460338], [-120.942619, 47.46036], [-120.942716, 47.460379], [-120.942814, 47.460398], [-120.942912, 47.460415], [-120.94301, 47.460431], [-120.943109, 47.460446], [-120.943207, 47.460461], [-120.943306, 47.460476], [-120.943406, 47.460488], [-120.943505, 47.460499], [-120.943605, 47.46051], [-120.943705, 47.460521], [-120.943805, 47.460532], [-120.943904, 47.460544], [-120.944003, 47.460558], [-120.944102, 47.460573], [-120.9442, 47.460589], [-120.944298, 47.460605], [-120.944397, 47.460622], [-120.944495, 47.460639], [-120.944593, 47.460655], [-120.944692, 47.460671], [-120.94479, 47.460687], [-120.944889, 47.460701], [-120.944988, 47.460713], [-120.945088, 47.460724], [-120.945188, 47.460733], [-120.945288, 47.460741], [-120.945388, 47.460748], [-120.945489, 47.460755], [-120.945589, 47.460761], [-120.94569, 47.460766], [-120.945791, 47.46077], [-120.945892, 47.460775], [-120.945993, 47.460779], [-120.946094, 47.460783], [-120.946195, 47.460788], [-120.946296, 47.460792], [-120.946397, 47.460797], [-120.946498, 47.460802], [-120.946599, 47.460807], [-120.946699, 47.460813], [-120.9468, 47.46082], [-120.9469, 47.460828], [-120.947, 47.460837], [-120.9471, 47.460846], [-120.9472, 47.460857], [-120.947299, 47.460868], [-120.947346, 47.460874], [-120.947399, 47.460881], [-120.947499, 47.460893], [-120.947598, 47.460907], [-120.947697, 47.460921], [-120.947796, 47.460935], [-120.947895, 47.460949], [-120.947994, 47.460964], [-120.948092, 47.460979], [-120.94819, 47.460994], [-120.948288, 47.461012], [-120.948385, 47.461032], [-120.948481, 47.461054], [-120.948577, 47.461076], [-120.948672, 47.461099], [-120.948766, 47.461123], [-120.94886, 47.461148], [-120.948954, 47.461174], [-120.949048, 47.461199], [-120.949143, 47.461223], [-120.949238, 47.461245], [-120.949334, 47.461267], [-120.94943, 47.461289], [-120.949526, 47.46131], [-120.949623, 47.461331], [-120.949719, 47.461351], [-120.949817, 47.46137], [-120.949914, 47.461389], [-120.950038, 47.46141], [-120.95011, 47.461409], [-120.95021, 47.461432], [-120.95031, 47.461442], [-120.95041, 47.461452], [-120.95051, 47.461462], [-120.951294, 47.461598], [-120.951389, 47.46162], [-120.951484, 47.461644], [-120.951579, 47.461669], [-120.951675, 47.461694], [-120.95177, 47.46172], [-120.951863, 47.46175], [-120.951952, 47.461783], [-120.952036, 47.46182], [-120.952112, 47.461863], [-120.952184, 47.461909], [-120.952254, 47.461958], [-120.952322, 47.462008], [-120.952387, 47.46206], [-120.952415, 47.462083], [-120.952451, 47.462113], [-120.952515, 47.462167], [-120.952578, 47.462222], [-120.952639, 47.462277], [-120.952701, 47.462332], [-120.952764, 47.462387], [-120.952827, 47.462441], [-120.952891, 47.462494], [-120.952969, 47.462549], [-120.953053, 47.462605], [-120.953119, 47.46266], [-120.953142, 47.462711], [-120.953106, 47.462756], [-120.953024, 47.462797], [-120.952924, 47.462838], [-120.95283, 47.462882], [-120.952761, 47.462932], [-120.952696, 47.462984], [-120.952633, 47.463038], [-120.952571, 47.463092], [-120.952511, 47.463148], [-120.952453, 47.463205], [-120.952397, 47.463262], [-120.952342, 47.463319], [-120.952288, 47.463377], [-120.952235, 47.463437], [-120.952185, 47.463498], [-120.95214, 47.46356], [-120.952103, 47.463623], [-120.952076, 47.463687], [-120.952061, 47.463754], [-120.952057, 47.463822], [-120.952058, 47.463892], [-120.952061, 47.463961], [-120.95206, 47.464031], [-120.952054, 47.464099], [-120.952046, 47.464168], [-120.952039, 47.464236], [-120.952031, 47.464304], [-120.952023, 47.464373], [-120.952014, 47.464441], [-120.952005, 47.464509], [-120.951995, 47.464577], [-120.951985, 47.464646], [-120.951974, 47.464714], [-120.951962, 47.464782], [-120.951948, 47.464849], [-120.951933, 47.464917], [-120.951917, 47.464985], [-120.9519, 47.465053], [-120.951883, 47.46512], [-120.951865, 47.465188], [-120.951848, 47.465255], [-120.951831, 47.465323], [-120.951813, 47.46539], [-120.951794, 47.465458], [-120.951776, 47.465525], [-120.951757, 47.465592], [-120.951739, 47.46566], [-120.95172, 47.465727], [-120.951702, 47.465794], [-120.951683, 47.465862], [-120.951658, 47.46593], [-120.951634, 47.465999], [-120.951618, 47.466066], [-120.951621, 47.466132], [-120.951651, 47.466196], [-120.951701, 47.466259], [-120.951755, 47.466322], [-120.951794, 47.466385], [-120.951805, 47.466449], [-120.951794, 47.466514], [-120.95177, 47.46658], [-120.951736, 47.466647], [-120.951699, 47.466713], [-120.951663, 47.466779], [-120.951632, 47.466845], [-120.951607, 47.466914], [-120.951584, 47.466984], [-120.951558, 47.467052], [-120.951523, 47.467117], [-120.951476, 47.467174], [-120.951413, 47.467223], [-120.951335, 47.467264], [-120.951248, 47.467299], [-120.951154, 47.467331], [-120.951059, 47.467362], [-120.950964, 47.467394], [-120.950876, 47.467429], [-120.950796, 47.46747], [-120.950729, 47.467518], [-120.95067, 47.467572], [-120.950615, 47.467628], [-120.950565, 47.467686], [-120.950517, 47.467746], [-120.950472, 47.467808], [-120.950428, 47.467871], [-120.950386, 47.467935], [-120.950343, 47.467999], [-120.9503, 47.468062], [-120.950255, 47.468124], [-120.950208, 47.468186], [-120.950159, 47.468246], [-120.95011, 47.468305], [-120.95006, 47.468365], [-120.95001, 47.468424], [-120.94996, 47.468484], [-120.949909, 47.468543], [-120.949857, 47.468602], [-120.949805, 47.468661], [-120.949752, 47.468719], [-120.949691, 47.468776], [-120.949623, 47.468833], [-120.949553, 47.468889], [-120.949489, 47.468945], [-120.949436, 47.469002], [-120.949401, 47.469059], [-120.949398, 47.469119], [-120.949444, 47.469182], [-120.949511, 47.469246], [-120.94957, 47.46931], [-120.94959, 47.469373], [-120.949569, 47.469434], [-120.949539, 47.469497], [-120.949503, 47.469559], [-120.949462, 47.469621], [-120.949416, 47.469684], [-120.949367, 47.469746], [-120.949315, 47.469807], [-120.949261, 47.469868], [-120.949206, 47.469929], [-120.94915, 47.469988], [-120.949096, 47.470046], [-120.94904, 47.470103], [-120.948982, 47.470159], [-120.94892, 47.470213], [-120.948855, 47.470266], [-120.948789, 47.470318], [-120.948721, 47.470369], [-120.948654, 47.470421], [-120.948587, 47.470472], [-120.94852, 47.470524], [-120.948455, 47.470576], [-120.948389, 47.470628], [-120.948323, 47.47068], [-120.948256, 47.470731], [-120.94819, 47.470783], [-120.948123, 47.470834], [-120.948056, 47.470886], [-120.947989, 47.470937], [-120.947922, 47.470989], [-120.947856, 47.47104], [-120.947789, 47.471092], [-120.947723, 47.471144], [-120.947656, 47.471195], [-120.947591, 47.471247], [-120.947525, 47.471299], [-120.947458, 47.471351], [-120.947393, 47.471404], [-120.947339, 47.471448], [-120.947266, 47.47151], [-120.947207, 47.471566], [-120.947148, 47.471622], [-120.94709, 47.471678], [-120.947031, 47.471734], [-120.946972, 47.471791], [-120.946914, 47.471848], [-120.946857, 47.471905], [-120.946801, 47.471963], [-120.946746, 47.47202], [-120.946694, 47.472079], [-120.946644, 47.472138], [-120.946597, 47.472198], [-120.946553, 47.472258], [-120.946517, 47.472324], [-120.946493, 47.472395], [-120.946485, 47.472466], [-120.946495, 47.472534], [-120.946526, 47.472595], [-120.946571, 47.472654], [-120.946627, 47.472711], [-120.946689, 47.472766], [-120.946756, 47.472821], [-120.946824, 47.472875], [-120.946891, 47.472928], [-120.946958, 47.47298], [-120.947029, 47.473028], [-120.947104, 47.473074], [-120.947179, 47.473121], [-120.947249, 47.47317], [-120.947337, 47.473235], [-120.947385, 47.473272], [-120.947453, 47.473324], [-120.947523, 47.473373], [-120.947596, 47.47342], [-120.947674, 47.473462], [-120.947758, 47.4735], [-120.947846, 47.473534], [-120.947935, 47.473567], [-120.948025, 47.4736], [-120.948112, 47.473635], [-120.948198, 47.473671], [-120.948285, 47.473707], [-120.948374, 47.473742], [-120.948461, 47.473777], [-120.948547, 47.473814], [-120.948631, 47.473852], [-120.948712, 47.473893], [-120.948788, 47.473937], [-120.94886, 47.473984], [-120.948926, 47.474034], [-120.94899, 47.474087], [-120.94905, 47.474142], [-120.949109, 47.474198], [-120.949166, 47.474255], [-120.949224, 47.474313], [-120.949283, 47.474369], [-120.949343, 47.474424], [-120.949406, 47.474478], [-120.949471, 47.47453], [-120.94954, 47.474581], [-120.949609, 47.474631], [-120.949678, 47.474681], [-120.949746, 47.474732], [-120.949813, 47.474783], [-120.949883, 47.474834], [-120.949956, 47.474885], [-120.950028, 47.474936], [-120.950096, 47.474988], [-120.950159, 47.475041], [-120.950213, 47.475097], [-120.950255, 47.475156], [-120.950274, 47.47522], [-120.950274, 47.475289], [-120.950267, 47.47536], [-120.950262, 47.475431], [-120.950271, 47.4755], [-120.950288, 47.475569], [-120.950306, 47.47564], [-120.950326, 47.475711], [-120.950351, 47.47578], [-120.950377, 47.475831], [-120.950428, 47.475903], [-120.950485, 47.475953], [-120.950559, 47.475993], [-120.950647, 47.476024], [-120.950745, 47.47605], [-120.950846, 47.476075], [-120.950944, 47.476101], [-120.951036, 47.476133], [-120.951122, 47.476169], [-120.951207, 47.476207], [-120.95129, 47.476246], [-120.951373, 47.476286], [-120.951457, 47.476325], [-120.951541, 47.476363], [-120.951628, 47.476398], [-120.951716, 47.47643], [-120.951808, 47.476458], [-120.951901, 47.476484], [-120.951996, 47.476508], [-120.952093, 47.476531], [-120.95219, 47.476551], [-120.952289, 47.476569], [-120.952387, 47.476584], [-120.952487, 47.476597], [-120.952586, 47.476607], [-120.952687, 47.476613], [-120.952788, 47.476615], [-120.952891, 47.476615], [-120.952994, 47.476613], [-120.953097, 47.47661], [-120.9532, 47.476608], [-120.953302, 47.476608], [-120.953403, 47.47661], [-120.953502, 47.476617], [-120.953599, 47.476629], [-120.953695, 47.476646], [-120.953792, 47.476666], [-120.95389, 47.476689], [-120.953988, 47.476714], [-120.954085, 47.476741], [-120.954181, 47.476771], [-120.954275, 47.476804], [-120.954365, 47.476839], [-120.954451, 47.476876], [-120.954531, 47.476917], [-120.954606, 47.476959], [-120.954674, 47.477005], [-120.954729, 47.477056], [-120.95477, 47.477116], [-120.9548, 47.477181], [-120.954824, 47.47725], [-120.954845, 47.477321], [-120.954866, 47.477392], [-120.954893, 47.477461], [-120.954927, 47.477527], [-120.954972, 47.477587], [-120.955028, 47.477643], [-120.955091, 47.477696], [-120.95516, 47.477747], [-120.955231, 47.477797], [-120.955303, 47.477846], [-120.955374, 47.477897], [-120.95544, 47.477949], [-120.955501, 47.478003], [-120.955556, 47.47806], [-120.955607, 47.478119], [-120.955656, 47.47818], [-120.955703, 47.47824], [-120.955748, 47.478302], [-120.955794, 47.478363], [-120.955841, 47.478424], [-120.955887, 47.478485], [-120.955934, 47.478546], [-120.95598, 47.478607], [-120.956026, 47.478668], [-120.956071, 47.478729], [-120.956116, 47.478791], [-120.95616, 47.478852], [-120.956204, 47.478914], [-120.956247, 47.478976], [-120.956289, 47.479039], [-120.95633, 47.479101], [-120.956371, 47.479164], [-120.956412, 47.479226], [-120.956452, 47.479289], [-120.956493, 47.479352], [-120.956535, 47.479414], [-120.956577, 47.479477], [-120.956617, 47.47954], [-120.956655, 47.479607], [-120.956692, 47.479674], [-120.956729, 47.479741], [-120.956767, 47.479807], [-120.956809, 47.479871], [-120.956855, 47.479931], [-120.956907, 47.479986], [-120.956966, 47.480035], [-120.95704, 47.480071], [-120.957134, 47.480091], [-120.957238, 47.480102], [-120.957347, 47.480111], [-120.957452, 47.480125], [-120.957546, 47.480151], [-120.957636, 47.480181], [-120.957726, 47.480214], [-120.957814, 47.480249], [-120.957901, 47.480285], [-120.957986, 47.480324], [-120.958068, 47.480364], [-120.958146, 47.480407], [-120.95822, 47.480452], [-120.958285, 47.480503], [-120.958345, 47.480559], [-120.958401, 47.480617], [-120.958456, 47.480675], [-120.958515, 47.480732], [-120.958579, 47.480785], [-120.95865, 47.480835], [-120.958725, 47.480885], [-120.958795, 47.480935], [-120.958858, 47.480988], [-120.958907, 47.481046], [-120.958945, 47.481108], [-120.958976, 47.481173], [-120.959002, 47.48124], [-120.959021, 47.481309], [-120.959035, 47.481379], [-120.959044, 47.481448], [-120.959047, 47.481516], [-120.959044, 47.481583], [-120.959032, 47.481651], [-120.959015, 47.481719], [-120.958992, 47.481787], [-120.958966, 47.481854], [-120.958937, 47.48192], [-120.958907, 47.481986], [-120.958876, 47.482051], [-120.958843, 47.482116], [-120.958809, 47.48218], [-120.958773, 47.482244], [-120.958735, 47.482308], [-120.958697, 47.482372], [-120.958659, 47.482435], [-120.958619, 47.482498], [-120.958579, 47.482562], [-120.958539, 47.482624], [-120.958496, 47.482687], [-120.958447, 47.482748], [-120.958394, 47.482808], [-120.958342, 47.482868], [-120.958296, 47.482929], [-120.958259, 47.482991], [-120.958236, 47.483056], [-120.95822, 47.483128], [-120.958213, 47.483201], [-120.958217, 47.483274], [-120.958235, 47.483341], [-120.958271, 47.483399], [-120.958335, 47.483442], [-120.958427, 47.483472], [-120.958532, 47.483498], [-120.958631, 47.483528], [-120.958707, 47.48357], [-120.958768, 47.483623], [-120.958821, 47.483682], [-120.958869, 47.483744], [-120.95891, 47.483809], [-120.958945, 47.483874], [-120.958975, 47.483939], [-120.958992, 47.484006], [-120.959, 47.484075], [-120.959004, 47.484144], [-120.959011, 47.484213], [-120.959024, 47.484282], [-120.959038, 47.484363], [-120.959061, 47.484438], [-120.959113, 47.484475], [-120.959193, 47.48447], [-120.959287, 47.484441], [-120.95939, 47.484405], [-120.959494, 47.484375], [-120.959594, 47.484365], [-120.959691, 47.484374], [-120.959787, 47.484389], [-120.959883, 47.484408], [-120.959979, 47.484431], [-120.960076, 47.484456], [-120.960172, 47.484481], [-120.96027, 47.484505], [-120.960367, 47.484527], [-120.960465, 47.484545], [-120.960564, 47.484558], [-120.960664, 47.484566], [-120.960765, 47.48457], [-120.960867, 47.484572], [-120.960969, 47.484573], [-120.961072, 47.484574], [-120.961173, 47.484579], [-120.961272, 47.484586], [-120.961371, 47.484599], [-120.961468, 47.484616], [-120.961565, 47.484635], [-120.961663, 47.484656], [-120.961758, 47.484679], [-120.961854, 47.484704], [-120.961947, 47.484731], [-120.962039, 47.484761], [-120.962129, 47.484792], [-120.962217, 47.484825], [-120.962304, 47.48486], [-120.96239, 47.484895], [-120.962475, 47.484932], [-120.96256, 47.48497], [-120.962644, 47.485009], [-120.962727, 47.485049], [-120.962808, 47.48509], [-120.96289, 47.485131], [-120.962969, 47.485174], [-120.963048, 47.485217], [-120.963125, 47.485261], [-120.963202, 47.485306], [-120.963274, 47.485353], [-120.963342, 47.485403], [-120.963407, 47.485456], [-120.963471, 47.485509], [-120.963533, 47.485564], [-120.963597, 47.485618], [-120.963662, 47.48567], [-120.96373, 47.485721], [-120.963802, 47.485769], [-120.963875, 47.485816], [-120.96395, 47.485862], [-120.964026, 47.485908], [-120.964103, 47.485952], [-120.964181, 47.485996], [-120.964258, 47.48604], [-120.964336, 47.486084], [-120.964413, 47.486129], [-120.96449, 47.486174], [-120.964567, 47.486218], [-120.964646, 47.486262], [-120.964725, 47.486304], [-120.964807, 47.486345], [-120.964891, 47.486382], [-120.964977, 47.486417], [-120.965065, 47.486451], [-120.965154, 47.486484], [-120.965243, 47.486516], [-120.965334, 47.486546], [-120.965425, 47.486577], [-120.965516, 47.486607], [-120.965607, 47.486637], [-120.965698, 47.486667], [-120.965789, 47.486698], [-120.965879, 47.486729], [-120.965968, 47.486761], [-120.966057, 47.486794], [-120.966143, 47.486829], [-120.966228, 47.486867], [-120.966307, 47.486908], [-120.966385, 47.486952], [-120.966461, 47.486998], [-120.966538, 47.487043], [-120.966615, 47.487088], [-120.966694, 47.487131], [-120.966772, 47.487174], [-120.96685, 47.487217], [-120.966929, 47.487261], [-120.967007, 47.487304], [-120.967086, 47.487347], [-120.967164, 47.48739], [-120.967242, 47.487434], [-120.96732, 47.487478], [-120.967398, 47.487521], [-120.967475, 47.487565], [-120.967553, 47.487609], [-120.96763, 47.487654], [-120.967705, 47.4877], [-120.96778, 47.487747], [-120.967854, 47.487795], [-120.967927, 47.487843], [-120.968001, 47.487891], [-120.968075, 47.487938], [-120.96815, 47.487984], [-120.968226, 47.488029], [-120.968303, 47.488072], [-120.968383, 47.488113], [-120.968465, 47.488152], [-120.968552, 47.488184], [-120.968645, 47.488211], [-120.968697, 47.488222], [-120.968743, 47.488232], [-120.968843, 47.488249], [-120.968943, 47.488264], [-120.969043, 47.488277], [-120.969142, 47.488289], [-120.969242, 47.488298], [-120.969342, 47.488306], [-120.969443, 47.488312], [-120.969544, 47.488318], [-120.969645, 47.488323], [-120.969746, 47.488329], [-120.969847, 47.488335], [-120.969948, 47.488341], [-120.970048, 47.488348], [-120.970149, 47.488355], [-120.97025, 47.488362], [-120.97035, 47.488368], [-120.970452, 47.488374], [-120.970552, 47.48838], [-120.970653, 47.488385], [-120.970754, 47.488388], [-120.970855, 47.488391], [-120.970956, 47.488392], [-120.971057, 47.488392], [-120.971158, 47.488391], [-120.971259, 47.488389], [-120.97136, 47.488387], [-120.971461, 47.488385], [-120.971562, 47.488382], [-120.971663, 47.488381], [-120.971765, 47.48838], [-120.971866, 47.48838], [-120.971968, 47.48838], [-120.972072, 47.488378], [-120.972176, 47.488375], [-120.97228, 47.488374], [-120.972383, 47.488375], [-120.972483, 47.48838], [-120.972581, 47.48839], [-120.972674, 47.488407], [-120.97276, 47.488436], [-120.972839, 47.488476], [-120.972913, 47.488525], [-120.972987, 47.488576], [-120.973061, 47.488626], [-120.973141, 47.48867], [-120.973227, 47.488705], [-120.973315, 47.488738], [-120.973405, 47.488769], [-120.973496, 47.488799], [-120.973588, 47.488828], [-120.97368, 47.488856], [-120.973773, 47.488884], [-120.973866, 47.488912], [-120.973959, 47.48894], [-120.97405, 47.488969], [-120.974142, 47.488998], [-120.974234, 47.489027], [-120.974327, 47.489055], [-120.974419, 47.489083], [-120.974512, 47.489111], [-120.974603, 47.489141], [-120.974694, 47.489171], [-120.974783, 47.489203], [-120.97487, 47.489237], [-120.974954, 47.489274], [-120.975038, 47.489313], [-120.975119, 47.489354], [-120.975199, 47.489397], [-120.975277, 47.489441], [-120.975354, 47.489486], [-120.975428, 47.489533], [-120.975501, 47.48958], [-120.975567, 47.489631], [-120.975626, 47.489688], [-120.975683, 47.489746], [-120.975741, 47.489803], [-120.975806, 47.489855], [-120.97588, 47.4899], [-120.97596, 47.489941], [-120.976043, 47.48998], [-120.976129, 47.490016], [-120.976217, 47.490051], [-120.976306, 47.490085], [-120.976396, 47.490118], [-120.976485, 47.49015], [-120.976575, 47.490182], [-120.976666, 47.490211], [-120.976758, 47.49024], [-120.976858, 47.49027], [-120.976943, 47.490294], [-120.977037, 47.490321], [-120.977129, 47.490348], [-120.977222, 47.490377], [-120.977314, 47.490409], [-120.977407, 47.490441], [-120.9775, 47.490471], [-120.977593, 47.490495], [-120.977689, 47.490511], [-120.977787, 47.490517], [-120.977887, 47.490518], [-120.977989, 47.490513], [-120.978092, 47.490503], [-120.978193, 47.490489], [-120.978293, 47.490472], [-120.978389, 47.490453], [-120.978482, 47.490423], [-120.978574, 47.490382], [-120.978663, 47.490336], [-120.97875, 47.490292], [-120.978892, 47.490246], [-120.978921, 47.490246], [-120.978995, 47.490245], [-120.979085, 47.490275], [-120.979165, 47.490321], [-120.979242, 47.490376], [-120.97932, 47.490431], [-120.979397, 47.49048], [-120.979472, 47.490525], [-120.979547, 47.490572], [-120.979621, 47.490619], [-120.979695, 47.490665], [-120.97977, 47.490712], [-120.979845, 47.490757], [-120.979924, 47.4908], [-120.980003, 47.490842], [-120.980085, 47.490882], [-120.980168, 47.490921], [-120.980252, 47.49096], [-120.980336, 47.490998], [-120.98042, 47.491037], [-120.980503, 47.491076], [-120.980588, 47.491114], [-120.980676, 47.491151], [-120.980764, 47.491188], [-120.980849, 47.491227], [-120.980927, 47.491269], [-120.980998, 47.491315], [-120.981057, 47.491368], [-120.981103, 47.491428], [-120.98114, 47.491492], [-120.981174, 47.491559], [-120.981211, 47.491624], [-120.981254, 47.491687], [-120.981303, 47.491747], [-120.981354, 47.491807], [-120.981407, 47.491866], [-120.981463, 47.491924], [-120.981523, 47.491979], [-120.981588, 47.49203], [-120.98166, 47.492077], [-120.981737, 47.492121], [-120.981819, 47.492162], [-120.981902, 47.492201], [-120.981987, 47.492239], [-120.982071, 47.492279], [-120.982153, 47.492319], [-120.982231, 47.492363], [-120.982304, 47.49241], [-120.982372, 47.492461], [-120.982438, 47.492513], [-120.982504, 47.492566], [-120.982571, 47.492617], [-120.982641, 47.492667], [-120.982716, 47.492712], [-120.982802, 47.492749], [-120.982897, 47.492782], [-120.982992, 47.492813], [-120.983081, 47.492848], [-120.983159, 47.492888], [-120.983218, 47.492939], [-120.983264, 47.492997], [-120.983302, 47.493059], [-120.983334, 47.493125], [-120.983361, 47.493192], [-120.983387, 47.493261], [-120.983413, 47.493329], [-120.983441, 47.493397], [-120.983473, 47.493463], [-120.983511, 47.493527], [-120.983558, 47.493586], [-120.983612, 47.493642], [-120.983673, 47.493695], [-120.98374, 47.493746], [-120.983811, 47.493795], [-120.983885, 47.493843], [-120.983961, 47.49389], [-120.984037, 47.493937], [-120.984113, 47.493984], [-120.984187, 47.494032], [-120.984258, 47.49408], [-120.984329, 47.494129], [-120.984399, 47.494178], [-120.984471, 47.494227], [-120.984541, 47.494276], [-120.984612, 47.494325], [-120.984682, 47.494374], [-120.984754, 47.494423], [-120.984824, 47.494473], [-120.984889, 47.494525], [-120.984946, 47.494581], [-120.985, 47.494639], [-120.985052, 47.494698], [-120.985102, 47.494758], [-120.985152, 47.494818], [-120.985202, 47.494877], [-120.985252, 47.494937], [-120.985303, 47.494996], [-120.985356, 47.495055], [-120.985412, 47.495111], [-120.985471, 47.495167], [-120.985535, 47.49522], [-120.985603, 47.495271], [-120.985672, 47.495322], [-120.985741, 47.495373], [-120.98581, 47.495424], [-120.985875, 47.495476], [-120.985936, 47.49553], [-120.985992, 47.495587], [-120.986046, 47.495645], [-120.986099, 47.495705], [-120.986152, 47.495765], [-120.986203, 47.495827], [-120.986249, 47.495889], [-120.986291, 47.495953], [-120.986327, 47.496017], [-120.986355, 47.496081], [-120.986376, 47.496146], [-120.986382, 47.496212], [-120.986372, 47.496281], [-120.986352, 47.496351], [-120.986325, 47.496422], [-120.986297, 47.496492], [-120.986274, 47.496562], [-120.986259, 47.49663], [-120.986258, 47.496695], [-120.986276, 47.496757], [-120.986313, 47.496815], [-120.986366, 47.496871], [-120.986432, 47.496925], [-120.986505, 47.496977], [-120.986583, 47.497026], [-120.986663, 47.497075], [-120.986739, 47.497123], [-120.986814, 47.497169], [-120.986893, 47.497211], [-120.986975, 47.497251], [-120.98706, 47.497289], [-120.987146, 47.497326], [-120.98723, 47.497364], [-120.987316, 47.497401], [-120.987403, 47.497437], [-120.98749, 47.497472], [-120.987576, 47.497508], [-120.987661, 47.497545], [-120.987743, 47.497585], [-120.987822, 47.497627], [-120.987902, 47.497671], [-120.987981, 47.497717], [-120.988055, 47.497765], [-120.988121, 47.497817], [-120.988179, 47.497872], [-120.988225, 47.497931], [-120.988262, 47.497994], [-120.988292, 47.498059], [-120.988318, 47.498126], [-120.988342, 47.498194], [-120.988367, 47.498262], [-120.988394, 47.498329], [-120.988427, 47.498394], [-120.988466, 47.498456], [-120.988517, 47.498514], [-120.98858, 47.498568], [-120.988649, 47.498619], [-120.988716, 47.498672], [-120.988777, 47.498727], [-120.988827, 47.498786], [-120.988871, 47.498849], [-120.988911, 47.498913], [-120.988952, 47.498977], [-120.988994, 47.49904], [-120.989041, 47.499099], [-120.989096, 47.499155], [-120.989166, 47.499202], [-120.989252, 47.499239], [-120.989344, 47.499272], [-120.989431, 47.49931], [-120.989503, 47.499357], [-120.989566, 47.499405], [-120.989758, 47.499879], [-120.989786, 47.499945], [-120.989813, 47.500011], [-120.989841, 47.500077], [-120.989872, 47.500143], [-120.989905, 47.500207], [-120.989947, 47.500269], [-120.989997, 47.500321], [-120.990067, 47.50038], [-120.990139, 47.500428], [-120.990214, 47.500474], [-120.990291, 47.500519], [-120.990367, 47.500563], [-120.990441, 47.500611], [-120.990488, 47.500646], [-120.990508, 47.500662], [-120.990579, 47.500711], [-120.990661, 47.500751], [-120.990749, 47.500786], [-120.99082, 47.500833], [-120.99088, 47.500888], [-120.990935, 47.500947], [-120.99099, 47.501004], [-120.991041, 47.501066], [-120.991105, 47.501117], [-120.991196, 47.501145], [-120.991298, 47.501165], [-120.991393, 47.50119], [-120.991467, 47.501232], [-120.991532, 47.501285], [-120.991589, 47.501343], [-120.991639, 47.501405], [-120.991679, 47.501469], [-120.991707, 47.501533], [-120.991721, 47.5016], [-120.991726, 47.501669], [-120.991727, 47.501739], [-120.991731, 47.501809], [-120.991744, 47.501877], [-120.991771, 47.501942], [-120.991804, 47.502008], [-120.991828, 47.502074], [-120.991843, 47.502142], [-120.991855, 47.50221], [-120.991865, 47.502278], [-120.991873, 47.502347], [-120.99188, 47.502415], [-120.99189, 47.502483], [-120.991902, 47.502551], [-120.991919, 47.502619], [-120.991937, 47.502688], [-120.991969, 47.502752], [-120.99203, 47.502805], [-120.992108, 47.502851], [-120.992183, 47.502897], [-120.99226, 47.502942], [-120.992335, 47.502988], [-120.992403, 47.503038], [-120.992467, 47.503092], [-120.992538, 47.50314], [-120.992616, 47.503184], [-120.992683, 47.503235], [-120.992745, 47.503289], [-120.992807, 47.503344], [-120.992865, 47.5034], [-120.99293, 47.503453], [-120.993004, 47.503499], [-120.993086, 47.50354], [-120.993174, 47.503573], [-120.993268, 47.5036], [-120.993362, 47.503626], [-120.99345, 47.503659], [-120.993524, 47.503705], [-120.993589, 47.503758], [-120.993662, 47.503806], [-120.99374, 47.503849], [-120.993824, 47.503888], [-120.993907, 47.503927], [-120.993988, 47.503969], [-120.994053, 47.50402], [-120.994112, 47.504076], [-120.994167, 47.504134], [-120.994222, 47.504192], [-120.994279, 47.504249], [-120.99434, 47.504303], [-120.99442, 47.504345], [-120.994505, 47.504383], [-120.994584, 47.504425], [-120.994654, 47.504475], [-120.994718, 47.504529], [-120.994774, 47.504586], [-120.994826, 47.504647], [-120.994877, 47.504713], [-120.994903, 47.504777], [-120.994881, 47.504834], [-120.994803, 47.504882], [-120.994724, 47.504932], [-120.994669, 47.504983], [-120.994614, 47.505048], [-120.994589, 47.505113], [-120.994576, 47.505181], [-120.99457, 47.50525], [-120.994564, 47.505319], [-120.994555, 47.505388], [-120.994547, 47.505457], [-120.994545, 47.505525], [-120.994566, 47.505592], [-120.994587, 47.505659], [-120.994585, 47.505728], [-120.994563, 47.505794], [-120.994528, 47.505859], [-120.994508, 47.505926], [-120.994506, 47.505994], [-120.994524, 47.506062], [-120.99455, 47.506128], [-120.994581, 47.506194], [-120.994612, 47.506259], [-120.994619, 47.506327], [-120.994619, 47.506396], [-120.994628, 47.506464], [-120.99464, 47.506532], [-120.994651, 47.506601], [-120.994661, 47.506669], [-120.994669, 47.506737], [-120.994672, 47.506805], [-120.994671, 47.506874], [-120.994664, 47.506942], [-120.994653, 47.507011], [-120.994638, 47.507079], [-120.994621, 47.507146], [-120.994599, 47.507213], [-120.994558, 47.507277], [-120.9945, 47.507332], [-120.994431, 47.507383], [-120.994359, 47.507431], [-120.994284, 47.507477], [-120.994213, 47.507526], [-120.994149, 47.507578], [-120.994089, 47.507634], [-120.994034, 47.507692], [-120.993985, 47.507752], [-120.993946, 47.507815], [-120.993916, 47.50788], [-120.993888, 47.507947], [-120.993858, 47.508012], [-120.993818, 47.508075], [-120.993752, 47.508128], [-120.993667, 47.508165], [-120.993573, 47.508192], [-120.993477, 47.508217], [-120.993385, 47.508246], [-120.993305, 47.508285], [-120.993236, 47.508334], [-120.993172, 47.508388], [-120.993111, 47.508444], [-120.993047, 47.508498], [-120.992976, 47.508546], [-120.99289, 47.508582], [-120.992804, 47.508619], [-120.992728, 47.508664], [-120.992649, 47.508707], [-120.992567, 47.508747], [-120.992481, 47.508782], [-120.992393, 47.508817], [-120.992305, 47.508852], [-120.992217, 47.508888], [-120.992146, 47.508934], [-120.992116, 47.509001], [-120.992115, 47.509069], [-120.992126, 47.509138], [-120.992144, 47.509205], [-120.992167, 47.509272], [-120.992193, 47.509339], [-120.99222, 47.509406], [-120.992244, 47.509472], [-120.992262, 47.509539], [-120.992268, 47.509606], [-120.992255, 47.509674], [-120.992236, 47.509743], [-120.992225, 47.509811], [-120.992232, 47.509882], [-120.992212, 47.509947], [-120.992165, 47.510006], [-120.992112, 47.510064], [-120.992054, 47.510122], [-120.991994, 47.510178], [-120.991932, 47.510233], [-120.991868, 47.510286], [-120.991798, 47.510335], [-120.991723, 47.510381], [-120.991647, 47.510427], [-120.991578, 47.510477], [-120.991513, 47.51053], [-120.991452, 47.510586], [-120.991397, 47.510643], [-120.991352, 47.510703], [-120.99133, 47.510771], [-120.991312, 47.510839], [-120.991286, 47.510906], [-120.99127, 47.510974], [-120.991276, 47.511041], [-120.991294, 47.511108], [-120.991318, 47.511175], [-120.991345, 47.511242], [-120.991374, 47.511308], [-120.991401, 47.511374], [-120.991426, 47.511441], [-120.991453, 47.511508], [-120.991483, 47.511573], [-120.991519, 47.511637], [-120.991564, 47.511697], [-120.991616, 47.511756], [-120.991673, 47.511812], [-120.991733, 47.511868], [-120.991792, 47.511925], [-120.991848, 47.511982], [-120.991895, 47.512042], [-120.99194, 47.512104], [-120.991995, 47.512161], [-120.992058, 47.512215], [-120.992124, 47.512267], [-120.992189, 47.512319], [-120.992253, 47.512373], [-120.992314, 47.512428], [-120.992373, 47.512483], [-120.992428, 47.51254], [-120.99248, 47.5126], [-120.992529, 47.512659], [-120.992577, 47.51272], [-120.992608, 47.512785], [-120.992632, 47.512852], [-120.992653, 47.51292], [-120.992674, 47.512987], [-120.992697, 47.513055], [-120.992724, 47.51312], [-120.99276, 47.513184], [-120.992803, 47.513245], [-120.992853, 47.513304], [-120.992906, 47.513362], [-120.992962, 47.513419], [-120.99302, 47.513476], [-120.993079, 47.513532], [-120.993137, 47.513589], [-120.993193, 47.513646], [-120.993246, 47.513704], [-120.993293, 47.513765], [-120.993333, 47.513829], [-120.993367, 47.513893], [-120.993392, 47.51396], [-120.993416, 47.514026], [-120.993452, 47.51409], [-120.993492, 47.514153], [-120.993537, 47.514215], [-120.993586, 47.514275], [-120.993639, 47.514333], [-120.993694, 47.514392], [-120.993751, 47.514449], [-120.993813, 47.514504], [-120.99388, 47.514555], [-120.993955, 47.5146], [-120.994032, 47.514644], [-120.99411, 47.514687], [-120.994189, 47.51473], [-120.994268, 47.514772], [-120.994349, 47.514814], [-120.99443, 47.514855], [-120.994511, 47.514896], [-120.994593, 47.514937], [-120.994675, 47.514977], [-120.994757, 47.515018], [-120.994838, 47.515059], [-120.994919, 47.5151], [-120.995, 47.515142], [-120.99508, 47.515184], [-120.99516, 47.515226], [-120.995238, 47.515269], [-120.995316, 47.515313], [-120.995391, 47.515358], [-120.995463, 47.515406], [-120.995532, 47.515456], [-120.995599, 47.515508], [-120.995664, 47.51556], [-120.995731, 47.515613], [-120.995798, 47.515664], [-120.995871, 47.515712], [-120.995957, 47.515754], [-120.996016, 47.515806], [-120.996047, 47.515869], [-120.99607, 47.515935], [-120.996087, 47.516003], [-120.996103, 47.516072], [-120.996119, 47.516141], [-120.99614, 47.516209], [-120.996161, 47.516276], [-120.996182, 47.516343], [-120.996205, 47.51641], [-120.996233, 47.516476], [-120.996279, 47.516536], [-120.996342, 47.516591], [-120.996355, 47.516657], [-120.996366, 47.516725], [-120.996375, 47.516793], [-120.996382, 47.516861], [-120.996387, 47.51693], [-120.996391, 47.516999], [-120.996396, 47.517068], [-120.9964, 47.517137], [-120.996404, 47.517206], [-120.996408, 47.517274], [-120.996404, 47.517343], [-120.996407, 47.517411], [-120.996424, 47.517479], [-120.996445, 47.517546], [-120.996468, 47.517613], [-120.996487, 47.517681], [-120.9965, 47.517748], [-120.996504, 47.517816], [-120.996503, 47.517885], [-120.996497, 47.517954], [-120.99649, 47.518023], [-120.996482, 47.518092], [-120.996473, 47.51816], [-120.996466, 47.518229], [-120.996461, 47.518297], [-120.99646, 47.518365], [-120.996465, 47.518433], [-120.996502, 47.518502], [-120.996578, 47.518545], [-120.996668, 47.518572], [-120.99676, 47.518597], [-120.996853, 47.518622], [-120.996949, 47.518645], [-120.997045, 47.518667], [-120.997142, 47.518689], [-120.99724, 47.51871], [-120.997337, 47.51873], [-120.997436, 47.51875], [-120.997533, 47.51877], [-120.997631, 47.51879], [-120.997728, 47.51881], [-120.997826, 47.518825], [-120.997926, 47.518838], [-120.998026, 47.51885], [-120.998125, 47.518863], [-120.998224, 47.518877], [-120.998323, 47.518892], [-120.998422, 47.518906], [-120.998521, 47.518921], [-120.99862, 47.518936], [-120.998718, 47.518951], [-120.998817, 47.518967], [-120.998914, 47.518984], [-120.999011, 47.519004], [-120.999108, 47.519024], [-120.999204, 47.519046], [-120.999299, 47.51907], [-120.999398, 47.519083], [-120.999499, 47.519089], [-120.999599, 47.519095], [-120.999701, 47.519099], [-120.999802, 47.519102], [-120.999903, 47.519107], [-121.000004, 47.519112], [-121.000104, 47.51912], [-121.000204, 47.519133], [-121.000302, 47.519149], [-121.0004, 47.519167], [-121.000496, 47.519189], [-121.000591, 47.519211], [-121.00069, 47.519227], [-121.000788, 47.519242], [-121.000887, 47.519258], [-121.000985, 47.519275], [-121.001082, 47.519293], [-121.00118, 47.519311], [-121.001277, 47.51933], [-121.001375, 47.519349], [-121.001472, 47.519367], [-121.00157, 47.519385], [-121.001939, 47.519454], [-121.002033, 47.519477], [-121.002128, 47.519502], [-121.002223, 47.519526], [-121.002318, 47.519549], [-121.002414, 47.519571], [-121.002511, 47.519591], [-121.002608, 47.519609], [-121.002706, 47.519628], [-121.002802, 47.519649], [-121.002896, 47.519674], [-121.002988, 47.519703], [-121.003079, 47.519733], [-121.00313, 47.519751], [-121.003259, 47.519796], [-121.003349, 47.519828], [-121.003437, 47.519862], [-121.003521, 47.5199], [-121.0036, 47.519942], [-121.003674, 47.519989], [-121.003748, 47.520036], [-121.003822, 47.520083], [-121.003897, 47.520133], [-121.003972, 47.520181], [-121.004056, 47.520215], [-121.004151, 47.520226], [-121.004253, 47.520224], [-121.004357, 47.520218], [-121.00446, 47.520217], [-121.004561, 47.520225], [-121.004661, 47.520233], [-121.004761, 47.520244], [-121.004861, 47.520255], [-121.004961, 47.520269], [-121.00506, 47.520283], [-121.005158, 47.520299], [-121.005256, 47.520318], [-121.005352, 47.520338], [-121.005448, 47.52036], [-121.005543, 47.520384], [-121.005638, 47.520409], [-121.005733, 47.520434], [-121.005827, 47.520462], [-121.005917, 47.520492], [-121.006004, 47.520527], [-121.006083, 47.520567], [-121.006154, 47.520616], [-121.006219, 47.52067], [-121.006282, 47.520725], [-121.00634, 47.520781], [-121.006389, 47.520843], [-121.006458, 47.52089], [-121.006547, 47.520923], [-121.006639, 47.520954], [-121.006725, 47.520991], [-121.006791, 47.521043], [-121.006847, 47.521105], [-121.006911, 47.521155], [-121.007, 47.521177], [-121.007104, 47.52118], [-121.00721, 47.521175], [-121.00731, 47.521166], [-121.007409, 47.521154], [-121.007508, 47.521139], [-121.007607, 47.521123], [-121.007706, 47.521108], [-121.007805, 47.521094], [-121.007904, 47.521079], [-121.008004, 47.521064], [-121.008103, 47.521052], [-121.008203, 47.521042], [-121.008304, 47.521038], [-121.008407, 47.521041], [-121.008508, 47.521052], [-121.008601, 47.521075], [-121.008687, 47.52111], [-121.00877, 47.521151], [-121.008854, 47.52119], [-121.00894, 47.521226], [-121.009028, 47.521261], [-121.009115, 47.521295], [-121.009203, 47.521329], [-121.00929, 47.521364], [-121.009377, 47.5214], [-121.00946, 47.521439], [-121.009542, 47.521481], [-121.009624, 47.521521], [-121.00971, 47.521556], [-121.009802, 47.521584], [-121.009896, 47.521608], [-121.009992, 47.521629], [-121.010091, 47.521647], [-121.010189, 47.521664], [-121.010288, 47.52168], [-121.010387, 47.521696], [-121.010486, 47.521709], [-121.010586, 47.52172], [-121.010608, 47.521723], [-121.010686, 47.52173], [-121.010787, 47.521739], [-121.010887, 47.521746], [-121.010988, 47.521752], [-121.011089, 47.521756], [-121.01119, 47.521759], [-121.011291, 47.521761], [-121.011392, 47.521761], [-121.011493, 47.521761], [-121.011595, 47.521759], [-121.011696, 47.521756], [-121.011797, 47.521751], [-121.011898, 47.521745], [-121.011998, 47.521736], [-121.012098, 47.521724], [-121.012197, 47.52171], [-121.012295, 47.521694], [-121.012394, 47.521679], [-121.012493, 47.521664], [-121.012591, 47.521648], [-121.01269, 47.521631], [-121.012788, 47.521616], [-121.012887, 47.521603], [-121.012987, 47.521594], [-121.013088, 47.521588], [-121.013189, 47.521582], [-121.01329, 47.521573], [-121.013389, 47.521559], [-121.013486, 47.52154], [-121.013584, 47.521521], [-121.013682, 47.521508], [-121.013784, 47.521499], [-121.013887, 47.521492], [-121.01399, 47.521487], [-121.014092, 47.521487], [-121.014191, 47.521493], [-121.014283, 47.521512], [-121.014365, 47.52155], [-121.014445, 47.521598], [-121.014527, 47.52164], [-121.014613, 47.521676], [-121.014699, 47.521712], [-121.014787, 47.521747], [-121.014876, 47.521779], [-121.014967, 47.521808], [-121.015064, 47.52183], [-121.015163, 47.521843], [-121.015264, 47.52185], [-121.015365, 47.521854], [-121.015466, 47.521855], [-121.015568, 47.521855], [-121.015668, 47.521854], [-121.015769, 47.52185], [-121.015871, 47.521844], [-121.015971, 47.521839], [-121.016072, 47.521835], [-121.016173, 47.521831], [-121.016275, 47.52183], [-121.016376, 47.521833], [-121.016477, 47.521836], [-121.016578, 47.521841], [-121.016678, 47.521847], [-121.016779, 47.521854], [-121.01688, 47.521861], [-121.016983, 47.521868], [-121.017084, 47.521877], [-121.017182, 47.521892], [-121.017276, 47.521915], [-121.017363, 47.521947], [-121.017447, 47.521987], [-121.017529, 47.522029], [-121.01761, 47.522071], [-121.017687, 47.522117], [-121.01776, 47.522166], [-121.017845, 47.522199], [-121.017939, 47.522221], [-121.018038, 47.522238], [-121.018138, 47.522252], [-121.018239, 47.522264], [-121.018339, 47.522275], [-121.01844, 47.522282], [-121.018541, 47.522286], [-121.018644, 47.52229], [-121.018746, 47.522293], [-121.018847, 47.522298], [-121.018947, 47.522306], [-121.019045, 47.522319], [-121.019141, 47.522338], [-121.019236, 47.52236], [-121.01933, 47.522385], [-121.019404, 47.522407], [-121.019516, 47.522443], [-121.019607, 47.522474], [-121.019696, 47.522507], [-121.019785, 47.522541], [-121.019872, 47.522575], [-121.019957, 47.522612], [-121.02004, 47.522651], [-121.020122, 47.522691], [-121.020202, 47.522733], [-121.020282, 47.522776], [-121.020362, 47.522818], [-121.020441, 47.522861], [-121.020521, 47.522903], [-121.020601, 47.522946], [-121.020679, 47.522989], [-121.020757, 47.523033], [-121.020833, 47.523078], [-121.020908, 47.523124], [-121.020981, 47.523171], [-121.021051, 47.523221], [-121.02112, 47.523271], [-121.021189, 47.523321], [-121.021258, 47.523373], [-121.021323, 47.52343], [-121.021394, 47.523479], [-121.02148, 47.523506], [-121.021576, 47.523517], [-121.021678, 47.523521], [-121.021782, 47.523522], [-121.021886, 47.523523], [-121.021988, 47.523528], [-121.022089, 47.523537], [-121.022189, 47.523546], [-121.022289, 47.523555], [-121.022389, 47.523565], [-121.02249, 47.523575], [-121.02259, 47.523586], [-121.022689, 47.523597], [-121.022788, 47.52361], [-121.022888, 47.523624], [-121.022987, 47.523639], [-121.023087, 47.523655], [-121.023185, 47.523674], [-121.02328, 47.523698], [-121.023371, 47.523726], [-121.023458, 47.523759], [-121.023545, 47.523796], [-121.023628, 47.523836], [-121.023709, 47.523879], [-121.023786, 47.523924], [-121.023857, 47.523972], [-121.023923, 47.524023], [-121.023981, 47.524079], [-121.024035, 47.524137], [-121.024086, 47.524197], [-121.024136, 47.524257], [-121.024189, 47.524316], [-121.024245, 47.524373], [-121.024301, 47.524431], [-121.024357, 47.524488], [-121.024413, 47.524545], [-121.02447, 47.524602], [-121.024525, 47.524659], [-121.024581, 47.524716], [-121.024635, 47.524774], [-121.024688, 47.524832], [-121.024741, 47.524891], [-121.024793, 47.524949], [-121.024844, 47.525008], [-121.024895, 47.525068], [-121.024947, 47.525127], [-121.025005, 47.525187], [-121.02506, 47.525247], [-121.025104, 47.525308], [-121.025132, 47.525371], [-121.02514, 47.525437], [-121.025135, 47.525504], [-121.025123, 47.525572], [-121.025105, 47.525641], [-121.025086, 47.52571], [-121.025069, 47.525779], [-121.025057, 47.525848], [-121.025048, 47.525916], [-121.02504, 47.525985], [-121.025033, 47.526054], [-121.025029, 47.526122], [-121.025031, 47.526191], [-121.025039, 47.526259], [-121.02505, 47.526327], [-121.025062, 47.526394], [-121.025076, 47.526463], [-121.02509, 47.526531], [-121.025105, 47.526598], [-121.025122, 47.526666], [-121.02514, 47.526734], [-121.02516, 47.526801], [-121.025179, 47.526869], [-121.025201, 47.526936], [-121.025223, 47.527002], [-121.025247, 47.527069], [-121.025275, 47.527135], [-121.025306, 47.5272], [-121.02534, 47.527264], [-121.025375, 47.527329], [-121.025412, 47.527393], [-121.025449, 47.527457], [-121.025487, 47.52752], [-121.025532, 47.527582], [-121.025582, 47.527643], [-121.025631, 47.527705], [-121.025671, 47.527767], [-121.025695, 47.527832], [-121.025709, 47.527899], [-121.025718, 47.527967], [-121.025724, 47.528035], [-121.025727, 47.528104], [-121.025728, 47.528173], [-121.025729, 47.528242], [-121.025729, 47.528311], [-121.025731, 47.52838], [-121.025734, 47.528449], [-121.025741, 47.528517], [-121.02575, 47.528586], [-121.025762, 47.528657], [-121.025774, 47.528734], [-121.025793, 47.52881], [-121.02582, 47.528878], [-121.025861, 47.528932], [-121.025921, 47.528966], [-121.02601, 47.528966], [-121.026118, 47.528947], [-121.026232, 47.528927], [-121.026339, 47.528921], [-121.026432, 47.528939], [-121.026525, 47.528966], [-121.026615, 47.528999], [-121.026702, 47.529038], [-121.026786, 47.529079], [-121.026866, 47.529123], [-121.02694, 47.529169], [-121.02701, 47.529219], [-121.027076, 47.529272], [-121.02714, 47.529326], [-121.027203, 47.529382], [-121.027267, 47.529436], [-121.027333, 47.529489], [-121.027402, 47.529538], [-121.027476, 47.529583], [-121.027557, 47.529622], [-121.027641, 47.529658], [-121.027729, 47.52969], [-121.02782, 47.52972], [-121.027912, 47.529748], [-121.028006, 47.529774], [-121.028101, 47.5298], [-121.028196, 47.529825], [-121.028292, 47.52985], [-121.028386, 47.529877], [-121.02848, 47.529904], [-121.028573, 47.529933], [-121.028662, 47.529964], [-121.028752, 47.529997], [-121.028841, 47.53003], [-121.02893, 47.530064], [-121.029017, 47.530099], [-121.029105, 47.530134], [-121.02919, 47.530171], [-121.029275, 47.53021], [-121.029357, 47.530249], [-121.029437, 47.53029], [-121.029514, 47.530333], [-121.029583, 47.530382], [-121.029647, 47.530436], [-121.029706, 47.530492], [-121.029764, 47.53055], [-121.029819, 47.530608], [-121.029872, 47.530666], [-121.02992, 47.530726], [-121.029966, 47.530787], [-121.030014, 47.530848], [-121.030066, 47.530907], [-121.030123, 47.530963], [-121.030183, 47.531019], [-121.030244, 47.531073], [-121.030306, 47.531128], [-121.030368, 47.531182], [-121.030431, 47.531235], [-121.030495, 47.531289], [-121.030558, 47.531342], [-121.030623, 47.531395], [-121.030685, 47.531449], [-121.030748, 47.531505], [-121.030821, 47.531551], [-121.030906, 47.531587], [-121.030994, 47.53162], [-121.031083, 47.531652], [-121.031172, 47.531684], [-121.031264, 47.531714], [-121.031355, 47.531744], [-121.031447, 47.531774], [-121.031538, 47.531805], [-121.031629, 47.531835], [-121.031719, 47.531867], [-121.03181, 47.531897], [-121.031901, 47.531927], [-121.031993, 47.531957], [-121.032084, 47.531988], [-121.032174, 47.53202], [-121.032261, 47.532054], [-121.032345, 47.532091], [-121.032427, 47.532131], [-121.032506, 47.532173], [-121.032584, 47.532217], [-121.03266, 47.532262], [-121.032735, 47.532308], [-121.03281, 47.532355], [-121.032886, 47.532401], [-121.032962, 47.532447], [-121.033038, 47.532492], [-121.033116, 47.532535], [-121.033197, 47.532577], [-121.033279, 47.532616], [-121.033362, 47.532655], [-121.033445, 47.532694], [-121.033529, 47.532732], [-121.033613, 47.532771], [-121.033698, 47.532808], [-121.033782, 47.532846], [-121.033867, 47.532883], [-121.033952, 47.532921], [-121.034038, 47.532957], [-121.034123, 47.532994], [-121.034209, 47.533031], [-121.034295, 47.533067], [-121.034381, 47.533103], [-121.034468, 47.533138], [-121.034555, 47.533174], [-121.034641, 47.533209], [-121.034728, 47.533245], [-121.034816, 47.533279], [-121.034903, 47.533314], [-121.034968, 47.53334], [-121.035078, 47.533383], [-121.035166, 47.533417], [-121.035255, 47.53345], [-121.035343, 47.533482], [-121.035434, 47.533513], [-121.035524, 47.533544], [-121.035615, 47.533575], [-121.035706, 47.533604], [-121.035798, 47.533634], [-121.03589, 47.533662], [-121.035982, 47.533691], [-121.036075, 47.533719], [-121.036167, 47.533746], [-121.03626, 47.533773], [-121.036354, 47.533798], [-121.03645, 47.53382], [-121.036547, 47.533842], [-121.036644, 47.533863], [-121.03674, 47.533884], [-121.036836, 47.533906], [-121.03693, 47.53393], [-121.037022, 47.533958], [-121.03711, 47.533991], [-121.037195, 47.534028], [-121.037279, 47.534068], [-121.037363, 47.534106], [-121.037448, 47.534143], [-121.037533, 47.53418], [-121.037618, 47.534217], [-121.037703, 47.534255], [-121.037788, 47.534292], [-121.037874, 47.534329], [-121.037959, 47.534365], [-121.038045, 47.534401], [-121.038132, 47.534436], [-121.038219, 47.534472], [-121.038306, 47.534507], [-121.038391, 47.534543], [-121.038476, 47.53458], [-121.038561, 47.534618], [-121.038645, 47.534657], [-121.038728, 47.534695], [-121.038811, 47.534734], [-121.038895, 47.534773], [-121.038979, 47.534812], [-121.039063, 47.53485], [-121.039148, 47.534886], [-121.039235, 47.534922], [-121.039322, 47.534957], [-121.039408, 47.534993], [-121.039494, 47.535029], [-121.039578, 47.535067], [-121.039662, 47.535106], [-121.039746, 47.535145], [-121.039828, 47.535185], [-121.039909, 47.535226], [-121.039987, 47.53527], [-121.04006, 47.535316], [-121.040122, 47.53537], [-121.040181, 47.535427], [-121.040242, 47.535482], [-121.040306, 47.535549], [-121.040375, 47.5356], [-121.040452, 47.535596], [-121.040534, 47.535564], [-121.040618, 47.535518], [-121.040703, 47.535469], [-121.040789, 47.535427], [-121.040874, 47.53539], [-121.040902, 47.535379], [-121.040962, 47.535356], [-121.041053, 47.535326], [-121.041146, 47.535299], [-121.04124, 47.535273], [-121.041334, 47.535248], [-121.04143, 47.535225], [-121.041526, 47.535203], [-121.041623, 47.535183], [-121.04172, 47.535166], [-121.041819, 47.535152], [-121.041919, 47.535139], [-121.042019, 47.535128], [-121.042119, 47.535116], [-121.042218, 47.535103], [-121.042316, 47.535087], [-121.042414, 47.535068], [-121.042512, 47.535047], [-121.042609, 47.535027], [-121.042706, 47.535008], [-121.042805, 47.534994], [-121.042904, 47.534985], [-121.043005, 47.53498], [-121.043107, 47.534977], [-121.043209, 47.534977], [-121.043311, 47.534979], [-121.043412, 47.534984], [-121.043513, 47.534991], [-121.043611, 47.535002], [-121.043708, 47.535021], [-121.043803, 47.535046], [-121.043897, 47.535073], [-121.043991, 47.5351], [-121.044086, 47.535124], [-121.04418, 47.535149], [-121.044275, 47.535174], [-121.04437, 47.535198], [-121.044465, 47.53522], [-121.044562, 47.535239], [-121.04466, 47.535256], [-121.04476, 47.535271], [-121.04486, 47.535283], [-121.04496, 47.53529], [-121.045061, 47.535294], [-121.045164, 47.535296], [-121.045267, 47.535296], [-121.045369, 47.535292], [-121.04547, 47.535285], [-121.045568, 47.535273], [-121.04566, 47.535251], [-121.045744, 47.535212], [-121.045823, 47.535166], [-121.045903, 47.535122], [-121.045983, 47.53508], [-121.04606, 47.535035], [-121.046131, 47.534987], [-121.046198, 47.534936], [-121.046263, 47.534883], [-121.046326, 47.534829], [-121.046389, 47.534775], [-121.046449, 47.53472], [-121.046509, 47.534665], [-121.046566, 47.534609], [-121.046623, 47.534552], [-121.046679, 47.534495], [-121.046736, 47.534438], [-121.046792, 47.534378], [-121.046847, 47.534313], [-121.046901, 47.534247], [-121.046957, 47.534186], [-121.047018, 47.534139], [-121.047086, 47.534111], [-121.047178, 47.534126], [-121.047276, 47.534172], [-121.047353, 47.534225], [-121.047415, 47.534277], [-121.047473, 47.534333], [-121.047528, 47.53439], [-121.047582, 47.534449], [-121.047635, 47.534508], [-121.047688, 47.534567], [-121.047743, 47.534626], [-121.0478, 47.534682], [-121.04786, 47.534737], [-121.047922, 47.534792], [-121.047985, 47.534846], [-121.048047, 47.5349], [-121.048106, 47.534955], [-121.048162, 47.535012], [-121.048214, 47.535071], [-121.048264, 47.535131], [-121.048311, 47.535192], [-121.048354, 47.535254], [-121.048394, 47.535317], [-121.048426, 47.535384], [-121.048454, 47.535453], [-121.048483, 47.535521], [-121.04852, 47.535584], [-121.04857, 47.535638], [-121.048641, 47.535681], [-121.04873, 47.535713], [-121.04883, 47.535738], [-121.04893, 47.535762], [-121.049025, 47.535787], [-121.049119, 47.535811], [-121.049215, 47.535834], [-121.049311, 47.535856], [-121.049407, 47.535878], [-121.049502, 47.535902], [-121.049597, 47.535926], [-121.049697, 47.535948], [-121.049797, 47.53597], [-121.049894, 47.535994], [-121.049985, 47.536022], [-121.050068, 47.536058], [-121.050138, 47.536102], [-121.050198, 47.536154], [-121.050248, 47.536214], [-121.050293, 47.536277], [-121.050336, 47.536342], [-121.050379, 47.536406], [-121.050426, 47.536468], [-121.050468, 47.536531], [-121.050508, 47.536596], [-121.050551, 47.536658], [-121.050603, 47.536715], [-121.050671, 47.536763], [-121.050756, 47.5368], [-121.050847, 47.536834], [-121.05093, 47.536874], [-121.051009, 47.536917], [-121.051088, 47.53696], [-121.051164, 47.537005], [-121.051239, 47.537052], [-121.051311, 47.5371], [-121.05138, 47.53715], [-121.051445, 47.537202], [-121.051509, 47.537256], [-121.051572, 47.537309], [-121.051637, 47.537362], [-121.051704, 47.537413], [-121.051775, 47.537462], [-121.051849, 47.537509], [-121.051927, 47.537553], [-121.052006, 47.537596], [-121.052088, 47.537636], [-121.052171, 47.537675], [-121.052255, 47.537713], [-121.05234, 47.53775], [-121.052426, 47.537787], [-121.052512, 47.537823], [-121.052599, 47.537858], [-121.052691, 47.537888], [-121.052782, 47.537917], [-121.05287, 47.537951], [-121.05295, 47.537996], [-121.053028, 47.538046], [-121.053105, 47.538095], [-121.053185, 47.538133], [-121.053274, 47.538153], [-121.053369, 47.53815], [-121.05347, 47.538131], [-121.053573, 47.538107], [-121.053675, 47.538089], [-121.053773, 47.538086], [-121.05387, 47.5381], [-121.053968, 47.538121], [-121.054064, 47.538149], [-121.054157, 47.538182], [-121.054243, 47.538221], [-121.054321, 47.538265], [-121.05439, 47.538312], [-121.054454, 47.538363], [-121.054515, 47.538417], [-121.054574, 47.538474], [-121.054629, 47.538532], [-121.054683, 47.538592], [-121.054736, 47.538651], [-121.054789, 47.538711], [-121.054842, 47.53877], [-121.054895, 47.538828], [-121.054942, 47.538889], [-121.054987, 47.538951], [-121.055032, 47.539012], [-121.055082, 47.539072], [-121.055137, 47.539129], [-121.055196, 47.539185], [-121.055257, 47.53924], [-121.055319, 47.539294], [-121.055384, 47.539347], [-121.05545, 47.539399], [-121.055518, 47.53945], [-121.05559, 47.539498], [-121.055667, 47.539542], [-121.055746, 47.539585], [-121.055827, 47.539626], [-121.055907, 47.539668], [-121.055984, 47.539713], [-121.05606, 47.539758], [-121.056137, 47.539803], [-121.056214, 47.539848], [-121.05629, 47.539893], [-121.056365, 47.539939], [-121.05644, 47.539986], [-121.056514, 47.540033], [-121.056586, 47.540081], [-121.056656, 47.54013], [-121.056724, 47.54018], [-121.056789, 47.540233], [-121.056852, 47.540286], [-121.056915, 47.54034], [-121.056975, 47.540395], [-121.057035, 47.540451], [-121.057094, 47.540507], [-121.057153, 47.540563], [-121.057212, 47.540618], [-121.057269, 47.540675], [-121.057325, 47.540732], [-121.057378, 47.540791], [-121.057429, 47.54085], [-121.057479, 47.540909], [-121.057528, 47.540969], [-121.057577, 47.541029], [-121.057625, 47.54109], [-121.057672, 47.54115], [-121.057717, 47.541212], [-121.057762, 47.541273], [-121.057804, 47.541335], [-121.057843, 47.541399], [-121.057881, 47.541463], [-121.05792, 47.541526], [-121.057961, 47.541589], [-121.058007, 47.541649], [-121.058058, 47.541708], [-121.058117, 47.541764], [-121.05818, 47.541819], [-121.058246, 47.541871], [-121.058315, 47.54192], [-121.058391, 47.541965], [-121.058471, 47.542008], [-121.058551, 47.542051], [-121.05863, 47.5421], [-121.058709, 47.542153], [-121.058788, 47.542206], [-121.058868, 47.542253], [-121.058949, 47.542291], [-121.05903, 47.542316], [-121.059113, 47.542322], [-121.059198, 47.542301], [-121.059284, 47.542261], [-121.05937, 47.542212], [-121.059456, 47.542161], [-121.05954, 47.542118], [-121.059622, 47.542076], [-121.059701, 47.542031], [-121.059781, 47.541986], [-121.059861, 47.541943], [-121.059944, 47.541905], [-121.06003, 47.541874], [-121.060127, 47.541851], [-121.060235, 47.541835], [-121.060346, 47.541829], [-121.060446, 47.541835], [-121.060528, 47.541855], [-121.060585, 47.541907], [-121.060618, 47.541982], [-121.060626, 47.542055], [-121.06061, 47.54212], [-121.060576, 47.542184], [-121.060533, 47.542248], [-121.060487, 47.542312], [-121.060444, 47.542375], [-121.060396, 47.542436], [-121.060346, 47.542496], [-121.060296, 47.542557], [-121.060252, 47.542618], [-121.060218, 47.542682], [-121.060199, 47.542748], [-121.060191, 47.542816], [-121.06019, 47.542885], [-121.06019, 47.542955], [-121.060186, 47.543024], [-121.060171, 47.543091], [-121.060143, 47.543157], [-121.060107, 47.543222], [-121.060066, 47.543286], [-121.060024, 47.54335], [-121.059988, 47.543414], [-121.059961, 47.543479], [-121.059946, 47.543545], [-121.059941, 47.543613], [-121.059945, 47.543684], [-121.059956, 47.543754], [-121.059977, 47.543822], [-121.060005, 47.543888], [-121.060045, 47.543948], [-121.060107, 47.544003], [-121.060179, 47.544055], [-121.060251, 47.544107], [-121.060311, 47.544162], [-121.060348, 47.544223], [-121.060367, 47.544288], [-121.060376, 47.544356], [-121.060377, 47.544426], [-121.060377, 47.544496], [-121.060379, 47.544566], [-121.060388, 47.544635], [-121.060408, 47.544702], [-121.060438, 47.544766], [-121.060476, 47.54483], [-121.060518, 47.544892], [-121.060563, 47.544955], [-121.060605, 47.545017], [-121.060644, 47.545081], [-121.060677, 47.545146], [-121.060707, 47.545212], [-121.060739, 47.545278], [-121.06078, 47.54534], [-121.060832, 47.545397], [-121.060891, 47.545453], [-121.060954, 47.545508], [-121.061021, 47.54556], [-121.061091, 47.54561], [-121.061165, 47.545657], [-121.061243, 47.545699], [-121.061325, 47.545739], [-121.061409, 47.545778], [-121.061494, 47.545816], [-121.061577, 47.545856], [-121.061656, 47.545899], [-121.061732, 47.545944], [-121.061808, 47.545989], [-121.061888, 47.546032], [-121.061971, 47.546071], [-121.062056, 47.546108], [-121.062141, 47.546145], [-121.062227, 47.546181], [-121.062291, 47.546206], [-121.062315, 47.546215], [-121.062403, 47.546249], [-121.062492, 47.546282], [-121.062583, 47.546313], [-121.062674, 47.546342], [-121.062766, 47.546371], [-121.062859, 47.546398], [-121.062952, 47.546425], [-121.063045, 47.546452], [-121.063138, 47.546479], [-121.063232, 47.546505], [-121.063326, 47.54653], [-121.06342, 47.546555], [-121.063514, 47.546581], [-121.063608, 47.546606], [-121.063702, 47.546632], [-121.063798, 47.546656], [-121.063893, 47.54668], [-121.063986, 47.546707], [-121.064076, 47.546739], [-121.06416, 47.546775], [-121.064242, 47.546815], [-121.064322, 47.546858], [-121.0644, 47.546902], [-121.064475, 47.546949], [-121.064548, 47.546996], [-121.064619, 47.547045], [-121.064687, 47.547096], [-121.064752, 47.547148], [-121.064816, 47.547202], [-121.064879, 47.547256], [-121.064941, 47.54731], [-121.065003, 47.547364], [-121.065066, 47.547418], [-121.065127, 47.547472], [-121.065188, 47.547528], [-121.065246, 47.547584], [-121.065302, 47.547641], [-121.065355, 47.547699], [-121.065413, 47.547763], [-121.065461, 47.547817], [-121.065511, 47.547878], [-121.065558, 47.547939], [-121.065599, 47.548002], [-121.065633, 47.548065], [-121.065655, 47.548131], [-121.065659, 47.548202], [-121.065654, 47.548274], [-121.065649, 47.548346], [-121.065654, 47.548414], [-121.065678, 47.548476], [-121.065725, 47.548532], [-121.065788, 47.548583], [-121.065862, 47.54863], [-121.065943, 47.548675], [-121.066028, 47.548718], [-121.066113, 47.54876], [-121.066195, 47.548801], [-121.066275, 47.548843], [-121.066355, 47.548885], [-121.066436, 47.548927], [-121.066517, 47.548969], [-121.066598, 47.54901], [-121.06668, 47.54905], [-121.066763, 47.54909], [-121.066847, 47.549129], [-121.066931, 47.549167], [-121.067016, 47.549204], [-121.067103, 47.549239], [-121.06719, 47.549273], [-121.06728, 47.549303], [-121.067372, 47.549331], [-121.067466, 47.549356], [-121.067561, 47.54938], [-121.067657, 47.549403], [-121.067753, 47.549425], [-121.06785, 47.549448], [-121.067944, 47.549472], [-121.068038, 47.549498], [-121.068131, 47.549526], [-121.068222, 47.549556], [-121.068314, 47.549585], [-121.068407, 47.549614], [-121.068498, 47.549644], [-121.06859, 47.549675], [-121.068681, 47.549706], [-121.068771, 47.549738], [-121.06886, 47.549771], [-121.068947, 47.549806], [-121.069033, 47.549842], [-121.069116, 47.549879], [-121.069198, 47.549918], [-121.069276, 47.549961], [-121.069349, 47.550007], [-121.069419, 47.550056], [-121.069487, 47.550108], [-121.069553, 47.550161], [-121.069618, 47.550214], [-121.069684, 47.550267], [-121.069752, 47.550319], [-121.069821, 47.550369], [-121.069894, 47.550416], [-121.069968, 47.550463], [-121.070044, 47.550509], [-121.07012, 47.550553], [-121.070198, 47.550598], [-121.070276, 47.550642], [-121.070353, 47.550686], [-121.07043, 47.550732], [-121.070506, 47.550779], [-121.070584, 47.550825], [-121.070664, 47.550866], [-121.07075, 47.550901], [-121.070841, 47.550928], [-121.070934, 47.550953], [-121.071029, 47.550975], [-121.071125, 47.550997], [-121.071221, 47.551017], [-121.071319, 47.551036], [-121.071417, 47.551054], [-121.071516, 47.551071], [-121.071615, 47.551088], [-121.071714, 47.551104], [-121.071814, 47.551119], [-121.071913, 47.551135], [-121.072012, 47.55115], [-121.072111, 47.551165], [-121.072213, 47.551183], [-121.072316, 47.551202], [-121.07242, 47.551219], [-121.072523, 47.551232], [-121.072624, 47.551239], [-121.072722, 47.551239], [-121.072815, 47.551228], [-121.072903, 47.551205], [-121.072987, 47.551174], [-121.073068, 47.551134], [-121.073146, 47.55109], [-121.073224, 47.551042], [-121.0733, 47.550992], [-121.073378, 47.550943], [-121.073457, 47.550897], [-121.073539, 47.550855], [-121.073624, 47.550816], [-121.073714, 47.550777], [-121.073808, 47.550748], [-121.073904, 47.550735], [-121.074003, 47.550735], [-121.074107, 47.550735], [-121.074213, 47.550736], [-121.074319, 47.55074], [-121.074426, 47.550747], [-121.074529, 47.550757], [-121.07463, 47.550772], [-121.074725, 47.550793], [-121.074814, 47.550819], [-121.074895, 47.550852], [-121.07497, 47.550891], [-121.075041, 47.550937], [-121.075107, 47.550988], [-121.07517, 47.551043], [-121.07523, 47.551101], [-121.075287, 47.551161], [-121.075343, 47.551222], [-121.075397, 47.551284], [-121.07545, 47.551344], [-121.075504, 47.551403], [-121.075554, 47.551462], [-121.075599, 47.551524], [-121.075639, 47.551587], [-121.075675, 47.551652], [-121.075708, 47.551717], [-121.075739, 47.551782], [-121.075768, 47.551848], [-121.075795, 47.551914], [-121.075821, 47.55198], [-121.075846, 47.552046], [-121.07587, 47.552113], [-121.075894, 47.55218], [-121.075917, 47.552247], [-121.07594, 47.552314], [-121.075962, 47.55238], [-121.075986, 47.552447], [-121.076007, 47.552514], [-121.076026, 47.552581], [-121.076045, 47.552649], [-121.076064, 47.552716], [-121.076086, 47.552783], [-121.076108, 47.55285], [-121.076131, 47.552917], [-121.076154, 47.552983], [-121.076177, 47.55305], [-121.076199, 47.553117], [-121.07622, 47.553184], [-121.076241, 47.553251], [-121.07626, 47.553318], [-121.076276, 47.553386], [-121.07629, 47.553454], [-121.076302, 47.553522], [-121.076316, 47.55359], [-121.07633, 47.553658], [-121.076347, 47.553726], [-121.076367, 47.553793], [-121.076392, 47.553859], [-121.076422, 47.553924], [-121.076458, 47.553989], [-121.076496, 47.554052], [-121.076537, 47.554115], [-121.076579, 47.554178], [-121.076625, 47.554239], [-121.076673, 47.554299], [-121.076721, 47.554359], [-121.07677, 47.554419], [-121.076817, 47.55448], [-121.076859, 47.554543], [-121.076896, 47.554607], [-121.076935, 47.554671], [-121.07698, 47.554732], [-121.077036, 47.554788], [-121.077102, 47.554839], [-121.077173, 47.554889], [-121.077244, 47.554939], [-121.077308, 47.554992], [-121.077369, 47.555047], [-121.077427, 47.555103], [-121.077483, 47.55516], [-121.077541, 47.555216], [-121.077599, 47.555273], [-121.077655, 47.55533], [-121.077707, 47.555389], [-121.077751, 47.55545], [-121.077791, 47.555514], [-121.077824, 47.555581], [-121.077848, 47.555648], [-121.077858, 47.555714], [-121.077835, 47.55578], [-121.077793, 47.555845], [-121.077733, 47.555903], [-121.077672, 47.555958], [-121.07767, 47.556024], [-121.077674, 47.556092], [-121.077682, 47.556161], [-121.077694, 47.556231], [-121.077711, 47.5563], [-121.077732, 47.556368], [-121.07776, 47.556434], [-121.077793, 47.556498], [-121.07784, 47.556557], [-121.077899, 47.556614], [-121.077964, 47.556669], [-121.078031, 47.556723], [-121.078094, 47.556778], [-121.078149, 47.556835], [-121.078192, 47.556896], [-121.078222, 47.55696], [-121.078247, 47.557026], [-121.078269, 47.557092], [-121.078288, 47.557159], [-121.078304, 47.557227], [-121.078318, 47.557295], [-121.078331, 47.557364], [-121.078344, 47.557432], [-121.078356, 47.557501], [-121.078368, 47.55757], [-121.078381, 47.557638], [-121.078396, 47.557706], [-121.078412, 47.557774], [-121.078425, 47.557842], [-121.078438, 47.55791], [-121.078452, 47.557978], [-121.078469, 47.558046], [-121.078492, 47.558112], [-121.078519, 47.558179], [-121.078545, 47.558246], [-121.078562, 47.558313], [-121.078566, 47.558381], [-121.07856, 47.558449], [-121.07855, 47.558518], [-121.078539, 47.558586], [-121.078533, 47.558655], [-121.078535, 47.558723], [-121.078545, 47.558791], [-121.078557, 47.55886], [-121.078571, 47.558928], [-121.078589, 47.558996], [-121.07861, 47.559064], [-121.078635, 47.55913], [-121.078665, 47.559195], [-121.078698, 47.55926], [-121.078738, 47.559323], [-121.078784, 47.559386], [-121.078835, 47.559447], [-121.078892, 47.559504], [-121.078953, 47.559558], [-121.079023, 47.559604], [-121.079107, 47.559641], [-121.0792, 47.559672], [-121.079293, 47.559703], [-121.079382, 47.559738], [-121.079472, 47.559771], [-121.079564, 47.559804], [-121.079655, 47.559837], [-121.079743, 47.559872], [-121.079826, 47.55991], [-121.0799, 47.559954], [-121.079963, 47.560005], [-121.080015, 47.560062], [-121.080059, 47.560125], [-121.080099, 47.56019], [-121.080139, 47.560255], [-121.080184, 47.560318], [-121.080236, 47.560375], [-121.080301, 47.560427], [-121.080379, 47.560472], [-121.080466, 47.56051], [-121.080557, 47.560542], [-121.080653, 47.560561], [-121.080757, 47.560568], [-121.080861, 47.560574], [-121.080957, 47.560591], [-121.081041, 47.560624], [-121.081122, 47.560666], [-121.081197, 47.560714], [-121.081267, 47.560766], [-121.081332, 47.560819], [-121.081394, 47.560873], [-121.081453, 47.56093], [-121.08151, 47.560988], [-121.081561, 47.561049], [-121.081604, 47.56111], [-121.081637, 47.561174], [-121.081656, 47.561239], [-121.081663, 47.561307], [-121.081663, 47.561377], [-121.081663, 47.561447], [-121.081668, 47.561516], [-121.081677, 47.561585], [-121.081683, 47.561656], [-121.081689, 47.561727], [-121.081701, 47.561797], [-121.081724, 47.561862], [-121.081761, 47.561923], [-121.081813, 47.561978], [-121.081876, 47.56203], [-121.081945, 47.562079], [-121.082021, 47.562127], [-121.0821, 47.562173], [-121.082142, 47.562197], [-121.08218, 47.562218], [-121.082258, 47.562264], [-121.082333, 47.56231], [-121.082411, 47.562355], [-121.08249, 47.562397], [-121.08257, 47.56244], [-121.082647, 47.562484], [-121.082719, 47.562532], [-121.08279, 47.562581], [-121.082859, 47.562632], [-121.082927, 47.562683], [-121.082991, 47.562736], [-121.083052, 47.562791], [-121.083107, 47.562848], [-121.083152, 47.562909], [-121.08319, 47.562974], [-121.083226, 47.563039], [-121.083264, 47.563103], [-121.083311, 47.563164], [-121.083369, 47.563218], [-121.083435, 47.563269], [-121.083504, 47.563319], [-121.083576, 47.563367], [-121.08365, 47.563414], [-121.083712, 47.563451], [-121.083803, 47.563505], [-121.083881, 47.56355], [-121.083959, 47.563595], [-121.084036, 47.56364], [-121.084113, 47.563685], [-121.084193, 47.563727], [-121.084275, 47.563768], [-121.084358, 47.563809], [-121.084439, 47.563851], [-121.084518, 47.563894], [-121.084592, 47.56394], [-121.084659, 47.563989], [-121.084718, 47.564044], [-121.08477, 47.564102], [-121.084817, 47.564163], [-121.084862, 47.564226], [-121.084907, 47.564288], [-121.084954, 47.564349], [-121.085003, 47.564409], [-121.08505, 47.564471], [-121.085096, 47.564533], [-121.085144, 47.564593], [-121.085196, 47.564652], [-121.085255, 47.564707], [-121.085321, 47.564758], [-121.085392, 47.564806], [-121.085469, 47.564852], [-121.085547, 47.564896], [-121.085627, 47.564939], [-121.085707, 47.564982], [-121.085785, 47.565027], [-121.08586, 47.565073], [-121.085931, 47.565121], [-121.085996, 47.565173], [-121.086051, 47.565229], [-121.0861, 47.565289], [-121.086145, 47.565351], [-121.086189, 47.565414], [-121.086233, 47.565476], [-121.086282, 47.565536], [-121.086337, 47.565594], [-121.086395, 47.56565], [-121.086456, 47.565706], [-121.08652, 47.565759], [-121.086589, 47.565809], [-121.086662, 47.565856], [-121.086741, 47.565899], [-121.086822, 47.565939], [-121.086907, 47.565977], [-121.086992, 47.566015], [-121.087077, 47.566053], [-121.08716, 47.566093], [-121.08724, 47.566135], [-121.087317, 47.566179], [-121.087395, 47.566224], [-121.087473, 47.566271], [-121.08755, 47.566318], [-121.087623, 47.566367], [-121.08769, 47.566419], [-121.087749, 47.566473], [-121.087799, 47.56653], [-121.087837, 47.566591], [-121.087865, 47.566656], [-121.087885, 47.566724], [-121.087902, 47.566793], [-121.087918, 47.566862], [-121.087937, 47.566931], [-121.087961, 47.566998], [-121.087995, 47.567063], [-121.088034, 47.567126], [-121.088075, 47.567188], [-121.088118, 47.56725], [-121.088163, 47.567311], [-121.088209, 47.567372], [-121.088256, 47.567433], [-121.088303, 47.567494], [-121.088351, 47.567555], [-121.088398, 47.567616], [-121.088445, 47.567677], [-121.088491, 47.567738], [-121.088535, 47.5678], [-121.088578, 47.567862], [-121.088618, 47.567924], [-121.088656, 47.567988], [-121.08869, 47.568052], [-121.088723, 47.568118], [-121.088754, 47.568183], [-121.088784, 47.568249], [-121.088814, 47.568315], [-121.088844, 47.56838], [-121.088876, 47.568446], [-121.08891, 47.56851], [-121.088946, 47.568574], [-121.088985, 47.568637], [-121.089029, 47.568698], [-121.089076, 47.568758], [-121.089128, 47.568817], [-121.089181, 47.568875], [-121.089238, 47.568932], [-121.089296, 47.568988], [-121.089354, 47.569044], [-121.089413, 47.569101], [-121.089472, 47.569157], [-121.089529, 47.569214], [-121.089584, 47.569272], [-121.089638, 47.56933], [-121.089694, 47.569387], [-121.089751, 47.569445], [-121.089808, 47.569503], [-121.089864, 47.569561], [-121.089919, 47.569619], [-121.089972, 47.569678], [-121.09002, 47.569738], [-121.090065, 47.569798], [-121.090105, 47.56986], [-121.090139, 47.569924], [-121.09017, 47.569989], [-121.090198, 47.570056], [-121.090221, 47.570124], [-121.090241, 47.570193], [-121.090256, 47.570263], [-121.090265, 47.570332], [-121.090269, 47.570401], [-121.090266, 47.570469], [-121.090258, 47.570536], [-121.090244, 47.570602], [-121.090225, 47.570669], [-121.090202, 47.570735], [-121.090176, 47.570801], [-121.090147, 47.570867], [-121.090115, 47.570933], [-121.090081, 47.570999], [-121.090046, 47.571064], [-121.090009, 47.571129], [-121.089971, 47.571193], [-121.089933, 47.571258], [-121.089895, 47.571321], [-121.089856, 47.571384], [-121.089815, 47.571447], [-121.089772, 47.571509], [-121.089728, 47.571571], [-121.089681, 47.571632], [-121.089633, 47.571693], [-121.089583, 47.571753], [-121.089532, 47.571812], [-121.08948, 47.571871], [-121.089427, 47.571929], [-121.089372, 47.571986], [-121.089313, 47.572042], [-121.089249, 47.572095], [-121.089182, 47.572147], [-121.089113, 47.572198], [-121.089042, 47.572247], [-121.08897, 47.572296], [-121.088898, 47.572344], [-121.088824, 47.572391], [-121.08875, 47.572438], [-121.088674, 47.572483], [-121.088596, 47.572528], [-121.088518, 47.572571], [-121.088438, 47.572613], [-121.088355, 47.572651], [-121.088265, 47.572684], [-121.088172, 47.572714], [-121.08808, 47.572745], [-121.087995, 47.57278], [-121.087919, 47.572824], [-121.087849, 47.572873], [-121.087783, 47.572924], [-121.087719, 47.572977], [-121.087656, 47.573032], [-121.087594, 47.573087], [-121.087532, 47.573141], [-121.087468, 47.573195], [-121.087401, 47.573247], [-121.087332, 47.573297], [-121.08726, 47.573345], [-121.087186, 47.573392], [-121.08711, 47.573438], [-121.087032, 47.573482], [-121.086951, 47.573523], [-121.086868, 47.573562], [-121.086781, 47.573597], [-121.086691, 47.573629], [-121.0866, 47.573659], [-121.086509, 47.57369], [-121.086419, 47.573721], [-121.08633, 47.573755], [-121.086244, 47.573793], [-121.086143, 47.573838], [-121.086036, 47.573888], [-121.08594, 47.573938], [-121.085873, 47.573983], [-121.085848, 47.574021], [-121.085877, 47.574049], [-121.08595, 47.574071], [-121.086053, 47.574087], [-121.086174, 47.574101], [-121.0863, 47.574112], [-121.086417, 47.574124], [-121.086519, 47.574135], [-121.086623, 47.57414], [-121.086729, 47.574143], [-121.086833, 47.574146], [-121.086936, 47.574152], [-121.087033, 47.574163], [-121.087122, 47.574184], [-121.087203, 47.57422], [-121.087275, 47.574272], [-121.087333, 47.574334], [-121.087374, 47.5744], [-121.087401, 47.574465], [-121.087423, 47.574531], [-121.087443, 47.574597], [-121.08746, 47.574664], [-121.087476, 47.574732], [-121.08749, 47.5748], [-121.087503, 47.574869], [-121.087516, 47.574937], [-121.087528, 47.575006], [-121.08754, 47.575074], [-121.087554, 47.575143], [-121.087568, 47.575211], [-121.087585, 47.575279], [-121.087603, 47.575347], [-121.087623, 47.575414], [-121.087647, 47.57548], [-121.087674, 47.575546], [-121.087703, 47.575611], [-121.087735, 47.575676], [-121.08777, 47.575741], [-121.087805, 47.575805], [-121.087842, 47.575869], [-121.087879, 47.575933], [-121.087916, 47.575997], [-121.087952, 47.576061], [-121.087988, 47.576126], [-121.088021, 47.576191], [-121.088052, 47.576257], [-121.088081, 47.576325], [-121.088111, 47.576391], [-121.088144, 47.576457], [-121.088182, 47.57652], [-121.088227, 47.57658], [-121.088281, 47.576635], [-121.088323, 47.576669], [-121.088344, 47.576688], [-121.088413, 47.576737], [-121.088487, 47.576783], [-121.088566, 47.576828], [-121.088648, 47.576871], [-121.08873, 47.576913], [-121.088812, 47.576954], [-121.088893, 47.576996], [-121.088979, 47.577035], [-121.089068, 47.577072], [-121.089161, 47.577108], [-121.089254, 47.577143], [-121.089345, 47.577179], [-121.089434, 47.577215], [-121.089518, 47.577253], [-121.089595, 47.577294], [-121.089664, 47.577337], [-121.089722, 47.577385], [-121.089746, 47.577444], [-121.08974, 47.577514], [-121.089722, 47.577588], [-121.089706, 47.577662], [-121.089709, 47.577732], [-121.089718, 47.577803], [-121.089733, 47.577874], [-121.089761, 47.57794], [-121.089811, 47.577996], [-121.08988, 47.578043], [-121.089959, 47.578085], [-121.090045, 47.578124], [-121.090133, 47.578162], [-121.09022, 47.578202], [-121.090301, 47.578245], [-121.090372, 47.578292], [-121.090432, 47.578346], [-121.090488, 47.578402], [-121.090541, 47.57846], [-121.090592, 47.578519], [-121.09064, 47.578579], [-121.090687, 47.578641], [-121.090732, 47.578703], [-121.090776, 47.578765], [-121.09082, 47.578828], [-121.090863, 47.578891], [-121.090906, 47.578953], [-121.090949, 47.579015], [-121.090993, 47.579078], [-121.091035, 47.579142], [-121.091074, 47.579207], [-121.091104, 47.579272], [-121.091123, 47.579338], [-121.091131, 47.579405], [-121.091134, 47.579473], [-121.091131, 47.579542], [-121.091124, 47.579611], [-121.091113, 47.57968], [-121.091099, 47.579748], [-121.091082, 47.579817], [-121.091064, 47.579884], [-121.091043, 47.579951], [-121.091018, 47.580017], [-121.090989, 47.580083], [-121.090957, 47.580148], [-121.090924, 47.580213], [-121.09089, 47.580278], [-121.090858, 47.580343], [-121.090826, 47.580408], [-121.090797, 47.580474], [-121.090767, 47.580541], [-121.090733, 47.58061], [-121.090697, 47.58068], [-121.090665, 47.58075], [-121.090641, 47.580818], [-121.09063, 47.580882], [-121.090635, 47.580942], [-121.090681, 47.58099], [-121.09077, 47.581026], [-121.090875, 47.581059], [-121.090966, 47.581098], [-121.091037, 47.581147], [-121.091102, 47.5812], [-121.091166, 47.581254], [-121.091233, 47.581306], [-121.091304, 47.581354], [-121.091383, 47.581395], [-121.091468, 47.581432], [-121.091555, 47.581467], [-121.091644, 47.581501], [-121.091733, 47.581534], [-121.091821, 47.581569], [-121.09191, 47.581604], [-121.092005, 47.581636], [-121.092099, 47.581668], [-121.092184, 47.581706], [-121.092252, 47.581751], [-121.092299, 47.581807], [-121.09233, 47.581872], [-121.092349, 47.581941], [-121.092363, 47.582013], [-121.092377, 47.582082], [-121.092389, 47.58215], [-121.092396, 47.582218], [-121.092402, 47.582287], [-121.092404, 47.582356], [-121.092405, 47.582424], [-121.092405, 47.582493], [-121.092404, 47.582561], [-121.092402, 47.58263], [-121.092399, 47.582698], [-121.092395, 47.582767], [-121.09239, 47.582835], [-121.092384, 47.582904], [-121.092377, 47.582972], [-121.092368, 47.58304], [-121.092354, 47.583108], [-121.092339, 47.583176], [-121.092324, 47.583244], [-121.092313, 47.583312], [-121.092307, 47.583381], [-121.092308, 47.583449], [-121.092313, 47.583518], [-121.092319, 47.583586], [-121.092323, 47.583655], [-121.092322, 47.583723], [-121.092317, 47.583791], [-121.092308, 47.58386], [-121.092297, 47.583928], [-121.092285, 47.583996], [-121.092271, 47.584064], [-121.092258, 47.584132], [-121.092244, 47.5842], [-121.092228, 47.584268], [-121.09221, 47.584335], [-121.092191, 47.584403], [-121.092173, 47.58447], [-121.092155, 47.584538], [-121.09214, 47.584605], [-121.092128, 47.584673], [-121.092119, 47.584741], [-121.09211, 47.58481], [-121.092102, 47.58488], [-121.092097, 47.584949], [-121.092095, 47.585018], [-121.092097, 47.585086], [-121.092106, 47.585154], [-121.092122, 47.585221], [-121.092144, 47.585287], [-121.092173, 47.585352], [-121.092207, 47.585417], [-121.092244, 47.585481], [-121.092284, 47.585545], [-121.092325, 47.585609], [-121.092366, 47.585672], [-121.092407, 47.585734], [-121.09245, 47.585796], [-121.092494, 47.585858], [-121.092539, 47.585919], [-121.092587, 47.58598], [-121.092634, 47.586041], [-121.092683, 47.586101], [-121.092732, 47.586161], [-121.092782, 47.586221], [-121.092829, 47.586284], [-121.092879, 47.586346], [-121.092935, 47.586404], [-121.093002, 47.586453], [-121.093082, 47.58649], [-121.09317, 47.58652], [-121.093264, 47.586547], [-121.093361, 47.58657], [-121.093459, 47.586593], [-121.093556, 47.586617], [-121.093651, 47.586643], [-121.093742, 47.586673], [-121.093836, 47.586702], [-121.09393, 47.586731], [-121.094022, 47.586763], [-121.09411, 47.586797], [-121.094192, 47.586835], [-121.094266, 47.586879], [-121.094332, 47.586929], [-121.094391, 47.586985], [-121.094444, 47.587044], [-121.094494, 47.587105], [-121.094544, 47.587166], [-121.094595, 47.587226], [-121.094647, 47.587285], [-121.094698, 47.587344], [-121.094749, 47.587404], [-121.094798, 47.587464], [-121.094845, 47.587524], [-121.09489, 47.587586], [-121.094932, 47.587648], [-121.094971, 47.587711], [-121.095007, 47.587775], [-121.09504, 47.58784], [-121.095073, 47.587905], [-121.095103, 47.58797], [-121.095133, 47.588036], [-121.09516, 47.588102], [-121.095186, 47.588169], [-121.09521, 47.588235], [-121.095233, 47.588302], [-121.095258, 47.588369], [-121.095283, 47.588436], [-121.095311, 47.588502], [-121.095341, 47.588567], [-121.095375, 47.588631], [-121.095414, 47.588694], [-121.095456, 47.588756], [-121.095502, 47.588818], [-121.095551, 47.588878], [-121.095604, 47.588937], [-121.095659, 47.588995], [-121.095716, 47.589052], [-121.095776, 47.589106], [-121.095841, 47.589159], [-121.095909, 47.589211], [-121.09598, 47.58926], [-121.096053, 47.589308], [-121.096128, 47.589354], [-121.096206, 47.589397], [-121.09629, 47.589435], [-121.096379, 47.589469], [-121.096469, 47.589502], [-121.096557, 47.589536], [-121.096644, 47.589571], [-121.096731, 47.589607], [-121.096819, 47.589642], [-121.096909, 47.589674], [-121.097001, 47.589701], [-121.097095, 47.589724], [-121.097192, 47.589744], [-121.09729, 47.589762], [-121.097388, 47.589777], [-121.097487, 47.589792], [-121.097587, 47.589807], [-121.097686, 47.589823], [-121.097784, 47.589841], [-121.097881, 47.58986], [-121.097978, 47.589881], [-121.098075, 47.589901], [-121.098173, 47.589922], [-121.098271, 47.589943], [-121.098368, 47.589966], [-121.098463, 47.58999], [-121.098557, 47.590016], [-121.098648, 47.590044], [-121.098736, 47.590076], [-121.098821, 47.590112], [-121.098897, 47.590157], [-121.098969, 47.590208], [-121.099038, 47.590262], [-121.099107, 47.590316], [-121.099178, 47.590365], [-121.099254, 47.590408], [-121.099338, 47.59044], [-121.09943, 47.590462], [-121.099527, 47.590477], [-121.099629, 47.590486], [-121.099733, 47.59049], [-121.099838, 47.590492], [-121.099942, 47.590492], [-121.100045, 47.590493], [-121.100145, 47.590492], [-121.100247, 47.59049], [-121.100347, 47.590486], [-121.100449, 47.590481], [-121.10055, 47.590475], [-121.100651, 47.590468], [-121.100752, 47.590461], [-121.100853, 47.590453], [-121.100953, 47.590445], [-121.101054, 47.590436], [-121.101155, 47.590427], [-121.101255, 47.590417], [-121.101356, 47.590406], [-121.101456, 47.590395], [-121.101555, 47.590383], [-121.101654, 47.590369], [-121.101753, 47.590354], [-121.10185, 47.590329], [-121.101924, 47.590284], [-121.101976, 47.590226], [-121.10202, 47.590164], [-121.102062, 47.5901], [-121.102107, 47.590038], [-121.102159, 47.589979], [-121.102216, 47.589921], [-121.102273, 47.589859], [-121.102332, 47.589797], [-121.102394, 47.589739], [-121.102461, 47.589687], [-121.102536, 47.589645], [-121.102619, 47.589616], [-121.102709, 47.589594], [-121.102804, 47.589576], [-121.102902, 47.589561], [-121.103003, 47.589549], [-121.103106, 47.58954], [-121.103211, 47.589534], [-121.103316, 47.58953], [-121.103421, 47.58953], [-121.103526, 47.589531], [-121.103629, 47.589535], [-121.10373, 47.589541], [-121.103829, 47.589549], [-121.103928, 47.58956], [-121.104027, 47.589573], [-121.104126, 47.58959], [-121.104224, 47.589609], [-121.104322, 47.58963], [-121.104419, 47.589653], [-121.104515, 47.589678], [-121.10461, 47.589705], [-121.104704, 47.589734], [-121.104796, 47.589763], [-121.104886, 47.589794], [-121.104974, 47.589827], [-121.105061, 47.589861], [-121.105086, 47.589871], [-121.105147, 47.589896], [-121.105231, 47.589934], [-121.105315, 47.589972], [-121.105398, 47.590012], [-121.10548, 47.590053], [-121.105562, 47.590094], [-121.105642, 47.590136], [-121.105723, 47.590179], [-121.105802, 47.590222], [-121.105881, 47.590266], [-121.10596, 47.590309], [-121.106038, 47.590353], [-121.106117, 47.590396], [-121.106195, 47.59044], [-121.106272, 47.590485], [-121.10635, 47.59053], [-121.106426, 47.590576], [-121.106501, 47.590622], [-121.106575, 47.59067], [-121.106647, 47.590718], [-121.106717, 47.590768], [-121.106785, 47.590818], [-121.106851, 47.590869], [-121.106914, 47.590922], [-121.106972, 47.590977], [-121.107014, 47.591021], [-121.107078, 47.591094], [-121.107126, 47.591154], [-121.107173, 47.591216], [-121.107218, 47.591278], [-121.107264, 47.59134], [-121.107309, 47.591402], [-121.107355, 47.591463], [-121.107398, 47.591525], [-121.107439, 47.591588], [-121.107478, 47.591652], [-121.107517, 47.591715], [-121.107558, 47.591778], [-121.107603, 47.591839], [-121.107653, 47.591898], [-121.107707, 47.591957], [-121.107762, 47.592018], [-121.107818, 47.59208], [-121.107876, 47.592142], [-121.107935, 47.592202], [-121.107996, 47.592261], [-121.108061, 47.592315], [-121.108128, 47.592364], [-121.108199, 47.592407], [-121.108274, 47.592442], [-121.108358, 47.592466], [-121.108458, 47.592475], [-121.108566, 47.592472], [-121.108677, 47.592459], [-121.108785, 47.592437], [-121.108882, 47.592409], [-121.108962, 47.592375], [-121.109027, 47.592318], [-121.109083, 47.592246], [-121.109134, 47.592172], [-121.109186, 47.592106], [-121.109244, 47.592059], [-121.109315, 47.592043], [-121.109395, 47.59205], [-121.10948, 47.59207], [-121.109569, 47.592101], [-121.109661, 47.592139], [-121.109753, 47.592184], [-121.109844, 47.592231], [-121.109933, 47.592279], [-121.110018, 47.592324], [-121.110097, 47.592367], [-121.110175, 47.592412], [-121.110248, 47.592461], [-121.110317, 47.592512], [-121.11038, 47.592567], [-121.110434, 47.592624], [-121.110482, 47.592684], [-121.110529, 47.592745], [-121.110573, 47.592807], [-121.110617, 47.592871], [-121.110657, 47.592935], [-121.110694, 47.593], [-121.110727, 47.593066], [-121.110755, 47.593132], [-121.110779, 47.593198], [-121.110797, 47.593264], [-121.110807, 47.593331], [-121.110807, 47.593398], [-121.1108, 47.593466], [-121.110787, 47.593534], [-121.110771, 47.593603], [-121.110754, 47.593672], [-121.110738, 47.593741], [-121.110724, 47.59381], [-121.110714, 47.593878], [-121.11071, 47.593946], [-121.110709, 47.594015], [-121.110711, 47.594084], [-121.110713, 47.594152], [-121.110716, 47.594221], [-121.11072, 47.594289], [-121.110723, 47.594358], [-121.110725, 47.594426], [-121.11072, 47.594496], [-121.110711, 47.594566], [-121.110703, 47.594636], [-121.110705, 47.594704], [-121.110724, 47.594769], [-121.110758, 47.594831], [-121.110803, 47.594893], [-121.110856, 47.594954], [-121.110916, 47.595011], [-121.11098, 47.595065], [-121.111048, 47.595115], [-121.111129, 47.595156], [-121.111219, 47.595192], [-121.111308, 47.595228], [-121.111391, 47.595268], [-121.111459, 47.595316], [-121.111514, 47.595372], [-121.11156, 47.595434], [-121.111597, 47.5955], [-121.111626, 47.595567], [-121.111645, 47.595634], [-121.11165, 47.595702], [-121.111645, 47.595772], [-121.111639, 47.595843], [-121.111637, 47.595912], [-121.111647, 47.595978], [-121.111677, 47.596042], [-121.111724, 47.596105], [-121.111785, 47.596163], [-121.111854, 47.596214], [-121.111931, 47.596256], [-121.11202, 47.596292], [-121.112116, 47.596321], [-121.112214, 47.596341], [-121.112314, 47.596345], [-121.112422, 47.596328], [-121.11253, 47.596306], [-121.112629, 47.596297], [-121.112707, 47.596318], [-121.112769, 47.596362], [-121.11282, 47.596419], [-121.112867, 47.596484], [-121.112911, 47.596553], [-121.112957, 47.596619], [-121.113009, 47.596679], [-121.113065, 47.596737], [-121.113122, 47.596793], [-121.113182, 47.596849], [-121.113244, 47.596903], [-121.113311, 47.596958], [-121.113378, 47.597011], [-121.113446, 47.597065], [-121.113511, 47.597119], [-121.113571, 47.597172], [-121.113624, 47.597226], [-121.113569, 47.597288], [-121.113699, 47.597239], [-121.113797, 47.597233], [-121.113899, 47.597226], [-121.114001, 47.597219], [-121.114104, 47.597212], [-121.114207, 47.597206], [-121.114311, 47.5972], [-121.114414, 47.597195], [-121.114517, 47.597192], [-121.114619, 47.59719], [-121.114719, 47.59719], [-121.11482, 47.597193], [-121.114918, 47.597198], [-121.115015, 47.597206], [-121.11511, 47.597221], [-121.115202, 47.597248], [-121.115289, 47.597286], [-121.115373, 47.597331], [-121.11545, 47.597381], [-121.115521, 47.597432], [-121.115581, 47.597484], [-121.115622, 47.597546], [-121.11565, 47.597614], [-121.115679, 47.597682], [-121.11572, 47.597745], [-121.115767, 47.597811], [-121.11582, 47.597874], [-121.115882, 47.597922], [-121.115972, 47.59794], [-121.116083, 47.597922], [-121.11616, 47.597879], [-121.116225, 47.597829], [-121.116286, 47.597775], [-121.116344, 47.597719], [-121.116403, 47.597661], [-121.116462, 47.597603], [-121.116522, 47.597547], [-121.116587, 47.597494], [-121.116656, 47.597444], [-121.116729, 47.597396], [-121.116804, 47.59735], [-121.116882, 47.597306], [-121.116962, 47.597264], [-121.117045, 47.597224], [-121.11713, 47.597187], [-121.117219, 47.597151], [-121.117305, 47.597116], [-121.117391, 47.59708], [-121.117476, 47.597041], [-121.117555, 47.597], [-121.117634, 47.596956], [-121.117712, 47.596912], [-121.117789, 47.596863], [-121.117859, 47.596813], [-121.11792, 47.596758], [-121.117969, 47.5967], [-121.118011, 47.596638], [-121.118052, 47.596578], [-121.118062, 47.596563], [-121.118095, 47.596514], [-121.118135, 47.596451], [-121.118167, 47.596402], [-121.118178, 47.596385], [-121.118214, 47.596325], [-121.118253, 47.596261], [-121.11829, 47.596196], [-121.118324, 47.596134], [-121.11833, 47.596124], [-121.11836, 47.596066], [-121.118393, 47.596001], [-121.118422, 47.595942], [-121.118426, 47.595932], [-121.118454, 47.595869], [-121.118482, 47.595803], [-121.118506, 47.595744], [-121.11851, 47.595734], [-121.118534, 47.59567], [-121.118556, 47.595603], [-121.118575, 47.595539], [-121.11858, 47.595522], [-121.118595, 47.59547], [-121.118614, 47.595402], [-121.118628, 47.595348], [-121.118631, 47.595335], [-121.118634, 47.595322], [-121.118648, 47.595268], [-121.118665, 47.5952], [-121.118677, 47.595148], [-121.118681, 47.595133], [-121.118687, 47.595104], [-121.118696, 47.595065], [-121.118711, 47.594998], [-121.118714, 47.594987], [-121.118726, 47.59493], [-121.118732, 47.594901], [-121.11874, 47.594862], [-121.118754, 47.594794], [-121.118764, 47.594742], [-121.118767, 47.594727], [-121.11878, 47.594659], [-121.118793, 47.594591], [-121.118799, 47.594557], [-121.118805, 47.594523], [-121.118817, 47.594454], [-121.118829, 47.594386], [-121.118834, 47.594352], [-121.11884, 47.594318], [-121.118844, 47.594297], [-121.118852, 47.59425], [-121.118859, 47.594203], [-121.118863, 47.594182], [-121.118874, 47.594113], [-121.118885, 47.594045], [-121.118896, 47.593977], [-121.118907, 47.593909], [-121.118918, 47.59384], [-121.118929, 47.593772], [-121.11894, 47.593704], [-121.118951, 47.593635], [-121.118962, 47.593567], [-121.118973, 47.593499], [-121.118985, 47.593431], [-121.118996, 47.593362], [-121.119008, 47.593294], [-121.11902, 47.593226], [-121.119032, 47.593158], [-121.119045, 47.59309], [-121.119058, 47.593022], [-121.119071, 47.592954], [-121.119085, 47.592886], [-121.119099, 47.592818], [-121.119114, 47.59275], [-121.119132, 47.592683], [-121.119153, 47.592616], [-121.119177, 47.592549], [-121.119202, 47.592482], [-121.119205, 47.592474], [-121.119226, 47.592415], [-121.11925, 47.592348], [-121.119271, 47.592284], [-121.11929, 47.592214], [-121.119303, 47.592147], [-121.119303, 47.592079], [-121.11929, 47.59201], [-121.119274, 47.591941], [-121.119265, 47.591872], [-121.119273, 47.591806], [-121.119295, 47.591738], [-121.119326, 47.591671], [-121.119366, 47.591606], [-121.119416, 47.591546], [-121.119476, 47.591493], [-121.119547, 47.59144], [-121.119628, 47.591392], [-121.119717, 47.591355], [-121.119809, 47.591333], [-121.119905, 47.591323], [-121.120003, 47.591318], [-121.120104, 47.591317], [-121.120205, 47.591319], [-121.12031, 47.591324], [-121.120412, 47.591331], [-121.120515, 47.591339], [-121.120618, 47.591347], [-121.12072, 47.591355], [-121.120821, 47.591362], [-121.120921, 47.591371], [-121.121021, 47.591383], [-121.121121, 47.591396], [-121.12122, 47.59141], [-121.121255, 47.591416], [-121.121319, 47.591426], [-121.121334, 47.591428], [-121.121417, 47.591441], [-121.12152, 47.591457], [-121.121618, 47.59147], [-121.121719, 47.591484], [-121.121819, 47.5915], [-121.121917, 47.59152], [-121.12201, 47.591545], [-121.122096, 47.591576], [-121.122175, 47.591617], [-121.122248, 47.591664], [-121.122316, 47.591715], [-121.122385, 47.591769], [-121.122455, 47.59182], [-121.12253, 47.591867], [-121.122611, 47.591907], [-121.122695, 47.591944], [-121.122783, 47.591979], [-121.122872, 47.592013], [-121.122963, 47.592044], [-121.123055, 47.592074], [-121.123148, 47.592102], [-121.123243, 47.592127], [-121.123338, 47.59215], [-121.123434, 47.592171], [-121.123531, 47.59219], [-121.123629, 47.592207], [-121.123727, 47.592224], [-121.123826, 47.592239], [-121.123925, 47.592253], [-121.124025, 47.592266], [-121.124125, 47.592279], [-121.124222, 47.592291], [-121.124325, 47.592303], [-121.124425, 47.592315], [-121.124498, 47.592324], [-121.124525, 47.592327], [-121.124625, 47.592338], [-121.124725, 47.592347], [-121.124825, 47.592354], [-121.124927, 47.59236], [-121.125028, 47.592365], [-121.125129, 47.592369], [-121.12523, 47.592375], [-121.125332, 47.59238], [-121.12543, 47.592385], [-121.125534, 47.592389], [-121.125635, 47.592393], [-121.125737, 47.592398], [-121.125838, 47.592403], [-121.125938, 47.59241], [-121.126039, 47.592418], [-121.12614, 47.592433], [-121.126226, 47.592466], [-121.126296, 47.592518], [-121.12636, 47.592575], [-121.126443, 47.592629], [-121.126517, 47.592654], [-121.126611, 47.592674], [-121.126708, 47.59269], [-121.126808, 47.592703], [-121.126908, 47.592713], [-121.12701, 47.592722], [-121.127111, 47.592732], [-121.127214, 47.592742], [-121.127315, 47.592755], [-121.127414, 47.592769], [-121.127512, 47.592786], [-121.127611, 47.592802], [-121.127709, 47.592819], [-121.127807, 47.592836], [-121.127905, 47.592854], [-121.128003, 47.592872], [-121.128101, 47.592891], [-121.128197, 47.59291], [-121.128294, 47.59293], [-121.128391, 47.59295], [-121.128488, 47.592971], [-121.128584, 47.592992], [-121.128681, 47.593013], [-121.128777, 47.593035], [-121.128873, 47.593057], [-121.128969, 47.59308], [-121.129064, 47.593104], [-121.129158, 47.59313], [-121.129251, 47.593157], [-121.129343, 47.593186], [-121.129433, 47.593217], [-121.129523, 47.593248], [-121.129612, 47.593281], [-121.1297, 47.593314], [-121.129787, 47.593348], [-121.129875, 47.593383], [-121.129962, 47.593418], [-121.130048, 47.593454], [-121.130135, 47.59349], [-121.130221, 47.593526], [-121.130288, 47.593553], [-121.130308, 47.593562], [-121.130394, 47.593598], [-121.130481, 47.593633], [-121.130499, 47.593641], [-121.130568, 47.593669], [-121.130655, 47.593704], [-121.13073, 47.593733], [-121.130745, 47.593739], [-121.130831, 47.593772], [-121.13092, 47.593805], [-121.131005, 47.593835], [-121.131057, 47.593853], [-121.1311, 47.593868], [-121.131141, 47.593882], [-121.13119, 47.593899], [-121.13128, 47.59393], [-121.131371, 47.593961], [-121.13146, 47.593993], [-121.131549, 47.594026], [-121.131637, 47.59406], [-121.131725, 47.594095], [-121.131811, 47.59413], [-121.131898, 47.594167], [-121.131982, 47.594205], [-121.132064, 47.594244], [-121.132146, 47.594285], [-121.132226, 47.594326], [-121.132306, 47.594368], [-121.132386, 47.594411], [-121.132465, 47.594453], [-121.132545, 47.594496], [-121.132568, 47.594508], [-121.132624, 47.594538], [-121.132704, 47.594581], [-121.132751, 47.594605], [-121.132784, 47.594623], [-121.132864, 47.594665], [-121.132945, 47.594707], [-121.133025, 47.594748], [-121.133105, 47.594791], [-121.133185, 47.594833], [-121.133265, 47.594875], [-121.133344, 47.594918], [-121.133422, 47.594961], [-121.1335, 47.595005], [-121.133572, 47.595053], [-121.133591, 47.595067], [-121.133641, 47.595104], [-121.133714, 47.595151], [-121.13379, 47.595196], [-121.133868, 47.595241], [-121.133948, 47.595282], [-121.134032, 47.59532], [-121.134121, 47.595355], [-121.134213, 47.595386], [-121.134308, 47.595408], [-121.134406, 47.59542], [-121.134506, 47.595427], [-121.134518, 47.595427], [-121.134608, 47.59543], [-121.134684, 47.595431], [-121.13471, 47.595431], [-121.134813, 47.595434], [-121.134914, 47.595439], [-121.135014, 47.595446], [-121.135115, 47.595454], [-121.135216, 47.595462], [-121.135316, 47.595473], [-121.135416, 47.595485], [-121.135515, 47.595499], [-121.135614, 47.595513], [-121.135713, 47.595527], [-121.135726, 47.595529], [-121.135812, 47.595542], [-121.135911, 47.595556], [-121.135987, 47.595567], [-121.13601, 47.59557], [-121.13611, 47.595584], [-121.136209, 47.595598], [-121.136308, 47.595612], [-121.136402, 47.595625], [-121.136507, 47.59564], [-121.136579, 47.59565], [-121.136606, 47.595654], [-121.136617, 47.595656], [-121.136706, 47.595668], [-121.136805, 47.595681], [-121.136893, 47.595691], [-121.136908, 47.595693], [-121.137004, 47.595704], [-121.137104, 47.595715], [-121.137205, 47.595724], [-121.137306, 47.595731], [-121.137406, 47.595737], [-121.13751, 47.595742], [-121.137609, 47.595745], [-121.137711, 47.595748], [-121.137806, 47.595749], [-121.137825, 47.595749], [-121.137913, 47.59575], [-121.138016, 47.59575], [-121.138117, 47.59575], [-121.138221, 47.595746], [-121.138321, 47.595738], [-121.138419, 47.595725], [-121.138513, 47.595703], [-121.138604, 47.595671], [-121.13869, 47.595631], [-121.138769, 47.595587], [-121.138841, 47.59554], [-121.138911, 47.59549], [-121.138977, 47.595439], [-121.139043, 47.595386], [-121.139105, 47.595333], [-121.139119, 47.59532], [-121.139168, 47.595277], [-121.139231, 47.595223], [-121.139285, 47.595175], [-121.139294, 47.595167], [-121.139351, 47.595113], [-121.139407, 47.595056], [-121.139462, 47.595001], [-121.139521, 47.594943], [-121.139582, 47.594888], [-121.139649, 47.594832], [-121.139711, 47.594781], [-121.139775, 47.594728], [-121.139837, 47.594676], [-121.139897, 47.594619], [-121.139945, 47.594559], [-121.139989, 47.594497], [-121.140035, 47.594435], [-121.140069, 47.594379], [-121.140076, 47.594369], [-121.14012, 47.594305], [-121.140178, 47.59425], [-121.140256, 47.594212], [-121.140348, 47.594182], [-121.140449, 47.594157], [-121.140554, 47.594135], [-121.140661, 47.594115], [-121.140765, 47.594094], [-121.140862, 47.59407], [-121.140949, 47.594042], [-121.141022, 47.594006], [-121.141076, 47.593962], [-121.141101, 47.593904], [-121.141104, 47.593836], [-121.141093, 47.593762], [-121.141076, 47.593685], [-121.141063, 47.59361], [-121.141061, 47.59354], [-121.141061, 47.593472], [-121.141059, 47.593403], [-121.141058, 47.593334], [-121.141058, 47.593266], [-121.14106, 47.593197], [-121.141066, 47.593129], [-121.141077, 47.593061], [-121.141092, 47.592993], [-121.14111, 47.592926], [-121.14113, 47.592858], [-121.141153, 47.592791], [-121.141177, 47.592725], [-121.141202, 47.592658], [-121.141228, 47.592592], [-121.141257, 47.592525], [-121.141292, 47.592461], [-121.141334, 47.592399], [-121.141382, 47.592338], [-121.141435, 47.592278], [-121.141494, 47.59222], [-121.141559, 47.592167], [-121.141631, 47.592121], [-121.141712, 47.592082], [-121.141801, 47.592046], [-121.141895, 47.592016], [-121.141991, 47.591991], [-121.142089, 47.591972], [-121.142187, 47.591961], [-121.142287, 47.591957], [-121.142389, 47.59196], [-121.142492, 47.591968], [-121.142594, 47.59198], [-121.142693, 47.591993], [-121.142791, 47.59201], [-121.142888, 47.592029], [-121.142984, 47.592051], [-121.143082, 47.592073], [-121.143177, 47.592096], [-121.143274, 47.592116], [-121.143371, 47.592135], [-121.14347, 47.592151], [-121.14357, 47.592166], [-121.14367, 47.59218], [-121.14377, 47.592196], [-121.143867, 47.592214], [-121.143962, 47.592236], [-121.144053, 47.592263], [-121.144141, 47.592296], [-121.144226, 47.592334], [-121.144309, 47.592376], [-121.144387, 47.59242], [-121.144463, 47.592467], [-121.144533, 47.592515], [-121.144599, 47.592567], [-121.14466, 47.592622], [-121.144718, 47.592678], [-121.144777, 47.592734], [-121.144838, 47.59279], [-121.144901, 47.592843], [-121.144965, 47.592897], [-121.14503, 47.592949], [-121.145096, 47.593001], [-121.145164, 47.593052], [-121.145233, 47.593103], [-121.145303, 47.593156], [-121.145378, 47.593203], [-121.145463, 47.593237], [-121.145556, 47.59326], [-121.145652, 47.593278], [-121.145751, 47.593292], [-121.145763, 47.593294], [-121.145852, 47.593305], [-121.14594, 47.593315], [-121.145953, 47.593317], [-121.146055, 47.593329], [-121.146154, 47.593343], [-121.146253, 47.593358], [-121.146352, 47.593373], [-121.146367, 47.593376], [-121.146451, 47.593388], [-121.14655, 47.593403], [-121.146623, 47.593414], [-121.146649, 47.593418], [-121.14666, 47.59342], [-121.146748, 47.593432], [-121.146847, 47.593446], [-121.14696, 47.593462], [-121.147045, 47.593473], [-121.147145, 47.593486], [-121.14723, 47.593497], [-121.147244, 47.593499], [-121.147296, 47.593505], [-121.147344, 47.593511], [-121.147444, 47.593524], [-121.147544, 47.593536], [-121.147644, 47.593547], [-121.147745, 47.593557], [-121.147844, 47.593565], [-121.147947, 47.593575], [-121.148047, 47.593587], [-121.148144, 47.593603], [-121.148239, 47.593625], [-121.148331, 47.593652], [-121.148422, 47.593683], [-121.148511, 47.593716], [-121.1486, 47.593751], [-121.148676, 47.593781], [-121.148688, 47.593786], [-121.148698, 47.59379], [-121.148775, 47.593821], [-121.148862, 47.593856], [-121.148944, 47.593892], [-121.149031, 47.593932], [-121.149112, 47.593973], [-121.149188, 47.594016], [-121.1492, 47.594023], [-121.149267, 47.594061], [-121.149343, 47.594107], [-121.149408, 47.594147], [-121.149418, 47.594153], [-121.149432, 47.594161], [-121.149492, 47.5942], [-121.149566, 47.594247], [-121.149639, 47.594294], [-121.149711, 47.594342], [-121.149783, 47.594391], [-121.149846, 47.594443], [-121.149904, 47.5945], [-121.149966, 47.594554], [-121.150028, 47.594609], [-121.150091, 47.594663], [-121.150153, 47.594717], [-121.150216, 47.594771], [-121.150279, 47.594824], [-121.150343, 47.594878], [-121.150407, 47.59493], [-121.150431, 47.59495], [-121.150473, 47.594982], [-121.150539, 47.595035], [-121.150605, 47.595088], [-121.150671, 47.595141], [-121.150737, 47.595194], [-121.150805, 47.595245], [-121.150874, 47.595295], [-121.150945, 47.595344], [-121.151018, 47.59539], [-121.151094, 47.595434], [-121.151178, 47.595471], [-121.15127, 47.595502], [-121.151368, 47.595525], [-121.151468, 47.595543], [-121.151567, 47.595555], [-121.151667, 47.595565], [-121.151768, 47.595572], [-121.15187, 47.595578], [-121.151972, 47.59558], [-121.152075, 47.59558], [-121.152176, 47.595577], [-121.152276, 47.595571], [-121.152375, 47.59556], [-121.152474, 47.595546], [-121.152571, 47.595528], [-121.152669, 47.595508], [-121.152767, 47.595488], [-121.152864, 47.595467], [-121.152961, 47.595447], [-121.153059, 47.595427], [-121.153155, 47.595403], [-121.153251, 47.595381], [-121.15335, 47.595368], [-121.15345, 47.595368], [-121.153553, 47.595378], [-121.153655, 47.595387], [-121.153756, 47.595388], [-121.153854, 47.595375], [-121.153952, 47.595357], [-121.154052, 47.595338], [-121.154152, 47.595317], [-121.154251, 47.595293], [-121.154346, 47.595267], [-121.154439, 47.595238], [-121.154526, 47.595205], [-121.154607, 47.59517], [-121.154678, 47.595126], [-121.154732, 47.595068], [-121.154774, 47.595002], [-121.154809, 47.594934], [-121.15484, 47.594867], [-121.154866, 47.594802], [-121.154884, 47.594734], [-121.1549, 47.594665], [-121.154917, 47.594598], [-121.154937, 47.594531], [-121.154965, 47.594465], [-121.154993, 47.594397], [-121.155023, 47.594329], [-121.155056, 47.594263], [-121.155097, 47.5942], [-121.15515, 47.594143], [-121.155214, 47.594093], [-121.155284, 47.594044], [-121.155357, 47.593997], [-121.155433, 47.593951], [-121.155513, 47.593907], [-121.155596, 47.593864], [-121.155681, 47.593824], [-121.155768, 47.593787], [-121.155857, 47.593753], [-121.155947, 47.593722], [-121.156042, 47.593693], [-121.156131, 47.593668], [-121.156224, 47.593643], [-121.156315, 47.593621], [-121.156328, 47.593618], [-121.156414, 47.593597], [-121.15651, 47.593576], [-121.156601, 47.593556], [-121.156624, 47.593552], [-121.156704, 47.593536], [-121.156802, 47.593516], [-121.156886, 47.5935], [-121.1569, 47.593498], [-121.156931, 47.593492], [-121.156998, 47.59348], [-121.157097, 47.593462], [-121.157161, 47.593451], [-121.157196, 47.593444], [-121.157295, 47.593427], [-121.157394, 47.59341], [-121.157492, 47.593392], [-121.15759, 47.593375], [-121.157652, 47.593364], [-121.157688, 47.593357], [-121.15773, 47.59335], [-121.157788, 47.59334], [-121.157886, 47.593326], [-121.157985, 47.593314], [-121.158083, 47.593304], [-121.158186, 47.593292], [-121.158285, 47.59328], [-121.158384, 47.593264], [-121.158482, 47.593247], [-121.158579, 47.593229], [-121.158677, 47.593209], [-121.158774, 47.59319], [-121.158871, 47.593169], [-121.158967, 47.593149], [-121.159064, 47.593129], [-121.159161, 47.593109], [-121.159258, 47.593088], [-121.159354, 47.593068], [-121.159451, 47.593047], [-121.159547, 47.593025], [-121.159642, 47.593001], [-121.159737, 47.592976], [-121.15983, 47.59295], [-121.159923, 47.592921], [-121.160016, 47.592892], [-121.16011, 47.592863], [-121.160201, 47.592835], [-121.160294, 47.592809], [-121.160388, 47.592785], [-121.160484, 47.592763], [-121.160581, 47.592747], [-121.160681, 47.592737], [-121.160781, 47.592732], [-121.160884, 47.59273], [-121.160983, 47.592728], [-121.161088, 47.592725], [-121.161189, 47.592719], [-121.16129, 47.592713], [-121.161391, 47.592706], [-121.161492, 47.592699], [-121.161592, 47.592692], [-121.161612, 47.592691], [-121.161693, 47.592686], [-121.161794, 47.59268], [-121.16188, 47.592675], [-121.161895, 47.592674], [-121.161916, 47.592673], [-121.161996, 47.592668], [-121.162097, 47.592663], [-121.162184, 47.592659], [-121.162203, 47.592658], [-121.162299, 47.592654], [-121.1624, 47.592651], [-121.162491, 47.592648], [-121.162505, 47.592648], [-121.162603, 47.592646], [-121.162704, 47.592645], [-121.162802, 47.592644], [-121.162907, 47.592644], [-121.163008, 47.592643], [-121.163109, 47.592643], [-121.163211, 47.592641], [-121.163312, 47.592639], [-121.163413, 47.592636], [-121.163514, 47.592631], [-121.163615, 47.592625], [-121.163716, 47.59262], [-121.163818, 47.592613], [-121.163919, 47.592605], [-121.164018, 47.592594], [-121.164117, 47.592579], [-121.164215, 47.592561], [-121.164312, 47.592541], [-121.164408, 47.592519], [-121.164504, 47.592496], [-121.164598, 47.592472], [-121.164692, 47.592446], [-121.164785, 47.59242], [-121.164877, 47.59239], [-121.164967, 47.592358], [-121.165057, 47.592326], [-121.165146, 47.592294], [-121.165237, 47.592263], [-121.165326, 47.592231], [-121.165416, 47.592199], [-121.165506, 47.592167], [-121.165596, 47.592135], [-121.165654, 47.592115], [-121.16569, 47.592102], [-121.165776, 47.592072], [-121.165866, 47.592042], [-121.165955, 47.592013], [-121.16605, 47.591984], [-121.166143, 47.591958], [-121.166237, 47.591935], [-121.166252, 47.591931], [-121.166335, 47.591912], [-121.166432, 47.591891], [-121.166482, 47.59188], [-121.166529, 47.59187], [-121.166624, 47.591847], [-121.166718, 47.591823], [-121.16681, 47.591795], [-121.166901, 47.591762], [-121.16699, 47.591724], [-121.167069, 47.59168], [-121.167132, 47.591628], [-121.16718, 47.59157], [-121.167219, 47.591507], [-121.167252, 47.591441], [-121.167279, 47.591373], [-121.167303, 47.591306], [-121.167323, 47.591238], [-121.167326, 47.591164], [-121.167321, 47.591088], [-121.167322, 47.591016], [-121.167332, 47.590987], [-121.167344, 47.590953], [-121.167401, 47.590906], [-121.167472, 47.590865], [-121.16755, 47.590826], [-121.167633, 47.590789], [-121.167721, 47.590754], [-121.167813, 47.590721], [-121.167908, 47.59069], [-121.168004, 47.590661], [-121.168101, 47.590632], [-121.168204, 47.590604], [-121.168215, 47.590601], [-121.168226, 47.590598], [-121.168296, 47.590579], [-121.168391, 47.590554], [-121.168485, 47.590532], [-121.168583, 47.590515], [-121.168682, 47.590502], [-121.168788, 47.590491], [-121.168884, 47.590482], [-121.168985, 47.590472], [-121.169086, 47.590461], [-121.169185, 47.590446], [-121.169282, 47.590428], [-121.169379, 47.590408], [-121.169476, 47.590387], [-121.169572, 47.590366], [-121.169668, 47.590344], [-121.169765, 47.590324], [-121.169862, 47.590304], [-121.169961, 47.590282], [-121.170056, 47.59026], [-121.170154, 47.590239], [-121.170252, 47.590221], [-121.17035, 47.590207], [-121.17045, 47.5902], [-121.170552, 47.590197], [-121.170651, 47.590196], [-121.170752, 47.590196], [-121.170853, 47.590197], [-121.170954, 47.590198], [-121.171055, 47.590201], [-121.171153, 47.590204], [-121.171185, 47.590205], [-121.171258, 47.590208], [-121.17136, 47.590212], [-121.171462, 47.590216], [-121.171563, 47.59022], [-121.171665, 47.590223], [-121.171766, 47.590226], [-121.171778, 47.590226], [-121.171868, 47.590229], [-121.171969, 47.59023], [-121.172079, 47.590236], [-121.172192, 47.590233], [-121.172225, 47.590182], [-121.17224, 47.59012], [-121.17225, 47.590054], [-121.172256, 47.589986], [-121.172258, 47.589916], [-121.172258, 47.589845], [-121.172257, 47.589772], [-121.172256, 47.5897], [-121.172257, 47.589629], [-121.172257, 47.589619], [-121.172259, 47.58956], [-121.172262, 47.589492], [-121.172263, 47.589424], [-121.172261, 47.589355], [-121.172254, 47.589287], [-121.172243, 47.589218], [-121.172231, 47.58915], [-121.172216, 47.589082], [-121.172198, 47.589013], [-121.172178, 47.588948], [-121.172156, 47.588881], [-121.172134, 47.588815], [-121.17211, 47.588746], [-121.172085, 47.588679], [-121.172056, 47.588614], [-121.172024, 47.588549], [-121.171986, 47.588486], [-121.171943, 47.588425], [-121.171894, 47.588365], [-121.171842, 47.588306], [-121.171787, 47.588248], [-121.171731, 47.58819], [-121.171674, 47.588133], [-121.171619, 47.588075], [-121.171564, 47.588018], [-121.171506, 47.587961], [-121.171447, 47.587905], [-121.171388, 47.587849], [-121.171331, 47.587792], [-121.171277, 47.587734], [-121.171229, 47.587675], [-121.171186, 47.587613], [-121.171144, 47.58755], [-121.171105, 47.587487], [-121.171068, 47.587423], [-121.171033, 47.587358], [-121.171001, 47.587292], [-121.170971, 47.587227], [-121.170945, 47.58716], [-121.170922, 47.587094], [-121.170902, 47.587027], [-121.170882, 47.58696], [-121.170862, 47.586892], [-121.170844, 47.586824], [-121.170825, 47.586756], [-121.170808, 47.586688], [-121.170793, 47.586619], [-121.170779, 47.586551], [-121.170767, 47.586482], [-121.170757, 47.586414], [-121.170749, 47.586345], [-121.170745, 47.586277], [-121.170742, 47.586209], [-121.170743, 47.586141], [-121.170747, 47.586074], [-121.170755, 47.586006], [-121.170767, 47.585939], [-121.170783, 47.585871], [-121.170802, 47.585804], [-121.170823, 47.585736], [-121.170847, 47.585669], [-121.170872, 47.585602], [-121.1709, 47.585535], [-121.170928, 47.585469], [-121.170956, 47.585402], [-121.170986, 47.585336], [-121.171014, 47.58527], [-121.171046, 47.585206], [-121.171082, 47.585142], [-121.171123, 47.585079], [-121.171167, 47.585017], [-121.171214, 47.584954], [-121.171257, 47.584894], [-121.171301, 47.584832], [-121.17134, 47.58477], [-121.171346, 47.58476], [-121.17138, 47.584705], [-121.171417, 47.584642], [-121.171445, 47.584595], [-121.171455, 47.584578], [-121.171494, 47.584515], [-121.171533, 47.584452], [-121.171576, 47.584387], [-121.171617, 47.584327], [-121.171658, 47.584262], [-121.171697, 47.5842], [-121.171742, 47.584133], [-121.171789, 47.584072], [-121.171844, 47.584015], [-121.171908, 47.583965], [-121.171981, 47.58392], [-121.172059, 47.583879], [-121.172142, 47.58384], [-121.172228, 47.583804], [-121.172317, 47.583769], [-121.172407, 47.583735], [-121.172497, 47.583702], [-121.172589, 47.583667], [-121.172676, 47.583633], [-121.172762, 47.583597], [-121.172845, 47.583558], [-121.172925, 47.583513], [-121.172984, 47.583451], [-121.172985, 47.583384], [-121.172967, 47.58332], [-121.172946, 47.583254], [-121.172921, 47.583186], [-121.172896, 47.583122], [-121.17287, 47.583056], [-121.172842, 47.582992], [-121.172836, 47.582978], [-121.172812, 47.582924], [-121.172783, 47.582857], [-121.172764, 47.582815], [-121.172753, 47.582791], [-121.172724, 47.582724], [-121.172695, 47.582658], [-121.172668, 47.582591], [-121.172642, 47.582524], [-121.172617, 47.582457], [-121.172595, 47.58239], [-121.172576, 47.582323], [-121.172563, 47.582256], [-121.172556, 47.582188], [-121.172552, 47.582119], [-121.172551, 47.58205], [-121.17255, 47.58198], [-121.172547, 47.581912], [-121.172542, 47.581844], [-121.172533, 47.581777], [-121.172531, 47.581768], [-121.17252, 47.581708], [-121.172508, 47.58164], [-121.172495, 47.581579], [-121.172493, 47.581568], [-121.172479, 47.581504], [-121.172463, 47.581436], [-121.172447, 47.581374], [-121.172445, 47.581366], [-121.172427, 47.581301], [-121.172408, 47.581234], [-121.172386, 47.581168], [-121.17236, 47.581101], [-121.172331, 47.581035], [-121.1723, 47.580971], [-121.172289, 47.58095], [-121.172266, 47.580905], [-121.172253, 47.580881], [-121.172231, 47.58084], [-121.172197, 47.580775], [-121.172158, 47.58071], [-121.172109, 47.580651], [-121.172046, 47.580597], [-121.17198, 47.580547], [-121.171911, 47.580498], [-121.171838, 47.580449], [-121.171764, 47.580403], [-121.171688, 47.580356], [-121.171613, 47.580312], [-121.171599, 47.580303], [-121.171534, 47.580265], [-121.171457, 47.580221], [-121.171395, 47.580185], [-121.171376, 47.580174], [-121.171302, 47.580133], [-121.171223, 47.580091], [-121.171147, 47.580051], [-121.171125, 47.580039], [-121.171063, 47.580006], [-121.170982, 47.579965], [-121.170936, 47.579941], [-121.170902, 47.579923], [-121.170821, 47.579881], [-121.170741, 47.57984], [-121.170661, 47.579797], [-121.170582, 47.579755], [-121.170503, 47.579711], [-121.170426, 47.579667], [-121.170352, 47.57962], [-121.170282, 47.57957], [-121.170211, 47.57952], [-121.170137, 47.579469], [-121.170066, 47.579418], [-121.170002, 47.579364], [-121.169953, 47.579306], [-121.169922, 47.579243], [-121.169896, 47.579178], [-121.169874, 47.579111], [-121.169855, 47.579043], [-121.16984, 47.578973], [-121.169828, 47.578904], [-121.16982, 47.578834], [-121.169816, 47.578764], [-121.169816, 47.578695], [-121.16982, 47.578626], [-121.169828, 47.578559], [-121.169846, 47.578494], [-121.169878, 47.57843], [-121.169917, 47.578367], [-121.169963, 47.578304], [-121.169997, 47.578259], [-121.17001, 47.578242], [-121.170056, 47.578179], [-121.170098, 47.578115], [-121.170133, 47.578051], [-121.170166, 47.577987], [-121.170171, 47.577976], [-121.170199, 47.577922], [-121.170231, 47.577857], [-121.170262, 47.577794], [-121.170269, 47.577779], [-121.170294, 47.577726], [-121.170324, 47.577661], [-121.170353, 47.577598], [-121.170383, 47.577529], [-121.170411, 47.577464], [-121.170436, 47.577397], [-121.170459, 47.57733], [-121.17048, 47.577263], [-121.170499, 47.577194], [-121.170514, 47.577128], [-121.170528, 47.57706], [-121.170539, 47.577003], [-121.170541, 47.576992], [-121.170543, 47.576983], [-121.170556, 47.576925], [-121.170568, 47.576857], [-121.170579, 47.576802], [-121.170581, 47.576789], [-121.170594, 47.576721], [-121.170609, 47.576653], [-121.170626, 47.576585], [-121.170644, 47.576524], [-121.170666, 47.576451], [-121.170688, 47.576384], [-121.170712, 47.576317], [-121.170736, 47.576251], [-121.170761, 47.576184], [-121.170786, 47.576118], [-121.170812, 47.576052], [-121.170839, 47.575986], [-121.17087, 47.57592], [-121.170901, 47.575855], [-121.170934, 47.57579], [-121.170966, 47.575725], [-121.170999, 47.57566], [-121.171032, 47.575596], [-121.171066, 47.575531], [-121.171099, 47.575466], [-121.171133, 47.575402], [-121.171168, 47.575337], [-121.171202, 47.575273], [-121.171236, 47.575208], [-121.171271, 47.575144], [-121.171298, 47.575094], [-121.171306, 47.57508], [-121.17132, 47.575054], [-121.171341, 47.575015], [-121.171374, 47.57495], [-121.171407, 47.574885], [-121.171442, 47.57482], [-121.171476, 47.574756], [-121.171512, 47.574692], [-121.171551, 47.574628], [-121.171591, 47.574566], [-121.171636, 47.574504], [-121.171683, 47.574444], [-121.171731, 47.574384], [-121.171781, 47.574324], [-121.171831, 47.574264], [-121.171882, 47.574205], [-121.171935, 47.574146], [-121.171989, 47.574087], [-121.172043, 47.574029], [-121.172099, 47.573971], [-121.172156, 47.573915], [-121.172214, 47.573858], [-121.172273, 47.573803], [-121.172333, 47.573748], [-121.172395, 47.573694], [-121.17246, 47.573643], [-121.172532, 47.573595], [-121.172608, 47.57355], [-121.172688, 47.573507], [-121.172769, 47.573465], [-121.172781, 47.573459], [-121.172851, 47.573423], [-121.172932, 47.573382], [-121.172999, 47.573346], [-121.173012, 47.573339], [-121.173092, 47.573297], [-121.173173, 47.573256], [-121.173255, 47.573215], [-121.173338, 47.573176], [-121.173424, 47.573139], [-121.173511, 47.573105], [-121.173603, 47.573075], [-121.173697, 47.57305], [-121.173795, 47.573025], [-121.173889, 47.573001], [-121.173984, 47.572975], [-121.174074, 47.572944], [-121.174158, 47.572908], [-121.174239, 47.572868], [-121.174319, 47.572829], [-121.174342, 47.572817], [-121.174406, 47.572785], [-121.17449, 47.572743], [-121.174557, 47.572709], [-121.174577, 47.572698], [-121.174656, 47.572656], [-121.174737, 47.572612], [-121.174814, 47.572567], [-121.174893, 47.572519], [-121.174966, 47.572471], [-121.175035, 47.572422], [-121.175101, 47.572371], [-121.175161, 47.572318], [-121.175215, 47.572265], [-121.175262, 47.572209], [-121.175294, 47.572148], [-121.175314, 47.572084], [-121.175325, 47.572016], [-121.175329, 47.571946], [-121.175328, 47.571874], [-121.175326, 47.571801], [-121.175326, 47.571729], [-121.17533, 47.571658], [-121.175341, 47.571589], [-121.175363, 47.571523], [-121.175396, 47.571458], [-121.175439, 47.571395], [-121.175487, 47.571334], [-121.175537, 47.571274], [-121.175588, 47.571215], [-121.175641, 47.571157], [-121.175694, 47.571098], [-121.175748, 47.57104], [-121.175802, 47.570983], [-121.175856, 47.570925], [-121.17591, 47.570867], [-121.175965, 47.570809], [-121.17599, 47.570781], [-121.176018, 47.57075], [-121.176072, 47.570692], [-121.176111, 47.570649], [-121.176124, 47.570633], [-121.176176, 47.570574], [-121.176229, 47.570515], [-121.176284, 47.570456], [-121.176341, 47.570397], [-121.176399, 47.570338], [-121.176458, 47.570279], [-121.1765, 47.570237], [-121.176517, 47.57022], [-121.176576, 47.57016], [-121.176606, 47.57013], [-121.176635, 47.570101], [-121.176641, 47.570094], [-121.176692, 47.570041], [-121.176748, 47.569982], [-121.176801, 47.569922], [-121.176852, 47.569862], [-121.1769, 47.569803], [-121.176944, 47.569742], [-121.176984, 47.569682], [-121.177019, 47.569621], [-121.17705, 47.569561], [-121.177075, 47.5695], [-121.177087, 47.569438], [-121.177076, 47.569376], [-121.177047, 47.569313], [-121.177004, 47.56925], [-121.17695, 47.569183], [-121.176896, 47.569121], [-121.176842, 47.569056], [-121.176794, 47.568992], [-121.176756, 47.568925], [-121.176734, 47.568858], [-121.176718, 47.568791], [-121.176706, 47.568724], [-121.176697, 47.568656], [-121.176691, 47.568587], [-121.176686, 47.568519], [-121.176683, 47.56845], [-121.17668, 47.568381], [-121.176679, 47.568366], [-121.176677, 47.568312], [-121.176673, 47.568243], [-121.176667, 47.568174], [-121.176658, 47.568106], [-121.176647, 47.568038], [-121.176633, 47.567972], [-121.176616, 47.567901], [-121.1766, 47.567834], [-121.176584, 47.567766], [-121.176571, 47.567698], [-121.176562, 47.56763], [-121.176557, 47.567562], [-121.176557, 47.567549], [-121.176556, 47.567493], [-121.176554, 47.567423], [-121.176551, 47.567367], [-121.17655, 47.567352], [-121.176548, 47.567281], [-121.176546, 47.567209], [-121.176547, 47.567138], [-121.176551, 47.567068], [-121.176561, 47.566999], [-121.176577, 47.566932], [-121.176599, 47.566867], [-121.176631, 47.566804], [-121.176671, 47.566745], [-121.176718, 47.566687], [-121.17677, 47.566631], [-121.176826, 47.566574], [-121.176883, 47.56652], [-121.176945, 47.566466], [-121.177009, 47.566413], [-121.177077, 47.566361], [-121.177146, 47.566309], [-121.177214, 47.56626], [-121.177227, 47.566251], [-121.177289, 47.566208], [-121.177363, 47.566158], [-121.177423, 47.566119], [-121.177437, 47.566109], [-121.177512, 47.56606], [-121.177587, 47.566011], [-121.177661, 47.565963], [-121.177681, 47.56595], [-121.177735, 47.565915], [-121.177807, 47.565868], [-121.17788, 47.565823], [-121.17796, 47.565779], [-121.178041, 47.565738], [-121.178123, 47.5657], [-121.178133, 47.565695], [-121.17821, 47.565661], [-121.178297, 47.565625], [-121.178373, 47.565593], [-121.178384, 47.565588], [-121.178407, 47.565579], [-121.17847, 47.565552], [-121.178556, 47.565517], [-121.178639, 47.565484], [-121.178653, 47.565478], [-121.178732, 47.565449], [-121.178821, 47.565416], [-121.178897, 47.565389], [-121.178911, 47.565384], [-121.179001, 47.565353], [-121.179091, 47.565321], [-121.17918, 47.565288], [-121.179268, 47.565255], [-121.179355, 47.56522], [-121.179439, 47.565181], [-121.17952, 47.565139], [-121.179583, 47.565103], [-121.179599, 47.565095], [-121.179647, 47.565069], [-121.179679, 47.565052], [-121.179761, 47.565014], [-121.179849, 47.564981], [-121.179943, 47.564956], [-121.180042, 47.564937], [-121.180142, 47.564924], [-121.180242, 47.564915], [-121.180343, 47.56491], [-121.180445, 47.56491], [-121.180547, 47.564913], [-121.180647, 47.564921], [-121.180747, 47.564933], [-121.180846, 47.564947], [-121.180945, 47.564964], [-121.181043, 47.564983], [-121.181139, 47.565003], [-121.181234, 47.565027], [-121.181328, 47.565054], [-121.18142, 47.565082], [-121.181515, 47.565108], [-121.18161, 47.56513], [-121.181708, 47.565145], [-121.181808, 47.565155], [-121.18191, 47.565161], [-121.182012, 47.565167], [-121.182113, 47.565174], [-121.182213, 47.565186], [-121.182309, 47.565204], [-121.182404, 47.565227], [-121.182499, 47.565255], [-121.182591, 47.565286], [-121.182679, 47.565321], [-121.182762, 47.565359], [-121.182841, 47.565401], [-121.182916, 47.565446], [-121.182988, 47.565495], [-121.183057, 47.565546], [-121.183124, 47.565599], [-121.183188, 47.565652], [-121.183249, 47.565707], [-121.183307, 47.565763], [-121.183362, 47.56582], [-121.183415, 47.565879], [-121.183466, 47.565938], [-121.183516, 47.565998], [-121.183565, 47.566058], [-121.183612, 47.566119], [-121.183654, 47.566182], [-121.183694, 47.566246], [-121.183734, 47.566309], [-121.183777, 47.566371], [-121.183826, 47.56643], [-121.183882, 47.566487], [-121.183942, 47.566545], [-121.184004, 47.566601], [-121.184072, 47.566656], [-121.184145, 47.566705], [-121.184224, 47.566746], [-121.18431, 47.566777], [-121.184401, 47.5668], [-121.184497, 47.566818], [-121.184596, 47.566831], [-121.184697, 47.566842], [-121.184799, 47.566851], [-121.184902, 47.56686], [-121.185005, 47.566869], [-121.185107, 47.56688], [-121.185208, 47.566893], [-121.185305, 47.566911], [-121.1854, 47.566933], [-121.185496, 47.566959], [-121.185591, 47.566987], [-121.185683, 47.567019], [-121.185772, 47.567053], [-121.185857, 47.567091], [-121.185937, 47.567131], [-121.186009, 47.567176], [-121.186064, 47.567231], [-121.186109, 47.567295], [-121.186149, 47.56736], [-121.186192, 47.567424], [-121.186239, 47.567484], [-121.186286, 47.567545], [-121.186332, 47.567607], [-121.186379, 47.567669], [-121.186424, 47.567728], [-121.186471, 47.567789], [-121.186521, 47.56785], [-121.18657, 47.567908], [-121.186622, 47.567968], [-121.186674, 47.568025], [-121.186731, 47.568084], [-121.186788, 47.56814], [-121.186848, 47.568195], [-121.186912, 47.568248], [-121.186978, 47.568302], [-121.187049, 47.568352], [-121.187125, 47.568398], [-121.187208, 47.568436], [-121.187295, 47.568468], [-121.187386, 47.568498], [-121.187479, 47.568526], [-121.187574, 47.568551], [-121.187669, 47.568576], [-121.187765, 47.568598], [-121.18786, 47.56862], [-121.187959, 47.568642], [-121.188056, 47.568665], [-121.188157, 47.568692], [-121.188261, 47.568718], [-121.188363, 47.568738], [-121.188461, 47.568747], [-121.188551, 47.56874], [-121.188631, 47.568713], [-121.188704, 47.568672], [-121.188772, 47.568619], [-121.188838, 47.568561], [-121.188904, 47.568502], [-121.188974, 47.568447], [-121.189049, 47.568401], [-121.189128, 47.568358], [-121.189207, 47.568316], [-121.189289, 47.568275], [-121.189371, 47.568235], [-121.189453, 47.568195], [-121.189536, 47.568155], [-121.189571, 47.568139], [-121.189619, 47.568116], [-121.189702, 47.568076], [-121.189785, 47.568036], [-121.189866, 47.567996], [-121.189947, 47.567955], [-121.190027, 47.567912], [-121.190106, 47.567869], [-121.190184, 47.567825], [-121.190264, 47.567783], [-121.190344, 47.567741], [-121.190426, 47.567701], [-121.190511, 47.567664], [-121.190597, 47.567628], [-121.190684, 47.567594], [-121.190772, 47.56756], [-121.190861, 47.567526], [-121.190949, 47.567493], [-121.191038, 47.567461], [-121.191128, 47.567428], [-121.191217, 47.567396], [-121.191307, 47.567364], [-121.191397, 47.567333], [-121.191487, 47.567301], [-121.191577, 47.567269], [-121.191666, 47.567237], [-121.191756, 47.567205], [-121.191845, 47.567172], [-121.191933, 47.567139], [-121.192022, 47.567105], [-121.192109, 47.567071], [-121.192197, 47.567037], [-121.192284, 47.567002], [-121.192371, 47.566967], [-121.192459, 47.566932], [-121.192546, 47.566898], [-121.192634, 47.566863], [-121.192721, 47.566829], [-121.192809, 47.566795], [-121.192897, 47.566761], [-121.192986, 47.566728], [-121.193076, 47.566696], [-121.193167, 47.566667], [-121.193259, 47.566638], [-121.193337, 47.566615], [-121.193352, 47.566611], [-121.193445, 47.566583], [-121.193536, 47.566554], [-121.193627, 47.566523], [-121.193716, 47.56649], [-121.193803, 47.566456], [-121.19389, 47.566421], [-121.193977, 47.566385], [-121.194064, 47.566349], [-121.194151, 47.566314], [-121.194238, 47.566279], [-121.194326, 47.566246], [-121.194415, 47.566214], [-121.194507, 47.566181], [-121.194603, 47.566149], [-121.194701, 47.566125], [-121.194797, 47.56612], [-121.19489, 47.566135], [-121.194983, 47.566159], [-121.195074, 47.566188], [-121.195166, 47.566221], [-121.195258, 47.566255], [-121.195351, 47.566286], [-121.195446, 47.566313], [-121.195542, 47.566333], [-121.19564, 47.566351], [-121.195738, 47.566367], [-121.195838, 47.566382], [-121.195938, 47.566395], [-121.196038, 47.566407], [-121.196139, 47.566417], [-121.196239, 47.566425], [-121.19634, 47.566433], [-121.19644, 47.566438], [-121.196541, 47.566438], [-121.196642, 47.566433], [-121.196743, 47.566425], [-121.196844, 47.566418], [-121.196946, 47.566411], [-121.197047, 47.566409], [-121.197149, 47.566411], [-121.197249, 47.566414], [-121.19735, 47.56642], [-121.197451, 47.566426], [-121.197552, 47.566432], [-121.197653, 47.566438], [-121.197754, 47.566443], [-121.197855, 47.566447], [-121.197956, 47.56645], [-121.198058, 47.56645], [-121.198159, 47.566449], [-121.19826, 47.566447], [-121.198361, 47.566443], [-121.198462, 47.566438], [-121.198563, 47.566432], [-121.198665, 47.566425], [-121.198764, 47.566418], [-121.198865, 47.566409], [-121.198967, 47.566401], [-121.199066, 47.566392], [-121.199166, 47.566383], [-121.199267, 47.566373], [-121.199367, 47.566364], [-121.199467, 47.566355], [-121.199568, 47.566346], [-121.199668, 47.566338], [-121.199769, 47.56633], [-121.199871, 47.566324], [-121.199971, 47.56632], [-121.200072, 47.566315], [-121.200173, 47.566308], [-121.200272, 47.566298], [-121.200373, 47.566286], [-121.200472, 47.566274], [-121.200571, 47.566261], [-121.200671, 47.566247], [-121.20077, 47.566234], [-121.20087, 47.566222], [-121.20097, 47.566211], [-121.20107, 47.5662], [-121.20117, 47.566188], [-121.20127, 47.566177], [-121.20137, 47.566166], [-121.201471, 47.566156], [-121.201571, 47.566148], [-121.201672, 47.566141], [-121.201773, 47.566137], [-121.201873, 47.566134], [-121.201975, 47.566132], [-121.202076, 47.56613], [-121.202178, 47.566129], [-121.202279, 47.566129], [-121.202381, 47.56613], [-121.202483, 47.566132], [-121.202584, 47.566135], [-121.202685, 47.566139], [-121.202786, 47.566144], [-121.202886, 47.566151], [-121.202985, 47.566161], [-121.203083, 47.566177], [-121.20318, 47.566198], [-121.203277, 47.56622], [-121.203375, 47.56624], [-121.203473, 47.566257], [-121.203573, 47.566269], [-121.203673, 47.566281], [-121.203774, 47.566292], [-121.203874, 47.566303], [-121.203976, 47.566313], [-121.204077, 47.56632], [-121.204178, 47.566325], [-121.204279, 47.566327], [-121.204379, 47.566324], [-121.204479, 47.566318], [-121.204563, 47.566311], [-121.20476, 47.566283], [-121.204859, 47.566269], [-121.204958, 47.566256], [-121.205063, 47.566243], [-121.205157, 47.566232], [-121.205257, 47.566219], [-121.205357, 47.566206], [-121.205455, 47.56619], [-121.205551, 47.566168], [-121.205645, 47.566143], [-121.20574, 47.566118], [-121.205837, 47.566103], [-121.205939, 47.566107], [-121.20604, 47.566109], [-121.206142, 47.566105], [-121.20624, 47.56609], [-121.206338, 47.566072], [-121.206436, 47.566053], [-121.206534, 47.566039], [-121.206635, 47.566029], [-121.206736, 47.566022], [-121.206833, 47.566003], [-121.206929, 47.56598], [-121.207027, 47.565964], [-121.207128, 47.565962], [-121.207229, 47.565958], [-121.207326, 47.56595], [-121.207431, 47.565943], [-121.207531, 47.565949], [-121.207575, 47.565955], [-121.207631, 47.565962], [-121.207732, 47.565967], [-121.207833, 47.565969], [-121.207934, 47.565972], [-121.208035, 47.565979], [-121.208135, 47.565988], [-121.208237, 47.565994], [-121.208337, 47.565991], [-121.208439, 47.565971], [-121.208538, 47.565957], [-121.208629, 47.565974], [-121.208647, 47.565982], [-121.208713, 47.566014], [-121.208796, 47.566057], [-121.208883, 47.566093], [-121.208958, 47.566138], [-121.209019, 47.566193], [-121.209077, 47.566251], [-121.209135, 47.566306], [-121.209199, 47.566359], [-121.209261, 47.56641], [-121.209326, 47.566466], [-121.209388, 47.56652], [-121.209449, 47.566575], [-121.209506, 47.566631], [-121.209597, 47.566775], [-121.209651, 47.566833], [-121.209702, 47.566892], [-121.209752, 47.566952], [-121.209804, 47.567011], [-121.209853, 47.567071], [-121.209902, 47.567134], [-121.209952, 47.567193], [-121.210008, 47.56725], [-121.210075, 47.5673], [-121.21015, 47.567344], [-121.210231, 47.567385], [-121.210318, 47.567424], [-121.210404, 47.567459], [-121.210493, 47.567494], [-121.210573, 47.567524], [-121.210583, 47.567528], [-121.210672, 47.567558], [-121.210764, 47.567586], [-121.210853, 47.567613], [-121.210964, 47.567646], [-121.211042, 47.56767], [-121.211132, 47.567701], [-121.211223, 47.567731], [-121.211313, 47.567762], [-121.211403, 47.567794], [-121.211493, 47.567825], [-121.211583, 47.567856], [-121.211675, 47.567888], [-121.211764, 47.567918], [-121.21186, 47.567945], [-121.211954, 47.567972], [-121.212045, 47.568005], [-121.212119, 47.568048], [-121.212179, 47.5681], [-121.21223, 47.568159], [-121.212277, 47.568222], [-121.212323, 47.568286], [-121.212371, 47.568346], [-121.212421, 47.568406], [-121.212471, 47.568466], [-121.212524, 47.568525], [-121.212586, 47.568582], [-121.212649, 47.568633], [-121.212716, 47.568687], [-121.212787, 47.568738], [-121.212864, 47.568785], [-121.212947, 47.568821], [-121.213036, 47.568846], [-121.213131, 47.568865], [-121.213231, 47.568878], [-121.213335, 47.568887], [-121.213438, 47.568893], [-121.213541, 47.568895], [-121.213643, 47.568896], [-121.213744, 47.568894], [-121.213844, 47.568885], [-121.213943, 47.568872], [-121.214044, 47.568858], [-121.214144, 47.568846], [-121.214244, 47.568837], [-121.214346, 47.568832], [-121.214449, 47.568827], [-121.214553, 47.568826], [-121.214654, 47.568831], [-121.21475, 47.568846], [-121.214844, 47.568868], [-121.214937, 47.568894], [-121.215029, 47.568923], [-121.21512, 47.568955], [-121.21521, 47.568989], [-121.215299, 47.569024], [-121.215385, 47.56906], [-121.215471, 47.569097], [-121.215553, 47.569136], [-121.215632, 47.569179], [-121.215708, 47.569224], [-121.215784, 47.569271], [-121.215859, 47.569317], [-121.215932, 47.569365], [-121.216002, 47.569416], [-121.216071, 47.569469], [-121.216138, 47.569521], [-121.216208, 47.56957], [-121.216283, 47.569615], [-121.216364, 47.569653], [-121.216454, 47.569687], [-121.21655, 47.569719], [-121.216651, 47.569746], [-121.216753, 47.569765], [-121.216852, 47.569773], [-121.216947, 47.569768], [-121.217039, 47.569752], [-121.21713, 47.569728], [-121.21722, 47.569699], [-121.217309, 47.569665], [-121.217398, 47.569629], [-121.217486, 47.56959], [-121.217574, 47.56955], [-121.21764, 47.56952], [-121.217661, 47.56951], [-121.217748, 47.569473], [-121.217776, 47.569461], [-121.217834, 47.569437], [-121.217919, 47.569399], [-121.218002, 47.569361], [-121.218085, 47.569322], [-121.218168, 47.569282], [-121.218183, 47.569275], [-121.218251, 47.569242], [-121.218334, 47.569203], [-121.218405, 47.56917], [-121.218417, 47.569164], [-121.21847, 47.569139], [-121.2185, 47.569125], [-121.218584, 47.569086], [-121.218671, 47.569045], [-121.218752, 47.569009], [-121.218836, 47.568971], [-121.218921, 47.568934], [-121.219007, 47.568898], [-121.219093, 47.568862], [-121.219181, 47.568827], [-121.219267, 47.568792], [-121.219354, 47.568757], [-121.219441, 47.568721], [-121.219528, 47.568686], [-121.219615, 47.568651], [-121.219678, 47.568626], [-121.219702, 47.568616], [-121.219789, 47.568581], [-121.219876, 47.568546], [-121.219945, 47.568519], [-121.219964, 47.568511], [-121.220051, 47.568477], [-121.220138, 47.568441], [-121.220221, 47.568407], [-121.22031, 47.568369], [-121.220395, 47.568332], [-121.22048, 47.568292], [-121.220561, 47.568254], [-121.220643, 47.568214], [-121.220721, 47.568174], [-121.220733, 47.568168], [-121.220806, 47.568131], [-121.220886, 47.56809], [-121.220964, 47.568048], [-121.221043, 47.568002], [-121.221116, 47.567953], [-121.221188, 47.567903], [-121.221263, 47.567854], [-121.221342, 47.567813], [-121.221428, 47.567783], [-121.221522, 47.567759], [-121.221618, 47.56774], [-121.221719, 47.567725], [-121.221821, 47.567713], [-121.221923, 47.567705], [-121.222026, 47.567699], [-121.222126, 47.567695], [-121.222227, 47.567705], [-121.22233, 47.567725], [-121.222431, 47.567747], [-121.22253, 47.567759], [-121.222624, 47.567751], [-121.222713, 47.567728], [-121.222801, 47.567697], [-121.222886, 47.56766], [-121.222902, 47.567652], [-121.222972, 47.56762], [-121.223015, 47.567599], [-121.223057, 47.567578], [-121.223143, 47.567538], [-121.22323, 47.567501], [-121.22332, 47.56747], [-121.223418, 47.567454], [-121.223519, 47.567445], [-121.223619, 47.567431], [-121.223717, 47.567416], [-121.223818, 47.567402], [-121.223843, 47.567399], [-121.223918, 47.567388], [-121.223988, 47.567378], [-121.22402, 47.567373], [-121.224117, 47.567358], [-121.224216, 47.567342], [-121.224312, 47.567323], [-121.224408, 47.567302], [-121.224501, 47.567278], [-121.22459, 47.567247], [-121.224673, 47.567209], [-121.224755, 47.567167], [-121.224833, 47.567124], [-121.224916, 47.567081], [-121.224998, 47.567041], [-121.225081, 47.567001], [-121.225163, 47.566961], [-121.225245, 47.56692], [-121.225328, 47.566881], [-121.225412, 47.566844], [-121.225499, 47.566808], [-121.225585, 47.566773], [-121.225673, 47.566738], [-121.225761, 47.566704], [-121.225849, 47.566671], [-121.225938, 47.566638], [-121.226028, 47.566605], [-121.22604, 47.563256], [-121.226094, 47.547903], [-121.224196, 47.457479], [-121.222551, 47.33569], [-121.220789, 47.254346], [-120.902579, 47.25728]]]}, "properties": {"OBJECTID": 54, "Shape_Length": 398342.0376039383, "Shape_Area": 8096529903.073757, "State": "WA", "DistrictID": "WA0010", "DistrictNm": "Cle Elum", "Other_Name": "Fish Lake", "County": "Kittitas", "District_Link": "https://d92019.eos-intl.net/D92019/OPAC/Details/Record.aspx?BibCode=28452886", "District_Cite": "[Washington Geological Survey], [1980], Mining districts of Washington: [Washington Geological Survey], 1 plate, 1 p. text.", "Notes": null}}, {"type": "Feature", "id": 58, "geometry": {"type": "Polygon", "coordinates": [[[-121.119177, 47.779944], [-121.11917, 47.779905], [-121.119079, 47.779543], [-121.118698, 47.778013], [-121.1189, 47.777564], [-121.119414, 47.77714], [-121.119503, 47.776992], [-121.11967, 47.776297], [-121.119639, 47.776023], [-121.119483, 47.775839], [-121.117385, 47.774225], [-121.115121, 47.772288], [-121.114513, 47.771919], [-121.11428, 47.771689], [-121.114254, 47.771319], [-121.113912, 47.770522], [-121.11391, 47.770248], [-121.113282, 47.769896], [-121.111519, 47.768748], [-121.110329, 47.767535], [-121.109811, 47.767113], [-121.109305, 47.766826], [-121.109215, 47.76676], [-121.107703, 47.766683], [-121.107699, 47.766568], [-121.1086, 47.76564], [-121.108688, 47.765367], [-121.108591, 47.76473], [-121.109068, 47.764527], [-121.109347, 47.764032], [-121.109931, 47.762961], [-121.110211, 47.762037], [-121.110505, 47.761597], [-121.110556, 47.761173], [-121.110512, 47.759772], [-121.110808, 47.758958], [-121.110858, 47.758417], [-121.110763, 47.758145], [-121.110506, 47.757827], [-121.109942, 47.757432], [-121.109409, 47.757204], [-121.107606, 47.756878], [-121.10646, 47.756806], [-121.102903, 47.756903], [-121.101704, 47.757017], [-121.101278, 47.75714], [-121.100961, 47.757315], [-121.100451, 47.757743], [-121.099853, 47.758432], [-121.099461, 47.758785], [-121.099185, 47.758992], [-121.0988, 47.759105], [-121.098486, 47.759049], [-121.097927, 47.758802], [-121.097444, 47.758835], [-121.097029, 47.758725], [-121.09608, 47.758324], [-121.095697, 47.758229], [-121.09501, 47.758403], [-121.094604, 47.758426], [-121.094332, 47.758362], [-121.094018, 47.758184], [-121.093899, 47.758043], [-121.093792, 47.757777], [-121.093654, 47.757013], [-121.092908, 47.755806], [-121.092783, 47.755263], [-121.092836, 47.754527], [-121.0927, 47.754021], [-121.092642, 47.753091], [-121.092168, 47.751626], [-121.09181, 47.750793], [-121.091596, 47.750403], [-121.090946, 47.748684], [-121.090238, 47.747672], [-121.089959, 47.747158], [-121.089976, 47.746594], [-121.089914, 47.746322], [-121.08971, 47.746099], [-121.087801, 47.744863], [-121.08706, 47.744531], [-121.086332, 47.744287], [-121.082819, 47.743402], [-121.082127, 47.743025], [-121.081632, 47.742567], [-121.080899, 47.741422], [-121.080358, 47.740404], [-121.079869, 47.740059], [-121.078995, 47.739193], [-121.078978, 47.738979], [-121.0797, 47.738531], [-121.080423, 47.737674], [-121.080769, 47.737028], [-121.080904, 47.73644], [-121.081097, 47.735275], [-121.081264, 47.734822], [-121.081524, 47.734468], [-121.08185, 47.734154], [-121.082289, 47.733852], [-121.083606, 47.733198], [-121.084548, 47.732589], [-121.084945, 47.732297], [-121.085124, 47.732003], [-121.085191, 47.73128], [-121.085134, 47.730972], [-121.084821, 47.73019], [-121.08478, 47.72991], [-121.085146, 47.729547], [-121.086292, 47.729258], [-121.086775, 47.729083], [-121.087347, 47.728629], [-121.087367, 47.728497], [-121.087155, 47.728231], [-121.086931, 47.728092], [-121.086312, 47.727536], [-121.086164, 47.727255], [-121.085872, 47.726939], [-121.085482, 47.726288], [-121.085222, 47.725989], [-121.084835, 47.725249], [-121.084585, 47.724227], [-121.083949, 47.723068], [-121.083632, 47.722741], [-121.082761, 47.722484], [-121.082217, 47.721982], [-121.081678, 47.721569], [-121.080661, 47.721266], [-121.078938, 47.720313], [-121.078259, 47.72001], [-121.0759, 47.719442], [-121.073123, 47.719159], [-121.071732, 47.718634], [-121.069965, 47.717829], [-121.069647, 47.717661], [-121.069135, 47.716714], [-121.068388, 47.715834], [-121.067861, 47.715356], [-121.067039, 47.714811], [-121.0663, 47.714167], [-121.066005, 47.713603], [-121.066004, 47.71251], [-121.066262, 47.711055], [-121.066251, 47.710467], [-121.066013, 47.709796], [-121.065945, 47.709279], [-121.066159, 47.708849], [-121.066307, 47.708368], [-121.066364, 47.70752], [-121.067117, 47.706272], [-121.067216, 47.706249], [-121.068304, 47.706336], [-121.068714, 47.706318], [-121.068958, 47.706245], [-121.069602, 47.705911], [-121.070393, 47.705643], [-121.071228, 47.705291], [-121.072392, 47.705051], [-121.07272, 47.70492], [-121.074305, 47.704075], [-121.074993, 47.703783], [-121.075931, 47.703679], [-121.076675, 47.703705], [-121.077076, 47.703658], [-121.07734, 47.703569], [-121.077664, 47.703401], [-121.078174, 47.702966], [-121.078354, 47.702459], [-121.078527, 47.702208], [-121.078876, 47.702043], [-121.079371, 47.701964], [-121.081943, 47.702125], [-121.082373, 47.702172], [-121.083138, 47.702364], [-121.08354, 47.70241], [-121.084425, 47.702227], [-121.086231, 47.70281], [-121.086613, 47.702896], [-121.08721, 47.702929], [-121.08786, 47.703062], [-121.088296, 47.703141], [-121.088706, 47.703161], [-121.089545, 47.703063], [-121.090288, 47.702834], [-121.090705, 47.702601], [-121.09096, 47.70238], [-121.091274, 47.701874], [-121.09143, 47.70132], [-121.091362, 47.700772], [-121.090924, 47.700106], [-121.090816, 47.699617], [-121.090887, 47.699067], [-121.091064, 47.698749], [-121.091722, 47.698056], [-121.092753, 47.697205], [-121.093519, 47.696067], [-121.094153, 47.695364], [-121.094594, 47.695051], [-121.095226, 47.694705], [-121.095805, 47.694463], [-121.096552, 47.694244], [-121.097277, 47.693909], [-121.097592, 47.693642], [-121.097918, 47.693013], [-121.098313, 47.692649], [-121.099259, 47.692654], [-121.099884, 47.692301], [-121.100802, 47.691641], [-121.102748, 47.690421], [-121.104071, 47.689483], [-121.105513, 47.688815], [-121.106211, 47.688797], [-121.106983, 47.688894], [-121.107524, 47.689171], [-121.108279, 47.689077], [-121.109172, 47.688828], [-121.111149, 47.687466], [-121.112618, 47.686628], [-121.113014, 47.686888], [-121.114119, 47.686992], [-121.11553, 47.686593], [-121.117965, 47.685686], [-121.118953, 47.685315], [-121.119882, 47.685237], [-121.120657, 47.68512], [-121.121584, 47.685213], [-121.121833, 47.684725], [-121.122742, 47.683906], [-121.123087, 47.682435], [-121.123115, 47.681085], [-121.123679, 47.680208], [-121.125225, 47.679436], [-121.126101, 47.678523], [-121.126502, 47.678306], [-121.126574, 47.677372], [-121.127544, 47.676685], [-121.128824, 47.676181], [-121.128995, 47.675566], [-121.129004, 47.674462], [-121.12929, 47.673255], [-121.128914, 47.672155], [-121.128002, 47.671651], [-121.127403, 47.671205], [-121.126532, 47.669221], [-121.126075, 47.668856], [-121.125658, 47.667673], [-121.125536, 47.666733], [-121.125024, 47.666137], [-121.124388, 47.665584], [-121.123518, 47.664591], [-121.123179, 47.663326], [-121.123819, 47.661704], [-121.124138, 47.661387], [-121.124815, 47.661335], [-121.124929, 47.660023], [-121.124681, 47.659203], [-121.125635, 47.657159], [-121.126262, 47.656704], [-121.127735, 47.656006], [-121.128569, 47.655702], [-121.130522, 47.655904], [-121.130705, 47.655872], [-121.131884, 47.655664], [-121.131508, 47.655201], [-121.130995, 47.654242], [-121.131166, 47.653502], [-121.131009, 47.653122], [-121.131408, 47.651882], [-121.131593, 47.650972], [-121.131758, 47.650659], [-121.132009, 47.650661], [-121.132332, 47.650366], [-121.13273, 47.649802], [-121.132523, 47.648235], [-121.132876, 47.647561], [-121.133697, 47.645605], [-121.132044, 47.644707], [-121.131324, 47.644472], [-121.131014, 47.644141], [-121.130813, 47.643827], [-121.130327, 47.643077], [-121.129953, 47.642327], [-121.129522, 47.641475], [-121.128877, 47.640543], [-121.128686, 47.639834], [-121.127597, 47.638949], [-121.126593, 47.638439], [-121.126292, 47.637619], [-121.125971, 47.637403], [-121.126139, 47.637042], [-121.126558, 47.636632], [-121.126568, 47.635517], [-121.1268, 47.634057], [-121.12728, 47.632895], [-121.127837, 47.632425], [-121.127868, 47.632101], [-121.127489, 47.63177], [-121.126773, 47.631426], [-121.126359, 47.630056], [-121.126013, 47.629867], [-121.125266, 47.628128], [-121.125024, 47.627838], [-121.124612, 47.627344], [-121.122567, 47.627032], [-121.120136, 47.627382], [-121.118767, 47.626979], [-121.117557, 47.624944], [-121.117536, 47.62485], [-121.117464, 47.624802], [-121.117393, 47.624753], [-121.117324, 47.624703], [-121.117255, 47.624653], [-121.117186, 47.624602], [-121.117117, 47.624552], [-121.117048, 47.624502], [-121.116978, 47.624453], [-121.116906, 47.624404], [-121.116834, 47.624356], [-121.116763, 47.624305], [-121.116688, 47.624258], [-121.116598, 47.624232], [-121.116498, 47.624219], [-121.116394, 47.624212], [-121.11629, 47.624205], [-121.11619, 47.624193], [-121.116098, 47.624171], [-121.11602, 47.624131], [-121.115952, 47.624077], [-121.115889, 47.624021], [-121.115829, 47.623965], [-121.115776, 47.623907], [-121.115725, 47.623847], [-121.115675, 47.623788], [-121.115627, 47.623727], [-121.115582, 47.623666], [-121.115541, 47.623603], [-121.115506, 47.623539], [-121.115474, 47.623474], [-121.115444, 47.623408], [-121.115424, 47.623338], [-121.115402, 47.623269], [-121.115368, 47.623206], [-121.115313, 47.623153], [-121.115234, 47.623112], [-121.115143, 47.623076], [-121.115053, 47.623039], [-121.114976, 47.622996], [-121.114928, 47.622937], [-121.114896, 47.62287], [-121.11486, 47.622806], [-121.114827, 47.62274], [-121.114792, 47.622676], [-121.114752, 47.622613], [-121.114701, 47.622555], [-121.114638, 47.622501], [-121.114568, 47.62245], [-121.114495, 47.622402], [-121.114417, 47.622358], [-121.114335, 47.622315], [-121.114253, 47.622273], [-121.114175, 47.622228], [-121.114106, 47.62218], [-121.114048, 47.622125], [-121.113996, 47.622067], [-121.113947, 47.622007], [-121.113902, 47.621945], [-121.11386, 47.621882], [-121.113821, 47.621817], [-121.113786, 47.621752], [-121.113755, 47.621686], [-121.113727, 47.621621], [-121.113704, 47.621555], [-121.113689, 47.621488], [-121.113682, 47.621419], [-121.113678, 47.621351], [-121.113677, 47.621281], [-121.113676, 47.621212], [-121.113671, 47.621143], [-121.113662, 47.621075], [-121.113651, 47.621007], [-121.11364, 47.620938], [-121.113629, 47.62087], [-121.113617, 47.620802], [-121.113604, 47.620734], [-121.113592, 47.620666], [-121.113578, 47.620598], [-121.113564, 47.62053], [-121.113549, 47.620462], [-121.113534, 47.620395], [-121.113518, 47.620327], [-121.113501, 47.62026], [-121.113484, 47.620192], [-121.113465, 47.620125], [-121.113446, 47.620057], [-121.113427, 47.61999], [-121.113407, 47.619923], [-121.113386, 47.619856], [-121.113366, 47.619789], [-121.113345, 47.619722], [-121.113324, 47.619655], [-121.113303, 47.619588], [-121.113282, 47.619521], [-121.113261, 47.619453], [-121.113236, 47.619386], [-121.113207, 47.61932], [-121.113178, 47.619253], [-121.11315, 47.619186], [-121.113126, 47.619119], [-121.113108, 47.619053], [-121.113099, 47.618986], [-121.113099, 47.618918], [-121.113108, 47.61885], [-121.113123, 47.618782], [-121.113146, 47.618713], [-121.113174, 47.618646], [-121.113207, 47.618581], [-121.113245, 47.618518], [-121.113288, 47.618456], [-121.113337, 47.618397], [-121.113389, 47.618338], [-121.113444, 47.61828], [-121.113501, 47.618223], [-121.113559, 47.618166], [-121.113618, 47.618109], [-121.113674, 47.618052], [-121.113738, 47.618], [-121.113813, 47.617953], [-121.113887, 47.617906], [-121.113961, 47.617859], [-121.114035, 47.617812], [-121.114109, 47.617765], [-121.114185, 47.61772], [-121.114261, 47.617675], [-121.11434, 47.617632], [-121.11442, 47.61759], [-121.114503, 47.617549], [-121.114588, 47.617509], [-121.114676, 47.617473], [-121.114765, 47.617442], [-121.114858, 47.617417], [-121.114954, 47.617402], [-121.115054, 47.617394], [-121.115157, 47.617392], [-121.11526, 47.617392], [-121.115363, 47.617391], [-121.115465, 47.617388], [-121.115567, 47.617388], [-121.115665, 47.617374], [-121.11576, 47.61735], [-121.115853, 47.617322], [-121.115944, 47.617291], [-121.116033, 47.617258], [-121.116121, 47.617224], [-121.116208, 47.617189], [-121.116294, 47.617153], [-121.11638, 47.617117], [-121.116466, 47.61708], [-121.116552, 47.617044], [-121.116639, 47.617008], [-121.116725, 47.616971], [-121.116811, 47.616932], [-121.116897, 47.616894], [-121.116983, 47.616858], [-121.11707, 47.616823], [-121.117159, 47.616793], [-121.117251, 47.616768], [-121.117352, 47.616767], [-121.117456, 47.616775], [-121.117558, 47.616771], [-121.117654, 47.616751], [-121.117751, 47.61673], [-121.117848, 47.616708], [-121.117945, 47.616685], [-121.118041, 47.616661], [-121.118137, 47.616636], [-121.118231, 47.616609], [-121.118323, 47.61658], [-121.118413, 47.616549], [-121.1185, 47.616516], [-121.118582, 47.616479], [-121.118655, 47.616433], [-121.11872, 47.616381], [-121.118781, 47.616324], [-121.118843, 47.616268], [-121.118908, 47.616214], [-121.118979, 47.616165], [-121.119051, 47.616116], [-121.119124, 47.616069], [-121.119199, 47.616022], [-121.119275, 47.615976], [-121.119353, 47.615932], [-121.119433, 47.61589], [-121.119516, 47.615851], [-121.119612, 47.615819], [-121.11972, 47.615794], [-121.11983, 47.615771], [-121.119931, 47.615746], [-121.120013, 47.615715], [-121.120066, 47.615675], [-121.12008, 47.615622], [-121.120064, 47.615559], [-121.120026, 47.61549], [-121.119978, 47.615418], [-121.11993, 47.615347], [-121.119893, 47.615281], [-121.119852, 47.615216], [-121.119806, 47.615152], [-121.119758, 47.615088], [-121.119715, 47.615024], [-121.119685, 47.61496], [-121.119672, 47.614895], [-121.119679, 47.614831], [-121.119698, 47.614766], [-121.119727, 47.614702], [-121.119763, 47.614637], [-121.119802, 47.614572], [-121.119844, 47.614508], [-121.119885, 47.614442], [-121.119923, 47.614377], [-121.119954, 47.614311], [-121.119978, 47.614244], [-121.12, 47.614177], [-121.120021, 47.61411], [-121.120042, 47.614043], [-121.120062, 47.613976], [-121.120081, 47.613908], [-121.120101, 47.613841], [-121.120119, 47.613773], [-121.120138, 47.613706], [-121.120155, 47.613638], [-121.120172, 47.61357], [-121.120189, 47.613502], [-121.120204, 47.613435], [-121.120219, 47.613367], [-121.120223, 47.613349], [-121.120225, 47.613337], [-121.120233, 47.613299], [-121.120246, 47.613231], [-121.120256, 47.613178], [-121.120259, 47.61316], [-121.12027, 47.613095], [-121.120281, 47.613027], [-121.120289, 47.612961], [-121.120291, 47.612892], [-121.120284, 47.612823], [-121.120272, 47.612756], [-121.120256, 47.612687], [-121.12024, 47.612618], [-121.120226, 47.61255], [-121.120215, 47.612482], [-121.120207, 47.612414], [-121.120199, 47.612345], [-121.120192, 47.612277], [-121.120184, 47.612208], [-121.120177, 47.61214], [-121.120176, 47.612128], [-121.12017, 47.612072], [-121.120161, 47.612003], [-121.120156, 47.611961], [-121.120153, 47.611935], [-121.120143, 47.611867], [-121.120132, 47.611799], [-121.120125, 47.611729], [-121.120118, 47.611659], [-121.120104, 47.61159], [-121.120076, 47.611525], [-121.120032, 47.611465], [-121.119981, 47.611407], [-121.119928, 47.611348], [-121.119873, 47.611292], [-121.119816, 47.611235], [-121.119758, 47.611179], [-121.119698, 47.611123], [-121.119637, 47.611067], [-121.119592, 47.611026], [-121.119577, 47.611012], [-121.119516, 47.610956], [-121.119456, 47.6109], [-121.119397, 47.610844], [-121.119339, 47.610787], [-121.119282, 47.61073], [-121.119228, 47.610673], [-121.119176, 47.610614], [-121.119126, 47.610555], [-121.11908, 47.610494], [-121.119037, 47.610432], [-121.118998, 47.610368], [-121.118962, 47.610303], [-121.118931, 47.610237], [-121.118902, 47.610171], [-121.118878, 47.610104], [-121.118858, 47.610037], [-121.118842, 47.609969], [-121.11883, 47.609902], [-121.118823, 47.609834], [-121.118818, 47.609765], [-121.118816, 47.609697], [-121.118816, 47.609627], [-121.118816, 47.609558], [-121.118818, 47.609489], [-121.118818, 47.609481], [-121.118818, 47.60942], [-121.118817, 47.609351], [-121.118815, 47.609285], [-121.11881, 47.609214], [-121.118802, 47.609146], [-121.11879, 47.609079], [-121.118771, 47.609012], [-121.118745, 47.608945], [-121.118713, 47.608879], [-121.118674, 47.608815], [-121.11863, 47.608752], [-121.118582, 47.608692], [-121.11853, 47.608634], [-121.118474, 47.608578], [-121.118412, 47.608522], [-121.11835, 47.608469], [-121.118285, 47.608416], [-121.118223, 47.608365], [-121.118155, 47.60831], [-121.11809, 47.608257], [-121.118027, 47.608203], [-121.117954, 47.60815], [-121.117906, 47.608092], [-121.117901, 47.608026], [-121.117906, 47.607959], [-121.117918, 47.60789], [-121.117933, 47.60782], [-121.117946, 47.607752], [-121.117956, 47.607682], [-121.11796, 47.607613], [-121.117963, 47.607544], [-121.117967, 47.607474], [-121.117966, 47.607405], [-121.117958, 47.607336], [-121.117941, 47.60727], [-121.117909, 47.607208], [-121.117858, 47.607149], [-121.117793, 47.607094], [-121.117722, 47.607042], [-121.117651, 47.606993], [-121.117573, 47.606948], [-121.11749, 47.606908], [-121.117405, 47.606867], [-121.117326, 47.606824], [-121.117257, 47.606776], [-121.117199, 47.606721], [-121.117145, 47.606664], [-121.117096, 47.606604], [-121.11705, 47.606542], [-121.117007, 47.606479], [-121.116966, 47.606415], [-121.116926, 47.606352], [-121.116887, 47.606289], [-121.116852, 47.606224], [-121.11682, 47.60616], [-121.116789, 47.606094], [-121.116757, 47.606027], [-121.116728, 47.605963], [-121.116696, 47.605898], [-121.116663, 47.605834], [-121.116625, 47.60577], [-121.116582, 47.605708], [-121.116534, 47.605648], [-121.116483, 47.605588], [-121.116432, 47.605528], [-121.116385, 47.605467], [-121.116344, 47.605405], [-121.11631, 47.605341], [-121.116279, 47.605276], [-121.116251, 47.605209], [-121.116226, 47.605143], [-121.116201, 47.605076], [-121.116196, 47.605063], [-121.116176, 47.605009], [-121.116152, 47.604942], [-121.11613, 47.604884], [-121.116126, 47.604875], [-121.116098, 47.60481], [-121.116067, 47.604745], [-121.116033, 47.60468], [-121.115994, 47.604618], [-121.115953, 47.604554], [-121.115909, 47.604492], [-121.115863, 47.604428], [-121.115812, 47.604367], [-121.115759, 47.604308], [-121.115702, 47.604251], [-121.11564, 47.604197], [-121.115574, 47.604148], [-121.1155, 47.604104], [-121.115418, 47.604067], [-121.115327, 47.604034], [-121.115236, 47.604006], [-121.11514, 47.603978], [-121.115065, 47.603956], [-121.115045, 47.60395], [-121.114951, 47.603919], [-121.114864, 47.603885], [-121.114779, 47.603845], [-121.114697, 47.603803], [-121.114663, 47.603784], [-121.114616, 47.603759], [-121.114543, 47.603722], [-121.114534, 47.603717], [-121.114451, 47.603679], [-121.114364, 47.603646], [-121.114272, 47.603621], [-121.114176, 47.603605], [-121.114075, 47.603596], [-121.113973, 47.603591], [-121.113868, 47.603589], [-121.113764, 47.603587], [-121.11366, 47.603583], [-121.113559, 47.603576], [-121.113461, 47.603564], [-121.113368, 47.603543], [-121.11328, 47.603514], [-121.113196, 47.603477], [-121.113116, 47.603433], [-121.113039, 47.603386], [-121.112964, 47.603337], [-121.112889, 47.603288], [-121.112815, 47.603241], [-121.112741, 47.603195], [-121.112668, 47.603147], [-121.112595, 47.603099], [-121.112523, 47.60305], [-121.112453, 47.603001], [-121.112384, 47.602951], [-121.112317, 47.602899], [-121.112251, 47.602847], [-121.112188, 47.602794], [-121.112126, 47.602739], [-121.112066, 47.602687], [-121.112003, 47.602629], [-121.111944, 47.602572], [-121.111887, 47.602515], [-121.111834, 47.602456], [-121.111785, 47.602396], [-121.11174, 47.602335], [-121.111701, 47.602273], [-121.111663, 47.60221], [-121.111627, 47.602146], [-121.111591, 47.602082], [-121.111557, 47.602017], [-121.111524, 47.601952], [-121.111493, 47.601886], [-121.111462, 47.60182], [-121.111434, 47.601754], [-121.111407, 47.601687], [-121.111381, 47.601621], [-121.111358, 47.601554], [-121.111335, 47.601487], [-121.111315, 47.60142], [-121.111296, 47.601352], [-121.111279, 47.601285], [-121.111263, 47.601217], [-121.111246, 47.60115], [-121.11123, 47.601081], [-121.111225, 47.60106], [-121.111214, 47.601013], [-121.111198, 47.600944], [-121.111183, 47.600875], [-121.111168, 47.600806], [-121.111154, 47.600737], [-121.11114, 47.600668], [-121.111128, 47.600599], [-121.111117, 47.60053], [-121.111106, 47.600461], [-121.111098, 47.600391], [-121.111091, 47.600323], [-121.111085, 47.600254], [-121.111081, 47.600185], [-121.111079, 47.600117], [-121.111079, 47.600049], [-121.111081, 47.599982], [-121.111085, 47.599914], [-121.111092, 47.599847], [-121.111102, 47.599781], [-121.111115, 47.599715], [-121.111135, 47.59965], [-121.111162, 47.599586], [-121.111195, 47.599522], [-121.111233, 47.599459], [-121.111276, 47.599396], [-121.111321, 47.599334], [-121.11137, 47.599272], [-121.11142, 47.59921], [-121.111472, 47.599149], [-121.111524, 47.599088], [-121.111576, 47.599027], [-121.111624, 47.598969], [-121.111638, 47.598951], [-121.111675, 47.598905], [-121.111681, 47.598898], [-121.111721, 47.598844], [-121.111771, 47.598784], [-121.111826, 47.598725], [-121.111888, 47.598671], [-121.111957, 47.598621], [-121.112032, 47.598576], [-121.11211, 47.598532], [-121.11219, 47.59849], [-121.112271, 47.598448], [-121.112329, 47.598419], [-121.112353, 47.598407], [-121.112398, 47.598384], [-121.112435, 47.598365], [-121.112515, 47.598323], [-121.112592, 47.598279], [-121.112666, 47.598233], [-121.112737, 47.598185], [-121.112805, 47.598134], [-121.112869, 47.598081], [-121.112931, 47.598026], [-121.11299, 47.59797], [-121.113047, 47.597913], [-121.113102, 47.597855], [-121.113156, 47.597797], [-121.113208, 47.597739], [-121.113256, 47.597678], [-121.113302, 47.597617], [-121.113345, 47.597556], [-121.11339, 47.597493], [-121.113434, 47.597431], [-121.11348, 47.59737], [-121.113569, 47.597288], [-121.113624, 47.597226], [-121.113571, 47.597172], [-121.113511, 47.597119], [-121.113446, 47.597065], [-121.113378, 47.597011], [-121.113311, 47.596958], [-121.113244, 47.596903], [-121.113182, 47.596849], [-121.113122, 47.596793], [-121.113065, 47.596737], [-121.113009, 47.596679], [-121.112957, 47.596619], [-121.112911, 47.596553], [-121.112867, 47.596484], [-121.11282, 47.596419], [-121.112769, 47.596362], [-121.112707, 47.596318], [-121.112629, 47.596297], [-121.11253, 47.596306], [-121.112422, 47.596328], [-121.112314, 47.596345], [-121.112214, 47.596341], [-121.112116, 47.596321], [-121.11202, 47.596292], [-121.111931, 47.596256], [-121.111854, 47.596214], [-121.111785, 47.596163], [-121.111724, 47.596105], [-121.111677, 47.596042], [-121.111647, 47.595978], [-121.111637, 47.595912], [-121.111639, 47.595843], [-121.111645, 47.595772], [-121.11165, 47.595702], [-121.111645, 47.595634], [-121.111626, 47.595567], [-121.111597, 47.5955], [-121.11156, 47.595434], [-121.111514, 47.595372], [-121.111459, 47.595316], [-121.111391, 47.595268], [-121.111308, 47.595228], [-121.111219, 47.595192], [-121.111129, 47.595156], [-121.111048, 47.595115], [-121.11098, 47.595065], [-121.110916, 47.595011], [-121.110856, 47.594954], [-121.110803, 47.594893], [-121.110758, 47.594831], [-121.110724, 47.594769], [-121.110705, 47.594704], [-121.110703, 47.594636], [-121.110711, 47.594566], [-121.11072, 47.594496], [-121.110725, 47.594426], [-121.110723, 47.594358], [-121.11072, 47.594289], [-121.110716, 47.594221], [-121.110713, 47.594152], [-121.110711, 47.594084], [-121.110709, 47.594015], [-121.11071, 47.593946], [-121.110714, 47.593878], [-121.110724, 47.59381], [-121.110738, 47.593741], [-121.110754, 47.593672], [-121.110771, 47.593603], [-121.110787, 47.593534], [-121.1108, 47.593466], [-121.110807, 47.593398], [-121.110807, 47.593331], [-121.110797, 47.593264], [-121.110779, 47.593198], [-121.110755, 47.593132], [-121.110727, 47.593066], [-121.110694, 47.593], [-121.110657, 47.592935], [-121.110617, 47.592871], [-121.110573, 47.592807], [-121.110529, 47.592745], [-121.110482, 47.592684], [-121.110434, 47.592624], [-121.11038, 47.592567], [-121.110317, 47.592512], [-121.110248, 47.592461], [-121.110175, 47.592412], [-121.110097, 47.592367], [-121.110018, 47.592324], [-121.109933, 47.592279], [-121.109844, 47.592231], [-121.109753, 47.592184], [-121.109661, 47.592139], [-121.109569, 47.592101], [-121.10948, 47.59207], [-121.109395, 47.59205], [-121.109315, 47.592043], [-121.109244, 47.592059], [-121.109186, 47.592106], [-121.109134, 47.592172], [-121.109083, 47.592246], [-121.109027, 47.592318], [-121.108962, 47.592375], [-121.108882, 47.592409], [-121.108785, 47.592437], [-121.108677, 47.592459], [-121.108566, 47.592472], [-121.108458, 47.592475], [-121.108358, 47.592466], [-121.108274, 47.592442], [-121.108199, 47.592407], [-121.108128, 47.592364], [-121.108061, 47.592315], [-121.107996, 47.592261], [-121.107935, 47.592202], [-121.107876, 47.592142], [-121.107818, 47.59208], [-121.107762, 47.592018], [-121.107707, 47.591957], [-121.107653, 47.591898], [-121.107603, 47.591839], [-121.107558, 47.591778], [-121.107517, 47.591715], [-121.107478, 47.591652], [-121.107439, 47.591588], [-121.107398, 47.591525], [-121.107355, 47.591463], [-121.107309, 47.591402], [-121.107264, 47.59134], [-121.107218, 47.591278], [-121.107173, 47.591216], [-121.107126, 47.591154], [-121.107078, 47.591094], [-121.107014, 47.591021], [-121.106972, 47.590977], [-121.106914, 47.590922], [-121.106851, 47.590869], [-121.106785, 47.590818], [-121.106717, 47.590768], [-121.106647, 47.590718], [-121.106575, 47.59067], [-121.106501, 47.590622], [-121.106426, 47.590576], [-121.10635, 47.59053], [-121.106272, 47.590485], [-121.106195, 47.59044], [-121.106117, 47.590396], [-121.106038, 47.590353], [-121.10596, 47.590309], [-121.105881, 47.590266], [-121.105802, 47.590222], [-121.105723, 47.590179], [-121.105642, 47.590136], [-121.105562, 47.590094], [-121.10548, 47.590053], [-121.105398, 47.590012], [-121.105315, 47.589972], [-121.105231, 47.589934], [-121.105147, 47.589896], [-121.105086, 47.589871], [-121.105061, 47.589861], [-121.104974, 47.589827], [-121.104886, 47.589794], [-121.104796, 47.589763], [-121.104704, 47.589734], [-121.10461, 47.589705], [-121.104515, 47.589678], [-121.104419, 47.589653], [-121.104322, 47.58963], [-121.104224, 47.589609], [-121.104126, 47.58959], [-121.104027, 47.589573], [-121.103928, 47.58956], [-121.103829, 47.589549], [-121.10373, 47.589541], [-121.103629, 47.589535], [-121.103526, 47.589531], [-121.103421, 47.58953], [-121.103316, 47.58953], [-121.103211, 47.589534], [-121.103106, 47.58954], [-121.103003, 47.589549], [-121.102902, 47.589561], [-121.102804, 47.589576], [-121.102709, 47.589594], [-121.102619, 47.589616], [-121.102536, 47.589645], [-121.102461, 47.589687], [-121.102394, 47.589739], [-121.102332, 47.589797], [-121.102273, 47.589859], [-121.102216, 47.589921], [-121.102159, 47.589979], [-121.102107, 47.590038], [-121.102062, 47.5901], [-121.10202, 47.590164], [-121.101976, 47.590226], [-121.101924, 47.590284], [-121.10185, 47.590329], [-121.101753, 47.590354], [-121.101654, 47.590369], [-121.101555, 47.590383], [-121.101456, 47.590395], [-121.101356, 47.590406], [-121.101255, 47.590417], [-121.101155, 47.590427], [-121.101054, 47.590436], [-121.100953, 47.590445], [-121.100853, 47.590453], [-121.100752, 47.590461], [-121.100651, 47.590468], [-121.10055, 47.590475], [-121.100449, 47.590481], [-121.100347, 47.590486], [-121.100247, 47.59049], [-121.100145, 47.590492], [-121.100045, 47.590493], [-121.099942, 47.590492], [-121.099838, 47.590492], [-121.099733, 47.59049], [-121.099629, 47.590486], [-121.099527, 47.590477], [-121.09943, 47.590462], [-121.099338, 47.59044], [-121.099254, 47.590408], [-121.099178, 47.590365], [-121.099107, 47.590316], [-121.099038, 47.590262], [-121.098969, 47.590208], [-121.098897, 47.590157], [-121.098821, 47.590112], [-121.098736, 47.590076], [-121.098648, 47.590044], [-121.098557, 47.590016], [-121.098463, 47.58999], [-121.098368, 47.589966], [-121.098271, 47.589943], [-121.098173, 47.589922], [-121.098075, 47.589901], [-121.097978, 47.589881], [-121.097881, 47.58986], [-121.097784, 47.589841], [-121.097686, 47.589823], [-121.097587, 47.589807], [-121.097487, 47.589792], [-121.097388, 47.589777], [-121.09729, 47.589762], [-121.097192, 47.589744], [-121.097095, 47.589724], [-121.097001, 47.589701], [-121.096909, 47.589674], [-121.096819, 47.589642], [-121.096731, 47.589607], [-121.096644, 47.589571], [-121.096557, 47.589536], [-121.096469, 47.589502], [-121.096379, 47.589469], [-121.09629, 47.589435], [-121.096206, 47.589397], [-121.096128, 47.589354], [-121.096053, 47.589308], [-121.09598, 47.58926], [-121.095909, 47.589211], [-121.095841, 47.589159], [-121.095776, 47.589106], [-121.095716, 47.589052], [-121.095659, 47.588995], [-121.095604, 47.588937], [-121.095551, 47.588878], [-121.095502, 47.588818], [-121.095456, 47.588756], [-121.095414, 47.588694], [-121.095375, 47.588631], [-121.095341, 47.588567], [-121.095311, 47.588502], [-121.095283, 47.588436], [-121.095258, 47.588369], [-121.095233, 47.588302], [-121.09521, 47.588235], [-121.095186, 47.588169], [-121.09516, 47.588102], [-121.095133, 47.588036], [-121.095103, 47.58797], [-121.095073, 47.587905], [-121.09504, 47.58784], [-121.095007, 47.587775], [-121.094971, 47.587711], [-121.094932, 47.587648], [-121.09489, 47.587586], [-121.094845, 47.587524], [-121.094798, 47.587464], [-121.094749, 47.587404], [-121.094698, 47.587344], [-121.094647, 47.587285], [-121.094595, 47.587226], [-121.094544, 47.587166], [-121.094494, 47.587105], [-121.094444, 47.587044], [-121.094391, 47.586985], [-121.094332, 47.586929], [-121.094266, 47.586879], [-121.094192, 47.586835], [-121.09411, 47.586797], [-121.094022, 47.586763], [-121.09393, 47.586731], [-121.093836, 47.586702], [-121.093742, 47.586673], [-121.093651, 47.586643], [-121.093556, 47.586617], [-121.093459, 47.586593], [-121.093361, 47.58657], [-121.093264, 47.586547], [-121.09317, 47.58652], [-121.093082, 47.58649], [-121.093002, 47.586453], [-121.092935, 47.586404], [-121.092879, 47.586346], [-121.092829, 47.586284], [-121.092782, 47.586221], [-121.092732, 47.586161], [-121.092683, 47.586101], [-121.092634, 47.586041], [-121.092587, 47.58598], [-121.092539, 47.585919], [-121.092494, 47.585858], [-121.09245, 47.585796], [-121.092407, 47.585734], [-121.092366, 47.585672], [-121.092325, 47.585609], [-121.092284, 47.585545], [-121.092244, 47.585481], [-121.092207, 47.585417], [-121.092173, 47.585352], [-121.092144, 47.585287], [-121.092122, 47.585221], [-121.092106, 47.585154], [-121.092097, 47.585086], [-121.092095, 47.585018], [-121.092097, 47.584949], [-121.092102, 47.58488], [-121.09211, 47.58481], [-121.092119, 47.584741], [-121.092128, 47.584673], [-121.09214, 47.584605], [-121.092155, 47.584538], [-121.092173, 47.58447], [-121.092191, 47.584403], [-121.09221, 47.584335], [-121.092228, 47.584268], [-121.092244, 47.5842], [-121.092258, 47.584132], [-121.092271, 47.584064], [-121.092285, 47.583996], [-121.092297, 47.583928], [-121.092308, 47.58386], [-121.092317, 47.583791], [-121.092322, 47.583723], [-121.092323, 47.583655], [-121.092319, 47.583586], [-121.092313, 47.583518], [-121.092308, 47.583449], [-121.092307, 47.583381], [-121.092313, 47.583312], [-121.092324, 47.583244], [-121.092339, 47.583176], [-121.092354, 47.583108], [-121.092368, 47.58304], [-121.092377, 47.582972], [-121.092384, 47.582904], [-121.09239, 47.582835], [-121.092395, 47.582767], [-121.092399, 47.582698], [-121.092402, 47.58263], [-121.092404, 47.582561], [-121.092405, 47.582493], [-121.092405, 47.582424], [-121.092404, 47.582356], [-121.092402, 47.582287], [-121.092396, 47.582218], [-121.092389, 47.58215], [-121.092377, 47.582082], [-121.092363, 47.582013], [-121.092349, 47.581941], [-121.09233, 47.581872], [-121.092299, 47.581807], [-121.092252, 47.581751], [-121.092184, 47.581706], [-121.092099, 47.581668], [-121.092005, 47.581636], [-121.09191, 47.581604], [-121.091821, 47.581569], [-121.091733, 47.581534], [-121.091644, 47.581501], [-121.091555, 47.581467], [-121.091468, 47.581432], [-121.091383, 47.581395], [-121.091304, 47.581354], [-121.091233, 47.581306], [-121.091166, 47.581254], [-121.091102, 47.5812], [-121.091037, 47.581147], [-121.090966, 47.581098], [-121.090875, 47.581059], [-121.09077, 47.581026], [-121.090681, 47.58099], [-121.090635, 47.580942], [-121.09063, 47.580882], [-121.090641, 47.580818], [-121.090665, 47.58075], [-121.090697, 47.58068], [-121.090733, 47.58061], [-121.090767, 47.580541], [-121.090797, 47.580474], [-121.090826, 47.580408], [-121.090858, 47.580343], [-121.09089, 47.580278], [-121.090924, 47.580213], [-121.090957, 47.580148], [-121.090989, 47.580083], [-121.091018, 47.580017], [-121.091043, 47.579951], [-121.091064, 47.579884], [-121.091082, 47.579817], [-121.091099, 47.579748], [-121.091113, 47.57968], [-121.091124, 47.579611], [-121.091131, 47.579542], [-121.091134, 47.579473], [-121.091131, 47.579405], [-121.091123, 47.579338], [-121.091104, 47.579272], [-121.091074, 47.579207], [-121.091035, 47.579142], [-121.090993, 47.579078], [-121.090949, 47.579015], [-121.090906, 47.578953], [-121.090863, 47.578891], [-121.09082, 47.578828], [-121.090776, 47.578765], [-121.090732, 47.578703], [-121.090687, 47.578641], [-121.09064, 47.578579], [-121.090592, 47.578519], [-121.090541, 47.57846], [-121.090488, 47.578402], [-121.090432, 47.578346], [-121.090372, 47.578292], [-121.090301, 47.578245], [-121.09022, 47.578202], [-121.090133, 47.578162], [-121.090045, 47.578124], [-121.089959, 47.578085], [-121.08988, 47.578043], [-121.089811, 47.577996], [-121.089761, 47.57794], [-121.089733, 47.577874], [-121.089718, 47.577803], [-121.089709, 47.577732], [-121.089706, 47.577662], [-121.089722, 47.577588], [-121.08974, 47.577514], [-121.089746, 47.577444], [-121.089722, 47.577385], [-121.089664, 47.577337], [-121.089595, 47.577294], [-121.089518, 47.577253], [-121.089434, 47.577215], [-121.089345, 47.577179], [-121.089254, 47.577143], [-121.089161, 47.577108], [-121.089068, 47.577072], [-121.088979, 47.577035], [-121.088893, 47.576996], [-121.088812, 47.576954], [-121.08873, 47.576913], [-121.088648, 47.576871], [-121.088566, 47.576828], [-121.088487, 47.576783], [-121.088413, 47.576737], [-121.088344, 47.576688], [-121.088323, 47.576669], [-121.088281, 47.576635], [-121.088227, 47.57658], [-121.088182, 47.57652], [-121.088144, 47.576457], [-121.088111, 47.576391], [-121.088081, 47.576325], [-121.088052, 47.576257], [-121.088021, 47.576191], [-121.087988, 47.576126], [-121.087952, 47.576061], [-121.087916, 47.575997], [-121.087879, 47.575933], [-121.087842, 47.575869], [-121.087805, 47.575805], [-121.08777, 47.575741], [-121.087735, 47.575676], [-121.087703, 47.575611], [-121.087674, 47.575546], [-121.087647, 47.57548], [-121.087623, 47.575414], [-121.087603, 47.575347], [-121.087585, 47.575279], [-121.087568, 47.575211], [-121.087554, 47.575143], [-121.08754, 47.575074], [-121.087528, 47.575006], [-121.087516, 47.574937], [-121.087503, 47.574869], [-121.08749, 47.5748], [-121.087476, 47.574732], [-121.08746, 47.574664], [-121.087443, 47.574597], [-121.087423, 47.574531], [-121.087401, 47.574465], [-121.087374, 47.5744], [-121.087333, 47.574334], [-121.087275, 47.574272], [-121.087203, 47.57422], [-121.087122, 47.574184], [-121.087033, 47.574163], [-121.086936, 47.574152], [-121.086833, 47.574146], [-121.086729, 47.574143], [-121.086623, 47.57414], [-121.086519, 47.574135], [-121.086417, 47.574124], [-121.0863, 47.574112], [-121.086174, 47.574101], [-121.086053, 47.574087], [-121.08595, 47.574071], [-121.085877, 47.574049], [-121.085848, 47.574021], [-121.085873, 47.573983], [-121.08594, 47.573938], [-121.086036, 47.573888], [-121.086143, 47.573838], [-121.086244, 47.573793], [-121.08633, 47.573755], [-121.086419, 47.573721], [-121.086509, 47.57369], [-121.0866, 47.573659], [-121.086691, 47.573629], [-121.086781, 47.573597], [-121.086868, 47.573562], [-121.086951, 47.573523], [-121.087032, 47.573482], [-121.08711, 47.573438], [-121.087186, 47.573392], [-121.08726, 47.573345], [-121.087332, 47.573297], [-121.087401, 47.573247], [-121.087468, 47.573195], [-121.087532, 47.573141], [-121.087594, 47.573087], [-121.087656, 47.573032], [-121.087719, 47.572977], [-121.087783, 47.572924], [-121.087849, 47.572873], [-121.087919, 47.572824], [-121.087995, 47.57278], [-121.08808, 47.572745], [-121.088172, 47.572714], [-121.088265, 47.572684], [-121.088355, 47.572651], [-121.088438, 47.572613], [-121.088518, 47.572571], [-121.088596, 47.572528], [-121.088674, 47.572483], [-121.08875, 47.572438], [-121.088824, 47.572391], [-121.088898, 47.572344], [-121.08897, 47.572296], [-121.089042, 47.572247], [-121.089113, 47.572198], [-121.089182, 47.572147], [-121.089249, 47.572095], [-121.089313, 47.572042], [-121.089372, 47.571986], [-121.089427, 47.571929], [-121.08948, 47.571871], [-121.089532, 47.571812], [-121.089583, 47.571753], [-121.089633, 47.571693], [-121.089681, 47.571632], [-121.089728, 47.571571], [-121.089772, 47.571509], [-121.089815, 47.571447], [-121.089856, 47.571384], [-121.089895, 47.571321], [-121.089933, 47.571258], [-121.089971, 47.571193], [-121.090009, 47.571129], [-121.090046, 47.571064], [-121.090081, 47.570999], [-121.090115, 47.570933], [-121.090147, 47.570867], [-121.090176, 47.570801], [-121.090202, 47.570735], [-121.090225, 47.570669], [-121.090244, 47.570602], [-121.090258, 47.570536], [-121.090266, 47.570469], [-121.090269, 47.570401], [-121.090265, 47.570332], [-121.090256, 47.570263], [-121.090241, 47.570193], [-121.090221, 47.570124], [-121.090198, 47.570056], [-121.09017, 47.569989], [-121.090139, 47.569924], [-121.090105, 47.56986], [-121.090065, 47.569798], [-121.09002, 47.569738], [-121.089972, 47.569678], [-121.089919, 47.569619], [-121.089864, 47.569561], [-121.089808, 47.569503], [-121.089751, 47.569445], [-121.089694, 47.569387], [-121.089638, 47.56933], [-121.089584, 47.569272], [-121.089529, 47.569214], [-121.089472, 47.569157], [-121.089413, 47.569101], [-121.089354, 47.569044], [-121.089296, 47.568988], [-121.089238, 47.568932], [-121.089181, 47.568875], [-121.089128, 47.568817], [-121.089076, 47.568758], [-121.089029, 47.568698], [-121.088985, 47.568637], [-121.088946, 47.568574], [-121.08891, 47.56851], [-121.088876, 47.568446], [-121.088844, 47.56838], [-121.088814, 47.568315], [-121.088784, 47.568249], [-121.088754, 47.568183], [-121.088723, 47.568118], [-121.08869, 47.568052], [-121.088656, 47.567988], [-121.088618, 47.567924], [-121.088578, 47.567862], [-121.088535, 47.5678], [-121.088491, 47.567738], [-121.088445, 47.567677], [-121.088398, 47.567616], [-121.088351, 47.567555], [-121.088303, 47.567494], [-121.088256, 47.567433], [-121.088209, 47.567372], [-121.088163, 47.567311], [-121.088118, 47.56725], [-121.088075, 47.567188], [-121.088034, 47.567126], [-121.087995, 47.567063], [-121.087961, 47.566998], [-121.087937, 47.566931], [-121.087918, 47.566862], [-121.087902, 47.566793], [-121.087885, 47.566724], [-121.087865, 47.566656], [-121.087837, 47.566591], [-121.087799, 47.56653], [-121.087749, 47.566473], [-121.08769, 47.566419], [-121.087623, 47.566367], [-121.08755, 47.566318], [-121.087473, 47.566271], [-121.087395, 47.566224], [-121.087317, 47.566179], [-121.08724, 47.566135], [-121.08716, 47.566093], [-121.087077, 47.566053], [-121.086992, 47.566015], [-121.086907, 47.565977], [-121.086822, 47.565939], [-121.086741, 47.565899], [-121.086662, 47.565856], [-121.086589, 47.565809], [-121.08652, 47.565759], [-121.086456, 47.565706], [-121.086395, 47.56565], [-121.086337, 47.565594], [-121.086282, 47.565536], [-121.086233, 47.565476], [-121.086189, 47.565414], [-121.086145, 47.565351], [-121.0861, 47.565289], [-121.086051, 47.565229], [-121.085996, 47.565173], [-121.085931, 47.565121], [-121.08586, 47.565073], [-121.085785, 47.565027], [-121.085707, 47.564982], [-121.085627, 47.564939], [-121.085547, 47.564896], [-121.085469, 47.564852], [-121.085392, 47.564806], [-121.085321, 47.564758], [-121.085255, 47.564707], [-121.085196, 47.564652], [-121.085144, 47.564593], [-121.085096, 47.564533], [-121.08505, 47.564471], [-121.085003, 47.564409], [-121.084954, 47.564349], [-121.084907, 47.564288], [-121.084862, 47.564226], [-121.084817, 47.564163], [-121.08477, 47.564102], [-121.084718, 47.564044], [-121.084659, 47.563989], [-121.084592, 47.56394], [-121.084518, 47.563894], [-121.084439, 47.563851], [-121.084358, 47.563809], [-121.084275, 47.563768], [-121.084193, 47.563727], [-121.084113, 47.563685], [-121.084036, 47.56364], [-121.083959, 47.563595], [-121.083881, 47.56355], [-121.083803, 47.563505], [-121.083712, 47.563451], [-121.08365, 47.563414], [-121.083576, 47.563367], [-121.083504, 47.563319], [-121.083435, 47.563269], [-121.083369, 47.563218], [-121.083311, 47.563164], [-121.083264, 47.563103], [-121.083226, 47.563039], [-121.08319, 47.562974], [-121.083152, 47.562909], [-121.083107, 47.562848], [-121.083052, 47.562791], [-121.082991, 47.562736], [-121.082927, 47.562683], [-121.082859, 47.562632], [-121.08279, 47.562581], [-121.082719, 47.562532], [-121.082647, 47.562484], [-121.08257, 47.56244], [-121.08249, 47.562397], [-121.082411, 47.562355], [-121.082333, 47.56231], [-121.082258, 47.562264], [-121.08218, 47.562218], [-121.082142, 47.562197], [-121.0821, 47.562173], [-121.082021, 47.562127], [-121.081945, 47.562079], [-121.081876, 47.56203], [-121.081813, 47.561978], [-121.081761, 47.561923], [-121.081724, 47.561862], [-121.081701, 47.561797], [-121.081689, 47.561727], [-121.081683, 47.561656], [-121.081677, 47.561585], [-121.081668, 47.561516], [-121.081663, 47.561447], [-121.081663, 47.561377], [-121.081663, 47.561307], [-121.081656, 47.561239], [-121.081637, 47.561174], [-121.081604, 47.56111], [-121.081561, 47.561049], [-121.08151, 47.560988], [-121.081453, 47.56093], [-121.081394, 47.560873], [-121.081332, 47.560819], [-121.081267, 47.560766], [-121.081197, 47.560714], [-121.081122, 47.560666], [-121.081041, 47.560624], [-121.080957, 47.560591], [-121.080861, 47.560574], [-121.080757, 47.560568], [-121.080653, 47.560561], [-121.080557, 47.560542], [-121.080466, 47.56051], [-121.080379, 47.560472], [-121.080301, 47.560427], [-121.080236, 47.560375], [-121.080184, 47.560318], [-121.080139, 47.560255], [-121.080099, 47.56019], [-121.080059, 47.560125], [-121.080015, 47.560062], [-121.079963, 47.560005], [-121.0799, 47.559954], [-121.079826, 47.55991], [-121.079743, 47.559872], [-121.079655, 47.559837], [-121.079564, 47.559804], [-121.079472, 47.559771], [-121.079382, 47.559738], [-121.079293, 47.559703], [-121.0792, 47.559672], [-121.079107, 47.559641], [-121.079023, 47.559604], [-121.078953, 47.559558], [-121.078892, 47.559504], [-121.078835, 47.559447], [-121.078784, 47.559386], [-121.078738, 47.559323], [-121.078698, 47.55926], [-121.078665, 47.559195], [-121.078635, 47.55913], [-121.07861, 47.559064], [-121.078589, 47.558996], [-121.078571, 47.558928], [-121.078557, 47.55886], [-121.078545, 47.558791], [-121.078535, 47.558723], [-121.078533, 47.558655], [-121.078539, 47.558586], [-121.07855, 47.558518], [-121.07856, 47.558449], [-121.078566, 47.558381], [-121.078562, 47.558313], [-121.078545, 47.558246], [-121.078519, 47.558179], [-121.078492, 47.558112], [-121.078469, 47.558046], [-121.078452, 47.557978], [-121.078438, 47.55791], [-121.078425, 47.557842], [-121.078412, 47.557774], [-121.078396, 47.557706], [-121.078381, 47.557638], [-121.078368, 47.55757], [-121.078356, 47.557501], [-121.078344, 47.557432], [-121.078331, 47.557364], [-121.078318, 47.557295], [-121.078304, 47.557227], [-121.078288, 47.557159], [-121.078269, 47.557092], [-121.078247, 47.557026], [-121.078222, 47.55696], [-121.078192, 47.556896], [-121.078149, 47.556835], [-121.078094, 47.556778], [-121.078031, 47.556723], [-121.077964, 47.556669], [-121.077899, 47.556614], [-121.07784, 47.556557], [-121.077793, 47.556498], [-121.07776, 47.556434], [-121.077732, 47.556368], [-121.077711, 47.5563], [-121.077694, 47.556231], [-121.077682, 47.556161], [-121.077674, 47.556092], [-121.07767, 47.556024], [-121.077672, 47.555958], [-121.077733, 47.555903], [-121.077793, 47.555845], [-121.077835, 47.55578], [-121.077858, 47.555714], [-121.077848, 47.555648], [-121.077824, 47.555581], [-121.077791, 47.555514], [-121.077751, 47.55545], [-121.077707, 47.555389], [-121.077655, 47.55533], [-121.077599, 47.555273], [-121.077541, 47.555216], [-121.077483, 47.55516], [-121.077427, 47.555103], [-121.077369, 47.555047], [-121.077308, 47.554992], [-121.077244, 47.554939], [-121.077173, 47.554889], [-121.077102, 47.554839], [-121.077036, 47.554788], [-121.07698, 47.554732], [-121.076935, 47.554671], [-121.076896, 47.554607], [-121.076859, 47.554543], [-121.076817, 47.55448], [-121.07677, 47.554419], [-121.076721, 47.554359], [-121.076673, 47.554299], [-121.076625, 47.554239], [-121.076579, 47.554178], [-121.076537, 47.554115], [-121.076496, 47.554052], [-121.076458, 47.553989], [-121.076422, 47.553924], [-121.076392, 47.553859], [-121.076367, 47.553793], [-121.076347, 47.553726], [-121.07633, 47.553658], [-121.076316, 47.55359], [-121.076302, 47.553522], [-121.07629, 47.553454], [-121.076276, 47.553386], [-121.07626, 47.553318], [-121.076241, 47.553251], [-121.07622, 47.553184], [-121.076199, 47.553117], [-121.076177, 47.55305], [-121.076154, 47.552983], [-121.076131, 47.552917], [-121.076108, 47.55285], [-121.076086, 47.552783], [-121.076064, 47.552716], [-121.076045, 47.552649], [-121.076026, 47.552581], [-121.076007, 47.552514], [-121.075986, 47.552447], [-121.075962, 47.55238], [-121.07594, 47.552314], [-121.075917, 47.552247], [-121.075894, 47.55218], [-121.07587, 47.552113], [-121.075846, 47.552046], [-121.075821, 47.55198], [-121.075795, 47.551914], [-121.075768, 47.551848], [-121.075739, 47.551782], [-121.075708, 47.551717], [-121.075675, 47.551652], [-121.075639, 47.551587], [-121.075599, 47.551524], [-121.075554, 47.551462], [-121.075504, 47.551403], [-121.07545, 47.551344], [-121.075397, 47.551284], [-121.075343, 47.551222], [-121.075287, 47.551161], [-121.07523, 47.551101], [-121.07517, 47.551043], [-121.075107, 47.550988], [-121.075041, 47.550937], [-121.07497, 47.550891], [-121.074895, 47.550852], [-121.074814, 47.550819], [-121.074725, 47.550793], [-121.07463, 47.550772], [-121.074529, 47.550757], [-121.074426, 47.550747], [-121.074319, 47.55074], [-121.074213, 47.550736], [-121.074107, 47.550735], [-121.074003, 47.550735], [-121.073904, 47.550735], [-121.073808, 47.550748], [-121.073714, 47.550777], [-121.073624, 47.550816], [-121.073539, 47.550855], [-121.073457, 47.550897], [-121.073378, 47.550943], [-121.0733, 47.550992], [-121.073224, 47.551042], [-121.073146, 47.55109], [-121.073068, 47.551134], [-121.072987, 47.551174], [-121.072903, 47.551205], [-121.072815, 47.551228], [-121.072722, 47.551239], [-121.072624, 47.551239], [-121.072523, 47.551232], [-121.07242, 47.551219], [-121.072316, 47.551202], [-121.072213, 47.551183], [-121.072111, 47.551165], [-121.072012, 47.55115], [-121.071913, 47.551135], [-121.071814, 47.551119], [-121.071714, 47.551104], [-121.071615, 47.551088], [-121.071516, 47.551071], [-121.071417, 47.551054], [-121.071319, 47.551036], [-121.071221, 47.551017], [-121.071125, 47.550997], [-121.071029, 47.550975], [-121.070934, 47.550953], [-121.070841, 47.550928], [-121.07075, 47.550901], [-121.070664, 47.550866], [-121.070584, 47.550825], [-121.070506, 47.550779], [-121.07043, 47.550732], [-121.070353, 47.550686], [-121.070276, 47.550642], [-121.070198, 47.550598], [-121.07012, 47.550553], [-121.070044, 47.550509], [-121.069968, 47.550463], [-121.069894, 47.550416], [-121.069821, 47.550369], [-121.069752, 47.550319], [-121.069684, 47.550267], [-121.069618, 47.550214], [-121.069553, 47.550161], [-121.069487, 47.550108], [-121.069419, 47.550056], [-121.069349, 47.550007], [-121.069276, 47.549961], [-121.069198, 47.549918], [-121.069116, 47.549879], [-121.069033, 47.549842], [-121.068947, 47.549806], [-121.06886, 47.549771], [-121.068771, 47.549738], [-121.068681, 47.549706], [-121.06859, 47.549675], [-121.068498, 47.549644], [-121.068407, 47.549614], [-121.068314, 47.549585], [-121.068222, 47.549556], [-121.068131, 47.549526], [-121.068038, 47.549498], [-121.067944, 47.549472], [-121.06785, 47.549448], [-121.067753, 47.549425], [-121.067657, 47.549403], [-121.067561, 47.54938], [-121.067466, 47.549356], [-121.067372, 47.549331], [-121.06728, 47.549303], [-121.06719, 47.549273], [-121.067103, 47.549239], [-121.067016, 47.549204], [-121.066931, 47.549167], [-121.066847, 47.549129], [-121.066763, 47.54909], [-121.06668, 47.54905], [-121.066598, 47.54901], [-121.066517, 47.548969], [-121.066436, 47.548927], [-121.066355, 47.548885], [-121.066275, 47.548843], [-121.066195, 47.548801], [-121.066113, 47.54876], [-121.066028, 47.548718], [-121.065943, 47.548675], [-121.065862, 47.54863], [-121.065788, 47.548583], [-121.065725, 47.548532], [-121.065678, 47.548476], [-121.065654, 47.548414], [-121.065649, 47.548346], [-121.065654, 47.548274], [-121.065659, 47.548202], [-121.065655, 47.548131], [-121.065633, 47.548065], [-121.065599, 47.548002], [-121.065558, 47.547939], [-121.065511, 47.547878], [-121.065461, 47.547817], [-121.065413, 47.547763], [-121.065355, 47.547699], [-121.065302, 47.547641], [-121.065246, 47.547584], [-121.065188, 47.547528], [-121.065127, 47.547472], [-121.065066, 47.547418], [-121.065003, 47.547364], [-121.064941, 47.54731], [-121.064879, 47.547256], [-121.064816, 47.547202], [-121.064752, 47.547148], [-121.064687, 47.547096], [-121.064619, 47.547045], [-121.064548, 47.546996], [-121.064475, 47.546949], [-121.0644, 47.546902], [-121.064322, 47.546858], [-121.064242, 47.546815], [-121.06416, 47.546775], [-121.064076, 47.546739], [-121.063986, 47.546707], [-121.063893, 47.54668], [-121.063798, 47.546656], [-121.063702, 47.546632], [-121.063608, 47.546606], [-121.063514, 47.546581], [-121.06342, 47.546555], [-121.063326, 47.54653], [-121.063232, 47.546505], [-121.063138, 47.546479], [-121.063045, 47.546452], [-121.062952, 47.546425], [-121.062859, 47.546398], [-121.062766, 47.546371], [-121.062674, 47.546342], [-121.062583, 47.546313], [-121.062492, 47.546282], [-121.062403, 47.546249], [-121.062315, 47.546215], [-121.062291, 47.546206], [-121.062227, 47.546181], [-121.062141, 47.546145], [-121.062056, 47.546108], [-121.061971, 47.546071], [-121.061888, 47.546032], [-121.061808, 47.545989], [-121.061732, 47.545944], [-121.061656, 47.545899], [-121.061577, 47.545856], [-121.061494, 47.545816], [-121.061409, 47.545778], [-121.061325, 47.545739], [-121.061243, 47.545699], [-121.061165, 47.545657], [-121.061091, 47.54561], [-121.061021, 47.54556], [-121.060954, 47.545508], [-121.060891, 47.545453], [-121.060832, 47.545397], [-121.06078, 47.54534], [-121.060739, 47.545278], [-121.060707, 47.545212], [-121.060677, 47.545146], [-121.060644, 47.545081], [-121.060605, 47.545017], [-121.060563, 47.544955], [-121.060518, 47.544892], [-121.060476, 47.54483], [-121.060438, 47.544766], [-121.060408, 47.544702], [-121.060388, 47.544635], [-121.060379, 47.544566], [-121.060377, 47.544496], [-121.060377, 47.544426], [-121.060376, 47.544356], [-121.060367, 47.544288], [-121.060348, 47.544223], [-121.060311, 47.544162], [-121.060251, 47.544107], [-121.060179, 47.544055], [-121.060107, 47.544003], [-121.060045, 47.543948], [-121.060005, 47.543888], [-121.059977, 47.543822], [-121.059956, 47.543754], [-121.059945, 47.543684], [-121.059941, 47.543613], [-121.059946, 47.543545], [-121.059961, 47.543479], [-121.059988, 47.543414], [-121.060024, 47.54335], [-121.060066, 47.543286], [-121.060107, 47.543222], [-121.060143, 47.543157], [-121.060171, 47.543091], [-121.060186, 47.543024], [-121.06019, 47.542955], [-121.06019, 47.542885], [-121.060191, 47.542816], [-121.060199, 47.542748], [-121.060218, 47.542682], [-121.060252, 47.542618], [-121.060296, 47.542557], [-121.060346, 47.542496], [-121.060396, 47.542436], [-121.060444, 47.542375], [-121.060487, 47.542312], [-121.060533, 47.542248], [-121.060576, 47.542184], [-121.06061, 47.54212], [-121.060626, 47.542055], [-121.060618, 47.541982], [-121.060585, 47.541907], [-121.060528, 47.541855], [-121.060446, 47.541835], [-121.060346, 47.541829], [-121.060235, 47.541835], [-121.060127, 47.541851], [-121.06003, 47.541874], [-121.059944, 47.541905], [-121.059861, 47.541943], [-121.059781, 47.541986], [-121.059701, 47.542031], [-121.059622, 47.542076], [-121.05954, 47.542118], [-121.059456, 47.542161], [-121.05937, 47.542212], [-121.059284, 47.542261], [-121.059198, 47.542301], [-121.059113, 47.542322], [-121.05903, 47.542316], [-121.058949, 47.542291], [-121.058868, 47.542253], [-121.058788, 47.542206], [-121.058709, 47.542153], [-121.05863, 47.5421], [-121.058551, 47.542051], [-121.058471, 47.542008], [-121.058391, 47.541965], [-121.058315, 47.54192], [-121.058246, 47.541871], [-121.05818, 47.541819], [-121.058117, 47.541764], [-121.058058, 47.541708], [-121.058007, 47.541649], [-121.057961, 47.541589], [-121.05792, 47.541526], [-121.057881, 47.541463], [-121.057843, 47.541399], [-121.057804, 47.541335], [-121.057762, 47.541273], [-121.057717, 47.541212], [-121.057672, 47.54115], [-121.057625, 47.54109], [-121.057577, 47.541029], [-121.057528, 47.540969], [-121.057479, 47.540909], [-121.057429, 47.54085], [-121.057378, 47.540791], [-121.057325, 47.540732], [-121.057269, 47.540675], [-121.057212, 47.540618], [-121.057153, 47.540563], [-121.057094, 47.540507], [-121.057035, 47.540451], [-121.056975, 47.540395], [-121.056915, 47.54034], [-121.056852, 47.540286], [-121.056789, 47.540233], [-121.056724, 47.54018], [-121.056656, 47.54013], [-121.056586, 47.540081], [-121.056514, 47.540033], [-121.05644, 47.539986], [-121.056365, 47.539939], [-121.05629, 47.539893], [-121.056214, 47.539848], [-121.056137, 47.539803], [-121.05606, 47.539758], [-121.055984, 47.539713], [-121.055907, 47.539668], [-121.055827, 47.539626], [-121.055746, 47.539585], [-121.055667, 47.539542], [-121.05559, 47.539498], [-121.055518, 47.53945], [-121.05545, 47.539399], [-121.055384, 47.539347], [-121.055319, 47.539294], [-121.055257, 47.53924], [-121.055196, 47.539185], [-121.055137, 47.539129], [-121.055082, 47.539072], [-121.055032, 47.539012], [-121.054987, 47.538951], [-121.054942, 47.538889], [-121.054895, 47.538828], [-121.054842, 47.53877], [-121.054789, 47.538711], [-121.054736, 47.538651], [-121.054683, 47.538592], [-121.054629, 47.538532], [-121.054574, 47.538474], [-121.054515, 47.538417], [-121.054454, 47.538363], [-121.05439, 47.538312], [-121.054321, 47.538265], [-121.054243, 47.538221], [-121.054157, 47.538182], [-121.054064, 47.538149], [-121.053968, 47.538121], [-121.05387, 47.5381], [-121.053773, 47.538086], [-121.053675, 47.538089], [-121.053573, 47.538107], [-121.05347, 47.538131], [-121.053369, 47.53815], [-121.053274, 47.538153], [-121.053185, 47.538133], [-121.053105, 47.538095], [-121.053028, 47.538046], [-121.05295, 47.537996], [-121.05287, 47.537951], [-121.052782, 47.537917], [-121.052691, 47.537888], [-121.052599, 47.537858], [-121.052512, 47.537823], [-121.052426, 47.537787], [-121.05234, 47.53775], [-121.052255, 47.537713], [-121.052171, 47.537675], [-121.052088, 47.537636], [-121.052006, 47.537596], [-121.051927, 47.537553], [-121.051849, 47.537509], [-121.051775, 47.537462], [-121.051704, 47.537413], [-121.051637, 47.537362], [-121.051572, 47.537309], [-121.051509, 47.537256], [-121.051445, 47.537202], [-121.05138, 47.53715], [-121.051311, 47.5371], [-121.051239, 47.537052], [-121.051164, 47.537005], [-121.051088, 47.53696], [-121.051009, 47.536917], [-121.05093, 47.536874], [-121.050847, 47.536834], [-121.050756, 47.5368], [-121.050671, 47.536763], [-121.050603, 47.536715], [-121.050551, 47.536658], [-121.050508, 47.536596], [-121.050468, 47.536531], [-121.050426, 47.536468], [-121.050379, 47.536406], [-121.050336, 47.536342], [-121.050293, 47.536277], [-121.050248, 47.536214], [-121.050198, 47.536154], [-121.050138, 47.536102], [-121.050068, 47.536058], [-121.049985, 47.536022], [-121.049894, 47.535994], [-121.049797, 47.53597], [-121.049697, 47.535948], [-121.049597, 47.535926], [-121.049502, 47.535902], [-121.049407, 47.535878], [-121.049311, 47.535856], [-121.049215, 47.535834], [-121.049119, 47.535811], [-121.049025, 47.535787], [-121.04893, 47.535762], [-121.04883, 47.535738], [-121.04873, 47.535713], [-121.048641, 47.535681], [-121.04857, 47.535638], [-121.04852, 47.535584], [-121.048483, 47.535521], [-121.048454, 47.535453], [-121.048426, 47.535384], [-121.048394, 47.535317], [-121.048354, 47.535254], [-121.048311, 47.535192], [-121.048264, 47.535131], [-121.048214, 47.535071], [-121.048162, 47.535012], [-121.048106, 47.534955], [-121.048047, 47.5349], [-121.047985, 47.534846], [-121.047922, 47.534792], [-121.04786, 47.534737], [-121.0478, 47.534682], [-121.047743, 47.534626], [-121.047688, 47.534567], [-121.047635, 47.534508], [-121.047582, 47.534449], [-121.047528, 47.53439], [-121.047473, 47.534333], [-121.047415, 47.534277], [-121.047353, 47.534225], [-121.047276, 47.534172], [-121.047178, 47.534126], [-121.047086, 47.534111], [-121.047018, 47.534139], [-121.046957, 47.534186], [-121.046901, 47.534247], [-121.046847, 47.534313], [-121.046792, 47.534378], [-121.046736, 47.534438], [-121.046679, 47.534495], [-121.046623, 47.534552], [-121.046566, 47.534609], [-121.046509, 47.534665], [-121.046449, 47.53472], [-121.046389, 47.534775], [-121.046326, 47.534829], [-121.046263, 47.534883], [-121.046198, 47.534936], [-121.046131, 47.534987], [-121.04606, 47.535035], [-121.045983, 47.53508], [-121.045903, 47.535122], [-121.045823, 47.535166], [-121.045744, 47.535212], [-121.04566, 47.535251], [-121.045568, 47.535273], [-121.04547, 47.535285], [-121.045369, 47.535292], [-121.045267, 47.535296], [-121.045164, 47.535296], [-121.045061, 47.535294], [-121.04496, 47.53529], [-121.04486, 47.535283], [-121.04476, 47.535271], [-121.04466, 47.535256], [-121.044562, 47.535239], [-121.044465, 47.53522], [-121.04437, 47.535198], [-121.044275, 47.535174], [-121.04418, 47.535149], [-121.044086, 47.535124], [-121.043991, 47.5351], [-121.043897, 47.535073], [-121.043803, 47.535046], [-121.043708, 47.535021], [-121.043611, 47.535002], [-121.043513, 47.534991], [-121.043412, 47.534984], [-121.043311, 47.534979], [-121.043209, 47.534977], [-121.043107, 47.534977], [-121.043005, 47.53498], [-121.042904, 47.534985], [-121.042805, 47.534994], [-121.042706, 47.535008], [-121.042609, 47.535027], [-121.042512, 47.535047], [-121.042414, 47.535068], [-121.042316, 47.535087], [-121.042218, 47.535103], [-121.042119, 47.535116], [-121.042019, 47.535128], [-121.041919, 47.535139], [-121.041819, 47.535152], [-121.04172, 47.535166], [-121.041623, 47.535183], [-121.041526, 47.535203], [-121.04143, 47.535225], [-121.041334, 47.535248], [-121.04124, 47.535273], [-121.041146, 47.535299], [-121.041053, 47.535326], [-121.040962, 47.535356], [-121.040902, 47.535379], [-121.040874, 47.53539], [-121.040789, 47.535427], [-121.040703, 47.535469], [-121.040618, 47.535518], [-121.040534, 47.535564], [-121.040452, 47.535596], [-121.040375, 47.5356], [-121.040306, 47.535549], [-121.040242, 47.535482], [-121.040181, 47.535427], [-121.040122, 47.53537], [-121.04006, 47.535316], [-121.039987, 47.53527], [-121.039909, 47.535226], [-121.039828, 47.535185], [-121.039746, 47.535145], [-121.039662, 47.535106], [-121.039578, 47.535067], [-121.039494, 47.535029], [-121.039408, 47.534993], [-121.039322, 47.534957], [-121.039235, 47.534922], [-121.039148, 47.534886], [-121.039063, 47.53485], [-121.038979, 47.534812], [-121.038895, 47.534773], [-121.038811, 47.534734], [-121.038728, 47.534695], [-121.038645, 47.534657], [-121.038561, 47.534618], [-121.038476, 47.53458], [-121.038391, 47.534543], [-121.038306, 47.534507], [-121.038219, 47.534472], [-121.038132, 47.534436], [-121.038045, 47.534401], [-121.037959, 47.534365], [-121.037874, 47.534329], [-121.037788, 47.534292], [-121.037703, 47.534255], [-121.037618, 47.534217], [-121.037533, 47.53418], [-121.037448, 47.534143], [-121.037363, 47.534106], [-121.037279, 47.534068], [-121.037195, 47.534028], [-121.03711, 47.533991], [-121.037022, 47.533958], [-121.03693, 47.53393], [-121.036836, 47.533906], [-121.03674, 47.533884], [-121.036644, 47.533863], [-121.036547, 47.533842], [-121.03645, 47.53382], [-121.036354, 47.533798], [-121.03626, 47.533773], [-121.036167, 47.533746], [-121.036075, 47.533719], [-121.035982, 47.533691], [-121.03589, 47.533662], [-121.035798, 47.533634], [-121.035706, 47.533604], [-121.035615, 47.533575], [-121.035524, 47.533544], [-121.035434, 47.533513], [-121.035343, 47.533482], [-121.035255, 47.53345], [-121.035166, 47.533417], [-121.035078, 47.533383], [-121.034968, 47.53334], [-121.034903, 47.533314], [-121.034816, 47.533279], [-121.034728, 47.533245], [-121.034641, 47.533209], [-121.034555, 47.533174], [-121.034468, 47.533138], [-121.034381, 47.533103], [-121.034295, 47.533067], [-121.034209, 47.533031], [-121.034123, 47.532994], [-121.034038, 47.532957], [-121.033952, 47.532921], [-121.033867, 47.532883], [-121.033782, 47.532846], [-121.033698, 47.532808], [-121.033613, 47.532771], [-121.033529, 47.532732], [-121.033445, 47.532694], [-121.033362, 47.532655], [-121.033279, 47.532616], [-121.033197, 47.532577], [-121.033116, 47.532535], [-121.033038, 47.532492], [-121.032962, 47.532447], [-121.032886, 47.532401], [-121.03281, 47.532355], [-121.032735, 47.532308], [-121.03266, 47.532262], [-121.032584, 47.532217], [-121.032506, 47.532173], [-121.032427, 47.532131], [-121.032345, 47.532091], [-121.032261, 47.532054], [-121.032174, 47.53202], [-121.032084, 47.531988], [-121.031993, 47.531957], [-121.031901, 47.531927], [-121.03181, 47.531897], [-121.031719, 47.531867], [-121.031629, 47.531835], [-121.031538, 47.531805], [-121.031447, 47.531774], [-121.031355, 47.531744], [-121.031264, 47.531714], [-121.031172, 47.531684], [-121.031083, 47.531652], [-121.030994, 47.53162], [-121.030906, 47.531587], [-121.030821, 47.531551], [-121.030748, 47.531505], [-121.030685, 47.531449], [-121.030623, 47.531395], [-121.030558, 47.531342], [-121.030495, 47.531289], [-121.030431, 47.531235], [-121.030368, 47.531182], [-121.030306, 47.531128], [-121.030244, 47.531073], [-121.030183, 47.531019], [-121.030123, 47.530963], [-121.030066, 47.530907], [-121.030014, 47.530848], [-121.029966, 47.530787], [-121.02992, 47.530726], [-121.029872, 47.530666], [-121.029819, 47.530608], [-121.029764, 47.53055], [-121.029706, 47.530492], [-121.029647, 47.530436], [-121.029583, 47.530382], [-121.029514, 47.530333], [-121.029437, 47.53029], [-121.029357, 47.530249], [-121.029275, 47.53021], [-121.02919, 47.530171], [-121.029105, 47.530134], [-121.029017, 47.530099], [-121.02893, 47.530064], [-121.028841, 47.53003], [-121.028752, 47.529997], [-121.028662, 47.529964], [-121.028573, 47.529933], [-121.02848, 47.529904], [-121.028386, 47.529877], [-121.028292, 47.52985], [-121.028196, 47.529825], [-121.028101, 47.5298], [-121.028006, 47.529774], [-121.027912, 47.529748], [-121.02782, 47.52972], [-121.027729, 47.52969], [-121.027641, 47.529658], [-121.027557, 47.529622], [-121.027476, 47.529583], [-121.027402, 47.529538], [-121.027333, 47.529489], [-121.027267, 47.529436], [-121.027203, 47.529382], [-121.02714, 47.529326], [-121.027076, 47.529272], [-121.02701, 47.529219], [-121.02694, 47.529169], [-121.026866, 47.529123], [-121.026786, 47.529079], [-121.026702, 47.529038], [-121.026615, 47.528999], [-121.026525, 47.528966], [-121.026432, 47.528939], [-121.026339, 47.528921], [-121.026232, 47.528927], [-121.026118, 47.528947], [-121.02601, 47.528966], [-121.025921, 47.528966], [-121.025861, 47.528932], [-121.02582, 47.528878], [-121.025793, 47.52881], [-121.025774, 47.528734], [-121.025762, 47.528657], [-121.02575, 47.528586], [-121.025741, 47.528517], [-121.025734, 47.528449], [-121.025731, 47.52838], [-121.025729, 47.528311], [-121.025729, 47.528242], [-121.025728, 47.528173], [-121.025727, 47.528104], [-121.025724, 47.528035], [-121.025718, 47.527967], [-121.025709, 47.527899], [-121.025695, 47.527832], [-121.025671, 47.527767], [-121.025631, 47.527705], [-121.025582, 47.527643], [-121.025532, 47.527582], [-121.025487, 47.52752], [-121.025449, 47.527457], [-121.025412, 47.527393], [-121.025375, 47.527329], [-121.02534, 47.527264], [-121.025306, 47.5272], [-121.025275, 47.527135], [-121.025247, 47.527069], [-121.025223, 47.527002], [-121.025201, 47.526936], [-121.025179, 47.526869], [-121.02516, 47.526801], [-121.02514, 47.526734], [-121.025122, 47.526666], [-121.025105, 47.526598], [-121.02509, 47.526531], [-121.025076, 47.526463], [-121.025062, 47.526394], [-121.02505, 47.526327], [-121.025039, 47.526259], [-121.025031, 47.526191], [-121.025029, 47.526122], [-121.025033, 47.526054], [-121.02504, 47.525985], [-121.025048, 47.525916], [-121.025057, 47.525848], [-121.025069, 47.525779], [-121.025086, 47.52571], [-121.025105, 47.525641], [-121.025123, 47.525572], [-121.025135, 47.525504], [-121.02514, 47.525437], [-121.025132, 47.525371], [-121.025104, 47.525308], [-121.02506, 47.525247], [-121.025005, 47.525187], [-121.024947, 47.525127], [-121.024895, 47.525068], [-121.024844, 47.525008], [-121.024793, 47.524949], [-121.024741, 47.524891], [-121.024688, 47.524832], [-121.024635, 47.524774], [-121.024581, 47.524716], [-121.024525, 47.524659], [-121.02447, 47.524602], [-121.024413, 47.524545], [-121.024357, 47.524488], [-121.024301, 47.524431], [-121.024245, 47.524373], [-121.024189, 47.524316], [-121.024136, 47.524257], [-121.024086, 47.524197], [-121.024035, 47.524137], [-121.023981, 47.524079], [-121.023923, 47.524023], [-121.023857, 47.523972], [-121.023786, 47.523924], [-121.023709, 47.523879], [-121.023628, 47.523836], [-121.023545, 47.523796], [-121.023458, 47.523759], [-121.023371, 47.523726], [-121.02328, 47.523698], [-121.023185, 47.523674], [-121.023087, 47.523655], [-121.022987, 47.523639], [-121.022888, 47.523624], [-121.022788, 47.52361], [-121.022689, 47.523597], [-121.02259, 47.523586], [-121.02249, 47.523575], [-121.022389, 47.523565], [-121.022289, 47.523555], [-121.022189, 47.523546], [-121.022089, 47.523537], [-121.021988, 47.523528], [-121.021886, 47.523523], [-121.021782, 47.523522], [-121.021678, 47.523521], [-121.021576, 47.523517], [-121.02148, 47.523506], [-121.021394, 47.523479], [-121.021323, 47.52343], [-121.021258, 47.523373], [-121.021189, 47.523321], [-121.02112, 47.523271], [-121.021051, 47.523221], [-121.020981, 47.523171], [-121.020908, 47.523124], [-121.020833, 47.523078], [-121.020757, 47.523033], [-121.020679, 47.522989], [-121.020601, 47.522946], [-121.020521, 47.522903], [-121.020441, 47.522861], [-121.020362, 47.522818], [-121.020282, 47.522776], [-121.020202, 47.522733], [-121.020122, 47.522691], [-121.02004, 47.522651], [-121.019957, 47.522612], [-121.019872, 47.522575], [-121.019785, 47.522541], [-121.019696, 47.522507], [-121.019607, 47.522474], [-121.019516, 47.522443], [-121.019404, 47.522407], [-121.01933, 47.522385], [-121.019236, 47.52236], [-121.019141, 47.522338], [-121.019045, 47.522319], [-121.018947, 47.522306], [-121.018847, 47.522298], [-121.018746, 47.522293], [-121.018644, 47.52229], [-121.018541, 47.522286], [-121.01844, 47.522282], [-121.018339, 47.522275], [-121.018239, 47.522264], [-121.018138, 47.522252], [-121.018038, 47.522238], [-121.017939, 47.522221], [-121.017845, 47.522199], [-121.01776, 47.522166], [-121.017687, 47.522117], [-121.01761, 47.522071], [-121.017529, 47.522029], [-121.017447, 47.521987], [-121.017363, 47.521947], [-121.017276, 47.521915], [-121.017182, 47.521892], [-121.017084, 47.521877], [-121.016983, 47.521868], [-121.01688, 47.521861], [-121.016779, 47.521854], [-121.016678, 47.521847], [-121.016578, 47.521841], [-121.016477, 47.521836], [-121.016376, 47.521833], [-121.016275, 47.52183], [-121.016173, 47.521831], [-121.016072, 47.521835], [-121.015971, 47.521839], [-121.015871, 47.521844], [-121.015769, 47.52185], [-121.015668, 47.521854], [-121.015568, 47.521855], [-121.015466, 47.521855], [-121.015365, 47.521854], [-121.015264, 47.52185], [-121.015163, 47.521843], [-121.015064, 47.52183], [-121.014967, 47.521808], [-121.014876, 47.521779], [-121.014787, 47.521747], [-121.014699, 47.521712], [-121.014613, 47.521676], [-121.014527, 47.52164], [-121.014445, 47.521598], [-121.014365, 47.52155], [-121.014283, 47.521512], [-121.014191, 47.521493], [-121.014092, 47.521487], [-121.01399, 47.521487], [-121.013887, 47.521492], [-121.013784, 47.521499], [-121.013682, 47.521508], [-121.013584, 47.521521], [-121.013486, 47.52154], [-121.013389, 47.521559], [-121.01329, 47.521573], [-121.013189, 47.521582], [-121.013088, 47.521588], [-121.012987, 47.521594], [-121.012887, 47.521603], [-121.012788, 47.521616], [-121.01269, 47.521631], [-121.012591, 47.521648], [-121.012493, 47.521664], [-121.012394, 47.521679], [-121.012295, 47.521694], [-121.012197, 47.52171], [-121.012098, 47.521724], [-121.011998, 47.521736], [-121.011898, 47.521745], [-121.011797, 47.521751], [-121.011696, 47.521756], [-121.011595, 47.521759], [-121.011493, 47.521761], [-121.011392, 47.521761], [-121.011291, 47.521761], [-121.01119, 47.521759], [-121.011089, 47.521756], [-121.010988, 47.521752], [-121.010887, 47.521746], [-121.010787, 47.521739], [-121.010686, 47.52173], [-121.010608, 47.521723], [-121.010586, 47.52172], [-121.010486, 47.521709], [-121.010387, 47.521696], [-121.010288, 47.52168], [-121.010189, 47.521664], [-121.010091, 47.521647], [-121.009992, 47.521629], [-121.009896, 47.521608], [-121.009802, 47.521584], [-121.00971, 47.521556], [-121.009624, 47.521521], [-121.009542, 47.521481], [-121.00946, 47.521439], [-121.009377, 47.5214], [-121.00929, 47.521364], [-121.009203, 47.521329], [-121.009115, 47.521295], [-121.009028, 47.521261], [-121.00894, 47.521226], [-121.008854, 47.52119], [-121.00877, 47.521151], [-121.008687, 47.52111], [-121.008601, 47.521075], [-121.008508, 47.521052], [-121.008407, 47.521041], [-121.008304, 47.521038], [-121.008203, 47.521042], [-121.008103, 47.521052], [-121.008004, 47.521064], [-121.007904, 47.521079], [-121.007805, 47.521094], [-121.007706, 47.521108], [-121.007607, 47.521123], [-121.007508, 47.521139], [-121.007409, 47.521154], [-121.00731, 47.521166], [-121.00721, 47.521175], [-121.007104, 47.52118], [-121.007, 47.521177], [-121.006911, 47.521155], [-121.006847, 47.521105], [-121.006791, 47.521043], [-121.006725, 47.520991], [-121.006639, 47.520954], [-121.006547, 47.520923], [-121.006458, 47.52089], [-121.006389, 47.520843], [-121.00634, 47.520781], [-121.006282, 47.520725], [-121.006219, 47.52067], [-121.006154, 47.520616], [-121.006083, 47.520567], [-121.006004, 47.520527], [-121.005917, 47.520492], [-121.005827, 47.520462], [-121.005733, 47.520434], [-121.005638, 47.520409], [-121.005543, 47.520384], [-121.005448, 47.52036], [-121.005352, 47.520338], [-121.005256, 47.520318], [-121.005158, 47.520299], [-121.00506, 47.520283], [-121.004961, 47.520269], [-121.004861, 47.520255], [-121.004761, 47.520244], [-121.004661, 47.520233], [-121.004561, 47.520225], [-121.00446, 47.520217], [-121.004357, 47.520218], [-121.004253, 47.520224], [-121.004151, 47.520226], [-121.004056, 47.520215], [-121.003972, 47.520181], [-121.003897, 47.520133], [-121.003822, 47.520083], [-121.003748, 47.520036], [-121.003674, 47.519989], [-121.0036, 47.519942], [-121.003521, 47.5199], [-121.003437, 47.519862], [-121.003349, 47.519828], [-121.003259, 47.519796], [-121.00313, 47.519751], [-121.003079, 47.519733], [-121.002988, 47.519703], [-121.002896, 47.519674], [-121.002802, 47.519649], [-121.002706, 47.519628], [-121.002608, 47.519609], [-121.002511, 47.519591], [-121.002414, 47.519571], [-121.002318, 47.519549], [-121.002223, 47.519526], [-121.002128, 47.519502], [-121.002033, 47.519477], [-121.001939, 47.519454], [-121.00157, 47.519385], [-121.001472, 47.519367], [-121.001375, 47.519349], [-121.001277, 47.51933], [-121.00118, 47.519311], [-121.001082, 47.519293], [-121.000985, 47.519275], [-121.000887, 47.519258], [-121.000788, 47.519242], [-121.00069, 47.519227], [-121.000591, 47.519211], [-121.000496, 47.519189], [-121.0004, 47.519167], [-121.000302, 47.519149], [-121.000204, 47.519133], [-121.000104, 47.51912], [-121.000004, 47.519112], [-120.999903, 47.519107], [-120.999802, 47.519102], [-120.999701, 47.519099], [-120.999599, 47.519095], [-120.999499, 47.519089], [-120.999398, 47.519083], [-120.999299, 47.51907], [-120.999204, 47.519046], [-120.999108, 47.519024], [-120.999011, 47.519004], [-120.998914, 47.518984], [-120.998817, 47.518967], [-120.998718, 47.518951], [-120.99862, 47.518936], [-120.998521, 47.518921], [-120.998422, 47.518906], [-120.998323, 47.518892], [-120.998224, 47.518877], [-120.998125, 47.518863], [-120.998026, 47.51885], [-120.997926, 47.518838], [-120.997826, 47.518825], [-120.997728, 47.51881], [-120.997631, 47.51879], [-120.997533, 47.51877], [-120.997436, 47.51875], [-120.997337, 47.51873], [-120.99724, 47.51871], [-120.997142, 47.518689], [-120.997045, 47.518667], [-120.996949, 47.518645], [-120.996853, 47.518622], [-120.99676, 47.518597], [-120.996668, 47.518572], [-120.996578, 47.518545], [-120.996502, 47.518502], [-120.996465, 47.518433], [-120.99646, 47.518365], [-120.996461, 47.518297], [-120.996466, 47.518229], [-120.996473, 47.51816], [-120.996482, 47.518092], [-120.99649, 47.518023], [-120.996497, 47.517954], [-120.996503, 47.517885], [-120.996504, 47.517816], [-120.9965, 47.517748], [-120.996487, 47.517681], [-120.996468, 47.517613], [-120.996445, 47.517546], [-120.996424, 47.517479], [-120.996407, 47.517411], [-120.996404, 47.517343], [-120.996408, 47.517274], [-120.996404, 47.517206], [-120.9964, 47.517137], [-120.996396, 47.517068], [-120.996391, 47.516999], [-120.996387, 47.51693], [-120.996382, 47.516861], [-120.996375, 47.516793], [-120.996366, 47.516725], [-120.996355, 47.516657], [-120.996342, 47.516591], [-120.996279, 47.516536], [-120.996233, 47.516476], [-120.996205, 47.51641], [-120.996182, 47.516343], [-120.996161, 47.516276], [-120.99614, 47.516209], [-120.996119, 47.516141], [-120.996103, 47.516072], [-120.996087, 47.516003], [-120.99607, 47.515935], [-120.996047, 47.515869], [-120.996016, 47.515806], [-120.995957, 47.515754], [-120.995871, 47.515712], [-120.995798, 47.515664], [-120.995731, 47.515613], [-120.995664, 47.51556], [-120.995599, 47.515508], [-120.995532, 47.515456], [-120.995463, 47.515406], [-120.995391, 47.515358], [-120.995316, 47.515313], [-120.995238, 47.515269], [-120.99516, 47.515226], [-120.99508, 47.515184], [-120.995, 47.515142], [-120.994919, 47.5151], [-120.994838, 47.515059], [-120.994757, 47.515018], [-120.994675, 47.514977], [-120.994593, 47.514937], [-120.994511, 47.514896], [-120.99443, 47.514855], [-120.994349, 47.514814], [-120.994268, 47.514772], [-120.994189, 47.51473], [-120.99411, 47.514687], [-120.994032, 47.514644], [-120.993955, 47.5146], [-120.99388, 47.514555], [-120.993813, 47.514504], [-120.993751, 47.514449], [-120.993694, 47.514392], [-120.993639, 47.514333], [-120.993586, 47.514275], [-120.993537, 47.514215], [-120.993492, 47.514153], [-120.993452, 47.51409], [-120.993416, 47.514026], [-120.993392, 47.51396], [-120.993367, 47.513893], [-120.993333, 47.513829], [-120.993293, 47.513765], [-120.993246, 47.513704], [-120.993193, 47.513646], [-120.993137, 47.513589], [-120.993079, 47.513532], [-120.99302, 47.513476], [-120.992962, 47.513419], [-120.992906, 47.513362], [-120.992853, 47.513304], [-120.992803, 47.513245], [-120.99276, 47.513184], [-120.992724, 47.51312], [-120.992697, 47.513055], [-120.992674, 47.512987], [-120.992653, 47.51292], [-120.992632, 47.512852], [-120.992608, 47.512785], [-120.992577, 47.51272], [-120.992529, 47.512659], [-120.99248, 47.5126], [-120.992428, 47.51254], [-120.992373, 47.512483], [-120.992314, 47.512428], [-120.992253, 47.512373], [-120.992189, 47.512319], [-120.992124, 47.512267], [-120.992058, 47.512215], [-120.991995, 47.512161], [-120.99194, 47.512104], [-120.991895, 47.512042], [-120.991848, 47.511982], [-120.991792, 47.511925], [-120.991733, 47.511868], [-120.991673, 47.511812], [-120.991616, 47.511756], [-120.991564, 47.511697], [-120.991519, 47.511637], [-120.991483, 47.511573], [-120.991453, 47.511508], [-120.991426, 47.511441], [-120.991401, 47.511374], [-120.991374, 47.511308], [-120.991345, 47.511242], [-120.991318, 47.511175], [-120.991294, 47.511108], [-120.991276, 47.511041], [-120.99127, 47.510974], [-120.991286, 47.510906], [-120.991312, 47.510839], [-120.99133, 47.510771], [-120.991352, 47.510703], [-120.991397, 47.510643], [-120.991452, 47.510586], [-120.991513, 47.51053], [-120.991578, 47.510477], [-120.991647, 47.510427], [-120.991723, 47.510381], [-120.991798, 47.510335], [-120.991868, 47.510286], [-120.991932, 47.510233], [-120.991994, 47.510178], [-120.992054, 47.510122], [-120.992112, 47.510064], [-120.992165, 47.510006], [-120.992212, 47.509947], [-120.992232, 47.509882], [-120.992225, 47.509811], [-120.992236, 47.509743], [-120.992255, 47.509674], [-120.992268, 47.509606], [-120.992262, 47.509539], [-120.992244, 47.509472], [-120.99222, 47.509406], [-120.992193, 47.509339], [-120.992167, 47.509272], [-120.992144, 47.509205], [-120.992126, 47.509138], [-120.992115, 47.509069], [-120.992116, 47.509001], [-120.992146, 47.508934], [-120.992217, 47.508888], [-120.992305, 47.508852], [-120.992393, 47.508817], [-120.992481, 47.508782], [-120.992567, 47.508747], [-120.992649, 47.508707], [-120.992728, 47.508664], [-120.992804, 47.508619], [-120.99289, 47.508582], [-120.992976, 47.508546], [-120.993047, 47.508498], [-120.993111, 47.508444], [-120.993172, 47.508388], [-120.993236, 47.508334], [-120.993305, 47.508285], [-120.993385, 47.508246], [-120.993477, 47.508217], [-120.993573, 47.508192], [-120.993667, 47.508165], [-120.993752, 47.508128], [-120.993818, 47.508075], [-120.993858, 47.508012], [-120.993888, 47.507947], [-120.993916, 47.50788], [-120.993946, 47.507815], [-120.993985, 47.507752], [-120.994034, 47.507692], [-120.994089, 47.507634], [-120.994149, 47.507578], [-120.994213, 47.507526], [-120.994284, 47.507477], [-120.994359, 47.507431], [-120.994431, 47.507383], [-120.9945, 47.507332], [-120.994558, 47.507277], [-120.994599, 47.507213], [-120.994621, 47.507146], [-120.994638, 47.507079], [-120.994653, 47.507011], [-120.994664, 47.506942], [-120.994671, 47.506874], [-120.994672, 47.506805], [-120.994669, 47.506737], [-120.994661, 47.506669], [-120.994651, 47.506601], [-120.99464, 47.506532], [-120.994628, 47.506464], [-120.994619, 47.506396], [-120.994619, 47.506327], [-120.994612, 47.506259], [-120.994581, 47.506194], [-120.99455, 47.506128], [-120.994524, 47.506062], [-120.994506, 47.505994], [-120.994508, 47.505926], [-120.994528, 47.505859], [-120.994563, 47.505794], [-120.994585, 47.505728], [-120.994587, 47.505659], [-120.994566, 47.505592], [-120.994545, 47.505525], [-120.994547, 47.505457], [-120.994555, 47.505388], [-120.994564, 47.505319], [-120.99457, 47.50525], [-120.994576, 47.505181], [-120.994589, 47.505113], [-120.994614, 47.505048], [-120.994669, 47.504983], [-120.994724, 47.504932], [-120.994803, 47.504882], [-120.994881, 47.504834], [-120.994903, 47.504777], [-120.994877, 47.504713], [-120.994826, 47.504647], [-120.994774, 47.504586], [-120.994718, 47.504529], [-120.994654, 47.504475], [-120.994584, 47.504425], [-120.994505, 47.504383], [-120.99442, 47.504345], [-120.99434, 47.504303], [-120.994279, 47.504249], [-120.994222, 47.504192], [-120.994167, 47.504134], [-120.994112, 47.504076], [-120.994053, 47.50402], [-120.993988, 47.503969], [-120.993907, 47.503927], [-120.993824, 47.503888], [-120.99374, 47.503849], [-120.993662, 47.503806], [-120.993589, 47.503758], [-120.993524, 47.503705], [-120.99345, 47.503659], [-120.993362, 47.503626], [-120.993268, 47.5036], [-120.993174, 47.503573], [-120.993086, 47.50354], [-120.993004, 47.503499], [-120.99293, 47.503453], [-120.992865, 47.5034], [-120.992807, 47.503344], [-120.992745, 47.503289], [-120.992683, 47.503235], [-120.992616, 47.503184], [-120.992538, 47.50314], [-120.992467, 47.503092], [-120.992403, 47.503038], [-120.992335, 47.502988], [-120.99226, 47.502942], [-120.992183, 47.502897], [-120.992108, 47.502851], [-120.99203, 47.502805], [-120.991969, 47.502752], [-120.991937, 47.502688], [-120.991919, 47.502619], [-120.991902, 47.502551], [-120.99189, 47.502483], [-120.99188, 47.502415], [-120.991873, 47.502347], [-120.991865, 47.502278], [-120.991855, 47.50221], [-120.991843, 47.502142], [-120.991828, 47.502074], [-120.991804, 47.502008], [-120.991771, 47.501942], [-120.991744, 47.501877], [-120.991731, 47.501809], [-120.991727, 47.501739], [-120.991726, 47.501669], [-120.991721, 47.5016], [-120.991707, 47.501533], [-120.991679, 47.501469], [-120.991639, 47.501405], [-120.991589, 47.501343], [-120.991532, 47.501285], [-120.991467, 47.501232], [-120.991393, 47.50119], [-120.991298, 47.501165], [-120.991196, 47.501145], [-120.991105, 47.501117], [-120.991041, 47.501066], [-120.99099, 47.501004], [-120.990935, 47.500947], [-120.99088, 47.500888], [-120.99082, 47.500833], [-120.990749, 47.500786], [-120.990661, 47.500751], [-120.990579, 47.500711], [-120.990508, 47.500662], [-120.990488, 47.500646], [-120.990441, 47.500611], [-120.990367, 47.500563], [-120.990291, 47.500519], [-120.990214, 47.500474], [-120.990139, 47.500428], [-120.990067, 47.50038], [-120.989997, 47.500321], [-120.989947, 47.500269], [-120.989905, 47.500207], [-120.989872, 47.500143], [-120.989841, 47.500077], [-120.989813, 47.500011], [-120.989786, 47.499945], [-120.989758, 47.499879], [-120.989566, 47.499405], [-120.989503, 47.499357], [-120.989431, 47.49931], [-120.989344, 47.499272], [-120.989252, 47.499239], [-120.989166, 47.499202], [-120.989096, 47.499155], [-120.989041, 47.499099], [-120.988994, 47.49904], [-120.988952, 47.498977], [-120.988911, 47.498913], [-120.988871, 47.498849], [-120.988827, 47.498786], [-120.988777, 47.498727], [-120.988716, 47.498672], [-120.988649, 47.498619], [-120.98858, 47.498568], [-120.988517, 47.498514], [-120.988466, 47.498456], [-120.988427, 47.498394], [-120.988394, 47.498329], [-120.988367, 47.498262], [-120.988342, 47.498194], [-120.988318, 47.498126], [-120.988292, 47.498059], [-120.988262, 47.497994], [-120.988225, 47.497931], [-120.988179, 47.497872], [-120.988121, 47.497817], [-120.988055, 47.497765], [-120.987981, 47.497717], [-120.987902, 47.497671], [-120.987822, 47.497627], [-120.987743, 47.497585], [-120.987661, 47.497545], [-120.987576, 47.497508], [-120.98749, 47.497472], [-120.987403, 47.497437], [-120.987316, 47.497401], [-120.98723, 47.497364], [-120.987146, 47.497326], [-120.98706, 47.497289], [-120.986975, 47.497251], [-120.986893, 47.497211], [-120.986814, 47.497169], [-120.986739, 47.497123], [-120.986663, 47.497075], [-120.986583, 47.497026], [-120.986505, 47.496977], [-120.986432, 47.496925], [-120.986366, 47.496871], [-120.986313, 47.496815], [-120.986276, 47.496757], [-120.986258, 47.496695], [-120.986259, 47.49663], [-120.986274, 47.496562], [-120.986297, 47.496492], [-120.986325, 47.496422], [-120.986352, 47.496351], [-120.986372, 47.496281], [-120.986382, 47.496212], [-120.986376, 47.496146], [-120.986355, 47.496081], [-120.986327, 47.496017], [-120.986291, 47.495953], [-120.986249, 47.495889], [-120.986203, 47.495827], [-120.986152, 47.495765], [-120.986099, 47.495705], [-120.986046, 47.495645], [-120.985992, 47.495587], [-120.985936, 47.49553], [-120.985875, 47.495476], [-120.98581, 47.495424], [-120.985741, 47.495373], [-120.985672, 47.495322], [-120.985603, 47.495271], [-120.985535, 47.49522], [-120.985471, 47.495167], [-120.985412, 47.495111], [-120.985356, 47.495055], [-120.985303, 47.494996], [-120.985252, 47.494937], [-120.985202, 47.494877], [-120.985152, 47.494818], [-120.985102, 47.494758], [-120.985052, 47.494698], [-120.985, 47.494639], [-120.984946, 47.494581], [-120.984889, 47.494525], [-120.984824, 47.494473], [-120.984754, 47.494423], [-120.984682, 47.494374], [-120.984612, 47.494325], [-120.984541, 47.494276], [-120.984471, 47.494227], [-120.984399, 47.494178], [-120.984329, 47.494129], [-120.984258, 47.49408], [-120.984187, 47.494032], [-120.984113, 47.493984], [-120.984037, 47.493937], [-120.983961, 47.49389], [-120.983885, 47.493843], [-120.983811, 47.493795], [-120.98374, 47.493746], [-120.983673, 47.493695], [-120.983612, 47.493642], [-120.983558, 47.493586], [-120.983511, 47.493527], [-120.983473, 47.493463], [-120.983441, 47.493397], [-120.983413, 47.493329], [-120.983387, 47.493261], [-120.983361, 47.493192], [-120.983334, 47.493125], [-120.983302, 47.493059], [-120.983264, 47.492997], [-120.983218, 47.492939], [-120.983159, 47.492888], [-120.983081, 47.492848], [-120.982992, 47.492813], [-120.982897, 47.492782], [-120.982802, 47.492749], [-120.982716, 47.492712], [-120.982641, 47.492667], [-120.982571, 47.492617], [-120.982504, 47.492566], [-120.982438, 47.492513], [-120.982372, 47.492461], [-120.982304, 47.49241], [-120.982231, 47.492363], [-120.982153, 47.492319], [-120.982071, 47.492279], [-120.981987, 47.492239], [-120.981902, 47.492201], [-120.981819, 47.492162], [-120.981737, 47.492121], [-120.98166, 47.492077], [-120.981588, 47.49203], [-120.981523, 47.491979], [-120.981463, 47.491924], [-120.981407, 47.491866], [-120.981354, 47.491807], [-120.981303, 47.491747], [-120.981254, 47.491687], [-120.981211, 47.491624], [-120.981174, 47.491559], [-120.98114, 47.491492], [-120.981103, 47.491428], [-120.981057, 47.491368], [-120.980998, 47.491315], [-120.980927, 47.491269], [-120.980849, 47.491227], [-120.980764, 47.491188], [-120.980676, 47.491151], [-120.980588, 47.491114], [-120.980503, 47.491076], [-120.98042, 47.491037], [-120.980336, 47.490998], [-120.980252, 47.49096], [-120.980168, 47.490921], [-120.980085, 47.490882], [-120.980003, 47.490842], [-120.979924, 47.4908], [-120.979845, 47.490757], [-120.97977, 47.490712], [-120.979695, 47.490665], [-120.979621, 47.490619], [-120.979547, 47.490572], [-120.979472, 47.490525], [-120.979397, 47.49048], [-120.97932, 47.490431], [-120.979242, 47.490376], [-120.979165, 47.490321], [-120.979085, 47.490275], [-120.978995, 47.490245], [-120.978921, 47.490246], [-120.978892, 47.490246], [-120.97875, 47.490292], [-120.978663, 47.490336], [-120.978574, 47.490382], [-120.978482, 47.490423], [-120.978389, 47.490453], [-120.978293, 47.490472], [-120.978193, 47.490489], [-120.978092, 47.490503], [-120.977989, 47.490513], [-120.977887, 47.490518], [-120.977787, 47.490517], [-120.977689, 47.490511], [-120.977593, 47.490495], [-120.9775, 47.490471], [-120.977407, 47.490441], [-120.977314, 47.490409], [-120.977222, 47.490377], [-120.977129, 47.490348], [-120.977037, 47.490321], [-120.976943, 47.490294], [-120.976858, 47.49027], [-120.976758, 47.49024], [-120.976666, 47.490211], [-120.976575, 47.490182], [-120.976485, 47.49015], [-120.976396, 47.490118], [-120.976306, 47.490085], [-120.976217, 47.490051], [-120.976129, 47.490016], [-120.976043, 47.48998], [-120.97596, 47.489941], [-120.97588, 47.4899], [-120.975806, 47.489855], [-120.975741, 47.489803], [-120.975683, 47.489746], [-120.975626, 47.489688], [-120.975567, 47.489631], [-120.975501, 47.48958], [-120.975428, 47.489533], [-120.975354, 47.489486], [-120.975277, 47.489441], [-120.975199, 47.489397], [-120.975119, 47.489354], [-120.975038, 47.489313], [-120.974954, 47.489274], [-120.97487, 47.489237], [-120.974783, 47.489203], [-120.974694, 47.489171], [-120.974603, 47.489141], [-120.974512, 47.489111], [-120.974419, 47.489083], [-120.974327, 47.489055], [-120.974234, 47.489027], [-120.974142, 47.488998], [-120.97405, 47.488969], [-120.973959, 47.48894], [-120.973866, 47.488912], [-120.973773, 47.488884], [-120.97368, 47.488856], [-120.973588, 47.488828], [-120.973496, 47.488799], [-120.973405, 47.488769], [-120.973315, 47.488738], [-120.973227, 47.488705], [-120.973141, 47.48867], [-120.973061, 47.488626], [-120.972987, 47.488576], [-120.972913, 47.488525], [-120.972839, 47.488476], [-120.97276, 47.488436], [-120.972674, 47.488407], [-120.972581, 47.48839], [-120.972483, 47.48838], [-120.972383, 47.488375], [-120.97228, 47.488374], [-120.972176, 47.488375], [-120.972072, 47.488378], [-120.971968, 47.48838], [-120.971866, 47.48838], [-120.971765, 47.48838], [-120.971663, 47.488381], [-120.971562, 47.488382], [-120.971461, 47.488385], [-120.97136, 47.488387], [-120.971259, 47.488389], [-120.971158, 47.488391], [-120.971057, 47.488392], [-120.970956, 47.488392], [-120.970855, 47.488391], [-120.970754, 47.488388], [-120.970653, 47.488385], [-120.970552, 47.48838], [-120.970452, 47.488374], [-120.97035, 47.488368], [-120.97025, 47.488362], [-120.970149, 47.488355], [-120.970048, 47.488348], [-120.969948, 47.488341], [-120.969847, 47.488335], [-120.969746, 47.488329], [-120.969645, 47.488323], [-120.969544, 47.488318], [-120.969443, 47.488312], [-120.969342, 47.488306], [-120.969242, 47.488298], [-120.969142, 47.488289], [-120.969043, 47.488277], [-120.968943, 47.488264], [-120.968843, 47.488249], [-120.968743, 47.488232], [-120.968697, 47.488222], [-120.968645, 47.488211], [-120.968552, 47.488184], [-120.968465, 47.488152], [-120.968383, 47.488113], [-120.968303, 47.488072], [-120.968226, 47.488029], [-120.96815, 47.487984], [-120.968075, 47.487938], [-120.968001, 47.487891], [-120.967927, 47.487843], [-120.967854, 47.487795], [-120.96778, 47.487747], [-120.967705, 47.4877], [-120.96763, 47.487654], [-120.967553, 47.487609], [-120.967475, 47.487565], [-120.967398, 47.487521], [-120.96732, 47.487478], [-120.967242, 47.487434], [-120.967164, 47.48739], [-120.967086, 47.487347], [-120.967007, 47.487304], [-120.966929, 47.487261], [-120.96685, 47.487217], [-120.966772, 47.487174], [-120.966694, 47.487131], [-120.966615, 47.487088], [-120.966538, 47.487043], [-120.966461, 47.486998], [-120.966385, 47.486952], [-120.966307, 47.486908], [-120.966228, 47.486867], [-120.966143, 47.486829], [-120.966057, 47.486794], [-120.965968, 47.486761], [-120.965879, 47.486729], [-120.965789, 47.486698], [-120.965698, 47.486667], [-120.965607, 47.486637], [-120.965516, 47.486607], [-120.965425, 47.486577], [-120.965334, 47.486546], [-120.965243, 47.486516], [-120.965154, 47.486484], [-120.965065, 47.486451], [-120.964977, 47.486417], [-120.964891, 47.486382], [-120.964807, 47.486345], [-120.964725, 47.486304], [-120.964646, 47.486262], [-120.964567, 47.486218], [-120.96449, 47.486174], [-120.964413, 47.486129], [-120.964336, 47.486084], [-120.964258, 47.48604], [-120.964181, 47.485996], [-120.964103, 47.485952], [-120.964026, 47.485908], [-120.96395, 47.485862], [-120.963875, 47.485816], [-120.963802, 47.485769], [-120.96373, 47.485721], [-120.963662, 47.48567], [-120.963597, 47.485618], [-120.963533, 47.485564], [-120.963471, 47.485509], [-120.963407, 47.485456], [-120.963342, 47.485403], [-120.963274, 47.485353], [-120.963202, 47.485306], [-120.963125, 47.485261], [-120.963048, 47.485217], [-120.962969, 47.485174], [-120.96289, 47.485131], [-120.962808, 47.48509], [-120.962727, 47.485049], [-120.962644, 47.485009], [-120.96256, 47.48497], [-120.962475, 47.484932], [-120.96239, 47.484895], [-120.962304, 47.48486], [-120.962217, 47.484825], [-120.962129, 47.484792], [-120.962039, 47.484761], [-120.961947, 47.484731], [-120.961854, 47.484704], [-120.961758, 47.484679], [-120.961663, 47.484656], [-120.961565, 47.484635], [-120.961468, 47.484616], [-120.961371, 47.484599], [-120.961272, 47.484586], [-120.961173, 47.484579], [-120.961072, 47.484574], [-120.960969, 47.484573], [-120.960867, 47.484572], [-120.960765, 47.48457], [-120.960664, 47.484566], [-120.960564, 47.484558], [-120.960465, 47.484545], [-120.960367, 47.484527], [-120.96027, 47.484505], [-120.960172, 47.484481], [-120.960076, 47.484456], [-120.959979, 47.484431], [-120.959883, 47.484408], [-120.959787, 47.484389], [-120.959691, 47.484374], [-120.959594, 47.484365], [-120.959494, 47.484375], [-120.95939, 47.484405], [-120.959287, 47.484441], [-120.959193, 47.48447], [-120.959113, 47.484475], [-120.959061, 47.484438], [-120.959038, 47.484363], [-120.959024, 47.484282], [-120.959011, 47.484213], [-120.959004, 47.484144], [-120.959, 47.484075], [-120.958992, 47.484006], [-120.958975, 47.483939], [-120.958945, 47.483874], [-120.95891, 47.483809], [-120.958869, 47.483744], [-120.958821, 47.483682], [-120.958768, 47.483623], [-120.958707, 47.48357], [-120.958631, 47.483528], [-120.958532, 47.483498], [-120.958427, 47.483472], [-120.958335, 47.483442], [-120.958271, 47.483399], [-120.958235, 47.483341], [-120.958217, 47.483274], [-120.958213, 47.483201], [-120.95822, 47.483128], [-120.958236, 47.483056], [-120.958259, 47.482991], [-120.958296, 47.482929], [-120.958342, 47.482868], [-120.958394, 47.482808], [-120.958447, 47.482748], [-120.958496, 47.482687], [-120.958539, 47.482624], [-120.958579, 47.482562], [-120.958619, 47.482498], [-120.958659, 47.482435], [-120.958697, 47.482372], [-120.958735, 47.482308], [-120.958773, 47.482244], [-120.958809, 47.48218], [-120.958843, 47.482116], [-120.958876, 47.482051], [-120.958907, 47.481986], [-120.958937, 47.48192], [-120.958966, 47.481854], [-120.958992, 47.481787], [-120.959015, 47.481719], [-120.959032, 47.481651], [-120.959044, 47.481583], [-120.959047, 47.481516], [-120.959044, 47.481448], [-120.959035, 47.481379], [-120.959021, 47.481309], [-120.959002, 47.48124], [-120.958976, 47.481173], [-120.958945, 47.481108], [-120.958907, 47.481046], [-120.958858, 47.480988], [-120.958795, 47.480935], [-120.958725, 47.480885], [-120.95865, 47.480835], [-120.958579, 47.480785], [-120.958515, 47.480732], [-120.958456, 47.480675], [-120.958401, 47.480617], [-120.958345, 47.480559], [-120.958285, 47.480503], [-120.95822, 47.480452], [-120.958146, 47.480407], [-120.958068, 47.480364], [-120.957986, 47.480324], [-120.957901, 47.480285], [-120.957814, 47.480249], [-120.957726, 47.480214], [-120.957636, 47.480181], [-120.957546, 47.480151], [-120.957452, 47.480125], [-120.957347, 47.480111], [-120.957238, 47.480102], [-120.957134, 47.480091], [-120.95704, 47.480071], [-120.956966, 47.480035], [-120.956907, 47.479986], [-120.956855, 47.479931], [-120.956809, 47.479871], [-120.956767, 47.479807], [-120.956729, 47.479741], [-120.956692, 47.479674], [-120.956655, 47.479607], [-120.956617, 47.47954], [-120.956577, 47.479477], [-120.956535, 47.479414], [-120.956493, 47.479352], [-120.956452, 47.479289], [-120.956412, 47.479226], [-120.956371, 47.479164], [-120.95633, 47.479101], [-120.956289, 47.479039], [-120.956247, 47.478976], [-120.956204, 47.478914], [-120.95616, 47.478852], [-120.956116, 47.478791], [-120.956071, 47.478729], [-120.956026, 47.478668], [-120.95598, 47.478607], [-120.955934, 47.478546], [-120.955887, 47.478485], [-120.955841, 47.478424], [-120.955794, 47.478363], [-120.955748, 47.478302], [-120.955703, 47.47824], [-120.955656, 47.47818], [-120.955607, 47.478119], [-120.955556, 47.47806], [-120.955501, 47.478003], [-120.95544, 47.477949], [-120.955374, 47.477897], [-120.955303, 47.477846], [-120.955231, 47.477797], [-120.95516, 47.477747], [-120.955091, 47.477696], [-120.955028, 47.477643], [-120.954972, 47.477587], [-120.954927, 47.477527], [-120.954893, 47.477461], [-120.954866, 47.477392], [-120.954845, 47.477321], [-120.954824, 47.47725], [-120.9548, 47.477181], [-120.95477, 47.477116], [-120.954729, 47.477056], [-120.954674, 47.477005], [-120.954606, 47.476959], [-120.954531, 47.476917], [-120.954451, 47.476876], [-120.954365, 47.476839], [-120.954275, 47.476804], [-120.954181, 47.476771], [-120.954085, 47.476741], [-120.953988, 47.476714], [-120.95389, 47.476689], [-120.953792, 47.476666], [-120.953695, 47.476646], [-120.953599, 47.476629], [-120.953502, 47.476617], [-120.953403, 47.47661], [-120.953302, 47.476608], [-120.9532, 47.476608], [-120.953097, 47.47661], [-120.952994, 47.476613], [-120.952891, 47.476615], [-120.952788, 47.476615], [-120.952687, 47.476613], [-120.952586, 47.476607], [-120.952487, 47.476597], [-120.952387, 47.476584], [-120.952289, 47.476569], [-120.95219, 47.476551], [-120.952093, 47.476531], [-120.951996, 47.476508], [-120.951901, 47.476484], [-120.951808, 47.476458], [-120.951716, 47.47643], [-120.951628, 47.476398], [-120.951541, 47.476363], [-120.951457, 47.476325], [-120.951373, 47.476286], [-120.95129, 47.476246], [-120.951207, 47.476207], [-120.951122, 47.476169], [-120.951036, 47.476133], [-120.950944, 47.476101], [-120.950846, 47.476075], [-120.950745, 47.47605], [-120.950647, 47.476024], [-120.950559, 47.475993], [-120.950485, 47.475953], [-120.950428, 47.475903], [-120.950377, 47.475831], [-120.950351, 47.47578], [-120.950326, 47.475711], [-120.950306, 47.47564], [-120.950288, 47.475569], [-120.950271, 47.4755], [-120.950262, 47.475431], [-120.950267, 47.47536], [-120.950274, 47.475289], [-120.950274, 47.47522], [-120.950255, 47.475156], [-120.950213, 47.475097], [-120.950159, 47.475041], [-120.950096, 47.474988], [-120.950028, 47.474936], [-120.949956, 47.474885], [-120.949883, 47.474834], [-120.949813, 47.474783], [-120.949746, 47.474732], [-120.949678, 47.474681], [-120.949609, 47.474631], [-120.94954, 47.474581], [-120.949471, 47.47453], [-120.949406, 47.474478], [-120.949343, 47.474424], [-120.949283, 47.474369], [-120.949224, 47.474313], [-120.949166, 47.474255], [-120.949109, 47.474198], [-120.94905, 47.474142], [-120.94899, 47.474087], [-120.948926, 47.474034], [-120.94886, 47.473984], [-120.948788, 47.473937], [-120.948712, 47.473893], [-120.948631, 47.473852], [-120.948547, 47.473814], [-120.948461, 47.473777], [-120.948374, 47.473742], [-120.948285, 47.473707], [-120.948198, 47.473671], [-120.948112, 47.473635], [-120.948025, 47.4736], [-120.947935, 47.473567], [-120.947846, 47.473534], [-120.947758, 47.4735], [-120.947674, 47.473462], [-120.947596, 47.47342], [-120.947523, 47.473373], [-120.947453, 47.473324], [-120.947385, 47.473272], [-120.947337, 47.473235], [-120.947249, 47.47317], [-120.947179, 47.473121], [-120.947104, 47.473074], [-120.947029, 47.473028], [-120.946958, 47.47298], [-120.946891, 47.472928], [-120.946824, 47.472875], [-120.946756, 47.472821], [-120.946689, 47.472766], [-120.946627, 47.472711], [-120.946571, 47.472654], [-120.946526, 47.472595], [-120.946495, 47.472534], [-120.946485, 47.472466], [-120.946493, 47.472395], [-120.946517, 47.472324], [-120.946553, 47.472258], [-120.946597, 47.472198], [-120.946644, 47.472138], [-120.946694, 47.472079], [-120.946746, 47.47202], [-120.946801, 47.471963], [-120.946857, 47.471905], [-120.946914, 47.471848], [-120.946972, 47.471791], [-120.947031, 47.471734], [-120.94709, 47.471678], [-120.947148, 47.471622], [-120.947207, 47.471566], [-120.947266, 47.47151], [-120.947339, 47.471448], [-120.947393, 47.471404], [-120.947458, 47.471351], [-120.947525, 47.471299], [-120.947591, 47.471247], [-120.947656, 47.471195], [-120.947723, 47.471144], [-120.947789, 47.471092], [-120.947856, 47.47104], [-120.947922, 47.470989], [-120.947989, 47.470937], [-120.948056, 47.470886], [-120.948123, 47.470834], [-120.94819, 47.470783], [-120.948256, 47.470731], [-120.948323, 47.47068], [-120.948389, 47.470628], [-120.948455, 47.470576], [-120.94852, 47.470524], [-120.948587, 47.470472], [-120.948654, 47.470421], [-120.948721, 47.470369], [-120.948789, 47.470318], [-120.948855, 47.470266], [-120.94892, 47.470213], [-120.948982, 47.470159], [-120.94904, 47.470103], [-120.949096, 47.470046], [-120.94915, 47.469988], [-120.949206, 47.469929], [-120.949261, 47.469868], [-120.949315, 47.469807], [-120.949367, 47.469746], [-120.949416, 47.469684], [-120.949462, 47.469621], [-120.949503, 47.469559], [-120.949539, 47.469497], [-120.949569, 47.469434], [-120.94959, 47.469373], [-120.94957, 47.46931], [-120.949511, 47.469246], [-120.949444, 47.469182], [-120.949398, 47.469119], [-120.949401, 47.469059], [-120.949436, 47.469002], [-120.949489, 47.468945], [-120.949553, 47.468889], [-120.949623, 47.468833], [-120.949691, 47.468776], [-120.949752, 47.468719], [-120.949805, 47.468661], [-120.949857, 47.468602], [-120.949909, 47.468543], [-120.94996, 47.468484], [-120.95001, 47.468424], [-120.95006, 47.468365], [-120.95011, 47.468305], [-120.950159, 47.468246], [-120.950208, 47.468186], [-120.950255, 47.468124], [-120.9503, 47.468062], [-120.950343, 47.467999], [-120.950386, 47.467935], [-120.950428, 47.467871], [-120.950472, 47.467808], [-120.950517, 47.467746], [-120.950565, 47.467686], [-120.950615, 47.467628], [-120.95067, 47.467572], [-120.950729, 47.467518], [-120.950796, 47.46747], [-120.950876, 47.467429], [-120.950964, 47.467394], [-120.951059, 47.467362], [-120.951154, 47.467331], [-120.951248, 47.467299], [-120.951335, 47.467264], [-120.951413, 47.467223], [-120.951476, 47.467174], [-120.951523, 47.467117], [-120.951558, 47.467052], [-120.951584, 47.466984], [-120.951607, 47.466914], [-120.951632, 47.466845], [-120.951663, 47.466779], [-120.951699, 47.466713], [-120.951736, 47.466647], [-120.95177, 47.46658], [-120.951794, 47.466514], [-120.951805, 47.466449], [-120.951794, 47.466385], [-120.951755, 47.466322], [-120.951701, 47.466259], [-120.951651, 47.466196], [-120.951621, 47.466132], [-120.951618, 47.466066], [-120.951634, 47.465999], [-120.951658, 47.46593], [-120.951683, 47.465862], [-120.951702, 47.465794], [-120.95172, 47.465727], [-120.951739, 47.46566], [-120.951757, 47.465592], [-120.951776, 47.465525], [-120.951794, 47.465458], [-120.951813, 47.46539], [-120.951831, 47.465323], [-120.951848, 47.465255], [-120.951865, 47.465188], [-120.951883, 47.46512], [-120.9519, 47.465053], [-120.951917, 47.464985], [-120.951933, 47.464917], [-120.951948, 47.464849], [-120.951962, 47.464782], [-120.951974, 47.464714], [-120.951985, 47.464646], [-120.951995, 47.464577], [-120.952005, 47.464509], [-120.952014, 47.464441], [-120.952023, 47.464373], [-120.952031, 47.464304], [-120.952039, 47.464236], [-120.952046, 47.464168], [-120.952054, 47.464099], [-120.95206, 47.464031], [-120.952061, 47.463961], [-120.952058, 47.463892], [-120.952057, 47.463822], [-120.952061, 47.463754], [-120.952076, 47.463687], [-120.952103, 47.463623], [-120.95214, 47.46356], [-120.952185, 47.463498], [-120.952235, 47.463437], [-120.952288, 47.463377], [-120.952342, 47.463319], [-120.952397, 47.463262], [-120.952453, 47.463205], [-120.952511, 47.463148], [-120.952571, 47.463092], [-120.952633, 47.463038], [-120.952696, 47.462984], [-120.952761, 47.462932], [-120.95283, 47.462882], [-120.952924, 47.462838], [-120.953024, 47.462797], [-120.953106, 47.462756], [-120.953142, 47.462711], [-120.953119, 47.46266], [-120.953053, 47.462605], [-120.952969, 47.462549], [-120.952891, 47.462494], [-120.952827, 47.462441], [-120.952764, 47.462387], [-120.952701, 47.462332], [-120.952639, 47.462277], [-120.952578, 47.462222], [-120.952515, 47.462167], [-120.952451, 47.462113], [-120.952415, 47.462083], [-120.952387, 47.46206], [-120.952322, 47.462008], [-120.952254, 47.461958], [-120.952184, 47.461909], [-120.952112, 47.461863], [-120.952036, 47.46182], [-120.951952, 47.461783], [-120.951863, 47.46175], [-120.95177, 47.46172], [-120.951675, 47.461694], [-120.951579, 47.461669], [-120.951484, 47.461644], [-120.951389, 47.46162], [-120.951294, 47.461598], [-120.951197, 47.461577], [-120.9511, 47.461558], [-120.951003, 47.46154], [-120.950905, 47.461522], [-120.950806, 47.461506], [-120.950708, 47.46149], [-120.95061, 47.461474], [-120.95051, 47.461462], [-120.95041, 47.461452], [-120.95031, 47.461442], [-120.95021, 47.461432], [-120.95011, 47.461409], [-120.950038, 47.46141], [-120.949914, 47.461389], [-120.949817, 47.46137], [-120.949719, 47.461351], [-120.949623, 47.461331], [-120.949526, 47.46131], [-120.94943, 47.461289], [-120.949334, 47.461267], [-120.949238, 47.461245], [-120.949143, 47.461223], [-120.949048, 47.461199], [-120.948954, 47.461174], [-120.94886, 47.461148], [-120.948766, 47.461123], [-120.948672, 47.461099], [-120.948577, 47.461076], [-120.948481, 47.461054], [-120.948385, 47.461032], [-120.948288, 47.461012], [-120.94819, 47.460994], [-120.948092, 47.460979], [-120.947994, 47.460964], [-120.947895, 47.460949], [-120.947796, 47.460935], [-120.947697, 47.460921], [-120.947598, 47.460907], [-120.947499, 47.460893], [-120.947399, 47.460881], [-120.947346, 47.460874], [-120.947299, 47.460868], [-120.9472, 47.460857], [-120.9471, 47.460846], [-120.947, 47.460837], [-120.9469, 47.460828], [-120.9468, 47.46082], [-120.946699, 47.460813], [-120.946599, 47.460807], [-120.946498, 47.460802], [-120.946397, 47.460797], [-120.946296, 47.460792], [-120.946195, 47.460788], [-120.946094, 47.460783], [-120.945993, 47.460779], [-120.945892, 47.460775], [-120.945791, 47.46077], [-120.94569, 47.460766], [-120.945589, 47.460761], [-120.945489, 47.460755], [-120.945388, 47.460748], [-120.945288, 47.460741], [-120.945188, 47.460733], [-120.945088, 47.460724], [-120.944988, 47.460713], [-120.944889, 47.460701], [-120.94479, 47.460687], [-120.944692, 47.460671], [-120.944593, 47.460655], [-120.944495, 47.460639], [-120.944397, 47.460622], [-120.944298, 47.460605], [-120.9442, 47.460589], [-120.944102, 47.460573], [-120.944003, 47.460558], [-120.943904, 47.460544], [-120.943805, 47.460532], [-120.943705, 47.460521], [-120.943605, 47.46051], [-120.943505, 47.460499], [-120.943406, 47.460488], [-120.943306, 47.460476], [-120.943207, 47.460461], [-120.943109, 47.460446], [-120.94301, 47.460431], [-120.942912, 47.460415], [-120.942814, 47.460398], [-120.942716, 47.460379], [-120.942619, 47.46036], [-120.942524, 47.460338], [-120.942428, 47.460315], [-120.942333, 47.460292], [-120.942237, 47.460269], [-120.942142, 47.460244], [-120.942047, 47.460219], [-120.941953, 47.460193], [-120.94186, 47.460165], [-120.941769, 47.460136], [-120.94168, 47.460105], [-120.941593, 47.460072], [-120.941515, 47.460029], [-120.941446, 47.459976], [-120.94138, 47.459921], [-120.94131, 47.459871], [-120.941229, 47.459833], [-120.941139, 47.459806], [-120.941045, 47.459783], [-120.940948, 47.459764], [-120.940848, 47.459747], [-120.940748, 47.459733], [-120.940646, 47.459721], [-120.940545, 47.459711], [-120.940445, 47.459702], [-120.940345, 47.459695], [-120.940244, 47.45969], [-120.940143, 47.459687], [-120.940042, 47.459685], [-120.939941, 47.459683], [-120.93984, 47.459682], [-120.939739, 47.45968], [-120.939637, 47.459677], [-120.939536, 47.459672], [-120.939436, 47.459667], [-120.939335, 47.459662], [-120.939234, 47.459656], [-120.939133, 47.459649], [-120.939033, 47.459641], [-120.938933, 47.459632], [-120.938833, 47.45962], [-120.938736, 47.459604], [-120.938638, 47.459583], [-120.938542, 47.459562], [-120.938444, 47.459545], [-120.938345, 47.459534], [-120.938244, 47.459528], [-120.938143, 47.459525], [-120.938042, 47.459524], [-120.937941, 47.459523], [-120.937839, 47.459524], [-120.937738, 47.459526], [-120.937637, 47.459528], [-120.937536, 47.459531], [-120.937435, 47.459533], [-120.937334, 47.459535], [-120.937233, 47.459539], [-120.937132, 47.459542], [-120.937031, 47.459545], [-120.936931, 47.459545], [-120.93683, 47.459542], [-120.936728, 47.459539], [-120.936628, 47.459536], [-120.936527, 47.459532], [-120.936426, 47.459528], [-120.936325, 47.459524], [-120.936225, 47.459519], [-120.936123, 47.459514], [-120.936023, 47.459509], [-120.935922, 47.459504], [-120.935821, 47.459499], [-120.93572, 47.459494], [-120.935619, 47.459489], [-120.935518, 47.459484], [-120.935418, 47.459479], [-120.935317, 47.459474], [-120.935216, 47.459469], [-120.935116, 47.459463], [-120.935015, 47.459457], [-120.934914, 47.45945], [-120.934814, 47.459444], [-120.934713, 47.459436], [-120.934613, 47.45943], [-120.934511, 47.459424], [-120.934409, 47.459418], [-120.934308, 47.459413], [-120.934206, 47.459407], [-120.934104, 47.459401], [-120.934003, 47.459394], [-120.933903, 47.459385], [-120.933804, 47.459374], [-120.933705, 47.459362], [-120.933608, 47.459347], [-120.933513, 47.459328], [-120.933421, 47.459302], [-120.933333, 47.45927], [-120.933246, 47.459233], [-120.933161, 47.459194], [-120.933075, 47.459156], [-120.932988, 47.45912], [-120.932899, 47.459087], [-120.932808, 47.459056], [-120.932716, 47.459026], [-120.932625, 47.458996], [-120.932535, 47.458965], [-120.932446, 47.458932], [-120.93236, 47.458896], [-120.932279, 47.458857], [-120.9322, 47.458815], [-120.932126, 47.458769], [-120.932054, 47.458721], [-120.931983, 47.458672], [-120.931913, 47.458621], [-120.931844, 47.458571], [-120.931775, 47.45852], [-120.931704, 47.458471], [-120.931633, 47.458423], [-120.931561, 47.458374], [-120.93149, 47.458326], [-120.931418, 47.458277], [-120.931347, 47.458229], [-120.931276, 47.45818], [-120.931205, 47.458131], [-120.931134, 47.458082], [-120.931064, 47.458033], [-120.930994, 47.457984], [-120.930924, 47.457934], [-120.930852, 47.457886], [-120.930778, 47.457839], [-120.930703, 47.457793], [-120.930632, 47.457744], [-120.93057, 47.457687], [-120.930539, 47.457622], [-120.930554, 47.457557], [-120.930576, 47.457491], [-120.930604, 47.457424], [-120.930634, 47.457358], [-120.930665, 47.457292], [-120.930696, 47.457225], [-120.930725, 47.45716], [-120.930757, 47.457094], [-120.930789, 47.457029], [-120.930821, 47.456964], [-120.930852, 47.456899], [-120.93088, 47.456833], [-120.930903, 47.456767], [-120.93092, 47.456699], [-120.930931, 47.456631], [-120.930936, 47.456562], [-120.930937, 47.456494], [-120.930936, 47.456425], [-120.930933, 47.456357], [-120.930927, 47.456288], [-120.930921, 47.45622], [-120.930913, 47.456151], [-120.930903, 47.456083], [-120.93089, 47.456015], [-120.930875, 47.455947], [-120.930859, 47.455879], [-120.930842, 47.455812], [-120.930826, 47.455744], [-120.930812, 47.455676], [-120.9308, 47.455608], [-120.930791, 47.45554], [-120.930781, 47.455472], [-120.930772, 47.455403], [-120.930764, 47.455335], [-120.930755, 47.455266], [-120.930748, 47.455198], [-120.930743, 47.455129], [-120.930739, 47.455061], [-120.930736, 47.454992], [-120.930736, 47.454924], [-120.930738, 47.454856], [-120.930745, 47.454788], [-120.930758, 47.45472], [-120.930774, 47.454652], [-120.930791, 47.454584], [-120.930809, 47.454516], [-120.930826, 47.454449], [-120.930839, 47.454381], [-120.93085, 47.454313], [-120.93086, 47.454244], [-120.930868, 47.454176], [-120.930874, 47.454107], [-120.930877, 47.454039], [-120.930875, 47.45397], [-120.930871, 47.453902], [-120.930867, 47.453833], [-120.930863, 47.453763], [-120.930858, 47.453694], [-120.930851, 47.453624], [-120.930843, 47.453556], [-120.930832, 47.453487], [-120.930817, 47.45342], [-120.930799, 47.453353], [-120.930776, 47.453288], [-120.930743, 47.453225], [-120.930694, 47.453166], [-120.930634, 47.45311], [-120.930569, 47.453055], [-120.930506, 47.452999], [-120.930451, 47.452942], [-120.9304, 47.452882], [-120.930351, 47.452823], [-120.930302, 47.452762], [-120.930254, 47.452702], [-120.930204, 47.452642], [-120.930153, 47.452583], [-120.9301, 47.452525], [-120.930047, 47.452467], [-120.929994, 47.452408], [-120.929941, 47.45235], [-120.929887, 47.452292], [-120.929833, 47.452234], [-120.929778, 47.452176], [-120.929723, 47.452119], [-120.929666, 47.452062], [-120.929608, 47.452006], [-120.92955, 47.45195], [-120.929489, 47.451896], [-120.929427, 47.451842], [-120.929363, 47.451789], [-120.929297, 47.451736], [-120.929231, 47.451685], [-120.929163, 47.451633], [-120.929095, 47.451583], [-120.929026, 47.451533], [-120.928956, 47.451483], [-120.928887, 47.451433], [-120.928818, 47.451383], [-120.928747, 47.451334], [-120.928677, 47.451284], [-120.928607, 47.451235], [-120.928536, 47.451186], [-120.928464, 47.451137], [-120.928392, 47.451089], [-120.928319, 47.451042], [-120.928246, 47.450995], [-120.928171, 47.450949], [-120.928096, 47.450903], [-120.928019, 47.450859], [-120.927939, 47.450818], [-120.927855, 47.450779], [-120.927771, 47.450741], [-120.927686, 47.450704], [-120.927601, 47.450666], [-120.927517, 47.450628], [-120.927436, 47.450587], [-120.927356, 47.450545], [-120.92728, 47.450499], [-120.927207, 47.450452], [-120.927139, 47.450401], [-120.927075, 47.450348], [-120.927018, 47.450292], [-120.926965, 47.450233], [-120.926913, 47.450174], [-120.926861, 47.450115], [-120.926805, 47.450058], [-120.926743, 47.450004], [-120.926678, 47.449952], [-120.926611, 47.449901], [-120.926543, 47.44985], [-120.926473, 47.4498], [-120.926405, 47.449749], [-120.926338, 47.449698], [-120.926274, 47.449643], [-120.926212, 47.449586], [-120.926148, 47.44953], [-120.926084, 47.449476], [-120.926016, 47.449426], [-120.925942, 47.449381], [-120.925863, 47.449344], [-120.925801, 47.449326], [-120.925774, 47.449318], [-120.925678, 47.4493], [-120.925578, 47.449288], [-120.925474, 47.449279], [-120.92537, 47.44927], [-120.925268, 47.449258], [-120.92517, 47.449242], [-120.925071, 47.449227], [-120.924971, 47.449212], [-120.924872, 47.449196], [-120.924775, 47.449179], [-120.924678, 47.449158], [-120.924584, 47.449134], [-120.924493, 47.449106], [-120.924402, 47.449076], [-120.924313, 47.449045], [-120.924225, 47.449012], [-120.924136, 47.448978], [-120.924049, 47.448944], [-120.923961, 47.448909], [-120.923873, 47.448874], [-120.923785, 47.44884], [-120.923697, 47.448807], [-120.923608, 47.448775], [-120.923517, 47.448744], [-120.923423, 47.448716], [-120.923328, 47.44869], [-120.923233, 47.448663], [-120.92314, 47.448636], [-120.923048, 47.448607], [-120.922959, 47.448576], [-120.922875, 47.448541], [-120.922795, 47.4485], [-120.922716, 47.44845], [-120.922645, 47.448394], [-120.922588, 47.448333], [-120.922555, 47.448271], [-120.92255, 47.44821], [-120.922566, 47.448146], [-120.922596, 47.448081], [-120.922636, 47.448015], [-120.922679, 47.447948], [-120.922721, 47.447882], [-120.922755, 47.447816], [-120.922785, 47.44775], [-120.922813, 47.447685], [-120.922842, 47.447619], [-120.92287, 47.447553], [-120.922899, 47.447488], [-120.922929, 47.447422], [-120.92296, 47.447357], [-120.922992, 47.447292], [-120.923025, 47.447227], [-120.923058, 47.447162], [-120.923093, 47.447098], [-120.923128, 47.447034], [-120.923164, 47.44697], [-120.923201, 47.446906], [-120.923236, 47.44685], [-120.923281, 47.44678], [-120.923322, 47.446717], [-120.923363, 47.446655], [-120.923403, 47.446592], [-120.92344, 47.446528], [-120.923476, 47.446464], [-120.923513, 47.4464], [-120.923548, 47.446336], [-120.923582, 47.446271], [-120.923614, 47.446206], [-120.923645, 47.446141], [-120.923674, 47.446075], [-120.923703, 47.446009], [-120.923729, 47.445943], [-120.923754, 47.445876], [-120.923775, 47.445809], [-120.923794, 47.445742], [-120.923808, 47.445675], [-120.923818, 47.445606], [-120.923825, 47.445538], [-120.923831, 47.44547], [-120.923836, 47.445401], [-120.923843, 47.445332], [-120.923853, 47.445264], [-120.923867, 47.445196], [-120.923882, 47.445129], [-120.923898, 47.445061], [-120.923917, 47.444994], [-120.923938, 47.444926], [-120.92396, 47.44486], [-120.923985, 47.444793], [-120.924011, 47.444727], [-120.924038, 47.444661], [-120.924067, 47.444595], [-120.924096, 47.444529], [-120.924124, 47.444464], [-120.924151, 47.444398], [-120.924177, 47.444331], [-120.924203, 47.444265], [-120.924226, 47.444198], [-120.92425, 47.444132], [-120.924273, 47.444065], [-120.924297, 47.443999], [-120.924322, 47.443932], [-120.924347, 47.443866], [-120.924374, 47.4438], [-120.924402, 47.443734], [-120.92443, 47.443668], [-120.92446, 47.443602], [-120.92449, 47.443537], [-120.92452, 47.443472], [-120.924551, 47.443406], [-120.924589, 47.443341], [-120.92463, 47.443275], [-120.924672, 47.44321], [-120.924709, 47.443145], [-120.924739, 47.44308], [-120.924758, 47.443016], [-120.924762, 47.442952], [-120.924739, 47.442887], [-120.924696, 47.442823], [-120.92464, 47.442761], [-120.92458, 47.442702], [-120.924519, 47.442649], [-120.924447, 47.442601], [-120.924369, 47.442556], [-120.924293, 47.44251], [-120.924224, 47.442459], [-120.92416, 47.442406], [-120.924095, 47.442352], [-120.924033, 47.442296], [-120.923977, 47.442238], [-120.923931, 47.442178], [-120.923895, 47.442116], [-120.923866, 47.442051], [-120.923843, 47.441984], [-120.923824, 47.441916], [-120.923811, 47.441847], [-120.923801, 47.441778], [-120.923796, 47.441708], [-120.923795, 47.44164], [-120.923798, 47.441572], [-120.923804, 47.441504], [-120.923814, 47.441436], [-120.923826, 47.441368], [-120.92384, 47.4413], [-120.923855, 47.441232], [-120.92387, 47.441164], [-120.923886, 47.441095], [-120.923901, 47.441027], [-120.923914, 47.440959], [-120.923927, 47.440891], [-120.923939, 47.440823], [-120.923952, 47.440755], [-120.923966, 47.440687], [-120.923982, 47.44062], [-120.924, 47.440552], [-120.92402, 47.440485], [-120.924041, 47.440418], [-120.924063, 47.440351], [-120.924086, 47.440284], [-120.92411, 47.440218], [-120.924135, 47.440151], [-120.92416, 47.440085], [-120.924187, 47.440019], [-120.924213, 47.439953], [-120.924239, 47.439887], [-120.924268, 47.43982], [-120.9243, 47.439755], [-120.924333, 47.439689], [-120.924363, 47.439623], [-120.92439, 47.439557], [-120.92441, 47.43949], [-120.924421, 47.439423], [-120.924422, 47.439356], [-120.924414, 47.439288], [-120.9244, 47.43922], [-120.924383, 47.439151], [-120.924366, 47.439083], [-120.924353, 47.439014], [-120.924347, 47.438946], [-120.924345, 47.438877], [-120.924344, 47.438809], [-120.924345, 47.43874], [-120.924348, 47.438672], [-120.924352, 47.438603], [-120.924357, 47.438535], [-120.924364, 47.438466], [-120.924373, 47.438398], [-120.924387, 47.43833], [-120.924403, 47.438262], [-120.924419, 47.438195], [-120.924434, 47.438127], [-120.924444, 47.438059], [-120.92445, 47.43799], [-120.924457, 47.437921], [-120.924463, 47.437852], [-120.924467, 47.437783], [-120.924469, 47.437714], [-120.924467, 47.437645], [-120.924461, 47.437577], [-120.924449, 47.43751], [-120.924425, 47.437445], [-120.924386, 47.437382], [-120.924339, 47.437321], [-120.92429, 47.437259], [-120.924246, 47.437197], [-120.924208, 47.437133], [-120.924169, 47.437069], [-120.92413, 47.437005], [-120.924095, 47.436941], [-120.924063, 47.436876], [-120.924037, 47.43681], [-120.92402, 47.436743], [-120.924011, 47.436676], [-120.924009, 47.436607], [-120.92401, 47.436538], [-120.924015, 47.436469], [-120.924019, 47.4364], [-120.924021, 47.436331], [-120.924023, 47.436263], [-120.924024, 47.436194], [-120.924026, 47.436125], [-120.924028, 47.436056], [-120.924031, 47.435988], [-120.924035, 47.435919], [-120.924041, 47.435851], [-120.92405, 47.435783], [-120.92406, 47.435715], [-120.924077, 47.435648], [-120.924105, 47.435582], [-120.924138, 47.435517], [-120.924171, 47.435452], [-120.924197, 47.435385], [-120.924217, 47.435317], [-120.924233, 47.435248], [-120.924249, 47.435179], [-120.924268, 47.435111], [-120.924293, 47.435046], [-120.924328, 47.434984], [-120.924393, 47.434932], [-120.924486, 47.434891], [-120.924565, 47.434848], [-120.924595, 47.434792], [-120.924574, 47.434726], [-120.924535, 47.434656], [-120.9245, 47.43459], [-120.924461, 47.434526], [-120.92442, 47.434463], [-120.924384, 47.434399], [-120.924358, 47.434333], [-120.924341, 47.434266], [-120.924325, 47.434198], [-120.924313, 47.43413], [-120.924302, 47.434062], [-120.924292, 47.433993], [-120.924281, 47.433925], [-120.924269, 47.433857], [-120.924254, 47.433789], [-120.924239, 47.433721], [-120.924224, 47.433652], [-120.924207, 47.433582], [-120.924183, 47.433516], [-120.924148, 47.433453], [-120.924096, 47.433397], [-120.924027, 47.433348], [-120.923948, 47.433302], [-120.923867, 47.433258], [-120.923792, 47.433212], [-120.923719, 47.433164], [-120.923646, 47.433115], [-120.923572, 47.433068], [-120.923496, 47.433022], [-120.923418, 47.432979], [-120.923336, 47.432941], [-120.923247, 47.432909], [-120.923152, 47.432885], [-120.923053, 47.432865], [-120.922955, 47.432845], [-120.922859, 47.432822], [-120.922771, 47.432791], [-120.922692, 47.432751], [-120.922619, 47.432704], [-120.92255, 47.432654], [-120.922483, 47.432601], [-120.922417, 47.432548], [-120.922345, 47.432493], [-120.922278, 47.432448], [-120.922202, 47.432403], [-120.922122, 47.432361], [-120.922042, 47.432319], [-120.921965, 47.432275], [-120.921889, 47.43223], [-120.921812, 47.432185], [-120.921736, 47.43214], [-120.92166, 47.432094], [-120.921585, 47.432048], [-120.921511, 47.432002], [-120.921437, 47.431955], [-120.921364, 47.431908], [-120.921292, 47.43186], [-120.92122, 47.431812], [-120.921149, 47.431763], [-120.921079, 47.431714], [-120.921009, 47.431664], [-120.920941, 47.431613], [-120.920875, 47.431562], [-120.920811, 47.431508], [-120.92075, 47.431453], [-120.920691, 47.431397], [-120.920631, 47.431342], [-120.92057, 47.431287], [-120.920507, 47.431234], [-120.92044, 47.431184], [-120.920363, 47.43114], [-120.920278, 47.431102], [-120.92019, 47.431067], [-120.920102, 47.431033], [-120.920014, 47.430998], [-120.919924, 47.430966], [-120.919833, 47.430934], [-120.919743, 47.430901], [-120.919656, 47.430867], [-120.919574, 47.430829], [-120.919498, 47.430786], [-120.919436, 47.430733], [-120.919383, 47.430673], [-120.919335, 47.430611], [-120.919287, 47.43055], [-120.919244, 47.430488], [-120.919203, 47.430425], [-120.919163, 47.430361], [-120.919121, 47.430298], [-120.919076, 47.430237], [-120.919024, 47.430179], [-120.918966, 47.430124], [-120.918902, 47.430072], [-120.918834, 47.430021], [-120.918763, 47.429973], [-120.91869, 47.429925], [-120.918616, 47.429877], [-120.918542, 47.42983], [-120.918469, 47.429782], [-120.918398, 47.429733], [-120.918329, 47.429683], [-120.918263, 47.42963], [-120.918199, 47.429576], [-120.918135, 47.429522], [-120.918071, 47.429468], [-120.918005, 47.429416], [-120.917936, 47.429367], [-120.917864, 47.429321], [-120.917785, 47.42928], [-120.917698, 47.429247], [-120.917605, 47.429219], [-120.91751, 47.429193], [-120.917415, 47.429167], [-120.917322, 47.429139], [-120.917234, 47.429105], [-120.91715, 47.429067], [-120.917068, 47.429026], [-120.916987, 47.428984], [-120.916905, 47.428943], [-120.916821, 47.428905], [-120.916734, 47.428871], [-120.916644, 47.428842], [-120.916551, 47.428817], [-120.916456, 47.428795], [-120.91636, 47.428774], [-120.916262, 47.428755], [-120.916165, 47.428737], [-120.916067, 47.428719], [-120.915969, 47.428702], [-120.91587, 47.428684], [-120.915772, 47.428665], [-120.915676, 47.428646], [-120.915578, 47.428626], [-120.91548, 47.428608], [-120.915382, 47.428588], [-120.915289, 47.428563], [-120.915202, 47.42853], [-120.915119, 47.428492], [-120.91504, 47.42845], [-120.914962, 47.428405], [-120.914885, 47.42836], [-120.914807, 47.428316], [-120.914728, 47.428273], [-120.914645, 47.428234], [-120.91456, 47.428194], [-120.914474, 47.428152], [-120.914387, 47.428111], [-120.914298, 47.428074], [-120.914208, 47.428044], [-120.914167, 47.428035], [-120.914117, 47.428023], [-120.914024, 47.428013], [-120.913928, 47.428022], [-120.913829, 47.428044], [-120.913729, 47.428072], [-120.913629, 47.428099], [-120.913531, 47.428119], [-120.913434, 47.428125], [-120.913339, 47.428114], [-120.913244, 47.428093], [-120.913149, 47.428062], [-120.913059, 47.428025], [-120.912974, 47.427984], [-120.912895, 47.427941], [-120.912826, 47.427892], [-120.912765, 47.427836], [-120.912708, 47.427777], [-120.912652, 47.427718], [-120.912592, 47.427662], [-120.912525, 47.427612], [-120.912447, 47.427573], [-120.912355, 47.427548], [-120.912253, 47.427531], [-120.912151, 47.427515], [-120.912054, 47.427495], [-120.911969, 47.427462], [-120.911905, 47.42741], [-120.911849, 47.42735], [-120.911783, 47.427297], [-120.911703, 47.427255], [-120.91162, 47.427215], [-120.911533, 47.427177], [-120.911446, 47.42714], [-120.91136, 47.427102], [-120.911276, 47.427063], [-120.911197, 47.427021], [-120.911124, 47.426976], [-120.91106, 47.426926], [-120.911016, 47.426866], [-120.910986, 47.426798], [-120.91096, 47.426729], [-120.910929, 47.426662], [-120.910882, 47.426603], [-120.910817, 47.426553], [-120.910743, 47.426509], [-120.910661, 47.426468], [-120.910575, 47.426429], [-120.910486, 47.426393], [-120.910398, 47.426356], [-120.910313, 47.42632], [-120.910226, 47.426285], [-120.910138, 47.426251], [-120.91005, 47.426217], [-120.909961, 47.426184], [-120.909872, 47.426151], [-120.909782, 47.426118], [-120.909694, 47.426085], [-120.909606, 47.426051], [-120.90952, 47.426016], [-120.909434, 47.42598], [-120.909351, 47.425941], [-120.90927, 47.425902], [-120.909193, 47.425858], [-120.909121, 47.42581], [-120.909051, 47.42576], [-120.908983, 47.425708], [-120.908915, 47.425657], [-120.908846, 47.425606], [-120.908774, 47.425558], [-120.908699, 47.425513], [-120.908619, 47.425471], [-120.908534, 47.425432], [-120.908446, 47.425397], [-120.908354, 47.425366], [-120.90826, 47.425341], [-120.908164, 47.425323], [-120.908066, 47.425307], [-120.907966, 47.425292], [-120.907866, 47.425278], [-120.907765, 47.425266], [-120.907663, 47.425256], [-120.907561, 47.425247], [-120.90746, 47.425242], [-120.907359, 47.425238], [-120.907259, 47.425238], [-120.90716, 47.425241], [-120.907062, 47.425248], [-120.906964, 47.425263], [-120.906867, 47.425282], [-120.906771, 47.425307], [-120.906676, 47.425334], [-120.906582, 47.425364], [-120.90649, 47.425394], [-120.9064, 47.425424], [-120.90631, 47.425456], [-120.906222, 47.425489], [-120.906135, 47.425524], [-120.906048, 47.42556], [-120.905963, 47.425598], [-120.905879, 47.425636], [-120.905796, 47.425676], [-120.905715, 47.425717], [-120.905637, 47.425759], [-120.905564, 47.425806], [-120.905494, 47.425856], [-120.905429, 47.425909], [-120.905365, 47.425963], [-120.905303, 47.426017], [-120.905248, 47.426076], [-120.905196, 47.426137], [-120.905144, 47.426198], [-120.905088, 47.426256], [-120.905023, 47.426306], [-120.907637, 47.52621], [-120.90995, 47.614319], [-120.791281, 47.616152], [-120.72571, 47.617114], [-120.659003, 47.618054], [-120.602347, 47.618822], [-120.525027, 47.619827], [-120.525731, 47.693072], [-120.526658, 47.789233], [-120.656233, 47.787712], [-120.87305, 47.791341], [-121.042912, 47.794501], [-121.043207, 47.780672], [-121.115921, 47.779976], [-121.119177, 47.779944]]]}, "properties": {"OBJECTID": 58, "Shape_Length": 572899.6429221395, "Shape_Area": 10891665724.104792, "State": "WA", "DistrictID": "WA0024", "DistrictNm": "Leavenworth", "Other_Name": null, "County": "Chelan", "District_Link": "https://d92019.eos-intl.net/D92019/OPAC/Details/Record.aspx?BibCode=28452886", "District_Cite": "[Washington Geological Survey], [1980], Mining districts of Washington: [Washington Geological Survey], 1 plate, 1 p. text.", "Notes": null}}]}