{"type": "FeatureCollection", "features": [{"type": "Feature", "id": 2401, "geometry": {"type": "Polygon", "coordinates": [[[-121.33806128169535, 47.51887043433913], [-121.33803564140068, 47.52609154274741], [-121.34870233916291, 47.52607005858736], [-121.34872428345734, 47.518851040179825], [-121.33806128169535, 47.51887043433913]]]}, "properties": {"OBJECTID": 2401, "ID": "814883258922860544", "CSE_NAME": "Katie Belle Ridge", "STAGE_ID": "814883257928810496", "BLM_PROD": "LODE CLAIM", "CSE_TYPE_NR": "384101", "CSE_NR": "OR105226480", "LEG_CSE_NR": "", "SF_ID": "a02t0000006Md1rAAC", "CSE_DISP": "Active", "SRC": "LLD", "QLTY": "8: MIDPOINT\nSECTION CONTAINS 5 OR LESS POLYGONS\naliquot\n36 sections retrieved\n36 intersected features retrieved\n1 matching sections found\nsection 36 issimple: False", "CSE_META": "WA 33 0240N 0110E 036 A SE", "RCRD_ACRS": 20.66, "Created": 1614297600000, "Modified": 1735661921000, "Shape__Length": 0.03576994015390652, "Shape__Area": 7.700038814365201e-05}}, {"type": "Feature", "id": 12519, "geometry": {"type": "Polygon", "coordinates": [[[-121.51547047196327, 47.38301618447859], [-121.51549412312204, 47.37941577027438], [-121.51551779627991, 47.3758104230698], [-121.51019900640148, 47.37579584564483], [-121.50488163252308, 47.3757810192197], [-121.50485727634144, 47.37928562341881], [-121.50485658136462, 47.37938499942443], [-121.50483135020636, 47.382988980629186], [-121.50945459296987, 47.38300081312918], [-121.50991470704587, 47.383001980079406], [-121.51015090708489, 47.383002575053894], [-121.5150065998866, 47.38301475452875], [-121.51512520790622, 47.38301505051592], [-121.51519506391773, 47.383015264508394], [-121.51526484992927, 47.383015479500834], [-121.51547047196327, 47.38301618447859]]]}, "properties": {"OBJECTID": 12519, "ID": "867862251766390784", "CSE_NAME": "Hansen Creek #1", "STAGE_ID": "866692421508050944", "BLM_PROD": "LODE CLAIM", "CSE_TYPE_NR": "384101", "CSE_NR": "OR105249834", "LEG_CSE_NR": "", "SF_ID": "a02t0000007FcATAA0", "CSE_DISP": "Active", "SRC": "LLD", "QLTY": "1: MIDPOINT\nTYPICAL QUARTER SECTION WITH 4 STANDARD LEGALS ATTRIBUTED\naliquot\n36 sections retrieved\n590 intersected features retrieved\n16 matching sections found\nsection 22 issimple: True", "CSE_META": "WA 33 0220N 0100E 022 A NE", "RCRD_ACRS": 20.66, "Created": 1626912000000, "Modified": 1745955872000, "Shape__Length": 0.03568941034263011, "Shape__Area": 7.666373536893352e-05}}, {"type": "Feature", "id": 12520, "geometry": {"type": "Polygon", "coordinates": [[[-121.51547941611828, 47.379410076275676], [-121.51545576395952, 47.38301046047988], [-121.51545576395952, 47.3830104904799], [-121.52054356480046, 47.38302787792991], [-121.52055609680258, 47.38302791892851], [-121.52055857080296, 47.383027927928254], [-121.52059135580843, 47.38302806992471], [-121.52061795881278, 47.38302812892183], [-121.52062414281387, 47.3830281419212], [-121.52077530583881, 47.38302865190485], [-121.52609485671789, 47.383046570329725], [-121.52611485401162, 47.3800239381584], [-121.52611871787518, 47.37943986112527], [-121.52611942885008, 47.379332428119184], [-121.52613980212355, 47.37622248994284], [-121.52614043010112, 47.376126569937426], [-121.52614114203243, 47.37583314692092], [-121.5208218891543, 47.37581906049609], [-121.51550309027616, 47.375804729071106], [-121.51547941611828, 47.379410076275676]]]}, "properties": {"OBJECTID": 12520, "ID": "867862448286433280", "CSE_NAME": "Hansen Creek #2", "STAGE_ID": "866693541798174720", "BLM_PROD": "LODE CLAIM", "CSE_TYPE_NR": "384101", "CSE_NR": "OR105249835", "LEG_CSE_NR": "", "SF_ID": "a02t0000007FcAUAA0", "CSE_DISP": "Active", "SRC": "EGMS", "QLTY": "100", "CSE_META": "WA 33 0220N 0100E 022 A NENW|WA 33 0220N 0100E 022 A SENW|WA 33 0220N 0100E 022 A NWNW|WA 33 0220N 0100E 022 A SWNW", "RCRD_ACRS": 10, "Created": 1626912000000, "Modified": 1745956782000, "Shape__Length": 0.03569673055556455, "Shape__Area": 7.670589199933151e-05}}, {"type": "Feature", "id": 12613, "geometry": {"type": "Polygon", "coordinates": [[[-121.49871848142925, 47.388223807584495], [-121.4933846666384, 47.3885951421829], [-121.49341289493435, 47.38983584324943], [-121.49343705318773, 47.39089766230629], [-121.49343939121223, 47.391000415311844], [-121.49345836041118, 47.391834150356516], [-121.49880904124566, 47.39163675976596], [-121.50385672103269, 47.39145031520881], [-121.5038429868893, 47.390849359176606], [-121.50384292488866, 47.39084665817648], [-121.50381349458138, 47.38955876610754], [-121.50380213746377, 47.38906590908111], [-121.5037854932894, 47.388335124041994], [-121.50377792117924, 47.387871338016815], [-121.49871848142925, 47.388223807584495]]]}, "properties": {"OBJECTID": 12613, "ID": "867862603597205504", "CSE_NAME": "Hansen Creek #3", "STAGE_ID": "866693711751413760", "BLM_PROD": "LODE CLAIM", "CSE_TYPE_NR": "384101", "CSE_NR": "OR105249836", "LEG_CSE_NR": "", "SF_ID": "a02t0000007FcAVAA0", "CSE_DISP": "Active", "SRC": "LLD", "QLTY": "0: WA330220N0100E0SN140ANWSW\n36 sections retrieved\n590 intersected features retrieved, WA330220N0100E0SN140ANESW\n36 sections retrieved\n590 intersected features retrieved", "CSE_META": "WA 33 0220N 0100E 014 A NWSW|WA 33 0220N 0100E 014 A NESW", "RCRD_ACRS": 20.66, "Created": 1626912000000, "Modified": 1745956837000, "Shape__Length": 0.027643565944182383, "Shape__Area": 3.547670460213651e-05}}, {"type": "Feature", "id": 41553, "geometry": {"type": "Polygon", "coordinates": [[[-121.3699514501558, 47.502720659969114], [-121.36464311227708, 47.50272046854548], [-121.35933478139829, 47.50272021712189], [-121.35933881819511, 47.50608689231047], [-121.35933961035161, 47.50674808934751], [-121.35934339009845, 47.50990269852416], [-121.35934342610551, 47.50993243152584], [-121.35934342613052, 47.51003807453176], [-121.35934342615553, 47.51014386053769], [-121.35934405930519, 47.5107759795731], [-121.35934678394916, 47.51349571772542], [-121.35934685296503, 47.5135626667292], [-121.35934815625892, 47.51480388079872], [-121.35935039876487, 47.51694002191832], [-121.35935057080373, 47.517104003927514], [-121.35935071382222, 47.517182003931836], [-121.35935078482719, 47.51720300393302], [-121.35935049983566, 47.517239003935096], [-121.35938728521876, 47.51883164702042], [-121.36469142908793, 47.51879328844209], [-121.36994950194942, 47.51875550286872], [-121.36998124995458, 47.51875527786525], [-121.37520750281085, 47.518718287295385], [-121.37527823382246, 47.51871779628769], [-121.37622507397764, 47.51871121618446], [-121.38057521669054, 47.51868192971016], [-121.38055636029472, 47.517023215619304], [-121.38055641627841, 47.51695407461539], [-121.38055823474315, 47.51469170948842], [-121.38055878758058, 47.514004358449846], [-121.38055898046491, 47.51351549342244], [-121.38055900245178, 47.51346000141935], [-121.38056127179935, 47.51070142126444], [-121.38056195660253, 47.50986910221774], [-121.38056285834307, 47.5087720011561], [-121.38056465885587, 47.50671113804037], [-121.38056521470571, 47.50607600300472], [-121.38056814291264, 47.50272085781626], [-121.37525979403429, 47.50272078939268], [-121.3699514501558, 47.502720659969114]]]}, "properties": {"OBJECTID": 41553, "ID": "972971756010786816", "CSE_NAME": "P.L.", "STAGE_ID": "972960339421462528", "BLM_PROD": "Lode Claim", "CSE_TYPE_NR": "384101", "CSE_NR": "OR105761460", "LEG_CSE_NR": "", "SF_ID": "a023d00000BxcBtAAJ", "CSE_DISP": "Active", "SRC": "LLD", "QLTY": "8; WA330230N0110E0SN020ANESE; WA330230N0110E0SN020ANWSE; WA330230N0110E0SN020ASESE; WA330230N0110E0SN020ASWSE; Only mapped PLSS First Div, aliquot", "CSE_META": "WA 33 0230N 0110E 002 NESE | WA 33 0230N 0110E 002 NWSE | WA 33 0230N 0110E 002 SESE | WA 33 0230N 0110E 002 SWSE | WA 33 0230N 0110E 002 A MULT", "RCRD_ACRS": 989.72, "Created": 1651968000000, "Modified": 1745971200000, "Shape__Length": 0.07449486237626522, "Shape__Area": 0.0003402200080044566}}, {"type": "Feature", "id": 54765, "geometry": {"type": "Polygon", "coordinates": [[[-121.4672018717256, 47.364720573676564], [-121.47259909562602, 47.36476904909537], [-121.47265758479662, 47.36118885088776], [-121.46726434489929, 47.361150654469085], [-121.4672018717256, 47.364720573676564]]]}, "properties": {"OBJECTID": 54765, "ID": "1019786699619840000", "CSE_NAME": "Sahalie Ridge", "STAGE_ID": "1019778469497806848", "BLM_PROD": "Lode Claim", "CSE_TYPE_NR": "384101", "CSE_NR": "OR105785439", "LEG_CSE_NR": "", "SF_ID": "a023d00000Eel2DAAR", "CSE_DISP": "Active", "SRC": "LLD", "QLTY": "1; WA330220N0100E0SN240ASESE; MIDPOINT, TYPICAL QUARTER SECTION WITH 4 STANDARD LEGALS ATTRIBUTED, aliquot; WA330220N0100E0SN250ANENE; WA330220N0100E0SN250ANWNE; WA330220N0100E0SN250ASENE; WA330220N0100E0SN250ASWNE", "CSE_META": "WA 33 0220N 0100E 024 SESE | WA 33 0220N 0100E 024 A SE | WA 33 0220N 0100E 025 NENE | WA 33 0220N 0100E 025 NWNE | WA 33 0220N 0100E 025 SENE | WA 33 0220N 0100E 025 SWNE", "RCRD_ACRS": 360, "Created": 1663200000000, "Modified": 1745971200000, "Shape__Length": 0.01794195630972697, "Shape__Area": 1.9290887524206505e-05}}, {"type": "Feature", "id": 68256, "geometry": {"type": "Polygon", "coordinates": [[[-121.41927446595875, 47.979380326915596], [-121.4084990031691, 47.97938032810337], [-121.40852152447707, 47.992887598836084], [-121.40852312871284, 47.99384998488824], [-121.41052764604585, 47.99384998466719], [-121.430080059293, 47.99384998251089], [-121.43006499351992, 47.986615154119384], [-121.43004992774775, 47.97938032572773], [-121.41927446595875, 47.979380326915596]]]}, "properties": {"OBJECTID": 68256, "ID": "1077663700124553216", "CSE_NAME": "Viscount (B)", "STAGE_ID": "1077614803490553856", "BLM_PROD": "Lode Claim", "CSE_TYPE_NR": "384101", "CSE_NR": "OR105817350", "LEG_CSE_NR": "", "SF_ID": "a023d00000FOvZCAA1", "CSE_DISP": "Filed", "SRC": "LLD", "QLTY": "8: MIDPOINT\nSECTION CONTAINS 5 OR LESS POLYGONS\nTWN CONTAINS PB/UP/UU\naliquot\n53 sections retrieved\n210 intersected features retrieved\ntodo handle unclean township\n2 matching sections found\nsection 20 issimple: False, Only mapped PLSS First Div\nTWN CONTAI", "CSE_META": "WA 33 0290N 0110E 020 A SW|WA 33 0290N 0110E 020 A OT|WA 33 0290N 0110E 020 A ALL", "RCRD_ACRS": 18.3, "Created": 1676937600000, "Modified": 1728154974000, "Shape__Length": 0.07204721147205581, "Shape__Area": 0.0003118778630567101}}, {"type": "Feature", "id": 68260, "geometry": {"type": "Polygon", "coordinates": [[[-121.43556768379325, 47.90612158312831], [-121.43556236366491, 47.909707125324694], [-121.43555770542496, 47.91283301849577], [-121.43555696254612, 47.913331227523045], [-121.43555156242758, 47.916955329721404], [-121.43555155942816, 47.91695787172152], [-121.43554618430925, 47.920579431919705], [-121.43559370431723, 47.920579768914514], [-121.43816194974761, 47.92059795563289], [-121.44092820521112, 47.92061754532949], [-121.44631025011283, 47.92065565973924], [-121.45169252700981, 47.920674681147915], [-121.45247222813961, 47.92067687206223], [-121.45283574820003, 47.920677894022276], [-121.454571524489, 47.92068275983147], [-121.4547621005207, 47.920683297810534], [-121.45596608772108, 47.92068669467819], [-121.45596615269197, 47.92056698767171], [-121.4559664135757, 47.920089600645625], [-121.45606503985552, 47.91706552646999], [-121.45608652968745, 47.916360864429265], [-121.45611283649485, 47.915551915382245], [-121.4561646201157, 47.913959542289774], [-121.45617337505139, 47.91368966827414], [-121.45618133799309, 47.91344461325991], [-121.45620618079943, 47.91263229121291], [-121.45621595802017, 47.909424490036926], [-121.4562161209213, 47.90901829301481], [-121.45622122456034, 47.90753165593316], [-121.45622853004366, 47.90540352781633], [-121.4516488673705, 47.90575617333936], [-121.44630849958465, 47.90616472194914], [-121.44104959770301, 47.90612470852549], [-121.44093812068431, 47.90612386053769], [-121.44089514367714, 47.9061235335424], [-121.43557625278531, 47.90608308812533], [-121.43556774078387, 47.906083023126264], [-121.43556768379325, 47.90612158312831]]]}, "properties": {"OBJECTID": 68260, "ID": "1077666099081928704", "CSE_NAME": "Miss Fortune", "STAGE_ID": "1077619904372387840", "BLM_PROD": "LODE CLAIM", "CSE_TYPE_NR": "384101", "CSE_NR": "OR105818390", "LEG_CSE_NR": null, "SF_ID": "a023d00000FRIRYAA5", "CSE_DISP": "Active", "SRC": "LLD/CLS", "QLTY": "0; ONLY SECTION IN LLD", "CSE_META": "WA 33 0280N 0110E 018 E NE", "RCRD_ACRS": 20.66, "Created": 1676937600000, "Modified": 1779470520000, "Shape__Length": 0.07089396126120512, "Shape__Area": 0.0003022209029084896}}, {"type": "Feature", "id": 68261, "geometry": {"type": "Polygon", "coordinates": [[[-121.4516488673705, 47.90575617333936], [-121.44630849958465, 47.90616472194914], [-121.44104959770301, 47.90612470852549], [-121.44093812068431, 47.90612386053769], [-121.44089514367714, 47.9061235335424], [-121.43557625278531, 47.90608308812533], [-121.43556774078387, 47.906083023126264], [-121.43556768379325, 47.90612158312831], [-121.43556236366491, 47.909707125324694], [-121.43555770542496, 47.91283301849577], [-121.43555696254612, 47.913331227523045], [-121.43555156242758, 47.916955329721404], [-121.43555155942816, 47.91695787172152], [-121.43554618430925, 47.920579431919705], [-121.43559370431723, 47.920579768914514], [-121.43816194974761, 47.92059795563289], [-121.44092820521112, 47.92061754532949], [-121.44631025011283, 47.92065565973924], [-121.45169252700981, 47.920674681147915], [-121.45247222813961, 47.92067687206223], [-121.45283574820003, 47.920677894022276], [-121.454571524489, 47.92068275983147], [-121.4547621005207, 47.920683297810534], [-121.45596608772108, 47.92068669467819], [-121.45596615269197, 47.92056698767171], [-121.4559664135757, 47.920089600645625], [-121.45606503985552, 47.91706552646999], [-121.45608652968745, 47.916360864429265], [-121.45611283649485, 47.915551915382245], [-121.4561646201157, 47.913959542289774], [-121.45617337505139, 47.91368966827414], [-121.45618133799309, 47.91344461325991], [-121.45620618079943, 47.91263229121291], [-121.45621595802017, 47.909424490036926], [-121.4562161209213, 47.90901829301481], [-121.45622122456034, 47.90753165593316], [-121.45622853004366, 47.90540352781633], [-121.4516488673705, 47.90575617333936]]]}, "properties": {"OBJECTID": 68261, "ID": "1077666969060294656", "CSE_NAME": "Karen E", "STAGE_ID": "1077620252344451072", "BLM_PROD": "LODE CLAIM", "CSE_TYPE_NR": "384101", "CSE_NR": "OR105818391", "LEG_CSE_NR": null, "SF_ID": "a023d00000FRIRZAA5", "CSE_DISP": "Active", "SRC": "LLD", "QLTY": "8: SIMPLE\nFULLY ATTRIBUTED QUARTER SECTION ALL BUCKETS ARE EQUAL\naliquot\n43 sections retrieved\n708 intersected features retrieved\n25 matching sections found\nsection 18 issimple: False, WA330280N0110E0SN180ANENE\n43 sections retrieved\n708 intersected featur", "CSE_META": "WA 33 0280N 0110E 018 A NE|WA 33 0280N 0110E 018 A NENE|WA 33 0280N 0110E 018 A SENE|WA 33 0280N 0110E 018 A Government Lot 4|WA 33 0280N 0110E 018 A NE|WA 33 0280N 0110E 018 A NWNE", "RCRD_ACRS": 20.66, "Created": 1676937600000, "Modified": 1779471120000, "Shape__Length": 0.07089396126120509, "Shape__Area": 0.0003022209029084896}}, {"type": "Feature", "id": 71540, "geometry": {"type": "Polygon", "coordinates": [[[-121.33803123757554, 47.5099324878402], [-121.3380316077802, 47.51079732188872], [-121.33803217209046, 47.51210856796235], [-121.338032423229, 47.51269371999519], [-121.33803256642696, 47.51353057704222], [-121.33803261744488, 47.513606113046464], [-121.33803344673548, 47.514833902115335], [-121.33803388989067, 47.515489491152145], [-121.33803449710327, 47.516387506202555], [-121.3380347502298, 47.51692194323254], [-121.33803485328119, 47.51713886324473], [-121.33806128169535, 47.51887043433913], [-121.33803564140068, 47.52609154274741], [-121.34870233916291, 47.52607005858736], [-121.34872428345734, 47.518851040179825], [-121.34333572556703, 47.518860841765665], [-121.34339277257575, 47.51885782975933], [-121.34507314183314, 47.51876911757178], [-121.34556080659004, 47.51740069944201], [-121.34572893250625, 47.516928926397256], [-121.34647955613208, 47.51482246119743], [-121.34691924491293, 47.51358848108039], [-121.34680867889469, 47.5135887030924], [-121.34338715732949, 47.51359557146437], [-121.34338416266581, 47.510792328307204], [-121.34338323446055, 47.509925379258604], [-121.33803123757554, 47.5099324878402]]]}, "properties": {"OBJECTID": 71540, "ID": "1090316398078586880", "CSE_NAME": "Big Chief", "STAGE_ID": "1090316397113896960", "BLM_PROD": "LODE CLAIM", "CSE_TYPE_NR": "384101", "CSE_NR": "OR105823728", "LEG_CSE_NR": null, "SF_ID": "a023d00000Fh8J1AAJ", "CSE_DISP": "Active", "SRC": "LLD/CLS", "QLTY": "8: MIDPOINT\nSECTION CONTAINS 5 OR LESS POLYGONS\naliquot\n36 sections retrieved\n36 intersected features retrieved\n1 matching sections found\nsection 36 issimple: False, SIMPLE\nFULLY ATTRIBUTED QUARTER SECTION ALL BUCKETS ARE EQUAL\nDOES NOT MATCH PM ANGLES\nal", "CSE_META": "WA 33 0240N 0110E 036 A SE|WA 33 0230N 0110E 001 A NE", "RCRD_ACRS": 20.66, "Created": 1679961600000, "Modified": 1752866249000, "Shape__Length": 0.059227496945422085, "Shape__Area": 0.00013839544901295004}}, {"type": "Feature", "id": 75897, "geometry": {"type": "Polygon", "coordinates": [[[-121.4516488673705, 47.90575617333936], [-121.44630849958465, 47.90616472194914], [-121.44104959770301, 47.90612470852549], [-121.44093812068431, 47.90612386053769], [-121.44089514367714, 47.9061235335424], [-121.43557625278531, 47.90608308812533], [-121.43556774078387, 47.906083023126264], [-121.43556768379325, 47.90612158312831], [-121.43556236366491, 47.909707125324694], [-121.43555770542496, 47.91283301849577], [-121.43555696254612, 47.913331227523045], [-121.43555156242758, 47.916955329721404], [-121.43555155942816, 47.91695787172152], [-121.43554618430925, 47.920579431919705], [-121.43559370431723, 47.920579768914514], [-121.43816194974761, 47.92059795563289], [-121.44092820521112, 47.92061754532949], [-121.44631025011283, 47.92065565973924], [-121.45169252700981, 47.920674681147915], [-121.45247222813961, 47.92067687206223], [-121.45283574820003, 47.920677894022276], [-121.454571524489, 47.92068275983147], [-121.4547621005207, 47.920683297810534], [-121.45596608772108, 47.92068669467819], [-121.45596615269197, 47.92056698767171], [-121.4559664135757, 47.920089600645625], [-121.45606503985552, 47.91706552646999], [-121.45608652968745, 47.916360864429265], [-121.45611283649485, 47.915551915382245], [-121.4561646201157, 47.913959542289774], [-121.45617337505139, 47.91368966827414], [-121.45618133799309, 47.91344461325991], [-121.45620618079943, 47.91263229121291], [-121.45621595802017, 47.909424490036926], [-121.4562161209213, 47.90901829301481], [-121.45622122456034, 47.90753165593316], [-121.45622853004366, 47.90540352781633], [-121.4516488673705, 47.90575617333936]]]}, "properties": {"OBJECTID": 75897, "ID": "1105626753436712960", "CSE_NAME": "Wanda L", "STAGE_ID": "1105614425320222720", "BLM_PROD": "LODE CLAIM", "CSE_TYPE_NR": "384101", "CSE_NR": "OR105830319", "LEG_CSE_NR": null, "SF_ID": "a023d00000Fwc6EAAR", "CSE_DISP": "Active", "SRC": "LLD", "QLTY": "8: WA330280N0110E0SN180ASENE\n43 sections retrieved\n708 intersected features retrieved, WA330280N0110E0SN180ANWNE\n43 sections retrieved\n708 intersected features retrieved, WA330280N0110E0SN180ANENE\n43 sections retrieved\n708 intersected features retrieved, ", "CSE_META": "WA 33 0280N 0110E 018 A SENE|WA 33 0280N 0110E 018 A NWNE|WA 33 0280N 0110E 018 A NENE|WA 33 0280N 0110E 018 A NE|WA 33 0280N 0110E 018 A Government Lot 4|WA 33 0280N 0110E 018 A NE", "RCRD_ACRS": 20.66, "Created": 1683590400000, "Modified": 1779469080000, "Shape__Length": 0.07089396126120509, "Shape__Area": 0.0003022209029084896}}, {"type": "Feature", "id": 329642, "geometry": {"type": "Polygon", "coordinates": [[[-121.78125400335645, 48.31262291551146], [-121.78120374227038, 48.31629805270859], [-121.78115346618445, 48.31997277790572], [-121.78653878806632, 48.319953731303386], [-121.79192409894794, 48.31993443270103], [-121.79725279283228, 48.31996367710743], [-121.80258148671648, 48.31999267551388], [-121.80257395879586, 48.3163304013241], [-121.80256642687542, 48.31266797713428], [-121.80269375589651, 48.31266859012009], [-121.80268291696572, 48.30896574992856], [-121.80267208303584, 48.30526578973707], [-121.79730075815179, 48.30526459333659], [-121.79192942926753, 48.30526314593612], [-121.78657885738916, 48.30527222553381], [-121.78122827951059, 48.30528105513145], [-121.7812411444335, 48.3089521913215], [-121.78125400335645, 48.31262291551146]]]}, "properties": {"OBJECTID": 329642, "ID": "801974245423841286", "CSE_NAME": "HIGGINS COPPER #1", "STAGE_ID": null, "BLM_PROD": "Lode Claim", "CSE_TYPE_NR": "384101", "CSE_NR": "OR101484120", "LEG_CSE_NR": "ORMC102600", "SF_ID": "a02t000000586foAAA", "CSE_DISP": "Active", "SRC": "LLD", "QLTY": "1: MIDPOINT\nTYPICAL QUARTER SECTION WITH 4 STANDARD LEGALS ATTRIBUTED\nDOES NOT MATCH PM ANGLES\naliquot\n36 sections retrieved\n576 intersected features retrieved\n16 matching sections found\nsection 28 issimple: True, MIDPOINT\nTYPICAL QUARTER SECTION WITH 4 S", "CSE_META": "WA 33 0330N 0080E 028 A SW|WA 33 0330N 0080E 029 A SE|WA 33 0330N 0080E 032 A NE|WA 33 0330N 0080E 033 A NW", "RCRD_ACRS": 20.66, "Created": 1611360000000, "Modified": 1728174319000, "Shape__Length": 0.07241939006626935, "Shape__Area": 0.00031446479307945007}}, {"type": "Feature", "id": 329643, "geometry": {"type": "Polygon", "coordinates": [[[-121.78125400335645, 48.31262291551146], [-121.78120374227038, 48.31629805270859], [-121.78115346618445, 48.31997277790572], [-121.78653878806632, 48.319953731303386], [-121.79192409894794, 48.31993443270103], [-121.79196464803601, 48.31627485950591], [-121.79200519312431, 48.312615284310745], [-121.78662959824051, 48.312619214911095], [-121.78125400335645, 48.31262291551146]]]}, "properties": {"OBJECTID": 329643, "ID": "801974245050548233", "CSE_NAME": "HIGGINS COPPER #2", "STAGE_ID": null, "BLM_PROD": "Lode Claim", "CSE_TYPE_NR": "384101", "CSE_NR": "OR101431377", "LEG_CSE_NR": "ORMC102601", "SF_ID": "a02t000000584MxAAI", "CSE_DISP": "Active", "SRC": "LLD", "QLTY": "1: MIDPOINT\nTYPICAL QUARTER SECTION WITH 4 STANDARD LEGALS ATTRIBUTED\nDOES NOT MATCH PM ANGLES\naliquot\n36 sections retrieved\n576 intersected features retrieved\n16 matching sections found\nsection 28 issimple: True", "CSE_META": "WA 33 0330N 0080E 028 A SW", "RCRD_ACRS": 20.66, "Created": 1611360000000, "Modified": 1728174102000, "Shape__Length": 0.03619203682911042, "Shape__Area": 7.892388681451051e-05}}, {"type": "Feature", "id": 329644, "geometry": {"type": "Polygon", "coordinates": [[[-121.78125400335645, 48.31262291551146], [-121.77587841647228, 48.31262671611178], [-121.77050283258791, 48.31263035871202], [-121.77044283650388, 48.316320237911164], [-121.77038282642003, 48.32001011411032], [-121.77576814630237, 48.31999157150807], [-121.78115346618445, 48.31997277790572], [-121.78653878806632, 48.319953731303386], [-121.79192409894794, 48.31993443270103], [-121.79196464803601, 48.31627485950591], [-121.79200519312431, 48.312615284310745], [-121.78662959824051, 48.312619214911095], [-121.78125400335645, 48.31262291551146]]]}, "properties": {"OBJECTID": 329644, "ID": "801974245516116020", "CSE_NAME": "HIGGINS COPPER #3", "STAGE_ID": null, "BLM_PROD": "Lode Claim", "CSE_TYPE_NR": "384101", "CSE_NR": "OR101481232", "LEG_CSE_NR": "ORMC102602", "SF_ID": "a02t000000584QjAAI", "CSE_DISP": "Active", "SRC": "LLD", "QLTY": "1: MIDPOINT\nTYPICAL QUARTER SECTION WITH 4 STANDARD LEGALS ATTRIBUTED\nDOES NOT MATCH PM ANGLES\naliquot\n36 sections retrieved\n576 intersected features retrieved\n16 matching sections found\nsection 28 issimple: True, MIDPOINT\nTYPICAL QUARTER SECTION WITH 4 S", "CSE_META": "WA 33 0330N 0080E 028 A SW|WA 33 0330N 0080E 028 A SE", "RCRD_ACRS": 20.66, "Created": 1611360000000, "Modified": 1728174109000, "Shape__Length": 0.057744092218891346, "Shape__Area": 0.00015817367471102704}}, {"type": "Feature", "id": 329645, "geometry": {"type": "Polygon", "coordinates": [[[-121.78125400335645, 48.31262291551146], [-121.78120374227038, 48.31629805270859], [-121.78115346618445, 48.31997277790572], [-121.78653878806632, 48.319953731303386], [-121.79192409894794, 48.31993443270103], [-121.79196464803601, 48.31627485950591], [-121.79200519312431, 48.312615284310745], [-121.78662959824051, 48.312619214911095], [-121.78125400335645, 48.31262291551146]]]}, "properties": {"OBJECTID": 329645, "ID": "801974245511921718", "CSE_NAME": "HIGGINS COPPER #4", "STAGE_ID": null, "BLM_PROD": "Lode Claim", "CSE_TYPE_NR": "384101", "CSE_NR": "OR101370324", "LEG_CSE_NR": "ORMC102603", "SF_ID": "a02t00000058446AAA", "CSE_DISP": "Active", "SRC": "LLD", "QLTY": "1: MIDPOINT\nTYPICAL QUARTER SECTION WITH 4 STANDARD LEGALS ATTRIBUTED\nDOES NOT MATCH PM ANGLES\naliquot\n36 sections retrieved\n576 intersected features retrieved\n16 matching sections found\nsection 28 issimple: True", "CSE_META": "WA 33 0330N 0080E 028 A SW", "RCRD_ACRS": 20.66, "Created": 1611360000000, "Modified": 1728174076000, "Shape__Length": 0.03619203682911042, "Shape__Area": 7.892388681451051e-05}}, {"type": "Feature", "id": 329646, "geometry": {"type": "Polygon", "coordinates": [[[-121.78115346618445, 48.31997277790572], [-121.78120374227038, 48.31629805270859], [-121.78125400335645, 48.31262291551146], [-121.77587841647228, 48.31262671611178], [-121.77050283258791, 48.31263035871202], [-121.77044283650388, 48.316320237911164], [-121.77038282642003, 48.32001011411032], [-121.77576814630237, 48.31999157150807], [-121.78115346618445, 48.31997277790572]]]}, "properties": {"OBJECTID": 329646, "ID": "801974244480122984", "CSE_NAME": "HIGGINS COPPER #5", "STAGE_ID": null, "BLM_PROD": "Lode Claim", "CSE_TYPE_NR": "384101", "CSE_NR": "OR101431985", "LEG_CSE_NR": "ORMC102604", "SF_ID": "a02t000000587C6AAI", "CSE_DISP": "Active", "SRC": "LLD", "QLTY": "1: MIDPOINT\nTYPICAL QUARTER SECTION WITH 4 STANDARD LEGALS ATTRIBUTED\nDOES NOT MATCH PM ANGLES\naliquot\n36 sections retrieved\n576 intersected features retrieved\n16 matching sections found\nsection 28 issimple: True", "CSE_META": "WA 33 0330N 0080E 028 A SE", "RCRD_ACRS": 20.66, "Created": 1611360000000, "Modified": 1728174365000, "Shape__Length": 0.03625315460174337, "Shape__Area": 7.924978789651652e-05}}, {"type": "Feature", "id": 329647, "geometry": {"type": "Polygon", "coordinates": [[[-121.77053254875366, 48.305297951326146], [-121.77051769267068, 48.308964157519114], [-121.77050283258791, 48.31263035871202], [-121.77044283650388, 48.316320237911164], [-121.77038282642003, 48.32001011411032], [-121.77576814630237, 48.31999157150807], [-121.78115346618445, 48.31997277790572], [-121.78120374227038, 48.31629805270859], [-121.78125400335645, 48.31262291551146], [-121.7812411444335, 48.3089521913215], [-121.78122827951059, 48.30528105513145], [-121.77587770263182, 48.30528963772912], [-121.77053254875366, 48.305297951326146]]]}, "properties": {"OBJECTID": 329647, "ID": "801974245016993879", "CSE_NAME": "HIGGINS COPPER #6", "STAGE_ID": null, "BLM_PROD": "Lode Claim", "CSE_TYPE_NR": "384101", "CSE_NR": "OR101481144", "LEG_CSE_NR": "ORMC102605", "SF_ID": "a02t000000587YAAAY", "CSE_DISP": "Active", "SRC": "LLD", "QLTY": "1: MIDPOINT\nTYPICAL QUARTER SECTION WITH 4 STANDARD LEGALS ATTRIBUTED\naliquot\n36 sections retrieved\n576 intersected features retrieved\n16 matching sections found\n4 alias QQs added\nsection 33 issimple: True, MIDPOINT\nTYPICAL QUARTER SECTION WITH 4 STANDARD", "CSE_META": "WA 33 0330N 0080E 033 A NE|WA 33 0330N 0080E 028 A SE", "RCRD_ACRS": 20.66, "Created": 1611360000000, "Modified": 1728174396000, "Shape__Length": 0.05087209765254471, "Shape__Area": 0.00015792886975437954}}, {"type": "Feature", "id": 329648, "geometry": {"type": "Polygon", "coordinates": [[[-121.79196731119585, 48.30893921612345], [-121.79192942926753, 48.30526314593612], [-121.78657885738916, 48.30527222553381], [-121.78122827951059, 48.30528105513145], [-121.77587770263182, 48.30528963772912], [-121.77053254875366, 48.305297951326146], [-121.77051769267068, 48.308964157519114], [-121.77050283258791, 48.31263035871202], [-121.77044283650388, 48.316320237911164], [-121.77038282642003, 48.32001011411032], [-121.77576814630237, 48.31999157150807], [-121.78115346618445, 48.31997277790572], [-121.78120374227038, 48.31629805270859], [-121.78125400335645, 48.31262291551146], [-121.78662959824051, 48.312619214911095], [-121.79200519312431, 48.312615284310745], [-121.79196731119585, 48.30893921612345]]]}, "properties": {"OBJECTID": 329648, "ID": "801974245058936859", "CSE_NAME": "HIGGINS COPPER #7", "STAGE_ID": null, "BLM_PROD": "Lode Claim", "CSE_TYPE_NR": "384101", "CSE_NR": "OR101433861", "LEG_CSE_NR": "ORMC102606", "SF_ID": "a02t000000585oIAAQ", "CSE_DISP": "Active", "SRC": "LLD", "QLTY": "1: MIDPOINT\nTYPICAL QUARTER SECTION WITH 4 STANDARD LEGALS ATTRIBUTED\nDOES NOT MATCH PM ANGLES\naliquot\n36 sections retrieved\n576 intersected features retrieved\n16 matching sections found\nsection 28 issimple: True, MIDPOINT\nTYPICAL QUARTER SECTION WITH 4 S", "CSE_META": "WA 33 0330N 0080E 028 A SE|WA 33 0330N 0080E 033 A NW|WA 33 0330N 0080E 033 A NE", "RCRD_ACRS": 20.66, "Created": 1611360000000, "Modified": 1728174243000, "Shape__Length": 0.07233507463573245, "Shape__Area": 0.00023673460419220256}}, {"type": "Feature", "id": 329649, "geometry": {"type": "Polygon", "coordinates": [[[-121.79196731119585, 48.30893921612345], [-121.79192942926753, 48.30526314593612], [-121.78657885738916, 48.30527222553381], [-121.78122827951059, 48.30528105513145], [-121.77587770263182, 48.30528963772912], [-121.77053254875366, 48.305297951326146], [-121.77051769267068, 48.308964157519114], [-121.77050283258791, 48.31263035871202], [-121.77044283650388, 48.316320237911164], [-121.77038282642003, 48.32001011411032], [-121.77576814630237, 48.31999157150807], [-121.78115346618445, 48.31997277790572], [-121.78653878806632, 48.319953731303386], [-121.79192409894794, 48.31993443270103], [-121.79196464803601, 48.31627485950591], [-121.79200519312431, 48.312615284310745], [-121.79196731119585, 48.30893921612345]]]}, "properties": {"OBJECTID": 329649, "ID": "801974244291379224", "CSE_NAME": "HIGGINS COPPER #8", "STAGE_ID": null, "BLM_PROD": "Lode Claim", "CSE_TYPE_NR": "384101", "CSE_NR": "OR101484066", "LEG_CSE_NR": "ORMC102607", "SF_ID": "a02t000000586PeAAI", "CSE_DISP": "Active", "SRC": "LLD", "QLTY": "1: MIDPOINT\nTYPICAL QUARTER SECTION WITH 4 STANDARD LEGALS ATTRIBUTED\nDOES NOT MATCH PM ANGLES\naliquot\n36 sections retrieved\n576 intersected features retrieved\n16 matching sections found\nsection 28 issimple: True, MIDPOINT\nTYPICAL QUARTER SECTION WITH 4 S", "CSE_META": "WA 33 0330N 0080E 028 A SW|WA 33 0330N 0080E 028 A SE|WA 33 0330N 0080E 033 A NW|WA 33 0330N 0080E 033 A NE", "RCRD_ACRS": 20.66, "Created": 1611360000000, "Modified": 1728174296000, "Shape__Length": 0.07232363083303356, "Shape__Area": 0.00031565849100671306}}, {"type": "Feature", "id": 330116, "geometry": {"type": "Polygon", "coordinates": [[[-121.56634921041253, 47.657530560173896], [-121.55581377968213, 47.657551418326115], [-121.55583670843397, 47.66485299472505], [-121.56641571217071, 47.664828274567576], [-121.56641571117075, 47.66482816756757], [-121.57640180281501, 47.66482736347616], [-121.5763401410591, 47.65753655908254], [-121.56634921041253, 47.657530560173896]]]}, "properties": {"OBJECTID": 330116, "ID": "801974244442374201", "CSE_NAME": "BELLE OF TENNESSEE", "STAGE_ID": null, "BLM_PROD": "Lode Claim", "CSE_TYPE_NR": "384101", "CSE_NR": "OR101481330", "LEG_CSE_NR": "ORMC153992", "SF_ID": "a02t000000587qaAAA", "CSE_DISP": "Active", "SRC": "LLD", "QLTY": "8: SIMPLE\nSECTION CONTAINS 5 OR LESS POLYGONS\naliquot\n36 sections retrieved\n36 intersected features retrieved\n1 matching sections found\nsection 7 issimple: False, MIDPOINT\nSECTION CONTAINS 5 OR LESS POLYGONS\naliquot\n36 sections retrieved\n36 intersected fe", "CSE_META": "WA 33 0250N 0100E 007 A SE|WA 33 0250N 0100E 008 A SW", "RCRD_ACRS": 20.66, "Created": 1611360000000, "Modified": 1728174422000, "Shape__Length": 0.05568428509026828, "Shape__Area": 0.00014992301859975004}}, {"type": "Feature", "id": 330157, "geometry": {"type": "Polygon", "coordinates": [[[-121.5558596761868, 47.6721549191238], [-121.54523728144324, 47.67218406328644], [-121.54526331978322, 47.68193009981922], [-121.55589087453015, 47.6819105446562], [-121.56651843027647, 47.68189099049312], [-121.56648207092981, 47.67212577496107], [-121.5558596761868, 47.6721549191238]]]}, "properties": {"OBJECTID": 330157, "ID": "801974245511921738", "CSE_NAME": "BLACKHAWK #5", "STAGE_ID": null, "BLM_PROD": "Lode Claim", "CSE_TYPE_NR": "384101", "CSE_NR": "OR101575981", "LEG_CSE_NR": "ORMC155294", "SF_ID": "a02t00000058UPLAA2", "CSE_DISP": "Active", "SRC": "LLD", "QLTY": "8: SIMPLE\nSECTION CONTAINS 5 OR LESS POLYGONS\naliquot\n36 sections retrieved\n36 intersected features retrieved\n1 matching sections found\nsection 5 issimple: False, SIMPLE\nSECTION CONTAINS 5 OR LESS POLYGONS\naliquot\n36 sections retrieved\n36 intersected feat", "CSE_META": "WA 33 0250N 0100E 005 A SW|WA 33 0250N 0100E 005 A SE", "RCRD_ACRS": 20.66, "Created": 1611360000000, "Modified": 1728176407000, "Shape__Length": 0.062011362388337106, "Shape__Area": 0.00020730803378584455}}, {"type": "Feature", "id": 330158, "geometry": {"type": "Polygon", "coordinates": [[[-121.56648207092981, 47.67212577496107], [-121.56651843027647, 47.68189099049312], [-121.57649911091805, 47.68188168540123], [-121.57646346557178, 47.67211816686954], [-121.57640180281501, 47.66482736347616], [-121.5664156411707, 47.66482816756758], [-121.56648207092981, 47.67212577496107]]]}, "properties": {"OBJECTID": 330158, "ID": "801974245058936927", "CSE_NAME": "CHEROKEE", "STAGE_ID": null, "BLM_PROD": "Lode Claim", "CSE_TYPE_NR": "384101", "CSE_NR": "OR101575982", "LEG_CSE_NR": "ORMC155295", "SF_ID": "a02t00000058UPMAA2", "CSE_DISP": "Active", "SRC": "LLD", "QLTY": "8: SIMPLE\nSECTION CONTAINS 5 OR LESS POLYGONS\naliquot\n36 sections retrieved\n36 intersected features retrieved\n1 matching sections found\nsection 7 issimple: False, SIMPLE\nSECTION CONTAINS 5 OR LESS POLYGONS\naliquot\n36 sections retrieved\n36 intersected feat", "CSE_META": "WA 33 0250N 0100E 007 A NE|WA 33 0250N 0100E 006 A SE", "RCRD_ACRS": 20.66, "Created": 1611360000000, "Modified": 1728176407000, "Shape__Length": 0.054084682180113, "Shape__Area": 0.00017028277972399905}}, {"type": "Feature", "id": 330159, "geometry": {"type": "Polygon", "coordinates": [[[-121.5345392460184, 47.681944136992435], [-121.5345734633625, 47.69169563752468], [-121.54528935712483, 47.691676136351745], [-121.54526331978322, 47.68193009981922], [-121.54523728144324, 47.67218406328644], [-121.53450502967594, 47.67219263645986], [-121.5345392460184, 47.681944136992435]]]}, "properties": {"OBJECTID": 330159, "ID": "801974244480123012", "CSE_NAME": "MONTE CARLO #5", "STAGE_ID": null, "BLM_PROD": "Lode Claim", "CSE_TYPE_NR": "384101", "CSE_NR": "OR101577148", "LEG_CSE_NR": "ORMC155296", "SF_ID": "a02t00000058UPNAA2", "CSE_DISP": "Active", "SRC": "LLD", "QLTY": "8: SIMPLE\nSECTION CONTAINS 5 OR LESS POLYGONS\naliquot\n36 sections retrieved\n36 intersected features retrieved\n1 matching sections found\nsection 4 issimple: False, SIMPLE\nSECTION CONTAINS 5 OR LESS POLYGONS\naliquot\n36 sections retrieved\n36 intersected feat", "CSE_META": "WA 33 0250N 0100E 004 A NW|WA 33 0250N 0100E 004 A SW", "RCRD_ACRS": 20.66, "Created": 1611360000000, "Modified": 1728176407000, "Shape__Length": 0.06044342476254601, "Shape__Area": 0.00020909381580682404}}, {"type": "Feature", "id": 330160, "geometry": {"type": "Polygon", "coordinates": [[[-121.56641564117074, 47.66482827456759], [-121.55583670843397, 47.66485299472505], [-121.55585964018688, 47.67215534812384], [-121.55585967718692, 47.67215534812384], [-121.55589087453015, 47.6819105446562], [-121.56651843027647, 47.68189099049312], [-121.57649911091805, 47.68188168540123], [-121.57646346557178, 47.67211816686954], [-121.57640180281501, 47.66482736347616], [-121.5664156411707, 47.66482816756758], [-121.56641564117074, 47.66482827456759]]]}, "properties": {"OBJECTID": 330160, "ID": "801974244480123013", "CSE_NAME": "SPOTTED OWL #2", "STAGE_ID": null, "BLM_PROD": "Lode Claim", "CSE_TYPE_NR": "384101", "CSE_NR": "OR101577149", "LEG_CSE_NR": "ORMC155297", "SF_ID": "a02t00000058UPOAA2", "CSE_DISP": "Active", "SRC": "LLD", "QLTY": "8: SIMPLE\nSECTION CONTAINS 5 OR LESS POLYGONS\naliquot\n36 sections retrieved\n36 intersected features retrieved\n1 matching sections found\nsection 6 issimple: False, SIMPLE\nSECTION CONTAINS 5 OR LESS POLYGONS\naliquot\n36 sections retrieved\n36 intersected feat", "CSE_META": "WA 33 0250N 0100E 006 A SE|WA 33 0250N 0100E 005 A SW|WA 33 0250N 0100E 007 A NE|WA 33 0250N 0100E 008 A NW", "RCRD_ACRS": 20.66, "Created": 1611360000000, "Modified": 1728176407000, "Shape__Length": 0.07528580091351894, "Shape__Area": 0.0003513709310437451}}, {"type": "Feature", "id": 330161, "geometry": {"type": "Polygon", "coordinates": [[[-121.56648207092981, 47.67212577496107], [-121.5558596761868, 47.6721549191238], [-121.55589087453015, 47.6819105446562], [-121.56651843027647, 47.68189099049312], [-121.57649911091805, 47.68188168540123], [-121.57646346557178, 47.67211816686954], [-121.56648207092981, 47.67212577496107]]]}, "properties": {"OBJECTID": 330161, "ID": "801974245058936928", "CSE_NAME": "SPOTTED OWL #3", "STAGE_ID": null, "BLM_PROD": "Lode Claim", "CSE_TYPE_NR": "384101", "CSE_NR": "OR101577150", "LEG_CSE_NR": "ORMC155298", "SF_ID": "a02t00000058UPPAA2", "CSE_DISP": "Active", "SRC": "LLD", "QLTY": "8: SIMPLE\nSECTION CONTAINS 5 OR LESS POLYGONS\naliquot\n36 sections retrieved\n36 intersected features retrieved\n1 matching sections found\nsection 5 issimple: False, SIMPLE\nSECTION CONTAINS 5 OR LESS POLYGONS\naliquot\n36 sections retrieved\n36 intersected feat", "CSE_META": "WA 33 0250N 0100E 005 A SW|WA 33 0250N 0100E 006 A SE", "RCRD_ACRS": 20.66, "Created": 1611360000000, "Modified": 1728176407000, "Shape__Length": 0.060731342137766604, "Shape__Area": 0.00020116382419078604}}, {"type": "Feature", "id": 330162, "geometry": {"type": "Polygon", "coordinates": [[[-121.56651843027647, 47.68189099049312], [-121.57649911091805, 47.68188168540123], [-121.57646346557178, 47.67211816686954], [-121.56648207092981, 47.67212577496107], [-121.56651843027647, 47.68189099049312]]]}, "properties": {"OBJECTID": 330162, "ID": "801974245511921739", "CSE_NAME": "SPOTTED OWL #4", "STAGE_ID": null, "BLM_PROD": "Lode Claim", "CSE_TYPE_NR": "384101", "CSE_NR": "OR101577151", "LEG_CSE_NR": "ORMC155299", "SF_ID": "a02t00000058UPQAA2", "CSE_DISP": "Active", "SRC": "LLD", "QLTY": "8: SIMPLE\nSECTION CONTAINS 5 OR LESS POLYGONS\naliquot\n36 sections retrieved\n36 intersected features retrieved\n1 matching sections found\nsection 6 issimple: False", "CSE_META": "WA 33 0250N 0100E 006 A SE", "RCRD_ACRS": 20.66, "Created": 1611360000000, "Modified": 1728176407000, "Shape__Length": 0.03949094497519234, "Shape__Area": 9.745879795169402e-05}}, {"type": "Feature", "id": 331204, "geometry": {"type": "Polygon", "coordinates": [[[-121.39670143916047, 47.488251087253225], [-121.3913735992815, 47.488259536832004], [-121.39135242627802, 47.488259569834355], [-121.39132128327276, 47.48825914183768], [-121.3912902122675, 47.488258712841024], [-121.38603564040024, 47.488265784411844], [-121.38071792452311, 47.488276284989624], [-121.3807130013755, 47.49188737619279], [-121.38070807522818, 47.495498482395995], [-121.3859654180958, 47.49548985682469], [-121.39128778297395, 47.4954808912463], [-121.39661015285186, 47.49547167666791], [-121.40192675072862, 47.49546221909004], [-121.40197802088382, 47.491852323882235], [-121.4020292850392, 47.48824242567431], [-121.40123592790839, 47.48824378276055], [-121.39670143916047, 47.488251087253225]]]}, "properties": {"OBJECTID": 331204, "ID": "799126735021932611", "CSE_NAME": "CRYSTAL PARK 2", "STAGE_ID": null, "BLM_PROD": "Lode Claim", "CSE_TYPE_NR": "384101", "CSE_NR": "OR101378041", "LEG_CSE_NR": "ORMC163728", "SF_ID": "a02t00000058uTSAAY", "CSE_DISP": "Active", "SRC": "LLD", "QLTY": "1: MIDPOINT\nTYPICAL QUARTER SECTION WITH 4 STANDARD LEGALS ATTRIBUTED\nDOES NOT MATCH PM ANGLES\naliquot\n37 sections retrieved\n598 intersected features retrieved\n16 matching sections found\nsection 10 issimple: True, MIDPOINT\nTYPICAL QUARTER SECTION WITH 4 S", "CSE_META": "WA 33 0230N 0110E 010 A SW|WA 33 0230N 0110E 010 A SE", "RCRD_ACRS": 20.66, "Created": 1610668800000, "Modified": 1728178702000, "Shape__Length": 0.056972819599393223, "Shape__Area": 0.00015357026857406653}}, {"type": "Feature", "id": 331351, "geometry": {"type": "Polygon", "coordinates": [[[-121.5345734633625, 47.69169563752468], [-121.54528935712483, 47.691676136351745], [-121.54526331978322, 47.68193009981922], [-121.5345392460184, 47.681944136992435], [-121.5345734633625, 47.69169563752468]]]}, "properties": {"OBJECTID": 331351, "ID": "801974245100879913", "CSE_NAME": "DAGGETT", "STAGE_ID": null, "BLM_PROD": "Lode Claim", "CSE_TYPE_NR": "384101", "CSE_NR": "OR101470482", "LEG_CSE_NR": "ORMC165731", "SF_ID": "a02t00000058vWlAAI", "CSE_DISP": "Active", "SRC": "LLD", "QLTY": "8: SIMPLE\nSECTION CONTAINS 5 OR LESS POLYGONS\naliquot\n36 sections retrieved\n36 intersected features retrieved\n1 matching sections found\nsection 4 issimple: False", "CSE_META": "WA 33 0250N 0100E 004 A NW", "RCRD_ACRS": 20.66, "Created": 1611360000000, "Modified": 1728178795000, "Shape__Length": 0.04093762172658356, "Shape__Area": 0.00010450712261817602}}, {"type": "Feature", "id": 331352, "geometry": {"type": "Polygon", "coordinates": [[[-121.54528935712483, 47.691676136351745], [-121.55592207387505, 47.691666171188324], [-121.55589087453015, 47.6819105446562], [-121.54526331978322, 47.68193009981922], [-121.54528935712483, 47.691676136351745]]]}, "properties": {"OBJECTID": 331352, "ID": "801974244522066001", "CSE_NAME": "MCCLAIN MYSTERY", "STAGE_ID": null, "BLM_PROD": "Lode Claim", "CSE_TYPE_NR": "384101", "CSE_NR": "OR101470483", "LEG_CSE_NR": "ORMC165732", "SF_ID": "a02t00000058vWmAAI", "CSE_DISP": "Active", "SRC": "LLD", "QLTY": "8: SIMPLE\nSECTION CONTAINS 5 OR LESS POLYGONS\naliquot\n36 sections retrieved\n36 intersected features retrieved\n1 matching sections found\nsection 5 issimple: False", "CSE_META": "WA 33 0250N 0100E 005 A NE", "RCRD_ACRS": 20.66, "Created": 1611360000000, "Modified": 1728178795000, "Shape__Length": 0.04076203731332174, "Shape__Area": 0.00010365306248489803}}, {"type": "Feature", "id": 331353, "geometry": {"type": "Polygon", "coordinates": [[[-121.55592207387505, 47.691666171188324], [-121.56655478962469, 47.69165620502483], [-121.56651843027647, 47.68189099049312], [-121.55589087453015, 47.6819105446562], [-121.55592207387505, 47.691666171188324]]]}, "properties": {"OBJECTID": 331353, "ID": "801974244522066002", "CSE_NAME": "MCCLAIN MYSTERY #2", "STAGE_ID": null, "BLM_PROD": "Lode Claim", "CSE_TYPE_NR": "384101", "CSE_NR": "OR101470484", "LEG_CSE_NR": "ORMC165733", "SF_ID": "a02t00000058vWnAAI", "CSE_DISP": "Active", "SRC": "LLD", "QLTY": "8: SIMPLE\nSECTION CONTAINS 5 OR LESS POLYGONS\naliquot\n36 sections retrieved\n36 intersected features retrieved\n1 matching sections found\nsection 5 issimple: False", "CSE_META": "WA 33 0250N 0100E 005 A NW", "RCRD_ACRS": 20.66, "Created": 1611360000000, "Modified": 1728178795000, "Shape__Length": 0.04078124821866311, "Shape__Area": 0.00010375507101102303}}, {"type": "Feature", "id": 331354, "geometry": {"type": "Polygon", "coordinates": [[[-121.54526331978322, 47.68193009981922], [-121.5345392460184, 47.681944136992435], [-121.5345734633625, 47.69169563752468], [-121.54528935712483, 47.691676136351745], [-121.55592207387505, 47.691666171188324], [-121.55589087453015, 47.6819105446562], [-121.54526331978322, 47.68193009981922]]]}, "properties": {"OBJECTID": 331354, "ID": "801974245100879914", "CSE_NAME": "MONTE CARLO #3", "STAGE_ID": null, "BLM_PROD": "Lode Claim", "CSE_TYPE_NR": "384101", "CSE_NR": "OR101470485", "LEG_CSE_NR": "ORMC165734", "SF_ID": "a02t00000058vWoAAI", "CSE_DISP": "Active", "SRC": "LLD", "QLTY": "8: SIMPLE\nSECTION CONTAINS 5 OR LESS POLYGONS\naliquot\n36 sections retrieved\n36 intersected features retrieved\n1 matching sections found\nsection 5 issimple: False, SIMPLE\nSECTION CONTAINS 5 OR LESS POLYGONS\naliquot\n36 sections retrieved\n36 intersected feat", "CSE_META": "WA 33 0250N 0100E 005 A NE|WA 33 0250N 0100E 004 A NW", "RCRD_ACRS": 20.66, "Created": 1611360000000, "Modified": 1728178795000, "Shape__Length": 0.06220751749162784, "Shape__Area": 0.00020816018510307405}}, {"type": "Feature", "id": 331355, "geometry": {"type": "Polygon", "coordinates": [[[-121.54523728144324, 47.67218406328644], [-121.53450502967594, 47.67219263645986], [-121.5345392460184, 47.681944136992435], [-121.54526331978322, 47.68193009981922], [-121.55589087453015, 47.6819105446562], [-121.5558596761868, 47.6721549191238], [-121.54523728144324, 47.67218406328644]]]}, "properties": {"OBJECTID": 331355, "ID": "801974245545476194", "CSE_NAME": "MONTE CARLO #10", "STAGE_ID": null, "BLM_PROD": "Lode Claim", "CSE_TYPE_NR": "384101", "CSE_NR": "OR101470486", "LEG_CSE_NR": "ORMC165735", "SF_ID": "a02t00000058vWpAAI", "CSE_DISP": "Active", "SRC": "LLD", "QLTY": "8: SIMPLE\nSECTION CONTAINS 5 OR LESS POLYGONS\naliquot\n36 sections retrieved\n36 intersected features retrieved\n1 matching sections found\nsection 5 issimple: False, SIMPLE\nSECTION CONTAINS 5 OR LESS POLYGONS\naliquot\n36 sections retrieved\n36 intersected feat", "CSE_META": "WA 33 0250N 0100E 005 A SE|WA 33 0250N 0100E 004 A SW", "RCRD_ACRS": 20.66, "Created": 1611360000000, "Modified": 1728178795000, "Shape__Length": 0.062213573474692176, "Shape__Area": 0.00020818970073540054}}, {"type": "Feature", "id": 331818, "geometry": {"type": "Polygon", "coordinates": [[[-121.35934142175046, 47.491513145491666], [-121.3593439198483, 47.49192550151455], [-121.3593657157022, 47.49552370671433], [-121.36465429757627, 47.49551786013988], [-121.36998387845685, 47.495511679561005], [-121.3700000796077, 47.49190700235687], [-121.37001612676377, 47.4883240311539], [-121.36466539787867, 47.48832573873471], [-121.3593146359934, 47.48832735931554], [-121.359342207606, 47.4909012874572], [-121.35934142175046, 47.491513145491666]]]}, "properties": {"OBJECTID": 331818, "ID": "801974245130240000", "CSE_NAME": "HEMLOCK", "STAGE_ID": null, "BLM_PROD": "Lode Claim", "CSE_TYPE_NR": "384101", "CSE_NR": "OR101342241", "LEG_CSE_NR": "ORMC168470", "SF_ID": "a02t00000058z5LAAQ", "CSE_DISP": "Active", "SRC": "LLD", "QLTY": "1: MIDPOINT\nTYPICAL QUARTER SECTION WITH 4 STANDARD LEGALS ATTRIBUTED\naliquot\n37 sections retrieved\n598 intersected features retrieved\n16 matching sections found\nsection 11 issimple: True", "CSE_META": "WA 33 0230N 0110E 011 A SE", "RCRD_ACRS": 20.66, "Created": 1611360000000, "Modified": 1728179108000, "Shape__Length": 0.035703946421991005, "Shape__Area": 7.664167718570652e-05}}, {"type": "Feature", "id": 331925, "geometry": {"type": "Polygon", "coordinates": [[[-121.72339217317226, 48.29806865220786], [-121.72245124701686, 48.2980679363128], [-121.7180693162932, 48.29806450980136], [-121.71709987213306, 48.29806372090944], [-121.7170106950395, 48.301740200112015], [-121.7169217759434, 48.30540528531386], [-121.72231213083307, 48.30540672071262], [-121.72768315071929, 48.30540790011339], [-121.72768346671218, 48.3053792911119], [-121.72774284680978, 48.30174006091476], [-121.72780268090054, 48.29807222071607], [-121.72339217317226, 48.29806865220786]]]}, "properties": {"OBJECTID": 331925, "ID": "799126750452777083", "CSE_NAME": "BLUE SKY MINING", "STAGE_ID": null, "BLM_PROD": "Lode Claim", "CSE_TYPE_NR": "384101", "CSE_NR": "OR101545132", "LEG_CSE_NR": "ORMC169241", "SF_ID": "a02t000000596bTAAQ", "CSE_DISP": "Active", "SRC": "LLD", "QLTY": "1: MIDPOINT\nTYPICAL QUARTER SECTION WITH 4 STANDARD LEGALS ATTRIBUTED\nDOES NOT MATCH PM ANGLES\naliquot\n36 sections retrieved\n576 intersected features retrieved\n16 matching sections found\nsection 36 issimple: True", "CSE_META": "WA 33 0330N 0080E 036 A SW", "RCRD_ACRS": 20.66, "Created": 1610668800000, "Modified": 1728179768000, "Shape__Length": 0.03614456080270615, "Shape__Area": 7.875990552528352e-05}}, {"type": "Feature", "id": 331959, "geometry": {"type": "Polygon", "coordinates": [[[-121.6937626703476, 48.29832750752612], [-121.69312095824465, 48.29833952359835], [-121.69289660320867, 48.29834372462355], [-121.69283625819898, 48.298344855630354], [-121.68835310047974, 48.29842879713468], [-121.68740852833032, 48.29845493724138], [-121.68732533916493, 48.301841229428426], [-121.68731848123372, 48.30212031744384], [-121.68731424527621, 48.30229272445334], [-121.68722865413737, 48.305785695646186], [-121.69265668400615, 48.30567581003499], [-121.69808516687485, 48.30556564342366], [-121.69816636905573, 48.3022436362404], [-121.69817757794223, 48.30178323721498], [-121.69826421806492, 48.29822424601868], [-121.69797589201859, 48.298229509051104], [-121.6978874550044, 48.29823107806104], [-121.69784489199762, 48.29823186606586], [-121.69685945684432, 48.2982694351777], [-121.6937626703476, 48.29832750752612]]]}, "properties": {"OBJECTID": 331959, "ID": "799126765267058701", "CSE_NAME": "BFW MINING", "STAGE_ID": null, "BLM_PROD": "Lode Claim", "CSE_TYPE_NR": "384101", "CSE_NR": "OR101745790", "LEG_CSE_NR": "ORMC169732", "SF_ID": "a02t000000595OfAAI", "CSE_DISP": "Active", "SRC": "LLD", "QLTY": "1: SIMPLE\nTYPICAL QUARTER SECTION WITH 4 STANDARD LEGALS ATTRIBUTED\nDOES NOT MATCH PM ANGLES\naliquot\n36 sections retrieved\n560 intersected features retrieved\n12 matching sections found\nsection 31 issimple: False", "CSE_META": "WA 33 0330N 0090E 031 A SE", "RCRD_ACRS": 20.66, "Created": 1610668800000, "Modified": 1728179661000, "Shape__Length": 0.03639361295843005, "Shape__Area": 7.955910939549452e-05}}, {"type": "Feature", "id": 331960, "geometry": {"type": "Polygon", "coordinates": [[[-121.38610019720477, 47.483160009118315], [-121.38610978899375, 47.482259686066755], [-121.38611035198139, 47.48220687206372], [-121.39123132119808, 47.48377288759577], [-121.39122667919915, 47.48378053759674], [-121.39119569720609, 47.48383160260296], [-121.39070470231603, 47.48464086770162], [-121.39141555043328, 47.484639747624435], [-121.39145749358521, 47.48101964241679], [-121.38612291370502, 47.48102789399618], [-121.38078816482461, 47.48103589757557], [-121.37543483394361, 47.48105518315754], [-121.37008133106232, 47.481074219739575], [-121.37004880791036, 47.484688271946126], [-121.37001612676377, 47.4883240311539], [-121.3700000796077, 47.49190700235687], [-121.36998387845685, 47.495511679561005], [-121.37531346533726, 47.49550525198204], [-121.38070807522818, 47.495498482395995], [-121.3807130013755, 47.49188737619279], [-121.38071792452311, 47.488276284989624], [-121.38603564040024, 47.488265784411844], [-121.3860843415536, 47.48464804420352], [-121.38609980321345, 47.48319694512044], [-121.38610019720477, 47.483160009118315]]]}, "properties": {"OBJECTID": 331960, "ID": "799126765384499217", "CSE_NAME": "CASCADE #6", "STAGE_ID": null, "BLM_PROD": "Lode Claim", "CSE_TYPE_NR": "384101", "CSE_NR": "OR101747792", "LEG_CSE_NR": "ORMC169745", "SF_ID": "a02t000000595PzAAI", "CSE_DISP": "Active", "SRC": "LLD", "QLTY": "1: MIDPOINT\nTYPICAL QUARTER SECTION WITH 4 STANDARD LEGALS ATTRIBUTED\naliquot\n37 sections retrieved\n598 intersected features retrieved\n16 matching sections found\nsection 11 issimple: True, MIDPOINT\nTYPICAL QUARTER SECTION WITH 4 STANDARD LEGALS ATTRIBUTED", "CSE_META": "WA 33 0230N 0110E 011 A SW|WA 33 0230N 0110E 014 A NW|WA 33 0230N 0110E 015 A NE", "RCRD_ACRS": 20.66, "Created": 1610668800000, "Modified": 1728179663000, "Shape__Length": 0.07583907908186666, "Shape__Area": 0.00020434275599720455}}, {"type": "Feature", "id": 332083, "geometry": {"type": "Polygon", "coordinates": [[[-121.7178702943876, 48.29058753743175], [-121.71247563250176, 48.2906039900342], [-121.70708252961599, 48.29062029263643], [-121.70708353462165, 48.29064229263748], [-121.70724767154556, 48.294223646807], [-121.70725300757576, 48.294340665812555], [-121.70725338657786, 48.294348935812906], [-121.7074233165344, 48.29805551198831], [-121.71174856324906, 48.2980592415061], [-121.71274631441389, 48.29806007839488], [-121.71709987213306, 48.29806372090944], [-121.7180693162932, 48.29806450980136], [-121.72245124701686, 48.2980679363128], [-121.72339217317226, 48.29806865220786], [-121.72780268090054, 48.29807222071607], [-121.72871482405193, 48.29807614861454], [-121.7286453231017, 48.29432885742605], [-121.72864506809822, 48.2943149384254], [-121.72864189305483, 48.29414393241678], [-121.72857589615177, 48.29058164423756], [-121.72857600314484, 48.2905537842361], [-121.72326497327316, 48.2905706448293], [-121.7178702943876, 48.29058753743175]]]}, "properties": {"OBJECTID": 332083, "ID": "799126766328217624", "CSE_NAME": "DEER CROSSING", "STAGE_ID": null, "BLM_PROD": "Lode Claim", "CSE_TYPE_NR": "384101", "CSE_NR": "OR101864079", "LEG_CSE_NR": "ORMC171206", "SF_ID": "a02t000000595BNAAY", "CSE_DISP": "Active", "SRC": "LLD", "QLTY": "1: SIMPLE\nTYPICAL QUARTER SECTION WITH 4 STANDARD LEGALS ATTRIBUTED\nDOES NOT MATCH PM ANGLES\nTWN CONTAINS PB/UP/UU\naliquot\n52 sections retrieved\n322 intersected features retrieved\ntodo handle unclean township\n16 matching sections found\n4 alias QQs added\ns", "CSE_META": "WA 33 0320N 0080E 001 A NW|WA 33 0320N 0080E 001 A NE", "RCRD_ACRS": 20.66, "Created": 1610668800000, "Modified": 1728179642000, "Shape__Length": 0.05775176864349842, "Shape__Area": 0.00015995582612702704}}, {"type": "Feature", "id": 332085, "geometry": {"type": "Polygon", "coordinates": [[[-121.56650244857711, 48.18313286359728], [-121.56110443167942, 48.18311805619583], [-121.55570641578153, 48.18310324879438], [-121.55566241169981, 48.186830726997975], [-121.55561838461819, 48.19055820620144], [-121.56107533052537, 48.1905708255961], [-121.56653227643233, 48.19058344399077], [-121.5665173505046, 48.18685815379406], [-121.56650244857711, 48.18313286359728]]]}, "properties": {"OBJECTID": 332085, "ID": "799126766999306314", "CSE_NAME": "LUCKY'S DREAM", "STAGE_ID": null, "BLM_PROD": "Lode Claim", "CSE_TYPE_NR": "384101", "CSE_NR": "OR101868679", "LEG_CSE_NR": "ORMC171218", "SF_ID": "a02t000000595m3AAA", "CSE_DISP": "Active", "SRC": "LLD", "QLTY": "1: SIMPLE\nTYPICAL QUARTER SECTION WITH 4 STANDARD LEGALS ATTRIBUTED\naliquot\n44 sections retrieved\n610 intersected features retrieved\n16 matching sections found\nsection 7 issimple: False", "CSE_META": "WA 33 0310N 0100E 007 A SE", "RCRD_ACRS": 20.66, "Created": 1610668800000, "Modified": 1728179694000, "Shape__Length": 0.036616107261647886, "Shape__Area": 8.090022109298452e-05}}, {"type": "Feature", "id": 332135, "geometry": {"type": "Polygon", "coordinates": [[[-121.51041882440109, 48.00114802804213], [-121.50503729251108, 48.00115303463644], [-121.5050379443981, 48.00477187483198], [-121.50503795841725, 48.00484987983616], [-121.50503859728532, 48.00839071502746], [-121.5050385893071, 48.008479517032264], [-121.50503843472895, 48.01020015812527], [-121.5050382261726, 48.01200960222299], [-121.50503821519808, 48.0121134372286], [-121.50503785406013, 48.01562851241851], [-121.51041496295079, 48.015628604824784], [-121.5154530207851, 48.01562869126843], [-121.51579207084123, 48.01562869723097], [-121.51579276795324, 48.012007947035464], [-121.51579311750933, 48.0101975729377], [-121.51579344306552, 48.008387197839916], [-121.51579349005343, 48.00833789183724], [-121.51579691117809, 48.00476512164393], [-121.51580035629091, 48.00114302144785], [-121.51554303824834, 48.00114326047631], [-121.51041882440109, 48.00114802804213]]]}, "properties": {"OBJECTID": 332135, "ID": "799126715698774180", "CSE_NAME": "SUNRISE NORTH", "STAGE_ID": null, "BLM_PROD": "Lode Claim", "CSE_TYPE_NR": "384101", "CSE_NR": "OR101487961", "LEG_CSE_NR": "ORMC171466", "SF_ID": "a02t000000595RYAAY", "CSE_DISP": "Active", "SRC": "LLD", "QLTY": "1: MIDPOINT\nFULLY ATTRIBUTED QUARTER SECTION ALL BUCKETS ARE EQUAL\naliquot\n38 sections retrieved\n618 intersected features retrieved\n19 matching sections found\nsection 10 issimple: False, MIDPOINT\nTYPICAL QUARTER SECTION WITH 4 STANDARD LEGALS ATTRIBUTED\na", "CSE_META": "WA 33 0290N 0100E 010 A SW|WA 33 0290N 0100E 015 A NW", "RCRD_ACRS": 14.34, "Created": 1610668800000, "Modified": 1728179665000, "Shape__Length": 0.05047843724509792, "Shape__Area": 0.00015576385374828404}}, {"type": "Feature", "id": 332136, "geometry": {"type": "Polygon", "coordinates": [[[-121.51041882440109, 48.00114802804213], [-121.50503729251108, 48.00115303463644], [-121.5050379443981, 48.00477187483198], [-121.50503795841725, 48.00484987983616], [-121.50503859728532, 48.00839071502746], [-121.50772730273043, 48.00838980673057], [-121.5104160321755, 48.00838894443366], [-121.51260814353833, 48.008388223191595], [-121.51262014854028, 48.00838821919033], [-121.51310473762048, 48.00838806013679], [-121.51543477300612, 48.0083873128795], [-121.51579344306552, 48.008387197839916], [-121.51579349005343, 48.00833789183724], [-121.51579691117809, 48.00476512164393], [-121.51580035629091, 48.00114302144785], [-121.51554303824834, 48.00114326047631], [-121.51041882440109, 48.00114802804213]]]}, "properties": {"OBJECTID": 332136, "ID": "799126715698774181", "CSE_NAME": "SUNRISE SOUTH", "STAGE_ID": null, "BLM_PROD": "Lode Claim", "CSE_TYPE_NR": "384101", "CSE_NR": "OR101487962", "LEG_CSE_NR": "ORMC171467", "SF_ID": "a02t000000595RZAAY", "CSE_DISP": "Active", "SRC": "LLD", "QLTY": "1: MIDPOINT\nTYPICAL QUARTER SECTION WITH 4 STANDARD LEGALS ATTRIBUTED\naliquot\n38 sections retrieved\n618 intersected features retrieved\n16 matching sections found\nsection 15 issimple: True", "CSE_META": "WA 33 0290N 0100E 015 A NW", "RCRD_ACRS": 14.34, "Created": 1610668800000, "Modified": 1728179665000, "Shape__Length": 0.03599977064938875, "Shape__Area": 7.790467292186303e-05}}, {"type": "Feature", "id": 332137, "geometry": {"type": "Polygon", "coordinates": [[[-121.69668435466022, 48.305632044583376], [-121.70614024918265, 48.3054784015205], [-121.70639653237028, 48.29807700910394], [-121.69826386206852, 48.298238878019475], [-121.69826421806492, 48.29822424601868], [-121.69797589201859, 48.298229509051104], [-121.6978874550044, 48.29823107806104], [-121.69784489199762, 48.29823186606586], [-121.69700240786653, 48.29826398516148], [-121.69690253085058, 48.298265973172725], [-121.69690247685105, 48.298267795172826], [-121.69685945684432, 48.2982694351777], [-121.6937626703476, 48.29832750752612], [-121.69312095824465, 48.29833952359835], [-121.69289660320867, 48.29834372462355], [-121.69283625819898, 48.298344855630354], [-121.68835310047974, 48.29842879713468], [-121.68740852833032, 48.29845493724138], [-121.68732533916493, 48.301841229428426], [-121.68731848123372, 48.30212031744384], [-121.68731424527621, 48.30229272445334], [-121.68722865413737, 48.305785695646186], [-121.69265668400615, 48.30567581003499], [-121.69668547965088, 48.30559404858125], [-121.69668435466022, 48.305632044583376]]]}, "properties": {"OBJECTID": 332137, "ID": "799126716055289895", "CSE_NAME": "MIDDLE BFW MINING", "STAGE_ID": null, "BLM_PROD": "Lode Claim", "CSE_TYPE_NR": "384101", "CSE_NR": "OR101488951", "LEG_CSE_NR": "ORMC171477", "SF_ID": "a02t000000595RpAAI", "CSE_DISP": "Active", "SRC": "LLD", "QLTY": "5: SIMPLE\nATTRIBUTE BUCKET IS EMPTY AND ALL BUCKETS ARE DIFFERENT\nDOES NOT MATCH PM ANGLES\naliquot\n36 sections retrieved\n560 intersected features retrieved\n12 matching sections found\nsection 31 issimple: False, SIMPLE\nTYPICAL QUARTER SECTION WITH 4 STANDA", "CSE_META": "WA 33 0330N 0090E 031 A SW|WA 33 0330N 0090E 031 A SE", "RCRD_ACRS": 20.66, "Created": 1610668800000, "Modified": 1728179666000, "Shape__Length": 0.05270167117481355, "Shape__Area": 0.00013936828214541303}}, {"type": "Feature", "id": 332138, "geometry": {"type": "Polygon", "coordinates": [[[-121.69668435466022, 48.305632044583376], [-121.70614024918265, 48.3054784015205], [-121.70639653237028, 48.29807700910394], [-121.69826386206852, 48.298238878019475], [-121.69826421806492, 48.29822424601868], [-121.69797589201859, 48.298229509051104], [-121.6978874550044, 48.29823107806104], [-121.69784489199762, 48.29823186606586], [-121.69700240786653, 48.29826398516148], [-121.69690253085058, 48.298265973172725], [-121.69690247685105, 48.298267795172826], [-121.69685945684432, 48.2982694351777], [-121.6937626703476, 48.29832750752612], [-121.69312095824465, 48.29833952359835], [-121.69289660320867, 48.29834372462355], [-121.69283625819898, 48.298344855630354], [-121.68835310047974, 48.29842879713468], [-121.68740852833032, 48.29845493724138], [-121.68732533916493, 48.301841229428426], [-121.68731848123372, 48.30212031744384], [-121.68731424527621, 48.30229272445334], [-121.68722865413737, 48.305785695646186], [-121.69265668400615, 48.30567581003499], [-121.69668547965088, 48.30559404858125], [-121.69668435466022, 48.305632044583376]]]}, "properties": {"OBJECTID": 332138, "ID": "799126716055289896", "CSE_NAME": "WEST BFW MINING", "STAGE_ID": null, "BLM_PROD": "Lode Claim", "CSE_TYPE_NR": "384101", "CSE_NR": "OR101488952", "LEG_CSE_NR": "ORMC171478", "SF_ID": "a02t000000595RqAAI", "CSE_DISP": "Active", "SRC": "LLD", "QLTY": "5: SIMPLE\nTYPICAL QUARTER SECTION WITH 4 STANDARD LEGALS ATTRIBUTED\nDOES NOT MATCH PM ANGLES\naliquot\n36 sections retrieved\n560 intersected features retrieved\n12 matching sections found\nsection 31 issimple: False, SIMPLE\nATTRIBUTE BUCKET IS EMPTY AND ALL B", "CSE_META": "WA 33 0330N 0090E 031 A SE|WA 33 0330N 0090E 031 A SW", "RCRD_ACRS": 20.66, "Created": 1610668800000, "Modified": 1728179666000, "Shape__Length": 0.05270167117481355, "Shape__Area": 0.00013936828214541303}}, {"type": "Feature", "id": 332148, "geometry": {"type": "Polygon", "coordinates": [[[-121.71174856324906, 48.2980592415061], [-121.7074233165344, 48.29805551198831], [-121.70662831940734, 48.29807215307787], [-121.70639653237028, 48.29807700910394], [-121.69690253085058, 48.298265973172725], [-121.69668435466022, 48.305632044583376], [-121.69646617847083, 48.31299811599393], [-121.7058839659959, 48.312879793936915], [-121.70588928095826, 48.3127262969283], [-121.71131471085482, 48.31273072132313], [-121.71674388875184, 48.31273507271749], [-121.71683283884758, 48.309070368515755], [-121.7169217759434, 48.30540528531386], [-121.7170106950395, 48.301740200112015], [-121.71709987213306, 48.29806372090944], [-121.71274631441389, 48.29806007839488], [-121.71174856324906, 48.2980592415061]]]}, "properties": {"OBJECTID": 332148, "ID": "799126716332113978", "CSE_NAME": "BIG CAT MINING", "STAGE_ID": null, "BLM_PROD": "Lode Claim", "CSE_TYPE_NR": "384101", "CSE_NR": "OR101490094", "LEG_CSE_NR": "ORMC171623", "SF_ID": "a02t000000598hmAAA", "CSE_DISP": "Active", "SRC": "LLD", "QLTY": "5: SIMPLE\nATTRIBUTE BUCKET IS EMPTY AND ALL BUCKETS ARE DIFFERENT\nDOES NOT MATCH PM ANGLES\naliquot\n36 sections retrieved\n560 intersected features retrieved\n12 matching sections found\nsection 31 issimple: False, SIMPLE\nATTRIBUTE BUCKET IS EMPTY AND ALL BUC", "CSE_META": "WA 33 0330N 0090E 031 A NW|WA 33 0330N 0090E 031 A SW|WA 33 0330N 0080E 036 A NE|WA 33 0330N 0080E 036 A SE", "RCRD_ACRS": 20.66, "Created": 1610668800000, "Modified": 1728179954000, "Shape__Length": 0.07004044667016299, "Shape__Area": 0.0002976973378665036}}, {"type": "Feature", "id": 332150, "geometry": {"type": "Polygon", "coordinates": [[[-121.71174856324906, 48.2980592415061], [-121.7074233165344, 48.29805551198831], [-121.70662831940734, 48.29807215307787], [-121.70639653237028, 48.29807700910394], [-121.69690253085058, 48.298265973172725], [-121.69668435466022, 48.305632044583376], [-121.70614024918265, 48.3054784015205], [-121.70614290516383, 48.305401687516195], [-121.7115314260536, 48.30540359691515], [-121.7169217759434, 48.30540528531386], [-121.7170106950395, 48.301740200112015], [-121.71709987213306, 48.29806372090944], [-121.71274631441389, 48.29806007839488], [-121.71174856324906, 48.2980592415061]]]}, "properties": {"OBJECTID": 332150, "ID": "799126716332113980", "CSE_NAME": "DIRTY MINING", "STAGE_ID": null, "BLM_PROD": "Lode Claim", "CSE_TYPE_NR": "384101", "CSE_NR": "OR101490096", "LEG_CSE_NR": "ORMC171625", "SF_ID": "a02t000000598hoAAA", "CSE_DISP": "Active", "SRC": "LLD", "QLTY": "5: MIDPOINT\nTYPICAL QUARTER SECTION WITH 4 STANDARD LEGALS ATTRIBUTED\nDOES NOT MATCH PM ANGLES\naliquot\n36 sections retrieved\n576 intersected features retrieved\n16 matching sections found\nsection 36 issimple: True, SIMPLE\nATTRIBUTE BUCKET IS EMPTY AND ALL ", "CSE_META": "WA 33 0330N 0080E 036 A SE|WA 33 0330N 0090E 031 A SW", "RCRD_ACRS": 20.66, "Created": 1610668800000, "Modified": 1728179954000, "Shape__Length": 0.0552252428478361, "Shape__Area": 0.00014879314712376004}}, {"type": "Feature", "id": 332151, "geometry": {"type": "MultiPolygon", "coordinates": [[[[-121.57843006742844, 48.29896448341659], [-121.57820662639192, 48.29896660944163], [-121.5775120862785, 48.29897321451938], [-121.57749166432586, 48.2991761325324], [-121.5772955837811, 48.30112445065719], [-121.57722931316559, 48.30270427274807], [-121.5772268701798, 48.30276252275141], [-121.57714758564033, 48.30465445086024], [-121.5770817270231, 48.306226620950625], [-121.58261744992771, 48.30617494133093], [-121.5830404109968, 48.30617098128357], [-121.58812769182788, 48.306123232714015], [-121.5885470198964, 48.306119287667066], [-121.58854332000143, 48.30254772847886], [-121.5885396011035, 48.29896354128997], [-121.58825001505676, 48.29896852032256], [-121.58821896505174, 48.29896905432603], [-121.58382344534233, 48.29904452281981], [-121.58305584621841, 48.299057747906076], [-121.58282022918038, 48.29906180593257], [-121.57843006742844, 48.29896448341659]]], [[[-121.69690253085058, 48.298265973172725], [-121.69668435466022, 48.305632044583376], [-121.70614024918265, 48.3054784015205], [-121.70639653237028, 48.29807700910394], [-121.69690253085058, 48.298265973172725]]]]}, "properties": {"OBJECTID": 332151, "ID": "799126716332113981", "CSE_NAME": "DOWN MINING", "STAGE_ID": null, "BLM_PROD": "Lode Claim", "CSE_TYPE_NR": "384101", "CSE_NR": "OR101490097", "LEG_CSE_NR": "ORMC171626", "SF_ID": "a02t000000598hpAAA", "CSE_DISP": "Active", "SRC": "LLD", "QLTY": "5: MIDPOINT\nTYPICAL QUARTER SECTION WITH 4 STANDARD LEGALS ATTRIBUTED\nDOES NOT MATCH PM ANGLES\naliquot\n36 sections retrieved\n560 intersected features retrieved\n16 matching sections found\nsection 36 issimple: True, SIMPLE\nATTRIBUTE BUCKET IS EMPTY AND ALL ", "CSE_META": "WA 33 0330N 0090E 036 A SE|WA 33 0330N 0090E 031 A SW", "RCRD_ACRS": 20.66, "Created": 1610668800000, "Modified": 1728179954000, "Shape__Length": 0.07064792421436104, "Shape__Area": 0.00015080615205001355}}, {"type": "Feature", "id": 332155, "geometry": {"type": "Polygon", "coordinates": [[[-121.35935039876487, 47.51694002191832], [-121.35934815625892, 47.51480388079872], [-121.35934685296503, 47.5135626667292], [-121.35663259851692, 47.51356842002433], [-121.35619753873831, 47.51480852614119], [-121.35614536476493, 47.514957244155184], [-121.35614027576749, 47.51497174915652], [-121.35649776284104, 47.51503258112114], [-121.35838545622968, 47.515353802934094], [-121.35781660351063, 47.51693885308484], [-121.35717072582962, 47.518738410256], [-121.35938728521876, 47.51883164702042], [-121.35935049983566, 47.517239003935096], [-121.35935078482719, 47.51720300393302], [-121.35935071382222, 47.517182003931836], [-121.35935057080373, 47.517104003927514], [-121.35935039876487, 47.51694002191832]]]}, "properties": {"OBJECTID": 332155, "ID": "799126715702968451", "CSE_NAME": "CLIPPER VIEW", "STAGE_ID": null, "BLM_PROD": "Lode Claim", "CSE_TYPE_NR": "384101", "CSE_NR": "OR101488129", "LEG_CSE_NR": "ORMC171678", "SF_ID": "a02t00000059AH2AAM", "CSE_DISP": "Active", "SRC": "LLD", "QLTY": "1: SIMPLE\nFULLY ATTRIBUTED QUARTER SECTION ALL BUCKETS ARE EQUAL\nDOES NOT MATCH PM ANGLES\naliquot\n37 sections retrieved\n598 intersected features retrieved\n18 matching sections found\nsection 1 issimple: False", "CSE_META": "WA 33 0230N 0110E 001 A NW", "RCRD_ACRS": 11.48, "Created": 1610668800000, "Modified": 1728180096000, "Shape__Length": 0.017562813840161028, "Shape__Area": 1.0409809552239503e-05}}, {"type": "Feature", "id": 332171, "geometry": {"type": "Polygon", "coordinates": [[[-121.3807130013755, 47.49188737619279], [-121.38071792452311, 47.488276284989624], [-121.37536695564494, 47.48830619057213], [-121.37228763713946, 47.48832328590729], [-121.37001612676377, 47.4883240311539], [-121.3700000796077, 47.49190700235687], [-121.36998387845685, 47.495511679561005], [-121.37531346533726, 47.49550525198204], [-121.38070807522818, 47.495498482395995], [-121.3807130013755, 47.49188737619279]]]}, "properties": {"OBJECTID": 332171, "ID": "799126763870355528", "CSE_NAME": "SHANGRI LA", "STAGE_ID": null, "BLM_PROD": "Lode Claim", "CSE_TYPE_NR": "384101", "CSE_NR": "OR101844240", "LEG_CSE_NR": "ORMC171774", "SF_ID": "a02t000000596WQAAY", "CSE_DISP": "Active", "SRC": "LLD", "QLTY": "1: MIDPOINT\nTYPICAL QUARTER SECTION WITH 4 STANDARD LEGALS ATTRIBUTED\naliquot\n37 sections retrieved\n598 intersected features retrieved\n16 matching sections found\nsection 11 issimple: True", "CSE_META": "WA 33 0230N 0110E 011 A SW", "RCRD_ACRS": 20.66, "Created": 1610668800000, "Modified": 1728179760000, "Shape__Length": 0.03583605432905434, "Shape__Area": 7.713572066188752e-05}}, {"type": "Feature", "id": 332240, "geometry": {"type": "Polygon", "coordinates": [[[-121.71174856324906, 48.2980592415061], [-121.7074233165344, 48.29805551198831], [-121.70662831940734, 48.29807215307787], [-121.70639653237028, 48.29807700910394], [-121.70626877426676, 48.301739333310174], [-121.70626246231106, 48.30192022232041], [-121.70624801641262, 48.30233484334375], [-121.70614092316349, 48.30540168651643], [-121.70613603419962, 48.30554886552471], [-121.70612028631004, 48.30599980755007], [-121.70601304106042, 48.30906400672259], [-121.70600503511832, 48.30930007973586], [-121.70599231520761, 48.309664765756395], [-121.70588553595769, 48.3127262939287], [-121.71131471085482, 48.31273072132313], [-121.71674388875184, 48.31273507271749], [-121.71683283884758, 48.309070368515755], [-121.7169217759434, 48.30540528531386], [-121.7170106950395, 48.301740200112015], [-121.71709987213306, 48.29806372090944], [-121.71274631441389, 48.29806007839488], [-121.71174856324906, 48.2980592415061]]]}, "properties": {"OBJECTID": 332240, "ID": "799126764386254854", "CSE_NAME": "UPPER DIRTY MINING", "STAGE_ID": null, "BLM_PROD": "Lode Claim", "CSE_TYPE_NR": "384101", "CSE_NR": "OR101740405", "LEG_CSE_NR": "ORMC172407", "SF_ID": "a02t000000599pxAAA", "CSE_DISP": "Active", "SRC": "LLD", "QLTY": "1: MIDPOINT\nTYPICAL QUARTER SECTION WITH 4 STANDARD LEGALS ATTRIBUTED\nDOES NOT MATCH PM ANGLES\naliquot\n36 sections retrieved\n576 intersected features retrieved\n16 matching sections found\nsection 36 issimple: True, MIDPOINT\nTYPICAL QUARTER SECTION WITH 4 S", "CSE_META": "WA 33 0330N 0080E 036 A NE|WA 33 0330N 0080E 036 A SE", "RCRD_ACRS": 20.66, "Created": 1610668800000, "Modified": 1728180056000, "Shape__Length": 0.05089578430127512, "Shape__Area": 0.00015815848527722605}}, {"type": "Feature", "id": 332241, "geometry": {"type": "Polygon", "coordinates": [[[-121.71674388875184, 48.31273507271749], [-121.72217306964868, 48.31273935511189], [-121.7276022545453, 48.31274357750625], [-121.72764270563216, 48.30907574130989], [-121.72768315071929, 48.30540790011339], [-121.72231213083307, 48.30540672071262], [-121.7169217759434, 48.30540528531386], [-121.7115314260536, 48.30540359691515], [-121.70614092316349, 48.30540168651643], [-121.70613603419962, 48.30554886552471], [-121.70612028631004, 48.30599980755007], [-121.70601304106042, 48.30906400672259], [-121.70600503511832, 48.30930007973586], [-121.70599231520761, 48.309664765756395], [-121.70588553595769, 48.3127262939287], [-121.71131471085482, 48.31273072132313], [-121.71674388875184, 48.31273507271749]]]}, "properties": {"OBJECTID": 332241, "ID": "799126764386254855", "CSE_NAME": "SLEEPER MINING", "STAGE_ID": null, "BLM_PROD": "Lode Claim", "CSE_TYPE_NR": "384101", "CSE_NR": "OR101740406", "LEG_CSE_NR": "ORMC172408", "SF_ID": "a02t000000599pyAAA", "CSE_DISP": "Active", "SRC": "LLD", "QLTY": "1: MIDPOINT\nTYPICAL QUARTER SECTION WITH 4 STANDARD LEGALS ATTRIBUTED\nDOES NOT MATCH PM ANGLES\naliquot\n36 sections retrieved\n576 intersected features retrieved\n16 matching sections found\nsection 36 issimple: True, MIDPOINT\nTYPICAL QUARTER SECTION WITH 4 S", "CSE_META": "WA 33 0330N 0080E 036 A NW|WA 33 0330N 0080E 036 A NE", "RCRD_ACRS": 20.66, "Created": 1610668800000, "Modified": 1728180056000, "Shape__Length": 0.05792412820499407, "Shape__Area": 0.00015854417030630204}}, {"type": "Feature", "id": 332242, "geometry": {"type": "Polygon", "coordinates": [[[-121.71674388875184, 48.31273507271749], [-121.71683283884758, 48.309070368515755], [-121.7169217759434, 48.30540528531386], [-121.7115314260536, 48.30540359691515], [-121.70614092316349, 48.30540168651643], [-121.70613603419962, 48.30554886552471], [-121.70612028631004, 48.30599980755007], [-121.70601304106042, 48.30906400672259], [-121.70600503511832, 48.30930007973586], [-121.70599231520761, 48.309664765756395], [-121.70588553595769, 48.3127262939287], [-121.71131471085482, 48.31273072132313], [-121.71674388875184, 48.31273507271749]]]}, "properties": {"OBJECTID": 332242, "ID": "799126764386254856", "CSE_NAME": "UPPER CAT MINING", "STAGE_ID": null, "BLM_PROD": "Lode Claim", "CSE_TYPE_NR": "384101", "CSE_NR": "OR101740407", "LEG_CSE_NR": "ORMC172409", "SF_ID": "a02t000000599pzAAA", "CSE_DISP": "Active", "SRC": "LLD", "QLTY": "1: MIDPOINT\nTYPICAL QUARTER SECTION WITH 4 STANDARD LEGALS ATTRIBUTED\nDOES NOT MATCH PM ANGLES\naliquot\n36 sections retrieved\n576 intersected features retrieved\n16 matching sections found\nsection 36 issimple: True", "CSE_META": "WA 33 0330N 0080E 036 A NE", "RCRD_ACRS": 20.66, "Created": 1610668800000, "Modified": 1728180056000, "Shape__Length": 0.03630020979889651, "Shape__Area": 7.927812485427503e-05}}, {"type": "Feature", "id": 332246, "geometry": {"type": "Polygon", "coordinates": [[[-121.70588553595769, 48.3127262939287], [-121.7058839659959, 48.312879793936915], [-121.70580012187766, 48.3164505961333], [-121.70579617992266, 48.316632723143236], [-121.7057870310192, 48.317023616164775], [-121.70571294379752, 48.32017486433805], [-121.71115730969369, 48.32016504272992], [-121.71660244058981, 48.32015499312162], [-121.72204757448569, 48.320144684513316], [-121.72749269738128, 48.320134118904996], [-121.72754747946318, 48.31643884970567], [-121.7276022545453, 48.31274357750625], [-121.72217306964868, 48.31273935511189], [-121.71674388875184, 48.31273507271749], [-121.71683283884758, 48.309070368515755], [-121.7169217759434, 48.30540528531386], [-121.7115314260536, 48.30540359691515], [-121.70614092316349, 48.30540168651643], [-121.70613603419962, 48.30554886552471], [-121.70612028631004, 48.30599980755007], [-121.70601304106042, 48.30906400672259], [-121.70600503511832, 48.30930007973586], [-121.70599231520761, 48.309664765756395], [-121.70588553595769, 48.3127262939287]]]}, "properties": {"OBJECTID": 332246, "ID": "799126764088459353", "CSE_NAME": "ED'S ACE MINING", "STAGE_ID": null, "BLM_PROD": "Lode Claim", "CSE_TYPE_NR": "384101", "CSE_NR": "OR101849495", "LEG_CSE_NR": "ORMC172432", "SF_ID": "a02t00000059CRXAA2", "CSE_DISP": "Active", "SRC": "LLD", "QLTY": "1: MIDPOINT\nTYPICAL QUARTER SECTION WITH 4 STANDARD LEGALS ATTRIBUTED\nDOES NOT MATCH PM ANGLES\naliquot\n36 sections retrieved\n576 intersected features retrieved\n16 matching sections found\nsection 25 issimple: True, MIDPOINT\nTYPICAL QUARTER SECTION WITH 4 S", "CSE_META": "WA 33 0330N 0080E 025 A SW|WA 33 0330N 0080E 025 A SE|WA 33 0330N 0080E 036 A NE", "RCRD_ACRS": 20.66, "Created": 1610668800000, "Modified": 1728180316000, "Shape__Length": 0.07292194651856564, "Shape__Area": 0.00024063603319338857}}, {"type": "Feature", "id": 332258, "geometry": {"type": "Polygon", "coordinates": [[[-121.55566241169981, 48.186830726997975], [-121.55570641578153, 48.18310324879438], [-121.55559763076377, 48.18310401580653], [-121.55344940741162, 48.183119166045856], [-121.55025228688748, 48.183141712401984], [-121.54479813499326, 48.18318017700955], [-121.54479798700991, 48.183247195013195], [-121.54478991691552, 48.18690036820889], [-121.54478169883801, 48.19062055940819], [-121.55020004172816, 48.19058938280484], [-121.55553806260502, 48.19055866821038], [-121.55561838461819, 48.19055820620144], [-121.55566241169981, 48.186830726997975]]]}, "properties": {"OBJECTID": 332258, "ID": "799126764033933403", "CSE_NAME": "KNOB", "STAGE_ID": null, "BLM_PROD": "Lode Claim", "CSE_TYPE_NR": "384101", "CSE_NR": "OR101848716", "LEG_CSE_NR": "ORMC172464", "SF_ID": "a02t00000059FXXAA2", "CSE_DISP": "Active", "SRC": "LLD", "QLTY": "1: MIDPOINT\nTYPICAL QUARTER SECTION WITH 4 STANDARD LEGALS ATTRIBUTED\naliquot\n44 sections retrieved\n610 intersected features retrieved\n16 matching sections found\nsection 8 issimple: True", "CSE_META": "WA 33 0310N 0100E 008 A SW", "RCRD_ACRS": 20.66, "Created": 1610668800000, "Modified": 1728180631000, "Shape__Length": 0.03664129054196024, "Shape__Area": 8.097105496734352e-05}}, {"type": "Feature", "id": 332278, "geometry": {"type": "Polygon", "coordinates": [[[-121.69668435466022, 48.305632044583376], [-121.70614024918265, 48.3054784015205], [-121.70639653237028, 48.29807700910394], [-121.69690253085058, 48.298265973172725], [-121.69668435466022, 48.305632044583376]]]}, "properties": {"OBJECTID": 332278, "ID": "799126742722674743", "CSE_NAME": "LOW MINING", "STAGE_ID": null, "BLM_PROD": "Lode Claim", "CSE_TYPE_NR": "384101", "CSE_NR": "OR101389390", "LEG_CSE_NR": "ORMC172700", "SF_ID": "a02t00000059E7iAAE", "CSE_DISP": "Active", "SRC": "LLD", "QLTY": "5: SIMPLE\nATTRIBUTE BUCKET IS EMPTY AND ALL BUCKETS ARE DIFFERENT\nDOES NOT MATCH PM ANGLES\naliquot\n36 sections retrieved\n560 intersected features retrieved\n12 matching sections found\nsection 31 issimple: False", "CSE_META": "WA 33 0330N 0090E 031 A SW", "RCRD_ACRS": 12.39, "Created": 1610668800000, "Modified": 1728180488000, "Shape__Length": 0.03372815068743748, "Shape__Area": 6.991982258383601e-05}}, {"type": "Feature", "id": 332608, "geometry": {"type": "Polygon", "coordinates": [[[-121.53384177523938, 48.18343058723921], [-121.53387285914465, 48.187056342429294], [-121.53390396605013, 48.19068209861932], [-121.53934284394411, 48.19065131701375], [-121.54478169883801, 48.19062055940819], [-121.54478991691552, 48.18690036820889], [-121.54479798700991, 48.183247195013195], [-121.54479813499326, 48.18318017700955], [-121.53931995511637, 48.1833053936244], [-121.5365603386746, 48.18336845993412], [-121.53384177523938, 48.18343058723921]]]}, "properties": {"OBJECTID": 332608, "ID": "799126754055684106", "CSE_NAME": "CARROT STICK MINING", "STAGE_ID": null, "BLM_PROD": "Lode Claim", "CSE_TYPE_NR": "384101", "CSE_NR": "OR101641694", "LEG_CSE_NR": "ORMC174008", "SF_ID": "a02t00000059MSGAA2", "CSE_DISP": "Active", "SRC": "LLD", "QLTY": "1: MIDPOINT\nTYPICAL QUARTER SECTION WITH 4 STANDARD LEGALS ATTRIBUTED\nDOES NOT MATCH PM ANGLES\naliquot\n44 sections retrieved\n610 intersected features retrieved\n16 matching sections found\nsection 8 issimple: True", "CSE_META": "WA 33 0310N 0100E 008 A SE", "RCRD_ACRS": 20.66, "Created": 1610668800000, "Modified": 1728181312000, "Shape__Length": 0.03652930207806544, "Shape__Area": 8.019950557683252e-05}}, {"type": "Feature", "id": 332609, "geometry": {"type": "Polygon", "coordinates": [[[-121.72339217317226, 48.29806865220786], [-121.72245124701686, 48.2980679363128], [-121.7180693162932, 48.29806450980136], [-121.71709987213306, 48.29806372090944], [-121.7170106950395, 48.301740200112015], [-121.7169217759434, 48.30540528531386], [-121.72231213083307, 48.30540672071262], [-121.72768315071929, 48.30540790011339], [-121.72768346671218, 48.3053792911119], [-121.72774284680978, 48.30174006091476], [-121.72780268090054, 48.29807222071607], [-121.72339217317226, 48.29806865220786]]]}, "properties": {"OBJECTID": 332609, "ID": "799126754055684107", "CSE_NAME": "LOWER BLUE SKY", "STAGE_ID": null, "BLM_PROD": "Lode Claim", "CSE_TYPE_NR": "384101", "CSE_NR": "OR101641695", "LEG_CSE_NR": "ORMC174009", "SF_ID": "a02t00000059MSHAA2", "CSE_DISP": "Active", "SRC": "LLD", "QLTY": "1: MIDPOINT\nTYPICAL QUARTER SECTION WITH 4 STANDARD LEGALS ATTRIBUTED\nDOES NOT MATCH PM ANGLES\naliquot\n36 sections retrieved\n576 intersected features retrieved\n16 matching sections found\nsection 36 issimple: True", "CSE_META": "WA 33 0330N 0080E 036 A SW", "RCRD_ACRS": 15.15, "Created": 1610668800000, "Modified": 1728181312000, "Shape__Length": 0.03614456080270615, "Shape__Area": 7.875990552528352e-05}}, {"type": "Feature", "id": 332634, "geometry": {"type": "Polygon", "coordinates": [[[-121.51579276795324, 48.012007947035464], [-121.51579311750933, 48.0101975729377], [-121.51579344306552, 48.008387197839916], [-121.51543477300612, 48.0083873128795], [-121.51310473762048, 48.00838806013679], [-121.51262014854028, 48.00838821919033], [-121.51260814353833, 48.008388223191595], [-121.5104160321755, 48.00838894443366], [-121.50772730273043, 48.00838980673057], [-121.50503859728532, 48.00839071502746], [-121.5050385893071, 48.008479517032264], [-121.50503843472895, 48.01020015812527], [-121.5050382261726, 48.01200960222299], [-121.50503821519808, 48.0121134372286], [-121.50503785406013, 48.01562851241851], [-121.51041496295079, 48.015628604824784], [-121.5154530207851, 48.01562869126843], [-121.51579207084123, 48.01562869723097], [-121.51579276795324, 48.012007947035464]]]}, "properties": {"OBJECTID": 332634, "ID": "799126747340603559", "CSE_NAME": "SUNRISE EAST", "STAGE_ID": null, "BLM_PROD": "Lode Claim", "CSE_TYPE_NR": "384101", "CSE_NR": "OR101732661", "LEG_CSE_NR": "ORMC174076", "SF_ID": "a02t00000059OPYAA2", "CSE_DISP": "Active", "SRC": "LLD", "QLTY": "1: MIDPOINT\nFULLY ATTRIBUTED QUARTER SECTION ALL BUCKETS ARE EQUAL\naliquot\n38 sections retrieved\n618 intersected features retrieved\n19 matching sections found\nsection 10 issimple: False", "CSE_META": "WA 33 0290N 0100E 010 A SW", "RCRD_ACRS": 18.32, "Created": 1610668800000, "Modified": 1728181499000, "Shape__Length": 0.03598835574570613, "Shape__Area": 7.785918082642102e-05}}, {"type": "Feature", "id": 332636, "geometry": {"type": "Polygon", "coordinates": [[[-121.39469703344636, 47.98580255897449], [-121.4192866385488, 47.98587320526745], [-121.41928802973057, 47.986615155307675], [-121.43006499351992, 47.986615154119384], [-121.43004992774775, 47.97938032572773], [-121.42297787857369, 47.979380326507346], [-121.42297863339412, 47.97864567146727], [-121.3947178276799, 47.97856447657785], [-121.39469703344636, 47.98580255897449]]]}, "properties": {"OBJECTID": 332636, "ID": "799126748544368655", "CSE_NAME": "COUNT", "STAGE_ID": null, "BLM_PROD": "Lode Claim", "CSE_TYPE_NR": "384101", "CSE_NR": "OR101740246", "LEG_CSE_NR": "ORMC174098", "SF_ID": "a02t00000059Q3DAAU", "CSE_DISP": "Active", "SRC": "LLD", "QLTY": "9: SIMPLE\nSECTION RENDER IS NOT CLEAR\nTWN CONTAINS PB/UP/UU\naliquot\n53 sections retrieved\n210 intersected features retrieved\ntodo handle unclean township\n0 matching sections found\nno intersected sections\nsection 19 issimple: False, MIDPOINT\nSECTION CONTAI", "CSE_META": "WA 33 0290N 0110E 019 A SE|WA 33 0290N 0110E 020 A SW", "RCRD_ACRS": 18.31, "Created": 1610668800000, "Modified": 1728181660000, "Shape__Length": 0.08664919238838745, "Shape__Area": 0.0002585639119172601}}, {"type": "Feature", "id": 332639, "geometry": {"type": "Polygon", "coordinates": [[[-121.55571263175305, 48.17895543957261], [-121.55571705398674, 48.17586452040727], [-121.55564461397493, 48.17586531041537], [-121.55018429908515, 48.17592489302464], [-121.54465149718335, 48.17598524364199], [-121.54472481608822, 48.17958270982582], [-121.54479813499326, 48.18318017700955], [-121.54479798700991, 48.183247195013195], [-121.54478991691552, 48.18690036820889], [-121.54478169883801, 48.19062055940819], [-121.55020004172816, 48.19058938280484], [-121.55553806260502, 48.19055866821038], [-121.55561838461819, 48.19055820620144], [-121.55566241169981, 48.186830726997975], [-121.55570641578153, 48.18310324879438], [-121.5557064427776, 48.183087058793525], [-121.55571249188411, 48.17948368660077], [-121.55571263175305, 48.17895543957261]]]}, "properties": {"OBJECTID": 332639, "ID": "799126748598894754", "CSE_NAME": "KNOB 2", "STAGE_ID": null, "BLM_PROD": "Lode Claim", "CSE_TYPE_NR": "384101", "CSE_NR": "OR101851412", "LEG_CSE_NR": "ORMC174105", "SF_ID": "a02t00000059QZuAAM", "CSE_DISP": "Active", "SRC": "LLD", "QLTY": "1: MIDPOINT\nTYPICAL QUARTER SECTION WITH 4 STANDARD LEGALS ATTRIBUTED\naliquot\n44 sections retrieved\n610 intersected features retrieved\n16 matching sections found\nsection 8 issimple: True, MIDPOINT\nTYPICAL QUARTER SECTION WITH 4 STANDARD LEGALS ATTRIBUTED\n", "CSE_META": "WA 33 0310N 0100E 008 A SW|WA 33 0310N 0100E 017 A NW", "RCRD_ACRS": 20.66, "Created": 1610668800000, "Modified": 1728181713000, "Shape__Length": 0.05123411717933192, "Shape__Area": 0.00016027021662536953}}, {"type": "Feature", "id": 332646, "geometry": {"type": "Polygon", "coordinates": [[[-121.56653227643233, 48.19058344399077], [-121.56107533052537, 48.1905708255961], [-121.55561838461819, 48.19055820620144], [-121.55559177251382, 48.19418142439744], [-121.55556534340438, 48.1977829465922], [-121.55556518440977, 48.197804641593365], [-121.55875526593684, 48.19779895423871], [-121.56106313131818, 48.197794838982176], [-121.5665610792264, 48.19778501237093], [-121.5665466653293, 48.194184217180876], [-121.56653227643233, 48.19058344399077]]]}, "properties": {"OBJECTID": 332646, "ID": "799126767133524034", "CSE_NAME": "LD 2", "STAGE_ID": null, "BLM_PROD": "Lode Claim", "CSE_TYPE_NR": "384101", "CSE_NR": "OR101550412", "LEG_CSE_NR": "ORMC174189", "SF_ID": "a02t00000059IErAAM", "CSE_DISP": "Active", "SRC": "LLD", "QLTY": "1: SIMPLE\nFULLY ATTRIBUTED QUARTER SECTION ALL BUCKETS ARE EQUAL\naliquot\n44 sections retrieved\n610 intersected features retrieved\n16 matching sections found\nsection 7 issimple: False", "CSE_META": "WA 33 0310N 0100E 007 A NE", "RCRD_ACRS": 20.66, "Created": 1610668800000, "Modified": 1728180891000, "Shape__Length": 0.03635808558993522, "Shape__Area": 7.913825026868952e-05}}, {"type": "Feature", "id": 332647, "geometry": {"type": "Polygon", "coordinates": [[[-121.56653227643233, 48.19058344399077], [-121.56107533052537, 48.1905708255961], [-121.55561838461819, 48.19055820620144], [-121.55559177251382, 48.19418142439744], [-121.55556534340438, 48.1977829465922], [-121.55556518440977, 48.197804641593365], [-121.55875526593684, 48.19779895423871], [-121.56106313131818, 48.197794838982176], [-121.5665610792264, 48.19778501237093], [-121.5665466653293, 48.194184217180876], [-121.56653227643233, 48.19058344399077]]]}, "properties": {"OBJECTID": 332647, "ID": "799126767133524035", "CSE_NAME": "LD 3", "STAGE_ID": null, "BLM_PROD": "Lode Claim", "CSE_TYPE_NR": "384101", "CSE_NR": "OR101550413", "LEG_CSE_NR": "ORMC174190", "SF_ID": "a02t00000059IEsAAM", "CSE_DISP": "Active", "SRC": "LLD", "QLTY": "1: SIMPLE\nFULLY ATTRIBUTED QUARTER SECTION ALL BUCKETS ARE EQUAL\naliquot\n44 sections retrieved\n610 intersected features retrieved\n16 matching sections found\nsection 7 issimple: False", "CSE_META": "WA 33 0310N 0100E 007 A NE", "RCRD_ACRS": 20.66, "Created": 1610668800000, "Modified": 1728180891000, "Shape__Length": 0.03635808558993522, "Shape__Area": 7.913825026868952e-05}}, {"type": "Feature", "id": 332648, "geometry": {"type": "Polygon", "coordinates": [[[-121.56650244857711, 48.18313286359728], [-121.56110443167942, 48.18311805619583], [-121.55570641578153, 48.18310324879438], [-121.55566241169981, 48.186830726997975], [-121.55561838461819, 48.19055820620144], [-121.55559177251382, 48.19418142439744], [-121.55556534340438, 48.1977829465922], [-121.55556518440977, 48.197804641593365], [-121.55875526593684, 48.19779895423871], [-121.56106313131818, 48.197794838982176], [-121.5665610792264, 48.19778501237093], [-121.5665466653293, 48.194184217180876], [-121.56653227643233, 48.19058344399077], [-121.5665173505046, 48.18685815379406], [-121.56650244857711, 48.18313286359728]]]}, "properties": {"OBJECTID": 332648, "ID": "799126767133524036", "CSE_NAME": "LD 4", "STAGE_ID": null, "BLM_PROD": "Lode Claim", "CSE_TYPE_NR": "384101", "CSE_NR": "OR101550414", "LEG_CSE_NR": "ORMC174191", "SF_ID": "a02t00000059IEtAAM", "CSE_DISP": "Active", "SRC": "LLD", "QLTY": "1: SIMPLE\nFULLY ATTRIBUTED QUARTER SECTION ALL BUCKETS ARE EQUAL\naliquot\n44 sections retrieved\n610 intersected features retrieved\n16 matching sections found\nsection 7 issimple: False, SIMPLE\nTYPICAL QUARTER SECTION WITH 4 STANDARD LEGALS ATTRIBUTED\naliquo", "CSE_META": "WA 33 0310N 0100E 007 A NE|WA 33 0310N 0100E 007 A SE", "RCRD_ACRS": 20.66, "Created": 1610668800000, "Modified": 1728180892000, "Shape__Length": 0.051146354485018065, "Shape__Area": 0.00016003847136167405}}, {"type": "Feature", "id": 332649, "geometry": {"type": "Polygon", "coordinates": [[[-121.56650244857711, 48.18313286359728], [-121.56110443167942, 48.18311805619583], [-121.55570641578153, 48.18310324879438], [-121.55566241169981, 48.186830726997975], [-121.55561838461819, 48.19055820620144], [-121.55559177251382, 48.19418142439744], [-121.55556534340438, 48.1977829465922], [-121.55556518440977, 48.197804641593365], [-121.55875526593684, 48.19779895423871], [-121.56106313131818, 48.197794838982176], [-121.5665610792264, 48.19778501237093], [-121.5665466653293, 48.194184217180876], [-121.56653227643233, 48.19058344399077], [-121.5665173505046, 48.18685815379406], [-121.56650244857711, 48.18313286359728]]]}, "properties": {"OBJECTID": 332649, "ID": "799126767133524037", "CSE_NAME": "LD 5", "STAGE_ID": null, "BLM_PROD": "Lode Claim", "CSE_TYPE_NR": "384101", "CSE_NR": "OR101550415", "LEG_CSE_NR": "ORMC174192", "SF_ID": "a02t00000059IEuAAM", "CSE_DISP": "Active", "SRC": "LLD", "QLTY": "1: SIMPLE\nFULLY ATTRIBUTED QUARTER SECTION ALL BUCKETS ARE EQUAL\naliquot\n44 sections retrieved\n610 intersected features retrieved\n16 matching sections found\nsection 7 issimple: False, SIMPLE\nTYPICAL QUARTER SECTION WITH 4 STANDARD LEGALS ATTRIBUTED\naliquo", "CSE_META": "WA 33 0310N 0100E 007 A NE|WA 33 0310N 0100E 007 A SE", "RCRD_ACRS": 20.66, "Created": 1610668800000, "Modified": 1728180892000, "Shape__Length": 0.051146354485018065, "Shape__Area": 0.00016003847136167405}}, {"type": "Feature", "id": 332650, "geometry": {"type": "Polygon", "coordinates": [[[-121.56650244857711, 48.18313286359728], [-121.56110443167942, 48.18311805619583], [-121.55570641578153, 48.18310324879438], [-121.55559763076377, 48.18310401580653], [-121.55344940741162, 48.183119166045856], [-121.55025228688748, 48.183141712401984], [-121.54479813499326, 48.18318017700955], [-121.54479798700991, 48.183247195013195], [-121.54478991691552, 48.18690036820889], [-121.54478169883801, 48.19062055940819], [-121.55020004172816, 48.19058938280484], [-121.55553806260502, 48.19055866821038], [-121.55561838461819, 48.19055820620144], [-121.55559177251382, 48.19418142439744], [-121.55556534340438, 48.1977829465922], [-121.55556518440977, 48.197804641593365], [-121.55875526593684, 48.19779895423871], [-121.56106313131818, 48.197794838982176], [-121.5665610792264, 48.19778501237093], [-121.5665466653293, 48.194184217180876], [-121.56653227643233, 48.19058344399077], [-121.5665173505046, 48.18685815379406], [-121.56650244857711, 48.18313286359728]]]}, "properties": {"OBJECTID": 332650, "ID": "799126767133524038", "CSE_NAME": "LD 6", "STAGE_ID": null, "BLM_PROD": "Lode Claim", "CSE_TYPE_NR": "384101", "CSE_NR": "OR101550416", "LEG_CSE_NR": "ORMC174193", "SF_ID": "a02t00000059IEvAAM", "CSE_DISP": "Active", "SRC": "LLD", "QLTY": "1: SIMPLE\nFULLY ATTRIBUTED QUARTER SECTION ALL BUCKETS ARE EQUAL\naliquot\n44 sections retrieved\n610 intersected features retrieved\n16 matching sections found\nsection 7 issimple: False, SIMPLE\nTYPICAL QUARTER SECTION WITH 4 STANDARD LEGALS ATTRIBUTED\naliquo", "CSE_META": "WA 33 0310N 0100E 007 A NE|WA 33 0310N 0100E 007 A SE|WA 33 0310N 0100E 008 A SW", "RCRD_ACRS": 20.66, "Created": 1610668800000, "Modified": 1728180892000, "Shape__Length": 0.07287669151199928, "Shape__Area": 0.00024100952632901757}}, {"type": "Feature", "id": 332651, "geometry": {"type": "Polygon", "coordinates": [[[-121.55566241169981, 48.186830726997975], [-121.55570641578153, 48.18310324879438], [-121.55559763076377, 48.18310401580653], [-121.55344940741162, 48.183119166045856], [-121.55025228688748, 48.183141712401984], [-121.54479813499326, 48.18318017700955], [-121.54479798700991, 48.183247195013195], [-121.54478991691552, 48.18690036820889], [-121.54478169883801, 48.19062055940819], [-121.54477366773696, 48.19424484860225], [-121.54476575062577, 48.19782772079412], [-121.54476565863607, 48.19786913679633], [-121.55016542152299, 48.19783688919488], [-121.5554804833958, 48.19780514760278], [-121.55556518440977, 48.197804641593365], [-121.55875526593684, 48.19779895423871], [-121.56106313131818, 48.197794838982176], [-121.5665610792264, 48.19778501237093], [-121.5665466653293, 48.194184217180876], [-121.56653227643233, 48.19058344399077], [-121.56107533052537, 48.1905708255961], [-121.55561838461819, 48.19055820620144], [-121.55566241169981, 48.186830726997975]]]}, "properties": {"OBJECTID": 332651, "ID": "799126767133524039", "CSE_NAME": "LD 7", "STAGE_ID": null, "BLM_PROD": "Lode Claim", "CSE_TYPE_NR": "384101", "CSE_NR": "OR101550417", "LEG_CSE_NR": "ORMC174194", "SF_ID": "a02t00000059IEwAAM", "CSE_DISP": "Active", "SRC": "LLD", "QLTY": "1: SIMPLE\nFULLY ATTRIBUTED QUARTER SECTION ALL BUCKETS ARE EQUAL\naliquot\n44 sections retrieved\n610 intersected features retrieved\n16 matching sections found\nsection 7 issimple: False, MIDPOINT\nFULLY ATTRIBUTED QUARTER SECTION ALL BUCKETS ARE EQUAL\naliquot", "CSE_META": "WA 33 0310N 0100E 007 A NE|WA 33 0310N 0100E 008 A NW|WA 33 0310N 0100E 008 A SW", "RCRD_ACRS": 20.66, "Created": 1610668800000, "Modified": 1728180892000, "Shape__Length": 0.07296419378273829, "Shape__Area": 0.00023851137911235707}}, {"type": "Feature", "id": 332652, "geometry": {"type": "Polygon", "coordinates": [[[-121.56650244857711, 48.18313286359728], [-121.56110443167942, 48.18311805619583], [-121.55570641578153, 48.18310324879438], [-121.55566241169981, 48.186830726997975], [-121.55561838461819, 48.19055820620144], [-121.56107533052537, 48.1905708255961], [-121.56653227643233, 48.19058344399077], [-121.5665173505046, 48.18685815379406], [-121.56650244857711, 48.18313286359728]]]}, "properties": {"OBJECTID": 332652, "ID": "799126767133524040", "CSE_NAME": "LD 8", "STAGE_ID": null, "BLM_PROD": "Lode Claim", "CSE_TYPE_NR": "384101", "CSE_NR": "OR101550418", "LEG_CSE_NR": "ORMC174195", "SF_ID": "a02t00000059IExAAM", "CSE_DISP": "Active", "SRC": "LLD", "QLTY": "1: SIMPLE\nTYPICAL QUARTER SECTION WITH 4 STANDARD LEGALS ATTRIBUTED\naliquot\n44 sections retrieved\n610 intersected features retrieved\n16 matching sections found\nsection 7 issimple: False", "CSE_META": "WA 33 0310N 0100E 007 A SE", "RCRD_ACRS": 20.66, "Created": 1610668800000, "Modified": 1728180892000, "Shape__Length": 0.036616107261647886, "Shape__Area": 8.090022109298452e-05}}, {"type": "Feature", "id": 332653, "geometry": {"type": "Polygon", "coordinates": [[[-121.55566241169981, 48.186830726997975], [-121.55570641578153, 48.18310324879438], [-121.55559763076377, 48.18310401580653], [-121.55344940741162, 48.183119166045856], [-121.55025228688748, 48.183141712401984], [-121.54479813499326, 48.18318017700955], [-121.54479798700991, 48.183247195013195], [-121.54478991691552, 48.18690036820889], [-121.54478169883801, 48.19062055940819], [-121.55020004172816, 48.19058938280484], [-121.55553806260502, 48.19055866821038], [-121.55561838461819, 48.19055820620144], [-121.55566241169981, 48.186830726997975]]]}, "properties": {"OBJECTID": 332653, "ID": "799126767133524041", "CSE_NAME": "LD9", "STAGE_ID": null, "BLM_PROD": "Lode Claim", "CSE_TYPE_NR": "384101", "CSE_NR": "OR101550419", "LEG_CSE_NR": "ORMC174196", "SF_ID": "a02t00000059IEyAAM", "CSE_DISP": "Active", "SRC": "LLD", "QLTY": "1: MIDPOINT\nTYPICAL QUARTER SECTION WITH 4 STANDARD LEGALS ATTRIBUTED\naliquot\n44 sections retrieved\n610 intersected features retrieved\n16 matching sections found\nsection 8 issimple: True", "CSE_META": "WA 33 0310N 0100E 008 A SW", "RCRD_ACRS": 20.66, "Created": 1610668800000, "Modified": 1728180892000, "Shape__Length": 0.03664129054196024, "Shape__Area": 8.097105496734352e-05}}, {"type": "Feature", "id": 332654, "geometry": {"type": "Polygon", "coordinates": [[[-121.55571263175305, 48.17895543957261], [-121.55571705398674, 48.17586452040727], [-121.55564461397493, 48.17586531041537], [-121.55018429908515, 48.17592489302464], [-121.54465149718335, 48.17598524364199], [-121.54472481608822, 48.17958270982582], [-121.54479813499326, 48.18318017700955], [-121.54479798700991, 48.183247195013195], [-121.54478991691552, 48.18690036820889], [-121.54478169883801, 48.19062055940819], [-121.55020004172816, 48.19058938280484], [-121.55553806260502, 48.19055866821038], [-121.55561838461819, 48.19055820620144], [-121.56107533052537, 48.1905708255961], [-121.56653227643233, 48.19058344399077], [-121.5665173505046, 48.18685815379406], [-121.56650244857711, 48.18313286359728], [-121.56110443167942, 48.18311805619583], [-121.55570641578153, 48.18310324879438], [-121.5557064427776, 48.183087058793525], [-121.55571249188411, 48.17948368660077], [-121.55571263175305, 48.17895543957261]]]}, "properties": {"OBJECTID": 332654, "ID": "799126767133524042", "CSE_NAME": "LD 10", "STAGE_ID": null, "BLM_PROD": "Lode Claim", "CSE_TYPE_NR": "384101", "CSE_NR": "OR101550420", "LEG_CSE_NR": "ORMC174197", "SF_ID": "a02t00000059IEzAAM", "CSE_DISP": "Active", "SRC": "LLD", "QLTY": "1: MIDPOINT\nTYPICAL QUARTER SECTION WITH 4 STANDARD LEGALS ATTRIBUTED\naliquot\n44 sections retrieved\n610 intersected features retrieved\n16 matching sections found\nsection 8 issimple: True, SIMPLE\nTYPICAL QUARTER SECTION WITH 4 STANDARD LEGALS ATTRIBUTED\nal", "CSE_META": "WA 33 0310N 0100E 008 A SW|WA 33 0310N 0100E 007 A SE|WA 33 0310N 0100E 017 A NW", "RCRD_ACRS": 20.66, "Created": 1610668800000, "Modified": 1728180892000, "Shape__Length": 0.07293927092600076, "Shape__Area": 0.00024117043771835407}}, {"type": "Feature", "id": 332655, "geometry": {"type": "Polygon", "coordinates": [[[-121.55571263175305, 48.17895543957261], [-121.55571705398674, 48.17586452040727], [-121.55564461397493, 48.17586531041537], [-121.55018429908515, 48.17592489302464], [-121.54465149718335, 48.17598524364199], [-121.54472481608822, 48.17958270982582], [-121.54479813499326, 48.18318017700955], [-121.54479798700991, 48.183247195013195], [-121.54478991691552, 48.18690036820889], [-121.54478169883801, 48.19062055940819], [-121.55020004172816, 48.19058938280484], [-121.55553806260502, 48.19055866821038], [-121.55561838461819, 48.19055820620144], [-121.55566241169981, 48.186830726997975], [-121.55570641578153, 48.18310324879438], [-121.5557064427776, 48.183087058793525], [-121.55571249188411, 48.17948368660077], [-121.55571263175305, 48.17895543957261]]]}, "properties": {"OBJECTID": 332655, "ID": "799126767133524043", "CSE_NAME": "LD 11", "STAGE_ID": null, "BLM_PROD": "Lode Claim", "CSE_TYPE_NR": "384101", "CSE_NR": "OR101550421", "LEG_CSE_NR": "ORMC174198", "SF_ID": "a02t00000059IF0AAM", "CSE_DISP": "Active", "SRC": "LLD", "QLTY": "1: MIDPOINT\nTYPICAL QUARTER SECTION WITH 4 STANDARD LEGALS ATTRIBUTED\naliquot\n44 sections retrieved\n610 intersected features retrieved\n16 matching sections found\nsection 8 issimple: True, MIDPOINT\nTYPICAL QUARTER SECTION WITH 4 STANDARD LEGALS ATTRIBUTED\n", "CSE_META": "WA 33 0310N 0100E 008 A SW|WA 33 0310N 0100E 017 A NW", "RCRD_ACRS": 20.66, "Created": 1610668800000, "Modified": 1728180892000, "Shape__Length": 0.05123411717933192, "Shape__Area": 0.00016027021662536953}}, {"type": "Feature", "id": 332656, "geometry": {"type": "Polygon", "coordinates": [[[-121.55566241169981, 48.186830726997975], [-121.55570641578153, 48.18310324879438], [-121.55559763076377, 48.18310401580653], [-121.55344940741162, 48.183119166045856], [-121.55025228688748, 48.183141712401984], [-121.54479813499326, 48.18318017700955], [-121.54479798700991, 48.183247195013195], [-121.54478991691552, 48.18690036820889], [-121.54478169883801, 48.19062055940819], [-121.55020004172816, 48.19058938280484], [-121.55553806260502, 48.19055866821038], [-121.55561838461819, 48.19055820620144], [-121.55566241169981, 48.186830726997975]]]}, "properties": {"OBJECTID": 332656, "ID": "799126767414542415", "CSE_NAME": "LD 12", "STAGE_ID": null, "BLM_PROD": "Lode Claim", "CSE_TYPE_NR": "384101", "CSE_NR": "OR101551601", "LEG_CSE_NR": "ORMC174199", "SF_ID": "a02t00000059IF1AAM", "CSE_DISP": "Active", "SRC": "LLD", "QLTY": "1: MIDPOINT\nTYPICAL QUARTER SECTION WITH 4 STANDARD LEGALS ATTRIBUTED\naliquot\n44 sections retrieved\n610 intersected features retrieved\n16 matching sections found\nsection 8 issimple: True", "CSE_META": "WA 33 0310N 0100E 008 A SW", "RCRD_ACRS": 20.66, "Created": 1610668800000, "Modified": 1728180892000, "Shape__Length": 0.03664129054196024, "Shape__Area": 8.097105496734352e-05}}, {"type": "Feature", "id": 332657, "geometry": {"type": "Polygon", "coordinates": [[[-121.55571263175305, 48.17895543957261], [-121.55571705398674, 48.17586452040727], [-121.55564461397493, 48.17586531041537], [-121.55018429908515, 48.17592489302464], [-121.54465149718335, 48.17598524364199], [-121.54472481608822, 48.17958270982582], [-121.54479813499326, 48.18318017700955], [-121.55025228688748, 48.183141712401984], [-121.55344940741162, 48.183119166045856], [-121.55559763076377, 48.18310401580653], [-121.55570641578153, 48.18310324879438], [-121.5557064427776, 48.183087058793525], [-121.55571249188411, 48.17948368660077], [-121.55571263175305, 48.17895543957261]]]}, "properties": {"OBJECTID": 332657, "ID": "799126767414542405", "CSE_NAME": "LD 13", "STAGE_ID": null, "BLM_PROD": "Lode Claim", "CSE_TYPE_NR": "384101", "CSE_NR": "OR101551602", "LEG_CSE_NR": "ORMC174200", "SF_ID": "a02t00000059IF2AAM", "CSE_DISP": "Active", "SRC": "LLD", "QLTY": "1: MIDPOINT\nTYPICAL QUARTER SECTION WITH 4 STANDARD LEGALS ATTRIBUTED\nDOES NOT MATCH PM ANGLES\naliquot\n44 sections retrieved\n610 intersected features retrieved\n16 matching sections found\nsection 17 issimple: False", "CSE_META": "WA 33 0310N 0100E 017 A NW", "RCRD_ACRS": 20.66, "Created": 1610668800000, "Modified": 1728180892000, "Shape__Length": 0.03640992713264147, "Shape__Area": 7.929916165802602e-05}}, {"type": "Feature", "id": 332658, "geometry": {"type": "Polygon", "coordinates": [[[-121.55571263175305, 48.17895543957261], [-121.55571705398674, 48.17586452040727], [-121.55564461397493, 48.17586531041537], [-121.55018429908515, 48.17592489302464], [-121.54465149718335, 48.17598524364199], [-121.54472481608822, 48.17958270982582], [-121.54479813499326, 48.18318017700955], [-121.54479798700991, 48.183247195013195], [-121.54478991691552, 48.18690036820889], [-121.54478169883801, 48.19062055940819], [-121.55020004172816, 48.19058938280484], [-121.55553806260502, 48.19055866821038], [-121.55561838461819, 48.19055820620144], [-121.55566241169981, 48.186830726997975], [-121.55570641578153, 48.18310324879438], [-121.5557064427776, 48.183087058793525], [-121.55571249188411, 48.17948368660077], [-121.55571263175305, 48.17895543957261]]]}, "properties": {"OBJECTID": 332658, "ID": "799126767414542406", "CSE_NAME": "LD14", "STAGE_ID": null, "BLM_PROD": "Lode Claim", "CSE_TYPE_NR": "384101", "CSE_NR": "OR101551603", "LEG_CSE_NR": "ORMC174201", "SF_ID": "a02t00000059IF3AAM", "CSE_DISP": "Active", "SRC": "LLD", "QLTY": "1: MIDPOINT\nTYPICAL QUARTER SECTION WITH 4 STANDARD LEGALS ATTRIBUTED\naliquot\n44 sections retrieved\n610 intersected features retrieved\n16 matching sections found\nsection 8 issimple: True, MIDPOINT\nTYPICAL QUARTER SECTION WITH 4 STANDARD LEGALS ATTRIBUTED\n", "CSE_META": "WA 33 0310N 0100E 008 A SW|WA 33 0310N 0100E 017 A NW", "RCRD_ACRS": 20.66, "Created": 1610668800000, "Modified": 1728180892000, "Shape__Length": 0.05123411717933192, "Shape__Area": 0.00016027021662536953}}, {"type": "Feature", "id": 332664, "geometry": {"type": "Polygon", "coordinates": [[[-121.56653227643233, 48.19058344399077], [-121.56107533052537, 48.1905708255961], [-121.55561838461819, 48.19055820620144], [-121.55553806260502, 48.19055866821038], [-121.55020004172816, 48.19058938280484], [-121.54478169883801, 48.19062055940819], [-121.54477366773696, 48.19424484860225], [-121.54476575062577, 48.19782772079412], [-121.54476565863607, 48.19786913679633], [-121.55016542152299, 48.19783688919488], [-121.5554804833958, 48.19780514760278], [-121.55556518440977, 48.197804641593365], [-121.55875526593684, 48.19779895423871], [-121.56106313131818, 48.197794838982176], [-121.5665610792264, 48.19778501237093], [-121.5665466653293, 48.194184217180876], [-121.56653227643233, 48.19058344399077]]]}, "properties": {"OBJECTID": 332664, "ID": "799126767133524053", "CSE_NAME": "LD 15", "STAGE_ID": null, "BLM_PROD": "Lode Claim", "CSE_TYPE_NR": "384101", "CSE_NR": "OR101550439", "LEG_CSE_NR": "ORMC174222", "SF_ID": "a02t00000059InQAAU", "CSE_DISP": "Active", "SRC": "LLD", "QLTY": "1: SIMPLE\nFULLY ATTRIBUTED QUARTER SECTION ALL BUCKETS ARE EQUAL\naliquot\n44 sections retrieved\n610 intersected features retrieved\n16 matching sections found\nsection 7 issimple: False, MIDPOINT\nFULLY ATTRIBUTED QUARTER SECTION ALL BUCKETS ARE EQUAL\naliquot", "CSE_META": "WA 33 0310N 0100E 007 A NE|WA 33 0310N 0100E 008 A NW", "RCRD_ACRS": 20.66, "Created": 1610668800000, "Modified": 1728180946000, "Shape__Length": 0.0579966299981, "Shape__Area": 0.00015754032414501355}}, {"type": "Feature", "id": 332665, "geometry": {"type": "Polygon", "coordinates": [[[-121.56653227643233, 48.19058344399077], [-121.56107533052537, 48.1905708255961], [-121.55561838461819, 48.19055820620144], [-121.55553806260502, 48.19055866821038], [-121.55020004172816, 48.19058938280484], [-121.54478169883801, 48.19062055940819], [-121.54477366773696, 48.19424484860225], [-121.54476575062577, 48.19782772079412], [-121.54476565863607, 48.19786913679633], [-121.55016542152299, 48.19783688919488], [-121.5554804833958, 48.19780514760278], [-121.55556518440977, 48.197804641593365], [-121.55875526593684, 48.19779895423871], [-121.56106313131818, 48.197794838982176], [-121.5665610792264, 48.19778501237093], [-121.5665466653293, 48.194184217180876], [-121.56653227643233, 48.19058344399077]]]}, "properties": {"OBJECTID": 332665, "ID": "799126767133524054", "CSE_NAME": "LD 16", "STAGE_ID": null, "BLM_PROD": "Lode Claim", "CSE_TYPE_NR": "384101", "CSE_NR": "OR101550440", "LEG_CSE_NR": "ORMC174223", "SF_ID": "a02t00000059InRAAU", "CSE_DISP": "Active", "SRC": "LLD", "QLTY": "1: SIMPLE\nFULLY ATTRIBUTED QUARTER SECTION ALL BUCKETS ARE EQUAL\naliquot\n44 sections retrieved\n610 intersected features retrieved\n16 matching sections found\nsection 7 issimple: False, MIDPOINT\nFULLY ATTRIBUTED QUARTER SECTION ALL BUCKETS ARE EQUAL\naliquot", "CSE_META": "WA 33 0310N 0100E 007 A NE|WA 33 0310N 0100E 008 A NW", "RCRD_ACRS": 20.66, "Created": 1610668800000, "Modified": 1728180946000, "Shape__Length": 0.0579966299981, "Shape__Area": 0.00015754032414501355}}, {"type": "Feature", "id": 332667, "geometry": {"type": "Polygon", "coordinates": [[[-121.39469703344636, 47.98580255897449], [-121.4192866385488, 47.98587320526745], [-121.41928802973057, 47.986615155307675], [-121.43006499351992, 47.986615154119384], [-121.43004992774775, 47.97938032572773], [-121.42297787857369, 47.979380326507346], [-121.42297863339412, 47.97864567146727], [-121.3947178276799, 47.97856447657785], [-121.39469703344636, 47.98580255897449]]]}, "properties": {"OBJECTID": 332667, "ID": "799126768878354546", "CSE_NAME": "COUNTESS", "STAGE_ID": null, "BLM_PROD": "Lode Claim", "CSE_TYPE_NR": "384101", "CSE_NR": "OR101714275", "LEG_CSE_NR": "ORMC174263", "SF_ID": "a02t00000059K5yAAE", "CSE_DISP": "Active", "SRC": "LLD", "QLTY": "9: SIMPLE\nSECTION RENDER IS NOT CLEAR\nTWN CONTAINS PB/UP/UU\naliquot\n53 sections retrieved\n210 intersected features retrieved\ntodo handle unclean township\n0 matching sections found\nno intersected sections\nsection 19 issimple: False, MIDPOINT\nSECTION CONTAI", "CSE_META": "WA 33 0290N 0110E 019 A SE|WA 33 0290N 0110E 020 A SW", "RCRD_ACRS": 20.66, "Created": 1610668800000, "Modified": 1728181073000, "Shape__Length": 0.08664919238838745, "Shape__Area": 0.0002585639119172601}}, {"type": "Feature", "id": 332754, "geometry": {"type": "Polygon", "coordinates": [[[-121.71174856324906, 48.2980592415061], [-121.7074233165344, 48.29805551198831], [-121.70662831940734, 48.29807215307787], [-121.70639653237028, 48.29807700910394], [-121.70626877426676, 48.301739333310174], [-121.70626246231106, 48.30192022232041], [-121.70624801641262, 48.30233484334375], [-121.70614092316349, 48.30540168651643], [-121.7115314260536, 48.30540359691515], [-121.7169217759434, 48.30540528531386], [-121.7170106950395, 48.301740200112015], [-121.71709987213306, 48.29806372090944], [-121.71274631441389, 48.29806007839488], [-121.71174856324906, 48.2980592415061]]]}, "properties": {"OBJECTID": 332754, "ID": "799126761018228799", "CSE_NAME": "GROSS CROSS", "STAGE_ID": null, "BLM_PROD": "Lode Claim", "CSE_TYPE_NR": "384101", "CSE_NR": "OR101883392", "LEG_CSE_NR": "ORMC174880", "SF_ID": "a02t00000059VpdAAE", "CSE_DISP": "Active", "SRC": "LLD", "QLTY": "1: MIDPOINT\nTYPICAL QUARTER SECTION WITH 4 STANDARD LEGALS ATTRIBUTED\nDOES NOT MATCH PM ANGLES\naliquot\n36 sections retrieved\n576 intersected features retrieved\n16 matching sections found\nsection 36 issimple: True", "CSE_META": "WA 33 0330N 0080E 036 A SE", "RCRD_ACRS": 20.66, "Created": 1610668800000, "Modified": 1728182297000, "Shape__Length": 0.03615727770907937, "Shape__Area": 7.888036042295102e-05}}, {"type": "Feature", "id": 332755, "geometry": {"type": "Polygon", "coordinates": [[[-121.71174856324906, 48.2980592415061], [-121.7074233165344, 48.29805551198831], [-121.70662831940734, 48.29807215307787], [-121.70639653237028, 48.29807700910394], [-121.70626877426676, 48.301739333310174], [-121.70626246231106, 48.30192022232041], [-121.70624801641262, 48.30233484334375], [-121.70614092316349, 48.30540168651643], [-121.70613603419962, 48.30554886552471], [-121.70612028631004, 48.30599980755007], [-121.70601304106042, 48.30906400672259], [-121.70600503511832, 48.30930007973586], [-121.70599231520761, 48.309664765756395], [-121.70588553595769, 48.3127262939287], [-121.71131471085482, 48.31273072132313], [-121.71674388875184, 48.31273507271749], [-121.71683283884758, 48.309070368515755], [-121.7169217759434, 48.30540528531386], [-121.7170106950395, 48.301740200112015], [-121.71709987213306, 48.29806372090944], [-121.71274631441389, 48.29806007839488], [-121.71174856324906, 48.2980592415061]]]}, "properties": {"OBJECTID": 332755, "ID": "799126761018228800", "CSE_NAME": "HARD CROSS", "STAGE_ID": null, "BLM_PROD": "Lode Claim", "CSE_TYPE_NR": "384101", "CSE_NR": "OR101883393", "LEG_CSE_NR": "ORMC174881", "SF_ID": "a02t00000059VpeAAE", "CSE_DISP": "Active", "SRC": "LLD", "QLTY": "1: MIDPOINT\nTYPICAL QUARTER SECTION WITH 4 STANDARD LEGALS ATTRIBUTED\nDOES NOT MATCH PM ANGLES\naliquot\n36 sections retrieved\n576 intersected features retrieved\n16 matching sections found\nsection 36 issimple: True, MIDPOINT\nTYPICAL QUARTER SECTION WITH 4 S", "CSE_META": "WA 33 0330N 0080E 036 A NE|WA 33 0330N 0080E 036 A SE", "RCRD_ACRS": 20.66, "Created": 1610668800000, "Modified": 1728182297000, "Shape__Length": 0.05089578430127512, "Shape__Area": 0.00015815848527722605}}, {"type": "Feature", "id": 332756, "geometry": {"type": "Polygon", "coordinates": [[[-121.71174856324906, 48.2980592415061], [-121.7074233165344, 48.29805551198831], [-121.70662831940734, 48.29807215307787], [-121.70639653237028, 48.29807700910394], [-121.70626877426676, 48.301739333310174], [-121.70626246231106, 48.30192022232041], [-121.70624801641262, 48.30233484334375], [-121.70614092316349, 48.30540168651643], [-121.7115314260536, 48.30540359691515], [-121.7169217759434, 48.30540528531386], [-121.7170106950395, 48.301740200112015], [-121.71709987213306, 48.29806372090944], [-121.71274631441389, 48.29806007839488], [-121.71174856324906, 48.2980592415061]]]}, "properties": {"OBJECTID": 332756, "ID": "799126761018228801", "CSE_NAME": "ICY CROSS", "STAGE_ID": null, "BLM_PROD": "Lode Claim", "CSE_TYPE_NR": "384101", "CSE_NR": "OR101883394", "LEG_CSE_NR": "ORMC174882", "SF_ID": "a02t00000059VpfAAE", "CSE_DISP": "Active", "SRC": "LLD", "QLTY": "1: MIDPOINT\nTYPICAL QUARTER SECTION WITH 4 STANDARD LEGALS ATTRIBUTED\nDOES NOT MATCH PM ANGLES\naliquot\n36 sections retrieved\n576 intersected features retrieved\n16 matching sections found\nsection 36 issimple: True", "CSE_META": "WA 33 0330N 0080E 036 A SE", "RCRD_ACRS": 20.66, "Created": 1610668800000, "Modified": 1728182297000, "Shape__Length": 0.03615727770907937, "Shape__Area": 7.888036042295102e-05}}, {"type": "Feature", "id": 332759, "geometry": {"type": "Polygon", "coordinates": [[[-121.46704893342283, 47.85842584806237], [-121.46709360974667, 47.85973034712875], [-121.4671956604863, 47.8627094092803], [-121.46719824450506, 47.86278485228414], [-121.47241402438682, 47.862859846715125], [-121.47762985026846, 47.862934864146084], [-121.4776237832313, 47.8627857821386], [-121.47748756739664, 47.85943849297083], [-121.47734764253929, 47.8559995347984], [-121.47734530652495, 47.85594212179548], [-121.47712411949212, 47.855957799820665], [-121.47625174736272, 47.8560196539199], [-121.47216717575678, 47.8563089703844], [-121.46698899798844, 47.856675841973356], [-121.46704893342283, 47.85842584806237]]]}, "properties": {"OBJECTID": 332759, "ID": "799126771726286892", "CSE_NAME": "COPPER KING", "STAGE_ID": null, "BLM_PROD": "Lode Claim", "CSE_TYPE_NR": "384101", "CSE_NR": "OR101834270", "LEG_CSE_NR": "ORMC174907", "SF_ID": "a02t00000059OAQAA2", "CSE_DISP": "Active", "SRC": "LLD", "QLTY": "1: SIMPLE\nFULLY ATTRIBUTED QUARTER SECTION ALL BUCKETS ARE EQUAL\nDOES NOT MATCH PM ANGLES\nTWN CONTAINS PB/UP/UU\naliquot\n53 sections retrieved\n637 intersected features retrieved\ntodo handle unclean township\n18 matching sections found\nsection 1 issimple: Fa", "CSE_META": "WA 33 0270N 0100E 001 A NW", "RCRD_ACRS": 20.66, "Created": 1610668800000, "Modified": 1728181477000, "Shape__Length": 0.0339260693784429, "Shape__Area": 6.816140938611652e-05}}, {"type": "Feature", "id": 332760, "geometry": {"type": "Polygon", "coordinates": [[[-121.46704893342283, 47.85842584806237], [-121.46709360974667, 47.85973034712875], [-121.4671956604863, 47.8627094092803], [-121.46719824450506, 47.86278485228414], [-121.47241402438682, 47.862859846715125], [-121.47762985026846, 47.862934864146084], [-121.4776237832313, 47.8627857821386], [-121.47748756739664, 47.85943849297083], [-121.47734764253929, 47.8559995347984], [-121.47734530652495, 47.85594212179548], [-121.47712411949212, 47.855957799820665], [-121.47625174736272, 47.8560196539199], [-121.47216717575678, 47.8563089703844], [-121.46698899798844, 47.856675841973356], [-121.46704893342283, 47.85842584806237]]]}, "properties": {"OBJECTID": 332760, "ID": "799126771726286893", "CSE_NAME": "COPPER QUEEN", "STAGE_ID": null, "BLM_PROD": "Lode Claim", "CSE_TYPE_NR": "384101", "CSE_NR": "OR101834271", "LEG_CSE_NR": "ORMC174908", "SF_ID": "a02t00000059OARAA2", "CSE_DISP": "Active", "SRC": "LLD", "QLTY": "1: SIMPLE\nFULLY ATTRIBUTED QUARTER SECTION ALL BUCKETS ARE EQUAL\nDOES NOT MATCH PM ANGLES\nTWN CONTAINS PB/UP/UU\naliquot\n53 sections retrieved\n637 intersected features retrieved\ntodo handle unclean township\n18 matching sections found\nsection 1 issimple: Fa", "CSE_META": "WA 33 0270N 0100E 001 A NW", "RCRD_ACRS": 20.66, "Created": 1610668800000, "Modified": 1728181477000, "Shape__Length": 0.0339260693784429, "Shape__Area": 6.816140938611652e-05}}, {"type": "Feature", "id": 332761, "geometry": {"type": "Polygon", "coordinates": [[[-121.46704893342283, 47.85842584806237], [-121.46709360974667, 47.85973034712875], [-121.4671956604863, 47.8627094092803], [-121.46719824450506, 47.86278485228414], [-121.47241402438682, 47.862859846715125], [-121.47762985026846, 47.862934864146084], [-121.4776237832313, 47.8627857821386], [-121.47748756739664, 47.85943849297083], [-121.47734764253929, 47.8559995347984], [-121.47734530652495, 47.85594212179548], [-121.47712411949212, 47.855957799820665], [-121.47625174736272, 47.8560196539199], [-121.47216717575678, 47.8563089703844], [-121.46698899798844, 47.856675841973356], [-121.46704893342283, 47.85842584806237]]]}, "properties": {"OBJECTID": 332761, "ID": "799126771726286894", "CSE_NAME": "LITTLE COPPER KING", "STAGE_ID": null, "BLM_PROD": "Lode Claim", "CSE_TYPE_NR": "384101", "CSE_NR": "OR101834272", "LEG_CSE_NR": "ORMC174910", "SF_ID": "a02t00000059OASAA2", "CSE_DISP": "Active", "SRC": "LLD", "QLTY": "1: SIMPLE\nFULLY ATTRIBUTED QUARTER SECTION ALL BUCKETS ARE EQUAL\nDOES NOT MATCH PM ANGLES\nTWN CONTAINS PB/UP/UU\naliquot\n53 sections retrieved\n637 intersected features retrieved\ntodo handle unclean township\n18 matching sections found\nsection 1 issimple: Fa", "CSE_META": "WA 33 0270N 0100E 001 A NW", "RCRD_ACRS": 20.66, "Created": 1610668800000, "Modified": 1728181477000, "Shape__Length": 0.0339260693784429, "Shape__Area": 6.816140938611652e-05}}, {"type": "Feature", "id": 332762, "geometry": {"type": "Polygon", "coordinates": [[[-121.46704893342283, 47.85842584806237], [-121.46709360974667, 47.85973034712875], [-121.4671956604863, 47.8627094092803], [-121.46719824450506, 47.86278485228414], [-121.47241402438682, 47.862859846715125], [-121.47762985026846, 47.862934864146084], [-121.4776237832313, 47.8627857821386], [-121.47748756739664, 47.85943849297083], [-121.47734764253929, 47.8559995347984], [-121.47734530652495, 47.85594212179548], [-121.47712411949212, 47.855957799820665], [-121.47625174736272, 47.8560196539199], [-121.47216717575678, 47.8563089703844], [-121.46698899798844, 47.856675841973356], [-121.46704893342283, 47.85842584806237]]]}, "properties": {"OBJECTID": 332762, "ID": "799126771726286895", "CSE_NAME": "SUNSET", "STAGE_ID": null, "BLM_PROD": "Lode Claim", "CSE_TYPE_NR": "384101", "CSE_NR": "OR101834273", "LEG_CSE_NR": "ORMC174911", "SF_ID": "a02t00000059OATAA2", "CSE_DISP": "Active", "SRC": "LLD", "QLTY": "1: SIMPLE\nFULLY ATTRIBUTED QUARTER SECTION ALL BUCKETS ARE EQUAL\nDOES NOT MATCH PM ANGLES\nTWN CONTAINS PB/UP/UU\naliquot\n53 sections retrieved\n637 intersected features retrieved\ntodo handle unclean township\n18 matching sections found\nsection 1 issimple: Fa", "CSE_META": "WA 33 0270N 0100E 001 A NW", "RCRD_ACRS": 20.66, "Created": 1610668800000, "Modified": 1728181477000, "Shape__Length": 0.0339260693784429, "Shape__Area": 6.816140938611652e-05}}, {"type": "Feature", "id": 333334, "geometry": {"type": "Polygon", "coordinates": [[[-121.73815829028426, 48.31273626432783], [-121.73288027041485, 48.31273997491706], [-121.7276022545453, 48.31274357750625], [-121.72217306964868, 48.31273935511189], [-121.71674388875184, 48.31273507271749], [-121.71667317067073, 48.31644522191961], [-121.71660244058981, 48.32015499312162], [-121.72204757448569, 48.320144684513316], [-121.72749269738128, 48.320134118904996], [-121.73279112924887, 48.320108680312224], [-121.7380895471162, 48.32008299871943], [-121.73812392120016, 48.316409816523645], [-121.73815829028426, 48.31273626432783]]]}, "properties": {"OBJECTID": 333334, "ID": "799126773374648369", "CSE_NAME": "POOR BOY", "STAGE_ID": null, "BLM_PROD": "Lode Claim", "CSE_TYPE_NR": "384101", "CSE_NR": "OR101954849", "LEG_CSE_NR": "ORMC176249", "SF_ID": "a02t00000059de1AAA", "CSE_DISP": "Active", "SRC": "LLD", "QLTY": "1: MIDPOINT\nTYPICAL QUARTER SECTION WITH 4 STANDARD LEGALS ATTRIBUTED\nDOES NOT MATCH PM ANGLES\naliquot\n36 sections retrieved\n576 intersected features retrieved\n16 matching sections found\nsection 26 issimple: True, MIDPOINT\nTYPICAL QUARTER SECTION WITH 4 S", "CSE_META": "WA 33 0330N 0080E 026 A SE|WA 33 0330N 0080E 025 A SW", "RCRD_ACRS": 20.66, "Created": 1610668800000, "Modified": 1728183067000, "Shape__Length": 0.05766997394269638, "Shape__Area": 0.00015845822318733555}}, {"type": "Feature", "id": 333507, "geometry": {"type": "Polygon", "coordinates": [[[-121.69668435466022, 48.305632044583376], [-121.70614024918265, 48.3054784015205], [-121.70639653237028, 48.29807700910394], [-121.69690253085058, 48.298265973172725], [-121.69668435466022, 48.305632044583376]]]}, "properties": {"OBJECTID": 333507, "ID": "799126767527788545", "CSE_NAME": "HIGH LOW", "STAGE_ID": null, "BLM_PROD": "Lode Claim", "CSE_TYPE_NR": "384101", "CSE_NR": "OR101553182", "LEG_CSE_NR": "ORMC176743", "SF_ID": "a02t00000059Z3QAAU", "CSE_DISP": "Active", "SRC": "LLD", "QLTY": "5: SIMPLE\nATTRIBUTE BUCKET IS EMPTY AND ALL BUCKETS ARE DIFFERENT\nDOES NOT MATCH PM ANGLES\naliquot\n36 sections retrieved\n560 intersected features retrieved\n12 matching sections found\nsection 31 issimple: False", "CSE_META": "WA 33 0330N 0090E 031 A SW", "RCRD_ACRS": 20.66, "Created": 1610668800000, "Modified": 1728182609000, "Shape__Length": 0.03372815068743748, "Shape__Area": 6.991982258383601e-05}}, {"type": "Feature", "id": 333508, "geometry": {"type": "Polygon", "coordinates": [[[-121.69668435466022, 48.305632044583376], [-121.70614024918265, 48.3054784015205], [-121.70639653237028, 48.29807700910394], [-121.69690253085058, 48.298265973172725], [-121.69668435466022, 48.305632044583376]]]}, "properties": {"OBJECTID": 333508, "ID": "799126767527788546", "CSE_NAME": "LITTLE CAT", "STAGE_ID": null, "BLM_PROD": "Lode Claim", "CSE_TYPE_NR": "384101", "CSE_NR": "OR101553183", "LEG_CSE_NR": "ORMC176744", "SF_ID": "a02t00000059Z3RAAU", "CSE_DISP": "Active", "SRC": "LLD", "QLTY": "5: SIMPLE\nATTRIBUTE BUCKET IS EMPTY AND ALL BUCKETS ARE DIFFERENT\nDOES NOT MATCH PM ANGLES\naliquot\n36 sections retrieved\n560 intersected features retrieved\n12 matching sections found\nsection 31 issimple: False", "CSE_META": "WA 33 0330N 0090E 031 A SW", "RCRD_ACRS": 20.66, "Created": 1610668800000, "Modified": 1728182609000, "Shape__Length": 0.03372815068743748, "Shape__Area": 6.991982258383601e-05}}, {"type": "Feature", "id": 333513, "geometry": {"type": "Polygon", "coordinates": [[[-121.53384177523938, 48.18343058723921], [-121.53387285914465, 48.187056342429294], [-121.53390396605013, 48.19068209861932], [-121.53934284394411, 48.19065131701375], [-121.54478169883801, 48.19062055940819], [-121.54478991691552, 48.18690036820889], [-121.54479798700991, 48.183247195013195], [-121.54479813499326, 48.18318017700955], [-121.54472481608822, 48.17958270982582], [-121.54465149718335, 48.17598524364199], [-121.5392146442969, 48.17604405724859], [-121.53377776841033, 48.176102847855105], [-121.53380976032474, 48.17976671804721], [-121.53384158123384, 48.18340835523806], [-121.53384177523938, 48.18343058723921]]]}, "properties": {"OBJECTID": 333513, "ID": "799126767003500614", "CSE_NAME": "CELERY STICK", "STAGE_ID": null, "BLM_PROD": "Lode Claim", "CSE_TYPE_NR": "384101", "CSE_NR": "OR101868941", "LEG_CSE_NR": "ORMC176773", "SF_ID": "a02t00000059aeKAAQ", "CSE_DISP": "Active", "SRC": "LLD", "QLTY": "1: MIDPOINT\nTYPICAL QUARTER SECTION WITH 4 STANDARD LEGALS ATTRIBUTED\nDOES NOT MATCH PM ANGLES\naliquot\n44 sections retrieved\n610 intersected features retrieved\n16 matching sections found\nsection 17 issimple: False, MIDPOINT\nTYPICAL QUARTER SECTION WITH 4 ", "CSE_META": "WA 33 0310N 0100E 017 A NE|WA 33 0310N 0100E 008 A SE", "RCRD_ACRS": 20, "Created": 1610668800000, "Modified": 1728182763000, "Shape__Length": 0.05096889144900081, "Shape__Area": 0.00015947671885673805}}, {"type": "Feature", "id": 334497, "geometry": {"type": "Polygon", "coordinates": [[[-121.55589087453015, 47.6819105446562], [-121.56651843027647, 47.68189099049312], [-121.56648207092981, 47.67212577496107], [-121.5558596761868, 47.6721549191238], [-121.55589087453015, 47.6819105446562]]]}, "properties": {"OBJECTID": 334497, "ID": "801974244467539975", "CSE_NAME": "BLACKHAWK #3", "STAGE_ID": null, "BLM_PROD": "Lode Claim", "CSE_TYPE_NR": "384101", "CSE_NR": "OR101431556", "LEG_CSE_NR": "ORMC29046", "SF_ID": "a02t000000584UFAAY", "CSE_DISP": "Active", "SRC": "LLD", "QLTY": "8: SIMPLE\nSECTION CONTAINS 5 OR LESS POLYGONS\naliquot\n36 sections retrieved\n36 intersected features retrieved\n1 matching sections found\nsection 5 issimple: False", "CSE_META": "WA 33 0250N 0100E 005 A SW", "RCRD_ACRS": 20.66, "Created": 1611360000000, "Modified": 1728174115000, "Shape__Length": 0.04077096252332858, "Shape__Area": 0.00010370502623909203}}, {"type": "Feature", "id": 334546, "geometry": {"type": "Polygon", "coordinates": [[[-121.43401530095461, 47.53315263971075], [-121.4340503566766, 47.540389532110645], [-121.44477330444697, 47.54038578094417], [-121.44477330344695, 47.54038553194412], [-121.45820668266805, 47.54039806548357], [-121.4581705199477, 47.53317020808489], [-121.4447348027267, 47.533159066545444], [-121.43401530095461, 47.53315263971075]]]}, "properties": {"OBJECTID": 334546, "ID": "799126733147078836", "CSE_NAME": "PURPLE HOPE #2", "STAGE_ID": null, "BLM_PROD": "Lode Claim", "CSE_TYPE_NR": "384101", "CSE_NR": "OR101434437", "LEG_CSE_NR": "ORMC44910", "SF_ID": "a02t000000584DIAAY", "CSE_DISP": "Active", "SRC": "LLD", "QLTY": "8: MIDPOINT\nSECTION CONTAINS 5 OR LESS POLYGONS\naliquot\n36 sections retrieved\n36 intersected features retrieved\n1 matching sections found\nsection 29 issimple: False, SIMPLE\nSECTION CONTAINS 5 OR LESS POLYGONS\naliquot\n36 sections retrieved\n36 intersected f", "CSE_META": "WA 33 0240N 0110E 029 A SW|WA 33 0240N 0110E 030 A SE", "RCRD_ACRS": 20.66, "Created": 1610668800000, "Modified": 1728174089000, "Shape__Length": 0.06277672440702833, "Shape__Area": 0.00017462690954459504}}, {"type": "Feature", "id": 334547, "geometry": {"type": "Polygon", "coordinates": [[[-121.44477316244692, 47.54038553094414], [-121.45820668266805, 47.54039806548357], [-121.4581705199477, 47.53317020808489], [-121.4447348027267, 47.533159066545444], [-121.44477316244692, 47.54038553094414]]]}, "properties": {"OBJECTID": 334547, "ID": "801974244840833109", "CSE_NAME": "PURPLE HOPE #4", "STAGE_ID": null, "BLM_PROD": "LODE CLAIM", "CSE_TYPE_NR": "384101", "CSE_NR": "OR101370352", "LEG_CSE_NR": "ORMC44912", "SF_ID": "a02t0000005847DAAQ", "CSE_DISP": "Active", "SRC": "LLD", "QLTY": "8: SIMPLE\nSECTION CONTAINS 5 OR LESS POLYGONS\naliquot\n36 sections retrieved\n36 intersected features retrieved\n1 matching sections found\nsection 30 issimple: False", "CSE_META": "WA 33 0240N 0110E 030 A SE", "RCRD_ACRS": 20.66, "Created": 1611360000000, "Modified": 1744819118000, "Shape__Length": 0.04132375672746294, "Shape__Area": 9.709368856759803e-05}}, {"type": "Feature", "id": 334635, "geometry": {"type": "Polygon", "coordinates": [[[-121.37543483394361, 47.48105518315754], [-121.37008133106232, 47.481074219739575], [-121.37004880791036, 47.484688271946126], [-121.37001612676377, 47.4883240311539], [-121.36466539787867, 47.48832573873471], [-121.3593146359934, 47.48832735931554], [-121.359342207606, 47.4909012874572], [-121.35934142175046, 47.491513145491666], [-121.3593439198483, 47.49192550151455], [-121.3593657157022, 47.49552370671433], [-121.36465429757627, 47.49551786013988], [-121.36998387845685, 47.495511679561005], [-121.37531346533726, 47.49550525198204], [-121.38070807522818, 47.495498482395995], [-121.3807130013755, 47.49188737619279], [-121.38071792452311, 47.488276284989624], [-121.38072042407715, 47.48638664288331], [-121.38075270967552, 47.484663927783075], [-121.38075470965089, 47.48455821377695], [-121.38075663862624, 47.48445249977078], [-121.38078528026448, 47.482900713680564], [-121.38078813782938, 47.481056142576705], [-121.38078816482461, 47.48103589757557], [-121.37543483394361, 47.48105518315754]]]}, "properties": {"OBJECTID": 334635, "ID": "799126714989936796", "CSE_NAME": "CASCADE #9", "STAGE_ID": null, "BLM_PROD": "Lode Claim", "CSE_TYPE_NR": "384101", "CSE_NR": "OR101481538", "LEG_CSE_NR": "ORMC5470", "SF_ID": "a02t000000588X7AAI", "CSE_DISP": "Active", "SRC": "LLD", "QLTY": "1: MIDPOINT\nTYPICAL QUARTER SECTION WITH 4 STANDARD LEGALS ATTRIBUTED\naliquot\n37 sections retrieved\n598 intersected features retrieved\n16 matching sections found\nsection 11 issimple: True, MIDPOINT\nTYPICAL QUARTER SECTION WITH 4 STANDARD LEGALS ATTRIBUTED", "CSE_META": "WA 33 0230N 0110E 011 A SW|WA 33 0230N 0110E 011 A SE|WA 33 0230N 0110E 014 A NW", "RCRD_ACRS": 20.66, "Created": 1610668800000, "Modified": 1728174482000, "Shape__Length": 0.07166063194580015, "Shape__Area": 0.00023137680957876255}}, {"type": "Feature", "id": 334637, "geometry": {"type": "Polygon", "coordinates": [[[-121.32670513781088, 47.51886061457193], [-121.3266883535189, 47.52608731097992], [-121.32667157022766, 47.53331383038767], [-121.33801000010682, 47.53331265015559], [-121.33803564140068, 47.52609154274741], [-121.33806128169535, 47.51887043433913], [-121.32670513781088, 47.51886061457193]]]}, "properties": {"OBJECTID": 334637, "ID": "799126732635373693", "CSE_NAME": "NELLIE", "STAGE_ID": null, "BLM_PROD": "Lode Claim", "CSE_TYPE_NR": "384101", "CSE_NR": "OR101431170", "LEG_CSE_NR": "ORMC5667", "SF_ID": "a02t000000584J4AAI", "CSE_DISP": "Active", "SRC": "LLD", "QLTY": "8: MIDPOINT\nSECTION CONTAINS 5 OR LESS POLYGONS\naliquot\n18 sections retrieved\n18 intersected features retrieved\n1 matching sections found\nsection 34 issimple: False, MIDPOINT\nSECTION CONTAINS 5 OR LESS POLYGONS\naliquot\n18 sections retrieved\n18 intersected", "CSE_META": "WA 33 0240N 0120E 034 A NW|WA 33 0240N 0120E 034 A SW", "RCRD_ACRS": 20.66, "Created": 1610668800000, "Modified": 1728174097000, "Shape__Length": 0.05159013435368046, "Shape__Area": 0.00016394252878632504}}, {"type": "Feature", "id": 393220, "geometry": {"type": "Polygon", "coordinates": [[[-121.5392146442969, 48.17604405724859], [-121.5392672882066, 48.17967484243651], [-121.54472481608822, 48.17958270982582], [-121.54465149718335, 48.17598524364199], [-121.5392146442969, 48.17604405724859]]]}, "properties": {"OBJECTID": 393220, "ID": "1172640211067342848", "CSE_NAME": "HM5", "STAGE_ID": "1163561508643393536", "BLM_PROD": "Lode Claim", "CSE_TYPE_NR": "384101", "CSE_NR": "OR106331960", "LEG_CSE_NR": "", "SF_ID": "a023d00000HGBSvAAP", "CSE_DISP": "Filed", "SRC": "LLD", "QLTY": "0; WA330310N0100E0SN170ANENE; WA330310N0100E0SN170ANWNE; WA330310N0100E0SN170ASENE; WA330310N0100E0SN170ASWNE", "CSE_META": "WA 33 0310N 0100E 017 NENE | WA 33 0310N 0100E 017 NWNE | WA 33 0310N 0100E 017 SENE | WA 33 0310N 0100E 017 SWNE", "RCRD_ACRS": 160, "Created": 1699574400000, "Modified": 1745971200000, "Shape__Length": 0.01812485437566248, "Shape__Area": 1.9691579771068504e-05}}, {"type": "Feature", "id": 393221, "geometry": {"type": "Polygon", "coordinates": [[[-121.5392146442969, 48.17604405724859], [-121.5392672882066, 48.17967484243651], [-121.54472481608822, 48.17958270982582], [-121.54465149718335, 48.17598524364199], [-121.5392146442969, 48.17604405724859]]]}, "properties": {"OBJECTID": 393221, "ID": "1172640213219020800", "CSE_NAME": "HM6", "STAGE_ID": "1163561800004919296", "BLM_PROD": "Lode Claim", "CSE_TYPE_NR": "384101", "CSE_NR": "OR106331961", "LEG_CSE_NR": "", "SF_ID": "a023d00000HGBUmAAP", "CSE_DISP": "Filed", "SRC": "LLD", "QLTY": "0; WA330310N0100E0SN170ANENE; WA330310N0100E0SN170ANWNE; WA330310N0100E0SN170ASENE; WA330310N0100E0SN170ASWNE", "CSE_META": "WA 33 0310N 0100E 017 NENE | WA 33 0310N 0100E 017 NWNE | WA 33 0310N 0100E 017 SENE | WA 33 0310N 0100E 017 SWNE", "RCRD_ACRS": 160, "Created": 1699574400000, "Modified": 1745971200000, "Shape__Length": 0.01812485437566248, "Shape__Area": 1.9691579771068504e-05}}, {"type": "Feature", "id": 393222, "geometry": {"type": "Polygon", "coordinates": [[[-121.5392146442969, 48.17604405724859], [-121.5392672882066, 48.17967484243651], [-121.54472481608822, 48.17958270982582], [-121.54465149718335, 48.17598524364199], [-121.5392146442969, 48.17604405724859]]]}, "properties": {"OBJECTID": 393222, "ID": "1172640214640889856", "CSE_NAME": "HM7", "STAGE_ID": "1163558255922900992", "BLM_PROD": "Lode Claim", "CSE_TYPE_NR": "384101", "CSE_NR": "OR106331959", "LEG_CSE_NR": "", "SF_ID": "a023d00000HGBW4AAP", "CSE_DISP": "Filed", "SRC": "LLD", "QLTY": "0; WA330310N0100E0SN170ANENE; WA330310N0100E0SN170ANWNE; WA330310N0100E0SN170ASENE; WA330310N0100E0SN170ASWNE", "CSE_META": "WA 33 0310N 0100E 017 NENE | WA 33 0310N 0100E 017 NWNE | WA 33 0310N 0100E 017 SENE | WA 33 0310N 0100E 017 SWNE", "RCRD_ACRS": 160, "Created": 1699574400000, "Modified": 1745971200000, "Shape__Length": 0.01812485437566248, "Shape__Area": 1.9691579771068504e-05}}, {"type": "Feature", "id": 394717, "geometry": {"type": "Polygon", "coordinates": [[[-121.5121211606783, 47.691779332984304], [-121.51210604254163, 47.69538877518456], [-121.51747656842498, 47.6953764245966], [-121.51749935256161, 47.691761639395324], [-121.51304149482947, 47.691776353883526], [-121.5121211606783, 47.691779332984304]]]}, "properties": {"OBJECTID": 394717, "ID": "1176992911754211328", "CSE_NAME": "Apex # 5 B", "STAGE_ID": "1176992428062806016", "BLM_PROD": "Lode Claim", "CSE_TYPE_NR": "384101", "CSE_NR": "OR106333435", "LEG_CSE_NR": "", "SF_ID": "a023d00000HTKovAAH", "CSE_DISP": "Filed", "SRC": "LLD", "QLTY": "0; WA330260N0100E0SN340ANESW; WA330260N0100E0SN340ANWSW; WA330260N0100E0SN340ASESW; WA330260N0100E0SN340ASWSW", "CSE_META": "WA 33 0260N 0100E 034 NESW | WA 33 0260N 0100E 034 NWSW | WA 33 0260N 0100E 034 SESW | WA 33 0260N 0100E 034 SWSW", "RCRD_ACRS": 160, "Created": 1700611200000, "Modified": 1745971200000, "Shape__Length": 0.017973089778358892, "Shape__Area": 1.9412375478928504e-05}}, {"type": "Feature", "id": 394719, "geometry": {"type": "Polygon", "coordinates": [[[-121.5121211606783, 47.691779332984304], [-121.50766935094693, 47.69179371147182], [-121.50674299979471, 47.69179668357329], [-121.50673615065813, 47.695400798772425], [-121.50672926952454, 47.699016913972166], [-121.5120908914066, 47.69900426138511], [-121.51745385528861, 47.698991353797894], [-121.51745428327209, 47.69892213979406], [-121.51745464025554, 47.69885299679019], [-121.51747656842498, 47.6953764245966], [-121.51749935256161, 47.691761639395324], [-121.51304149482947, 47.691776353883526], [-121.5121211606783, 47.691779332984304]]]}, "properties": {"OBJECTID": 394719, "ID": "1176994564892987392", "CSE_NAME": "Apex # 6 B", "STAGE_ID": "1176994093155418112", "BLM_PROD": "Lode Claim", "CSE_TYPE_NR": "384101", "CSE_NR": "OR106333436", "LEG_CSE_NR": "", "SF_ID": "a023d00000HTKowAAH", "CSE_DISP": "Filed", "SRC": "LLD", "QLTY": "1; MIDPOINT, TYPICAL QUARTER SECTION WITH 4 STANDARD LEGALS ATTRIBUTED, TWN CONTAINS PB/UP/UU, aliquot", "CSE_META": "WA 33 0260N 0100E 034 A SW", "RCRD_ACRS": 160, "Created": 1700611200000, "Modified": 1745971200000, "Shape__Length": 0.03593112282153345, "Shape__Area": 7.759796098827252e-05}}, {"type": "Feature", "id": 394720, "geometry": {"type": "Polygon", "coordinates": [[[-121.52288972144154, 47.69172216680373], [-121.51847506772093, 47.691754496288226], [-121.51749935256161, 47.691761639395324], [-121.51747656842498, 47.6953764245966], [-121.51745464025554, 47.69885299679019], [-121.51745428327209, 47.69892213979406], [-121.51745385528861, 47.698991353797894], [-121.52285327817707, 47.69898069520679], [-121.52825404306549, 47.69896977661553], [-121.52826696819818, 47.69534676541501], [-121.52827996432595, 47.69170170321321], [-121.5238575685996, 47.69171513869754], [-121.52328356850586, 47.69171928076051], [-121.52288972144154, 47.69172216680373]]]}, "properties": {"OBJECTID": 394720, "ID": "1176995918134759424", "CSE_NAME": "Apex #7", "STAGE_ID": "1176995561119858688", "BLM_PROD": "Lode Claim", "CSE_TYPE_NR": "384101", "CSE_NR": "OR106333437", "LEG_CSE_NR": "", "SF_ID": "a023d00000HTKoxAAH", "CSE_DISP": "Filed", "SRC": "LLD", "QLTY": "1; MIDPOINT, TYPICAL QUARTER SECTION WITH 4 STANDARD LEGALS ATTRIBUTED, TWN CONTAINS PB/UP/UU, aliquot", "CSE_META": "WA 33 0260N 0100E 033 A SE", "RCRD_ACRS": 160, "Created": 1700611200000, "Modified": 1745971200000, "Shape__Length": 0.0360789844421572, "Shape__Area": 7.827825582398051e-05}}, {"type": "Feature", "id": 432996, "geometry": {"type": "Polygon", "coordinates": [[[-121.37536695564494, 47.48830619057213], [-121.37228763713946, 47.48832328590729], [-121.37001612676377, 47.4883240311539], [-121.36466539787867, 47.48832573873471], [-121.3593146359934, 47.48832735931554], [-121.359342207606, 47.4909012874572], [-121.35934142175046, 47.491513145491666], [-121.3593439198483, 47.49192550151455], [-121.3593657157022, 47.49552370671433], [-121.35938750955629, 47.499121942914094], [-121.3593919227293, 47.499850787954514], [-121.35933478139829, 47.50272021712189], [-121.36464311227708, 47.50272046854548], [-121.3699514501558, 47.502720659969114], [-121.37525979403429, 47.50272078939268], [-121.38056814291264, 47.50272085781626], [-121.38057021323313, 47.4998460006548], [-121.38063621324378, 47.49984471464757], [-121.38070214225436, 47.49984335764032], [-121.38070314408102, 47.49910960359905], [-121.38070807522818, 47.495498482395995], [-121.3807130013755, 47.49188737619279], [-121.38071792452311, 47.488276284989624], [-121.37536695564494, 47.48830619057213]]]}, "properties": {"OBJECTID": 432996, "ID": "889990127940747264", "CSE_NAME": "Puffball Millsite", "STAGE_ID": "888087446242349056", "BLM_PROD": "Mill Site", "CSE_TYPE_NR": "384401", "CSE_NR": "OR105261278", "LEG_CSE_NR": "", "SF_ID": "a02t0000007G2BNAA0", "CSE_DISP": "Active", "SRC": "LLD", "QLTY": "8: WA330230N0110E0SN110ASWNW\n37 sections retrieved\n598 intersected features retrieved, MIDPOINT\nTYPICAL QUARTER SECTION WITH 4 STANDARD LEGALS ATTRIBUTED\naliquot\n37 sections retrieved\n598 intersected features retrieved\n16 matching sections found\nsection 1", "CSE_META": "WA 33 0230N 0110E 011 A SWNW|WA 33 0230N 0110E 011 A NW|WA 33 0230N 0110E 011 A SENW|WA 33 0230N 0110E 011 A NW|WA 33 0230N 0110E 011 A NW|WA 33 0230N 0110E 011 A SENW|WA 33 0230N 0110E 011 A SWNW|WA 33 0230N 0110E 011 A Government Lot 5|WA 33 0230N 0110E 011 A NENW|WA 33 0230N 0110E 011 A NWNW|WA 33 0230N 0110E 011 A SENW|WA 33 0230N 0110E 011 A SWNW|WA 33 0230N 0110E 011 A NENW|WA 33 0230N 0110E 011 A NWNW", "RCRD_ACRS": 2.066, "Created": 1632182400000, "Modified": 1728293368000, "Shape__Length": 0.07160439767802576, "Shape__Area": 0.00030717621671041306}}, {"type": "Feature", "id": 433043, "geometry": {"type": "Polygon", "coordinates": [[[-121.40160299916424, 47.489069999767004], [-121.40323899943543, 47.48907299958956], [-121.40323700017633, 47.48797799952838], [-121.40162799990685, 47.48796299970225], [-121.40160299916424, 47.489069999767004]]]}, "properties": {"OBJECTID": 433043, "ID": "972971760498692096", "CSE_NAME": "Crystal Haven", "STAGE_ID": "972968562530574336", "BLM_PROD": "Mill Site", "CSE_TYPE_NR": "384401", "CSE_NR": "OR105761461", "LEG_CSE_NR": "", "SF_ID": "a023d00000BxciWAAR", "CSE_DISP": "Active", "SRC": "LLD/CLS", "QLTY": "100", "CSE_META": "WA 33 0230N 0110E 010 A SWSW|WA 33 0230N 0110E 009 A SESE|WA 33 0230N 0110E 016 A NENE|WA 33 0230N 0110E 015 A NWNW", "RCRD_ACRS": 3.673, "Created": 1651968000000, "Modified": 1728153633000, "Shape__Length": 0.0054473567740340595, "Shape__Area": 1.7864760090000005e-06}}, {"type": "Feature", "id": 445123, "geometry": {"type": "Polygon", "coordinates": [[[-121.47158587618937, 47.52063077692744], [-121.47161737782149, 47.52749542030642], [-121.4825015226935, 47.52781845514071], [-121.48246853902266, 47.52079207975318], [-121.47158587618937, 47.52063077692744]]]}, "properties": {"OBJECTID": 445123, "ID": "801974245167988806", "CSE_NAME": "PURPLE HOPE MILLSITE", "STAGE_ID": null, "BLM_PROD": "Mill Site", "CSE_TYPE_NR": "384401", "CSE_NR": "OR101565772", "LEG_CSE_NR": "ORMC172153", "SF_ID": "a02t00000059FU7AAM", "CSE_DISP": "Active", "SRC": "LLD", "QLTY": "8: MIDPOINT\nSECTION CONTAINS 5 OR LESS POLYGONS\nDOES NOT MATCH PM ANGLES\naliquot\n36 sections retrieved\n36 intersected features retrieved\n1 matching sections found\nsection 36 issimple: False", "CSE_META": "WA 33 0240N 0100E 036 A NE", "RCRD_ACRS": 4.98, "Created": 1611360000000, "Modified": 1728180625000, "Shape__Length": 0.035663959767520285, "Shape__Area": 7.558295873864802e-05}}, {"type": "Feature", "id": 446013, "geometry": {"type": "Polygon", "coordinates": [[[-121.36464311227708, 47.50272046854548], [-121.35933478139829, 47.50272021712189], [-121.35933881819511, 47.50608689231047], [-121.35933961035161, 47.50674808934751], [-121.35934339009845, 47.50990269852416], [-121.3627639456636, 47.50989754715239], [-121.36304198171044, 47.50990096112238], [-121.36471090399154, 47.50992145594228], [-121.36971363781146, 47.50988676939702], [-121.36972399981317, 47.509886753395875], [-121.36976735882028, 47.50988668439116], [-121.36996478085295, 47.509886372369714], [-121.36995891110527, 47.50673009519328], [-121.36995770595178, 47.50608193615706], [-121.3699514501558, 47.502720659969114], [-121.36464311227708, 47.50272046854548]]]}, "properties": {"OBJECTID": 446013, "ID": "1125111712270426112", "CSE_NAME": "MFLZ", "STAGE_ID": "1125109467839512576", "BLM_PROD": "MILL SITE", "CSE_TYPE_NR": "384401", "CSE_NR": "OR106301980", "LEG_CSE_NR": null, "SF_ID": "a023d00000GfQjkAAF", "CSE_DISP": "Active", "SRC": "LLD/CLS", "QLTY": "1; SIMPLE, FULLY ATTRIBUTED QUARTER SECTION ALL BUCKETS ARE EQUAL, aliquot", "CSE_META": "WA 33 0230N 0110E 002 A SE", "RCRD_ACRS": 201.32, "Created": 1688256000000, "Modified": 1782237744000, "Shape__Length": 0.03558653779798299, "Shape__Area": 7.627602503255152e-05}}, {"type": "Feature", "id": 450030, "geometry": {"type": "Polygon", "coordinates": [[[-121.70099784898218, 47.96492775805577], [-121.69576097112929, 47.96496252063579], [-121.69052409027623, 47.964997206215806], [-121.69032117512597, 47.96860527743137], [-121.69032086412733, 47.968610777431735], [-121.69011800097611, 47.97221370564698], [-121.69011766297736, 47.97221906364731], [-121.69011732497862, 47.97222442064765], [-121.69010109003092, 47.97244884366143], [-121.68986473578953, 47.97570534986182], [-121.68986123580326, 47.97576363586534], [-121.68985766481697, 47.97582199286888], [-121.6896366656645, 47.97943013608635], [-121.6948385975327, 47.97948007751446], [-121.70004053640076, 47.97952996194256], [-121.70524248426867, 47.97957977137064], [-121.70540752529618, 47.97958134835248], [-121.70571992134828, 47.97958431431814], [-121.7104444541363, 47.979629133798674], [-121.71045902611179, 47.9795194187912], [-121.7104735260873, 47.97940970478372], [-121.71071423927583, 47.97593620457151], [-121.71071888226103, 47.975872561567556], [-121.71072345324616, 47.975808918563686], [-121.71072602923752, 47.975771697561406], [-121.71097016641347, 47.972243704345885], [-121.71097431139945, 47.97218384734222], [-121.71097790338784, 47.97213371533914], [-121.71097859538554, 47.972124061338555], [-121.7112086675484, 47.96855099012211], [-121.71121159453803, 47.968506561119405], [-121.71121224753551, 47.96849590311876], [-121.71121430852762, 47.96846220411676], [-121.71147159368748, 47.9648578468956], [-121.70656661788897, 47.96489073343895], [-121.70630402184626, 47.96489249046805], [-121.70623472483496, 47.96489295247568], [-121.70099784898218, 47.96492775805577]]]}, "properties": {"OBJECTID": 450030, "ID": "892457335534997504", "CSE_NAME": "Yellow Moon", "STAGE_ID": "890253517716037632", "BLM_PROD": "Placer Claim", "CSE_TYPE_NR": "384201", "CSE_NR": "OR105262964", "LEG_CSE_NR": "", "SF_ID": "a02t0000007G4m3AAC", "CSE_DISP": "Active", "SRC": "LLD", "QLTY": "8: WA330290N0090E0SN300ASESW\n36 sections retrieved\n578 intersected features retrieved, Only mapped PLSS First Div\nDOES NOT MATCH PM ANGLES\naliquot\n36 sections retrieved\n578 intersected features retrieved\n16 matching sections found\n4 alias QQs added\nsectio", "CSE_META": "WA 33 0290N 0090E 030 A SESW|WA 33 0290N 0090E 030 A Government Lot 4|WA 33 0290N 0090E 030 A NESW|WA 33 0290N 0090E 030 A Government Lot 3", "RCRD_ACRS": 160, "Created": 1632787200000, "Modified": 1731520753000, "Shape__Length": 0.07102463586816261, "Shape__Area": 0.0003047837377458761}}, {"type": "Feature", "id": 450042, "geometry": {"type": "Polygon", "coordinates": [[[-121.29729338124056, 47.837793561561156], [-121.29729342424403, 47.83780784556199], [-121.30264079913906, 47.8378281019767], [-121.3026407001309, 47.837794297974845], [-121.30263001824758, 47.834150145774565], [-121.29728238635577, 47.834143231360564], [-121.29729338124056, 47.837793561561156]]]}, "properties": {"OBJECTID": 450042, "ID": "892964383481745408", "CSE_NAME": "Johnny", "STAGE_ID": "887837210148245504", "BLM_PROD": "Placer Claim", "CSE_TYPE_NR": "384201", "CSE_NR": "OR105262064", "LEG_CSE_NR": "", "SF_ID": "a02t0000007G1J3AAK", "CSE_DISP": "Active", "SRC": "LLD", "QLTY": "0: WA330270N0120E0SN170ANWNW\n36 sections retrieved\n579 intersected features retrieved", "CSE_META": "WA 33 0270N 0120E 017 A NWNW", "RCRD_ACRS": 20, "Created": 1632960000000, "Modified": 1728293365000, "Shape__Length": 0.018037650258049962, "Shape__Area": 1.9632057620516503e-05}}, {"type": "Feature", "id": 450043, "geometry": {"type": "Polygon", "coordinates": [[[-121.29728238635577, 47.834143231360564], [-121.30263001824758, 47.834150145774565], [-121.30261926135631, 47.830472166572434], [-121.29727134946768, 47.830478360159105], [-121.29728238635577, 47.834143231360564]]]}, "properties": {"OBJECTID": 450043, "ID": "892964388733104128", "CSE_NAME": "Zeke", "STAGE_ID": "887836143251496960", "BLM_PROD": "Placer Claim", "CSE_TYPE_NR": "384201", "CSE_NR": "OR105262200", "LEG_CSE_NR": "", "SF_ID": "a02t0000007G1JIAA0", "CSE_DISP": "Active", "SRC": "LLD", "QLTY": "0: WA330270N0120E0SN170ASWNW\n36 sections retrieved\n579 intersected features retrieved", "CSE_META": "WA 33 0270N 0120E 017 A SWNW", "RCRD_ACRS": 20, "Created": 1632960000000, "Modified": 1728293365000, "Shape__Length": 0.01803843240053107, "Shape__Area": 1.9633936210219005e-05}}, {"type": "Feature", "id": 459660, "geometry": {"type": "MultiPolygon", "coordinates": [[[[-121.41269834951173, 47.495473488920986], [-121.41265949635981, 47.499087444127554], [-121.4126206132092, 47.50270576433435], [-121.41331214832681, 47.502719997260044], [-121.41801304610385, 47.50272071274945], [-121.41850822118568, 47.50272078169567], [-121.4234055779946, 47.50271978116365], [-121.42340472033146, 47.499916853006965], [-121.42340486331766, 47.49985842400365], [-121.42344293432372, 47.499857423999444], [-121.42351864933578, 47.499855495991106], [-121.42351891915757, 47.49910181894892], [-121.4235202103022, 47.495483774746354], [-121.41808127240239, 47.49547874633677], [-121.41269834951173, 47.495473488920986]]], [[[-121.41273719266377, 47.49185953071445], [-121.41277602481605, 47.488245480507786], [-121.40740265092775, 47.48824410709108], [-121.40566607164058, 47.48824364027955], [-121.4020292850392, 47.48824242567431], [-121.40197802088382, 47.491852323882235], [-121.40192675072862, 47.49546221909004], [-121.40731543462076, 47.495467979505236], [-121.41269834951173, 47.495473488920986], [-121.41273719266377, 47.49185953071445]]]]}, "properties": {"OBJECTID": 459660, "ID": "1072187678784577536", "CSE_NAME": "Robot Parade #2", "STAGE_ID": "1072187678537113600", "BLM_PROD": "Placer Claim", "CSE_TYPE_NR": "384201", "CSE_NR": "OR105816534", "LEG_CSE_NR": "", "SF_ID": "a023d00000FMIFzAAP", "CSE_DISP": "Active", "SRC": "LLD", "QLTY": "1: WA330230N0110E0SN090ANWNW\n37 sections retrieved\n598 intersected features retrieved, WA330230N0110E0SN090ASWNW\n37 sections retrieved\n598 intersected features retrieved, WA330230N0110E0SN090ANENW\n37 sections retrieved\n598 intersected features retrieved, ", "CSE_META": "WA 33 0230N 0110E 009 A NWNW|WA 33 0230N 0110E 009 A SWNW|WA 33 0230N 0110E 009 A NENW|WA 33 0230N 0110E 009 A SENW|WA 33 0230N 0110E 009 A SE", "RCRD_ACRS": 40, "Created": 1675641600000, "Modified": 1728154957000, "Shape__Length": 0.07215385633822559, "Shape__Area": 0.00015603561192829255}}, {"type": "Feature", "id": 496774, "geometry": {"type": "Polygon", "coordinates": [[[-121.77507442570317, 47.97534514942977], [-121.77521253584513, 47.97175126222315], [-121.76981764996296, 47.97176400881989], [-121.76709255751727, 47.97177023212131], [-121.76450526809406, 47.971776141407446], [-121.76450513809596, 47.9717839654079], [-121.76444560296605, 47.97537466360575], [-121.76438574884075, 47.97898377680461], [-121.76445139185151, 47.97898362779734], [-121.76942503567003, 47.97899248424821], [-121.76945717867521, 47.9789921272446], [-121.76948939268038, 47.97899176924106], [-121.7696604557081, 47.97899011622205], [-121.7749364635614, 47.978939054636285], [-121.7750731787109, 47.97537762643163], [-121.77507442570317, 47.97534514942977]]]}, "properties": {"OBJECTID": 496774, "ID": "801974244480122998", "CSE_NAME": "DJ PROSPECTORS COVE", "STAGE_ID": null, "BLM_PROD": "Placer Claim", "CSE_TYPE_NR": "384201", "CSE_NR": "OR101435086", "LEG_CSE_NR": "ORMC151871", "SF_ID": "a02t0000005880dAAA", "CSE_DISP": "Active", "SRC": "LLD", "QLTY": "1: MIDPOINT\nTYPICAL QUARTER SECTION WITH 4 STANDARD LEGALS ATTRIBUTED\nDOES NOT MATCH PM ANGLES\naliquot\n37 sections retrieved\n579 intersected features retrieved\n16 matching sections found\nsection 27 issimple: True", "CSE_META": "WA 33 0290N 0080E 027 A NW", "RCRD_ACRS": 18, "Created": 1611360000000, "Modified": 1728174436000, "Shape__Length": 0.03565999278857736, "Shape__Area": 7.665383033761152e-05}}, {"type": "Feature", "id": 496801, "geometry": {"type": "Polygon", "coordinates": [[[-121.77521253584513, 47.97175126222315], [-121.77507442570317, 47.97534514942977], [-121.7750731787109, 47.97537762643163], [-121.7749364635614, 47.978939054636285], [-121.7803753104361, 47.97886689503138], [-121.78581363931056, 47.9787946644265], [-121.78584871963261, 47.976005582274304], [-121.78585793445458, 47.97527296023433], [-121.78585868244005, 47.97521330823106], [-121.78590192558134, 47.97168035603833], [-121.78051649670672, 47.971716116635285], [-121.77521253584513, 47.97175126222315]]]}, "properties": {"OBJECTID": 496801, "ID": "801974244849221713", "CSE_NAME": "BIG FOUR", "STAGE_ID": null, "BLM_PROD": "Placer Claim", "CSE_TYPE_NR": "384201", "CSE_NR": "OR101480758", "LEG_CSE_NR": "ORMC152290", "SF_ID": "a02t000000587MCAAY", "CSE_DISP": "Active", "SRC": "LLD", "QLTY": "1: MIDPOINT\nTYPICAL QUARTER SECTION WITH 4 STANDARD LEGALS ATTRIBUTED\nDOES NOT MATCH PM ANGLES\naliquot\n37 sections retrieved\n579 intersected features retrieved\n16 matching sections found\nsection 28 issimple: True", "CSE_META": "WA 33 0290N 0080E 028 A NE", "RCRD_ACRS": 44.55, "Created": 1611360000000, "Modified": 1728174379000, "Shape__Length": 0.035875703243131093, "Shape__Area": 7.709458741370401e-05}}, {"type": "Feature", "id": 496802, "geometry": {"type": "Polygon", "coordinates": [[[-121.77507442570317, 47.97534514942977], [-121.77521253584513, 47.97175126222315], [-121.76981764996296, 47.97176400881989], [-121.76709255751727, 47.97177023212131], [-121.76450526809406, 47.971776141407446], [-121.76450513809596, 47.9717839654079], [-121.76444560296605, 47.97537466360575], [-121.76438574884075, 47.97898377680461], [-121.76404296178471, 47.97898455584254], [-121.76405253366728, 47.982578414032844], [-121.76405254766857, 47.9825835320331], [-121.76406201955268, 47.98618284622367], [-121.76941700842863, 47.98617039963115], [-121.77467911028928, 47.98615805504881], [-121.77467918128478, 47.986139769047846], [-121.77467939528033, 47.98612141204685], [-121.77480732342512, 47.98254848384265], [-121.7749364635614, 47.978939054636285], [-121.7750731787109, 47.97537762643163], [-121.77507442570317, 47.97534514942977]]]}, "properties": {"OBJECTID": 496802, "ID": "801974244840833135", "CSE_NAME": "WIND FALL", "STAGE_ID": null, "BLM_PROD": "Placer Claim", "CSE_TYPE_NR": "384201", "CSE_NR": "OR101484055", "LEG_CSE_NR": "ORMC152292", "SF_ID": "a02t0000005868KAAQ", "CSE_DISP": "Active", "SRC": "LLD", "QLTY": "1: MIDPOINT\nTYPICAL QUARTER SECTION WITH 4 STANDARD LEGALS ATTRIBUTED\naliquot\n37 sections retrieved\n579 intersected features retrieved\n16 matching sections found\nsection 22 issimple: True, MIDPOINT\nTYPICAL QUARTER SECTION WITH 4 STANDARD LEGALS ATTRIBUTED", "CSE_META": "WA 33 0290N 0080E 022 A SW|WA 33 0290N 0080E 027 A NW", "RCRD_ACRS": 20.12, "Created": 1611360000000, "Modified": 1728174271000, "Shape__Length": 0.05049083417067813, "Shape__Area": 0.00015401605488487105}}, {"type": "Feature", "id": 496812, "geometry": {"type": "Polygon", "coordinates": [[[-121.79666239256846, 47.96442505146343], [-121.79401739313825, 47.96443905175641], [-121.79137246370802, 47.96445298104934], [-121.79132767870081, 47.96445362405435], [-121.78599303484546, 47.9645333386479], [-121.78594796670869, 47.96808773584208], [-121.78590192558134, 47.97168035603833], [-121.79128941345611, 47.97164432944109], [-121.79671016633606, 47.97160792484013], [-121.79670975232389, 47.971558480837594], [-121.79668623745215, 47.96801647365182], [-121.79666239256846, 47.96442505146343]]]}, "properties": {"OBJECTID": 496812, "ID": "801974244840833121", "CSE_NAME": "DOUBLE D'S", "STAGE_ID": null, "BLM_PROD": "Placer Claim", "CSE_TYPE_NR": "384201", "CSE_NR": "OR101482486", "LEG_CSE_NR": "ORMC152661", "SF_ID": "a02t000000585SxAAI", "CSE_DISP": "Active", "SRC": "LLD", "QLTY": "1: MIDPOINT\nTYPICAL QUARTER SECTION WITH 4 STANDARD LEGALS ATTRIBUTED\nDOES NOT MATCH PM ANGLES\naliquot\n37 sections retrieved\n579 intersected features retrieved\n16 matching sections found\nsection 28 issimple: True", "CSE_META": "WA 33 0290N 0080E 028 A SW", "RCRD_ACRS": 20, "Created": 1611360000000, "Modified": 1728174212000, "Shape__Length": 0.035809141243334126, "Shape__Area": 7.707758106967852e-05}}, {"type": "Feature", "id": 496887, "geometry": {"type": "Polygon", "coordinates": [[[-121.71686978856833, 47.9648307932981], [-121.71147159368748, 47.9648578468956], [-121.71121430852762, 47.96846220411676], [-121.71121224753551, 47.96849590311876], [-121.71121159453803, 47.968506561119405], [-121.7112086675484, 47.96855099012211], [-121.71097859538554, 47.972124061338555], [-121.71097790338784, 47.97213371533914], [-121.71646988327376, 47.97206411372888], [-121.72196711516033, 47.971994181118035], [-121.72211697630787, 47.96841283691014], [-121.72211756530452, 47.96839876890929], [-121.72226798844893, 47.96480322170057], [-121.7169161665759, 47.96483056029298], [-121.71686978856833, 47.9648307932981]]]}, "properties": {"OBJECTID": 496887, "ID": "801974245511921733", "CSE_NAME": "T&R #1", "STAGE_ID": null, "BLM_PROD": "Placer Claim", "CSE_TYPE_NR": "384201", "CSE_NR": "OR101824440", "LEG_CSE_NR": "ORMC154872", "SF_ID": "a02t00000058OVLAA2", "CSE_DISP": "Active", "SRC": "LLD", "QLTY": "1: MIDPOINT\nTYPICAL QUARTER SECTION WITH 4 STANDARD LEGALS ATTRIBUTED\nDOES NOT MATCH PM ANGLES\naliquot\n37 sections retrieved\n579 intersected features retrieved\n16 matching sections found\n4 alias QQs added\nsection 25 issimple: True", "CSE_META": "WA 33 0290N 0080E 025 A SE", "RCRD_ACRS": 20, "Created": 1611360000000, "Modified": 1728175881000, "Shape__Length": 0.036276520455549, "Shape__Area": 7.879894422377302e-05}}, {"type": "Feature", "id": 496888, "geometry": {"type": "Polygon", "coordinates": [[[-121.70656661788897, 47.96489073343895], [-121.70630402184626, 47.96489249046805], [-121.70623472483496, 47.96489295247568], [-121.70099784898218, 47.96492775805577], [-121.70075857483657, 47.9685785352775], [-121.7005192656911, 47.97222906149921], [-121.70573868255136, 47.97223639792321], [-121.70613872061732, 47.9722369648791], [-121.71097016641347, 47.972243704345885], [-121.71097431139945, 47.97218384734222], [-121.71097790338784, 47.97213371533914], [-121.71097859538554, 47.972124061338555], [-121.7112086675484, 47.96855099012211], [-121.71121159453803, 47.968506561119405], [-121.71121224753551, 47.96849590311876], [-121.71121430852762, 47.96846220411676], [-121.71147159368748, 47.9648578468956], [-121.70656661788897, 47.96489073343895]]]}, "properties": {"OBJECTID": 496888, "ID": "801974245058936912", "CSE_NAME": "T&R #2", "STAGE_ID": null, "BLM_PROD": "Placer Claim", "CSE_TYPE_NR": "384201", "CSE_NR": "OR101824441", "LEG_CSE_NR": "ORMC154873", "SF_ID": "a02t00000058OVMAA2", "CSE_DISP": "Active", "SRC": "LLD", "QLTY": "1: SIMPLE\nTYPICAL QUARTER SECTION WITH 4 STANDARD LEGALS ATTRIBUTED\nDOES NOT MATCH PM ANGLES\naliquot\n36 sections retrieved\n578 intersected features retrieved\n16 matching sections found\n4 alias QQs added\nsection 30 issimple: True", "CSE_META": "WA 33 0290N 0090E 030 A SW", "RCRD_ACRS": 20, "Created": 1611360000000, "Modified": 1728175881000, "Shape__Length": 0.035644760536181416, "Shape__Area": 7.677159400403202e-05}}, {"type": "Feature", "id": 496889, "geometry": {"type": "Polygon", "coordinates": [[[-121.70656661788897, 47.96489073343895], [-121.70630402184626, 47.96489249046805], [-121.70623472483496, 47.96489295247568], [-121.70099784898218, 47.96492775805577], [-121.70075857483657, 47.9685785352775], [-121.7005192656911, 47.97222906149921], [-121.70573868255136, 47.97223639792321], [-121.70613872061732, 47.9722369648791], [-121.71097016641347, 47.972243704345885], [-121.71097431139945, 47.97218384734222], [-121.71097790338784, 47.97213371533914], [-121.71097859538554, 47.972124061338555], [-121.7112086675484, 47.96855099012211], [-121.71121159453803, 47.968506561119405], [-121.71121224753551, 47.96849590311876], [-121.71121430852762, 47.96846220411676], [-121.71147159368748, 47.9648578468956], [-121.70656661788897, 47.96489073343895]]]}, "properties": {"OBJECTID": 496889, "ID": "801974245058936913", "CSE_NAME": "T&R #3", "STAGE_ID": null, "BLM_PROD": "Placer Claim", "CSE_TYPE_NR": "384201", "CSE_NR": "OR101824442", "LEG_CSE_NR": "ORMC154874", "SF_ID": "a02t00000058OVNAA2", "CSE_DISP": "Active", "SRC": "LLD", "QLTY": "1: SIMPLE\nTYPICAL QUARTER SECTION WITH 4 STANDARD LEGALS ATTRIBUTED\nDOES NOT MATCH PM ANGLES\naliquot\n36 sections retrieved\n578 intersected features retrieved\n16 matching sections found\n4 alias QQs added\nsection 30 issimple: True", "CSE_META": "WA 33 0290N 0090E 030 A SW", "RCRD_ACRS": 20, "Created": 1611360000000, "Modified": 1728175881000, "Shape__Length": 0.035644760536181416, "Shape__Area": 7.677159400403202e-05}}, {"type": "Feature", "id": 496890, "geometry": {"type": "Polygon", "coordinates": [[[-121.69052409027623, 47.964997206215806], [-121.69032117512597, 47.96860527743137], [-121.69032086412733, 47.968610777431735], [-121.69011800097611, 47.97221370564698], [-121.69529985383063, 47.97222148807519], [-121.7005192656911, 47.97222906149921], [-121.70075857483657, 47.9685785352775], [-121.70099784898218, 47.96492775805577], [-121.69576097112929, 47.96496252063579], [-121.69052409027623, 47.964997206215806]]]}, "properties": {"OBJECTID": 496890, "ID": "801974245058936914", "CSE_NAME": "T&R #4", "STAGE_ID": null, "BLM_PROD": "Placer Claim", "CSE_TYPE_NR": "384201", "CSE_NR": "OR101824443", "LEG_CSE_NR": "ORMC154875", "SF_ID": "a02t00000058OVOAA2", "CSE_DISP": "Active", "SRC": "LLD", "QLTY": "1: SIMPLE\nTYPICAL QUARTER SECTION WITH 4 STANDARD LEGALS ATTRIBUTED\nDOES NOT MATCH PM ANGLES\naliquot\n36 sections retrieved\n578 intersected features retrieved\n16 matching sections found\n4 alias QQs added\nsection 30 issimple: True", "CSE_META": "WA 33 0290N 0090E 030 A SE", "RCRD_ACRS": 20, "Created": 1611360000000, "Modified": 1728175881000, "Shape__Length": 0.035420148748135524, "Shape__Area": 7.575304001000053e-05}}, {"type": "Feature", "id": 496891, "geometry": {"type": "Polygon", "coordinates": [[[-121.71686978856833, 47.9648307932981], [-121.71147159368748, 47.9648578468956], [-121.71121430852762, 47.96846220411676], [-121.71121224753551, 47.96849590311876], [-121.71121159453803, 47.968506561119405], [-121.7112086675484, 47.96855099012211], [-121.71097859538554, 47.972124061338555], [-121.71097790338784, 47.97213371533914], [-121.71646988327376, 47.97206411372888], [-121.72196711516033, 47.971994181118035], [-121.72211697630787, 47.96841283691014], [-121.72211756530452, 47.96839876890929], [-121.72226798844893, 47.96480322170057], [-121.7169161665759, 47.96483056029298], [-121.71686978856833, 47.9648307932981]]]}, "properties": {"OBJECTID": 496891, "ID": "801974245058936915", "CSE_NAME": "T&R #5", "STAGE_ID": null, "BLM_PROD": "Placer Claim", "CSE_TYPE_NR": "384201", "CSE_NR": "OR101825623", "LEG_CSE_NR": "ORMC154876", "SF_ID": "a02t00000058OVPAA2", "CSE_DISP": "Active", "SRC": "LLD", "QLTY": "1: MIDPOINT\nTYPICAL QUARTER SECTION WITH 4 STANDARD LEGALS ATTRIBUTED\nDOES NOT MATCH PM ANGLES\naliquot\n37 sections retrieved\n579 intersected features retrieved\n16 matching sections found\n4 alias QQs added\nsection 25 issimple: True", "CSE_META": "WA 33 0290N 0080E 025 A SE", "RCRD_ACRS": 20, "Created": 1611360000000, "Modified": 1728175881000, "Shape__Length": 0.036276520455549, "Shape__Area": 7.879894422377302e-05}}, {"type": "Feature", "id": 496892, "geometry": {"type": "Polygon", "coordinates": [[[-121.70656661788897, 47.96489073343895], [-121.70630402184626, 47.96489249046805], [-121.70623472483496, 47.96489295247568], [-121.70099784898218, 47.96492775805577], [-121.70075857483657, 47.9685785352775], [-121.7005192656911, 47.97222906149921], [-121.70573868255136, 47.97223639792321], [-121.70613872061732, 47.9722369648791], [-121.71097016641347, 47.972243704345885], [-121.71097431139945, 47.97218384734222], [-121.71097790338784, 47.97213371533914], [-121.71097859538554, 47.972124061338555], [-121.7112086675484, 47.96855099012211], [-121.71121159453803, 47.968506561119405], [-121.71121224753551, 47.96849590311876], [-121.71121430852762, 47.96846220411676], [-121.71147159368748, 47.9648578468956], [-121.70656661788897, 47.96489073343895]]]}, "properties": {"OBJECTID": 496892, "ID": "801974244480123003", "CSE_NAME": "T&R #6", "STAGE_ID": null, "BLM_PROD": "Placer Claim", "CSE_TYPE_NR": "384201", "CSE_NR": "OR101825624", "LEG_CSE_NR": "ORMC154877", "SF_ID": "a02t00000058OVQAA2", "CSE_DISP": "Active", "SRC": "LLD", "QLTY": "1: SIMPLE\nTYPICAL QUARTER SECTION WITH 4 STANDARD LEGALS ATTRIBUTED\nDOES NOT MATCH PM ANGLES\naliquot\n36 sections retrieved\n578 intersected features retrieved\n16 matching sections found\n4 alias QQs added\nsection 30 issimple: True", "CSE_META": "WA 33 0290N 0090E 030 A SW", "RCRD_ACRS": 20, "Created": 1611360000000, "Modified": 1728175881000, "Shape__Length": 0.035644760536181416, "Shape__Area": 7.677159400403202e-05}}, {"type": "Feature", "id": 496960, "geometry": {"type": "Polygon", "coordinates": [[[-121.71686978856833, 47.9648307932981], [-121.71147159368748, 47.9648578468956], [-121.71121430852762, 47.96846220411676], [-121.71121224753551, 47.96849590311876], [-121.71121159453803, 47.968506561119405], [-121.7112086675484, 47.96855099012211], [-121.71097859538554, 47.972124061338555], [-121.71097790338784, 47.97213371533914], [-121.71646988327376, 47.97206411372888], [-121.72196711516033, 47.971994181118035], [-121.72211697630787, 47.96841283691014], [-121.72211756530452, 47.96839876890929], [-121.72226798844893, 47.96480322170057], [-121.7169161665759, 47.96483056029298], [-121.71686978856833, 47.9648307932981]]]}, "properties": {"OBJECTID": 496960, "ID": "801974244480123029", "CSE_NAME": "BLUE STARLIGHT", "STAGE_ID": null, "BLM_PROD": "Placer Claim", "CSE_TYPE_NR": "384201", "CSE_NR": "OR101472010", "LEG_CSE_NR": "ORMC155888", "SF_ID": "a02t00000058QfUAAU", "CSE_DISP": "Active", "SRC": "LLD", "QLTY": "1: MIDPOINT\nTYPICAL QUARTER SECTION WITH 4 STANDARD LEGALS ATTRIBUTED\nDOES NOT MATCH PM ANGLES\naliquot\n37 sections retrieved\n579 intersected features retrieved\n16 matching sections found\n4 alias QQs added\nsection 25 issimple: True", "CSE_META": "WA 33 0290N 0080E 025 A SE", "RCRD_ACRS": 40, "Created": 1611360000000, "Modified": 1728176072000, "Shape__Length": 0.036276520455549, "Shape__Area": 7.879894422377302e-05}}, {"type": "Feature", "id": 497001, "geometry": {"type": "Polygon", "coordinates": [[[-121.79666239256846, 47.96442505146343], [-121.79401739313825, 47.96443905175641], [-121.79137246370802, 47.96445298104934], [-121.79132767870081, 47.96445362405435], [-121.78599303484546, 47.9645333386479], [-121.78594796670869, 47.96808773584208], [-121.78590192558134, 47.97168035603833], [-121.79128941345611, 47.97164432944109], [-121.79671016633606, 47.97160792484013], [-121.79670975232389, 47.971558480837594], [-121.79668623745215, 47.96801647365182], [-121.79666239256846, 47.96442505146343]]]}, "properties": {"OBJECTID": 497001, "ID": "801974244484317186", "CSE_NAME": "BREN KATE 70", "STAGE_ID": null, "BLM_PROD": "Placer Claim", "CSE_TYPE_NR": "384201", "CSE_NR": "OR101367911", "LEG_CSE_NR": "ORMC157040", "SF_ID": "a02t00000058WbgAAE", "CSE_DISP": "Active", "SRC": "LLD", "QLTY": "1: MIDPOINT\nTYPICAL QUARTER SECTION WITH 4 STANDARD LEGALS ATTRIBUTED\nDOES NOT MATCH PM ANGLES\naliquot\n37 sections retrieved\n579 intersected features retrieved\n16 matching sections found\nsection 28 issimple: True", "CSE_META": "WA 33 0290N 0080E 028 A SW", "RCRD_ACRS": 20, "Created": 1611360000000, "Modified": 1728176601000, "Shape__Length": 0.035809141243334126, "Shape__Area": 7.707758106967852e-05}}, {"type": "Feature", "id": 497002, "geometry": {"type": "Polygon", "coordinates": [[[-121.44095271519635, 47.891771992752496], [-121.44075776616462, 47.89177440277404], [-121.4398860420159, 47.89175700286895], [-121.43777108465498, 47.8917147870992], [-121.43650674843981, 47.89169201123693], [-121.43555498927785, 47.89167486634068], [-121.435544105276, 47.89167467034185], [-121.4355441312797, 47.8916901543427], [-121.43554606156192, 47.89284955740581], [-121.43554757478597, 47.89377037845598], [-121.4355500661526, 47.89527679353801], [-121.4355523264874, 47.896652055612876], [-121.4355524415045, 47.89672232261673], [-121.43555326462722, 47.89722655564415], [-121.43555330363313, 47.89725063864549], [-121.43555495487531, 47.89824554269963], [-121.43555591101654, 47.898825621731234], [-121.43555600502948, 47.89887893973412], [-121.43557798603314, 47.89887872673172], [-121.43567522104904, 47.898877783720934], [-121.43603268110742, 47.89887431868142], [-121.43645059717574, 47.89887029463527], [-121.4364595741772, 47.89887020863428], [-121.43914271461577, 47.898844201337745], [-121.43916131661884, 47.89884401933567], [-121.44094591891043, 47.898826552138495], [-121.44633573879123, 47.898774187542855], [-121.44634840395618, 47.89533141435352], [-121.44636109312121, 47.89188864016413], [-121.44626243710432, 47.89188634317487], [-121.44210147839104, 47.891789478627125], [-121.44181397834231, 47.8917851026585], [-121.44095271519635, 47.891771992752496]]]}, "properties": {"OBJECTID": 497002, "ID": "801974245516115982", "CSE_NAME": "UNCLE BUDS", "STAGE_ID": null, "BLM_PROD": "Placer Claim", "CSE_TYPE_NR": "384201", "CSE_NR": "OR101518927", "LEG_CSE_NR": "ORMC157076", "SF_ID": "a02t00000058Xk4AAE", "CSE_DISP": "Active", "SRC": "LLD", "QLTY": "1: SIMPLE\nFULLY ATTRIBUTED QUARTER SECTION ALL BUCKETS ARE EQUAL\nDOES NOT MATCH PM ANGLES\naliquot\n43 sections retrieved\n708 intersected features retrieved\n33 matching sections found\nsection 19 issimple: False", "CSE_META": "WA 33 0280N 0110E 019 A SE", "RCRD_ACRS": 8.75, "Created": 1611360000000, "Modified": 1728176701000, "Shape__Length": 0.03568935773303342, "Shape__Area": 7.613650245653102e-05}}, {"type": "Feature", "id": 497474, "geometry": {"type": "Polygon", "coordinates": [[[-121.76438574884075, 47.97898377680461], [-121.76444560296605, 47.97537466360575], [-121.76450513809596, 47.9717839654079], [-121.76450526809406, 47.971776141407446], [-121.7642193180473, 47.97177678143913], [-121.75919288822494, 47.97178802799502], [-121.75388453835623, 47.97179965858208], [-121.75388431836596, 47.971839556584186], [-121.75386369423569, 47.97540299977645], [-121.75386338924851, 47.975455628779265], [-121.75386317525626, 47.97548727078099], [-121.75386303326394, 47.9755188427827], [-121.75383539011412, 47.97900634297162], [-121.75314967600691, 47.97902834304857], [-121.75324981990074, 47.98260755722824], [-121.75325008090324, 47.982617670228706], [-121.75325039090626, 47.982629700229324], [-121.75325103391182, 47.98265191423046], [-121.75335046379482, 47.98618655740779], [-121.75335103479992, 47.98620712940881], [-121.7587070346765, 47.98619504381624], [-121.76406201955268, 47.98618284622367], [-121.76405254766857, 47.9825835320331], [-121.76405253366728, 47.982578414032844], [-121.76404296178471, 47.97898455584254], [-121.76438574884075, 47.97898377680461]]]}, "properties": {"OBJECTID": 497474, "ID": "801974245130240063", "CSE_NAME": "WIND FALL EAST", "STAGE_ID": null, "BLM_PROD": "Placer Claim", "CSE_TYPE_NR": "384201", "CSE_NR": "OR101343914", "LEG_CSE_NR": "ORMC169424", "SF_ID": "a02t000000593H5AAI", "CSE_DISP": "Active", "SRC": "LLD", "QLTY": "1: MIDPOINT\nTYPICAL QUARTER SECTION WITH 4 STANDARD LEGALS ATTRIBUTED\naliquot\n37 sections retrieved\n579 intersected features retrieved\n16 matching sections found\nsection 22 issimple: True, MIDPOINT\nTYPICAL QUARTER SECTION WITH 4 STANDARD LEGALS ATTRIBUTED", "CSE_META": "WA 33 0290N 0080E 022 A SE|WA 33 0290N 0080E 027 A NE", "RCRD_ACRS": 49.5, "Created": 1611360000000, "Modified": 1728179475000, "Shape__Length": 0.05115602564312474, "Shape__Area": 0.00015403702007647853}}, {"type": "Feature", "id": 497543, "geometry": {"type": "Polygon", "coordinates": [[[-121.77507442570317, 47.97534514942977], [-121.77521253584513, 47.97175126222315], [-121.76981764996296, 47.97176400881989], [-121.76709255751727, 47.97177023212131], [-121.76450526809406, 47.971776141407446], [-121.76450513809596, 47.9717839654079], [-121.76444560296605, 47.97537466360575], [-121.76438574884075, 47.97898377680461], [-121.76445139185151, 47.97898362779734], [-121.76942503567003, 47.97899248424821], [-121.76945717867521, 47.9789921272446], [-121.76948939268038, 47.97899176924106], [-121.7696604557081, 47.97899011622205], [-121.7749364635614, 47.978939054636285], [-121.7750731787109, 47.97537762643163], [-121.77507442570317, 47.97534514942977]]]}, "properties": {"OBJECTID": 497543, "ID": "801974244551426144", "CSE_NAME": "PEGS DIGNS EAST", "STAGE_ID": null, "BLM_PROD": "Placer Claim", "CSE_TYPE_NR": "384201", "CSE_NR": "OR101346673", "LEG_CSE_NR": "ORMC169865", "SF_ID": "a02t000000591QkAAI", "CSE_DISP": "Active", "SRC": "LLD", "QLTY": "1: MIDPOINT\nTYPICAL QUARTER SECTION WITH 4 STANDARD LEGALS ATTRIBUTED\nDOES NOT MATCH PM ANGLES\naliquot\n37 sections retrieved\n579 intersected features retrieved\n16 matching sections found\nsection 27 issimple: True", "CSE_META": "WA 33 0290N 0080E 027 A NW", "RCRD_ACRS": 6.43, "Created": 1611360000000, "Modified": 1728179313000, "Shape__Length": 0.03565999278857736, "Shape__Area": 7.665383033761152e-05}}, {"type": "Feature", "id": 497651, "geometry": {"type": "Polygon", "coordinates": [[[-121.44095271519635, 47.891771992752496], [-121.44075776616462, 47.89177440277404], [-121.4398860420159, 47.89175700286895], [-121.43777108465498, 47.8917147870992], [-121.43650674843981, 47.89169201123693], [-121.43555498927785, 47.89167486634068], [-121.435544105276, 47.89167467034185], [-121.4355441312797, 47.8916901543427], [-121.43554606156192, 47.89284955740581], [-121.43554757478597, 47.89377037845598], [-121.4355500661526, 47.89527679353801], [-121.4355523264874, 47.896652055612876], [-121.4355524415045, 47.89672232261673], [-121.43555326462722, 47.89722655564415], [-121.43555330363313, 47.89725063864549], [-121.43555495487531, 47.89824554269963], [-121.43555591101654, 47.898825621731234], [-121.43555600502948, 47.89887893973412], [-121.43557798603314, 47.89887872673172], [-121.43567522104904, 47.898877783720934], [-121.43603268110742, 47.89887431868142], [-121.43645059717574, 47.89887029463527], [-121.4364595741772, 47.89887020863428], [-121.43914271461577, 47.898844201337745], [-121.43916131661884, 47.89884401933567], [-121.44094591891043, 47.898826552138495], [-121.44633573879123, 47.898774187542855], [-121.44634840395618, 47.89533141435352], [-121.44636109312121, 47.89188864016413], [-121.44626243710432, 47.89188634317487], [-121.44210147839104, 47.891789478627125], [-121.44181397834231, 47.8917851026585], [-121.44095271519635, 47.891771992752496]]]}, "properties": {"OBJECTID": 497651, "ID": "801974245142822922", "CSE_NAME": "NORTH UNCLE BUDS", "STAGE_ID": null, "BLM_PROD": "Placer Claim", "CSE_TYPE_NR": "384201", "CSE_NR": "OR101350489", "LEG_CSE_NR": "ORMC171010", "SF_ID": "a02t000000595ZGAAY", "CSE_DISP": "Active", "SRC": "LLD", "QLTY": "1: SIMPLE\nFULLY ATTRIBUTED QUARTER SECTION ALL BUCKETS ARE EQUAL\nDOES NOT MATCH PM ANGLES\naliquot\n43 sections retrieved\n708 intersected features retrieved\n33 matching sections found\nsection 19 issimple: False", "CSE_META": "WA 33 0280N 0110E 019 A SE", "RCRD_ACRS": 4.58, "Created": 1611360000000, "Modified": 1728179676000, "Shape__Length": 0.03568935773303342, "Shape__Area": 7.613650245653102e-05}}, {"type": "Feature", "id": 498353, "geometry": {"type": "Polygon", "coordinates": [[[-121.4098413759675, 47.713454259362585], [-121.41023941378809, 47.72076236672316], [-121.4210268445943, 47.72084393754796], [-121.42087705683565, 47.713622919165374], [-121.4098413759675, 47.713454259362585]]]}, "properties": {"OBJECTID": 498353, "ID": "799126754831630336", "CSE_NAME": "MONEY", "STAGE_ID": null, "BLM_PROD": "Placer Claim", "CSE_TYPE_NR": "384201", "CSE_NR": "OR101650079", "LEG_CSE_NR": "ORMC174386", "SF_ID": "a02t00000059KeGAAU", "CSE_DISP": "Active", "SRC": "LLD", "QLTY": "8: MIDPOINT\nSECTION CONTAINS 5 OR LESS POLYGONS\nDOES NOT MATCH PM ANGLES\naliquot\n36 sections retrieved\n36 intersected features retrieved\n1 matching sections found\nsection 29 issimple: False", "CSE_META": "WA 33 0260N 0110E 029 A NE", "RCRD_ACRS": 20, "Created": 1610668800000, "Modified": 1728181129000, "Shape__Length": 0.0363662150083852, "Shape__Area": 7.923339521949352e-05}}, {"type": "Feature", "id": 498393, "geometry": {"type": "Polygon", "coordinates": [[[-121.74342102764459, 47.9718270747394], [-121.74338402651512, 47.97540516493437], [-121.74338247455161, 47.97555517794254], [-121.74334726138014, 47.97895963112796], [-121.74355688841456, 47.9789596301048], [-121.74764046008872, 47.97897370065439], [-121.74772388910267, 47.978974557645195], [-121.74780738911653, 47.97897534363599], [-121.74859130124713, 47.97898276354979], [-121.75125074769005, 47.97900791425728], [-121.75314967600691, 47.97902834304857], [-121.75383539011412, 47.97900634297162], [-121.75386303326394, 47.9755188427827], [-121.75386317525626, 47.97548727078099], [-121.75386338924851, 47.975455628779265], [-121.75386369423569, 47.97540299977645], [-121.75388431836596, 47.971839556584186], [-121.75388453835623, 47.97179965858208], [-121.74865076850018, 47.97181349116098], [-121.74393879872927, 47.97182572968214], [-121.74342102764459, 47.9718270747394]]]}, "properties": {"OBJECTID": 498393, "ID": "801974244605952021", "CSE_NAME": "SULTAN SEC 26", "STAGE_ID": null, "BLM_PROD": "Placer Claim", "CSE_TYPE_NR": "384201", "CSE_NR": "OR101835039", "LEG_CSE_NR": "ORMC175098", "SF_ID": "a02t00000059U9TAAU", "CSE_DISP": "Active", "SRC": "LLD", "QLTY": "1: MIDPOINT\nTYPICAL QUARTER SECTION WITH 4 STANDARD LEGALS ATTRIBUTED\naliquot\n37 sections retrieved\n579 intersected features retrieved\n16 matching sections found\n4 alias QQs added\nsection 26 issimple: True", "CSE_META": "WA 33 0290N 0080E 026 A NW", "RCRD_ACRS": 60, "Created": 1611360000000, "Modified": 1728182123000, "Shape__Length": 0.03529211425596956, "Shape__Area": 7.516859533371602e-05}}, {"type": "Feature", "id": 498394, "geometry": {"type": "Polygon", "coordinates": [[[-121.74345801777426, 47.96824898354439], [-121.74349504489766, 47.96464423534796], [-121.7382797370537, 47.96469616192665], [-121.73818967003908, 47.96469705793667], [-121.73306438320958, 47.96474784450541], [-121.73300587106989, 47.96830073970159], [-121.7330049810844, 47.96836070270489], [-121.73300493108525, 47.96836405970505], [-121.73300488408599, 47.968367272705244], [-121.73295257893128, 47.97185359689715], [-121.73295231393556, 47.97187134489814], [-121.73289936979286, 47.975406456092685], [-121.73289859980535, 47.97545791609547], [-121.73289774281838, 47.97551148809844], [-121.73289759982248, 47.97552834509934], [-121.73289724282732, 47.97554834510046], [-121.73285867265679, 47.97895920228675], [-121.73712324435756, 47.97895955881565], [-121.73792424448918, 47.97895955872715], [-121.73810298751854, 47.978959562707345], [-121.74246560223527, 47.97895963022539], [-121.74334726138014, 47.97895963112796], [-121.74338247455161, 47.97555517794254], [-121.74338402651512, 47.97540516493437], [-121.74342102764459, 47.9718270747394], [-121.74345738278923, 47.968310439547786], [-121.74345801777426, 47.96824898354439]]]}, "properties": {"OBJECTID": 498394, "ID": "801974244605952022", "CSE_NAME": "SULTAN SEC 26 EAST", "STAGE_ID": null, "BLM_PROD": "Placer Claim", "CSE_TYPE_NR": "384201", "CSE_NR": "OR101835040", "LEG_CSE_NR": "ORMC175099", "SF_ID": "a02t00000059U9UAAU", "CSE_DISP": "Active", "SRC": "LLD", "QLTY": "1: MIDPOINT\nTYPICAL QUARTER SECTION WITH 4 STANDARD LEGALS ATTRIBUTED\nDOES NOT MATCH PM ANGLES\naliquot\n37 sections retrieved\n579 intersected features retrieved\n16 matching sections found\n4 alias QQs added\nsection 26 issimple: True, MIDPOINT\nTYPICAL QUARTE", "CSE_META": "WA 33 0290N 0080E 026 A NE|WA 33 0290N 0080E 026 A SE", "RCRD_ACRS": 60, "Created": 1611360000000, "Modified": 1728182123000, "Shape__Length": 0.0494487908036552, "Shape__Area": 0.00014927808493961153}}, {"type": "Feature", "id": 498395, "geometry": {"type": "Polygon", "coordinates": [[[-121.73300587106989, 47.96830073970159], [-121.73306438320958, 47.96474784450541], [-121.72766618532931, 47.96477560410298], [-121.72226798844893, 47.96480322170057], [-121.72211756530452, 47.96839876890929], [-121.72211697630787, 47.96841283691014], [-121.72196711516033, 47.971994181118035], [-121.72746433804663, 47.971923986507065], [-121.73295257893128, 47.97185359689715], [-121.73300488408599, 47.968367272705244], [-121.73300493108525, 47.96836405970505], [-121.7330049810844, 47.96836070270489], [-121.73300587106989, 47.96830073970159]]]}, "properties": {"OBJECTID": 498395, "ID": "801974245197348898", "CSE_NAME": "TIRED ACE 50", "STAGE_ID": null, "BLM_PROD": "Placer Claim", "CSE_TYPE_NR": "384201", "CSE_NR": "OR101835041", "LEG_CSE_NR": "ORMC175100", "SF_ID": "a02t00000059U9VAAU", "CSE_DISP": "Active", "SRC": "LLD", "QLTY": "1: MIDPOINT\nTYPICAL QUARTER SECTION WITH 4 STANDARD LEGALS ATTRIBUTED\nDOES NOT MATCH PM ANGLES\naliquot\n37 sections retrieved\n579 intersected features retrieved\n16 matching sections found\n4 alias QQs added\nsection 25 issimple: True", "CSE_META": "WA 33 0290N 0080E 025 A SW", "RCRD_ACRS": 50, "Created": 1611360000000, "Modified": 1728182123000, "Shape__Length": 0.03608678065185977, "Shape__Area": 7.782316177656552e-05}}, {"type": "Feature", "id": 498781, "geometry": {"type": "Polygon", "coordinates": [[[-121.79666239256846, 47.96442505146343], [-121.79401739313825, 47.96443905175641], [-121.79137246370802, 47.96445298104934], [-121.79132767870081, 47.96445362405435], [-121.78599303484546, 47.9645333386479], [-121.78594796670869, 47.96808773584208], [-121.78590192558134, 47.97168035603833], [-121.79128941345611, 47.97164432944109], [-121.79671016633606, 47.97160792484013], [-121.79670975232389, 47.971558480837594], [-121.79668623745215, 47.96801647365182], [-121.79666239256846, 47.96442505146343]]]}, "properties": {"OBJECTID": 498781, "ID": "801974245428035634", "CSE_NAME": "BREN-KATE 30", "STAGE_ID": null, "BLM_PROD": "Placer Claim", "CSE_TYPE_NR": "384201", "CSE_NR": "OR101843266", "LEG_CSE_NR": "ORMC177644", "SF_ID": "a02t00000059fVhAAI", "CSE_DISP": "Active", "SRC": "LLD", "QLTY": "1: MIDPOINT\nTYPICAL QUARTER SECTION WITH 4 STANDARD LEGALS ATTRIBUTED\nDOES NOT MATCH PM ANGLES\naliquot\n37 sections retrieved\n579 intersected features retrieved\n16 matching sections found\nsection 28 issimple: True", "CSE_META": "WA 33 0290N 0080E 028 A SW", "RCRD_ACRS": 30, "Created": 1611360000000, "Modified": 1728183254000, "Shape__Length": 0.035809141243334126, "Shape__Area": 7.707758106967852e-05}}, {"type": "Feature", "id": 498992, "geometry": {"type": "Polygon", "coordinates": [[[-121.77507442570317, 47.97534514942977], [-121.77521253584513, 47.97175126222315], [-121.76981764996296, 47.97176400881989], [-121.76709255751727, 47.97177023212131], [-121.76450526809406, 47.971776141407446], [-121.76450513809596, 47.9717839654079], [-121.76444560296605, 47.97537466360575], [-121.76438574884075, 47.97898377680461], [-121.76445139185151, 47.97898362779734], [-121.76942503567003, 47.97899248424821], [-121.76945717867521, 47.9789921272446], [-121.76948939268038, 47.97899176924106], [-121.7696604557081, 47.97899011622205], [-121.7749364635614, 47.978939054636285], [-121.7750731787109, 47.97537762643163], [-121.77507442570317, 47.97534514942977]]]}, "properties": {"OBJECTID": 498992, "ID": "801974244442374246", "CSE_NAME": "PEGS DIGNS #2", "STAGE_ID": null, "BLM_PROD": "Placer Claim", "CSE_TYPE_NR": "384201", "CSE_NR": "OR101430904", "LEG_CSE_NR": "ORMC59188", "SF_ID": "a02t000000584EXAAY", "CSE_DISP": "Active", "SRC": "LLD", "QLTY": "1: MIDPOINT\nTYPICAL QUARTER SECTION WITH 4 STANDARD LEGALS ATTRIBUTED\nDOES NOT MATCH PM ANGLES\naliquot\n37 sections retrieved\n579 intersected features retrieved\n16 matching sections found\nsection 27 issimple: True", "CSE_META": "WA 33 0290N 0080E 027 A NW", "RCRD_ACRS": 3.8, "Created": 1611360000000, "Modified": 1728174091000, "Shape__Length": 0.03565999278857736, "Shape__Area": 7.665383033761152e-05}}, {"type": "Feature", "id": 513908, "geometry": {"type": "MultiPolygon", "coordinates": [[[[-121.46210840596271, 47.87638183758614], [-121.46519250420559, 47.87527828918689], [-121.46666585619684, 47.8742377229681], [-121.46670767298532, 47.87333811191442], [-121.46685929121868, 47.87007699271969], [-121.46165834235003, 47.870046841289614], [-121.45645741748119, 47.87001668985952], [-121.4564143913561, 47.87364989606276], [-121.45637321819356, 47.87712663425721], [-121.45637136523123, 47.87728310226599], [-121.45755805239217, 47.87713615512748], [-121.46177389796372, 47.876614109635604], [-121.46203769496294, 47.87643091859658], [-121.46210840596271, 47.87638183758614]]], [[[-121.46662897638339, 47.87503100001546], [-121.46611386139924, 47.87544753409484], [-121.46274680412414, 47.87661094252845], [-121.46655605375216, 47.87659920810908], [-121.46662897638339, 47.87503100001546]]]]}, "properties": {"OBJECTID": 513908, "ID": "1153717695259246592", "CSE_NAME": "Gold Eagle", "STAGE_ID": "1152300098949070848", "BLM_PROD": "Placer Claim", "CSE_TYPE_NR": "384201", "CSE_NR": "OR106318719", "LEG_CSE_NR": "", "SF_ID": "a023d00000H5ULXAA3", "CSE_DISP": "Active", "SRC": "LLD", "QLTY": "1; MIDPOINT, FULLY ATTRIBUTED QUARTER SECTION ALL BUCKETS ARE EQUAL, DOES NOT MATCH PM ANGLES, aliquot", "CSE_META": "WA 33 0280N 0100E 036 A NE", "RCRD_ACRS": 152.85, "Created": 1695081600000, "Modified": 1745971200000, "Shape__Length": 0.04236858384924395, "Shape__Area": 6.690517551460202e-05}}, {"type": "Feature", "id": 517661, "geometry": {"type": "Polygon", "coordinates": [[[-121.45622039919463, 47.885468240729516], [-121.45623399697277, 47.88454585867766], [-121.45162130321437, 47.88457024718612], [-121.45151202019632, 47.884570389198174], [-121.44632334533806, 47.884577128768925], [-121.44633353581915, 47.886550087875584], [-121.44634138818996, 47.8880705879578], [-121.44634209322322, 47.888207005965185], [-121.44634227123152, 47.88824094796703], [-121.44636015607692, 47.8917070441543], [-121.44636109312121, 47.89188864016413], [-121.45157794397538, 47.891845566588145], [-121.45609874671553, 47.89180863908899], [-121.45610123568564, 47.89168387708187], [-121.45617117984484, 47.88817727188281], [-121.45622039919463, 47.885468240729516]]]}, "properties": {"OBJECTID": 517661, "ID": "1225085079777349632", "CSE_NAME": "Double D Placer", "STAGE_ID": "1225085079613771776", "BLM_PROD": "PLACER CLAIM", "CSE_TYPE_NR": "384201", "CSE_NR": "OR106354546", "LEG_CSE_NR": null, "SF_ID": "a023d00000HzdV8AAJ", "CSE_DISP": "Active", "SRC": "LLD", "QLTY": "1; SIMPLE, FULLY ATTRIBUTED QUARTER SECTION ALL BUCKETS ARE EQUAL, aliquot", "CSE_META": "WA 33 0280N 0110E 030 A NW", "RCRD_ACRS": 20, "Created": 1712102400000, "Modified": 1752183420000, "Shape__Length": 0.03422435766280299, "Shape__Area": 7.155924083282652e-05}}, {"type": "Feature", "id": 519780, "geometry": {"type": "Polygon", "coordinates": [[[-121.31549852678842, 47.89355597863894], [-121.32812368840128, 47.89154520514122], [-121.32812485113828, 47.88634320885488], [-121.3155126922839, 47.88735094229574], [-121.31549852678842, 47.89355597863894]]]}, "properties": {"OBJECTID": 519780, "ID": "1264034803540443136", "CSE_NAME": "The Blue #8", "STAGE_ID": "1264030582585769984", "BLM_PROD": "PLACER CLAIM", "CSE_TYPE_NR": "384201", "CSE_NR": "OR106383916", "LEG_CSE_NR": null, "SF_ID": "a02SJ000000E34TYAS", "CSE_DISP": "Active", "SRC": "LLD", "QLTY": "8; SIMPLE, SECTION CONTAINS 5 OR LESS POLYGONS, TWN CONTAINS PB/UP/UU, aliquot; SIMPLE, SECTION CONTAINS 5 OR LESS POLYGONS, DOES NOT MATCH PM ANGLES, TWN CONTAINS PB/UP/UU, aliquot; SIMPLE, SECTION CONTAINS 5 OR LESS POLYGONS, DOES NOT MATCH PM ANGLES, T", "CSE_META": "WA 33 0280N 0120E 019 A SW | WA 33 0280N 0120E 030 A NW | WA 33 0280N 0120E 030 A NW", "RCRD_ACRS": 6, "Created": 1721433600000, "Modified": 1757462460000, "Shape__Length": 0.03684368307828447, "Shape__Area": 7.195915148208002e-05}}, {"type": "Feature", "id": 533368, "geometry": {"type": "Polygon", "coordinates": [[[-121.44106251469637, 47.877291531949076], [-121.44089985966941, 47.87729153196696], [-121.43583954083122, 47.87729428052325], [-121.43582105469471, 47.88086227072041], [-121.4358212407165, 47.88095184072529], [-121.43580318456567, 47.88445998891905], [-121.43580296457603, 47.884502647921444], [-121.43580315060198, 47.88460937692724], [-121.43567609142309, 47.88807546513064], [-121.43567365143886, 47.888142024134545], [-121.4355800480438, 47.89069496128437], [-121.43556820312035, 47.89101801830333], [-121.43555739819014, 47.89131243332059], [-121.435544105276, 47.89167467034185], [-121.43555498927785, 47.89167486634068], [-121.43650674843981, 47.89169201123693], [-121.43777108465498, 47.8917147870992], [-121.4398860420159, 47.89175700286895], [-121.44075776616462, 47.89177440277404], [-121.44095271519635, 47.891771992752496], [-121.44181397834231, 47.8917851026585], [-121.44210147839104, 47.891789478627125], [-121.44626243710432, 47.89188634317487], [-121.44636109312121, 47.89188864016413], [-121.45157794397538, 47.891845566588145], [-121.45609874671553, 47.89180863908899], [-121.45610123568564, 47.89168387708187], [-121.45617117984484, 47.88817727188281], [-121.45622039919463, 47.885468240729516], [-121.45623399697277, 47.88454585867766], [-121.45623566894442, 47.88442800667102], [-121.4562431938168, 47.88389772764128], [-121.45626532253284, 47.88271386157418], [-121.45629895610132, 47.88091446847223], [-121.45630246805909, 47.88073834746225], [-121.45637136523123, 47.87728310226599], [-121.45627773121574, 47.877283149276295], [-121.45166785945248, 47.87728547778312], [-121.45134312939875, 47.87728566581882], [-121.4462857455614, 47.87728859837481], [-121.44106251469637, 47.877291531949076]]]}, "properties": {"OBJECTID": 533368, "ID": "1320781554020114432", "CSE_NAME": "South Uncle Buds", "STAGE_ID": "1320781548152344576", "BLM_PROD": "PLACER CLAIM", "CSE_TYPE_NR": "384201", "CSE_NR": "OR106708313", "LEG_CSE_NR": null, "SF_ID": "a02SJ000004mREvYAM", "CSE_DISP": "Active", "SRC": "LLD/CLS", "QLTY": "0; ONLY SECTION IN LLD", "CSE_META": "WA 33 0280N 0110E 030 E NWNE", "RCRD_ACRS": 755.88, "Created": 1734912000000, "Modified": 1776700131000, "Shape__Length": 0.07000239449781984, "Shape__Area": 0.0002975195567335931}}, {"type": "Feature", "id": 536264, "geometry": {"type": "Polygon", "coordinates": [[[-121.42482188152356, 47.90000693597621], [-121.42482183522708, 47.89878799690963], [-121.42427589313544, 47.8987833639694], [-121.41944125732327, 47.89874189749877], [-121.4140606804193, 47.89869582108791], [-121.41406859732652, 47.902421181290755], [-121.41407640722431, 47.9061067644914], [-121.41407649123401, 47.90614651849355], [-121.41944931512174, 47.906130638901764], [-121.42480581800658, 47.90611480731177], [-121.42482211600924, 47.90611475930995], [-121.42482197511808, 47.90245137810979], [-121.42482188152356, 47.90000693597621]]]}, "properties": {"OBJECTID": 536264, "ID": "1329834144385024000", "CSE_NAME": "Blue Yonder #3", "STAGE_ID": "1270081875410558976", "BLM_PROD": "PLACER CLAIM", "CSE_TYPE_NR": "384201", "CSE_NR": "OR106384818", "LEG_CSE_NR": null, "SF_ID": "a02SJ000000LGzRYAW", "CSE_DISP": "Active", "SRC": "LLD/CLS", "QLTY": "1; MIDPOINT, FULLY ATTRIBUTED QUARTER SECTION ALL BUCKETS ARE EQUAL, aliquot", "CSE_META": "WA 33 0280N 0110E 020 A NE", "RCRD_ACRS": 182.04, "Created": 1737072000000, "Modified": 1775237941000, "Shape__Length": 0.03628469348237234, "Shape__Area": 7.945352839847053e-05}}, {"type": "Feature", "id": 543013, "geometry": {"type": "MultiPolygon", "coordinates": [[[[-121.49832290520979, 47.83619816541306], [-121.49832318322828, 47.836274145417185], [-121.49833335878938, 47.838583382542126], [-121.49833495888215, 47.83896497056284], [-121.49833603594458, 47.83922194457673], [-121.49833894111099, 47.83990672961382], [-121.4983389701126, 47.839913474614185], [-121.49834106622824, 47.840389194639926], [-121.49834851664234, 47.842093002732135], [-121.49849763786817, 47.84292299276106], [-121.49854338393742, 47.843177608769885], [-121.49854930995458, 47.84324441977289], [-121.49860127803542, 47.843542349783434], [-121.49876907829677, 47.84450626381763], [-121.49893015154773, 47.84543153785044], [-121.4992296190139, 47.84715045691137], [-121.4994784714012, 47.84857828696191], [-121.49951185645322, 47.84876983996874], [-121.49955352046028, 47.848770571964195], [-121.50475781134307, 47.8488619713974], [-121.51000381323277, 47.84895407782609], [-121.51073753235904, 47.84897461374662], [-121.51070195432472, 47.848857288744114], [-121.5101836978247, 47.847148220707886], [-121.50989470568767, 47.84678021571957], [-121.50893637623342, 47.845559872758315], [-121.50870191612226, 47.845261290767745], [-121.50834489286655, 47.844449875762706], [-121.50818852356865, 47.84332758571865], [-121.50828740634172, 47.842323806653056], [-121.50822682429602, 47.84217651765163], [-121.50808973319253, 47.8418431506485], [-121.50814479808169, 47.841348315615484], [-121.50783834559225, 47.83953770855037], [-121.507857996471, 47.83902399052014], [-121.507876226435, 47.83886277850937], [-121.50793494640394, 47.83869446549372], [-121.50802090735844, 47.83844808347084], [-121.50942750035397, 47.837469945262995], [-121.5096463453533, 47.83731776123064], [-121.50979843033265, 47.83712888820361], [-121.51016509124337, 47.83650993112961], [-121.51037256721243, 47.83624094209213], [-121.51070963317646, 47.835862318034444], [-121.51098405014712, 47.8355540679875], [-121.51143185314255, 47.83522952592057], [-121.5093154227943, 47.83523613815335], [-121.50920135977495, 47.83523413316577], [-121.50385463686821, 47.83514014274784], [-121.50381752186193, 47.83513949075188], [-121.5021917575862, 47.83511089992881], [-121.49873065700574, 47.835077504307066], [-121.49850059096721, 47.835075284332206], [-121.49831878293675, 47.8350735303521], [-121.49832290520979, 47.83619816541306]]], [[[-121.50917446863187, 47.84291582458788], [-121.50948040782471, 47.84350290758633], [-121.50974937196169, 47.843884572577565], [-121.5098662550212, 47.84405043157376], [-121.51028143919591, 47.84448803655203], [-121.51043880930486, 47.8448300185534], [-121.51088491356144, 47.84558434354554], [-121.51110347168724, 47.84595391054169], [-121.51191172015216, 47.847320607527415], [-121.51201046327952, 47.84777879554158], [-121.51237977761232, 47.848899473562106], [-121.51241822064698, 47.8490161275642], [-121.51525682212956, 47.84907116825538], [-121.52050023500982, 47.84912728068232], [-121.5205175150127, 47.84912746568039], [-121.52051788200777, 47.84910668367924], [-121.52057805019263, 47.845703854487205], [-121.52063600340736, 47.84242503830207], [-121.5206385623727, 47.84228024229393], [-121.52062780452711, 47.838798469105235], [-121.52061797075429, 47.83561584593278], [-121.52061704668168, 47.835316719916555], [-121.51975471553627, 47.835304741010646], [-121.5149668517289, 47.83523823353282], [-121.51227954328215, 47.83522731382738], [-121.51228014832138, 47.83538910783615], [-121.51201715638476, 47.8358301378891], [-121.51199616538983, 47.83586533989331], [-121.51155760552881, 47.83673819898913], [-121.51143485754214, 47.83687708201018], [-121.51141155068389, 47.83747801804552], [-121.51135108477261, 47.83788537807439], [-121.51159185496644, 47.83852091308264], [-121.51155702401091, 47.838728435097764], [-121.51155337701556, 47.83875015809932], [-121.51146025913457, 47.83930473713985], [-121.51098421426089, 47.84015056423825], [-121.50960693725024, 47.84104632243841], [-121.50910062324633, 47.84137562051199], [-121.50886280124455, 47.84153029654651], [-121.50912184842755, 47.842108740549655], [-121.5091267614466, 47.84218408455321], [-121.50917446863187, 47.84291582458788]]]]}, "properties": {"OBJECTID": 543013, "ID": "1341563104236044288", "CSE_NAME": "Aurum", "STAGE_ID": "1341563100213727232", "BLM_PROD": "PLACER CLAIM", "CSE_TYPE_NR": "384201", "CSE_NR": "OR106718789", "LEG_CSE_NR": null, "SF_ID": "a02SJ000006QOo1YAG", "CSE_DISP": "Active", "SRC": "LLD/CLS", "QLTY": "0; ONLY SECTION IN LLD", "CSE_META": "WA 33 0270N 0100E 010 E NWNE", "RCRD_ACRS": 739.82, "Created": 1739923200000, "Modified": 1777587986000, "Shape__Length": 0.10073519855716419, "Shape__Area": 0.00027648140890084257}}, {"type": "Feature", "id": 552240, "geometry": {"type": "Polygon", "coordinates": [[[-121.36304198171044, 47.50990096112238], [-121.36471090399154, 47.50992145594228], [-121.36971363781146, 47.50988676939702], [-121.36972399981317, 47.509886753395875], [-121.36976735882028, 47.50988668439116], [-121.36996478085295, 47.509886372369714], [-121.36995891110527, 47.50673009519328], [-121.36995770595178, 47.50608193615706], [-121.3699514501558, 47.502720659969114], [-121.36464311227708, 47.50272046854548], [-121.35933478139829, 47.50272021712189], [-121.35933881819511, 47.50608689231047], [-121.35933961035161, 47.50674808934751], [-121.35934339009845, 47.50990269852416], [-121.3627639456636, 47.50989754715239], [-121.36304198171044, 47.50990096112238]]]}, "properties": {"OBJECTID": 552240, "ID": "1356452842625445888", "CSE_NAME": "Spruce 14", "STAGE_ID": "1356452835365097472", "BLM_PROD": "LODE CLAIM", "CSE_TYPE_NR": "384101", "CSE_NR": "OR106392707", "LEG_CSE_NR": "", "SF_ID": "a02SJ000001k5wzYAA", "CSE_DISP": "Filed", "SRC": "LLD", "QLTY": "1; SIMPLE, FULLY ATTRIBUTED QUARTER SECTION ALL BUCKETS ARE EQUAL, aliquot", "CSE_META": "WA 33 0230N 0110E 002 SE", "RCRD_ACRS": 0, "Created": 1743465600000, "Modified": 1745971200000, "Shape__Length": 0.03558653779798299, "Shape__Area": 7.627602503255152e-05}}, {"type": "Feature", "id": 569504, "geometry": {"type": "Polygon", "coordinates": [[[-121.45685000006759, 47.88040000038357], [-121.46147999983461, 47.88039999987458], [-121.46148000026378, 47.87804999974629], [-121.4595399997603, 47.87729999991861], [-121.45685000006759, 47.88040000038357]]]}, "properties": {"OBJECTID": 569504, "ID": "1413551264234606592", "CSE_NAME": "Wild Sky 9", "STAGE_ID": "1390168885558407168", "BLM_PROD": "PLACER CLAIM", "CSE_TYPE_NR": "384201", "CSE_NR": "OR106748414", "LEG_CSE_NR": "", "SF_ID": "a02SJ00000A5XwrYAF", "CSE_DISP": "Filed", "SRC": "PLOTTED", "QLTY": "100", "CSE_META": "WA 33 0280N 0100E 025 L 5 | WA 33 0280N 0100E 025 L 4 | WA 33 0280N 0100E 025", "RCRD_ACRS": 19.9, "Created": 1757030400000, "Modified": 1757087280000, "Shape__Length": 0.013164326961330514, "Shape__Area": 9.455998825000003e-06}}, {"type": "Feature", "id": 570035, "geometry": {"type": "Polygon", "coordinates": [[[-121.35126853819284, 47.98567778675434], [-121.35850662040248, 47.985698581957784], [-121.35852741463648, 47.97846049956026], [-121.3512893324269, 47.97843970435662], [-121.35126853819284, 47.98567778675434]]]}, "properties": {"OBJECTID": 570035, "ID": "1415458893039046656", "CSE_NAME": "JST 9", "STAGE_ID": "1415458885724110848", "BLM_PROD": "LODE CLAIM", "CSE_TYPE_NR": "384101", "CSE_NR": "OR106747897", "LEG_CSE_NR": null, "SF_ID": "a02SJ00000Bz2L9YAJ", "CSE_DISP": "Filed", "SRC": "LLD", "QLTY": "9; SIMPLE, SECTION RENDER IS NOT CLEAR, TWN CONTAINS PB/UP/UU, aliquot", "CSE_META": "WA 33 0290N 0110E 060 U 60 | WA 33 0290N 0110E 063 U 63 | WA 33 0290N 0110E 060 | WA 33 0290N 0110E 060 | WA 33 0290N 0110E 063 | WA 33 0290N 0110E 060 | WA 33 0290N 0110E 060 | WA 33 0290N 0110E 060 | WA 33 0290N 0110E 060 | WA 33 0290N 0110E 060 U 60 | WA 33 0290N 0110E 060", "RCRD_ACRS": 20.66, "Created": 1757462400000, "Modified": 1767826248000, "Shape__Length": 0.028952445499268835, "Shape__Area": 5.239025627425801e-05}}, {"type": "Feature", "id": 570147, "geometry": {"type": "Polygon", "coordinates": [[[-121.35124770441999, 47.97843964436115], [-121.35128933242693, 47.97843976435661], [-121.35126853819284, 47.98567778675434], [-121.35850662040248, 47.985698581957784], [-121.35852741463648, 47.97846049956026], [-121.3584857876295, 47.9784603805648], [-121.35850658186442, 47.97122235816709], [-121.351268498655, 47.97120156296327], [-121.35124770441999, 47.97843964436115]]]}, "properties": {"OBJECTID": 570147, "ID": "1415457978236178432", "CSE_NAME": "JST 5", "STAGE_ID": "1415457970661195776", "BLM_PROD": "LODE CLAIM", "CSE_TYPE_NR": "384101", "CSE_NR": "OR106747895", "LEG_CSE_NR": null, "SF_ID": "a02SJ00000Bz2L7YAJ", "CSE_DISP": "Filed", "SRC": "LLD/CLS", "QLTY": "9; SIMPLE, SECTION RENDER IS NOT CLEAR, TWN CONTAINS PB/UP/UU, aliquot; SIMPLE, SECTION RENDER IS NOT CLEAR, TWN CONTAINS PB/UP/UU, aliquot", "CSE_META": "WA 33 0290N 0110E 022 SE | WA 33 0290N 0110E 027 NE", "RCRD_ACRS": 20.66, "Created": 1757462400000, "Modified": 1767826248000, "Shape__Length": 0.04351180459244815, "Shape__Area": 0.00010478008238739053}}, {"type": "Feature", "id": 570192, "geometry": {"type": "Polygon", "coordinates": [[[-121.35124770441999, 47.97843964436115], [-121.35128933242693, 47.97843976435661], [-121.35126853819284, 47.98567778675434], [-121.35850662040248, 47.985698581957784], [-121.35852741463648, 47.97846049956026], [-121.3584857876295, 47.9784603805648], [-121.35850658186442, 47.97122235816709], [-121.351268498655, 47.97120156296327], [-121.35124770441999, 47.97843964436115]]]}, "properties": {"OBJECTID": 570192, "ID": "1415458422526218240", "CSE_NAME": "JST 6", "STAGE_ID": "1415458410966646784", "BLM_PROD": "LODE CLAIM", "CSE_TYPE_NR": "384101", "CSE_NR": "OR106747896", "LEG_CSE_NR": null, "SF_ID": "a02SJ00000Bz2L8YAJ", "CSE_DISP": "Filed", "SRC": "LLD/CLS", "QLTY": "9; SIMPLE, SECTION RENDER IS NOT CLEAR, TWN CONTAINS PB/UP/UU, aliquot; SIMPLE, SECTION RENDER IS NOT CLEAR, TWN CONTAINS PB/UP/UU, aliquot", "CSE_META": "WA 33 0290N 0110E 022 SE | WA 33 0290N 0110E 027 NE", "RCRD_ACRS": 20.66, "Created": 1757462400000, "Modified": 1767826248000, "Shape__Length": 0.04351180459244815, "Shape__Area": 0.00010478008238739053}}, {"type": "Feature", "id": 570230, "geometry": {"type": "Polygon", "coordinates": [[[-121.53674717652964, 48.00837067552536], [-121.5318952677277, 48.00837450706134], [-121.52652800784048, 48.00837874465421], [-121.52537232364939, 48.008379652781855], [-121.52116072595305, 48.00838296024705], [-121.52081078089522, 48.00838323628572], [-121.51579344306552, 48.008387197839916], [-121.51579311750933, 48.0101975729377], [-121.51579276795324, 48.012007947035464], [-121.51579207084123, 48.01562869723097], [-121.51579139672951, 48.01924944642644], [-121.51579072561354, 48.02285229462093], [-121.5157907226179, 48.02287019562189], [-121.51754302690726, 48.02286675842817], [-121.52115563050367, 48.02285967202875], [-121.52652051438928, 48.022849147435565], [-121.53188542227475, 48.02283864584234], [-121.53674790307711, 48.02282910730469], [-121.53725033016, 48.022828121249105], [-121.53725337927335, 48.01921365805397], [-121.53725642838698, 48.01559919485887], [-121.5372595015008, 48.011984731663674], [-121.5372625106265, 48.00841797147099], [-121.53726255061481, 48.00837026846841], [-121.53674717652964, 48.00837067552536]]]}, "properties": {"OBJECTID": 570230, "ID": "1415452990868983808", "CSE_NAME": "Vesper", "STAGE_ID": "1415452983289806848", "BLM_PROD": "LODE CLAIM", "CSE_TYPE_NR": "384101", "CSE_NR": "OR106748284", "LEG_CSE_NR": null, "SF_ID": "a02SJ00000C0N7NYAV", "CSE_DISP": "Active", "SRC": "LLD/CLS", "QLTY": "0; ONLY SECTION IN LLD; ONLY SECTION IN LLD", "CSE_META": "WA 33 0290N 0100E 009 E NESW | WA 33 0290N 0100E 009 E NWSE", "RCRD_ACRS": 20.66, "Created": 1757462400000, "Modified": 1778695860000, "Shape__Length": 0.07186961033848055, "Shape__Area": 0.00031059795629674407}}, {"type": "Feature", "id": 571603, "geometry": {"type": "Polygon", "coordinates": [[[-121.52827647559582, 48.16439862684029], [-121.52827511765082, 48.16462145785233], [-121.52824967068962, 48.16882833508], [-121.53365690458423, 48.16882144147967], [-121.53383780361416, 48.16882103845957], [-121.53908097448027, 48.168809356877105], [-121.53910027539591, 48.164422990640674], [-121.53384003152055, 48.16440870022357], [-121.53369233949599, 48.16440829923992], [-121.53372025560067, 48.1607774220428], [-121.5282985246956, 48.16075184864285], [-121.52828569969347, 48.16075179664427], [-121.52830333474554, 48.160950114652906], [-121.52827647559582, 48.16439862684029]]]}, "properties": {"OBJECTID": 571603, "ID": "1418333586859290624", "CSE_NAME": "Tree Frog", "STAGE_ID": "1418319923599568896", "BLM_PROD": "PLACER CLAIM", "CSE_TYPE_NR": "384201", "CSE_NR": "OR106750148", "LEG_CSE_NR": null, "SF_ID": "a02SJ00000CRWWLYA5", "CSE_DISP": "Active", "SRC": "LLD/CLS", "QLTY": "0; 1 Lot features; 1 Lot features; WA330310N0100E0SN210ASWNW", "CSE_META": "WA 33 0310N 0100E 020 L 1 | WA 33 0310N 0100E 021 L 4 | WA 33 0310N 0100E 021 A SWNW", "RCRD_ACRS": 137.04, "Created": 1758153600000, "Modified": 1778862727000, "Shape__Length": 0.03776878926551258, "Shape__Area": 6.746475178067302e-05}}, {"type": "Feature", "id": 573738, "geometry": {"type": "Polygon", "coordinates": [[[-121.33890526075332, 47.88972662285667], [-121.33890020731747, 47.88793523675869], [-121.33620627287134, 47.887943341055134], [-121.33351233742512, 47.88795144435155], [-121.33351466986025, 47.88974152544971], [-121.33620996530685, 47.88973407415319], [-121.33890526075332, 47.88972662285667]]]}, "properties": {"OBJECTID": 573738, "ID": "1426321029776658432", "CSE_NAME": "North Sky Gold #7", "STAGE_ID": "1426320648057278464", "BLM_PROD": "PLACER CLAIM", "CSE_TYPE_NR": "384201", "CSE_NR": "OR106753408", "LEG_CSE_NR": null, "SF_ID": "a02SJ00000D8LasYAF", "CSE_DISP": "Active", "SRC": "LLD/CLS", "QLTY": "4.1; 0 intersecting parts, aliquot", "CSE_META": "WA 33 0280N 0110E 025 A S2NWNE", "RCRD_ACRS": 20, "Created": 1760054400000, "Modified": 1778888340000, "Shape__Length": 0.01435997961908883, "Shape__Area": 9.650729888810503e-06}}, {"type": "Feature", "id": 573739, "geometry": {"type": "Polygon", "coordinates": [[[-121.33081706097916, 47.887961533648195], [-121.32812445553624, 47.88798254694513], [-121.32812407196877, 47.88976387604315], [-121.3308178004109, 47.88973879974586], [-121.33351152885298, 47.88971372344856], [-121.33350966642202, 47.8879405203512], [-121.33081706097916, 47.887961533648195]]]}, "properties": {"OBJECTID": 573739, "ID": "1426321778686414848", "CSE_NAME": "North Sky Gold #8", "STAGE_ID": "1426321481146716160", "BLM_PROD": "PLACER CLAIM", "CSE_TYPE_NR": "384201", "CSE_NR": "OR106753409", "LEG_CSE_NR": null, "SF_ID": "a02SJ00000D8OVVYA3", "CSE_DISP": "Active", "SRC": "LLD/CLS", "QLTY": "4.1; 1 intersecting parts, aliquot", "CSE_META": "WA 33 0280N 0110E 025 A S2NENE", "RCRD_ACRS": 20, "Created": 1760054400000, "Modified": 1778889960000, "Shape__Length": 0.014327596429496428, "Shape__Area": 9.572980565349003e-06}}, {"type": "Feature", "id": 576919, "geometry": {"type": "Polygon", "coordinates": [[[-121.35850662040248, 47.985698581957784], [-121.36574470261182, 47.98571937716122], [-121.36576549784574, 47.97848129476387], [-121.35852741463648, 47.97846049956026], [-121.35850662040248, 47.985698581957784]]]}, "properties": {"OBJECTID": 576919, "ID": "1438931154484002816", "CSE_NAME": "JST 5", "STAGE_ID": "1438931152730689536", "BLM_PROD": "LODE CLAIM", "CSE_TYPE_NR": "384101", "CSE_NR": "OR106758200", "LEG_CSE_NR": null, "SF_ID": "a02SJ00000E1QA5YAN", "CSE_DISP": "Active", "SRC": "LLD", "QLTY": "9; SIMPLE, SECTION RENDER IS NOT CLEAR, TWN CONTAINS PB/UP/UU, aliquot", "CSE_META": "WA 33 0290N 0110E 059 U 59 | WA 33 0290N 0110E 059 | WA 33 0290N 0110E 059 | WA 33 0290N 0110E 060 | WA 33 0290N 0110E 060 | WA 33 0290N 0110E 063 | WA 33 0290N 0110E 063 | WA 33 0290N 0110E 060 | WA 33 0290N 0110E 060 | WA 33 0290N 0110E 060 | WA 33 0290N 0110E 060 | WA 33 0290N 0110E 060 U 60 | WA 33 0290N 0110E 065 | WA 33 0290N 0110E 060 | WA 33 0290N 0110E 059 | WA 33 0290N 0110E 059 | WA 33 0290N 0110E 059 | WA 33 0290N 0110E 060", "RCRD_ACRS": 20.66, "Created": 1763078400000, "Modified": 1783628102000, "Shape__Length": 0.0289524465021379, "Shape__Area": 5.239025990369701e-05}}, {"type": "Feature", "id": 577794, "geometry": {"type": "Polygon", "coordinates": [[[-121.499411135331, 47.38306002222007], [-121.49921563429936, 47.383062409241354], [-121.49858174519682, 47.38307017431042], [-121.49868595713609, 47.38699800951932], [-121.49871848142925, 47.388223807584495], [-121.50377792117924, 47.387871338016815], [-121.50377890516498, 47.3878100610133], [-121.50377963615442, 47.38776455201065], [-121.5037856360675, 47.387389980989], [-121.50379800096111, 47.386928309961796], [-121.50379807496051, 47.38692560396162], [-121.50390306405748, 47.383005480730574], [-121.50122713462466, 47.383037838022155], [-121.499411135331, 47.38306002222007]]]}, "properties": {"OBJECTID": 577794, "ID": "1440781469004935168", "CSE_NAME": "The Mole Holes", "STAGE_ID": "1440781467591532544", "BLM_PROD": "LODE CLAIM", "CSE_TYPE_NR": "384101", "CSE_NR": "OR106760036", "LEG_CSE_NR": null, "SF_ID": "a02SJ00000EF0MDYA1", "CSE_DISP": "Active", "SRC": "LLD/CLS", "QLTY": "0; 1 Lot features", "CSE_META": "WA 33 0220N 0100E 014 L 2", "RCRD_ACRS": 44.29, "Created": 1763510400000, "Modified": 1783549297000, "Shape__Length": 0.02041635053992809, "Shape__Area": 2.5992826887931507e-05}}, {"type": "Feature", "id": 596532, "geometry": {"type": "Polygon", "coordinates": [[[-121.43814574175562, 47.904209772740394], [-121.4381503391915, 47.905998085837524], [-121.44073293759904, 47.9059131495488], [-121.44072667716597, 47.90413754345254], [-121.44072041573303, 47.90236193735629], [-121.43814114431983, 47.90242145964325], [-121.43814574175562, 47.904209772740394]]]}, "properties": {"OBJECTID": 596532, "ID": "1474120715786620928", "CSE_NAME": "Silver Eagle", "STAGE_ID": "1474120714352152576", "BLM_PROD": "PLACER CLAIM", "CSE_TYPE_NR": "384201", "CSE_NR": "OR106784610", "LEG_CSE_NR": null, "SF_ID": "a02SJ00000H4v5xYAB", "CSE_DISP": "Active", "SRC": "LLD/CLS", "QLTY": "4.1; 0 intersecting parts, aliquot", "CSE_META": "WA 33 0280N 0110E 019 A W2NENE", "RCRD_ACRS": 20, "Created": 1771459200000, "Modified": 1782510060000, "Shape__Length": 0.012291823897621424, "Shape__Area": 9.199026616476002e-06}}, {"type": "Feature", "id": 602050, "geometry": {"type": "Polygon", "coordinates": [[[-121.30282306441252, 47.85948368115272], [-121.30285060929376, 47.863101427349314], [-121.30287545508669, 47.86635580952617], [-121.30287864318845, 47.86677342254888], [-121.30825107108195, 47.86676967395894], [-121.31362352297533, 47.86676597136904], [-121.31359383607942, 47.86309050616963], [-121.31356459219728, 47.85947038497319], [-121.30819384030492, 47.85947702156293], [-121.30291610242794, 47.8594835661425], [-121.30282306441252, 47.85948368115272]]]}, "properties": {"OBJECTID": 602050, "ID": "799126733784612983", "CSE_NAME": "NORTH STAR", "STAGE_ID": null, "BLM_PROD": "PLACER CLAIM", "CSE_TYPE_NR": "384201", "CSE_NR": "OR101370602", "LEG_CSE_NR": "ORMC161152", "SF_ID": "a02t00000058gklAAA", "CSE_DISP": "Active", "SRC": "LLD", "QLTY": "1: SIMPLE\nFULLY ATTRIBUTED QUARTER SECTION ALL BUCKETS ARE EQUAL\naliquot\n36 sections retrieved\n579 intersected features retrieved\n17 matching sections found\nsection 6 issimple: False", "CSE_META": "WA 33 0270N 0120E 006 A NE", "RCRD_ACRS": 20, "Created": 1610668800000, "Modified": 1773178980000, "Shape__Length": 0.036072191658688524, "Shape__Area": 7.834723254259752e-05}}, {"type": "Feature", "id": 602051, "geometry": {"type": "Polygon", "coordinates": [[[-121.30290317393565, 47.87396201094267], [-121.31548670002886, 47.87395549656078], [-121.31544654127852, 47.86676508516886], [-121.30287864318845, 47.86677342254888], [-121.30290317393565, 47.87396201094267]]]}, "properties": {"OBJECTID": 602051, "ID": "799126733826556107", "CSE_NAME": "NORTHERN STAR", "STAGE_ID": null, "BLM_PROD": "PLACER CLAIM", "CSE_TYPE_NR": "384201", "CSE_NR": "OR101371244", "LEG_CSE_NR": "ORMC161153", "SF_ID": "a02t00000058gkmAAA", "CSE_DISP": "Active", "SRC": "LLD", "QLTY": "8: SIMPLE\nSECTION CONTAINS 5 OR LESS POLYGONS\nTWN CONTAINS PB/UP/UU\naliquot\n37 sections retrieved\n37 intersected features retrieved\ntodo handle unclean township\n1 matching sections found\nsection 31 issimple: False", "CSE_META": "WA 33 0280N 0120E 031 A SE", "RCRD_ACRS": 20, "Created": 1610668800000, "Modified": 1773179040000, "Shape__Length": 0.03953057743253135, "Shape__Area": 9.041330088774852e-05}}, {"type": "Feature", "id": 609072, "geometry": {"type": "MultiPolygon", "coordinates": [[[[-121.46702876836179, 47.86643093450192], [-121.46685929121868, 47.87007699271969], [-121.47208163709071, 47.87010695714737], [-121.47217814509551, 47.87006078713423], [-121.47455262221301, 47.8689255038113], [-121.47676078817227, 47.86725159147725], [-121.47755357625189, 47.86703892337848], [-121.47756221413083, 47.86653435634998], [-121.47762985026846, 47.862934864146084], [-121.47241402438682, 47.862859846715125], [-121.46719824450506, 47.86278485228414], [-121.46702876836179, 47.86643093450192]]], [[[-121.47654684050191, 47.86875565358282], [-121.47359631734363, 47.870115571981316], [-121.47749390299424, 47.870137690554124], [-121.47754086442472, 47.86775969741921], [-121.47654684050191, 47.86875565358282]]]]}, "properties": {"OBJECTID": 609072, "ID": "1493991104364822528", "CSE_NAME": "Sky Gold #5", "STAGE_ID": "1493991100166336512", "BLM_PROD": "PLACER CLAIM", "CSE_TYPE_NR": "384201", "CSE_NR": "OR106795739", "LEG_CSE_NR": "", "SF_ID": "a02SJ00000IuacjYAB", "CSE_DISP": "Filed", "SRC": "LLD", "QLTY": "1; MIDPOINT, FULLY ATTRIBUTED QUARTER SECTION ALL BUCKETS ARE EQUAL, DOES NOT MATCH PM ANGLES, aliquot", "CSE_META": "WA 33 0280N 0100E 036 SW", "RCRD_ACRS": 19.99, "Created": 1776211200000, "Modified": 1776211200000, "Shape__Length": 0.044322607085767934, "Shape__Area": 7.195127609117801e-05}}, {"type": "Feature", "id": 612363, "geometry": {"type": "Polygon", "coordinates": [[[-121.51304149482947, 47.691776353883526], [-121.5121211606783, 47.691779332984304], [-121.50766935094693, 47.69179371147182], [-121.50674299979471, 47.69179668357329], [-121.50673615065813, 47.695400798772425], [-121.50672926952454, 47.699016913972166], [-121.5120908914066, 47.69900426138511], [-121.51745385528861, 47.698991353797894], [-121.51745428327209, 47.69892213979406], [-121.51745464025554, 47.69885299679019], [-121.51747656842498, 47.6953764245966], [-121.51749935256161, 47.691761639395324], [-121.51304149482947, 47.691776353883526]]]}, "properties": {"OBJECTID": 612363, "ID": "1501315928636424192", "CSE_NAME": "Apex #9", "STAGE_ID": "1501315914010923008", "BLM_PROD": "LODE CLAIM", "CSE_TYPE_NR": "384101", "CSE_NR": "OR106801735", "LEG_CSE_NR": "", "SF_ID": "a02SJ00000Jex86YAB", "CSE_DISP": "Filed", "SRC": "LLD", "QLTY": "1; MIDPOINT, TYPICAL QUARTER SECTION WITH 4 STANDARD LEGALS ATTRIBUTED, TWN CONTAINS PB/UP/UU, aliquot", "CSE_META": "WA 33 0260N 0100E 034 SW", "RCRD_ACRS": 20.66, "Created": 1777939200000, "Modified": 1777939200000, "Shape__Length": 0.03593112282153345, "Shape__Area": 7.759796098827252e-05}}, {"type": "Feature", "id": 612399, "geometry": {"type": "Polygon", "coordinates": [[[-121.48092256153599, 47.69181921439733], [-121.47985278836009, 47.691822983514434], [-121.47556513165529, 47.69183807198396], [-121.47447491747606, 47.69184200110335], [-121.47450377533546, 47.69540592929674], [-121.47453256219511, 47.698969715490065], [-121.47990086608662, 47.69898795390412], [-121.48526924797793, 47.6990060423182], [-121.48525002711335, 47.69541545312244], [-121.48523077724693, 47.69181585692616], [-121.48092256153599, 47.69181921439733]]]}, "properties": {"OBJECTID": 612399, "ID": "1501318523543257088", "CSE_NAME": "Apex #10", "STAGE_ID": "1501318496049631232", "BLM_PROD": "LODE CLAIM", "CSE_TYPE_NR": "384101", "CSE_NR": "OR106801736", "LEG_CSE_NR": "", "SF_ID": "a02SJ00000Jex87YAB", "CSE_DISP": "Filed", "SRC": "LLD", "QLTY": "1; MIDPOINT, TYPICAL QUARTER SECTION WITH 4 STANDARD LEGALS ATTRIBUTED, TWN CONTAINS PB/UP/UU, aliquot", "CSE_META": "WA 33 0260N 0100E 035 SE", "RCRD_ACRS": 20.66, "Created": 1777939200000, "Modified": 1777939200000, "Shape__Length": 0.03581088002206293, "Shape__Area": 7.697050803792502e-05}}, {"type": "Feature", "id": 621564, "geometry": {"type": "Polygon", "coordinates": [[[-121.79665101424148, 47.95901380717681], [-121.7966547096838, 47.9608177772724], [-121.7993680181251, 47.960803204971896], [-121.79936846668328, 47.95899873387585], [-121.79936891624158, 47.957194262779765], [-121.79664731979923, 47.95720983708125], [-121.79665101424148, 47.95901380717681]]]}, "properties": {"OBJECTID": 621564, "ID": "1522673826721345536", "CSE_NAME": "PK 1", "STAGE_ID": "1522664307022807040", "BLM_PROD": "PLACER CLAIM", "CSE_TYPE_NR": "384201", "CSE_NR": "OR106822000", "LEG_CSE_NR": null, "SF_ID": "a02SJ00000LZbqDYAT", "CSE_DISP": "Filed", "SRC": "LLD/CLS", "QLTY": "4.1; 1 intersecting parts, aliquot", "CSE_META": "WA 33 0290N 0080E 032 A E2SENE", "RCRD_ACRS": 40, "Created": 1783036800000, "Modified": 1784129435000, "Shape__Length": 0.012651877367689947, "Shape__Area": 9.805814123966503e-06}}, {"type": "Feature", "id": 623204, "geometry": {"type": "Polygon", "coordinates": [[[-121.46369134839739, 47.698945732673984], [-121.46366170425111, 47.70252461287467], [-121.4691114891531, 47.70252914327905], [-121.46911191729632, 47.698957801082024], [-121.46369134839739, 47.698945732673984]]]}, "properties": {"OBJECTID": 623204, "ID": "1525133189566345216", "CSE_NAME": "PK 2", "STAGE_ID": "1525133188480020480", "BLM_PROD": "PLACER CLAIM", "CSE_TYPE_NR": "384201", "CSE_NR": "OR106822020", "LEG_CSE_NR": null, "SF_ID": "a02SJ00000Lc1mzYAB", "CSE_DISP": "Filed", "SRC": "LLD/CLS", "QLTY": "0; WA330260N0100E0SN360ASENW", "CSE_META": "WA 33 0260N 0100E 036 SENW", "RCRD_ACRS": 40, "Created": 1783641600000, "Modified": 1784129907000, "Shape__Length": 0.018020712122608626, "Shape__Area": 1.9431482311636004e-05}}, {"type": "Feature", "id": 623442, "geometry": {"type": "Polygon", "coordinates": [[[-121.47182223974576, 47.69896375778609], [-121.47453256219511, 47.698969715490065], [-121.47451816876527, 47.69718782239342], [-121.47181514831667, 47.697179975688485], [-121.46911212786804, 47.69717212798355], [-121.46911191729632, 47.698957801082024], [-121.47182223974576, 47.69896375778609]]]}, "properties": {"OBJECTID": 623442, "ID": "1526293002417442816", "CSE_NAME": "PK 4", "STAGE_ID": "1526291876293070848", "BLM_PROD": "PLACER CLAIM", "CSE_TYPE_NR": "384201", "CSE_NR": "OR106824994", "LEG_CSE_NR": null, "SF_ID": "a02SJ00000Lrk8fYAB", "CSE_DISP": "Filed", "SRC": "LLD/CLS", "QLTY": "4.1; 1 intersecting parts, aliquot", "CSE_META": "WA 33 0260N 0100E 036 A N2NWSW", "RCRD_ACRS": 40, "Created": 1783900800000, "Modified": 1784129486000, "Shape__Length": 0.014394344018392635, "Shape__Area": 9.656126834860003e-06}}, {"type": "Feature", "id": 623469, "geometry": {"type": "Polygon", "coordinates": [[[-121.47182932017489, 47.70074751888361], [-121.47454693862498, 47.70075156458672], [-121.47453256219511, 47.698969715490065], [-121.47182223974576, 47.69896375778609], [-121.46911191729632, 47.698957801082024], [-121.46911170372466, 47.70074347218057], [-121.47182932017489, 47.70074751888361]]]}, "properties": {"OBJECTID": 623469, "ID": "1526292996859990016", "CSE_NAME": "PK 3", "STAGE_ID": "1526290730556018688", "BLM_PROD": "PLACER CLAIM", "CSE_TYPE_NR": "384201", "CSE_NR": "OR106824993", "LEG_CSE_NR": null, "SF_ID": "a02SJ00000LrjR7YAJ", "CSE_DISP": "Filed", "SRC": "LLD/CLS", "QLTY": "4.1; 1 intersecting parts, aliquot", "CSE_META": "WA 33 0260N 0100E 036 A S2SWNW", "RCRD_ACRS": 40, "Created": 1783900800000, "Modified": 1784129374000, "Shape__Length": 0.014423475125057835, "Shape__Area": 9.682072350332002e-06}}, {"type": "Feature", "id": 630255, "geometry": {"type": "Polygon", "coordinates": [[[-121.34647683428548, 47.84136200036341], [-121.34647904716307, 47.84498535756277], [-121.34648126004083, 47.84860869176216], [-121.34648348191352, 47.85220978796026], [-121.34648349591887, 47.85223204896144], [-121.34664955494655, 47.852232520943254], [-121.35186831081764, 47.852247368371295], [-121.35725312571624, 47.85226268878117], [-121.36263794061468, 47.85227800819096], [-121.36802275551292, 47.85229335060078], [-121.3680228464947, 47.852217967596594], [-121.36802713163587, 47.848669830400965], [-121.36803153175903, 47.84504633420115], [-121.36803590788233, 47.84142281400128], [-121.36804030700588, 47.83779929380134], [-121.36264888010672, 47.83778413639202], [-121.35725742920735, 47.83776897998267], [-121.35186602530781, 47.837753823573365], [-121.34657933442563, 47.83773896115246], [-121.34647459840814, 47.83773866716397], [-121.34647683428548, 47.84136200036341]]]}, "properties": {"OBJECTID": 630255, "ID": "1537291956701458432", "CSE_NAME": "Porter", "STAGE_ID": "1537290886873092096", "BLM_PROD": "PLACER CLAIM", "CSE_TYPE_NR": "384201", "CSE_NR": "OR106840131", "LEG_CSE_NR": "", "SF_ID": "a02SJ000001hp1xYAA", "CSE_DISP": "Filed", "SRC": "LLD", "QLTY": "8; Only mapped PLSS First Div, aliquot", "CSE_META": "WA 33 0270N 0110E 011 E.WM", "RCRD_ACRS": 20, "Created": 1786579200000, "Modified": 1786589340000, "Shape__Length": 0.0720925838252537, "Shape__Area": 0.00031237559286318556}}]}