{"type": "FeatureCollection", "INCOMPLETE_LAYER": true, "note": "PARTIAL: 63 of 490 parcels in bbox -122.30,47.40,-121.25,47.75. NOT suitable for land-status determination. Regenerate complete layer with prospecting/fetch_king_overlays.py.", "features": [{"type": "Feature", "id": 3245169, "geometry": {"type": "Polygon", "coordinates": [[[-121.82107, 47.74518], [-121.83695, 47.74503], [-121.83692, 47.73776], [-121.837, 47.73416], [-121.83709, 47.73047], [-121.83164, 47.73056], [-121.82128, 47.73074], [-121.82118, 47.73796], [-121.82107, 47.74518]]]}, "properties": {"OBJECTID": 3245169, "PARCEL_SYST_ID": 565, "PARCEL_TYPE_CD": 1, "PARCEL_LABEL_NM": null, "PARCEL_NM": null, "REVERSION_RIGHTS_FLG": "N", "OWN_RIGHT_DISPUTE_FLG": "N", "SURFACE_RIGHTS_FLG": "Y", "MINERAL_RIGHTS_FLG": "Y", "TIMBER_RIGHTS_FLG": "Y", "SURFACE_TRUST_CD": 1, "SURFACE_TRUST_NM": "State Forest Transfer", "MINERAL_TRUST_CD": 1, "MINERAL_TRUST_NM": "State Forest Transfer", "TIMBER_TRUST_CD": 1, "TIMBER_TRUST_NM": "State Forest Transfer", "OWNER_AGENT_SYST_ID": 58706, "STEWARD_AGENT_SYST_ID": 63986, "MANAGER_AGENT_SYST_ID": 63986, "TIMBER_OWNER_NM": null, "TIMBER_EXP_DT": null, "ORIGINAL_PATENT_DT": null, "COUNTY_JURISDICT_DESG_CD": 17, "COUNTY_NM": "King", "COUNTY_PARCEL_NO": null, "REGION_JURISDICT_DESG_CD": 900, "REGION_NM": "South Puget Sound Region", "HCP_JURISDICT_DESG_CD": null, "HCP_DESG_CD": 1, "HCP_DESG_DT": 854611200000, "HCP_WITHDRAWAL_DT": null, "PARCEL_DESC_TXT": null, "EDIT_DATE": 1309330800000, "EDIT_STATUS": 1, "EDIT_WHO": "jdug490", "EASEMENT_TYPE_CD": null, "EASEMENT_TYPE_NM": null, "PARCEL_ACQUIRE_AUTH_NO": null, "PARCEL_DISPOSAL_AUTH_NO": null, "SHAPE.AREA": 20561515.8333, "SHAPE.LEN": 18383.0246725855, "GLOBALID": "{063B0B93-A7B1-436D-8413-87F6A8EE62EA}"}}, {"type": "Feature", "id": 3251241, "geometry": {"type": "Polygon", "coordinates": [[[-122.01483, 47.53007], [-122.02034, 47.53001], [-122.02036, 47.52946], [-122.02352, 47.52943], [-122.02354, 47.5294], [-122.02361, 47.52933], [-122.02367, 47.52928], [-122.02368, 47.52926], [-122.02369, 47.52925], [-122.02472, 47.52822], [-122.02481, 47.52814], [-122.0249, 47.52807], [-122.025, 47.52799], [-122.02511, 47.52792], [-122.02521, 47.52785], [-122.02532, 47.52779], [-122.02544, 47.52772], [-122.02556, 47.52766], [-122.02568, 47.5276], [-122.0258, 47.52755], [-122.02591, 47.5275], [-122.02594, 47.52638], [-122.02046, 47.5264], [-122.02059, 47.52279], [-122.02072, 47.51913], [-122.0153, 47.5191], [-122.01522, 47.52093], [-122.01514, 47.52276], [-122.01498, 47.52642], [-122.01487, 47.52945], [-122.01483, 47.53007]]]}, "properties": {"OBJECTID": 3251241, "PARCEL_SYST_ID": 382, "PARCEL_TYPE_CD": 1, "PARCEL_LABEL_NM": null, "PARCEL_NM": null, "REVERSION_RIGHTS_FLG": "N", "OWN_RIGHT_DISPUTE_FLG": "N", "SURFACE_RIGHTS_FLG": "Y", "MINERAL_RIGHTS_FLG": "N", "TIMBER_RIGHTS_FLG": "Y", "SURFACE_TRUST_CD": 75, "SURFACE_TRUST_NM": "Natural Resources Conservation Area", "MINERAL_TRUST_CD": 0, "MINERAL_TRUST_NM": "Trust Status Not Applicable Or Unknown", "TIMBER_TRUST_CD": 75, "TIMBER_TRUST_NM": "Natural Resources Conservation Area", "OWNER_AGENT_SYST_ID": 58706, "STEWARD_AGENT_SYST_ID": 63986, "MANAGER_AGENT_SYST_ID": 63986, "TIMBER_OWNER_NM": null, "TIMBER_EXP_DT": null, "ORIGINAL_PATENT_DT": null, "COUNTY_JURISDICT_DESG_CD": 17, "COUNTY_NM": "King", "COUNTY_PARCEL_NO": null, "REGION_JURISDICT_DESG_CD": 900, "REGION_NM": "South Puget Sound Region", "HCP_JURISDICT_DESG_CD": null, "HCP_DESG_CD": 1, "HCP_DESG_DT": 854611200000, "HCP_WITHDRAWAL_DT": null, "PARCEL_DESC_TXT": null, "EDIT_DATE": 1558650675000, "EDIT_STATUS": 1, "EDIT_WHO": "TSTE490", "EASEMENT_TYPE_CD": null, "EASEMENT_TYPE_NM": null, "PARCEL_ACQUIRE_AUTH_NO": null, "PARCEL_DISPOSAL_AUTH_NO": null, "SHAPE.AREA": 6652900.523563, "SHAPE.LEN": 13029.2812565372, "GLOBALID": "{D6567269-1B17-4679-895F-58BD362F56BB}"}}, {"type": "Feature", "id": 3252107, "geometry": {"type": "Polygon", "coordinates": [[[-121.80558, 47.45611], [-121.80556, 47.45801], [-121.80428, 47.45801], [-121.80429, 47.45982], [-121.80558, 47.45981], [-121.80555, 47.46166], [-121.80951, 47.46163], [-121.80947, 47.46344], [-121.81206, 47.4634], [-121.81204, 47.45983], [-121.80946, 47.45981], [-121.8096, 47.45612], [-121.80695, 47.45611], [-121.80558, 47.45611]]]}, "properties": {"OBJECTID": 3252107, "PARCEL_SYST_ID": 12884, "PARCEL_TYPE_CD": 1, "PARCEL_LABEL_NM": null, "PARCEL_NM": null, "REVERSION_RIGHTS_FLG": "N", "OWN_RIGHT_DISPUTE_FLG": "N", "SURFACE_RIGHTS_FLG": "Y", "MINERAL_RIGHTS_FLG": "Y", "TIMBER_RIGHTS_FLG": "Y", "SURFACE_TRUST_CD": 6, "SURFACE_TRUST_NM": "Charitable/Educational/Penal & Reformatory Instit.", "MINERAL_TRUST_CD": 6, "MINERAL_TRUST_NM": "Charitable/Educational/Penal & Reformatory Instit.", "TIMBER_TRUST_CD": 6, "TIMBER_TRUST_NM": "Charitable/Educational/Penal & Reformatory Instit.", "OWNER_AGENT_SYST_ID": 58706, "STEWARD_AGENT_SYST_ID": 63986, "MANAGER_AGENT_SYST_ID": 63986, "TIMBER_OWNER_NM": null, "TIMBER_EXP_DT": null, "ORIGINAL_PATENT_DT": null, "COUNTY_JURISDICT_DESG_CD": 17, "COUNTY_NM": "King", "COUNTY_PARCEL_NO": null, "REGION_JURISDICT_DESG_CD": 900, "REGION_NM": "South Puget Sound Region", "HCP_JURISDICT_DESG_CD": null, "HCP_DESG_CD": 1, "HCP_DESG_DT": 854611200000, "HCP_WITHDRAWAL_DT": null, "PARCEL_DESC_TXT": null, "EDIT_DATE": 1309330800000, "EDIT_STATUS": 1, "EDIT_WHO": "jdug490", "EASEMENT_TYPE_CD": null, "EASEMENT_TYPE_NM": null, "PARCEL_ACQUIRE_AUTH_NO": "CLEAR LIST 9 CEP&RI", "PARCEL_DISPOSAL_AUTH_NO": null, "SHAPE.AREA": 3011264.235655, "SHAPE.LEN": 9217.46830585854, "GLOBALID": "{3A2CDA35-C013-46ED-9DAE-DF4B8E63559B}"}}, {"type": "Feature", "id": 3252446, "geometry": {"type": "Polygon", "coordinates": [[[-121.90327, 47.51821], [-121.90595, 47.51821], [-121.9059, 47.51632], [-121.90325, 47.5162], [-121.90327, 47.51821]]]}, "properties": {"OBJECTID": 3252446, "PARCEL_SYST_ID": 10119, "PARCEL_TYPE_CD": 1, "PARCEL_LABEL_NM": null, "PARCEL_NM": null, "REVERSION_RIGHTS_FLG": "N", "OWN_RIGHT_DISPUTE_FLG": "N", "SURFACE_RIGHTS_FLG": "Y", "MINERAL_RIGHTS_FLG": "Y", "TIMBER_RIGHTS_FLG": "Y", "SURFACE_TRUST_CD": 6, "SURFACE_TRUST_NM": "Charitable/Educational/Penal & Reformatory Instit.", "MINERAL_TRUST_CD": 1, "MINERAL_TRUST_NM": "State Forest Transfer", "TIMBER_TRUST_CD": 6, "TIMBER_TRUST_NM": "Charitable/Educational/Penal & Reformatory Instit.", "OWNER_AGENT_SYST_ID": 58706, "STEWARD_AGENT_SYST_ID": 63986, "MANAGER_AGENT_SYST_ID": 63986, "TIMBER_OWNER_NM": null, "TIMBER_EXP_DT": null, "ORIGINAL_PATENT_DT": null, "COUNTY_JURISDICT_DESG_CD": 17, "COUNTY_NM": "King", "COUNTY_PARCEL_NO": null, "REGION_JURISDICT_DESG_CD": 900, "REGION_NM": "South Puget Sound Region", "HCP_JURISDICT_DESG_CD": null, "HCP_DESG_CD": 1, "HCP_DESG_DT": 854611200000, "HCP_WITHDRAWAL_DT": null, "PARCEL_DESC_TXT": null, "EDIT_DATE": 1309330800000, "EDIT_STATUS": 1, "EDIT_WHO": "jdug490", "EASEMENT_TYPE_CD": null, "EASEMENT_TYPE_NM": null, "PARCEL_ACQUIRE_AUTH_NO": null, "PARCEL_DISPOSAL_AUTH_NO": null, "SHAPE.AREA": 468804.25875, "SHAPE.LEN": 2742.73923193021, "GLOBALID": "{F84B5AF3-9B05-4277-83B4-FF3CB8300045}"}}, {"type": "Feature", "id": 3252611, "geometry": {"type": "Polygon", "coordinates": [[[-121.837, 47.73416], [-121.83692, 47.73776], [-121.84218, 47.73763], [-121.84225, 47.7341], [-121.837, 47.73416]]]}, "properties": {"OBJECTID": 3252611, "PARCEL_SYST_ID": 13205, "PARCEL_TYPE_CD": 1, "PARCEL_LABEL_NM": null, "PARCEL_NM": null, "REVERSION_RIGHTS_FLG": "N", "OWN_RIGHT_DISPUTE_FLG": "N", "SURFACE_RIGHTS_FLG": "Y", "MINERAL_RIGHTS_FLG": "N", "TIMBER_RIGHTS_FLG": "Y", "SURFACE_TRUST_CD": 9, "SURFACE_TRUST_NM": "Escheat", "MINERAL_TRUST_CD": 0, "MINERAL_TRUST_NM": "Trust Status Not Applicable Or Unknown", "TIMBER_TRUST_CD": 9, "TIMBER_TRUST_NM": "Escheat", "OWNER_AGENT_SYST_ID": 58706, "STEWARD_AGENT_SYST_ID": 63986, "MANAGER_AGENT_SYST_ID": 63986, "TIMBER_OWNER_NM": null, "TIMBER_EXP_DT": null, "ORIGINAL_PATENT_DT": null, "COUNTY_JURISDICT_DESG_CD": 17, "COUNTY_NM": "King", "COUNTY_PARCEL_NO": null, "REGION_JURISDICT_DESG_CD": 900, "REGION_NM": "South Puget Sound Region", "HCP_JURISDICT_DESG_CD": null, "HCP_DESG_CD": 1, "HCP_DESG_DT": 854611200000, "HCP_WITHDRAWAL_DT": null, "PARCEL_DESC_TXT": null, "EDIT_DATE": 1309330800000, "EDIT_STATUS": 1, "EDIT_WHO": "jdug490", "EASEMENT_TYPE_CD": null, "EASEMENT_TYPE_NM": null, "PARCEL_ACQUIRE_AUTH_NO": null, "PARCEL_DISPOSAL_AUTH_NO": null, "SHAPE.AREA": 1682997.986875, "SHAPE.LEN": 5191.8109381698005, "GLOBALID": "{7E85B658-B8B6-459B-8865-BB9C13BB9D0D}"}}, {"type": "Feature", "id": 3253030, "geometry": {"type": "Polygon", "coordinates": [[[-121.8928, 47.51466], [-121.89272, 47.51821], [-121.89395, 47.51818], [-121.89406, 47.51643], [-121.89535, 47.51638], [-121.89522, 47.51469], [-121.8928, 47.51466]]]}, "properties": {"OBJECTID": 3253030, "PARCEL_SYST_ID": 10123, "PARCEL_TYPE_CD": 1, "PARCEL_LABEL_NM": null, "PARCEL_NM": null, "REVERSION_RIGHTS_FLG": "N", "OWN_RIGHT_DISPUTE_FLG": "N", "SURFACE_RIGHTS_FLG": "Y", "MINERAL_RIGHTS_FLG": "Y", "TIMBER_RIGHTS_FLG": "Y", "SURFACE_TRUST_CD": 1, "SURFACE_TRUST_NM": "State Forest Transfer", "MINERAL_TRUST_CD": 3, "MINERAL_TRUST_NM": "Common School and Indemnity", "TIMBER_TRUST_CD": 1, "TIMBER_TRUST_NM": "State Forest Transfer", "OWNER_AGENT_SYST_ID": 58706, "STEWARD_AGENT_SYST_ID": 63986, "MANAGER_AGENT_SYST_ID": 63986, "TIMBER_OWNER_NM": null, "TIMBER_EXP_DT": null, "ORIGINAL_PATENT_DT": null, "COUNTY_JURISDICT_DESG_CD": 17, "COUNTY_NM": "King", "COUNTY_PARCEL_NO": null, "REGION_JURISDICT_DESG_CD": 900, "REGION_NM": "South Puget Sound Region", "HCP_JURISDICT_DESG_CD": null, "HCP_DESG_CD": 1, "HCP_DESG_DT": 854611200000, "HCP_WITHDRAWAL_DT": null, "PARCEL_DESC_TXT": null, "EDIT_DATE": 1309330800000, "EDIT_STATUS": 1, "EDIT_WHO": "jdug490", "EASEMENT_TYPE_CD": null, "EASEMENT_TYPE_NM": null, "PARCEL_ACQUIRE_AUTH_NO": null, "PARCEL_DISPOSAL_AUTH_NO": null, "SHAPE.AREA": 592618.2056, "SHAPE.LEN": 3770.34673819324, "GLOBALID": "{7A6527C1-4C9A-42DB-8637-E26254A64079}"}}, {"type": "Feature", "id": 3253190, "geometry": {"type": "Polygon", "coordinates": [[[-122.01498, 47.52642], [-122.00973, 47.52638], [-122.00996, 47.52283], [-122.0046, 47.52273], [-122.0046, 47.52276], [-122.00438, 47.5263], [-122.00705, 47.52634], [-122.00686, 47.52932], [-122.01487, 47.52945], [-122.01498, 47.52642]]]}, "properties": {"OBJECTID": 3253190, "PARCEL_SYST_ID": 383, "PARCEL_TYPE_CD": 1, "PARCEL_LABEL_NM": null, "PARCEL_NM": null, "REVERSION_RIGHTS_FLG": "N", "OWN_RIGHT_DISPUTE_FLG": "N", "SURFACE_RIGHTS_FLG": "Y", "MINERAL_RIGHTS_FLG": "N", "TIMBER_RIGHTS_FLG": "Y", "SURFACE_TRUST_CD": 75, "SURFACE_TRUST_NM": "Natural Resources Conservation Area", "MINERAL_TRUST_CD": 0, "MINERAL_TRUST_NM": "Trust Status Not Applicable Or Unknown", "TIMBER_TRUST_CD": 75, "TIMBER_TRUST_NM": "Natural Resources Conservation Area", "OWNER_AGENT_SYST_ID": 58706, "STEWARD_AGENT_SYST_ID": 63986, "MANAGER_AGENT_SYST_ID": 63986, "TIMBER_OWNER_NM": null, "TIMBER_EXP_DT": null, "ORIGINAL_PATENT_DT": null, "COUNTY_JURISDICT_DESG_CD": 17, "COUNTY_NM": "King", "COUNTY_PARCEL_NO": null, "REGION_JURISDICT_DESG_CD": 900, "REGION_NM": "South Puget Sound Region", "HCP_JURISDICT_DESG_CD": null, "HCP_DESG_CD": 1, "HCP_DESG_DT": 854611200000, "HCP_WITHDRAWAL_DT": null, "PARCEL_DESC_TXT": null, "EDIT_DATE": 1309330800000, "EDIT_STATUS": 1, "EDIT_WHO": "jdug490", "EASEMENT_TYPE_CD": null, "EASEMENT_TYPE_NM": null, "PARCEL_ACQUIRE_AUTH_NO": null, "PARCEL_DISPOSAL_AUTH_NO": null, "SHAPE.AREA": 3877519.13057, "SHAPE.LEN": 10059.730299802599, "GLOBALID": "{2B357AA5-F92E-4C7E-BE16-F72401C09C39}"}}, {"type": "Feature", "id": 3253678, "geometry": {"type": "Polygon", "coordinates": [[[-122.00999, 47.45857], [-122.01528, 47.45864], [-122.01533, 47.45684], [-122.00994, 47.45685], [-122.00999, 47.45857]]]}, "properties": {"OBJECTID": 3253678, "PARCEL_SYST_ID": 368, "PARCEL_TYPE_CD": 1, "PARCEL_LABEL_NM": null, "PARCEL_NM": null, "REVERSION_RIGHTS_FLG": "N", "OWN_RIGHT_DISPUTE_FLG": "N", "SURFACE_RIGHTS_FLG": "Y", "MINERAL_RIGHTS_FLG": "Y", "TIMBER_RIGHTS_FLG": "Y", "SURFACE_TRUST_CD": 1, "SURFACE_TRUST_NM": "State Forest Transfer", "MINERAL_TRUST_CD": 1, "MINERAL_TRUST_NM": "State Forest Transfer", "TIMBER_TRUST_CD": 1, "TIMBER_TRUST_NM": "State Forest Transfer", "OWNER_AGENT_SYST_ID": 58706, "STEWARD_AGENT_SYST_ID": 63986, "MANAGER_AGENT_SYST_ID": 63986, "TIMBER_OWNER_NM": null, "TIMBER_EXP_DT": null, "ORIGINAL_PATENT_DT": null, "COUNTY_JURISDICT_DESG_CD": 17, "COUNTY_NM": "King", "COUNTY_PARCEL_NO": null, "REGION_JURISDICT_DESG_CD": 900, "REGION_NM": "South Puget Sound Region", "HCP_JURISDICT_DESG_CD": null, "HCP_DESG_CD": 1, "HCP_DESG_DT": 854611200000, "HCP_WITHDRAWAL_DT": null, "PARCEL_DESC_TXT": null, "EDIT_DATE": 1309330800000, "EDIT_STATUS": 1, "EDIT_WHO": "jdug490", "EASEMENT_TYPE_CD": null, "EASEMENT_TYPE_NM": null, "PARCEL_ACQUIRE_AUTH_NO": null, "PARCEL_DISPOSAL_AUTH_NO": null, "SHAPE.AREA": 849097.42465, "SHAPE.LEN": 3927.8376449021603, "GLOBALID": "{DEAC49FE-70BB-433E-9F67-8C6F16A67496}"}}, {"type": "Feature", "id": 3253708, "geometry": {"type": "Polygon", "coordinates": [[[-121.80933, 47.71615], [-121.80936, 47.71985], [-121.81068, 47.71981], [-121.81062, 47.71616], [-121.80933, 47.71615]]]}, "properties": {"OBJECTID": 3253708, "PARCEL_SYST_ID": 13305, "PARCEL_TYPE_CD": 1, "PARCEL_LABEL_NM": null, "PARCEL_NM": null, "REVERSION_RIGHTS_FLG": "N", "OWN_RIGHT_DISPUTE_FLG": "N", "SURFACE_RIGHTS_FLG": "Y", "MINERAL_RIGHTS_FLG": "N", "TIMBER_RIGHTS_FLG": "Y", "SURFACE_TRUST_CD": 1, "SURFACE_TRUST_NM": "State Forest Transfer", "MINERAL_TRUST_CD": 0, "MINERAL_TRUST_NM": "Trust Status Not Applicable Or Unknown", "TIMBER_TRUST_CD": 1, "TIMBER_TRUST_NM": "State Forest Transfer", "OWNER_AGENT_SYST_ID": 58706, "STEWARD_AGENT_SYST_ID": 63986, "MANAGER_AGENT_SYST_ID": 63986, "TIMBER_OWNER_NM": null, "TIMBER_EXP_DT": null, "ORIGINAL_PATENT_DT": null, "COUNTY_JURISDICT_DESG_CD": 17, "COUNTY_NM": "King", "COUNTY_PARCEL_NO": null, "REGION_JURISDICT_DESG_CD": 900, "REGION_NM": "South Puget Sound Region", "HCP_JURISDICT_DESG_CD": null, "HCP_DESG_CD": 1, "HCP_DESG_DT": 854611200000, "HCP_WITHDRAWAL_DT": null, "PARCEL_DESC_TXT": null, "EDIT_DATE": 1309330800000, "EDIT_STATUS": 1, "EDIT_WHO": "jdug490", "EASEMENT_TYPE_CD": null, "EASEMENT_TYPE_NM": null, "PARCEL_ACQUIRE_AUTH_NO": null, "PARCEL_DISPOSAL_AUTH_NO": null, "SHAPE.AREA": 431045.7717055, "SHAPE.LEN": 3324.80387180176, "GLOBALID": "{DAF4A660-AED8-4D5F-B1B3-9F01BDC7FA05}"}}, {"type": "Feature", "id": 3253889, "geometry": {"type": "Polygon", "coordinates": [[[-121.9006, 47.52183], [-121.90331, 47.52189], [-121.90327, 47.51821], [-121.90325, 47.5162], [-121.90187, 47.51623], [-121.90179, 47.5147], [-121.89842, 47.51474], [-121.89522, 47.51469], [-121.89535, 47.51638], [-121.89406, 47.51643], [-121.89395, 47.51818], [-121.89272, 47.51821], [-121.89266, 47.52002], [-121.89529, 47.52002], [-121.89531, 47.52179], [-121.9006, 47.52183]]]}, "properties": {"OBJECTID": 3253889, "PARCEL_SYST_ID": 462, "PARCEL_TYPE_CD": 1, "PARCEL_LABEL_NM": null, "PARCEL_NM": null, "REVERSION_RIGHTS_FLG": "N", "OWN_RIGHT_DISPUTE_FLG": "N", "SURFACE_RIGHTS_FLG": "Y", "MINERAL_RIGHTS_FLG": "Y", "TIMBER_RIGHTS_FLG": "Y", "SURFACE_TRUST_CD": 6, "SURFACE_TRUST_NM": "Charitable/Educational/Penal & Reformatory Instit.", "MINERAL_TRUST_CD": 3, "MINERAL_TRUST_NM": "Common School and Indemnity", "TIMBER_TRUST_CD": 6, "TIMBER_TRUST_NM": "Charitable/Educational/Penal & Reformatory Instit.", "OWNER_AGENT_SYST_ID": 58706, "STEWARD_AGENT_SYST_ID": 63986, "MANAGER_AGENT_SYST_ID": 63986, "TIMBER_OWNER_NM": null, "TIMBER_EXP_DT": null, "ORIGINAL_PATENT_DT": null, "COUNTY_JURISDICT_DESG_CD": 17, "COUNTY_NM": "King", "COUNTY_PARCEL_NO": null, "REGION_JURISDICT_DESG_CD": 900, "REGION_NM": "South Puget Sound Region", "HCP_JURISDICT_DESG_CD": null, "HCP_DESG_CD": 1, "HCP_DESG_DT": 854611200000, "HCP_WITHDRAWAL_DT": null, "PARCEL_DESC_TXT": null, "EDIT_DATE": 1309330800000, "EDIT_STATUS": 1, "EDIT_WHO": "jdug490", "EASEMENT_TYPE_CD": null, "EASEMENT_TYPE_NM": null, "PARCEL_ACQUIRE_AUTH_NO": null, "PARCEL_DISPOSAL_AUTH_NO": null, "SHAPE.AREA": 5561349.279195, "SHAPE.LEN": 10413.53262408, "GLOBALID": "{2A6E0AAF-EECA-429E-B584-ACF45DCEF910}"}}, {"type": "Feature", "id": 3255195, "geometry": {"type": "Polygon", "coordinates": [[[-122.06335, 47.55101], [-122.06511, 47.55184], [-122.06721, 47.5518], [-122.0672, 47.55133], [-122.06441, 47.55026], [-122.06332, 47.54995], [-122.06335, 47.55101]]]}, "properties": {"OBJECTID": 3255195, "PARCEL_SYST_ID": 9195, "PARCEL_TYPE_CD": 1, "PARCEL_LABEL_NM": null, "PARCEL_NM": null, "REVERSION_RIGHTS_FLG": "N", "OWN_RIGHT_DISPUTE_FLG": "N", "SURFACE_RIGHTS_FLG": "Y", "MINERAL_RIGHTS_FLG": "Y", "TIMBER_RIGHTS_FLG": "Y", "SURFACE_TRUST_CD": 3, "SURFACE_TRUST_NM": "Common School and Indemnity", "MINERAL_TRUST_CD": 3, "MINERAL_TRUST_NM": "Common School and Indemnity", "TIMBER_TRUST_CD": 3, "TIMBER_TRUST_NM": "Common School and Indemnity", "OWNER_AGENT_SYST_ID": 58706, "STEWARD_AGENT_SYST_ID": 63986, "MANAGER_AGENT_SYST_ID": 63986, "TIMBER_OWNER_NM": null, "TIMBER_EXP_DT": null, "ORIGINAL_PATENT_DT": null, "COUNTY_JURISDICT_DESG_CD": 17, "COUNTY_NM": "King", "COUNTY_PARCEL_NO": null, "REGION_JURISDICT_DESG_CD": 900, "REGION_NM": "South Puget Sound Region", "HCP_JURISDICT_DESG_CD": null, "HCP_DESG_CD": 1, "HCP_DESG_DT": 854611200000, "HCP_WITHDRAWAL_DT": null, "PARCEL_DESC_TXT": null, "EDIT_DATE": 1540425680000, "EDIT_STATUS": 1, "EDIT_WHO": "TSTE490", "EASEMENT_TYPE_CD": null, "EASEMENT_TYPE_NM": null, "PARCEL_ACQUIRE_AUTH_NO": null, "PARCEL_DISPOSAL_AUTH_NO": null, "SHAPE.AREA": 360489.5817445, "SHAPE.LEN": 2690.67540761182, "GLOBALID": "{324F501B-A080-45B5-B7A1-60361B1484DC}"}}, {"type": "Feature", "id": 3255292, "geometry": {"type": "Polygon", "coordinates": [[[-121.89481, 47.7478], [-121.9021, 47.74785], [-121.90213, 47.74691], [-121.90215, 47.74647], [-121.90014, 47.74645], [-121.90014, 47.7464], [-121.89983, 47.7464], [-121.89991, 47.74416], [-121.89496, 47.74407], [-121.89481, 47.7478]]]}, "properties": {"OBJECTID": 3255292, "PARCEL_SYST_ID": 15359, "PARCEL_TYPE_CD": 1, "PARCEL_LABEL_NM": null, "PARCEL_NM": null, "REVERSION_RIGHTS_FLG": "N", "OWN_RIGHT_DISPUTE_FLG": "N", "SURFACE_RIGHTS_FLG": "Y", "MINERAL_RIGHTS_FLG": "Y", "TIMBER_RIGHTS_FLG": "Y", "SURFACE_TRUST_CD": 3, "SURFACE_TRUST_NM": "Common School and Indemnity", "MINERAL_TRUST_CD": 3, "MINERAL_TRUST_NM": "Common School and Indemnity", "TIMBER_TRUST_CD": 3, "TIMBER_TRUST_NM": "Common School and Indemnity", "OWNER_AGENT_SYST_ID": 58706, "STEWARD_AGENT_SYST_ID": 63986, "MANAGER_AGENT_SYST_ID": 63986, "TIMBER_OWNER_NM": null, "TIMBER_EXP_DT": null, "ORIGINAL_PATENT_DT": null, "COUNTY_JURISDICT_DESG_CD": 17, "COUNTY_NM": "King", "COUNTY_PARCEL_NO": null, "REGION_JURISDICT_DESG_CD": 900, "REGION_NM": "South Puget Sound Region", "HCP_JURISDICT_DESG_CD": null, "HCP_DESG_CD": 1, "HCP_DESG_DT": 951811200000, "HCP_WITHDRAWAL_DT": null, "PARCEL_DESC_TXT": null, "EDIT_DATE": 1756501482000, "EDIT_STATUS": 1, "EDIT_WHO": "TSTE490", "EASEMENT_TYPE_CD": null, "EASEMENT_TYPE_NM": null, "PARCEL_ACQUIRE_AUTH_NO": "08-071707", "PARCEL_DISPOSAL_AUTH_NO": null, "SHAPE.AREA": 1937303.102267, "SHAPE.LEN": 6280.355131700141, "GLOBALID": "{218309F7-D682-41E4-A1E7-DBBB2434CE85}"}}, {"type": "Feature", "id": 3256447, "geometry": {"type": "Polygon", "coordinates": [[[-121.93519, 47.51486], [-121.93826, 47.51491], [-121.93822, 47.51485], [-121.93758, 47.51389], [-121.93717, 47.5131], [-121.93727, 47.51242], [-121.9375, 47.51145], [-121.9378, 47.51102], [-121.93799, 47.51011], [-121.93788, 47.50944], [-121.93808, 47.50898], [-121.93771, 47.50896], [-121.93727, 47.50909], [-121.93641, 47.51025], [-121.93368, 47.51231], [-121.93305, 47.51315], [-121.93218, 47.51481], [-121.93519, 47.51486]]]}, "properties": {"OBJECTID": 3256447, "PARCEL_SYST_ID": 121309, "PARCEL_TYPE_CD": 1, "PARCEL_LABEL_NM": null, "PARCEL_NM": null, "REVERSION_RIGHTS_FLG": "N", "OWN_RIGHT_DISPUTE_FLG": "N", "SURFACE_RIGHTS_FLG": "Y", "MINERAL_RIGHTS_FLG": "N", "TIMBER_RIGHTS_FLG": "Y", "SURFACE_TRUST_CD": 75, "SURFACE_TRUST_NM": "Natural Resources Conservation Area", "MINERAL_TRUST_CD": 0, "MINERAL_TRUST_NM": "Trust Status Not Applicable Or Unknown", "TIMBER_TRUST_CD": 75, "TIMBER_TRUST_NM": "Natural Resources Conservation Area", "OWNER_AGENT_SYST_ID": 58706, "STEWARD_AGENT_SYST_ID": 63986, "MANAGER_AGENT_SYST_ID": 63986, "TIMBER_OWNER_NM": null, "TIMBER_EXP_DT": null, "ORIGINAL_PATENT_DT": null, "COUNTY_JURISDICT_DESG_CD": 17, "COUNTY_NM": "King", "COUNTY_PARCEL_NO": null, "REGION_JURISDICT_DESG_CD": 900, "REGION_NM": "South Puget Sound Region", "HCP_JURISDICT_DESG_CD": null, "HCP_DESG_CD": 1, "HCP_DESG_DT": 854611200000, "HCP_WITHDRAWAL_DT": null, "PARCEL_DESC_TXT": null, "EDIT_DATE": 1752103707000, "EDIT_STATUS": 1, "EDIT_WHO": "TSTE490", "EASEMENT_TYPE_CD": null, "EASEMENT_TYPE_NM": null, "PARCEL_ACQUIRE_AUTH_NO": "TLT 02104169", "PARCEL_DISPOSAL_AUTH_NO": null, "SHAPE.AREA": 1677356.94813, "SHAPE.LEN": 6433.62145126797, "GLOBALID": "{F780C072-7B0A-4E3E-A0EE-C6A193A05A0C}"}}, {"type": "Feature", "id": 3257512, "geometry": {"type": "Polygon", "coordinates": [[[-121.92955, 47.50037], [-121.95085, 47.50066], [-121.95085, 47.49341], [-121.94022, 47.49331], [-121.94024, 47.48605], [-121.9297, 47.48594], [-121.92965, 47.49135], [-121.92955, 47.50037]]]}, "properties": {"OBJECTID": 3257512, "PARCEL_SYST_ID": 424, "PARCEL_TYPE_CD": 1, "PARCEL_LABEL_NM": null, "PARCEL_NM": null, "REVERSION_RIGHTS_FLG": "N", "OWN_RIGHT_DISPUTE_FLG": "N", "SURFACE_RIGHTS_FLG": "Y", "MINERAL_RIGHTS_FLG": "Y", "TIMBER_RIGHTS_FLG": "Y", "SURFACE_TRUST_CD": 1, "SURFACE_TRUST_NM": "State Forest Transfer", "MINERAL_TRUST_CD": 1, "MINERAL_TRUST_NM": "State Forest Transfer", "TIMBER_TRUST_CD": 1, "TIMBER_TRUST_NM": "State Forest Transfer", "OWNER_AGENT_SYST_ID": 58706, "STEWARD_AGENT_SYST_ID": 63986, "MANAGER_AGENT_SYST_ID": 63986, "TIMBER_OWNER_NM": null, "TIMBER_EXP_DT": null, "ORIGINAL_PATENT_DT": null, "COUNTY_JURISDICT_DESG_CD": 17, "COUNTY_NM": "King", "COUNTY_PARCEL_NO": null, "REGION_JURISDICT_DESG_CD": 900, "REGION_NM": "South Puget Sound Region", "HCP_JURISDICT_DESG_CD": null, "HCP_DESG_CD": 1, "HCP_DESG_DT": 854611200000, "HCP_WITHDRAWAL_DT": null, "PARCEL_DESC_TXT": null, "EDIT_DATE": 1309330800000, "EDIT_STATUS": 1, "EDIT_WHO": "jdug490", "EASEMENT_TYPE_CD": null, "EASEMENT_TYPE_NM": null, "PARCEL_ACQUIRE_AUTH_NO": null, "PARCEL_DISPOSAL_AUTH_NO": null, "SHAPE.AREA": 20741329.03826, "SHAPE.LEN": 21057.7061361179, "GLOBALID": "{7AD36F04-A5A6-424A-A6E7-1B3FBB5E9167}"}}, {"type": "Feature", "id": 3257562, "geometry": {"type": "Polygon", "coordinates": [[[-122.03795, 47.54891], [-122.03797, 47.54892], [-122.03799, 47.54894], [-122.03801, 47.54896], [-122.03802, 47.54897], [-122.03804, 47.54899], [-122.03806, 47.549], [-122.03807, 47.54902], [-122.03809, 47.54904], [-122.03811, 47.54907], [-122.03843, 47.54945], [-122.03844, 47.54946], [-122.03845, 47.54948], [-122.03847, 47.54949], [-122.03848, 47.54951], [-122.0385, 47.54952], [-122.03851, 47.54953], [-122.03852, 47.54955], [-122.03854, 47.54956], [-122.03855, 47.54957], [-122.03857, 47.54959], [-122.03859, 47.5496], [-122.0386, 47.54961], [-122.03862, 47.54963], [-122.03864, 47.54964], [-122.03865, 47.54965], [-122.03867, 47.54966], [-122.03869, 47.54967], [-122.03871, 47.54969], [-122.03872, 47.5497], [-122.03874, 47.54971], [-122.03876, 47.54972], [-122.03878, 47.54973], [-122.0388, 47.54974], [-122.03882, 47.54975], [-122.03884, 47.54976], [-122.03886, 47.54977], [-122.03888, 47.54978], [-122.0389, 47.54979], [-122.03892, 47.5498], [-122.03895, 47.54981], [-122.03897, 47.54981], [-122.03899, 47.54982], [-122.03901, 47.54983], [-122.03903, 47.54984], [-122.03906, 47.54985], [-122.03908, 47.54985], [-122.0391, 47.54986], [-122.03912, 47.54987], [-122.03915, 47.54987], [-122.03917, 47.54988], [-122.03919, 47.54988], [-122.03922, 47.54989], [-122.03924, 47.5499], [-122.03926, 47.5499], [-122.03929, 47.54991], [-122.03931, 47.54991], [-122.03934, 47.54991], [-122.03936, 47.54992], [-122.03938, 47.54992], [-122.03941, 47.54992], [-122.03943, 47.54993], [-122.03946, 47.54993], [-122.03948, 47.54993], [-122.03951, 47.54993], [-122.03953, 47.54994], [-122.03956, 47.54994], [-122.03958, 47.54994], [-122.03961, 47.54994], [-122.03963, 47.54994], [-122.03966, 47.54994], [-122.04051, 47.54995], [-122.04054, 47.54932], [-122.04026, 47.54908], [-122.04112, 47.54861], [-122.03971, 47.54744], [-122.03913, 47.54775], [-122.03875, 47.54744], [-122.03874, 47.54745], [-122.03872, 47.54746], [-122.03871, 47.54746], [-122.03869, 47.54747], [-122.03867, 47.54749], [-122.03754, 47.54811], [-122.03752, 47.54812], [-122.0375, 47.54813], [-122.03748, 47.54814], [-122.03746, 47.54816], [-122.03744, 47.54817], [-122.03742, 47.54818], [-122.0374, 47.54819], [-122.03739, 47.54821], [-122.03737, 47.54822], [-122.03735, 47.54823], [-122.03733, 47.54825], [-122.03732, 47.54826], [-122.03722, 47.54834], [-122.03725, 47.54835], [-122.03727, 47.54836], [-122.03729, 47.54838], [-122.03731, 47.54839], [-122.03733, 47.5484], [-122.03735, 47.54842], [-122.03737, 47.54843], [-122.03739, 47.54845], [-122.03741, 47.54846], [-122.03743, 47.54847], [-122.03745, 47.54849], [-122.03747, 47.5485], [-122.03795, 47.54891]]]}, "properties": {"OBJECTID": 3257562, "PARCEL_SYST_ID": 15451, "PARCEL_TYPE_CD": 1, "PARCEL_LABEL_NM": null, "PARCEL_NM": null, "REVERSION_RIGHTS_FLG": "N", "OWN_RIGHT_DISPUTE_FLG": "N", "SURFACE_RIGHTS_FLG": "Y", "MINERAL_RIGHTS_FLG": "Y", "TIMBER_RIGHTS_FLG": "Y", "SURFACE_TRUST_CD": 3, "SURFACE_TRUST_NM": "Common School and Indemnity", "MINERAL_TRUST_CD": 3, "MINERAL_TRUST_NM": "Common School and Indemnity", "TIMBER_TRUST_CD": 3, "TIMBER_TRUST_NM": "Common School and Indemnity", "OWNER_AGENT_SYST_ID": 58706, "STEWARD_AGENT_SYST_ID": 63986, "MANAGER_AGENT_SYST_ID": 63986, "TIMBER_OWNER_NM": null, "TIMBER_EXP_DT": null, "ORIGINAL_PATENT_DT": null, "COUNTY_JURISDICT_DESG_CD": 17, "COUNTY_NM": "King", "COUNTY_PARCEL_NO": null, "REGION_JURISDICT_DESG_CD": 900, "REGION_NM": "South Puget Sound Region", "HCP_JURISDICT_DESG_CD": null, "HCP_DESG_CD": 1, "HCP_DESG_DT": 988959600000, "HCP_WITHDRAWAL_DT": null, "PARCEL_DESC_TXT": null, "EDIT_DATE": 1309330800000, "EDIT_STATUS": 1, "EDIT_WHO": "jdug490", "EASEMENT_TYPE_CD": null, "EASEMENT_TYPE_NM": null, "PARCEL_ACQUIRE_AUTH_NO": "86-071666", "PARCEL_DISPOSAL_AUTH_NO": null, "SHAPE.AREA": 527615.062355, "SHAPE.LEN": 3082.62761827283, "GLOBALID": "{C6E2F674-BDEC-4DA5-B43C-E03728688BA2}"}}, {"type": "Feature", "id": 3258939, "geometry": {"type": "Polygon", "coordinates": [[[-122.00506, 47.5154], [-122.01026, 47.51542], [-122.01009, 47.51253], [-122.00482, 47.51241], [-122.00506, 47.5154]]]}, "properties": {"OBJECTID": 3258939, "PARCEL_SYST_ID": 14754, "PARCEL_TYPE_CD": 1, "PARCEL_LABEL_NM": null, "PARCEL_NM": null, "REVERSION_RIGHTS_FLG": "N", "OWN_RIGHT_DISPUTE_FLG": "N", "SURFACE_RIGHTS_FLG": "Y", "MINERAL_RIGHTS_FLG": "Y", "TIMBER_RIGHTS_FLG": "Y", "SURFACE_TRUST_CD": 75, "SURFACE_TRUST_NM": "Natural Resources Conservation Area", "MINERAL_TRUST_CD": 1, "MINERAL_TRUST_NM": "State Forest Transfer", "TIMBER_TRUST_CD": 75, "TIMBER_TRUST_NM": "Natural Resources Conservation Area", "OWNER_AGENT_SYST_ID": 58706, "STEWARD_AGENT_SYST_ID": 63986, "MANAGER_AGENT_SYST_ID": 63986, "TIMBER_OWNER_NM": null, "TIMBER_EXP_DT": null, "ORIGINAL_PATENT_DT": null, "COUNTY_JURISDICT_DESG_CD": 17, "COUNTY_NM": "King", "COUNTY_PARCEL_NO": null, "REGION_JURISDICT_DESG_CD": 900, "REGION_NM": "South Puget Sound Region", "HCP_JURISDICT_DESG_CD": null, "HCP_DESG_CD": 1, "HCP_DESG_DT": 854611200000, "HCP_WITHDRAWAL_DT": null, "PARCEL_DESC_TXT": null, "EDIT_DATE": 1309330800000, "EDIT_STATUS": 1, "EDIT_WHO": "jdug490", "EASEMENT_TYPE_CD": null, "EASEMENT_TYPE_NM": null, "PARCEL_ACQUIRE_AUTH_NO": null, "PARCEL_DISPOSAL_AUTH_NO": null, "SHAPE.AREA": 1385438.789475, "SHAPE.LEN": 4734.46509138995, "GLOBALID": "{DF026724-C519-40B5-8BF6-A3330BAE7837}"}}, {"type": "Feature", "id": 3259634, "geometry": {"type": "Polygon", "coordinates": [[[-121.79782, 47.47065], [-121.80158, 47.4707], [-121.80164, 47.46714], [-121.80163, 47.46339], [-121.80161, 47.45611], [-121.7965, 47.45612], [-121.79124, 47.45613], [-121.79089, 47.46781], [-121.7957, 47.46923], [-121.79742, 47.47065], [-121.79782, 47.47065]]]}, "properties": {"OBJECTID": 3259634, "PARCEL_SYST_ID": 14217, "PARCEL_TYPE_CD": 1, "PARCEL_LABEL_NM": null, "PARCEL_NM": null, "REVERSION_RIGHTS_FLG": "N", "OWN_RIGHT_DISPUTE_FLG": "N", "SURFACE_RIGHTS_FLG": "Y", "MINERAL_RIGHTS_FLG": "N", "TIMBER_RIGHTS_FLG": "Y", "SURFACE_TRUST_CD": 75, "SURFACE_TRUST_NM": "Natural Resources Conservation Area", "MINERAL_TRUST_CD": 0, "MINERAL_TRUST_NM": "Trust Status Not Applicable Or Unknown", "TIMBER_TRUST_CD": 75, "TIMBER_TRUST_NM": "Natural Resources Conservation Area", "OWNER_AGENT_SYST_ID": 58706, "STEWARD_AGENT_SYST_ID": 63986, "MANAGER_AGENT_SYST_ID": 63986, "TIMBER_OWNER_NM": null, "TIMBER_EXP_DT": null, "ORIGINAL_PATENT_DT": null, "COUNTY_JURISDICT_DESG_CD": 17, "COUNTY_NM": "King", "COUNTY_PARCEL_NO": null, "REGION_JURISDICT_DESG_CD": 900, "REGION_NM": "South Puget Sound Region", "HCP_JURISDICT_DESG_CD": null, "HCP_DESG_CD": 1, "HCP_DESG_DT": 854611200000, "HCP_WITHDRAWAL_DT": null, "PARCEL_DESC_TXT": null, "EDIT_DATE": 1309330800000, "EDIT_STATUS": 1, "EDIT_WHO": "jdug490", "EASEMENT_TYPE_CD": null, "EASEMENT_TYPE_NM": null, "PARCEL_ACQUIRE_AUTH_NO": "08-073814", "PARCEL_DISPOSAL_AUTH_NO": null, "SHAPE.AREA": 12860094.514025, "SHAPE.LEN": 15148.6852704247, "GLOBALID": "{B2724E49-1ED5-4CF6-B145-1A93D56A5E26}"}}, {"type": "Feature", "id": 3260559, "geometry": {"type": "Polygon", "coordinates": [[[-121.61888, 47.55524], [-121.61913, 47.54123], [-121.60367, 47.54105], [-121.60355, 47.5446], [-121.59837, 47.54456], [-121.59796, 47.55526], [-121.61888, 47.55524]]]}, "properties": {"OBJECTID": 3260559, "PARCEL_SYST_ID": 120796, "PARCEL_TYPE_CD": 1, "PARCEL_LABEL_NM": null, "PARCEL_NM": null, "REVERSION_RIGHTS_FLG": "N", "OWN_RIGHT_DISPUTE_FLG": "N", "SURFACE_RIGHTS_FLG": "Y", "MINERAL_RIGHTS_FLG": "Y", "TIMBER_RIGHTS_FLG": "Y", "SURFACE_TRUST_CD": 75, "SURFACE_TRUST_NM": "Natural Resources Conservation Area", "MINERAL_TRUST_CD": 75, "MINERAL_TRUST_NM": "Natural Resources Conservation Area", "TIMBER_TRUST_CD": 75, "TIMBER_TRUST_NM": "Natural Resources Conservation Area", "OWNER_AGENT_SYST_ID": 58706, "STEWARD_AGENT_SYST_ID": 63986, "MANAGER_AGENT_SYST_ID": 63986, "TIMBER_OWNER_NM": null, "TIMBER_EXP_DT": null, "ORIGINAL_PATENT_DT": null, "COUNTY_JURISDICT_DESG_CD": 17, "COUNTY_NM": "King", "COUNTY_PARCEL_NO": null, "REGION_JURISDICT_DESG_CD": 900, "REGION_NM": "South Puget Sound Region", "HCP_JURISDICT_DESG_CD": null, "HCP_DESG_CD": 1, "HCP_DESG_DT": 1682406000000, "HCP_WITHDRAWAL_DT": null, "PARCEL_DESC_TXT": null, "EDIT_DATE": 1682552537000, "EDIT_STATUS": 1, "EDIT_WHO": "TSTE490", "EASEMENT_TYPE_CD": null, "EASEMENT_TYPE_NM": null, "PARCEL_ACQUIRE_AUTH_NO": "08-102141", "PARCEL_DISPOSAL_AUTH_NO": null, "SHAPE.AREA": 24807349.8413335, "SHAPE.LEN": 20577.228770575202, "GLOBALID": "{312A7CC7-C3CE-43BD-80EF-F4FD08444AA1}"}}, {"type": "Feature", "id": 3261349, "geometry": {"type": "Polygon", "coordinates": [[[-122.01537, 47.51728], [-122.01808, 47.51729], [-122.02066, 47.5173], [-122.02078, 47.5173], [-122.02082, 47.51638], [-122.0207, 47.51638], [-122.01811, 47.51637], [-122.01815, 47.51546], [-122.01545, 47.51545], [-122.01537, 47.51728]]]}, "properties": {"OBJECTID": 3261349, "PARCEL_SYST_ID": 111546, "PARCEL_TYPE_CD": 1, "PARCEL_LABEL_NM": null, "PARCEL_NM": null, "REVERSION_RIGHTS_FLG": "N", "OWN_RIGHT_DISPUTE_FLG": "N", "SURFACE_RIGHTS_FLG": "Y", "MINERAL_RIGHTS_FLG": "N", "TIMBER_RIGHTS_FLG": "Y", "SURFACE_TRUST_CD": 75, "SURFACE_TRUST_NM": "Natural Resources Conservation Area", "MINERAL_TRUST_CD": 0, "MINERAL_TRUST_NM": "Trust Status Not Applicable Or Unknown", "TIMBER_TRUST_CD": 75, "TIMBER_TRUST_NM": "Natural Resources Conservation Area", "OWNER_AGENT_SYST_ID": 58706, "STEWARD_AGENT_SYST_ID": 63986, "MANAGER_AGENT_SYST_ID": 63986, "TIMBER_OWNER_NM": null, "TIMBER_EXP_DT": null, "ORIGINAL_PATENT_DT": null, "COUNTY_JURISDICT_DESG_CD": 17, "COUNTY_NM": "King", "COUNTY_PARCEL_NO": null, "REGION_JURISDICT_DESG_CD": 900, "REGION_NM": "South Puget Sound Region", "HCP_JURISDICT_DESG_CD": null, "HCP_DESG_CD": 1, "HCP_DESG_DT": 1122361200000, "HCP_WITHDRAWAL_DT": null, "PARCEL_DESC_TXT": null, "EDIT_DATE": 1309330800000, "EDIT_STATUS": 0, "EDIT_WHO": "jdug490", "EASEMENT_TYPE_CD": null, "EASEMENT_TYPE_NM": null, "PARCEL_ACQUIRE_AUTH_NO": "08-077688", "PARCEL_DISPOSAL_AUTH_NO": null, "SHAPE.AREA": 668461.623158, "SHAPE.LEN": 4006.6146641510704, "GLOBALID": "{7F030068-3ED2-4444-9599-DFB9D172B83A}"}}, {"type": "Feature", "id": 3261733, "geometry": {"type": "Polygon", "coordinates": [[[-121.86569, 47.48927], [-121.8696, 47.48924], [-121.86962, 47.48888], [-121.8817, 47.489], [-121.88173, 47.48574], [-121.87641, 47.48574], [-121.87309, 47.48572], [-121.87105, 47.4857], [-121.86702, 47.48567], [-121.86656, 47.48567], [-121.86568, 47.48566], [-121.86569, 47.48927]]]}, "properties": {"OBJECTID": 3261733, "PARCEL_SYST_ID": 113208, "PARCEL_TYPE_CD": 1, "PARCEL_LABEL_NM": null, "PARCEL_NM": null, "REVERSION_RIGHTS_FLG": "N", "OWN_RIGHT_DISPUTE_FLG": "N", "SURFACE_RIGHTS_FLG": "Y", "MINERAL_RIGHTS_FLG": "N", "TIMBER_RIGHTS_FLG": "Y", "SURFACE_TRUST_CD": 77, "SURFACE_TRUST_NM": "Water Pollution Control Division Trust Land", "MINERAL_TRUST_CD": 0, "MINERAL_TRUST_NM": "Trust Status Not Applicable Or Unknown", "TIMBER_TRUST_CD": 77, "TIMBER_TRUST_NM": "Water Pollution Control Division Trust Land", "OWNER_AGENT_SYST_ID": 58706, "STEWARD_AGENT_SYST_ID": 63986, "MANAGER_AGENT_SYST_ID": 63986, "TIMBER_OWNER_NM": null, "TIMBER_EXP_DT": null, "ORIGINAL_PATENT_DT": null, "COUNTY_JURISDICT_DESG_CD": 17, "COUNTY_NM": "King", "COUNTY_PARCEL_NO": null, "REGION_JURISDICT_DESG_CD": 900, "REGION_NM": "South Puget Sound Region", "HCP_JURISDICT_DESG_CD": null, "HCP_DESG_CD": 1, "HCP_DESG_DT": 1240470000000, "HCP_WITHDRAWAL_DT": null, "PARCEL_DESC_TXT": "parcel H", "EDIT_DATE": 1446663047000, "EDIT_STATUS": 0, "EDIT_WHO": "JDUG490", "EASEMENT_TYPE_CD": null, "EASEMENT_TYPE_NM": null, "PARCEL_ACQUIRE_AUTH_NO": "08-081715", "PARCEL_DISPOSAL_AUTH_NO": null, "SHAPE.AREA": 4768667.383852, "SHAPE.LEN": 10557.0171386648, "GLOBALID": "{E0F611A4-53A2-4C29-81BF-DC392C8DF595}"}}, {"type": "Feature", "id": 3261749, "geometry": {"type": "Polygon", "coordinates": [[[-121.97655, 47.43649], [-121.97813, 47.43754], [-121.97814, 47.43728], [-121.97815, 47.4365], [-121.97697, 47.43649], [-121.97655, 47.43649]]]}, "properties": {"OBJECTID": 3261749, "PARCEL_SYST_ID": 112400, "PARCEL_TYPE_CD": 1, "PARCEL_LABEL_NM": null, "PARCEL_NM": null, "REVERSION_RIGHTS_FLG": "N", "OWN_RIGHT_DISPUTE_FLG": "N", "SURFACE_RIGHTS_FLG": "Y", "MINERAL_RIGHTS_FLG": "Y", "TIMBER_RIGHTS_FLG": "Y", "SURFACE_TRUST_CD": 1, "SURFACE_TRUST_NM": "State Forest Transfer", "MINERAL_TRUST_CD": 3, "MINERAL_TRUST_NM": "Common School and Indemnity", "TIMBER_TRUST_CD": 1, "TIMBER_TRUST_NM": "State Forest Transfer", "OWNER_AGENT_SYST_ID": 58706, "STEWARD_AGENT_SYST_ID": 63986, "MANAGER_AGENT_SYST_ID": 63986, "TIMBER_OWNER_NM": null, "TIMBER_EXP_DT": null, "ORIGINAL_PATENT_DT": null, "COUNTY_JURISDICT_DESG_CD": 17, "COUNTY_NM": "King", "COUNTY_PARCEL_NO": null, "REGION_JURISDICT_DESG_CD": 900, "REGION_NM": "South Puget Sound Region", "HCP_JURISDICT_DESG_CD": null, "HCP_DESG_CD": 1, "HCP_DESG_DT": 854611200000, "HCP_WITHDRAWAL_DT": null, "PARCEL_DESC_TXT": null, "EDIT_DATE": 1309330800000, "EDIT_STATUS": 0, "EDIT_WHO": "jdug490", "EASEMENT_TYPE_CD": null, "EASEMENT_TYPE_NM": null, "PARCEL_ACQUIRE_AUTH_NO": "US PATENT NO 46-70-0069", "PARCEL_DISPOSAL_AUTH_NO": null, "SHAPE.AREA": 75420.9084985, "SHAPE.LEN": 1326.7466226386703, "GLOBALID": "{22DD2073-8879-4F37-AD06-813400436D5A}"}}, {"type": "Feature", "id": 3261918, "geometry": {"type": "Polygon", "coordinates": [[[-121.93159, 47.54002], [-121.94231, 47.54005], [-121.9423, 47.54367], [-121.94767, 47.54369], [-121.94765, 47.54006], [-121.94763, 47.53643], [-121.94232, 47.53643], [-121.94232, 47.53283], [-121.93699, 47.53281], [-121.93697, 47.53642], [-121.93161, 47.53641], [-121.93159, 47.54002]]]}, "properties": {"OBJECTID": 3261918, "PARCEL_SYST_ID": 456, "PARCEL_TYPE_CD": 1, "PARCEL_LABEL_NM": null, "PARCEL_NM": null, "REVERSION_RIGHTS_FLG": "N", "OWN_RIGHT_DISPUTE_FLG": "N", "SURFACE_RIGHTS_FLG": "Y", "MINERAL_RIGHTS_FLG": "N", "TIMBER_RIGHTS_FLG": "Y", "SURFACE_TRUST_CD": 1, "SURFACE_TRUST_NM": "State Forest Transfer", "MINERAL_TRUST_CD": 0, "MINERAL_TRUST_NM": "Trust Status Not Applicable Or Unknown", "TIMBER_TRUST_CD": 1, "TIMBER_TRUST_NM": "State Forest Transfer", "OWNER_AGENT_SYST_ID": 58706, "STEWARD_AGENT_SYST_ID": 63986, "MANAGER_AGENT_SYST_ID": 63986, "TIMBER_OWNER_NM": null, "TIMBER_EXP_DT": null, "ORIGINAL_PATENT_DT": null, "COUNTY_JURISDICT_DESG_CD": 17, "COUNTY_NM": "King", "COUNTY_PARCEL_NO": null, "REGION_JURISDICT_DESG_CD": 900, "REGION_NM": "South Puget Sound Region", "HCP_JURISDICT_DESG_CD": null, "HCP_DESG_CD": 1, "HCP_DESG_DT": 854611200000, "HCP_WITHDRAWAL_DT": null, "PARCEL_DESC_TXT": null, "EDIT_DATE": 1309330800000, "EDIT_STATUS": 1, "EDIT_WHO": "jdug490", "EASEMENT_TYPE_CD": null, "EASEMENT_TYPE_NM": null, "PARCEL_ACQUIRE_AUTH_NO": null, "PARCEL_DISPOSAL_AUTH_NO": null, "SHAPE.AREA": 8710607.33045, "SHAPE.LEN": 15836.705776132601, "GLOBALID": "{38B1E4F7-5546-4543-8029-36D299D57F22}"}}, {"type": "Feature", "id": 3261919, "geometry": {"type": "Polygon", "coordinates": [[[-121.91129, 47.54009], [-121.91113, 47.54026], [-121.91094, 47.54042], [-121.9107, 47.54066], [-121.91054, 47.54084], [-121.91032, 47.54104], [-121.91023, 47.54113], [-121.91002, 47.54134], [-121.90986, 47.54149], [-121.90957, 47.5417], [-121.90925, 47.5419], [-121.90913, 47.54198], [-121.90888, 47.54213], [-121.90881, 47.54217], [-121.90882, 47.54342], [-121.91943, 47.54336], [-121.93157, 47.54363], [-121.93159, 47.54002], [-121.93161, 47.53641], [-121.93166, 47.53279], [-121.93169, 47.53013], [-121.93158, 47.53013], [-121.92956, 47.53016], [-121.92956, 47.52934], [-121.92956, 47.5292], [-121.92464, 47.52929], [-121.92456, 47.52943], [-121.92447, 47.52956], [-121.92435, 47.5297], [-121.92426, 47.52987], [-121.92414, 47.53006], [-121.92401, 47.53023], [-121.92385, 47.5304], [-121.92369, 47.53054], [-121.92347, 47.53073], [-121.92323, 47.53089], [-121.92306, 47.53103], [-121.92284, 47.5312], [-121.92263, 47.53133], [-121.92238, 47.53152], [-121.92197, 47.5318], [-121.92176, 47.53194], [-121.92157, 47.53208], [-121.92134, 47.53216], [-121.92107, 47.53231], [-121.92092, 47.53238], [-121.92085, 47.53242], [-121.92053, 47.53253], [-121.92025, 47.53267], [-121.91992, 47.53277], [-121.91954, 47.5329], [-121.9192, 47.53299], [-121.9189, 47.53309], [-121.91867, 47.53318], [-121.91834, 47.5333], [-121.91804, 47.53346], [-121.91775, 47.53366], [-121.91753, 47.53382], [-121.91751, 47.5339], [-121.91735, 47.53406], [-121.9172, 47.5343], [-121.91707, 47.53454], [-121.917, 47.53471], [-121.91692, 47.53492], [-121.91687, 47.53517], [-121.91681, 47.53539], [-121.91677, 47.53559], [-121.91674, 47.53578], [-121.91667, 47.53598], [-121.9166, 47.53623], [-121.91653, 47.53643], [-121.91647, 47.53654], [-121.91636, 47.53671], [-121.91628, 47.53686], [-121.91607, 47.53704], [-121.91587, 47.53724], [-121.91567, 47.53743], [-121.91548, 47.5376], [-121.91529, 47.53774], [-121.91511, 47.53785], [-121.91462, 47.53815], [-121.91451, 47.53819], [-121.91443, 47.53822], [-121.91425, 47.53831], [-121.91421, 47.53985], [-121.91152, 47.53985], [-121.91129, 47.54009]]]}, "properties": {"OBJECTID": 3261919, "PARCEL_SYST_ID": 454, "PARCEL_TYPE_CD": 1, "PARCEL_LABEL_NM": null, "PARCEL_NM": null, "REVERSION_RIGHTS_FLG": "N", "OWN_RIGHT_DISPUTE_FLG": "N", "SURFACE_RIGHTS_FLG": "Y", "MINERAL_RIGHTS_FLG": "Y", "TIMBER_RIGHTS_FLG": "Y", "SURFACE_TRUST_CD": 1, "SURFACE_TRUST_NM": "State Forest Transfer", "MINERAL_TRUST_CD": 1, "MINERAL_TRUST_NM": "State Forest Transfer", "TIMBER_TRUST_CD": 1, "TIMBER_TRUST_NM": "State Forest Transfer", "OWNER_AGENT_SYST_ID": 58706, "STEWARD_AGENT_SYST_ID": 63986, "MANAGER_AGENT_SYST_ID": 63986, "TIMBER_OWNER_NM": null, "TIMBER_EXP_DT": null, "ORIGINAL_PATENT_DT": null, "COUNTY_JURISDICT_DESG_CD": 17, "COUNTY_NM": "King", "COUNTY_PARCEL_NO": null, "REGION_JURISDICT_DESG_CD": 900, "REGION_NM": "South Puget Sound Region", "HCP_JURISDICT_DESG_CD": null, "HCP_DESG_CD": 1, "HCP_DESG_DT": 854611200000, "HCP_WITHDRAWAL_DT": null, "PARCEL_DESC_TXT": null, "EDIT_DATE": 1309330800000, "EDIT_STATUS": 1, "EDIT_WHO": "jdug490", "EASEMENT_TYPE_CD": null, "EASEMENT_TYPE_NM": null, "PARCEL_ACQUIRE_AUTH_NO": null, "PARCEL_DISPOSAL_AUTH_NO": null, "SHAPE.AREA": 19508789.11832, "SHAPE.LEN": 19782.9147793013, "GLOBALID": "{3805B093-45B4-45B5-9E22-E4EDBA9AA40A}"}}, {"type": "Feature", "id": 3261952, "geometry": {"type": "Polygon", "coordinates": [[[-121.77882, 47.6003], [-121.78292, 47.60029], [-121.78428, 47.60028], [-121.78493, 47.59505], [-121.78243, 47.59516], [-121.78286, 47.59149], [-121.77983, 47.59145], [-121.77882, 47.6003]]]}, "properties": {"OBJECTID": 3261952, "PARCEL_SYST_ID": 10286, "PARCEL_TYPE_CD": 1, "PARCEL_LABEL_NM": null, "PARCEL_NM": null, "REVERSION_RIGHTS_FLG": "N", "OWN_RIGHT_DISPUTE_FLG": "N", "SURFACE_RIGHTS_FLG": "Y", "MINERAL_RIGHTS_FLG": "N", "TIMBER_RIGHTS_FLG": "Y", "SURFACE_TRUST_CD": 74, "SURFACE_TRUST_NM": "Natural Area Preserve", "MINERAL_TRUST_CD": 0, "MINERAL_TRUST_NM": "Trust Status Not Applicable Or Unknown", "TIMBER_TRUST_CD": 74, "TIMBER_TRUST_NM": "Natural Area Preserve", "OWNER_AGENT_SYST_ID": 58706, "STEWARD_AGENT_SYST_ID": 63986, "MANAGER_AGENT_SYST_ID": 63986, "TIMBER_OWNER_NM": null, "TIMBER_EXP_DT": null, "ORIGINAL_PATENT_DT": null, "COUNTY_JURISDICT_DESG_CD": 17, "COUNTY_NM": "King", "COUNTY_PARCEL_NO": null, "REGION_JURISDICT_DESG_CD": 900, "REGION_NM": "South Puget Sound Region", "HCP_JURISDICT_DESG_CD": null, "HCP_DESG_CD": 1, "HCP_DESG_DT": 854611200000, "HCP_WITHDRAWAL_DT": null, "PARCEL_DESC_TXT": null, "EDIT_DATE": 1495132835000, "EDIT_STATUS": 1, "EDIT_WHO": "JDUG490", "EASEMENT_TYPE_CD": null, "EASEMENT_TYPE_NM": null, "PARCEL_ACQUIRE_AUTH_NO": "08-073926", "PARCEL_DISPOSAL_AUTH_NO": null, "SHAPE.AREA": 3546279.6093, "SHAPE.LEN": 9205.6706485028, "GLOBALID": "{888E3D8A-9EF9-4580-B1DA-5443620F5AD1}"}}, {"type": "Feature", "id": 3262336, "geometry": {"type": "Polygon", "coordinates": [[[-121.67384, 47.49793], [-121.68443, 47.49794], [-121.68444, 47.49071], [-121.67386, 47.49069], [-121.67384, 47.49793]]]}, "properties": {"OBJECTID": 3262336, "PARCEL_SYST_ID": 9441, "PARCEL_TYPE_CD": 1, "PARCEL_LABEL_NM": null, "PARCEL_NM": null, "REVERSION_RIGHTS_FLG": "N", "OWN_RIGHT_DISPUTE_FLG": "N", "SURFACE_RIGHTS_FLG": "Y", "MINERAL_RIGHTS_FLG": "N", "TIMBER_RIGHTS_FLG": "Y", "SURFACE_TRUST_CD": 3, "SURFACE_TRUST_NM": "Common School and Indemnity", "MINERAL_TRUST_CD": 0, "MINERAL_TRUST_NM": "Trust Status Not Applicable Or Unknown", "TIMBER_TRUST_CD": 3, "TIMBER_TRUST_NM": "Common School and Indemnity", "OWNER_AGENT_SYST_ID": 58706, "STEWARD_AGENT_SYST_ID": 63986, "MANAGER_AGENT_SYST_ID": 63986, "TIMBER_OWNER_NM": null, "TIMBER_EXP_DT": null, "ORIGINAL_PATENT_DT": null, "COUNTY_JURISDICT_DESG_CD": 17, "COUNTY_NM": "King", "COUNTY_PARCEL_NO": null, "REGION_JURISDICT_DESG_CD": 900, "REGION_NM": "South Puget Sound Region", "HCP_JURISDICT_DESG_CD": null, "HCP_DESG_CD": 1, "HCP_DESG_DT": 854611200000, "HCP_WITHDRAWAL_DT": null, "PARCEL_DESC_TXT": null, "EDIT_DATE": 1309330800000, "EDIT_STATUS": 1, "EDIT_WHO": "jdug490", "EASEMENT_TYPE_CD": null, "EASEMENT_TYPE_NM": null, "PARCEL_ACQUIRE_AUTH_NO": null, "PARCEL_DISPOSAL_AUTH_NO": null, "SHAPE.AREA": 6901742.0192085, "SHAPE.LEN": 10508.546833096301, "GLOBALID": "{1FCDEE8A-DD23-4FA7-B8EB-35F3F107FDD8}"}}, {"type": "Feature", "id": 3263174, "geometry": {"type": "Polygon", "coordinates": [[[-121.82279, 47.44167], [-121.83343, 47.44178], [-121.84391, 47.44191], [-121.84389, 47.43835], [-121.84386, 47.43478], [-121.84382, 47.43116], [-121.83857, 47.43111], [-121.83868, 47.43472], [-121.83869, 47.43829], [-121.83344, 47.43821], [-121.83346, 47.43464], [-121.82851, 47.4346], [-121.82806, 47.43459], [-121.82808, 47.43816], [-121.8238, 47.43812], [-121.82272, 47.43811], [-121.82279, 47.44167]]]}, "properties": {"OBJECTID": 3263174, "PARCEL_SYST_ID": 113231, "PARCEL_TYPE_CD": 1, "PARCEL_LABEL_NM": null, "PARCEL_NM": null, "REVERSION_RIGHTS_FLG": "N", "OWN_RIGHT_DISPUTE_FLG": "N", "SURFACE_RIGHTS_FLG": "Y", "MINERAL_RIGHTS_FLG": "Y", "TIMBER_RIGHTS_FLG": "Y", "SURFACE_TRUST_CD": 3, "SURFACE_TRUST_NM": "Common School and Indemnity", "MINERAL_TRUST_CD": 3, "MINERAL_TRUST_NM": "Common School and Indemnity", "TIMBER_TRUST_CD": 3, "TIMBER_TRUST_NM": "Common School and Indemnity", "OWNER_AGENT_SYST_ID": 58706, "STEWARD_AGENT_SYST_ID": 63986, "MANAGER_AGENT_SYST_ID": 63986, "TIMBER_OWNER_NM": null, "TIMBER_EXP_DT": null, "ORIGINAL_PATENT_DT": null, "COUNTY_JURISDICT_DESG_CD": 17, "COUNTY_NM": "King", "COUNTY_PARCEL_NO": null, "REGION_JURISDICT_DESG_CD": 900, "REGION_NM": "South Puget Sound Region", "HCP_JURISDICT_DESG_CD": null, "HCP_DESG_CD": 1, "HCP_DESG_DT": 1242716400000, "HCP_WITHDRAWAL_DT": null, "PARCEL_DESC_TXT": "Parcel T", "EDIT_DATE": 1425945989000, "EDIT_STATUS": 0, "EDIT_WHO": "JDUG490", "EASEMENT_TYPE_CD": null, "EASEMENT_TYPE_NM": null, "PARCEL_ACQUIRE_AUTH_NO": "08-084098 08-092174", "PARCEL_DISPOSAL_AUTH_NO": null, "SHAPE.AREA": 11909325.128907, "SHAPE.LEN": 20932.2566575792, "GLOBALID": "{9C692AA5-5EE8-455A-A6E8-929587D23DF1}"}}, {"type": "Feature", "id": 3263175, "geometry": {"type": "Polygon", "coordinates": [[[-121.84391, 47.44191], [-121.84927, 47.44199], [-121.84926, 47.43842], [-121.84389, 47.43835], [-121.84391, 47.44191]]]}, "properties": {"OBJECTID": 3263175, "PARCEL_SYST_ID": 113276, "PARCEL_TYPE_CD": 1, "PARCEL_LABEL_NM": null, "PARCEL_NM": null, "REVERSION_RIGHTS_FLG": "N", "OWN_RIGHT_DISPUTE_FLG": "N", "SURFACE_RIGHTS_FLG": "Y", "MINERAL_RIGHTS_FLG": "Y", "TIMBER_RIGHTS_FLG": "Y", "SURFACE_TRUST_CD": 3, "SURFACE_TRUST_NM": "Common School and Indemnity", "MINERAL_TRUST_CD": 3, "MINERAL_TRUST_NM": "Common School and Indemnity", "TIMBER_TRUST_CD": 3, "TIMBER_TRUST_NM": "Common School and Indemnity", "OWNER_AGENT_SYST_ID": 58706, "STEWARD_AGENT_SYST_ID": 63986, "MANAGER_AGENT_SYST_ID": 63986, "TIMBER_OWNER_NM": null, "TIMBER_EXP_DT": null, "ORIGINAL_PATENT_DT": null, "COUNTY_JURISDICT_DESG_CD": 17, "COUNTY_NM": "King", "COUNTY_PARCEL_NO": null, "REGION_JURISDICT_DESG_CD": 900, "REGION_NM": "South Puget Sound Region", "HCP_JURISDICT_DESG_CD": null, "HCP_DESG_CD": 1, "HCP_DESG_DT": 1242716400000, "HCP_WITHDRAWAL_DT": null, "PARCEL_DESC_TXT": "Parcel K", "EDIT_DATE": 1426099289000, "EDIT_STATUS": 0, "EDIT_WHO": "JDUG490", "EASEMENT_TYPE_CD": null, "EASEMENT_TYPE_NM": null, "PARCEL_ACQUIRE_AUTH_NO": "08-084098 08-092174", "PARCEL_DISPOSAL_AUTH_NO": null, "SHAPE.AREA": 1726311.553448, "SHAPE.LEN": 5256.76385459063, "GLOBALID": "{5389E1EF-F440-4D2A-8F9B-A0CF1BA7D335}"}}, {"type": "Feature", "id": 3263190, "geometry": {"type": "Polygon", "coordinates": [[[-121.80164, 47.47417], [-121.80163, 47.47348], [-121.80158, 47.4707], [-121.79782, 47.47065], [-121.80164, 47.47417]]]}, "properties": {"OBJECTID": 3263190, "PARCEL_SYST_ID": 14218, "PARCEL_TYPE_CD": 1, "PARCEL_LABEL_NM": null, "PARCEL_NM": null, "REVERSION_RIGHTS_FLG": "N", "OWN_RIGHT_DISPUTE_FLG": "N", "SURFACE_RIGHTS_FLG": "Y", "MINERAL_RIGHTS_FLG": "Y", "TIMBER_RIGHTS_FLG": "Y", "SURFACE_TRUST_CD": 75, "SURFACE_TRUST_NM": "Natural Resources Conservation Area", "MINERAL_TRUST_CD": 3, "MINERAL_TRUST_NM": "Common School and Indemnity", "TIMBER_TRUST_CD": 75, "TIMBER_TRUST_NM": "Natural Resources Conservation Area", "OWNER_AGENT_SYST_ID": 58706, "STEWARD_AGENT_SYST_ID": 63986, "MANAGER_AGENT_SYST_ID": 63986, "TIMBER_OWNER_NM": null, "TIMBER_EXP_DT": null, "ORIGINAL_PATENT_DT": null, "COUNTY_JURISDICT_DESG_CD": 17, "COUNTY_NM": "King", "COUNTY_PARCEL_NO": null, "REGION_JURISDICT_DESG_CD": 900, "REGION_NM": "South Puget Sound Region", "HCP_JURISDICT_DESG_CD": null, "HCP_DESG_CD": 1, "HCP_DESG_DT": 854611200000, "HCP_WITHDRAWAL_DT": null, "PARCEL_DESC_TXT": null, "EDIT_DATE": 1752794974000, "EDIT_STATUS": 1, "EDIT_WHO": "TSTE490", "EASEMENT_TYPE_CD": null, "EASEMENT_TYPE_NM": null, "PARCEL_ACQUIRE_AUTH_NO": "08-073814", "PARCEL_DISPOSAL_AUTH_NO": null, "SHAPE.AREA": 587908.47961, "SHAPE.LEN": 3789.34631789287, "GLOBALID": "{26250F2B-1E70-47CA-B94E-49B44B1DC3F2}"}}, {"type": "Feature", "id": 3263624, "geometry": {"type": "Polygon", "coordinates": [[[-121.88173, 47.48574], [-121.88705, 47.48574], [-121.88689, 47.47849], [-121.88712, 47.47125], [-121.88174, 47.47126], [-121.88173, 47.48574]]]}, "properties": {"OBJECTID": 3263624, "PARCEL_SYST_ID": 113202, "PARCEL_TYPE_CD": 1, "PARCEL_LABEL_NM": null, "PARCEL_NM": null, "REVERSION_RIGHTS_FLG": "N", "OWN_RIGHT_DISPUTE_FLG": "N", "SURFACE_RIGHTS_FLG": "Y", "MINERAL_RIGHTS_FLG": "Y", "TIMBER_RIGHTS_FLG": "Y", "SURFACE_TRUST_CD": 77, "SURFACE_TRUST_NM": "Water Pollution Control Division Trust Land", "MINERAL_TRUST_CD": 1, "MINERAL_TRUST_NM": "State Forest Transfer", "TIMBER_TRUST_CD": 77, "TIMBER_TRUST_NM": "Water Pollution Control Division Trust Land", "OWNER_AGENT_SYST_ID": 58706, "STEWARD_AGENT_SYST_ID": 63986, "MANAGER_AGENT_SYST_ID": 63986, "TIMBER_OWNER_NM": null, "TIMBER_EXP_DT": null, "ORIGINAL_PATENT_DT": null, "COUNTY_JURISDICT_DESG_CD": 17, "COUNTY_NM": "King", "COUNTY_PARCEL_NO": null, "REGION_JURISDICT_DESG_CD": 900, "REGION_NM": "South Puget Sound Region", "HCP_JURISDICT_DESG_CD": null, "HCP_DESG_CD": 1, "HCP_DESG_DT": 1240470000000, "HCP_WITHDRAWAL_DT": null, "PARCEL_DESC_TXT": "parcel C", "EDIT_DATE": 1374676258000, "EDIT_STATUS": 0, "EDIT_WHO": "JDUG490", "EASEMENT_TYPE_CD": null, "EASEMENT_TYPE_NM": null, "PARCEL_ACQUIRE_AUTH_NO": "08-081715", "PARCEL_DISPOSAL_AUTH_NO": null, "SHAPE.AREA": 6867357.57597, "SHAPE.LEN": 13215.124223160301, "GLOBALID": "{4615A9AC-63AC-45ED-BE8F-A425476BDC1A}"}}, {"type": "Feature", "id": 3263799, "geometry": {"type": "Polygon", "coordinates": [[[-121.85286, 47.74419], [-121.85803, 47.74418], [-121.85803, 47.74059], [-121.85291, 47.74057], [-121.85286, 47.74419]]]}, "properties": {"OBJECTID": 3263799, "PARCEL_SYST_ID": 15018, "PARCEL_TYPE_CD": 1, "PARCEL_LABEL_NM": null, "PARCEL_NM": null, "REVERSION_RIGHTS_FLG": "N", "OWN_RIGHT_DISPUTE_FLG": "N", "SURFACE_RIGHTS_FLG": "Y", "MINERAL_RIGHTS_FLG": "Y", "TIMBER_RIGHTS_FLG": "Y", "SURFACE_TRUST_CD": 1, "SURFACE_TRUST_NM": "State Forest Transfer", "MINERAL_TRUST_CD": 3, "MINERAL_TRUST_NM": "Common School and Indemnity", "TIMBER_TRUST_CD": 1, "TIMBER_TRUST_NM": "State Forest Transfer", "OWNER_AGENT_SYST_ID": 58706, "STEWARD_AGENT_SYST_ID": 63986, "MANAGER_AGENT_SYST_ID": 63986, "TIMBER_OWNER_NM": null, "TIMBER_EXP_DT": null, "ORIGINAL_PATENT_DT": null, "COUNTY_JURISDICT_DESG_CD": 17, "COUNTY_NM": "King", "COUNTY_PARCEL_NO": null, "REGION_JURISDICT_DESG_CD": 900, "REGION_NM": "South Puget Sound Region", "HCP_JURISDICT_DESG_CD": null, "HCP_DESG_CD": 1, "HCP_DESG_DT": 884332800000, "HCP_WITHDRAWAL_DT": null, "PARCEL_DESC_TXT": "File # 86-078671", "EDIT_DATE": 1639701212000, "EDIT_STATUS": 1, "EDIT_WHO": "TSTE490", "EASEMENT_TYPE_CD": null, "EASEMENT_TYPE_NM": null, "PARCEL_ACQUIRE_AUTH_NO": "08-000109", "PARCEL_DISPOSAL_AUTH_NO": null, "SHAPE.AREA": 1663998.956685, "SHAPE.LEN": 5160.85628196998, "GLOBALID": "{4C77096B-D970-4F42-A6CE-BB887A281ABD}"}}, {"type": "Feature", "id": 3265250, "geometry": {"type": "Polygon", "coordinates": [[[-122.00482, 47.51241], [-122.01009, 47.51253], [-122.00988, 47.50898], [-122.00957, 47.50532], [-122.00423, 47.50519], [-122.00453, 47.50884], [-122.00482, 47.51241]]]}, "properties": {"OBJECTID": 3265250, "PARCEL_SYST_ID": 2783, "PARCEL_TYPE_CD": 1, "PARCEL_LABEL_NM": null, "PARCEL_NM": null, "REVERSION_RIGHTS_FLG": "N", "OWN_RIGHT_DISPUTE_FLG": "N", "SURFACE_RIGHTS_FLG": "Y", "MINERAL_RIGHTS_FLG": "Y", "TIMBER_RIGHTS_FLG": "Y", "SURFACE_TRUST_CD": 75, "SURFACE_TRUST_NM": "Natural Resources Conservation Area", "MINERAL_TRUST_CD": 75, "MINERAL_TRUST_NM": "Natural Resources Conservation Area", "TIMBER_TRUST_CD": 75, "TIMBER_TRUST_NM": "Natural Resources Conservation Area", "OWNER_AGENT_SYST_ID": 58706, "STEWARD_AGENT_SYST_ID": 63986, "MANAGER_AGENT_SYST_ID": 63986, "TIMBER_OWNER_NM": null, "TIMBER_EXP_DT": null, "ORIGINAL_PATENT_DT": null, "COUNTY_JURISDICT_DESG_CD": 17, "COUNTY_NM": "King", "COUNTY_PARCEL_NO": null, "REGION_JURISDICT_DESG_CD": 900, "REGION_NM": "South Puget Sound Region", "HCP_JURISDICT_DESG_CD": null, "HCP_DESG_CD": 1, "HCP_DESG_DT": 854611200000, "HCP_WITHDRAWAL_DT": null, "PARCEL_DESC_TXT": "WEST TIGER MOUNTAIN NRCA - JOHNSON", "EDIT_DATE": 1487707454000, "EDIT_STATUS": 1, "EDIT_WHO": "JDUG490", "EASEMENT_TYPE_CD": null, "EASEMENT_TYPE_NM": null, "PARCEL_ACQUIRE_AUTH_NO": "D00042", "PARCEL_DISPOSAL_AUTH_NO": null, "SHAPE.AREA": 3457198.206645, "SHAPE.LEN": 7892.8781294460805, "GLOBALID": "{C8DDED4D-8241-42DC-B006-8E94BDEDBB9A}"}}, {"type": "Feature", "id": 3265348, "geometry": {"type": "Polygon", "coordinates": [[[-121.63914, 47.462], [-121.63208, 47.46207], [-121.63197, 47.4691], [-121.63696, 47.4691], [-121.64277, 47.46899], [-121.64279, 47.46335], [-121.64276, 47.46196], [-121.63914, 47.462]]]}, "properties": {"OBJECTID": 3265348, "PARCEL_SYST_ID": 8196, "PARCEL_TYPE_CD": 1, "PARCEL_LABEL_NM": "M Fork Snoqualmie R", "PARCEL_NM": null, "REVERSION_RIGHTS_FLG": "N", "OWN_RIGHT_DISPUTE_FLG": "N", "SURFACE_RIGHTS_FLG": "Y", "MINERAL_RIGHTS_FLG": "N", "TIMBER_RIGHTS_FLG": "Y", "SURFACE_TRUST_CD": 75, "SURFACE_TRUST_NM": "Natural Resources Conservation Area", "MINERAL_TRUST_CD": 0, "MINERAL_TRUST_NM": "Trust Status Not Applicable Or Unknown", "TIMBER_TRUST_CD": 75, "TIMBER_TRUST_NM": "Natural Resources Conservation Area", "OWNER_AGENT_SYST_ID": 58706, "STEWARD_AGENT_SYST_ID": 63986, "MANAGER_AGENT_SYST_ID": 63986, "TIMBER_OWNER_NM": null, "TIMBER_EXP_DT": null, "ORIGINAL_PATENT_DT": null, "COUNTY_JURISDICT_DESG_CD": 17, "COUNTY_NM": "King", "COUNTY_PARCEL_NO": null, "REGION_JURISDICT_DESG_CD": 900, "REGION_NM": "South Puget Sound Region", "HCP_JURISDICT_DESG_CD": null, "HCP_DESG_CD": 1, "HCP_DESG_DT": 854611200000, "HCP_WITHDRAWAL_DT": null, "PARCEL_DESC_TXT": null, "EDIT_DATE": 1489611024000, "EDIT_STATUS": 1, "EDIT_WHO": "JDUG490", "EASEMENT_TYPE_CD": null, "EASEMENT_TYPE_NM": null, "PARCEL_ACQUIRE_AUTH_NO": "02-084778 86-084803", "PARCEL_DISPOSAL_AUTH_NO": null, "SHAPE.AREA": 6847367.20703, "SHAPE.LEN": 10443.9184602971, "GLOBALID": "{3AF77840-94A4-4ED7-80AF-1FB3939A054C}"}}, {"type": "Feature", "id": 3265407, "geometry": {"type": "Polygon", "coordinates": [[[-121.66362, 47.46917], [-121.66927, 47.46918], [-121.66965, 47.46899], [-121.67122, 47.46829], [-121.67273, 47.46783], [-121.67429, 47.4677], [-121.6743, 47.46766], [-121.67431, 47.46738], [-121.6744, 47.46556], [-121.66907, 47.46556], [-121.66375, 47.46556], [-121.66362, 47.46917]]]}, "properties": {"OBJECTID": 3265407, "PARCEL_SYST_ID": 13778, "PARCEL_TYPE_CD": 1, "PARCEL_LABEL_NM": "M Fork Snoqualmie R", "PARCEL_NM": null, "REVERSION_RIGHTS_FLG": "N", "OWN_RIGHT_DISPUTE_FLG": "N", "SURFACE_RIGHTS_FLG": "Y", "MINERAL_RIGHTS_FLG": "Y", "TIMBER_RIGHTS_FLG": "Y", "SURFACE_TRUST_CD": 75, "SURFACE_TRUST_NM": "Natural Resources Conservation Area", "MINERAL_TRUST_CD": 1, "MINERAL_TRUST_NM": "State Forest Transfer", "TIMBER_TRUST_CD": 75, "TIMBER_TRUST_NM": "Natural Resources Conservation Area", "OWNER_AGENT_SYST_ID": 58706, "STEWARD_AGENT_SYST_ID": 63986, "MANAGER_AGENT_SYST_ID": 63986, "TIMBER_OWNER_NM": null, "TIMBER_EXP_DT": null, "ORIGINAL_PATENT_DT": null, "COUNTY_JURISDICT_DESG_CD": 17, "COUNTY_NM": "King", "COUNTY_PARCEL_NO": null, "REGION_JURISDICT_DESG_CD": 900, "REGION_NM": "South Puget Sound Region", "HCP_JURISDICT_DESG_CD": 5, "HCP_DESG_CD": 1, "HCP_DESG_DT": 1298966400000, "HCP_WITHDRAWAL_DT": null, "PARCEL_DESC_TXT": "02-084778 86-084803", "EDIT_DATE": 1489611024000, "EDIT_STATUS": 1, "EDIT_WHO": "JDUG490", "EASEMENT_TYPE_CD": null, "EASEMENT_TYPE_NM": null, "PARCEL_ACQUIRE_AUTH_NO": "02-084778 86-084803", "PARCEL_DISPOSAL_AUTH_NO": null, "SHAPE.AREA": 3037074.2004535, "SHAPE.LEN": 7506.99268371817, "GLOBALID": "{A666E4F9-4045-4009-ADCB-9B922F788B4F}"}}, {"type": "Feature", "id": 3265574, "geometry": {"type": "Polygon", "coordinates": [[[-121.61904, 47.55902], [-121.62994, 47.55904], [-121.63002, 47.56268], [-121.63541, 47.56271], [-121.63535, 47.55546], [-121.61888, 47.55524], [-121.61904, 47.55902]]]}, "properties": {"OBJECTID": 3265574, "PARCEL_SYST_ID": 606, "PARCEL_TYPE_CD": 1, "PARCEL_LABEL_NM": "Mount Si N", "PARCEL_NM": null, "REVERSION_RIGHTS_FLG": "N", "OWN_RIGHT_DISPUTE_FLG": "N", "SURFACE_RIGHTS_FLG": "Y", "MINERAL_RIGHTS_FLG": "Y", "TIMBER_RIGHTS_FLG": "Y", "SURFACE_TRUST_CD": 75, "SURFACE_TRUST_NM": "Natural Resources Conservation Area", "MINERAL_TRUST_CD": 1, "MINERAL_TRUST_NM": "State Forest Transfer", "TIMBER_TRUST_CD": 75, "TIMBER_TRUST_NM": "Natural Resources Conservation Area", "OWNER_AGENT_SYST_ID": 58706, "STEWARD_AGENT_SYST_ID": 63986, "MANAGER_AGENT_SYST_ID": 63986, "TIMBER_OWNER_NM": null, "TIMBER_EXP_DT": null, "ORIGINAL_PATENT_DT": null, "COUNTY_JURISDICT_DESG_CD": 17, "COUNTY_NM": "King", "COUNTY_PARCEL_NO": null, "REGION_JURISDICT_DESG_CD": 900, "REGION_NM": "South Puget Sound Region", "HCP_JURISDICT_DESG_CD": null, "HCP_DESG_CD": 1, "HCP_DESG_DT": 854611200000, "HCP_WITHDRAWAL_DT": null, "PARCEL_DESC_TXT": null, "EDIT_DATE": 1563407233000, "EDIT_STATUS": 1, "EDIT_WHO": "TSTE490", "EASEMENT_TYPE_CD": null, "EASEMENT_TYPE_NM": null, "PARCEL_ACQUIRE_AUTH_NO": "02-081428", "PARCEL_DISPOSAL_AUTH_NO": null, "SHAPE.AREA": 7220118.3046675, "SHAPE.LEN": 13443.0089872643, "GLOBALID": "{1C72A305-6A5F-448E-8173-45353C8262E9}"}}, {"type": "Feature", "id": 3265637, "geometry": {"type": "Polygon", "coordinates": [[[-121.73126, 47.5322], [-121.73126, 47.53407], [-121.73661, 47.534], [-121.73661, 47.5322], [-121.73126, 47.5322]]]}, "properties": {"OBJECTID": 3265637, "PARCEL_SYST_ID": 650, "PARCEL_TYPE_CD": 1, "PARCEL_LABEL_NM": null, "PARCEL_NM": null, "REVERSION_RIGHTS_FLG": "N", "OWN_RIGHT_DISPUTE_FLG": "N", "SURFACE_RIGHTS_FLG": "Y", "MINERAL_RIGHTS_FLG": "N", "TIMBER_RIGHTS_FLG": "Y", "SURFACE_TRUST_CD": 75, "SURFACE_TRUST_NM": "Natural Resources Conservation Area", "MINERAL_TRUST_CD": 0, "MINERAL_TRUST_NM": "Trust Status Not Applicable Or Unknown", "TIMBER_TRUST_CD": 75, "TIMBER_TRUST_NM": "Natural Resources Conservation Area", "OWNER_AGENT_SYST_ID": 58706, "STEWARD_AGENT_SYST_ID": 63986, "MANAGER_AGENT_SYST_ID": 63986, "TIMBER_OWNER_NM": null, "TIMBER_EXP_DT": null, "ORIGINAL_PATENT_DT": null, "COUNTY_JURISDICT_DESG_CD": 17, "COUNTY_NM": "King", "COUNTY_PARCEL_NO": null, "REGION_JURISDICT_DESG_CD": 900, "REGION_NM": "South Puget Sound Region", "HCP_JURISDICT_DESG_CD": null, "HCP_DESG_CD": 1, "HCP_DESG_DT": 854611200000, "HCP_WITHDRAWAL_DT": null, "PARCEL_DESC_TXT": "MT SI NRCA - BERRY ET AL A-1", "EDIT_DATE": 1487806246000, "EDIT_STATUS": 1, "EDIT_WHO": "JDUG490", "EASEMENT_TYPE_CD": null, "EASEMENT_TYPE_NM": null, "PARCEL_ACQUIRE_AUTH_NO": "D00033", "PARCEL_DISPOSAL_AUTH_NO": null, "SHAPE.AREA": 883769.29095, "SHAPE.LEN": 3981.383552011, "GLOBALID": "{0B9434A6-5FE2-4995-83AD-E369DA72C634}"}}, {"type": "Feature", "id": 3265638, "geometry": {"type": "Polygon", "coordinates": [[[-121.71593, 47.49838], [-121.71593, 47.50165], [-121.71594, 47.50497], [-121.71592, 47.51218], [-121.71592, 47.51234], [-121.71719, 47.51234], [-121.71718, 47.51399], [-121.71593, 47.51398], [-121.71594, 47.51409], [-121.73718, 47.51404], [-121.73731, 47.50558], [-121.73733, 47.49838], [-121.73731, 47.49838], [-121.72664, 47.49838], [-121.72662, 47.49838], [-121.72263, 47.49838], [-121.72126, 47.49838], [-121.72123, 47.49838], [-121.71593, 47.49838]]]}, "properties": {"OBJECTID": 3265638, "PARCEL_SYST_ID": 1200, "PARCEL_TYPE_CD": 1, "PARCEL_LABEL_NM": null, "PARCEL_NM": null, "REVERSION_RIGHTS_FLG": "N", "OWN_RIGHT_DISPUTE_FLG": "N", "SURFACE_RIGHTS_FLG": "Y", "MINERAL_RIGHTS_FLG": "Y", "TIMBER_RIGHTS_FLG": "Y", "SURFACE_TRUST_CD": 75, "SURFACE_TRUST_NM": "Natural Resources Conservation Area", "MINERAL_TRUST_CD": 75, "MINERAL_TRUST_NM": "Natural Resources Conservation Area", "TIMBER_TRUST_CD": 75, "TIMBER_TRUST_NM": "Natural Resources Conservation Area", "OWNER_AGENT_SYST_ID": 58706, "STEWARD_AGENT_SYST_ID": 63986, "MANAGER_AGENT_SYST_ID": 63986, "TIMBER_OWNER_NM": null, "TIMBER_EXP_DT": null, "ORIGINAL_PATENT_DT": null, "COUNTY_JURISDICT_DESG_CD": 17, "COUNTY_NM": "King", "COUNTY_PARCEL_NO": null, "REGION_JURISDICT_DESG_CD": 900, "REGION_NM": "South Puget Sound Region", "HCP_JURISDICT_DESG_CD": null, "HCP_DESG_CD": 1, "HCP_DESG_DT": 854611200000, "HCP_WITHDRAWAL_DT": null, "PARCEL_DESC_TXT": "MT SI NAP - GEORGIA PACIFIC", "EDIT_DATE": 1487806246000, "EDIT_STATUS": 1, "EDIT_WHO": "JDUG490", "EASEMENT_TYPE_CD": null, "EASEMENT_TYPE_NM": null, "PARCEL_ACQUIRE_AUTH_NO": "D00036", "PARCEL_DISPOSAL_AUTH_NO": null, "SHAPE.AREA": 30019915.824912, "SHAPE.LEN": 22607.427179530903, "GLOBALID": "{4AD2AD71-F89D-4BB4-AA72-ADD7CC3E5464}"}}, {"type": "Feature", "id": 3265669, "geometry": {"type": "Polygon", "coordinates": [[[-121.61399, 47.58427], [-121.61916, 47.58426], [-121.61917, 47.58076], [-121.61392, 47.58073], [-121.61399, 47.58427]]]}, "properties": {"OBJECTID": 3265669, "PARCEL_SYST_ID": 605, "PARCEL_TYPE_CD": 1, "PARCEL_LABEL_NM": "Mount Si N", "PARCEL_NM": null, "REVERSION_RIGHTS_FLG": "N", "OWN_RIGHT_DISPUTE_FLG": "N", "SURFACE_RIGHTS_FLG": "Y", "MINERAL_RIGHTS_FLG": "Y", "TIMBER_RIGHTS_FLG": "Y", "SURFACE_TRUST_CD": 75, "SURFACE_TRUST_NM": "Natural Resources Conservation Area", "MINERAL_TRUST_CD": 3, "MINERAL_TRUST_NM": "Common School and Indemnity", "TIMBER_TRUST_CD": 75, "TIMBER_TRUST_NM": "Natural Resources Conservation Area", "OWNER_AGENT_SYST_ID": 58706, "STEWARD_AGENT_SYST_ID": 63986, "MANAGER_AGENT_SYST_ID": 63986, "TIMBER_OWNER_NM": null, "TIMBER_EXP_DT": null, "ORIGINAL_PATENT_DT": null, "COUNTY_JURISDICT_DESG_CD": 17, "COUNTY_NM": "King", "COUNTY_PARCEL_NO": null, "REGION_JURISDICT_DESG_CD": 900, "REGION_NM": "South Puget Sound Region", "HCP_JURISDICT_DESG_CD": null, "HCP_DESG_CD": 1, "HCP_DESG_DT": 854611200000, "HCP_WITHDRAWAL_DT": null, "PARCEL_DESC_TXT": null, "EDIT_DATE": 1487880519000, "EDIT_STATUS": 1, "EDIT_WHO": "JDUG490", "EASEMENT_TYPE_CD": null, "EASEMENT_TYPE_NM": null, "PARCEL_ACQUIRE_AUTH_NO": "02-081428", "PARCEL_DISPOSAL_AUTH_NO": null, "SHAPE.AREA": 1651284.59579, "SHAPE.LEN": 5140.329969215611, "GLOBALID": "{47F6B6FB-C681-4A90-9F9E-A03FCF3AC731}"}}, {"type": "Feature", "id": 3265672, "geometry": {"type": "Polygon", "coordinates": [[[-121.68346, 47.51942], [-121.69425, 47.51948], [-121.70489, 47.51954], [-121.70479, 47.51397], [-121.69902, 47.51397], [-121.69903, 47.51232], [-121.69947, 47.51232], [-121.69947, 47.51213], [-121.69526, 47.51214], [-121.69417, 47.51214], [-121.68358, 47.51216], [-121.68346, 47.51942]]]}, "properties": {"OBJECTID": 3265672, "PARCEL_SYST_ID": 611, "PARCEL_TYPE_CD": 1, "PARCEL_LABEL_NM": null, "PARCEL_NM": null, "REVERSION_RIGHTS_FLG": "N", "OWN_RIGHT_DISPUTE_FLG": "N", "SURFACE_RIGHTS_FLG": "Y", "MINERAL_RIGHTS_FLG": "Y", "TIMBER_RIGHTS_FLG": "Y", "SURFACE_TRUST_CD": 75, "SURFACE_TRUST_NM": "Natural Resources Conservation Area", "MINERAL_TRUST_CD": 3, "MINERAL_TRUST_NM": "Common School and Indemnity", "TIMBER_TRUST_CD": 75, "TIMBER_TRUST_NM": "Natural Resources Conservation Area", "OWNER_AGENT_SYST_ID": 58706, "STEWARD_AGENT_SYST_ID": 63986, "MANAGER_AGENT_SYST_ID": 63986, "TIMBER_OWNER_NM": null, "TIMBER_EXP_DT": null, "ORIGINAL_PATENT_DT": null, "COUNTY_JURISDICT_DESG_CD": 17, "COUNTY_NM": "King", "COUNTY_PARCEL_NO": null, "REGION_JURISDICT_DESG_CD": 900, "REGION_NM": "South Puget Sound Region", "HCP_JURISDICT_DESG_CD": 5, "HCP_DESG_CD": 1, "HCP_DESG_DT": 854611200000, "HCP_WITHDRAWAL_DT": null, "PARCEL_DESC_TXT": null, "EDIT_DATE": 1487880519000, "EDIT_STATUS": 1, "EDIT_WHO": "JDUG490", "EASEMENT_TYPE_CD": null, "EASEMENT_TYPE_NM": null, "PARCEL_ACQUIRE_AUTH_NO": "02-053675", "PARCEL_DISPOSAL_AUTH_NO": null, "SHAPE.AREA": 13145038.8594855, "SHAPE.LEN": 16104.694468647, "GLOBALID": "{DFE84460-2106-4664-AB4B-F096CFFDFC80}"}}, {"type": "Feature", "id": 3265722, "geometry": {"type": "Polygon", "coordinates": [[[-121.75789, 47.5068], [-121.76367, 47.50682], [-121.76367, 47.50668], [-121.7635, 47.50493], [-121.76299, 47.50308], [-121.75796, 47.50305], [-121.75789, 47.5068]]]}, "properties": {"OBJECTID": 3265722, "PARCEL_SYST_ID": 524, "PARCEL_TYPE_CD": 1, "PARCEL_LABEL_NM": null, "PARCEL_NM": null, "REVERSION_RIGHTS_FLG": "N", "OWN_RIGHT_DISPUTE_FLG": "N", "SURFACE_RIGHTS_FLG": "Y", "MINERAL_RIGHTS_FLG": "Y", "TIMBER_RIGHTS_FLG": "Y", "SURFACE_TRUST_CD": 75, "SURFACE_TRUST_NM": "Natural Resources Conservation Area", "MINERAL_TRUST_CD": 3, "MINERAL_TRUST_NM": "Common School and Indemnity", "TIMBER_TRUST_CD": 75, "TIMBER_TRUST_NM": "Natural Resources Conservation Area", "OWNER_AGENT_SYST_ID": 58706, "STEWARD_AGENT_SYST_ID": 63986, "MANAGER_AGENT_SYST_ID": 63986, "TIMBER_OWNER_NM": null, "TIMBER_EXP_DT": null, "ORIGINAL_PATENT_DT": null, "COUNTY_JURISDICT_DESG_CD": 17, "COUNTY_NM": "King", "COUNTY_PARCEL_NO": null, "REGION_JURISDICT_DESG_CD": 900, "REGION_NM": "South Puget Sound Region", "HCP_JURISDICT_DESG_CD": null, "HCP_DESG_CD": 1, "HCP_DESG_DT": 854611200000, "HCP_WITHDRAWAL_DT": null, "PARCEL_DESC_TXT": null, "EDIT_DATE": 1487803028000, "EDIT_STATUS": 1, "EDIT_WHO": "JDUG490", "EASEMENT_TYPE_CD": null, "EASEMENT_TYPE_NM": null, "PARCEL_ACQUIRE_AUTH_NO": "02-051544 02-000002", "PARCEL_DISPOSAL_AUTH_NO": null, "SHAPE.AREA": 1856620.2463295, "SHAPE.LEN": 5420.72285739641, "GLOBALID": "{65E080E2-9BB2-4A04-9F5C-4E380F2A9189}"}}, {"type": "Feature", "id": 3265724, "geometry": {"type": "Polygon", "coordinates": [[[-121.73191, 47.48756], [-121.73194, 47.48756], [-121.73733, 47.48764], [-121.73735, 47.48764], [-121.73735, 47.48764], [-121.7374, 47.48448], [-121.73724, 47.48448], [-121.73688, 47.48456], [-121.73666, 47.48467], [-121.73652, 47.48471], [-121.73627, 47.48474], [-121.73594, 47.48477], [-121.73544, 47.48484], [-121.73503, 47.48492], [-121.73472, 47.48507], [-121.7345, 47.4852], [-121.73437, 47.48525], [-121.73426, 47.4853], [-121.73413, 47.48536], [-121.73387, 47.48544], [-121.73361, 47.48555], [-121.73336, 47.48561], [-121.73295, 47.48573], [-121.73247, 47.48583], [-121.73198, 47.48587], [-121.73191, 47.48756]]]}, "properties": {"OBJECTID": 3265724, "PARCEL_SYST_ID": 12505, "PARCEL_TYPE_CD": 1, "PARCEL_LABEL_NM": null, "PARCEL_NM": null, "REVERSION_RIGHTS_FLG": "N", "OWN_RIGHT_DISPUTE_FLG": "N", "SURFACE_RIGHTS_FLG": "Y", "MINERAL_RIGHTS_FLG": "Y", "TIMBER_RIGHTS_FLG": "Y", "SURFACE_TRUST_CD": 75, "SURFACE_TRUST_NM": "Natural Resources Conservation Area", "MINERAL_TRUST_CD": 75, "MINERAL_TRUST_NM": "Natural Resources Conservation Area", "TIMBER_TRUST_CD": 75, "TIMBER_TRUST_NM": "Natural Resources Conservation Area", "OWNER_AGENT_SYST_ID": 58706, "STEWARD_AGENT_SYST_ID": 63986, "MANAGER_AGENT_SYST_ID": 63986, "TIMBER_OWNER_NM": null, "TIMBER_EXP_DT": null, "ORIGINAL_PATENT_DT": null, "COUNTY_JURISDICT_DESG_CD": 17, "COUNTY_NM": "King", "COUNTY_PARCEL_NO": null, "REGION_JURISDICT_DESG_CD": 900, "REGION_NM": "South Puget Sound Region", "HCP_JURISDICT_DESG_CD": null, "HCP_DESG_CD": 1, "HCP_DESG_DT": 1019631600000, "HCP_WITHDRAWAL_DT": null, "PARCEL_DESC_TXT": null, "EDIT_DATE": 1487803028000, "EDIT_STATUS": 1, "EDIT_WHO": "JDUG490", "EASEMENT_TYPE_CD": null, "EASEMENT_TYPE_NM": null, "PARCEL_ACQUIRE_AUTH_NO": "08-074247", "PARCEL_DISPOSAL_AUTH_NO": null, "SHAPE.AREA": 1189607.2631925, "SHAPE.LEN": 4571.23944233438, "GLOBALID": "{EA472AFE-3A5A-4CC1-88F8-53C05A4D2E65}"}}, {"type": "Feature", "id": 3265752, "geometry": {"type": "Polygon", "coordinates": [[[-121.75796, 47.50305], [-121.76299, 47.50308], [-121.76298, 47.50305], [-121.76298, 47.50271], [-121.76297, 47.50231], [-121.76296, 47.50171], [-121.76288, 47.50132], [-121.76269, 47.50098], [-121.76255, 47.50073], [-121.7624, 47.50033], [-121.76232, 47.50003], [-121.76214, 47.49968], [-121.76203, 47.49933], [-121.75802, 47.49935], [-121.75796, 47.50305]]]}, "properties": {"OBJECTID": 3265752, "PARCEL_SYST_ID": 13744, "PARCEL_TYPE_CD": 1, "PARCEL_LABEL_NM": null, "PARCEL_NM": null, "REVERSION_RIGHTS_FLG": "N", "OWN_RIGHT_DISPUTE_FLG": "N", "SURFACE_RIGHTS_FLG": "Y", "MINERAL_RIGHTS_FLG": "N", "TIMBER_RIGHTS_FLG": "Y", "SURFACE_TRUST_CD": 75, "SURFACE_TRUST_NM": "Natural Resources Conservation Area", "MINERAL_TRUST_CD": 0, "MINERAL_TRUST_NM": "Trust Status Not Applicable Or Unknown", "TIMBER_TRUST_CD": 75, "TIMBER_TRUST_NM": "Natural Resources Conservation Area", "OWNER_AGENT_SYST_ID": 58706, "STEWARD_AGENT_SYST_ID": 63986, "MANAGER_AGENT_SYST_ID": 63986, "TIMBER_OWNER_NM": null, "TIMBER_EXP_DT": null, "ORIGINAL_PATENT_DT": null, "COUNTY_JURISDICT_DESG_CD": 17, "COUNTY_NM": "King", "COUNTY_PARCEL_NO": null, "REGION_JURISDICT_DESG_CD": 900, "REGION_NM": "South Puget Sound Region", "HCP_JURISDICT_DESG_CD": null, "HCP_DESG_CD": 1, "HCP_DESG_DT": 854611200000, "HCP_WITHDRAWAL_DT": null, "PARCEL_DESC_TXT": null, "EDIT_DATE": 1487803028000, "EDIT_STATUS": 1, "EDIT_WHO": "JDUG490", "EASEMENT_TYPE_CD": null, "EASEMENT_TYPE_NM": null, "PARCEL_ACQUIRE_AUTH_NO": null, "PARCEL_DISPOSAL_AUTH_NO": null, "SHAPE.AREA": 1572993.28215, "SHAPE.LEN": 4985.54905959842, "GLOBALID": "{AC200936-436B-4BC2-BB7B-38DD3950423C}"}}, {"type": "Feature", "id": 3265753, "geometry": {"type": "Polygon", "coordinates": [[[-121.69512, 47.49074], [-121.70578, 47.49083], [-121.70578, 47.48721], [-121.70311, 47.48719], [-121.70044, 47.48718], [-121.6951, 47.48715], [-121.69512, 47.49074]]]}, "properties": {"OBJECTID": 3265753, "PARCEL_SYST_ID": 13683, "PARCEL_TYPE_CD": 1, "PARCEL_LABEL_NM": null, "PARCEL_NM": null, "REVERSION_RIGHTS_FLG": "N", "OWN_RIGHT_DISPUTE_FLG": "N", "SURFACE_RIGHTS_FLG": "Y", "MINERAL_RIGHTS_FLG": "Y", "TIMBER_RIGHTS_FLG": "Y", "SURFACE_TRUST_CD": 75, "SURFACE_TRUST_NM": "Natural Resources Conservation Area", "MINERAL_TRUST_CD": 3, "MINERAL_TRUST_NM": "Common School and Indemnity", "TIMBER_TRUST_CD": 75, "TIMBER_TRUST_NM": "Natural Resources Conservation Area", "OWNER_AGENT_SYST_ID": 58706, "STEWARD_AGENT_SYST_ID": 63986, "MANAGER_AGENT_SYST_ID": 63986, "TIMBER_OWNER_NM": null, "TIMBER_EXP_DT": null, "ORIGINAL_PATENT_DT": null, "COUNTY_JURISDICT_DESG_CD": 17, "COUNTY_NM": "King", "COUNTY_PARCEL_NO": null, "REGION_JURISDICT_DESG_CD": 900, "REGION_NM": "South Puget Sound Region", "HCP_JURISDICT_DESG_CD": null, "HCP_DESG_CD": 1, "HCP_DESG_DT": 854611200000, "HCP_WITHDRAWAL_DT": null, "PARCEL_DESC_TXT": null, "EDIT_DATE": 1487803028000, "EDIT_STATUS": 1, "EDIT_WHO": "JDUG490", "EASEMENT_TYPE_CD": null, "EASEMENT_TYPE_NM": null, "PARCEL_ACQUIRE_AUTH_NO": "02-051544 02-000002", "PARCEL_DISPOSAL_AUTH_NO": null, "SHAPE.AREA": 3470921.6333375, "SHAPE.LEN": 7907.71190475273, "GLOBALID": "{CFDF86AD-EA40-4CD6-B2C9-DDC80CF8920F}"}}, {"type": "Feature", "id": 3265896, "geometry": {"type": "Polygon", "coordinates": [[[-121.67429, 47.4677], [-121.67427, 47.46827], [-121.67682, 47.46804], [-121.6774, 47.46802], [-121.6772, 47.46798], [-121.67647, 47.46782], [-121.67631, 47.46778], [-121.67615, 47.46775], [-121.67615, 47.46775], [-121.67601, 47.46772], [-121.67587, 47.4677], [-121.67572, 47.46768], [-121.67572, 47.46768], [-121.67558, 47.46766], [-121.67543, 47.46764], [-121.67529, 47.46763], [-121.67515, 47.46762], [-121.67501, 47.46762], [-121.67486, 47.46762], [-121.67472, 47.46762], [-121.67458, 47.46763], [-121.67444, 47.46764], [-121.6743, 47.46766], [-121.67429, 47.4677]]]}, "properties": {"OBJECTID": 3265896, "PARCEL_SYST_ID": 117501, "PARCEL_TYPE_CD": 1, "PARCEL_LABEL_NM": null, "PARCEL_NM": null, "REVERSION_RIGHTS_FLG": "N", "OWN_RIGHT_DISPUTE_FLG": "N", "SURFACE_RIGHTS_FLG": "Y", "MINERAL_RIGHTS_FLG": "Y", "TIMBER_RIGHTS_FLG": "Y", "SURFACE_TRUST_CD": 75, "SURFACE_TRUST_NM": "Natural Resources Conservation Area", "MINERAL_TRUST_CD": 75, "MINERAL_TRUST_NM": "Natural Resources Conservation Area", "TIMBER_TRUST_CD": 75, "TIMBER_TRUST_NM": "Natural Resources Conservation Area", "OWNER_AGENT_SYST_ID": 58706, "STEWARD_AGENT_SYST_ID": 63986, "MANAGER_AGENT_SYST_ID": 63986, "TIMBER_OWNER_NM": null, "TIMBER_EXP_DT": null, "ORIGINAL_PATENT_DT": null, "COUNTY_JURISDICT_DESG_CD": 17, "COUNTY_NM": "King", "COUNTY_PARCEL_NO": null, "REGION_JURISDICT_DESG_CD": 900, "REGION_NM": "South Puget Sound Region", "HCP_JURISDICT_DESG_CD": null, "HCP_DESG_CD": 1, "HCP_DESG_DT": 1450080000000, "HCP_WITHDRAWAL_DT": null, "PARCEL_DESC_TXT": null, "EDIT_DATE": 1544662823000, "EDIT_STATUS": 0, "EDIT_WHO": "TSTE490", "EASEMENT_TYPE_CD": null, "EASEMENT_TYPE_NM": null, "PARCEL_ACQUIRE_AUTH_NO": "08-092829", "PARCEL_DISPOSAL_AUTH_NO": null, "SHAPE.AREA": 107798.7448325, "SHAPE.LEN": 1793.05624036118, "GLOBALID": "{519A6AEA-28FA-460E-8275-2122353AAE7C}"}}, {"type": "Feature", "id": 3266406, "geometry": {"type": "Polygon", "coordinates": [[[-122.31151, 47.73977], [-122.31046, 47.74109], [-122.31278, 47.74111], [-122.31269, 47.73766], [-122.31145, 47.73764], [-122.31151, 47.73977]]]}, "properties": {"OBJECTID": 3266406, "PARCEL_SYST_ID": 121253, "PARCEL_TYPE_CD": 1, "PARCEL_LABEL_NM": null, "PARCEL_NM": null, "REVERSION_RIGHTS_FLG": "N", "OWN_RIGHT_DISPUTE_FLG": "N", "SURFACE_RIGHTS_FLG": "Y", "MINERAL_RIGHTS_FLG": "Y", "TIMBER_RIGHTS_FLG": "Y", "SURFACE_TRUST_CD": 6, "SURFACE_TRUST_NM": "Charitable/Educational/Penal & Reformatory Instit.", "MINERAL_TRUST_CD": 6, "MINERAL_TRUST_NM": "Charitable/Educational/Penal & Reformatory Instit.", "TIMBER_TRUST_CD": 6, "TIMBER_TRUST_NM": "Charitable/Educational/Penal & Reformatory Instit.", "OWNER_AGENT_SYST_ID": 58706, "STEWARD_AGENT_SYST_ID": 63986, "MANAGER_AGENT_SYST_ID": 63986, "TIMBER_OWNER_NM": null, "TIMBER_EXP_DT": null, "ORIGINAL_PATENT_DT": null, "COUNTY_JURISDICT_DESG_CD": 17, "COUNTY_NM": "King", "COUNTY_PARCEL_NO": null, "REGION_JURISDICT_DESG_CD": 900, "REGION_NM": "South Puget Sound Region", "HCP_JURISDICT_DESG_CD": null, "HCP_DESG_CD": 1, "HCP_DESG_DT": 854611200000, "HCP_WITHDRAWAL_DT": null, "PARCEL_DESC_TXT": "PER BINDING SITE PLAN PSS 23-0112", "EDIT_DATE": 1736977287000, "EDIT_STATUS": 1, "EDIT_WHO": "TSTE490", "EASEMENT_TYPE_CD": null, "EASEMENT_TYPE_NM": null, "PARCEL_ACQUIRE_AUTH_NO": "US PATENT NO 46-70-0069", "PARCEL_DISPOSAL_AUTH_NO": null, "SHAPE.AREA": 448747.35914, "SHAPE.LEN": 3459.3400418249503, "GLOBALID": "{D8B3E874-4BB1-4A29-8C84-8D666A2B6C94}"}}, {"type": "Feature", "id": 3266458, "geometry": {"type": "Polygon", "coordinates": [[[-122.04798, 47.40111], [-122.05327, 47.40112], [-122.05328, 47.40077], [-122.05319, 47.40075], [-122.05286, 47.40066], [-122.05274, 47.40062], [-122.05262, 47.40058], [-122.0525, 47.40054], [-122.05239, 47.4005], [-122.05228, 47.40045], [-122.05217, 47.40039], [-122.05206, 47.40034], [-122.05196, 47.40028], [-122.05186, 47.40022], [-122.05177, 47.40015], [-122.05099, 47.39958], [-122.04797, 47.39956], [-122.04707, 47.40004], [-122.04798, 47.40111]]]}, "properties": {"OBJECTID": 3266458, "PARCEL_SYST_ID": 352, "PARCEL_TYPE_CD": 1, "PARCEL_LABEL_NM": null, "PARCEL_NM": null, "REVERSION_RIGHTS_FLG": "N", "OWN_RIGHT_DISPUTE_FLG": "N", "SURFACE_RIGHTS_FLG": "Y", "MINERAL_RIGHTS_FLG": "Y", "TIMBER_RIGHTS_FLG": "Y", "SURFACE_TRUST_CD": 3, "SURFACE_TRUST_NM": "Common School and Indemnity", "MINERAL_TRUST_CD": 3, "MINERAL_TRUST_NM": "Common School and Indemnity", "TIMBER_TRUST_CD": 3, "TIMBER_TRUST_NM": "Common School and Indemnity", "OWNER_AGENT_SYST_ID": 58706, "STEWARD_AGENT_SYST_ID": 63986, "MANAGER_AGENT_SYST_ID": 63986, "TIMBER_OWNER_NM": null, "TIMBER_EXP_DT": null, "ORIGINAL_PATENT_DT": null, "COUNTY_JURISDICT_DESG_CD": 17, "COUNTY_NM": "King", "COUNTY_PARCEL_NO": null, "REGION_JURISDICT_DESG_CD": 900, "REGION_NM": "South Puget Sound Region", "HCP_JURISDICT_DESG_CD": null, "HCP_DESG_CD": 1, "HCP_DESG_DT": 854611200000, "HCP_WITHDRAWAL_DT": null, "PARCEL_DESC_TXT": null, "EDIT_DATE": 1544662823000, "EDIT_STATUS": 1, "EDIT_WHO": "TSTE490", "EASEMENT_TYPE_CD": null, "EASEMENT_TYPE_NM": null, "PARCEL_ACQUIRE_AUTH_NO": "US PATENT NO 46-70-0069", "PARCEL_DISPOSAL_AUTH_NO": null, "SHAPE.AREA": 650313.8225435, "SHAPE.LEN": 3641.40864028884, "GLOBALID": "{25F75285-844F-4B5D-92C0-139B03A52988}"}}, {"type": "Feature", "id": 3266609, "geometry": {"type": "Polygon", "coordinates": [[[-121.90805, 47.45686], [-121.91892, 47.45705], [-121.9189, 47.4535], [-121.90807, 47.4533], [-121.90805, 47.45686]]]}, "properties": {"OBJECTID": 3266609, "PARCEL_SYST_ID": 113214, "PARCEL_TYPE_CD": 1, "PARCEL_LABEL_NM": null, "PARCEL_NM": null, "REVERSION_RIGHTS_FLG": "N", "OWN_RIGHT_DISPUTE_FLG": "N", "SURFACE_RIGHTS_FLG": "Y", "MINERAL_RIGHTS_FLG": "N", "TIMBER_RIGHTS_FLG": "Y", "SURFACE_TRUST_CD": 3, "SURFACE_TRUST_NM": "Common School and Indemnity", "MINERAL_TRUST_CD": 0, "MINERAL_TRUST_NM": "Trust Status Not Applicable Or Unknown", "TIMBER_TRUST_CD": 3, "TIMBER_TRUST_NM": "Common School and Indemnity", "OWNER_AGENT_SYST_ID": 58706, "STEWARD_AGENT_SYST_ID": 63986, "MANAGER_AGENT_SYST_ID": 63986, "TIMBER_OWNER_NM": null, "TIMBER_EXP_DT": null, "ORIGINAL_PATENT_DT": null, "COUNTY_JURISDICT_DESG_CD": 17, "COUNTY_NM": "King", "COUNTY_PARCEL_NO": null, "REGION_JURISDICT_DESG_CD": 900, "REGION_NM": "South Puget Sound Region", "HCP_JURISDICT_DESG_CD": null, "HCP_DESG_CD": 1, "HCP_DESG_DT": 1242716400000, "HCP_WITHDRAWAL_DT": null, "PARCEL_DESC_TXT": "Parcel C-1", "EDIT_DATE": 1700163226000, "EDIT_STATUS": 0, "EDIT_WHO": "TSTE490", "EASEMENT_TYPE_CD": null, "EASEMENT_TYPE_NM": null, "PARCEL_ACQUIRE_AUTH_NO": "08-084098", "PARCEL_DISPOSAL_AUTH_NO": null, "SHAPE.AREA": 3478468.8159585, "SHAPE.LEN": 7962.8822114798, "GLOBALID": "{C7BD37DC-FDD4-47BD-89DC-7EFA24E1292E}"}}, {"type": "Feature", "id": 3266622, "geometry": {"type": "Polygon", "coordinates": [[[-121.97579, 47.53224], [-121.97585, 47.5323], [-121.97593, 47.53238], [-121.97596, 47.53236], [-121.97603, 47.53234], [-121.97622, 47.53227], [-121.97637, 47.53221], [-121.97647, 47.53217], [-121.97657, 47.53212], [-121.97667, 47.53208], [-121.97676, 47.53202], [-121.97685, 47.53197], [-121.97694, 47.53191], [-121.97702, 47.53185], [-121.9771, 47.53179], [-121.97717, 47.53173], [-121.97717, 47.53171], [-121.97717, 47.53159], [-121.97717, 47.53145], [-121.97699, 47.53162], [-121.97692, 47.53168], [-121.97685, 47.53174], [-121.97678, 47.53179], [-121.9767, 47.53185], [-121.97661, 47.53189], [-121.97653, 47.53194], [-121.97644, 47.53199], [-121.97634, 47.53203], [-121.97625, 47.53207], [-121.9761, 47.53212], [-121.97591, 47.53219], [-121.97583, 47.53223], [-121.97579, 47.53224]]]}, "properties": {"OBJECTID": 3266622, "PARCEL_SYST_ID": 14552, "PARCEL_TYPE_CD": 1, "PARCEL_LABEL_NM": null, "PARCEL_NM": null, "REVERSION_RIGHTS_FLG": "N", "OWN_RIGHT_DISPUTE_FLG": "N", "SURFACE_RIGHTS_FLG": "Y", "MINERAL_RIGHTS_FLG": "Y", "TIMBER_RIGHTS_FLG": "Y", "SURFACE_TRUST_CD": 75, "SURFACE_TRUST_NM": "Natural Resources Conservation Area", "MINERAL_TRUST_CD": 75, "MINERAL_TRUST_NM": "Natural Resources Conservation Area", "TIMBER_TRUST_CD": 75, "TIMBER_TRUST_NM": "Natural Resources Conservation Area", "OWNER_AGENT_SYST_ID": 58706, "STEWARD_AGENT_SYST_ID": 63986, "MANAGER_AGENT_SYST_ID": 63986, "TIMBER_OWNER_NM": null, "TIMBER_EXP_DT": null, "ORIGINAL_PATENT_DT": null, "COUNTY_JURISDICT_DESG_CD": 17, "COUNTY_NM": "King", "COUNTY_PARCEL_NO": null, "REGION_JURISDICT_DESG_CD": 900, "REGION_NM": "South Puget Sound Region", "HCP_JURISDICT_DESG_CD": null, "HCP_DESG_CD": 1, "HCP_DESG_DT": 854611200000, "HCP_WITHDRAWAL_DT": null, "PARCEL_DESC_TXT": null, "EDIT_DATE": 1544662823000, "EDIT_STATUS": 1, "EDIT_WHO": "TSTE490", "EASEMENT_TYPE_CD": null, "EASEMENT_TYPE_NM": null, "PARCEL_ACQUIRE_AUTH_NO": "08-073855", "PARCEL_DISPOSAL_AUTH_NO": null, "SHAPE.AREA": 25378.7593495, "SHAPE.LEN": 1008.3991380216501, "GLOBALID": "{C8C4CFA5-6207-4C52-A374-A919E8091D00}"}}, {"type": "Feature", "id": 3266659, "geometry": {"type": "Polygon", "coordinates": [[[-121.59593, 47.42316], [-121.59608, 47.42326], [-121.59624, 47.42335], [-121.5964, 47.42345], [-121.59656, 47.42354], [-121.59673, 47.42363], [-121.5969, 47.42371], [-121.59707, 47.42379], [-121.59725, 47.42387], [-121.59743, 47.42394], [-121.59761, 47.42401], [-121.5978, 47.42408], [-121.59799, 47.42414], [-121.59818, 47.4242], [-121.59837, 47.42426], [-121.59857, 47.42431], [-121.59877, 47.42436], [-121.59897, 47.4244], [-121.59917, 47.42445], [-121.59937, 47.42448], [-121.59958, 47.42452], [-121.59979, 47.42454], [-121.59999, 47.42457], [-121.60047, 47.42455], [-121.60045, 47.42305], [-121.59593, 47.42316]]]}, "properties": {"OBJECTID": 3266659, "PARCEL_SYST_ID": 117741, "PARCEL_TYPE_CD": 1, "PARCEL_LABEL_NM": null, "PARCEL_NM": null, "REVERSION_RIGHTS_FLG": "N", "OWN_RIGHT_DISPUTE_FLG": "N", "SURFACE_RIGHTS_FLG": "Y", "MINERAL_RIGHTS_FLG": "N", "TIMBER_RIGHTS_FLG": "Y", "SURFACE_TRUST_CD": 75, "SURFACE_TRUST_NM": "Natural Resources Conservation Area", "MINERAL_TRUST_CD": 0, "MINERAL_TRUST_NM": "Trust Status Not Applicable Or Unknown", "TIMBER_TRUST_CD": 75, "TIMBER_TRUST_NM": "Natural Resources Conservation Area", "OWNER_AGENT_SYST_ID": 58706, "STEWARD_AGENT_SYST_ID": 63986, "MANAGER_AGENT_SYST_ID": 63986, "TIMBER_OWNER_NM": null, "TIMBER_EXP_DT": null, "ORIGINAL_PATENT_DT": null, "COUNTY_JURISDICT_DESG_CD": 17, "COUNTY_NM": "King", "COUNTY_PARCEL_NO": null, "REGION_JURISDICT_DESG_CD": 900, "REGION_NM": "South Puget Sound Region", "HCP_JURISDICT_DESG_CD": null, "HCP_DESG_CD": 1, "HCP_DESG_DT": 1483603200000, "HCP_WITHDRAWAL_DT": null, "PARCEL_DESC_TXT": null, "EDIT_DATE": 1544662823000, "EDIT_STATUS": 0, "EDIT_WHO": "TSTE490", "EASEMENT_TYPE_CD": null, "EASEMENT_TYPE_NM": null, "PARCEL_ACQUIRE_AUTH_NO": "08-090652", "PARCEL_DISPOSAL_AUTH_NO": null, "SHAPE.AREA": 406792.0764395, "SHAPE.LEN": 2931.33043048462, "GLOBALID": "{7D65C722-4415-440F-8F73-5E94C3B02A8A}"}}, {"type": "Feature", "id": 3266714, "geometry": {"type": "Polygon", "coordinates": [[[-121.75316, 47.48834], [-121.75552, 47.48844], [-121.75557, 47.48845], [-121.75559, 47.4877], [-121.7556, 47.4874], [-121.7532, 47.4865], [-121.75316, 47.48834]]]}, "properties": {"OBJECTID": 3266714, "PARCEL_SYST_ID": 15097, "PARCEL_TYPE_CD": 1, "PARCEL_LABEL_NM": null, "PARCEL_NM": null, "REVERSION_RIGHTS_FLG": "N", "OWN_RIGHT_DISPUTE_FLG": "N", "SURFACE_RIGHTS_FLG": "Y", "MINERAL_RIGHTS_FLG": "N", "TIMBER_RIGHTS_FLG": "Y", "SURFACE_TRUST_CD": 75, "SURFACE_TRUST_NM": "Natural Resources Conservation Area", "MINERAL_TRUST_CD": 0, "MINERAL_TRUST_NM": "Trust Status Not Applicable Or Unknown", "TIMBER_TRUST_CD": 75, "TIMBER_TRUST_NM": "Natural Resources Conservation Area", "OWNER_AGENT_SYST_ID": 58706, "STEWARD_AGENT_SYST_ID": 63986, "MANAGER_AGENT_SYST_ID": 63986, "TIMBER_OWNER_NM": null, "TIMBER_EXP_DT": null, "ORIGINAL_PATENT_DT": null, "COUNTY_JURISDICT_DESG_CD": 17, "COUNTY_NM": "King", "COUNTY_PARCEL_NO": null, "REGION_JURISDICT_DESG_CD": 900, "REGION_NM": "South Puget Sound Region", "HCP_JURISDICT_DESG_CD": null, "HCP_DESG_CD": 1, "HCP_DESG_DT": 874911600000, "HCP_WITHDRAWAL_DT": null, "PARCEL_DESC_TXT": null, "EDIT_DATE": 1567037625000, "EDIT_STATUS": 1, "EDIT_WHO": "TSTE490", "EASEMENT_TYPE_CD": null, "EASEMENT_TYPE_NM": null, "PARCEL_ACQUIRE_AUTH_NO": "08-073913", "PARCEL_DISPOSAL_AUTH_NO": null, "SHAPE.AREA": 315154.0737775, "SHAPE.LEN": 2330.4871580318104, "GLOBALID": "{6F4F5076-50A4-4A6F-96AE-DE8B23474C2B}"}}, {"type": "Feature", "id": 3266756, "geometry": {"type": "Polygon", "coordinates": [[[-121.92993, 47.51477], [-121.92984, 47.51133], [-121.92974, 47.50768], [-121.92965, 47.50402], [-121.92955, 47.50037], [-121.92429, 47.5003], [-121.91903, 47.50023], [-121.91377, 47.50016], [-121.90851, 47.50009], [-121.90857, 47.50101], [-121.90856, 47.5029], [-121.90861, 47.50301], [-121.90874, 47.50326], [-121.9088, 47.50352], [-121.90882, 47.50366], [-121.90881, 47.50385], [-121.90877, 47.50407], [-121.90879, 47.50423], [-121.90882, 47.50444], [-121.90889, 47.50456], [-121.90903, 47.50469], [-121.90929, 47.50484], [-121.90935, 47.50488], [-121.90962, 47.50498], [-121.90971, 47.50499], [-121.90975, 47.505], [-121.9098, 47.50501], [-121.90993, 47.50502], [-121.9101, 47.50502], [-121.91046, 47.505], [-121.91071, 47.50511], [-121.91102, 47.50522], [-121.91134, 47.50535], [-121.91137, 47.50539], [-121.91149, 47.50552], [-121.91152, 47.50586], [-121.91158, 47.50598], [-121.91167, 47.50611], [-121.91172, 47.50624], [-121.91183, 47.50647], [-121.91212, 47.50666], [-121.91241, 47.50683], [-121.91265, 47.507], [-121.91295, 47.50729], [-121.91297, 47.5075], [-121.91295, 47.50763], [-121.91287, 47.50772], [-121.9127, 47.50774], [-121.91252, 47.50775], [-121.91244, 47.50777], [-121.91235, 47.50791], [-121.91227, 47.50809], [-121.91226, 47.50817], [-121.91233, 47.50834], [-121.91239, 47.50842], [-121.91259, 47.50859], [-121.91274, 47.50868], [-121.91298, 47.50878], [-121.91332, 47.50884], [-121.91361, 47.50889], [-121.91386, 47.50891], [-121.91416, 47.50891], [-121.91434, 47.50906], [-121.91469, 47.50925], [-121.91492, 47.50942], [-121.91559, 47.50965], [-121.91581, 47.5103], [-121.91565, 47.51074], [-121.91581, 47.51095], [-121.91652, 47.51114], [-121.91922, 47.51118], [-121.92424, 47.51449], [-121.92403, 47.51424], [-121.92383, 47.51411], [-121.92378, 47.51392], [-121.9241, 47.51381], [-121.92433, 47.51366], [-121.92444, 47.51354], [-121.92467, 47.51352], [-121.92481, 47.51364], [-121.92521, 47.51304], [-121.92549, 47.5129], [-121.9255, 47.5127], [-121.92567, 47.51258], [-121.92671, 47.5126], [-121.92687, 47.51273], [-121.92697, 47.51301], [-121.92661, 47.51353], [-121.92689, 47.51371], [-121.92681, 47.51411], [-121.927, 47.51464], [-121.92713, 47.51475], [-121.92993, 47.51477]]]}, "properties": {"OBJECTID": 3266756, "PARCEL_SYST_ID": 421, "PARCEL_TYPE_CD": 1, "PARCEL_LABEL_NM": null, "PARCEL_NM": null, "REVERSION_RIGHTS_FLG": "N", "OWN_RIGHT_DISPUTE_FLG": "N", "SURFACE_RIGHTS_FLG": "Y", "MINERAL_RIGHTS_FLG": "Y", "TIMBER_RIGHTS_FLG": "Y", "SURFACE_TRUST_CD": 1, "SURFACE_TRUST_NM": "State Forest Transfer", "MINERAL_TRUST_CD": 1, "MINERAL_TRUST_NM": "State Forest Transfer", "TIMBER_TRUST_CD": 1, "TIMBER_TRUST_NM": "State Forest Transfer", "OWNER_AGENT_SYST_ID": 58706, "STEWARD_AGENT_SYST_ID": 63986, "MANAGER_AGENT_SYST_ID": 63986, "TIMBER_OWNER_NM": null, "TIMBER_EXP_DT": null, "ORIGINAL_PATENT_DT": null, "COUNTY_JURISDICT_DESG_CD": 17, "COUNTY_NM": "King", "COUNTY_PARCEL_NO": null, "REGION_JURISDICT_DESG_CD": 900, "REGION_NM": "South Puget Sound Region", "HCP_JURISDICT_DESG_CD": null, "HCP_DESG_CD": 1, "HCP_DESG_DT": 854611200000, "HCP_WITHDRAWAL_DT": null, "PARCEL_DESC_TXT": null, "EDIT_DATE": 1751493761000, "EDIT_STATUS": 1, "EDIT_WHO": "TSTE490", "EASEMENT_TYPE_CD": null, "EASEMENT_TYPE_NM": null, "PARCEL_ACQUIRE_AUTH_NO": null, "PARCEL_DISPOSAL_AUTH_NO": null, "SHAPE.AREA": 20258798.1427925, "SHAPE.LEN": 21051.3512981862, "GLOBALID": "{178228B8-764C-4C28-8A1E-BE99C2F6C86C}"}}, {"type": "Feature", "id": 3267112, "geometry": {"type": "Polygon", "coordinates": [[[-121.97815, 47.4365], [-121.979, 47.43651], [-121.97965, 47.43608], [-121.97971, 47.43604], [-121.97976, 47.43599], [-121.9798, 47.43595], [-121.97985, 47.4359], [-121.97988, 47.43585], [-121.97991, 47.4358], [-121.97994, 47.43574], [-121.97995, 47.43569], [-121.97997, 47.43564], [-121.98009, 47.43504], [-121.9801, 47.43497], [-121.98013, 47.43491], [-121.98015, 47.43485], [-121.98019, 47.43478], [-121.98023, 47.43472], [-121.98028, 47.43466], [-121.98033, 47.43461], [-121.98039, 47.43455], [-121.98045, 47.4345], [-121.98052, 47.43445], [-121.98059, 47.4344], [-121.98067, 47.43436], [-121.98245, 47.43349], [-121.98332, 47.43305], [-121.98356, 47.43296], [-121.98356, 47.43291], [-121.98356, 47.43267], [-121.98357, 47.43267], [-121.98404, 47.4324], [-121.98437, 47.43221], [-121.9847, 47.43202], [-121.98502, 47.43183], [-121.98534, 47.43163], [-121.98566, 47.43143], [-121.98597, 47.43122], [-121.98627, 47.43101], [-121.98616, 47.43093], [-121.98645, 47.43073], [-121.98674, 47.43052], [-121.98703, 47.43031], [-121.98731, 47.43009], [-121.98759, 47.42988], [-121.98786, 47.42966], [-121.98813, 47.42943], [-121.98827, 47.42932], [-121.98752, 47.42931], [-121.98726, 47.42952], [-121.98699, 47.42973], [-121.98672, 47.42994], [-121.98645, 47.43015], [-121.98617, 47.43035], [-121.98589, 47.43055], [-121.9856, 47.43075], [-121.98546, 47.43085], [-121.98524, 47.4307], [-121.98496, 47.43089], [-121.98467, 47.43108], [-121.98438, 47.43126], [-121.98409, 47.43144], [-121.98429, 47.43159], [-121.98405, 47.43173], [-121.98381, 47.43187], [-121.98357, 47.43201], [-121.9831, 47.43227], [-121.98241, 47.43264], [-121.9819, 47.43289], [-121.97967, 47.43399], [-121.97848, 47.43437], [-121.97818, 47.43435], [-121.97815, 47.4365]]]}, "properties": {"OBJECTID": 3267112, "PARCEL_SYST_ID": 112396, "PARCEL_TYPE_CD": 1, "PARCEL_LABEL_NM": null, "PARCEL_NM": null, "REVERSION_RIGHTS_FLG": "N", "OWN_RIGHT_DISPUTE_FLG": "N", "SURFACE_RIGHTS_FLG": "Y", "MINERAL_RIGHTS_FLG": "Y", "TIMBER_RIGHTS_FLG": "Y", "SURFACE_TRUST_CD": 3, "SURFACE_TRUST_NM": "Common School and Indemnity", "MINERAL_TRUST_CD": 3, "MINERAL_TRUST_NM": "Common School and Indemnity", "TIMBER_TRUST_CD": 3, "TIMBER_TRUST_NM": "Common School and Indemnity", "OWNER_AGENT_SYST_ID": 58706, "STEWARD_AGENT_SYST_ID": 63986, "MANAGER_AGENT_SYST_ID": 63986, "TIMBER_OWNER_NM": null, "TIMBER_EXP_DT": null, "ORIGINAL_PATENT_DT": null, "COUNTY_JURISDICT_DESG_CD": 17, "COUNTY_NM": "King", "COUNTY_PARCEL_NO": null, "REGION_JURISDICT_DESG_CD": 900, "REGION_NM": "South Puget Sound Region", "HCP_JURISDICT_DESG_CD": null, "HCP_DESG_CD": 1, "HCP_DESG_DT": 854611200000, "HCP_WITHDRAWAL_DT": null, "PARCEL_DESC_TXT": null, "EDIT_DATE": 1646960722000, "EDIT_STATUS": 0, "EDIT_WHO": "TSTE490", "EASEMENT_TYPE_CD": null, "EASEMENT_TYPE_NM": null, "PARCEL_ACQUIRE_AUTH_NO": "US PATENT NO 46-70-0069", "PARCEL_DISPOSAL_AUTH_NO": null, "SHAPE.AREA": 931612.9087565, "SHAPE.LEN": 7959.67956007567, "GLOBALID": "{95BBB6FF-65BE-418A-86D8-51FC0FF61AF1}"}}, {"type": "Feature", "id": 3267151, "geometry": {"type": "Polygon", "coordinates": [[[-121.82803, 47.48503], [-121.82794, 47.47788], [-121.82791, 47.47429], [-121.82242, 47.47426], [-121.82242, 47.47426], [-121.82243, 47.47785], [-121.82248, 47.48501], [-121.82803, 47.48503]]]}, "properties": {"OBJECTID": 3267151, "PARCEL_SYST_ID": 14216, "PARCEL_TYPE_CD": 1, "PARCEL_LABEL_NM": null, "PARCEL_NM": null, "REVERSION_RIGHTS_FLG": "N", "OWN_RIGHT_DISPUTE_FLG": "N", "SURFACE_RIGHTS_FLG": "Y", "MINERAL_RIGHTS_FLG": "Y", "TIMBER_RIGHTS_FLG": "Y", "SURFACE_TRUST_CD": 75, "SURFACE_TRUST_NM": "Natural Resources Conservation Area", "MINERAL_TRUST_CD": 75, "MINERAL_TRUST_NM": "Natural Resources Conservation Area", "TIMBER_TRUST_CD": 75, "TIMBER_TRUST_NM": "Natural Resources Conservation Area", "OWNER_AGENT_SYST_ID": 58706, "STEWARD_AGENT_SYST_ID": 63986, "MANAGER_AGENT_SYST_ID": 63986, "TIMBER_OWNER_NM": null, "TIMBER_EXP_DT": null, "ORIGINAL_PATENT_DT": null, "COUNTY_JURISDICT_DESG_CD": 17, "COUNTY_NM": "King", "COUNTY_PARCEL_NO": null, "REGION_JURISDICT_DESG_CD": 900, "REGION_NM": "South Puget Sound Region", "HCP_JURISDICT_DESG_CD": null, "HCP_DESG_CD": 1, "HCP_DESG_DT": 854611200000, "HCP_WITHDRAWAL_DT": null, "PARCEL_DESC_TXT": null, "EDIT_DATE": 1635979948000, "EDIT_STATUS": 1, "EDIT_WHO": "TSTE490", "EASEMENT_TYPE_CD": null, "EASEMENT_TYPE_NM": null, "PARCEL_ACQUIRE_AUTH_NO": "08-073814", "PARCEL_DISPOSAL_AUTH_NO": null, "SHAPE.AREA": 5353768.8395605, "SHAPE.LEN": 10571.3339283968, "GLOBALID": "{C2C87B6D-C926-4AB3-B2AA-257A3267C9DF}"}}, {"type": "Feature", "id": 3267155, "geometry": {"type": "Polygon", "coordinates": [[[-121.82243, 47.46338], [-121.8225, 47.46697], [-121.82242, 47.47066], [-121.83333, 47.47072], [-121.84432, 47.47079], [-121.84405, 47.45632], [-121.83374, 47.45625], [-121.82255, 47.45612], [-121.82243, 47.46338]]]}, "properties": {"OBJECTID": 3267155, "PARCEL_SYST_ID": 113228, "PARCEL_TYPE_CD": 1, "PARCEL_LABEL_NM": null, "PARCEL_NM": null, "REVERSION_RIGHTS_FLG": "N", "OWN_RIGHT_DISPUTE_FLG": "N", "SURFACE_RIGHTS_FLG": "Y", "MINERAL_RIGHTS_FLG": "Y", "TIMBER_RIGHTS_FLG": "Y", "SURFACE_TRUST_CD": 3, "SURFACE_TRUST_NM": "Common School and Indemnity", "MINERAL_TRUST_CD": 3, "MINERAL_TRUST_NM": "Common School and Indemnity", "TIMBER_TRUST_CD": 3, "TIMBER_TRUST_NM": "Common School and Indemnity", "OWNER_AGENT_SYST_ID": 58706, "STEWARD_AGENT_SYST_ID": 63986, "MANAGER_AGENT_SYST_ID": 63986, "TIMBER_OWNER_NM": null, "TIMBER_EXP_DT": null, "ORIGINAL_PATENT_DT": null, "COUNTY_JURISDICT_DESG_CD": 17, "COUNTY_NM": "King", "COUNTY_PARCEL_NO": null, "REGION_JURISDICT_DESG_CD": 900, "REGION_NM": "South Puget Sound Region", "HCP_JURISDICT_DESG_CD": null, "HCP_DESG_CD": 1, "HCP_DESG_DT": 1242716400000, "HCP_WITHDRAWAL_DT": null, "PARCEL_DESC_TXT": "Parcel P", "EDIT_DATE": 1635979948000, "EDIT_STATUS": 0, "EDIT_WHO": "TSTE490", "EASEMENT_TYPE_CD": null, "EASEMENT_TYPE_NM": null, "PARCEL_ACQUIRE_AUTH_NO": "08-084098 08-092174", "PARCEL_DISPOSAL_AUTH_NO": null, "SHAPE.AREA": 28383988.294927, "SHAPE.LEN": 21316.780296730798, "GLOBALID": "{80AE0C4A-9E54-42A1-BA07-53B0933677A7}"}}, {"type": "Feature", "id": 3267452, "geometry": {"type": "Polygon", "coordinates": [[[-121.90845, 47.48923], [-121.90847, 47.49285], [-121.91905, 47.49301], [-121.91907, 47.48577], [-121.91624, 47.48573], [-121.90843, 47.48561], [-121.90845, 47.48923]]]}, "properties": {"OBJECTID": 3267452, "PARCEL_SYST_ID": 381, "PARCEL_TYPE_CD": 1, "PARCEL_LABEL_NM": null, "PARCEL_NM": null, "REVERSION_RIGHTS_FLG": "N", "OWN_RIGHT_DISPUTE_FLG": "N", "SURFACE_RIGHTS_FLG": "Y", "MINERAL_RIGHTS_FLG": "N", "TIMBER_RIGHTS_FLG": "Y", "SURFACE_TRUST_CD": 1, "SURFACE_TRUST_NM": "State Forest Transfer", "MINERAL_TRUST_CD": 0, "MINERAL_TRUST_NM": "Trust Status Not Applicable Or Unknown", "TIMBER_TRUST_CD": 1, "TIMBER_TRUST_NM": "State Forest Transfer", "OWNER_AGENT_SYST_ID": 58706, "STEWARD_AGENT_SYST_ID": 63986, "MANAGER_AGENT_SYST_ID": 63986, "TIMBER_OWNER_NM": null, "TIMBER_EXP_DT": null, "ORIGINAL_PATENT_DT": null, "COUNTY_JURISDICT_DESG_CD": 17, "COUNTY_NM": "King", "COUNTY_PARCEL_NO": null, "REGION_JURISDICT_DESG_CD": 900, "REGION_NM": "South Puget Sound Region", "HCP_JURISDICT_DESG_CD": null, "HCP_DESG_CD": 1, "HCP_DESG_DT": 854611200000, "HCP_WITHDRAWAL_DT": null, "PARCEL_DESC_TXT": null, "EDIT_DATE": 1702601154000, "EDIT_STATUS": 1, "EDIT_WHO": "TSTE490", "EASEMENT_TYPE_CD": null, "EASEMENT_TYPE_NM": null, "PARCEL_ACQUIRE_AUTH_NO": null, "PARCEL_DISPOSAL_AUTH_NO": null, "SHAPE.AREA": 6921546.60435, "SHAPE.LEN": 10525.0675666141, "GLOBALID": "{5473B2BC-D45A-4424-96DA-C126B6CC7F88}"}}, {"type": "Feature", "id": 3267724, "geometry": {"type": "Polygon", "coordinates": [[[-121.93666, 47.47171], [-121.93666, 47.47185], [-121.93676, 47.47204], [-121.93689, 47.47225], [-121.93707, 47.47242], [-121.93731, 47.47252], [-121.93748, 47.47255], [-121.93681, 47.47525], [-121.94027, 47.47533], [-121.94027, 47.47175], [-121.93665, 47.4717], [-121.93666, 47.47171]]]}, "properties": {"OBJECTID": 3267724, "PARCEL_SYST_ID": 113244, "PARCEL_TYPE_CD": 1, "PARCEL_LABEL_NM": null, "PARCEL_NM": null, "REVERSION_RIGHTS_FLG": "N", "OWN_RIGHT_DISPUTE_FLG": "N", "SURFACE_RIGHTS_FLG": "Y", "MINERAL_RIGHTS_FLG": "N", "TIMBER_RIGHTS_FLG": "Y", "SURFACE_TRUST_CD": 1, "SURFACE_TRUST_NM": "State Forest Transfer", "MINERAL_TRUST_CD": 0, "MINERAL_TRUST_NM": "Trust Status Not Applicable Or Unknown", "TIMBER_TRUST_CD": 1, "TIMBER_TRUST_NM": "State Forest Transfer", "OWNER_AGENT_SYST_ID": 58706, "STEWARD_AGENT_SYST_ID": 63986, "MANAGER_AGENT_SYST_ID": 63986, "TIMBER_OWNER_NM": null, "TIMBER_EXP_DT": null, "ORIGINAL_PATENT_DT": null, "COUNTY_JURISDICT_DESG_CD": 17, "COUNTY_NM": "King", "COUNTY_PARCEL_NO": null, "REGION_JURISDICT_DESG_CD": 900, "REGION_NM": "South Puget Sound Region", "HCP_JURISDICT_DESG_CD": null, "HCP_DESG_CD": 1, "HCP_DESG_DT": 854611200000, "HCP_WITHDRAWAL_DT": null, "PARCEL_DESC_TXT": null, "EDIT_DATE": 1679614259000, "EDIT_STATUS": 0, "EDIT_WHO": "TSTE490", "EASEMENT_TYPE_CD": null, "EASEMENT_TYPE_NM": null, "PARCEL_ACQUIRE_AUTH_NO": null, "PARCEL_DISPOSAL_AUTH_NO": null, "SHAPE.AREA": 1025692.348211, "SHAPE.LEN": 4452.95057984648, "GLOBALID": "{A816AF39-8357-4EEA-AC04-A6CBCC9EE982}"}}, {"type": "Feature", "id": 3267792, "geometry": {"type": "Polygon", "coordinates": [[[-121.96269, 47.44241], [-121.96228, 47.4434], [-121.96252, 47.44341], [-121.96252, 47.44341], [-121.97256, 47.44366], [-121.97267, 47.44006], [-121.97279, 47.43646], [-121.97267, 47.43642], [-121.97254, 47.43638], [-121.97242, 47.43635], [-121.97229, 47.43632], [-121.97216, 47.4363], [-121.97203, 47.43628], [-121.97186, 47.43627], [-121.97169, 47.43626], [-121.97153, 47.43626], [-121.97131, 47.43626], [-121.97109, 47.43626], [-121.97088, 47.43627], [-121.97066, 47.43628], [-121.97045, 47.43629], [-121.97025, 47.43631], [-121.97006, 47.43633], [-121.96986, 47.43636], [-121.96967, 47.43639], [-121.96948, 47.43642], [-121.96929, 47.43646], [-121.9691, 47.4365], [-121.96891, 47.43654], [-121.96873, 47.43658], [-121.96866, 47.43646], [-121.96847, 47.43651], [-121.9683, 47.43655], [-121.96812, 47.4366], [-121.96794, 47.43666], [-121.96777, 47.43672], [-121.9676, 47.43678], [-121.96744, 47.43684], [-121.96727, 47.43691], [-121.96711, 47.43698], [-121.96696, 47.43706], [-121.96686, 47.43698], [-121.96669, 47.43706], [-121.96652, 47.43715], [-121.96635, 47.43725], [-121.96619, 47.43734], [-121.96603, 47.43744], [-121.96587, 47.43755], [-121.96572, 47.43765], [-121.96557, 47.43776], [-121.96543, 47.43787], [-121.96538, 47.4379], [-121.96543, 47.43793], [-121.9655, 47.43797], [-121.96564, 47.43806], [-121.9644, 47.43926], [-121.96425, 47.4392], [-121.96416, 47.43917], [-121.96373, 47.43959], [-121.96364, 47.43969], [-121.96354, 47.4398], [-121.9633, 47.44013], [-121.96386, 47.44035], [-121.9633, 47.44142], [-121.96316, 47.44141], [-121.96269, 47.44241]]]}, "properties": {"OBJECTID": 3267792, "PARCEL_SYST_ID": 11204, "PARCEL_TYPE_CD": 1, "PARCEL_LABEL_NM": null, "PARCEL_NM": null, "REVERSION_RIGHTS_FLG": "N", "OWN_RIGHT_DISPUTE_FLG": "N", "SURFACE_RIGHTS_FLG": "Y", "MINERAL_RIGHTS_FLG": "N", "TIMBER_RIGHTS_FLG": "Y", "SURFACE_TRUST_CD": 1, "SURFACE_TRUST_NM": "State Forest Transfer", "MINERAL_TRUST_CD": 0, "MINERAL_TRUST_NM": "Trust Status Not Applicable Or Unknown", "TIMBER_TRUST_CD": 1, "TIMBER_TRUST_NM": "State Forest Transfer", "OWNER_AGENT_SYST_ID": 58706, "STEWARD_AGENT_SYST_ID": 63986, "MANAGER_AGENT_SYST_ID": 63986, "TIMBER_OWNER_NM": null, "TIMBER_EXP_DT": null, "ORIGINAL_PATENT_DT": null, "COUNTY_JURISDICT_DESG_CD": 17, "COUNTY_NM": "King", "COUNTY_PARCEL_NO": null, "REGION_JURISDICT_DESG_CD": 900, "REGION_NM": "South Puget Sound Region", "HCP_JURISDICT_DESG_CD": null, "HCP_DESG_CD": 1, "HCP_DESG_DT": 854611200000, "HCP_WITHDRAWAL_DT": null, "PARCEL_DESC_TXT": null, "EDIT_DATE": 1695252564000, "EDIT_STATUS": 0, "EDIT_WHO": "TSTE490", "EASEMENT_TYPE_CD": null, "EASEMENT_TYPE_NM": null, "PARCEL_ACQUIRE_AUTH_NO": null, "PARCEL_DISPOSAL_AUTH_NO": null, "SHAPE.AREA": 5427844.6570615, "SHAPE.LEN": 9739.00865622174, "GLOBALID": "{8A3DF4A6-B9C0-4410-ADCD-02F2F18D1BC9}"}}, {"type": "Feature", "id": 3268339, "geometry": {"type": "Polygon", "coordinates": [[[-121.97217, 47.5151], [-121.98416, 47.51521], [-121.99464, 47.5153], [-121.994, 47.50854], [-121.99332, 47.50136], [-121.98277, 47.50134], [-121.98295, 47.50314], [-121.98313, 47.50494], [-121.98576, 47.50494], [-121.98612, 47.50853], [-121.99268, 47.50854], [-121.99285, 47.51034], [-121.99154, 47.51034], [-121.99172, 47.51214], [-121.98909, 47.51213], [-121.98892, 47.51034], [-121.98367, 47.51033], [-121.98331, 47.50673], [-121.98056, 47.50673], [-121.98042, 47.50493], [-121.97349, 47.50493], [-121.97326, 47.50591], [-121.97229, 47.50605], [-121.97232, 47.50851], [-121.97217, 47.5151]]]}, "properties": {"OBJECTID": 3268339, "PARCEL_SYST_ID": 12889, "PARCEL_TYPE_CD": 1, "PARCEL_LABEL_NM": null, "PARCEL_NM": null, "REVERSION_RIGHTS_FLG": "N", "OWN_RIGHT_DISPUTE_FLG": "N", "SURFACE_RIGHTS_FLG": "Y", "MINERAL_RIGHTS_FLG": "N", "TIMBER_RIGHTS_FLG": "Y", "SURFACE_TRUST_CD": 75, "SURFACE_TRUST_NM": "Natural Resources Conservation Area", "MINERAL_TRUST_CD": 0, "MINERAL_TRUST_NM": "Trust Status Not Applicable Or Unknown", "TIMBER_TRUST_CD": 75, "TIMBER_TRUST_NM": "Natural Resources Conservation Area", "OWNER_AGENT_SYST_ID": 58706, "STEWARD_AGENT_SYST_ID": 63986, "MANAGER_AGENT_SYST_ID": 63986, "TIMBER_OWNER_NM": null, "TIMBER_EXP_DT": null, "ORIGINAL_PATENT_DT": null, "COUNTY_JURISDICT_DESG_CD": 17, "COUNTY_NM": "King", "COUNTY_PARCEL_NO": null, "REGION_JURISDICT_DESG_CD": 900, "REGION_NM": "South Puget Sound Region", "HCP_JURISDICT_DESG_CD": null, "HCP_DESG_CD": 1, "HCP_DESG_DT": 854611200000, "HCP_WITHDRAWAL_DT": null, "PARCEL_DESC_TXT": null, "EDIT_DATE": 1701304315000, "EDIT_STATUS": 1, "EDIT_WHO": "TSTE490", "EASEMENT_TYPE_CD": null, "EASEMENT_TYPE_NM": null, "PARCEL_ACQUIRE_AUTH_NO": "02-071538", "PARCEL_DISPOSAL_AUTH_NO": null, "SHAPE.AREA": 20350452.026652, "SHAPE.LEN": 30671.4505599956, "GLOBALID": "{17D9C398-C409-46D7-8637-9953D1FB08C2}"}}, {"type": "Feature", "id": 3268346, "geometry": {"type": "Polygon", "coordinates": [[[-121.98018, 47.526], [-121.98293, 47.52603], [-121.98253, 47.5295], [-121.99349, 47.52962], [-121.9935, 47.52962], [-121.99361, 47.52825], [-121.99406, 47.52253], [-121.99464, 47.5153], [-121.98416, 47.51521], [-121.97217, 47.5151], [-121.97201, 47.52231], [-121.97193, 47.52591], [-121.97185, 47.52938], [-121.97719, 47.52944], [-121.97743, 47.52597], [-121.98018, 47.526]]]}, "properties": {"OBJECTID": 3268346, "PARCEL_SYST_ID": 384, "PARCEL_TYPE_CD": 1, "PARCEL_LABEL_NM": null, "PARCEL_NM": null, "REVERSION_RIGHTS_FLG": "N", "OWN_RIGHT_DISPUTE_FLG": "N", "SURFACE_RIGHTS_FLG": "Y", "MINERAL_RIGHTS_FLG": "Y", "TIMBER_RIGHTS_FLG": "Y", "SURFACE_TRUST_CD": 75, "SURFACE_TRUST_NM": "Natural Resources Conservation Area", "MINERAL_TRUST_CD": 3, "MINERAL_TRUST_NM": "Common School and Indemnity", "TIMBER_TRUST_CD": 75, "TIMBER_TRUST_NM": "Natural Resources Conservation Area", "OWNER_AGENT_SYST_ID": 58706, "STEWARD_AGENT_SYST_ID": 63986, "MANAGER_AGENT_SYST_ID": 63986, "TIMBER_OWNER_NM": null, "TIMBER_EXP_DT": null, "ORIGINAL_PATENT_DT": null, "COUNTY_JURISDICT_DESG_CD": 17, "COUNTY_NM": "King", "COUNTY_PARCEL_NO": null, "REGION_JURISDICT_DESG_CD": 900, "REGION_NM": "South Puget Sound Region", "HCP_JURISDICT_DESG_CD": null, "HCP_DESG_CD": 1, "HCP_DESG_DT": 854611200000, "HCP_WITHDRAWAL_DT": null, "PARCEL_DESC_TXT": null, "EDIT_DATE": 1701304315000, "EDIT_STATUS": 1, "EDIT_WHO": "TSTE490", "EASEMENT_TYPE_CD": null, "EASEMENT_TYPE_NM": null, "PARCEL_ACQUIRE_AUTH_NO": "02-051016 US PATENT NO 46-70-0069", "PARCEL_DISPOSAL_AUTH_NO": null, "SHAPE.AREA": 26748491.983003, "SHAPE.LEN": 23916.193099366, "GLOBALID": "{B5696CBC-2D7C-466A-8CFB-12BF9487292B}"}}, {"type": "Feature", "id": 3268350, "geometry": {"type": "Polygon", "coordinates": [[[-121.95251, 47.52573], [-121.95299, 47.52912], [-121.97185, 47.52938], [-121.97193, 47.52591], [-121.97201, 47.52231], [-121.97217, 47.5151], [-121.96168, 47.51508], [-121.96205, 47.52222], [-121.95703, 47.52221], [-121.95649, 47.51506], [-121.9512, 47.51506], [-121.95208, 47.52217], [-121.95251, 47.52573]]]}, "properties": {"OBJECTID": 3268350, "PARCEL_SYST_ID": 12888, "PARCEL_TYPE_CD": 1, "PARCEL_LABEL_NM": null, "PARCEL_NM": null, "REVERSION_RIGHTS_FLG": "N", "OWN_RIGHT_DISPUTE_FLG": "N", "SURFACE_RIGHTS_FLG": "Y", "MINERAL_RIGHTS_FLG": "N", "TIMBER_RIGHTS_FLG": "Y", "SURFACE_TRUST_CD": 75, "SURFACE_TRUST_NM": "Natural Resources Conservation Area", "MINERAL_TRUST_CD": 0, "MINERAL_TRUST_NM": "Trust Status Not Applicable Or Unknown", "TIMBER_TRUST_CD": 75, "TIMBER_TRUST_NM": "Natural Resources Conservation Area", "OWNER_AGENT_SYST_ID": 58706, "STEWARD_AGENT_SYST_ID": 63986, "MANAGER_AGENT_SYST_ID": 63986, "TIMBER_OWNER_NM": null, "TIMBER_EXP_DT": null, "ORIGINAL_PATENT_DT": null, "COUNTY_JURISDICT_DESG_CD": 17, "COUNTY_NM": "King", "COUNTY_PARCEL_NO": null, "REGION_JURISDICT_DESG_CD": 900, "REGION_NM": "South Puget Sound Region", "HCP_JURISDICT_DESG_CD": null, "HCP_DESG_CD": 1, "HCP_DESG_DT": 854611200000, "HCP_WITHDRAWAL_DT": null, "PARCEL_DESC_TXT": null, "EDIT_DATE": 1701304315000, "EDIT_STATUS": 1, "EDIT_WHO": "TSTE490", "EASEMENT_TYPE_CD": null, "EASEMENT_TYPE_NM": null, "PARCEL_ACQUIRE_AUTH_NO": "02-071538", "PARCEL_DISPOSAL_AUTH_NO": null, "SHAPE.AREA": 22164375.3237555, "SHAPE.LEN": 25370.3123724996, "GLOBALID": "{5649DCB0-1BA9-4FB9-A32E-BBC2272C2A58}"}}, {"type": "Feature", "id": 3268354, "geometry": {"type": "Polygon", "coordinates": [[[-121.97225, 47.50313], [-121.98295, 47.50314], [-121.98277, 47.50134], [-121.98126, 47.50135], [-121.981, 47.50135], [-121.97223, 47.50134], [-121.97225, 47.50313]]]}, "properties": {"OBJECTID": 3268354, "PARCEL_SYST_ID": 15259, "PARCEL_TYPE_CD": 1, "PARCEL_LABEL_NM": null, "PARCEL_NM": null, "REVERSION_RIGHTS_FLG": "N", "OWN_RIGHT_DISPUTE_FLG": "N", "SURFACE_RIGHTS_FLG": "Y", "MINERAL_RIGHTS_FLG": "N", "TIMBER_RIGHTS_FLG": "Y", "SURFACE_TRUST_CD": 7, "SURFACE_TRUST_NM": "Capitol Grant", "MINERAL_TRUST_CD": 0, "MINERAL_TRUST_NM": "Trust Status Not Applicable Or Unknown", "TIMBER_TRUST_CD": 7, "TIMBER_TRUST_NM": "Capitol Grant", "OWNER_AGENT_SYST_ID": 58706, "STEWARD_AGENT_SYST_ID": 63986, "MANAGER_AGENT_SYST_ID": 63986, "TIMBER_OWNER_NM": null, "TIMBER_EXP_DT": null, "ORIGINAL_PATENT_DT": null, "COUNTY_JURISDICT_DESG_CD": 17, "COUNTY_NM": "King", "COUNTY_PARCEL_NO": null, "REGION_JURISDICT_DESG_CD": 900, "REGION_NM": "South Puget Sound Region", "HCP_JURISDICT_DESG_CD": null, "HCP_DESG_CD": 1, "HCP_DESG_DT": 854611200000, "HCP_WITHDRAWAL_DT": null, "PARCEL_DESC_TXT": null, "EDIT_DATE": 1701304315000, "EDIT_STATUS": 1, "EDIT_WHO": "TSTE490", "EASEMENT_TYPE_CD": null, "EASEMENT_TYPE_NM": null, "PARCEL_ACQUIRE_AUTH_NO": null, "PARCEL_DISPOSAL_AUTH_NO": null, "SHAPE.AREA": 1716415.7943755, "SHAPE.LEN": 6562.27359022224, "GLOBALID": "{C1BC5435-5090-46AB-B7E8-981B811D0B44}"}}, {"type": "Feature", "id": 3268533, "geometry": {"type": "Polygon", "coordinates": [[[-121.87151, 47.7203], [-121.87158, 47.72029], [-121.87164, 47.72028], [-121.87171, 47.72028], [-121.87178, 47.72028], [-121.87185, 47.72029], [-121.87191, 47.7203], [-121.87198, 47.72032], [-121.87204, 47.72033], [-121.8721, 47.72036], [-121.87215, 47.72038], [-121.8724, 47.72059], [-121.87245, 47.72063], [-121.87251, 47.72066], [-121.87257, 47.7207], [-121.87264, 47.72073], [-121.8727, 47.72076], [-121.87278, 47.72078], [-121.87285, 47.7208], [-121.87293, 47.72082], [-121.873, 47.72083], [-121.87308, 47.72084], [-121.87406, 47.721], [-121.87429, 47.72104], [-121.8746, 47.72109], [-121.8749, 47.72114], [-121.87521, 47.7212], [-121.87551, 47.72126], [-121.87665, 47.72162], [-121.87676, 47.72166], [-121.87686, 47.7217], [-121.87695, 47.72174], [-121.87705, 47.72178], [-121.87714, 47.72183], [-121.87722, 47.72188], [-121.8773, 47.72194], [-121.87738, 47.722], [-121.87745, 47.72206], [-121.87752, 47.72212], [-121.87758, 47.72218], [-121.87764, 47.72225], [-121.87769, 47.72232], [-121.87773, 47.72239], [-121.87777, 47.72246], [-121.87781, 47.72254], [-121.87784, 47.72261], [-121.87786, 47.72269], [-121.87787, 47.72277], [-121.87788, 47.72284], [-121.87788, 47.72288], [-121.8779, 47.72419], [-121.87791, 47.72429], [-121.87792, 47.72439], [-121.87794, 47.72449], [-121.87797, 47.72459], [-121.87801, 47.72468], [-121.87805, 47.72478], [-121.87809, 47.72487], [-121.87812, 47.72492], [-121.87814, 47.72497], [-121.87818, 47.72502], [-121.87822, 47.72507], [-121.87826, 47.72511], [-121.87831, 47.72515], [-121.87836, 47.72519], [-121.87842, 47.72523], [-121.87848, 47.72526], [-121.87854, 47.72529], [-121.87882, 47.72544], [-121.8791, 47.72558], [-121.87938, 47.72571], [-121.87952, 47.72285], [-121.87954, 47.71928], [-121.88474, 47.71929], [-121.88468, 47.71569], [-121.87446, 47.71572], [-121.86384, 47.71569], [-121.86357, 47.72276], [-121.8689, 47.72279], [-121.86899, 47.72038], [-121.86983, 47.72044], [-121.86992, 47.72046], [-121.87002, 47.72046], [-121.87011, 47.72047], [-121.8702, 47.72047], [-121.8703, 47.72047], [-121.87039, 47.72046], [-121.87048, 47.72045], [-121.87058, 47.72044], [-121.87089, 47.72039], [-121.8712, 47.72034], [-121.87151, 47.7203]]]}, "properties": {"OBJECTID": 3268533, "PARCEL_SYST_ID": 13177, "PARCEL_TYPE_CD": 1, "PARCEL_LABEL_NM": null, "PARCEL_NM": null, "REVERSION_RIGHTS_FLG": "N", "OWN_RIGHT_DISPUTE_FLG": "N", "SURFACE_RIGHTS_FLG": "Y", "MINERAL_RIGHTS_FLG": "N", "TIMBER_RIGHTS_FLG": "Y", "SURFACE_TRUST_CD": 7, "SURFACE_TRUST_NM": "Capitol Grant", "MINERAL_TRUST_CD": 0, "MINERAL_TRUST_NM": "Trust Status Not Applicable Or Unknown", "TIMBER_TRUST_CD": 7, "TIMBER_TRUST_NM": "Capitol Grant", "OWNER_AGENT_SYST_ID": 58706, "STEWARD_AGENT_SYST_ID": 63986, "MANAGER_AGENT_SYST_ID": 63986, "TIMBER_OWNER_NM": null, "TIMBER_EXP_DT": null, "ORIGINAL_PATENT_DT": null, "COUNTY_JURISDICT_DESG_CD": 17, "COUNTY_NM": "King", "COUNTY_PARCEL_NO": null, "REGION_JURISDICT_DESG_CD": 900, "REGION_NM": "South Puget Sound Region", "HCP_JURISDICT_DESG_CD": null, "HCP_DESG_CD": 1, "HCP_DESG_DT": 854611200000, "HCP_WITHDRAWAL_DT": null, "PARCEL_DESC_TXT": null, "EDIT_DATE": 1756424792000, "EDIT_STATUS": 1, "EDIT_WHO": "TSTE490", "EASEMENT_TYPE_CD": null, "EASEMENT_TYPE_NM": null, "PARCEL_ACQUIRE_AUTH_NO": null, "PARCEL_DISPOSAL_AUTH_NO": null, "SHAPE.AREA": 10598380.55673, "SHAPE.LEN": 18620.075764095, "GLOBALID": "{78B920AF-6BF0-480E-968B-7CD38C5A03B3}"}}, {"type": "Feature", "id": 3268544, "geometry": {"type": "Polygon", "coordinates": [[[-121.89991, 47.74416], [-121.90022, 47.74417], [-121.90026, 47.74062], [-121.89498, 47.7406], [-121.89499, 47.73713], [-121.88445, 47.73726], [-121.88436, 47.74436], [-121.89496, 47.74407], [-121.89991, 47.74416]]]}, "properties": {"OBJECTID": 3268544, "PARCEL_SYST_ID": 13176, "PARCEL_TYPE_CD": 1, "PARCEL_LABEL_NM": null, "PARCEL_NM": null, "REVERSION_RIGHTS_FLG": "N", "OWN_RIGHT_DISPUTE_FLG": "N", "SURFACE_RIGHTS_FLG": "Y", "MINERAL_RIGHTS_FLG": "N", "TIMBER_RIGHTS_FLG": "Y", "SURFACE_TRUST_CD": 3, "SURFACE_TRUST_NM": "Common School and Indemnity", "MINERAL_TRUST_CD": 0, "MINERAL_TRUST_NM": "Trust Status Not Applicable Or Unknown", "TIMBER_TRUST_CD": 3, "TIMBER_TRUST_NM": "Common School and Indemnity", "OWNER_AGENT_SYST_ID": 58706, "STEWARD_AGENT_SYST_ID": 63986, "MANAGER_AGENT_SYST_ID": 63986, "TIMBER_OWNER_NM": null, "TIMBER_EXP_DT": null, "ORIGINAL_PATENT_DT": null, "COUNTY_JURISDICT_DESG_CD": 17, "COUNTY_NM": "King", "COUNTY_PARCEL_NO": null, "REGION_JURISDICT_DESG_CD": 900, "REGION_NM": "South Puget Sound Region", "HCP_JURISDICT_DESG_CD": null, "HCP_DESG_CD": 1, "HCP_DESG_DT": 854611200000, "HCP_WITHDRAWAL_DT": null, "PARCEL_DESC_TXT": null, "EDIT_DATE": 1756424792000, "EDIT_STATUS": 1, "EDIT_WHO": "TSTE490", "EASEMENT_TYPE_CD": null, "EASEMENT_TYPE_NM": null, "PARCEL_ACQUIRE_AUTH_NO": null, "PARCEL_DISPOSAL_AUTH_NO": null, "SHAPE.AREA": 8331000.459171, "SHAPE.LEN": 12956.1835876279, "GLOBALID": "{5D72ADE9-1F5A-4881-99E9-47AF100EF3D4}"}}, {"type": "Feature", "id": 3268545, "geometry": {"type": "Polygon", "coordinates": [[[-121.88445, 47.73726], [-121.89499, 47.73713], [-121.89501, 47.73356], [-121.8897, 47.73362], [-121.88439, 47.73368], [-121.88445, 47.73726]]]}, "properties": {"OBJECTID": 3268545, "PARCEL_SYST_ID": 15262, "PARCEL_TYPE_CD": 1, "PARCEL_LABEL_NM": null, "PARCEL_NM": null, "REVERSION_RIGHTS_FLG": "N", "OWN_RIGHT_DISPUTE_FLG": "N", "SURFACE_RIGHTS_FLG": "Y", "MINERAL_RIGHTS_FLG": "N", "TIMBER_RIGHTS_FLG": "Y", "SURFACE_TRUST_CD": 1, "SURFACE_TRUST_NM": "State Forest Transfer", "MINERAL_TRUST_CD": 0, "MINERAL_TRUST_NM": "Trust Status Not Applicable Or Unknown", "TIMBER_TRUST_CD": 1, "TIMBER_TRUST_NM": "State Forest Transfer", "OWNER_AGENT_SYST_ID": 58706, "STEWARD_AGENT_SYST_ID": 63986, "MANAGER_AGENT_SYST_ID": 63986, "TIMBER_OWNER_NM": null, "TIMBER_EXP_DT": null, "ORIGINAL_PATENT_DT": null, "COUNTY_JURISDICT_DESG_CD": 17, "COUNTY_NM": "King", "COUNTY_PARCEL_NO": null, "REGION_JURISDICT_DESG_CD": 900, "REGION_NM": "South Puget Sound Region", "HCP_JURISDICT_DESG_CD": null, "HCP_DESG_CD": 1, "HCP_DESG_DT": 854611200000, "HCP_WITHDRAWAL_DT": null, "PARCEL_DESC_TXT": null, "EDIT_DATE": 1756424792000, "EDIT_STATUS": 1, "EDIT_WHO": "TSTE490", "EASEMENT_TYPE_CD": null, "EASEMENT_TYPE_NM": null, "PARCEL_ACQUIRE_AUTH_NO": null, "PARCEL_DISPOSAL_AUTH_NO": null, "SHAPE.AREA": 3393801.1112755, "SHAPE.LEN": 7816.60484611176, "GLOBALID": "{400E332B-B82D-406C-AF8A-C3C560D170EF}"}}]}