{
"type": "FeatureCollection",
"name": "king_mrds",
"crs": { "type": "name", "properties": { "name": "urn:ogc:def:crs:OGC:1.3:CRS84" } },
"features": [
{ "type": "Feature", "properties": { "gml_id": "mrds.246618", "lowerCorner": "47.727610 -121.871520", "upperCorner": "47.727610 -121.871520", "dep_id": 10252991, "site_name": "Swan Quarry", "dev_stat": "Past Producer", "fips_code": "f53033", "huc_code": "h17110010", "quad_code": "q48122NWB3", "url": "https://mrdata.usgs.gov/mrds/show-mrds.php?dep_id=10252991", "code_list": "STN_C" }, "geometry": { "type": "Point", "coordinates": [ 47.72761, -121.87152 ] } },
{ "type": "Feature", "properties": { "gml_id": "mrds.246702", "lowerCorner": "47.672010 -121.566510", "upperCorner": "47.672010 -121.566510", "dep_id": 10253076, "site_name": "Mount Phelps", "dev_stat": "Prospect", "fips_code": "f53033", "huc_code": "h17110010", "quad_code": "q48122NWD3", "url": "https://mrdata.usgs.gov/mrds/show-mrds.php?dep_id=10253076", "code_list": "ZN CU AU PB AG" }, "geometry": { "type": "Point", "coordinates": [ 47.67201, -121.56651 ] } },
{ "type": "Feature", "properties": { "gml_id": "mrds.127889", "lowerCorner": "47.624810 -122.195620", "upperCorner": "47.624810 -122.195620", "dep_id": 10131418, "site_name": "Unnamed Pit", "dev_stat": "Past Producer", "fips_code": "f53033", "huc_code": "h17110012", "quad_code": "q48124NEG4", "url": "https://mrdata.usgs.gov/mrds/show-mrds.php?dep_id=10131418", "code_list": "SDG" }, "geometry": { "type": "Point", "coordinates": [ 47.62481, -122.19562 ] } },
{ "type": "Feature", "properties": { "gml_id": "mrds.127999", "lowerCorner": "47.462610 -122.149820", "upperCorner": "47.462610 -122.149820", "dep_id": 10131531, "site_name": "Gravel Pit", "dev_stat": "Past Producer", "fips_code": "f53033", "huc_code": "h17110012", "quad_code": "q48124SEG1", "url": "https://mrdata.usgs.gov/mrds/show-mrds.php?dep_id=10131531", "code_list": "SDG" }, "geometry": { "type": "Point", "coordinates": [ 47.46261, -122.14982 ] } },
{ "type": "Feature", "properties": { "gml_id": "mrds.128151", "lowerCorner": "47.426210 -122.272020", "upperCorner": "47.426210 -122.272020", "dep_id": 10131689, "site_name": "Coluccio Pit", "dev_stat": "Past Producer", "fips_code": "f53033", "huc_code": "h17110013", "quad_code": "q48124SEF1", "url": "https://mrdata.usgs.gov/mrds/show-mrds.php?dep_id=10131689", "code_list": "SDG" }, "geometry": { "type": "Point", "coordinates": [ 47.42621, -122.27202 ] } },
{ "type": "Feature", "properties": { "gml_id": "mrds.128416", "lowerCorner": "47.647310 -122.199320", "upperCorner": "47.647310 -122.199320", "dep_id": 10131956, "site_name": "Gravel Pit", "dev_stat": "Past Producer", "fips_code": "f53033", "huc_code": "h17110012", "quad_code": "q48124NEG3", "url": "https://mrdata.usgs.gov/mrds/show-mrds.php?dep_id=10131956", "code_list": "SDG" }, "geometry": { "type": "Point", "coordinates": [ 47.64731, -122.19932 ] } },
{ "type": "Feature", "properties": { "gml_id": "mrds.151917", "lowerCorner": "47.678410 -122.032020", "upperCorner": "47.678410 -122.032020", "dep_id": 10156043, "site_name": "Issaquah Pit", "dev_stat": "Past Producer", "fips_code": "f53033", "huc_code": "h17110012", "quad_code": "q48124NEH3", "url": "https://mrdata.usgs.gov/mrds/show-mrds.php?dep_id=10156043", "code_list": "SDG" }, "geometry": { "type": "Point", "coordinates": [ 47.67841, -122.03202 ] } },
{ "type": "Feature", "properties": { "gml_id": "mrds.175206", "lowerCorner": "47.483410 -122.182020", "upperCorner": "47.483410 -122.182020", "dep_id": 10179899, "site_name": "Gravel Pit", "dev_stat": "Past Producer", "fips_code": "f53033", "huc_code": "h17110012", "quad_code": "q48124SEG1", "url": "https://mrdata.usgs.gov/mrds/show-mrds.php?dep_id=10179899", "code_list": "SDG" }, "geometry": { "type": "Point", "coordinates": [ 47.48341, -122.18202 ] } },
{ "type": "Feature", "properties": { "gml_id": "mrds.175799", "lowerCorner": "47.547910 -122.155120", "upperCorner": "47.547910 -122.155120", "dep_id": 10180501, "site_name": "Coal Creek Pit and Plant", "dev_stat": "Past Producer", "fips_code": "f53033", "huc_code": "h17110012", "quad_code": "q48124NEG4", "url": "https://mrdata.usgs.gov/mrds/show-mrds.php?dep_id=10180501", "code_list": "SDG" }, "geometry": { "type": "Point", "coordinates": [ 47.54791, -122.15512 ] } },
{ "type": "Feature", "properties": { "gml_id": "mrds.179179", "lowerCorner": "47.466510 -122.069320", "upperCorner": "47.466510 -122.069320", "dep_id": 10183979, "site_name": "Cedar Mountain Property", "dev_stat": "Prospect", "fips_code": "f53033", "huc_code": "h17110012", "quad_code": "q48124SEH1", "url": "https://mrdata.usgs.gov/mrds/show-mrds.php?dep_id=10183979", "code_list": "STN_C SIL" }, "geometry": { "type": "Point", "coordinates": [ 47.46651, -122.06932 ] } },
{ "type": "Feature", "properties": { "gml_id": "mrds.199081", "lowerCorner": "47.575410 -122.127620", "upperCorner": "47.575410 -122.127620", "dep_id": 10204321, "site_name": "Unnamed Pit", "dev_stat": "Past Producer", "fips_code": "f53033", "huc_code": "h17110012", "quad_code": "q48124NEG4", "url": "https://mrdata.usgs.gov/mrds/show-mrds.php?dep_id=10204321", "code_list": "SDG" }, "geometry": { "type": "Point", "coordinates": [ 47.57541, -122.12762 ] } },
{ "type": "Feature", "properties": { "gml_id": "mrds.246164", "lowerCorner": "47.433110 -122.267020", "upperCorner": "47.433110 -122.267020", "dep_id": 10252530, "site_name": "Gravel Pit", "dev_stat": "Past Producer", "fips_code": "f53033", "huc_code": "h17110013", "quad_code": "q48124SEF1", "url": "https://mrdata.usgs.gov/mrds/show-mrds.php?dep_id=10252530", "code_list": "SDG" }, "geometry": { "type": "Point", "coordinates": [ 47.43311, -122.26702 ] } },
{ "type": "Feature", "properties": { "gml_id": "mrds.246342", "lowerCorner": "47.417310 -122.284020", "upperCorner": "47.417310 -122.284020", "dep_id": 10252709, "site_name": "J.K. Gunter Pit", "dev_stat": "Past Producer", "fips_code": "f53033", "huc_code": "h17110013", "quad_code": "q48124SEF1", "url": "https://mrdata.usgs.gov/mrds/show-mrds.php?dep_id=10252709", "code_list": "SDG" }, "geometry": { "type": "Point", "coordinates": [ 47.41731, -122.28402 ] } },
{ "type": "Feature", "properties": { "gml_id": "mrds.246518", "lowerCorner": "47.664010 -122.085920", "upperCorner": "47.664010 -122.085920", "dep_id": 10252888, "site_name": "Hos Brothers Pit", "dev_stat": "Past Producer", "fips_code": "f53033", "huc_code": "h17110012", "quad_code": "q48124NEH3", "url": "https://mrdata.usgs.gov/mrds/show-mrds.php?dep_id=10252888", "code_list": "SDG" }, "geometry": { "type": "Point", "coordinates": [ 47.66401, -122.08592 ] } },
{ "type": "Feature", "properties": { "gml_id": "mrds.250574", "lowerCorner": "47.630910 -122.169020", "upperCorner": "47.630910 -122.169020", "dep_id": 10257069, "site_name": "Unnamed Pit", "dev_stat": "Past Producer", "fips_code": "f53033", "huc_code": "h17110012", "quad_code": "q48124NEG3", "url": "https://mrdata.usgs.gov/mrds/show-mrds.php?dep_id=10257069", "code_list": "SDG" }, "geometry": { "type": "Point", "coordinates": [ 47.63091, -122.16902 ] } },
{ "type": "Feature", "properties": { "gml_id": "mrds.293944", "lowerCorner": "47.647310 -122.040120", "upperCorner": "47.647310 -122.040120", "dep_id": 10301426, "site_name": "Unnamed Pit", "dev_stat": "Past Producer", "fips_code": "f53033", "huc_code": "h17110012", "quad_code": "q48124NEH3", "url": "https://mrdata.usgs.gov/mrds/show-mrds.php?dep_id=10301426", "code_list": "SDG" }, "geometry": { "type": "Point", "coordinates": [ 47.64731, -122.04012 ] } },
{ "type": "Feature", "properties": { "gml_id": "mrds.294463", "lowerCorner": "47.489510 -122.181220", "upperCorner": "47.489510 -122.181220", "dep_id": 10301949, "site_name": "Renton Pit", "dev_stat": "Past Producer", "fips_code": "f53033", "huc_code": "h17110012", "quad_code": "q48124SEG1", "url": "https://mrdata.usgs.gov/mrds/show-mrds.php?dep_id=10301949", "code_list": "SDG" }, "geometry": { "type": "Point", "coordinates": [ 47.48951, -122.18122 ] } },
{ "type": "Feature", "properties": { "gml_id": "mrds.128215", "lowerCorner": "47.522010 -121.962310", "upperCorner": "47.522010 -121.962310", "dep_id": 10131753, "site_name": "Unnamed Pit", "dev_stat": "Past Producer", "fips_code": "f53033", "huc_code": "h17110012", "quad_code": "q48122NWA4", "url": "https://mrdata.usgs.gov/mrds/show-mrds.php?dep_id=10131753", "code_list": "SDG" }, "geometry": { "type": "Point", "coordinates": [ 47.52201, -121.96231 ] } },
{ "type": "Feature", "properties": { "gml_id": "mrds.128217", "lowerCorner": "47.430910 -121.649300", "upperCorner": "47.430910 -121.649300", "dep_id": 10131755, "site_name": "Unnamed Pit", "dev_stat": "Past Producer", "fips_code": "f53033", "huc_code": "h17110010", "quad_code": "q48122SWC1", "url": "https://mrdata.usgs.gov/mrds/show-mrds.php?dep_id=10131755", "code_list": "SDG" }, "geometry": { "type": "Point", "coordinates": [ 47.43091, -121.6493 ] } },
{ "type": "Feature", "properties": { "gml_id": "mrds.151366", "lowerCorner": "47.419210 -121.684500", "upperCorner": "47.419210 -121.684500", "dep_id": 10155484, "site_name": "Della Jane", "dev_stat": "Unknown", "fips_code": "f53033", "huc_code": "h17110010", "quad_code": "q48122SWC1", "url": "https://mrdata.usgs.gov/mrds/show-mrds.php?dep_id=10155484", "code_list": "AU" }, "geometry": { "type": "Point", "coordinates": [ 47.41921, -121.6845 ] } },
{ "type": "Feature", "properties": { "gml_id": "mrds.151539", "lowerCorner": "47.532010 -121.720610", "upperCorner": "47.532010 -121.720610", "dep_id": 10155659, "site_name": "Legal Tender", "dev_stat": "Unknown", "fips_code": "f53033", "huc_code": "h17110010", "quad_code": "q48122NWC4", "url": "https://mrdata.usgs.gov/mrds/show-mrds.php?dep_id=10155659", "code_list": "AU CU" }, "geometry": { "type": "Point", "coordinates": [ 47.53201, -121.72061 ] } },
{ "type": "Feature", "properties": { "gml_id": "mrds.151647", "lowerCorner": "47.541510 -122.037320", "upperCorner": "47.541510 -122.037320", "dep_id": 10155769, "site_name": "Ps A 224 Pit", "dev_stat": "Past Producer", "fips_code": "f53033", "huc_code": "h17110012", "quad_code": "q48124NEH4", "url": "https://mrdata.usgs.gov/mrds/show-mrds.php?dep_id=10155769", "code_list": "SDG" }, "geometry": { "type": "Point", "coordinates": [ 47.54151, -122.03732 ] } },
{ "type": "Feature", "properties": { "gml_id": "mrds.175237", "lowerCorner": "47.466510 -121.706810", "upperCorner": "47.466510 -121.706810", "dep_id": 10179930, "site_name": "Gravel Pit", "dev_stat": "Past Producer", "fips_code": "f53033", "huc_code": "h17110010", "quad_code": "q48122SWC1", "url": "https://mrdata.usgs.gov/mrds/show-mrds.php?dep_id=10179930", "code_list": "SDG" }, "geometry": { "type": "Point", "coordinates": [ 47.46651, -121.70681 ] } },
{ "type": "Feature", "properties": { "gml_id": "mrds.175570", "lowerCorner": "47.566510 -122.024820", "upperCorner": "47.566510 -122.024820", "dep_id": 10180269, "site_name": "Unnamed Pit", "dev_stat": "Past Producer", "fips_code": "f53033", "huc_code": "h17110012", "quad_code": "q48124NEH4", "url": "https://mrdata.usgs.gov/mrds/show-mrds.php?dep_id=10180269", "code_list": "SDG" }, "geometry": { "type": "Point", "coordinates": [ 47.56651, -122.02482 ] } },
{ "type": "Feature", "properties": { "gml_id": "mrds.175674", "lowerCorner": "47.504010 -121.797010", "upperCorner": "47.504010 -121.797010", "dep_id": 10180373, "site_name": "Pratt Pit", "dev_stat": "Past Producer", "fips_code": "f53033", "huc_code": "h17110010", "quad_code": "q48122NWB4", "url": "https://mrdata.usgs.gov/mrds/show-mrds.php?dep_id=10180373", "code_list": "SDG" }, "geometry": { "type": "Point", "coordinates": [ 47.50401, -121.79701 ] } },
{ "type": "Feature", "properties": { "gml_id": "mrds.222742", "lowerCorner": "47.527010 -121.742010", "upperCorner": "47.527010 -121.742010", "dep_id": 10228528, "site_name": "Leta", "dev_stat": "Unknown", "fips_code": "f53033", "huc_code": "h17110010", "quad_code": "q48122NWC4", "url": "https://mrdata.usgs.gov/mrds/show-mrds.php?dep_id=10228528", "code_list": "AU CU AG" }, "geometry": { "type": "Point", "coordinates": [ 47.52701, -121.74201 ] } },
{ "type": "Feature", "properties": { "gml_id": "mrds.246535", "lowerCorner": "47.509010 -121.808110", "upperCorner": "47.509010 -121.808110", "dep_id": 10252905, "site_name": "Stoen North Bend Quarry", "dev_stat": "Producer", "fips_code": "f53033", "huc_code": "h17110010", "quad_code": "q48122NWB4", "url": "https://mrdata.usgs.gov/mrds/show-mrds.php?dep_id=10252905", "code_list": "STN_C" }, "geometry": { "type": "Point", "coordinates": [ 47.50901, -121.80811 ] } },
{ "type": "Feature", "properties": { "gml_id": "mrds.270556", "lowerCorner": "47.539810 -121.741810", "upperCorner": "47.539810 -121.741810", "dep_id": 10277492, "site_name": "North Fork Pit", "dev_stat": "Past Producer", "fips_code": "f53033", "huc_code": "h17110010", "quad_code": "q48122NWC4", "url": "https://mrdata.usgs.gov/mrds/show-mrds.php?dep_id=10277492", "code_list": "SDG" }, "geometry": { "type": "Point", "coordinates": [ 47.53981, -121.74181 ] } },
{ "type": "Feature", "properties": { "gml_id": "mrds.293913", "lowerCorner": "47.424810 -121.780410", "upperCorner": "47.424810 -121.780410", "dep_id": 10301395, "site_name": "City of Seattle Road 10 Pit", "dev_stat": "Past Producer", "fips_code": "f53033", "huc_code": "h17110012", "quad_code": "q48122SWB1", "url": "https://mrdata.usgs.gov/mrds/show-mrds.php?dep_id=10301395", "code_list": "SDG" }, "geometry": { "type": "Point", "coordinates": [ 47.42481, -121.78041 ] } },
{ "type": "Feature", "properties": { "gml_id": "mrds.293938", "lowerCorner": "47.550610 -121.707010", "upperCorner": "47.550610 -121.707010", "dep_id": 10301420, "site_name": "Pioneer Quarry Site", "dev_stat": "Past Producer", "fips_code": "f53033", "huc_code": "h17110010", "quad_code": "q48122NWC4", "url": "https://mrdata.usgs.gov/mrds/show-mrds.php?dep_id=10301420", "code_list": "SDG" }, "geometry": { "type": "Point", "coordinates": [ 47.55061, -121.70701 ] } },
{ "type": "Feature", "properties": { "gml_id": "mrds.294525", "lowerCorner": "47.472910 -121.710910", "upperCorner": "47.472910 -121.710910", "dep_id": 10302012, "site_name": "Unnamed Pit", "dev_stat": "Past Producer", "fips_code": "f53033", "huc_code": "h17110010", "quad_code": "q48122SWC1", "url": "https://mrdata.usgs.gov/mrds/show-mrds.php?dep_id=10302012", "code_list": "SDG" }, "geometry": { "type": "Point", "coordinates": [ 47.47291, -121.71091 ] } },
{ "type": "Feature", "properties": { "gml_id": "mrds.127489", "lowerCorner": "47.494210 -122.284020", "upperCorner": "47.494210 -122.284020", "dep_id": 10131015, "site_name": "Riverton Quarry", "dev_stat": "Past Producer", "fips_code": "f53033", "huc_code": "h17110013", "quad_code": "q48124SEF1", "url": "https://mrdata.usgs.gov/mrds/show-mrds.php?dep_id=10131015", "code_list": "STN_C" }, "geometry": { "type": "Point", "coordinates": [ 47.49421, -122.28402 ] } },
{ "type": "Feature", "properties": { "gml_id": "mrds.127706", "lowerCorner": "47.672020 -121.344000", "upperCorner": "47.672020 -121.344000", "dep_id": 10131234, "site_name": "Brooklyn", "dev_stat": "Unknown", "fips_code": "f53033", "huc_code": "h17110009", "quad_code": "q48122NWF3", "url": "https://mrdata.usgs.gov/mrds/show-mrds.php?dep_id=10131234", "code_list": "CU AU AG" }, "geometry": { "type": "Point", "coordinates": [ 47.67202, -121.344 ] } },
{ "type": "Feature", "properties": { "gml_id": "mrds.128327", "lowerCorner": "47.439520 -121.291190", "upperCorner": "47.439520 -121.291190", "dep_id": 10131866, "site_name": "Park Lakes Trail", "dev_stat": "Prospect", "fips_code": "f53037", "huc_code": "h17030001", "quad_code": "q48122SWF1", "url": "https://mrdata.usgs.gov/mrds/show-mrds.php?dep_id=10131866", "code_list": "AU CU PB MO AG" }, "geometry": { "type": "Point", "coordinates": [ 47.43952, -121.29119 ] } },
{ "type": "Feature", "properties": { "gml_id": "mrds.128393", "lowerCorner": "47.661210 -121.424000", "upperCorner": "47.661210 -121.424000", "dep_id": 10131933, "site_name": "King and Kinney", "dev_stat": "Prospect", "fips_code": "f53033", "huc_code": "h17110009", "quad_code": "q48122NWE3", "url": "https://mrdata.usgs.gov/mrds/show-mrds.php?dep_id=10131933", "code_list": "CU AU PB AG ZN" }, "geometry": { "type": "Point", "coordinates": [ 47.66121, -121.424 ] } },
{ "type": "Feature", "properties": { "gml_id": "mrds.128420", "lowerCorner": "47.616710 -121.513700", "upperCorner": "47.616710 -121.513700", "dep_id": 10131960, "site_name": "Pine Marten Prospect", "dev_stat": "Prospect", "fips_code": "f53033", "huc_code": "h17110010", "quad_code": "q48122NWD4", "url": "https://mrdata.usgs.gov/mrds/show-mrds.php?dep_id=10131960", "code_list": "CU MO AG" }, "geometry": { "type": "Point", "coordinates": [ 47.61671, -121.5137 ] } },
{ "type": "Feature", "properties": { "gml_id": "mrds.151524", "lowerCorner": "47.639510 -121.486200", "upperCorner": "47.639510 -121.486200", "dep_id": 10155644, "site_name": "Bear Basin Property", "dev_stat": "Past Producer", "fips_code": "f53033", "huc_code": "h17110009", "quad_code": "q48122NWE3", "url": "https://mrdata.usgs.gov/mrds/show-mrds.php?dep_id=10155644", "code_list": "AG SB CU AU PB ZN" }, "geometry": { "type": "Point", "coordinates": [ 47.63951, -121.4862 ] } },
{ "type": "Feature", "properties": { "gml_id": "mrds.199423", "lowerCorner": "47.699810 -121.441500", "upperCorner": "47.699810 -121.441500", "dep_id": 10204668, "site_name": "Sara Williams", "dev_stat": "Unknown", "fips_code": "f53033", "huc_code": "h17110009", "quad_code": "q48122NWE3", "url": "https://mrdata.usgs.gov/mrds/show-mrds.php?dep_id=10204668", "code_list": "AU" }, "geometry": { "type": "Point", "coordinates": [ 47.69981, -121.4415 ] } },
{ "type": "Feature", "properties": { "gml_id": "mrds.199677", "lowerCorner": "47.699810 -121.441500", "upperCorner": "47.699810 -121.441500", "dep_id": 10204922, "site_name": "Black Bear", "dev_stat": "Unknown", "fips_code": "f53033", "huc_code": "h17110009", "quad_code": "q48122NWE3", "url": "https://mrdata.usgs.gov/mrds/show-mrds.php?dep_id=10204922", "code_list": "AU" }, "geometry": { "type": "Point", "coordinates": [ 47.69981, -121.4415 ] } },
{ "type": "Feature", "properties": { "gml_id": "mrds.222914", "lowerCorner": "47.713710 -121.506810", "upperCorner": "47.713710 -121.506810", "dep_id": 10228702, "site_name": "Mohawk", "dev_stat": "Unknown", "fips_code": "f53033", "huc_code": "h17110009", "quad_code": "q48122NWD3", "url": "https://mrdata.usgs.gov/mrds/show-mrds.php?dep_id=10228702", "code_list": "PB ZN" }, "geometry": { "type": "Point", "coordinates": [ 47.71371, -121.50681 ] } },
{ "type": "Feature", "properties": { "gml_id": "mrds.222929", "lowerCorner": "47.708120 -121.333100", "upperCorner": "47.708120 -121.333100", "dep_id": 10228717, "site_name": "Copper Duke", "dev_stat": "Unknown", "fips_code": "f53033", "huc_code": "h17110009", "quad_code": "q48122NWF3", "url": "https://mrdata.usgs.gov/mrds/show-mrds.php?dep_id=10228717", "code_list": "AU CU AG" }, "geometry": { "type": "Point", "coordinates": [ 47.70812, -121.3331 ] } },
{ "type": "Feature", "properties": { "gml_id": "mrds.246875", "lowerCorner": "47.477610 -122.201220", "upperCorner": "47.477610 -122.201220", "dep_id": 10253251, "site_name": "Renton Mine", "dev_stat": "Past Producer", "fips_code": "f53033", "huc_code": "h17110012", "quad_code": "q48124SEG1", "url": "https://mrdata.usgs.gov/mrds/show-mrds.php?dep_id=10253251", "code_list": "SIL" }, "geometry": { "type": "Point", "coordinates": [ 47.47761, -122.20122 ] } },
{ "type": "Feature", "properties": { "gml_id": "mrds.270263", "lowerCorner": "47.683110 -121.469300", "upperCorner": "47.683110 -121.469300", "dep_id": 10277194, "site_name": "Last Chance", "dev_stat": "Prospect", "fips_code": "f53033", "huc_code": "h17110009", "quad_code": "q48122NWE3", "url": "https://mrdata.usgs.gov/mrds/show-mrds.php?dep_id=10277194", "code_list": "AU SB PB AG ZN" }, "geometry": { "type": "Point", "coordinates": [ 47.68311, -121.4693 ] } },
{ "type": "Feature", "properties": { "gml_id": "mrds.270435", "lowerCorner": "47.515910 -122.200420", "upperCorner": "47.515910 -122.200420", "dep_id": 10277369, "site_name": "Unnamed Pit", "dev_stat": "Past Producer", "fips_code": "f53033", "huc_code": "h17110012", "quad_code": "q48124NEG4", "url": "https://mrdata.usgs.gov/mrds/show-mrds.php?dep_id=10277369", "code_list": "SDG" }, "geometry": { "type": "Point", "coordinates": [ 47.51591, -122.20042 ] } },
{ "type": "Feature", "properties": { "gml_id": "mrds.294431", "lowerCorner": "47.459820 -121.323390", "upperCorner": "47.459820 -121.323390", "dep_id": 10301917, "site_name": "Giant", "dev_stat": "Prospect", "fips_code": "f53037", "huc_code": "h17030001", "quad_code": "q48122SWF1", "url": "https://mrdata.usgs.gov/mrds/show-mrds.php?dep_id=10301917", "code_list": "AG CU AU PB" }, "geometry": { "type": "Point", "coordinates": [ 47.45982, -121.32339 ] } },
{ "type": "Feature", "properties": { "gml_id": "mrds.127163", "lowerCorner": "47.448710 -121.515400", "upperCorner": "47.448710 -121.515400", "dep_id": 10130687, "site_name": "Unnamed Scheelite Placer", "dev_stat": "Occurrence", "fips_code": "f53033", "huc_code": "h17110010", "quad_code": "q48122SWD1", "url": "https://mrdata.usgs.gov/mrds/show-mrds.php?dep_id=10130687", "code_list": "W" }, "geometry": { "type": "Point", "coordinates": [ 47.44871, -121.5154 ] } },
{ "type": "Feature", "properties": { "gml_id": "mrds.175355", "lowerCorner": "47.559510 -121.872910", "upperCorner": "47.559510 -121.872910", "dep_id": 10180051, "site_name": "Fall City Quarry", "dev_stat": "Past Producer", "fips_code": "f53033", "huc_code": "h17110010", "quad_code": "q48122NWB4", "url": "https://mrdata.usgs.gov/mrds/show-mrds.php?dep_id=10180051", "code_list": "STN_C" }, "geometry": { "type": "Point", "coordinates": [ 47.55951, -121.87291 ] } },
{ "type": "Feature", "properties": { "gml_id": "mrds.199343", "lowerCorner": "47.440110 -122.165120", "upperCorner": "47.440110 -122.165120", "dep_id": 10204588, "site_name": "Unnamed Pit", "dev_stat": "Past Producer", "fips_code": "f53033", "huc_code": "h17110013", "quad_code": "q48124SEG1", "url": "https://mrdata.usgs.gov/mrds/show-mrds.php?dep_id=10204588", "code_list": "SDG" }, "geometry": { "type": "Point", "coordinates": [ 47.44011, -122.16512 ] } },
{ "type": "Feature", "properties": { "gml_id": "mrds.128444", "lowerCorner": "47.639510 -121.475100", "upperCorner": "47.639510 -121.475100", "dep_id": 10131984, "site_name": "Dawson", "dev_stat": "Prospect", "fips_code": "f53033", "huc_code": "h17110009", "quad_code": "q48122NWE3", "url": "https://mrdata.usgs.gov/mrds/show-mrds.php?dep_id=10131984", "code_list": "SB" }, "geometry": { "type": "Point", "coordinates": [ 47.63951, -121.4751 ] } },
{ "type": "Feature", "properties": { "gml_id": "mrds.199439", "lowerCorner": "47.698410 -121.529010", "upperCorner": "47.698410 -121.529010", "dep_id": 10204684, "site_name": "Damon Mill", "dev_stat": "Past Producer", "fips_code": "f53033", "huc_code": "h17110010", "quad_code": "q48122NWD3", "url": "https://mrdata.usgs.gov/mrds/show-mrds.php?dep_id=10204684", "code_list": "AG AU" }, "geometry": { "type": "Point", "coordinates": [ 47.69841, -121.52901 ] } },
{ "type": "Feature", "properties": { "gml_id": "mrds.223228", "lowerCorner": "47.551710 -121.466800", "upperCorner": "47.551710 -121.466800", "dep_id": 10229019, "site_name": "Garfield Mountain Claims", "dev_stat": "Occurrence", "fips_code": "f53033", "huc_code": "h17110010", "quad_code": "q48122NWE4", "url": "https://mrdata.usgs.gov/mrds/show-mrds.php?dep_id=10229019", "code_list": "AG CU" }, "geometry": { "type": "Point", "coordinates": [ 47.55171, -121.4668 ] } },
{ "type": "Feature", "properties": { "gml_id": "mrds.270239", "lowerCorner": "47.687310 -121.466500", "upperCorner": "47.687310 -121.466500", "dep_id": 10277170, "site_name": "Goat Creek Shear Zone", "dev_stat": "Prospect", "fips_code": "f53033", "huc_code": "h17110009", "quad_code": "q48122NWE3", "url": "https://mrdata.usgs.gov/mrds/show-mrds.php?dep_id=10277170", "code_list": "AU CU PB AG ZN" }, "geometry": { "type": "Point", "coordinates": [ 47.68731, -121.4665 ] } },
{ "type": "Feature", "properties": { "gml_id": "mrds.270529", "lowerCorner": "47.481720 -121.370600", "upperCorner": "47.481720 -121.370600", "dep_id": 10277465, "site_name": "Emma", "dev_stat": "Unknown", "fips_code": "f53033", "huc_code": "h17110010", "quad_code": "q48122SWF1", "url": "https://mrdata.usgs.gov/mrds/show-mrds.php?dep_id=10277465", "code_list": "CU" }, "geometry": { "type": "Point", "coordinates": [ 47.48172, -121.3706 ] } },
{ "type": "Feature", "properties": { "gml_id": "mrds.151478", "lowerCorner": "47.709810 -121.465600", "upperCorner": "47.709810 -121.465600", "dep_id": 10155598, "site_name": "Money Creek Deposits", "dev_stat": "Occurrence", "fips_code": "f53033", "huc_code": "h17110009", "quad_code": "q48122NWE3", "url": "https://mrdata.usgs.gov/mrds/show-mrds.php?dep_id=10155598", "code_list": "LST" }, "geometry": { "type": "Point", "coordinates": [ 47.70981, -121.4656 ] } },
{ "type": "Feature", "properties": { "gml_id": "mrds.151497", "lowerCorner": "47.737910 -121.469000", "upperCorner": "47.737910 -121.469000", "dep_id": 10155617, "site_name": "Marble Beauty Claim", "dev_stat": "Occurrence", "fips_code": "f53033", "huc_code": "h17110009", "quad_code": "q48122NWE3", "url": "https://mrdata.usgs.gov/mrds/show-mrds.php?dep_id=10155617", "code_list": "LST" }, "geometry": { "type": "Point", "coordinates": [ 47.73791, -121.469 ] } },
{ "type": "Feature", "properties": { "gml_id": "mrds.151520", "lowerCorner": "47.439020 -121.346990", "upperCorner": "47.439020 -121.346990", "dep_id": 10155640, "site_name": "Silver Queen and Silver King", "dev_stat": "Prospect", "fips_code": "f53037", "huc_code": "h17030001", "quad_code": "q48122SWF1", "url": "https://mrdata.usgs.gov/mrds/show-mrds.php?dep_id=10155640", "code_list": "AG CU AU PB ZN" }, "geometry": { "type": "Point", "coordinates": [ 47.43902, -121.34699 ] } },
{ "type": "Feature", "properties": { "gml_id": "mrds.151723", "lowerCorner": "47.644810 -121.476200", "upperCorner": "47.644810 -121.476200", "dep_id": 10155846, "site_name": "Dawson", "dev_stat": "Prospect", "fips_code": "f53033", "huc_code": "h17110009", "quad_code": "q48122NWE3", "url": "https://mrdata.usgs.gov/mrds/show-mrds.php?dep_id=10155846", "code_list": "PB CU AU AG ZN" }, "geometry": { "type": "Point", "coordinates": [ 47.64481, -121.4762 ] } },
{ "type": "Feature", "properties": { "gml_id": "mrds.152026", "lowerCorner": "47.541510 -121.472000", "upperCorner": "47.541510 -121.472000", "dep_id": 10156153, "site_name": "Robert Jackson Quartz Mine", "dev_stat": "Producer", "fips_code": "f53033", "huc_code": "h17110010", "quad_code": "q48122NWE4", "url": "https://mrdata.usgs.gov/mrds/show-mrds.php?dep_id=10156153", "code_list": "GEM_SP QTZ" }, "geometry": { "type": "Point", "coordinates": [ 47.54151, -121.472 ] } },
{ "type": "Feature", "properties": { "gml_id": "mrds.175114", "lowerCorner": "47.526710 -122.052620", "upperCorner": "47.526710 -122.052620", "dep_id": 10179807, "site_name": "Harris Pit", "dev_stat": "Past Producer", "fips_code": "f53033", "huc_code": "h17110012", "quad_code": "q48124NEH4", "url": "https://mrdata.usgs.gov/mrds/show-mrds.php?dep_id=10179807", "code_list": "CLY" }, "geometry": { "type": "Point", "coordinates": [ 47.52671, -122.05262 ] } },
{ "type": "Feature", "properties": { "gml_id": "mrds.175464", "lowerCorner": "47.626220 -121.312600", "upperCorner": "47.626220 -121.312600", "dep_id": 10180163, "site_name": "West Fork Placer No. 1", "dev_stat": "Prospect", "fips_code": "f53033", "huc_code": "h17110009", "quad_code": "q48122NWF3", "url": "https://mrdata.usgs.gov/mrds/show-mrds.php?dep_id=10180163", "code_list": "AU" }, "geometry": { "type": "Point", "coordinates": [ 47.62622, -121.3126 ] } },
{ "type": "Feature", "properties": { "gml_id": "mrds.199648", "lowerCorner": "47.508120 -121.370100", "upperCorner": "47.508120 -121.370100", "dep_id": 10204893, "site_name": "Spruce Mine", "dev_stat": "Producer", "fips_code": "f53033", "huc_code": "h17110010", "quad_code": "q48122NWF4", "url": "https://mrdata.usgs.gov/mrds/show-mrds.php?dep_id=10204893", "code_list": "GEM_SP QTZ" }, "geometry": { "type": "Point", "coordinates": [ 47.50812, -121.3701 ] } },
{ "type": "Feature", "properties": { "gml_id": "mrds.222829", "lowerCorner": "47.649510 -122.043720", "upperCorner": "47.649510 -122.043720", "dep_id": 10228616, "site_name": "Gravel Pit", "dev_stat": "Past Producer", "fips_code": "f53033", "huc_code": "h17110012", "quad_code": "q48124NEH3", "url": "https://mrdata.usgs.gov/mrds/show-mrds.php?dep_id=10228616", "code_list": "SDG" }, "geometry": { "type": "Point", "coordinates": [ 47.64951, -122.04372 ] } },
{ "type": "Feature", "properties": { "gml_id": "mrds.223093", "lowerCorner": "47.665110 -121.555410", "upperCorner": "47.665110 -121.555410", "dep_id": 10228882, "site_name": "Belle of Tennessee", "dev_stat": "Unknown", "fips_code": "f53033", "huc_code": "h17110010", "quad_code": "q48122NWD3", "url": "https://mrdata.usgs.gov/mrds/show-mrds.php?dep_id=10228882", "code_list": "AU AG" }, "geometry": { "type": "Point", "coordinates": [ 47.66511, -121.55541 ] } },
{ "type": "Feature", "properties": { "gml_id": "mrds.246374", "lowerCorner": "47.734510 -122.091520", "upperCorner": "47.734510 -122.091520", "dep_id": 10252741, "site_name": "Alberg Pit", "dev_stat": "Past Producer", "fips_code": "f53033", "huc_code": "h17110012", "quad_code": "q48124NEH3", "url": "https://mrdata.usgs.gov/mrds/show-mrds.php?dep_id=10252741", "code_list": "SDG" }, "geometry": { "type": "Point", "coordinates": [ 47.73451, -122.09152 ] } },
{ "type": "Feature", "properties": { "gml_id": "mrds.270315", "lowerCorner": "47.635410 -121.460100", "upperCorner": "47.635410 -121.460100", "dep_id": 10277247, "site_name": "Cleopatra Mine", "dev_stat": "Past Producer", "fips_code": "f53033", "huc_code": "h17110009", "quad_code": "q48122NWE3", "url": "https://mrdata.usgs.gov/mrds/show-mrds.php?dep_id=10277247", "code_list": "SB AS CU AU PB AG ZN" }, "geometry": { "type": "Point", "coordinates": [ 47.63541, -121.4601 ] } },
{ "type": "Feature", "properties": { "gml_id": "mrds.270660", "lowerCorner": "47.633110 -121.451200", "upperCorner": "47.633110 -121.451200", "dep_id": 10277597, "site_name": "Metropolitan", "dev_stat": "Unknown", "fips_code": "f53033", "huc_code": "h17110009", "quad_code": "q48122NWE3", "url": "https://mrdata.usgs.gov/mrds/show-mrds.php?dep_id=10277597", "code_list": "AU AG" }, "geometry": { "type": "Point", "coordinates": [ 47.63311, -121.4512 ] } },
{ "type": "Feature", "properties": { "gml_id": "mrds.270743", "lowerCorner": "47.622020 -121.323700", "upperCorner": "47.622020 -121.323700", "dep_id": 10277680, "site_name": "Orphan Boy No. 1", "dev_stat": "Prospect", "fips_code": "f53033", "huc_code": "h17110009", "quad_code": "q48122NWF4", "url": "https://mrdata.usgs.gov/mrds/show-mrds.php?dep_id=10277680", "code_list": "AG" }, "geometry": { "type": "Point", "coordinates": [ 47.62202, -121.3237 ] } },
{ "type": "Feature", "properties": { "gml_id": "mrds.270765", "lowerCorner": "47.512310 -122.073420", "upperCorner": "47.512310 -122.073420", "dep_id": 10277702, "site_name": "Sunset Quarry", "dev_stat": "Past Producer", "fips_code": "f53033", "huc_code": "h17110012", "quad_code": "q48124NEH4", "url": "https://mrdata.usgs.gov/mrds/show-mrds.php?dep_id=10277702", "code_list": "STN_C" }, "geometry": { "type": "Point", "coordinates": [ 47.51231, -122.07342 ] } },
{ "type": "Feature", "properties": { "gml_id": "mrds.294325", "lowerCorner": "47.649810 -121.420600", "upperCorner": "47.649810 -121.420600", "dep_id": 10301811, "site_name": "Portland", "dev_stat": "Unknown", "fips_code": "f53033", "huc_code": "h17110009", "quad_code": "q48122NWE3", "url": "https://mrdata.usgs.gov/mrds/show-mrds.php?dep_id=10301811", "code_list": "CU" }, "geometry": { "type": "Point", "coordinates": [ 47.64981, -121.4206 ] } },
{ "type": "Feature", "properties": { "gml_id": "mrds.47280", "lowerCorner": "47.694810 -121.513420", "upperCorner": "47.694810 -121.513420", "dep_id": 10048618, "site_name": "Apex", "dev_stat": "Past Producer", "fips_code": "f53033", "huc_code": "h17110009", "quad_code": "q48122NWD3", "url": "https://mrdata.usgs.gov/mrds/show-mrds.php?dep_id=10048618", "code_list": "AU AG CU PB ZN SB AS" }, "geometry": { "type": "Point", "coordinates": [ 47.69481, -121.51342 ] } },
{ "type": "Feature", "properties": { "gml_id": "mrds.54365", "lowerCorner": "47.694810 -121.513420", "upperCorner": "47.694810 -121.513420", "dep_id": 10055920, "site_name": "Apex", "dev_stat": "Occurrence", "fips_code": "f53033", "huc_code": "h17110009", "quad_code": "q48122NWD3", "url": "https://mrdata.usgs.gov/mrds/show-mrds.php?dep_id=10055920", "code_list": "AU AG CU PB" }, "geometry": { "type": "Point", "coordinates": [ 47.69481, -121.51342 ] } },
{ "type": "Feature", "properties": { "gml_id": "mrds.54373", "lowerCorner": "47.698430 -121.401200", "upperCorner": "47.698430 -121.401200", "dep_id": 10055928, "site_name": "Great Republic", "dev_stat": "Occurrence", "fips_code": "f53033", "huc_code": "h17110009", "quad_code": "q48122NWE3", "url": "https://mrdata.usgs.gov/mrds/show-mrds.php?dep_id=10055928", "code_list": "SB AU AG" }, "geometry": { "type": "Point", "coordinates": [ 47.69843, -121.4012 ] } },
{ "type": "Feature", "properties": { "gml_id": "mrds.127533", "lowerCorner": "47.697910 -121.527010", "upperCorner": "47.697910 -121.527010", "dep_id": 10131060, "site_name": "Damon and Pythias", "dev_stat": "Past Producer", "fips_code": "f53033", "huc_code": "h17110010", "quad_code": "q48122NWD3", "url": "https://mrdata.usgs.gov/mrds/show-mrds.php?dep_id=10131060", "code_list": "AU PB AG" }, "geometry": { "type": "Point", "coordinates": [ 47.69791, -121.52701 ] } },
{ "type": "Feature", "properties": { "gml_id": "mrds.127763", "lowerCorner": "47.745910 -121.468400", "upperCorner": "47.745910 -121.468400", "dep_id": 10131292, "site_name": "Marble Cliff Claim", "dev_stat": "Occurrence", "fips_code": "f53033", "huc_code": "h17110009", "quad_code": "q48122NWE3", "url": "https://mrdata.usgs.gov/mrds/show-mrds.php?dep_id=10131292", "code_list": "LST" }, "geometry": { "type": "Point", "coordinates": [ 47.74591, -121.4684 ] } },
{ "type": "Feature", "properties": { "gml_id": "mrds.127831", "lowerCorner": "47.699810 -121.419300", "upperCorner": "47.699810 -121.419300", "dep_id": 10131360, "site_name": "Norwood", "dev_stat": "Unknown", "fips_code": "f53033", "huc_code": "h17110009", "quad_code": "q48122NWE3", "url": "https://mrdata.usgs.gov/mrds/show-mrds.php?dep_id=10131360", "code_list": "AU" }, "geometry": { "type": "Point", "coordinates": [ 47.69981, -121.4193 ] } },
{ "type": "Feature", "properties": { "gml_id": "mrds.128167", "lowerCorner": "47.743410 -122.114820", "upperCorner": "47.743410 -122.114820", "dep_id": 10131705, "site_name": "Gravel Pit", "dev_stat": "Past Producer", "fips_code": "f53033", "huc_code": "h17110012", "quad_code": "q48124NEH3", "url": "https://mrdata.usgs.gov/mrds/show-mrds.php?dep_id=10131705", "code_list": "SDG" }, "geometry": { "type": "Point", "coordinates": [ 47.74341, -122.11482 ] } },
{ "type": "Feature", "properties": { "gml_id": "mrds.175191", "lowerCorner": "47.685610 -121.907920", "upperCorner": "47.685610 -121.907920", "dep_id": 10179884, "site_name": "Mountain View Gravel Pit", "dev_stat": "Past Producer", "fips_code": "f53033", "huc_code": "h17110010", "quad_code": "q48122NWA3", "url": "https://mrdata.usgs.gov/mrds/show-mrds.php?dep_id=10179884", "code_list": "SDG" }, "geometry": { "type": "Point", "coordinates": [ 47.68561, -121.90792 ] } },
{ "type": "Feature", "properties": { "gml_id": "mrds.175700", "lowerCorner": "47.690410 -121.467900", "upperCorner": "47.690410 -121.467900", "dep_id": 10180399, "site_name": "Iron Home No. 1", "dev_stat": "Prospect", "fips_code": "f53033", "huc_code": "h17110009", "quad_code": "q48122NWE3", "url": "https://mrdata.usgs.gov/mrds/show-mrds.php?dep_id=10180399", "code_list": "AG AS CU PB ZN" }, "geometry": { "type": "Point", "coordinates": [ 47.69041, -121.4679 ] } },
{ "type": "Feature", "properties": { "gml_id": "mrds.199754", "lowerCorner": "47.694810 -121.513400", "upperCorner": "47.694810 -121.513400", "dep_id": 10204999, "site_name": "Apex Mine", "dev_stat": "Past Producer", "fips_code": "f53033", "huc_code": "h17110009", "quad_code": "q48122NWD3", "url": "https://mrdata.usgs.gov/mrds/show-mrds.php?dep_id=10204999", "code_list": "SB AS CU AU PB AG ZN" }, "geometry": { "type": "Point", "coordinates": [ 47.69481, -121.5134 ] } },
{ "type": "Feature", "properties": { "gml_id": "mrds.222617", "lowerCorner": "47.724210 -121.465100", "upperCorner": "47.724210 -121.465100", "dep_id": 10228403, "site_name": "Maloney No. 2 Deposit", "dev_stat": "Occurrence", "fips_code": "f53033", "huc_code": "h17110009", "quad_code": "q48122NWE3", "url": "https://mrdata.usgs.gov/mrds/show-mrds.php?dep_id=10228403", "code_list": "LST" }, "geometry": { "type": "Point", "coordinates": [ 47.72421, -121.4651 ] } },
{ "type": "Feature", "properties": { "gml_id": "mrds.222703", "lowerCorner": "47.713710 -121.462300", "upperCorner": "47.713710 -121.462300", "dep_id": 10228489, "site_name": "Monarch", "dev_stat": "Unknown", "fips_code": "f53033", "huc_code": "h17110009", "quad_code": "q48122NWE3", "url": "https://mrdata.usgs.gov/mrds/show-mrds.php?dep_id=10228489", "code_list": "AU AG" }, "geometry": { "type": "Point", "coordinates": [ 47.71371, -121.4623 ] } },
{ "type": "Feature", "properties": { "gml_id": "mrds.223037", "lowerCorner": "47.706710 -121.431800", "upperCorner": "47.706710 -121.431800", "dep_id": 10228826, "site_name": "Aaron", "dev_stat": "Unknown", "fips_code": "f53033", "huc_code": "h17110009", "quad_code": "q48122NWE3", "url": "https://mrdata.usgs.gov/mrds/show-mrds.php?dep_id=10228826", "code_list": "AU" }, "geometry": { "type": "Point", "coordinates": [ 47.70671, -121.4318 ] } },
{ "type": "Feature", "properties": { "gml_id": "mrds.270416", "lowerCorner": "47.699810 -121.441500", "upperCorner": "47.699810 -121.441500", "dep_id": 10277350, "site_name": "Lillian Leone", "dev_stat": "Unknown", "fips_code": "f53033", "huc_code": "h17110009", "quad_code": "q48122NWE3", "url": "https://mrdata.usgs.gov/mrds/show-mrds.php?dep_id=10277350", "code_list": "AU" }, "geometry": { "type": "Point", "coordinates": [ 47.69981, -121.4415 ] } },
{ "type": "Feature", "properties": { "gml_id": "mrds.294112", "lowerCorner": "47.697610 -121.482300", "upperCorner": "47.697610 -121.482300", "dep_id": 10301595, "site_name": "Money Creek Road Mine", "dev_stat": "Occurrence", "fips_code": "f53033", "huc_code": "h17110009", "quad_code": "q48122NWE3", "url": "https://mrdata.usgs.gov/mrds/show-mrds.php?dep_id=10301595", "code_list": "AG PB ZN" }, "geometry": { "type": "Point", "coordinates": [ 47.69761, -121.4823 ] } },
{ "type": "Feature", "properties": { "gml_id": "mrds.294305", "lowerCorner": "47.737610 -121.469800", "upperCorner": "47.737610 -121.469800", "dep_id": 10301791, "site_name": "Tombstone Claim", "dev_stat": "Occurrence", "fips_code": "f53033", "huc_code": "h17110009", "quad_code": "q48122NWE3", "url": "https://mrdata.usgs.gov/mrds/show-mrds.php?dep_id=10301791", "code_list": "LST" }, "geometry": { "type": "Point", "coordinates": [ 47.73761, -121.4698 ] } },
{ "type": "Feature", "properties": { "gml_id": "mrds.294312", "lowerCorner": "47.727610 -121.549810", "upperCorner": "47.727610 -121.549810", "dep_id": 10301798, "site_name": "Climax", "dev_stat": "Past Producer", "fips_code": "f53033", "huc_code": "h17110009", "quad_code": "q48122NWD3", "url": "https://mrdata.usgs.gov/mrds/show-mrds.php?dep_id=10301798", "code_list": "CU AG" }, "geometry": { "type": "Point", "coordinates": [ 47.72761, -121.54981 ] } },
{ "type": "Feature", "properties": { "gml_id": "mrds.294503", "lowerCorner": "47.713710 -121.441500", "upperCorner": "47.713710 -121.441500", "dep_id": 10301990, "site_name": "Bergeson", "dev_stat": "Prospect", "fips_code": "f53033", "huc_code": "h17110009", "quad_code": "q48122NWE3", "url": "https://mrdata.usgs.gov/mrds/show-mrds.php?dep_id=10301990", "code_list": "AU AG" }, "geometry": { "type": "Point", "coordinates": [ 47.71371, -121.4415 ] } },
{ "type": "Feature", "properties": { "gml_id": "mrds.8345", "lowerCorner": "47.615640 -121.506760", "upperCorner": "47.615640 -121.506760", "dep_id": 10008477, "site_name": "Devils Canyon", "dev_stat": "Occurrence", "fips_code": "f53033", "huc_code": "h17110010", "quad_code": "q48122NWD4", "url": "https://mrdata.usgs.gov/mrds/show-mrds.php?dep_id=10008477", "code_list": "MO W AG CU AU" }, "geometry": { "type": "Point", "coordinates": [ 47.61564, -121.50676 ] } },
{ "type": "Feature", "properties": { "gml_id": "mrds.8346", "lowerCorner": "47.611750 -121.578430", "upperCorner": "47.611750 -121.578430", "dep_id": 10008478, "site_name": "Goat Mountain", "dev_stat": "Occurrence", "fips_code": "f53033", "huc_code": "h17110010", "quad_code": "q48122NWD4", "url": "https://mrdata.usgs.gov/mrds/show-mrds.php?dep_id=10008478", "code_list": "MO PB CU ZN AU AG AS" }, "geometry": { "type": "Point", "coordinates": [ 47.61175, -121.57843 ] } },
{ "type": "Feature", "properties": { "gml_id": "mrds.8779", "lowerCorner": "47.635370 -121.460090", "upperCorner": "47.635370 -121.460090", "dep_id": 10009023, "site_name": "Cleopatra Group", "dev_stat": "Occurrence", "fips_code": "f53033", "huc_code": "h17110009", "quad_code": "q48122NWE3", "url": "https://mrdata.usgs.gov/mrds/show-mrds.php?dep_id=10009023", "code_list": "SB AG CU PB ZN AU AS W" }, "geometry": { "type": "Point", "coordinates": [ 47.63537, -121.46009 ] } },
{ "type": "Feature", "properties": { "gml_id": "mrds.8780", "lowerCorner": "47.634810 -121.473700", "upperCorner": "47.634810 -121.473700", "dep_id": 10009024, "site_name": "Dawson Prospect", "dev_stat": "Occurrence", "fips_code": "f53033", "huc_code": "h17110009", "quad_code": "q48122NWE3", "url": "https://mrdata.usgs.gov/mrds/show-mrds.php?dep_id=10009024", "code_list": "PB AG AU SB ZN" }, "geometry": { "type": "Point", "coordinates": [ 47.63481, -121.4737 ] } },
{ "type": "Feature", "properties": { "gml_id": "mrds.8781", "lowerCorner": "47.712310 -121.418420", "upperCorner": "47.712310 -121.418420", "dep_id": 10009025, "site_name": "Gold Mountain Prospect", "dev_stat": "Occurrence", "fips_code": "f53033", "huc_code": "h17110009", "quad_code": "q48122NWE3", "url": "https://mrdata.usgs.gov/mrds/show-mrds.php?dep_id=10009025", "code_list": "AG AU SB CU" }, "geometry": { "type": "Point", "coordinates": [ 47.71231, -121.41842 ] } },
{ "type": "Feature", "properties": { "gml_id": "mrds.8783", "lowerCorner": "47.652310 -121.574540", "upperCorner": "47.652310 -121.574540", "dep_id": 10009027, "site_name": "Lennox", "dev_stat": "Past Producer", "fips_code": "f53033", "huc_code": "h17110010", "quad_code": "q48122NWD3", "url": "https://mrdata.usgs.gov/mrds/show-mrds.php?dep_id=10009027", "code_list": "AU AG ZN PB CU SB AS" }, "geometry": { "type": "Point", "coordinates": [ 47.65231, -121.57454 ] } },
{ "type": "Feature", "properties": { "gml_id": "mrds.47107", "lowerCorner": "47.689000 -121.662000", "upperCorner": "47.689000 -121.662000", "dep_id": 10048440, "site_name": "North Fork", "dev_stat": "Prospect", "fips_code": "f53033", "huc_code": "h17110010", "quad_code": "q48122NWC3", "url": "https://mrdata.usgs.gov/mrds/show-mrds.php?dep_id=10048440", "code_list": "CU" }, "geometry": { "type": "Point", "coordinates": [ 47.689, -121.662 ] } },
{ "type": "Feature", "properties": { "gml_id": "mrds.47282", "lowerCorner": "47.698140 -121.527320", "upperCorner": "47.698140 -121.527320", "dep_id": 10048620, "site_name": "Damon and Pythias", "dev_stat": "Occurrence", "fips_code": "f53033", "huc_code": "h17110010", "quad_code": "q48122NWD3", "url": "https://mrdata.usgs.gov/mrds/show-mrds.php?dep_id=10048620", "code_list": "AU AG PB CU ZN AS SB" }, "geometry": { "type": "Point", "coordinates": [ 47.69814, -121.52732 ] } },
{ "type": "Feature", "properties": { "gml_id": "mrds.54366", "lowerCorner": "47.635370 -121.460090", "upperCorner": "47.635370 -121.460090", "dep_id": 10055921, "site_name": "Cleopatra Group", "dev_stat": "Occurrence", "fips_code": "f53033", "huc_code": "h17110009", "quad_code": "q48122NWE3", "url": "https://mrdata.usgs.gov/mrds/show-mrds.php?dep_id=10055921", "code_list": "AG PB CU ZN SB AU" }, "geometry": { "type": "Point", "coordinates": [ 47.63537, -121.46009 ] } },
{ "type": "Feature", "properties": { "gml_id": "mrds.54369", "lowerCorner": "47.652030 -121.462870", "upperCorner": "47.652030 -121.462870", "dep_id": 10055924, "site_name": "Coney Basin", "dev_stat": "Occurrence", "fips_code": "f53033", "huc_code": "h17110009", "quad_code": "q48122NWE3", "url": "https://mrdata.usgs.gov/mrds/show-mrds.php?dep_id=10055924", "code_list": "AU AG CU ZN PB" }, "geometry": { "type": "Point", "coordinates": [ 47.65203, -121.46287 ] } },
{ "type": "Feature", "properties": { "gml_id": "mrds.54378", "lowerCorner": "47.658700 -121.415640", "upperCorner": "47.658700 -121.415640", "dep_id": 10055934, "site_name": "Una", "dev_stat": "Occurrence", "fips_code": "f53033", "huc_code": "h17110009", "quad_code": "q48122NWE3", "url": "https://mrdata.usgs.gov/mrds/show-mrds.php?dep_id=10055934", "code_list": "CU AG AU" }, "geometry": { "type": "Point", "coordinates": [ 47.6587, -121.41564 ] } },
{ "type": "Feature", "properties": { "gml_id": "mrds.91686", "lowerCorner": "47.639530 -121.486480", "upperCorner": "47.639530 -121.486480", "dep_id": 10094251, "site_name": "Bear Basin", "dev_stat": "Occurrence", "fips_code": "f53033", "huc_code": "h17110009", "quad_code": "q48122NWE3", "url": "https://mrdata.usgs.gov/mrds/show-mrds.php?dep_id=10094251", "code_list": "AG PB ZN CU AU SB SN AS" }, "geometry": { "type": "Point", "coordinates": [ 47.63953, -121.48648 ] } },
{ "type": "Feature", "properties": { "gml_id": "mrds.95136", "lowerCorner": "47.698430 -121.401200", "upperCorner": "47.698430 -121.401200", "dep_id": 10097778, "site_name": "Great Republic", "dev_stat": "Past Producer", "fips_code": "f53033", "huc_code": "h17110009", "quad_code": "q48122NWE3", "url": "https://mrdata.usgs.gov/mrds/show-mrds.php?dep_id=10097778", "code_list": "SB AU AG AS" }, "geometry": { "type": "Point", "coordinates": [ 47.69843, -121.4012 ] } },
{ "type": "Feature", "properties": { "gml_id": "mrds.127091", "lowerCorner": "47.716710 -121.466800", "upperCorner": "47.716710 -121.466800", "dep_id": 10130615, "site_name": "Maloney No. 7 Deposit", "dev_stat": "Occurrence", "fips_code": "f53033", "huc_code": "h17110009", "quad_code": "q48122NWE3", "url": "https://mrdata.usgs.gov/mrds/show-mrds.php?dep_id=10130615", "code_list": "LST" }, "geometry": { "type": "Point", "coordinates": [ 47.71671, -121.4668 ] } },
{ "type": "Feature", "properties": { "gml_id": "mrds.127232", "lowerCorner": "47.651710 -121.462600", "upperCorner": "47.651710 -121.462600", "dep_id": 10130758, "site_name": "Coney Basin Mine", "dev_stat": "Past Producer", "fips_code": "f53033", "huc_code": "h17110009", "quad_code": "q48122NWE3", "url": "https://mrdata.usgs.gov/mrds/show-mrds.php?dep_id=10130758", "code_list": "AU CU PB AG ZN" }, "geometry": { "type": "Point", "coordinates": [ 47.65171, -121.4626 ] } },
{ "type": "Feature", "properties": { "gml_id": "mrds.127394", "lowerCorner": "47.629810 -121.446800", "upperCorner": "47.629810 -121.446800", "dep_id": 10130920, "site_name": "Aces Up", "dev_stat": "Past Producer", "fips_code": "f53033", "huc_code": "h17110009", "quad_code": "q48122NWE3", "url": "https://mrdata.usgs.gov/mrds/show-mrds.php?dep_id=10130920", "code_list": "SB AS CU AU PB AG W ZN" }, "geometry": { "type": "Point", "coordinates": [ 47.62981, -121.4468 ] } },
{ "type": "Feature", "properties": { "gml_id": "mrds.127429", "lowerCorner": "47.697320 -121.403400", "upperCorner": "47.697320 -121.403400", "dep_id": 10130955, "site_name": "Great Republic Mine", "dev_stat": "Past Producer", "fips_code": "f53033", "huc_code": "h17110009", "quad_code": "q48122NWE3", "url": "https://mrdata.usgs.gov/mrds/show-mrds.php?dep_id=10130955", "code_list": "SB AU AG" }, "geometry": { "type": "Point", "coordinates": [ 47.69732, -121.4034 ] } },
{ "type": "Feature", "properties": { "gml_id": "mrds.128150", "lowerCorner": "47.594220 -121.344500", "upperCorner": "47.594220 -121.344500", "dep_id": 10131688, "site_name": "Copper Lake", "dev_stat": "Prospect", "fips_code": "f53033", "huc_code": "h17110009", "quad_code": "q48122NWF4", "url": "https://mrdata.usgs.gov/mrds/show-mrds.php?dep_id=10131688", "code_list": "CU AU AG" }, "geometry": { "type": "Point", "coordinates": [ 47.59422, -121.3445 ] } },
{ "type": "Feature", "properties": { "gml_id": "mrds.128213", "lowerCorner": "47.716520 -121.388700", "upperCorner": "47.716520 -121.388700", "dep_id": 10131751, "site_name": "Unnamed Pit", "dev_stat": "Past Producer", "fips_code": "f53033", "huc_code": "h17110009", "quad_code": "q48122NWE3", "url": "https://mrdata.usgs.gov/mrds/show-mrds.php?dep_id=10131751", "code_list": "SDG" }, "geometry": { "type": "Point", "coordinates": [ 47.71652, -121.3887 ] } },
{ "type": "Feature", "properties": { "gml_id": "mrds.128368", "lowerCorner": "47.657310 -121.504500", "upperCorner": "47.657310 -121.504500", "dep_id": 10131908, "site_name": "Napco Prospect", "dev_stat": "Prospect", "fips_code": "f53033", "huc_code": "h17110010", "quad_code": "q48122NWD3", "url": "https://mrdata.usgs.gov/mrds/show-mrds.php?dep_id=10131908", "code_list": "AU CU PB AG ZN" }, "geometry": { "type": "Point", "coordinates": [ 47.65731, -121.5045 ] } },
{ "type": "Feature", "properties": { "gml_id": "mrds.128492", "lowerCorner": "47.638410 -121.452000", "upperCorner": "47.638410 -121.452000", "dep_id": 10132032, "site_name": "Lower Cleopatra Prospect", "dev_stat": "Prospect", "fips_code": "f53033", "huc_code": "h17110009", "quad_code": "q48122NWE3", "url": "https://mrdata.usgs.gov/mrds/show-mrds.php?dep_id=10132032", "code_list": "AG CU" }, "geometry": { "type": "Point", "coordinates": [ 47.63841, -121.452 ] } },
{ "type": "Feature", "properties": { "gml_id": "mrds.128495", "lowerCorner": "47.690410 -121.510100", "upperCorner": "47.690410 -121.510100", "dep_id": 10132035, "site_name": "High Tariff", "dev_stat": "Prospect", "fips_code": "f53033", "huc_code": "h17110009", "quad_code": "q48122NWD3", "url": "https://mrdata.usgs.gov/mrds/show-mrds.php?dep_id=10132035", "code_list": "AG CU" }, "geometry": { "type": "Point", "coordinates": [ 47.69041, -121.5101 ] } },
{ "type": "Feature", "properties": { "gml_id": "mrds.151453", "lowerCorner": "47.667920 -121.404000", "upperCorner": "47.667920 -121.404000", "dep_id": 10155572, "site_name": "Three S Gulch", "dev_stat": "Unknown", "fips_code": "f53033", "huc_code": "h17110009", "quad_code": "q48122NWE3", "url": "https://mrdata.usgs.gov/mrds/show-mrds.php?dep_id=10155572", "code_list": "ZN PB" }, "geometry": { "type": "Point", "coordinates": [ 47.66792, -121.404 ] } },
{ "type": "Feature", "properties": { "gml_id": "mrds.151469", "lowerCorner": "47.665110 -121.514800", "upperCorner": "47.665110 -121.514800", "dep_id": 10155589, "site_name": "Rushing", "dev_stat": "Prospect", "fips_code": "f53033", "huc_code": "h17110010", "quad_code": "q48122NWD3", "url": "https://mrdata.usgs.gov/mrds/show-mrds.php?dep_id=10155589", "code_list": "AU" }, "geometry": { "type": "Point", "coordinates": [ 47.66511, -121.5148 ] } },
{ "type": "Feature", "properties": { "gml_id": "mrds.151694", "lowerCorner": "47.687910 -121.540110", "upperCorner": "47.687910 -121.540110", "dep_id": 10155817, "site_name": "Monte Carlo Property", "dev_stat": "Past Producer", "fips_code": "f53033", "huc_code": "h17110010", "quad_code": "q48122NWD3", "url": "https://mrdata.usgs.gov/mrds/show-mrds.php?dep_id=10155817", "code_list": "AU AG" }, "geometry": { "type": "Point", "coordinates": [ 47.68791, -121.54011 ] } },
{ "type": "Feature", "properties": { "gml_id": "mrds.151874", "lowerCorner": "47.651710 -121.571810", "upperCorner": "47.651710 -121.571810", "dep_id": 10156000, "site_name": "Lennox Property", "dev_stat": "Past Producer", "fips_code": "f53033", "huc_code": "h17110010", "quad_code": "q48122NWD3", "url": "https://mrdata.usgs.gov/mrds/show-mrds.php?dep_id=10156000", "code_list": "AU SB AS CU PB AG ZN" }, "geometry": { "type": "Point", "coordinates": [ 47.65171, -121.57181 ] } },
{ "type": "Feature", "properties": { "gml_id": "mrds.152090", "lowerCorner": "47.744010 -121.465600", "upperCorner": "47.744010 -121.465600", "dep_id": 10156217, "site_name": "Marble Mount Claim", "dev_stat": "Occurrence", "fips_code": "f53033", "huc_code": "h17110009", "quad_code": "q48122NWE3", "url": "https://mrdata.usgs.gov/mrds/show-mrds.php?dep_id=10156217", "code_list": "LST" }, "geometry": { "type": "Point", "coordinates": [ 47.74401, -121.4656 ] } },
{ "type": "Feature", "properties": { "gml_id": "mrds.152105", "lowerCorner": "47.622920 -121.322300", "upperCorner": "47.622920 -121.322300", "dep_id": 10156232, "site_name": "Vine Maple Patents", "dev_stat": "Prospect", "fips_code": "f53033", "huc_code": "h17110009", "quad_code": "q48122NWF4", "url": "https://mrdata.usgs.gov/mrds/show-mrds.php?dep_id=10156232", "code_list": "AU CU AG" }, "geometry": { "type": "Point", "coordinates": [ 47.62292, -121.3223 ] } },
{ "type": "Feature", "properties": { "gml_id": "mrds.175136", "lowerCorner": "47.699810 -121.430400", "upperCorner": "47.699810 -121.430400", "dep_id": 10179829, "site_name": "Beatrice", "dev_stat": "Unknown", "fips_code": "f53033", "huc_code": "h17110009", "quad_code": "q48122NWE3", "url": "https://mrdata.usgs.gov/mrds/show-mrds.php?dep_id=10179829", "code_list": "AU" }, "geometry": { "type": "Point", "coordinates": [ 47.69981, -121.4304 ] } },
{ "type": "Feature", "properties": { "gml_id": "mrds.175149", "lowerCorner": "47.620420 -121.337600", "upperCorner": "47.620420 -121.337600", "dep_id": 10179842, "site_name": "Glacier Hill", "dev_stat": "Prospect", "fips_code": "f53033", "huc_code": "h17110009", "quad_code": "q48122NWF4", "url": "https://mrdata.usgs.gov/mrds/show-mrds.php?dep_id=10179842", "code_list": "AG CU" }, "geometry": { "type": "Point", "coordinates": [ 47.62042, -121.3376 ] } },
{ "type": "Feature", "properties": { "gml_id": "mrds.175216", "lowerCorner": "47.742910 -121.510910", "upperCorner": "47.742910 -121.510910", "dep_id": 10179909, "site_name": "Yellow Jacket", "dev_stat": "Prospect", "fips_code": "f53033", "huc_code": "h17110009", "quad_code": "q48122NWD3", "url": "https://mrdata.usgs.gov/mrds/show-mrds.php?dep_id=10179909", "code_list": "AU AG" }, "geometry": { "type": "Point", "coordinates": [ 47.74291, -121.51091 ] } },
{ "type": "Feature", "properties": { "gml_id": "mrds.175292", "lowerCorner": "47.699810 -121.441500", "upperCorner": "47.699810 -121.441500", "dep_id": 10179987, "site_name": "De La Mar", "dev_stat": "Unknown", "fips_code": "f53033", "huc_code": "h17110009", "quad_code": "q48122NWE3", "url": "https://mrdata.usgs.gov/mrds/show-mrds.php?dep_id=10179987", "code_list": "AU" }, "geometry": { "type": "Point", "coordinates": [ 47.69981, -121.4415 ] } },
{ "type": "Feature", "properties": { "gml_id": "mrds.175675", "lowerCorner": "47.735110 -121.462300", "upperCorner": "47.735110 -121.462300", "dep_id": 10180374, "site_name": "Annex", "dev_stat": "Unknown", "fips_code": "f53033", "huc_code": "h17110009", "quad_code": "q48122NWE3", "url": "https://mrdata.usgs.gov/mrds/show-mrds.php?dep_id=10180374", "code_list": "CU" }, "geometry": { "type": "Point", "coordinates": [ 47.73511, -121.4623 ] } },
{ "type": "Feature", "properties": { "gml_id": "mrds.175679", "lowerCorner": "47.716520 -121.388400", "upperCorner": "47.716520 -121.388400", "dep_id": 10180378, "site_name": "Unnamed Quarry", "dev_stat": "Past Producer", "fips_code": "f53033", "huc_code": "h17110009", "quad_code": "q48122NWE3", "url": "https://mrdata.usgs.gov/mrds/show-mrds.php?dep_id=10180378", "code_list": "STN_C" }, "geometry": { "type": "Point", "coordinates": [ 47.71652, -121.3884 ] } },
{ "type": "Feature", "properties": { "gml_id": "mrds.175727", "lowerCorner": "47.721710 -121.466500", "upperCorner": "47.721710 -121.466500", "dep_id": 10180427, "site_name": "Maloney No. 3 Deposit", "dev_stat": "Occurrence", "fips_code": "f53033", "huc_code": "h17110009", "quad_code": "q48122NWE3", "url": "https://mrdata.usgs.gov/mrds/show-mrds.php?dep_id=10180427", "code_list": "LST" }, "geometry": { "type": "Point", "coordinates": [ 47.72171, -121.4665 ] } },
{ "type": "Feature", "properties": { "gml_id": "mrds.175780", "lowerCorner": "47.741710 -121.465400", "upperCorner": "47.741710 -121.465400", "dep_id": 10180482, "site_name": "Marble Quarry Claim", "dev_stat": "Occurrence", "fips_code": "f53033", "huc_code": "h17110009", "quad_code": "q48122NWE3", "url": "https://mrdata.usgs.gov/mrds/show-mrds.php?dep_id=10180482", "code_list": "LST" }, "geometry": { "type": "Point", "coordinates": [ 47.74171, -121.4654 ] } },
{ "type": "Feature", "properties": { "gml_id": "mrds.179492", "lowerCorner": "47.713710 -121.474800", "upperCorner": "47.713710 -121.474800", "dep_id": 10184299, "site_name": "Neptune", "dev_stat": "Unknown", "fips_code": "f53033", "huc_code": "h17110009", "quad_code": "q48122NWE3", "url": "https://mrdata.usgs.gov/mrds/show-mrds.php?dep_id=10184299", "code_list": "AU PB AG" }, "geometry": { "type": "Point", "coordinates": [ 47.71371, -121.4748 ] } },
{ "type": "Feature", "properties": { "gml_id": "mrds.179598", "lowerCorner": "47.635920 -121.312300", "upperCorner": "47.635920 -121.312300", "dep_id": 10184409, "site_name": "Foss River", "dev_stat": "Unknown", "fips_code": "f53033", "huc_code": "h17110009", "quad_code": "q48122NWF3", "url": "https://mrdata.usgs.gov/mrds/show-mrds.php?dep_id=10184409", "code_list": "CU AU AG" }, "geometry": { "type": "Point", "coordinates": [ 47.63592, -121.3123 ] } },
{ "type": "Feature", "properties": { "gml_id": "mrds.199058", "lowerCorner": "47.622010 -121.512300", "upperCorner": "47.622010 -121.512300", "dep_id": 10204298, "site_name": "Prufer", "dev_stat": "Occurrence", "fips_code": "f53033", "huc_code": "h17110010", "quad_code": "q48122NWD4", "url": "https://mrdata.usgs.gov/mrds/show-mrds.php?dep_id=10204298", "code_list": "GA" }, "geometry": { "type": "Point", "coordinates": [ 47.62201, -121.5123 ] } },
{ "type": "Feature", "properties": { "gml_id": "mrds.199096", "lowerCorner": "47.699810 -121.441500", "upperCorner": "47.699810 -121.441500", "dep_id": 10204336, "site_name": "Florence", "dev_stat": "Unknown", "fips_code": "f53033", "huc_code": "h17110009", "quad_code": "q48122NWE3", "url": "https://mrdata.usgs.gov/mrds/show-mrds.php?dep_id=10204336", "code_list": "AU" }, "geometry": { "type": "Point", "coordinates": [ 47.69981, -121.4415 ] } },
{ "type": "Feature", "properties": { "gml_id": "mrds.199387", "lowerCorner": "47.646710 -121.424800", "upperCorner": "47.646710 -121.424800", "dep_id": 10204632, "site_name": "Black Dike Prospect", "dev_stat": "Prospect", "fips_code": "f53033", "huc_code": "h17110009", "quad_code": "q48122NWE3", "url": "https://mrdata.usgs.gov/mrds/show-mrds.php?dep_id=10204632", "code_list": "FE CU" }, "geometry": { "type": "Point", "coordinates": [ 47.64671, -121.4248 ] } },
{ "type": "Feature", "properties": { "gml_id": "mrds.199766", "lowerCorner": "47.650110 -121.556210", "upperCorner": "47.650110 -121.556210", "dep_id": 10205013, "site_name": "Rainbow", "dev_stat": "Past Producer", "fips_code": "f53033", "huc_code": "h17110010", "quad_code": "q48122NWD3", "url": "https://mrdata.usgs.gov/mrds/show-mrds.php?dep_id=10205013", "code_list": "CU AU AG" }, "geometry": { "type": "Point", "coordinates": [ 47.65011, -121.55621 ] } },
{ "type": "Feature", "properties": { "gml_id": "mrds.203096", "lowerCorner": "47.657310 -121.419800", "upperCorner": "47.657310 -121.419800", "dep_id": 10208456, "site_name": "Unnamed Prospect", "dev_stat": "Prospect", "fips_code": "f53033", "huc_code": "h17110009", "quad_code": "q48122NWE3", "url": "https://mrdata.usgs.gov/mrds/show-mrds.php?dep_id=10208456", "code_list": "AG CU AU" }, "geometry": { "type": "Point", "coordinates": [ 47.65731, -121.4198 ] } },
{ "type": "Feature", "properties": { "gml_id": "mrds.222601", "lowerCorner": "47.716520 -121.355400", "upperCorner": "47.716520 -121.355400", "dep_id": 10228387, "site_name": "Skykomish", "dev_stat": "Occurrence", "fips_code": "f53033", "huc_code": "h17110009", "quad_code": "q48122NWF3", "url": "https://mrdata.usgs.gov/mrds/show-mrds.php?dep_id=10228387", "code_list": "SN" }, "geometry": { "type": "Point", "coordinates": [ 47.71652, -121.3554 ] } },
{ "type": "Feature", "properties": { "gml_id": "mrds.222619", "lowerCorner": "47.699810 -121.419300", "upperCorner": "47.699810 -121.419300", "dep_id": 10228405, "site_name": "Teddy R.", "dev_stat": "Unknown", "fips_code": "f53033", "huc_code": "h17110009", "quad_code": "q48122NWE3", "url": "https://mrdata.usgs.gov/mrds/show-mrds.php?dep_id=10228405", "code_list": "AU" }, "geometry": { "type": "Point", "coordinates": [ 47.69981, -121.4193 ] } },
{ "type": "Feature", "properties": { "gml_id": "mrds.222634", "lowerCorner": "47.699810 -121.419300", "upperCorner": "47.699810 -121.419300", "dep_id": 10228420, "site_name": "Ray", "dev_stat": "Unknown", "fips_code": "f53033", "huc_code": "h17110009", "quad_code": "q48122NWE3", "url": "https://mrdata.usgs.gov/mrds/show-mrds.php?dep_id=10228420", "code_list": "AU" }, "geometry": { "type": "Point", "coordinates": [ 47.69981, -121.4193 ] } },
{ "type": "Feature", "properties": { "gml_id": "mrds.222669", "lowerCorner": "47.608110 -121.576200", "upperCorner": "47.608110 -121.576200", "dep_id": 10228455, "site_name": "Goat Mountain", "dev_stat": "Prospect", "fips_code": "f53033", "huc_code": "h17110010", "quad_code": "q48122NWD4", "url": "https://mrdata.usgs.gov/mrds/show-mrds.php?dep_id=10228455", "code_list": "PB CU AU MO AG ZN" }, "geometry": { "type": "Point", "coordinates": [ 47.60811, -121.5762 ] } },
{ "type": "Feature", "properties": { "gml_id": "mrds.222756", "lowerCorner": "47.748110 -121.468100", "upperCorner": "47.748110 -121.468100", "dep_id": 10228543, "site_name": "Carbonate Placer Claim", "dev_stat": "Occurrence", "fips_code": "f53033", "huc_code": "h17110009", "quad_code": "q48122NWE3", "url": "https://mrdata.usgs.gov/mrds/show-mrds.php?dep_id=10228543", "code_list": "LST" }, "geometry": { "type": "Point", "coordinates": [ 47.74811, -121.4681 ] } },
{ "type": "Feature", "properties": { "gml_id": "mrds.222795", "lowerCorner": "47.734820 -121.329000", "upperCorner": "47.734820 -121.329000", "dep_id": 10228582, "site_name": "Beckler River Pit", "dev_stat": "Past Producer", "fips_code": "f53033", "huc_code": "h17110009", "quad_code": "q48122NWF3", "url": "https://mrdata.usgs.gov/mrds/show-mrds.php?dep_id=10228582", "code_list": "STN" }, "geometry": { "type": "Point", "coordinates": [ 47.73482, -121.329 ] } },
{ "type": "Feature", "properties": { "gml_id": "mrds.222847", "lowerCorner": "47.697910 -121.463700", "upperCorner": "47.697910 -121.463700", "dep_id": 10228634, "site_name": "San Francisco", "dev_stat": "Unknown", "fips_code": "f53033", "huc_code": "h17110009", "quad_code": "q48122NWE3", "url": "https://mrdata.usgs.gov/mrds/show-mrds.php?dep_id=10228634", "code_list": "AU CU AG" }, "geometry": { "type": "Point", "coordinates": [ 47.69791, -121.4637 ] } },
{ "type": "Feature", "properties": { "gml_id": "mrds.222860", "lowerCorner": "47.622020 -121.398400", "upperCorner": "47.622020 -121.398400", "dep_id": 10228647, "site_name": "Valley Queen", "dev_stat": "Unknown", "fips_code": "f53033", "huc_code": "h17110009", "quad_code": "q48122NWE4", "url": "https://mrdata.usgs.gov/mrds/show-mrds.php?dep_id=10228647", "code_list": "AU" }, "geometry": { "type": "Point", "coordinates": [ 47.62202, -121.3984 ] } },
{ "type": "Feature", "properties": { "gml_id": "mrds.223031", "lowerCorner": "47.699810 -121.430400", "upperCorner": "47.699810 -121.430400", "dep_id": 10228820, "site_name": "Skookum", "dev_stat": "Unknown", "fips_code": "f53033", "huc_code": "h17110009", "quad_code": "q48122NWE3", "url": "https://mrdata.usgs.gov/mrds/show-mrds.php?dep_id=10228820", "code_list": "AU" }, "geometry": { "type": "Point", "coordinates": [ 47.69981, -121.4304 ] } },
{ "type": "Feature", "properties": { "gml_id": "mrds.223160", "lowerCorner": "47.711220 -121.257600", "upperCorner": "47.711220 -121.257600", "dep_id": 10228950, "site_name": "Unnamed Pit", "dev_stat": "Past Producer", "fips_code": "f53033", "huc_code": "h17110009", "quad_code": "q48122NWF3", "url": "https://mrdata.usgs.gov/mrds/show-mrds.php?dep_id=10228950", "code_list": "SDG" }, "geometry": { "type": "Point", "coordinates": [ 47.71122, -121.2576 ] } },
{ "type": "Feature", "properties": { "gml_id": "mrds.226379", "lowerCorner": "47.709520 -121.365100", "upperCorner": "47.709520 -121.365100", "dep_id": 10232291, "site_name": "Unnamed Pit", "dev_stat": "Past Producer", "fips_code": "f53033", "huc_code": "h17110009", "quad_code": "q48122NWF3", "url": "https://mrdata.usgs.gov/mrds/show-mrds.php?dep_id=10232291", "code_list": "SDG" }, "geometry": { "type": "Point", "coordinates": [ 47.70952, -121.3651 ] } },
{ "type": "Feature", "properties": { "gml_id": "mrds.246161", "lowerCorner": "47.654510 -121.570610", "upperCorner": "47.654510 -121.570610", "dep_id": 10252527, "site_name": "Sagmo and Stuber", "dev_stat": "Prospect", "fips_code": "f53033", "huc_code": "h17110010", "quad_code": "q48122NWD3", "url": "https://mrdata.usgs.gov/mrds/show-mrds.php?dep_id=10252527", "code_list": "CU AU AG" }, "geometry": { "type": "Point", "coordinates": [ 47.65451, -121.57061 ] } },
{ "type": "Feature", "properties": { "gml_id": "mrds.246252", "lowerCorner": "47.626510 -121.506500", "upperCorner": "47.626510 -121.506500", "dep_id": 10252619, "site_name": "Penny Prospect", "dev_stat": "Prospect", "fips_code": "f53033", "huc_code": "h17110010", "quad_code": "q48122NWD3", "url": "https://mrdata.usgs.gov/mrds/show-mrds.php?dep_id=10252619", "code_list": "AG" }, "geometry": { "type": "Point", "coordinates": [ 47.62651, -121.5065 ] } },
{ "type": "Feature", "properties": { "gml_id": "mrds.246478", "lowerCorner": "47.622320 -121.326800", "upperCorner": "47.622320 -121.326800", "dep_id": 10252846, "site_name": "Jumbo No. 1", "dev_stat": "Prospect", "fips_code": "f53033", "huc_code": "h17110009", "quad_code": "q48122NWF4", "url": "https://mrdata.usgs.gov/mrds/show-mrds.php?dep_id=10252846", "code_list": "AG" }, "geometry": { "type": "Point", "coordinates": [ 47.62232, -121.3268 ] } },
{ "type": "Feature", "properties": { "gml_id": "mrds.246512", "lowerCorner": "47.615920 -121.315100", "upperCorner": "47.615920 -121.315100", "dep_id": 10252882, "site_name": "Sw Trout Lake", "dev_stat": "Prospect", "fips_code": "f53033", "huc_code": "h17110009", "quad_code": "q48122NWF4", "url": "https://mrdata.usgs.gov/mrds/show-mrds.php?dep_id=10252882", "code_list": "AU CU AG" }, "geometry": { "type": "Point", "coordinates": [ 47.61592, -121.3151 ] } },
{ "type": "Feature", "properties": { "gml_id": "mrds.246551", "lowerCorner": "47.732310 -121.464500", "upperCorner": "47.732310 -121.464500", "dep_id": 10252921, "site_name": "Marble No. 1 Quarry", "dev_stat": "Past Producer", "fips_code": "f53033", "huc_code": "h17110009", "quad_code": "q48122NWE3", "url": "https://mrdata.usgs.gov/mrds/show-mrds.php?dep_id=10252921", "code_list": "LST" }, "geometry": { "type": "Point", "coordinates": [ 47.73231, -121.4645 ] } },
{ "type": "Feature", "properties": { "gml_id": "mrds.246615", "lowerCorner": "47.660610 -121.547910", "upperCorner": "47.660610 -121.547910", "dep_id": 10252988, "site_name": "Beaverdale Property", "dev_stat": "Past Producer", "fips_code": "f53033", "huc_code": "h17110010", "quad_code": "q48122NWD3", "url": "https://mrdata.usgs.gov/mrds/show-mrds.php?dep_id=10252988", "code_list": "AU" }, "geometry": { "type": "Point", "coordinates": [ 47.66061, -121.54791 ] } },
{ "type": "Feature", "properties": { "gml_id": "mrds.246653", "lowerCorner": "47.713710 -121.417900", "upperCorner": "47.713710 -121.417900", "dep_id": 10253026, "site_name": "Money Creek Placer", "dev_stat": "Prospect", "fips_code": "f53033", "huc_code": "h17110009", "quad_code": "q48122NWE3", "url": "https://mrdata.usgs.gov/mrds/show-mrds.php?dep_id=10253026", "code_list": "AU" }, "geometry": { "type": "Point", "coordinates": [ 47.71371, -121.4179 ] } },
{ "type": "Feature", "properties": { "gml_id": "mrds.246705", "lowerCorner": "47.656710 -121.567010", "upperCorner": "47.656710 -121.567010", "dep_id": 10253079, "site_name": "Jack", "dev_stat": "Prospect", "fips_code": "f53033", "huc_code": "h17110010", "quad_code": "q48122NWD3", "url": "https://mrdata.usgs.gov/mrds/show-mrds.php?dep_id=10253079", "code_list": "AU AG ZN" }, "geometry": { "type": "Point", "coordinates": [ 47.65671, -121.56701 ] } },
{ "type": "Feature", "properties": { "gml_id": "mrds.246922", "lowerCorner": "47.687320 -121.380900", "upperCorner": "47.687320 -121.380900", "dep_id": 10253299, "site_name": "Mono Mine", "dev_stat": "Prospect", "fips_code": "f53033", "huc_code": "h17110009", "quad_code": "q48122NWE3", "url": "https://mrdata.usgs.gov/mrds/show-mrds.php?dep_id=10253299", "code_list": "CU AS AU AG ZN" }, "geometry": { "type": "Point", "coordinates": [ 47.68732, -121.3809 ] } },
{ "type": "Feature", "properties": { "gml_id": "mrds.270113", "lowerCorner": "47.617910 -121.513700", "upperCorner": "47.617910 -121.513700", "dep_id": 10277040, "site_name": "Devils Canyon Extension Prospect", "dev_stat": "Occurrence", "fips_code": "f53033", "huc_code": "h17110010", "quad_code": "q48122NWD4", "url": "https://mrdata.usgs.gov/mrds/show-mrds.php?dep_id=10277040", "code_list": "CU AG" }, "geometry": { "type": "Point", "coordinates": [ 47.61791, -121.5137 ] } },
{ "type": "Feature", "properties": { "gml_id": "mrds.270163", "lowerCorner": "47.692310 -121.458100", "upperCorner": "47.692310 -121.458100", "dep_id": 10277090, "site_name": "Iron Home No. 2", "dev_stat": "Prospect", "fips_code": "f53033", "huc_code": "h17110009", "quad_code": "q48122NWE3", "url": "https://mrdata.usgs.gov/mrds/show-mrds.php?dep_id=10277090", "code_list": "AG CU" }, "geometry": { "type": "Point", "coordinates": [ 47.69231, -121.4581 ] } },
{ "type": "Feature", "properties": { "gml_id": "mrds.270692", "lowerCorner": "47.691510 -121.430400", "upperCorner": "47.691510 -121.430400", "dep_id": 10277629, "site_name": "Kimball", "dev_stat": "Prospect", "fips_code": "f53033", "huc_code": "h17110009", "quad_code": "q48122NWE3", "url": "https://mrdata.usgs.gov/mrds/show-mrds.php?dep_id=10277629", "code_list": "AU SB AG" }, "geometry": { "type": "Point", "coordinates": [ 47.69151, -121.4304 ] } },
{ "type": "Feature", "properties": { "gml_id": "mrds.270696", "lowerCorner": "47.699810 -121.430400", "upperCorner": "47.699810 -121.430400", "dep_id": 10277633, "site_name": "Owen", "dev_stat": "Unknown", "fips_code": "f53033", "huc_code": "h17110009", "quad_code": "q48122NWE3", "url": "https://mrdata.usgs.gov/mrds/show-mrds.php?dep_id=10277633", "code_list": "AU" }, "geometry": { "type": "Point", "coordinates": [ 47.69981, -121.4304 ] } },
{ "type": "Feature", "properties": { "gml_id": "mrds.270770", "lowerCorner": "47.668120 -121.391800", "upperCorner": "47.668120 -121.391800", "dep_id": 10277707, "site_name": "Akishin Claim", "dev_stat": "Prospect", "fips_code": "f53033", "huc_code": "h17110009", "quad_code": "q48122NWE3", "url": "https://mrdata.usgs.gov/mrds/show-mrds.php?dep_id=10277707", "code_list": "AG CU AU PB ZN" }, "geometry": { "type": "Point", "coordinates": [ 47.66812, -121.3918 ] } },
{ "type": "Feature", "properties": { "gml_id": "mrds.293870", "lowerCorner": "47.642910 -121.537300", "upperCorner": "47.642910 -121.537300", "dep_id": 10301352, "site_name": "Unnamed Prospect", "dev_stat": "Prospect", "fips_code": "f53033", "huc_code": "h17110010", "quad_code": "q48122NWD3", "url": "https://mrdata.usgs.gov/mrds/show-mrds.php?dep_id=10301352", "code_list": "CU" }, "geometry": { "type": "Point", "coordinates": [ 47.64291, -121.5373 ] } },
{ "type": "Feature", "properties": { "gml_id": "mrds.293981", "lowerCorner": "47.699810 -121.419300", "upperCorner": "47.699810 -121.419300", "dep_id": 10301463, "site_name": "Jay", "dev_stat": "Unknown", "fips_code": "f53033", "huc_code": "h17110009", "quad_code": "q48122NWE3", "url": "https://mrdata.usgs.gov/mrds/show-mrds.php?dep_id=10301463", "code_list": "AU" }, "geometry": { "type": "Point", "coordinates": [ 47.69981, -121.4193 ] } },
{ "type": "Feature", "properties": { "gml_id": "mrds.294066", "lowerCorner": "47.699810 -121.430400", "upperCorner": "47.699810 -121.430400", "dep_id": 10301548, "site_name": "Ventura", "dev_stat": "Unknown", "fips_code": "f53033", "huc_code": "h17110009", "quad_code": "q48122NWE3", "url": "https://mrdata.usgs.gov/mrds/show-mrds.php?dep_id=10301548", "code_list": "AU" }, "geometry": { "type": "Point", "coordinates": [ 47.69981, -121.4304 ] } },
{ "type": "Feature", "properties": { "gml_id": "mrds.294073", "lowerCorner": "47.734210 -121.464800", "upperCorner": "47.734210 -121.464800", "dep_id": 10301555, "site_name": "Marble No. 2 Quarry", "dev_stat": "Past Producer", "fips_code": "f53033", "huc_code": "h17110009", "quad_code": "q48122NWE3", "url": "https://mrdata.usgs.gov/mrds/show-mrds.php?dep_id=10301555", "code_list": "LST" }, "geometry": { "type": "Point", "coordinates": [ 47.73421, -121.4648 ] } },
{ "type": "Feature", "properties": { "gml_id": "mrds.294097", "lowerCorner": "47.699810 -121.441500", "upperCorner": "47.699810 -121.441500", "dep_id": 10301580, "site_name": "Mitchell", "dev_stat": "Unknown", "fips_code": "f53033", "huc_code": "h17110009", "quad_code": "q48122NWE3", "url": "https://mrdata.usgs.gov/mrds/show-mrds.php?dep_id=10301580", "code_list": "AU" }, "geometry": { "type": "Point", "coordinates": [ 47.69981, -121.4415 ] } },
{ "type": "Feature", "properties": { "gml_id": "mrds.294142", "lowerCorner": "47.649810 -121.555910", "upperCorner": "47.649810 -121.555910", "dep_id": 10301625, "site_name": "Langer", "dev_stat": "Prospect", "fips_code": "f53033", "huc_code": "h17110010", "quad_code": "q48122NWD3", "url": "https://mrdata.usgs.gov/mrds/show-mrds.php?dep_id=10301625", "code_list": "ZN CU AU PB AG" }, "geometry": { "type": "Point", "coordinates": [ 47.64981, -121.55591 ] } },
{ "type": "Feature", "properties": { "gml_id": "mrds.294188", "lowerCorner": "47.699810 -121.419300", "upperCorner": "47.699810 -121.419300", "dep_id": 10301673, "site_name": "Napoleon", "dev_stat": "Unknown", "fips_code": "f53033", "huc_code": "h17110009", "quad_code": "q48122NWE3", "url": "https://mrdata.usgs.gov/mrds/show-mrds.php?dep_id=10301673", "code_list": "AU" }, "geometry": { "type": "Point", "coordinates": [ 47.69981, -121.4193 ] } },
{ "type": "Feature", "properties": { "gml_id": "mrds.294464", "lowerCorner": "47.735410 -121.464500", "upperCorner": "47.735410 -121.464500", "dep_id": 10301950, "site_name": "Vulcan Claim", "dev_stat": "Occurrence", "fips_code": "f53033", "huc_code": "h17110009", "quad_code": "q48122NWE3", "url": "https://mrdata.usgs.gov/mrds/show-mrds.php?dep_id=10301950", "code_list": "LST" }, "geometry": { "type": "Point", "coordinates": [ 47.73541, -121.4645 ] } },
{ "type": "Feature", "properties": { "gml_id": "mrds.8349", "lowerCorner": "47.570370 -121.555640", "upperCorner": "47.570370 -121.555640", "dep_id": 10008481, "site_name": "Quartz Creek", "dev_stat": "Past Producer", "fips_code": "f53033", "huc_code": "h17110010", "quad_code": "q48122NWD4", "url": "https://mrdata.usgs.gov/mrds/show-mrds.php?dep_id=10008481", "code_list": "CU MO AU AG W AS U" }, "geometry": { "type": "Point", "coordinates": [ 47.57037, -121.55564 ] } },
{ "type": "Feature", "properties": { "gml_id": "mrds.8350", "lowerCorner": "47.424820 -121.255630", "upperCorner": "47.424820 -121.255630", "dep_id": 10008482, "site_name": "Mineral Creek", "dev_stat": "Past Producer", "fips_code": "f53037", "huc_code": "h17030001", "quad_code": "q48122SWF1", "url": "https://mrdata.usgs.gov/mrds/show-mrds.php?dep_id=10008482", "code_list": "CU AU AG MO" }, "geometry": { "type": "Point", "coordinates": [ 47.42482, -121.25563 ] } },
{ "type": "Feature", "properties": { "gml_id": "mrds.35744", "lowerCorner": "47.462040 -121.327580", "upperCorner": "47.462040 -121.327580", "dep_id": 10036900, "site_name": "Cascade Mining Prospect", "dev_stat": "Occurrence", "fips_code": "f53037", "huc_code": "h17030001", "quad_code": "q48122SWF1", "url": "https://mrdata.usgs.gov/mrds/show-mrds.php?dep_id=10036900", "code_list": "CU PB AG AU" }, "geometry": { "type": "Point", "coordinates": [ 47.46204, -121.32758 ] } },
{ "type": "Feature", "properties": { "gml_id": "mrds.35745", "lowerCorner": "47.417600 -121.256190", "upperCorner": "47.417600 -121.256190", "dep_id": 10036901, "site_name": "Copper Queen Prospect", "dev_stat": "Occurrence", "fips_code": "f53037", "huc_code": "h17030001", "quad_code": "q48122SWF1", "url": "https://mrdata.usgs.gov/mrds/show-mrds.php?dep_id=10036901", "code_list": "CU AG AS" }, "geometry": { "type": "Point", "coordinates": [ 47.4176, -121.25619 ] } },
{ "type": "Feature", "properties": { "gml_id": "mrds.35773", "lowerCorner": "47.460650 -121.322580", "upperCorner": "47.460650 -121.322580", "dep_id": 10036929, "site_name": "Esther and Louisa Mine", "dev_stat": "Past Producer", "fips_code": "f53037", "huc_code": "h17030001", "quad_code": "q48122SWF1", "url": "https://mrdata.usgs.gov/mrds/show-mrds.php?dep_id=10036929", "code_list": "AG AU PB ZN" }, "geometry": { "type": "Point", "coordinates": [ 47.46065, -121.32258 ] } },
{ "type": "Feature", "properties": { "gml_id": "mrds.47110", "lowerCorner": "47.517920 -121.345600", "upperCorner": "47.517920 -121.345600", "dep_id": 10048444, "site_name": "Three Brothers Zone", "dev_stat": "Occurrence", "fips_code": "f53033", "huc_code": "h17110010", "quad_code": "q48122NWF4", "url": "https://mrdata.usgs.gov/mrds/show-mrds.php?dep_id=10048444", "code_list": "CU MO AU AG PB AS" }, "geometry": { "type": "Point", "coordinates": [ 47.51792, -121.3456 ] } },
{ "type": "Feature", "properties": { "gml_id": "mrds.47164", "lowerCorner": "47.513420 -121.706210", "upperCorner": "47.513420 -121.706210", "dep_id": 10048499, "site_name": "Mount Si", "dev_stat": "Occurrence", "fips_code": "f53033", "huc_code": "h17110010", "quad_code": "q48122NWC4", "url": "https://mrdata.usgs.gov/mrds/show-mrds.php?dep_id=10048499", "code_list": "CU" }, "geometry": { "type": "Point", "coordinates": [ 47.51342, -121.70621 ] } },
{ "type": "Feature", "properties": { "gml_id": "mrds.47283", "lowerCorner": "47.445640 -121.421200", "upperCorner": "47.445640 -121.421200", "dep_id": 10048621, "site_name": "Guye", "dev_stat": "Occurrence", "fips_code": "f53033", "huc_code": "h17110010", "quad_code": "q48122SWE1", "url": "https://mrdata.usgs.gov/mrds/show-mrds.php?dep_id=10048621", "code_list": "FE PB ZN AU AG" }, "geometry": { "type": "Point", "coordinates": [ 47.44564, -121.4212 ] } },
{ "type": "Feature", "properties": { "gml_id": "mrds.47316", "lowerCorner": "47.520930 -121.340370", "upperCorner": "47.520930 -121.340370", "dep_id": 10048655, "site_name": "Pedro Zone", "dev_stat": "Occurrence", "fips_code": "f53033", "huc_code": "h17110010", "quad_code": "q48122NWF4", "url": "https://mrdata.usgs.gov/mrds/show-mrds.php?dep_id=10048655", "code_list": "CU MO PB ZN" }, "geometry": { "type": "Point", "coordinates": [ 47.52093, -121.34037 ] } },
{ "type": "Feature", "properties": { "gml_id": "mrds.54368", "lowerCorner": "47.496490 -121.369300", "upperCorner": "47.496490 -121.369300", "dep_id": 10055923, "site_name": "Condor-Hemlock", "dev_stat": "Occurrence", "fips_code": "f53033", "huc_code": "h17110010", "quad_code": "q48122SWF1", "url": "https://mrdata.usgs.gov/mrds/show-mrds.php?dep_id=10055923", "code_list": "CU MO AU AG" }, "geometry": { "type": "Point", "coordinates": [ 47.49649, -121.3693 ] } },
{ "type": "Feature", "properties": { "gml_id": "mrds.54374", "lowerCorner": "47.445640 -121.421200", "upperCorner": "47.445640 -121.421200", "dep_id": 10055929, "site_name": "Guye", "dev_stat": "Occurrence", "fips_code": "f53033", "huc_code": "h17110010", "quad_code": "q48122SWE1", "url": "https://mrdata.usgs.gov/mrds/show-mrds.php?dep_id=10055929", "code_list": "FE PB ZN AG AU" }, "geometry": { "type": "Point", "coordinates": [ 47.44564, -121.4212 ] } },
{ "type": "Feature", "properties": { "gml_id": "mrds.54385", "lowerCorner": "47.460650 -121.322580", "upperCorner": "47.460650 -121.322580", "dep_id": 10055941, "site_name": "Esther and Louisa", "dev_stat": "Occurrence", "fips_code": "f53037", "huc_code": "h17030001", "quad_code": "q48122SWF1", "url": "https://mrdata.usgs.gov/mrds/show-mrds.php?dep_id=10055941", "code_list": "AG AU PB ZN" }, "geometry": { "type": "Point", "coordinates": [ 47.46065, -121.32258 ] } },
{ "type": "Feature", "properties": { "gml_id": "mrds.54391", "lowerCorner": "47.424540 -121.255630", "upperCorner": "47.424540 -121.255630", "dep_id": 10055948, "site_name": "Mineral Creek", "dev_stat": "Occurrence", "fips_code": "f53037", "huc_code": "h17030001", "quad_code": "q48122SWF1", "url": "https://mrdata.usgs.gov/mrds/show-mrds.php?dep_id=10055948", "code_list": "CU AU AG MO" }, "geometry": { "type": "Point", "coordinates": [ 47.42454, -121.25563 ] } },
{ "type": "Feature", "properties": { "gml_id": "mrds.127534", "lowerCorner": "47.511520 -121.349800", "upperCorner": "47.511520 -121.349800", "dep_id": 10131061, "site_name": "Middle Fork Property", "dev_stat": "Past Producer", "fips_code": "f53033", "huc_code": "h17110010", "quad_code": "q48122NWF4", "url": "https://mrdata.usgs.gov/mrds/show-mrds.php?dep_id=10131061", "code_list": "CU MO AU AG" }, "geometry": { "type": "Point", "coordinates": [ 47.51152, -121.3498 ] } },
{ "type": "Feature", "properties": { "gml_id": "mrds.127653", "lowerCorner": "47.548110 -121.905910", "upperCorner": "47.548110 -121.905910", "dep_id": 10131180, "site_name": "Raging River Quarry", "dev_stat": "Past Producer", "fips_code": "f53033", "huc_code": "h17110010", "quad_code": "q48122NWA4", "url": "https://mrdata.usgs.gov/mrds/show-mrds.php?dep_id=10131180", "code_list": "STN_C" }, "geometry": { "type": "Point", "coordinates": [ 47.54811, -121.90591 ] } },
{ "type": "Feature", "properties": { "gml_id": "mrds.128023", "lowerCorner": "47.497010 -122.104020", "upperCorner": "47.497010 -122.104020", "dep_id": 10131557, "site_name": "Pacific-Rivera-Green Pit", "dev_stat": "Past Producer", "fips_code": "f53033", "huc_code": "h17110012", "quad_code": "q48124SEH1", "url": "https://mrdata.usgs.gov/mrds/show-mrds.php?dep_id=10131557", "code_list": "SDG" }, "geometry": { "type": "Point", "coordinates": [ 47.49701, -122.10402 ] } },
{ "type": "Feature", "properties": { "gml_id": "mrds.128058", "lowerCorner": "47.508110 -121.919310", "upperCorner": "47.508110 -121.919310", "dep_id": 10131594, "site_name": "Unnamed Pit", "dev_stat": "Past Producer", "fips_code": "f53033", "huc_code": "h17110010", "quad_code": "q48122NWA4", "url": "https://mrdata.usgs.gov/mrds/show-mrds.php?dep_id=10131594", "code_list": "SDG" }, "geometry": { "type": "Point", "coordinates": [ 47.50811, -121.91931 ] } },
{ "type": "Feature", "properties": { "gml_id": "mrds.128131", "lowerCorner": "47.564210 -121.928110", "upperCorner": "47.564210 -121.928110", "dep_id": 10131667, "site_name": "Gravel Pit", "dev_stat": "Past Producer", "fips_code": "f53033", "huc_code": "h17110010", "quad_code": "q48122NWA4", "url": "https://mrdata.usgs.gov/mrds/show-mrds.php?dep_id=10131667", "code_list": "SDG" }, "geometry": { "type": "Point", "coordinates": [ 47.56421, -121.92811 ] } },
{ "type": "Feature", "properties": { "gml_id": "mrds.128238", "lowerCorner": "47.480910 -122.189520", "upperCorner": "47.480910 -122.189520", "dep_id": 10131776, "site_name": "Unnamed Pit", "dev_stat": "Past Producer", "fips_code": "f53033", "huc_code": "h17110012", "quad_code": "q48124SEG1", "url": "https://mrdata.usgs.gov/mrds/show-mrds.php?dep_id=10131776", "code_list": "SDG" }, "geometry": { "type": "Point", "coordinates": [ 47.48091, -122.18952 ] } },
{ "type": "Feature", "properties": { "gml_id": "mrds.128306", "lowerCorner": "47.439510 -122.215920", "upperCorner": "47.439510 -122.215920", "dep_id": 10131845, "site_name": "Gravel Pit", "dev_stat": "Past Producer", "fips_code": "f53033", "huc_code": "h17110013", "quad_code": "q48124SEG1", "url": "https://mrdata.usgs.gov/mrds/show-mrds.php?dep_id=10131845", "code_list": "SDG" }, "geometry": { "type": "Point", "coordinates": [ 47.43951, -122.21592 ] } },
{ "type": "Feature", "properties": { "gml_id": "mrds.128414", "lowerCorner": "47.561710 -121.538700", "upperCorner": "47.561710 -121.538700", "dep_id": 10131954, "site_name": "Fathers Day", "dev_stat": "Prospect", "fips_code": "f53033", "huc_code": "h17110010", "quad_code": "q48122NWD4", "url": "https://mrdata.usgs.gov/mrds/show-mrds.php?dep_id=10131954", "code_list": "CU" }, "geometry": { "type": "Point", "coordinates": [ 47.56171, -121.5387 ] } },
{ "type": "Feature", "properties": { "gml_id": "mrds.128422", "lowerCorner": "47.530410 -121.946210", "upperCorner": "47.530410 -121.946210", "dep_id": 10131962, "site_name": "Hjort Pit", "dev_stat": "Past Producer", "fips_code": "f53033", "huc_code": "h17110012", "quad_code": "q48122NWA4", "url": "https://mrdata.usgs.gov/mrds/show-mrds.php?dep_id=10131962", "code_list": "SDG" }, "geometry": { "type": "Point", "coordinates": [ 47.53041, -121.94621 ] } },
{ "type": "Feature", "properties": { "gml_id": "mrds.128443", "lowerCorner": "47.444820 -121.387000", "upperCorner": "47.444820 -121.387000", "dep_id": 10131983, "site_name": "Alan", "dev_stat": "Past Producer", "fips_code": "f53033", "huc_code": "h17030001", "quad_code": "q48122SWE1", "url": "https://mrdata.usgs.gov/mrds/show-mrds.php?dep_id=10131983", "code_list": "AU CU MO AG" }, "geometry": { "type": "Point", "coordinates": [ 47.44482, -121.387 ] } },
{ "type": "Feature", "properties": { "gml_id": "mrds.128538", "lowerCorner": "47.475610 -121.738710", "upperCorner": "47.475610 -121.738710", "dep_id": 10132078, "site_name": "David Pit", "dev_stat": "Past Producer", "fips_code": "f53033", "huc_code": "h17110010", "quad_code": "q48122SWC1", "url": "https://mrdata.usgs.gov/mrds/show-mrds.php?dep_id=10132078", "code_list": "SDG" }, "geometry": { "type": "Point", "coordinates": [ 47.47561, -121.73871 ] } },
{ "type": "Feature", "properties": { "gml_id": "mrds.131874", "lowerCorner": "47.459510 -121.451200", "upperCorner": "47.459510 -121.451200", "dep_id": 10135529, "site_name": "Chair Peak Occurrence", "dev_stat": "Occurrence", "fips_code": "f53033", "huc_code": "h17110010", "quad_code": "q48122SWE1", "url": "https://mrdata.usgs.gov/mrds/show-mrds.php?dep_id=10135529", "code_list": "LST" }, "geometry": { "type": "Point", "coordinates": [ 47.45951, -121.4512 ] } },
{ "type": "Feature", "properties": { "gml_id": "mrds.151504", "lowerCorner": "47.442310 -122.055920", "upperCorner": "47.442310 -122.055920", "dep_id": 10155624, "site_name": "Gravel Pit", "dev_stat": "Past Producer", "fips_code": "f53033", "huc_code": "h17110012", "quad_code": "q48124SEH1", "url": "https://mrdata.usgs.gov/mrds/show-mrds.php?dep_id=10155624", "code_list": "SDG" }, "geometry": { "type": "Point", "coordinates": [ 47.44231, -122.05592 ] } },
{ "type": "Feature", "properties": { "gml_id": "mrds.151507", "lowerCorner": "47.423720 -121.255590", "upperCorner": "47.423720 -121.255590", "dep_id": 10155627, "site_name": "Mineral Creek Copper", "dev_stat": "Past Producer", "fips_code": "f53037", "huc_code": "h17030001", "quad_code": "q48122SWF1", "url": "https://mrdata.usgs.gov/mrds/show-mrds.php?dep_id=10155627", "code_list": "CU MO AG" }, "geometry": { "type": "Point", "coordinates": [ 47.42372, -121.25559 ] } },
{ "type": "Feature", "properties": { "gml_id": "mrds.151510", "lowerCorner": "47.405410 -121.622000", "upperCorner": "47.405410 -121.622000", "dep_id": 10155630, "site_name": "Last Chance", "dev_stat": "Unknown", "fips_code": "f53033", "huc_code": "h17110010", "quad_code": "q48122SWD1", "url": "https://mrdata.usgs.gov/mrds/show-mrds.php?dep_id=10155630", "code_list": "AU AG" }, "geometry": { "type": "Point", "coordinates": [ 47.40541, -121.622 ] } },
{ "type": "Feature", "properties": { "gml_id": "mrds.151535", "lowerCorner": "47.501710 -121.796510", "upperCorner": "47.501710 -121.796510", "dep_id": 10155655, "site_name": "Miller Pit", "dev_stat": "Past Producer", "fips_code": "f53033", "huc_code": "h17110010", "quad_code": "q48122NWB4", "url": "https://mrdata.usgs.gov/mrds/show-mrds.php?dep_id=10155655", "code_list": "SDG" }, "geometry": { "type": "Point", "coordinates": [ 47.50171, -121.79651 ] } },
{ "type": "Feature", "properties": { "gml_id": "mrds.151573", "lowerCorner": "47.581710 -121.903710", "upperCorner": "47.581710 -121.903710", "dep_id": 10155693, "site_name": "Chisholm Pit", "dev_stat": "Past Producer", "fips_code": "f53033", "huc_code": "h17110010", "quad_code": "q48122NWA4", "url": "https://mrdata.usgs.gov/mrds/show-mrds.php?dep_id=10155693", "code_list": "SDG" }, "geometry": { "type": "Point", "coordinates": [ 47.58171, -121.90371 ] } },
{ "type": "Feature", "properties": { "gml_id": "mrds.151720", "lowerCorner": "47.497010 -121.785910", "upperCorner": "47.497010 -121.785910", "dep_id": 10155843, "site_name": "Camp Brown Quarry", "dev_stat": "Past Producer", "fips_code": "f53033", "huc_code": "h17110010", "quad_code": "q48122SWB1", "url": "https://mrdata.usgs.gov/mrds/show-mrds.php?dep_id=10155843", "code_list": "STN_D" }, "geometry": { "type": "Point", "coordinates": [ 47.49701, -121.78591 ] } },
{ "type": "Feature", "properties": { "gml_id": "mrds.151882", "lowerCorner": "47.458120 -121.324490", "upperCorner": "47.458120 -121.324490", "dep_id": 10156008, "site_name": "Rita Nos. 1-24", "dev_stat": "Prospect", "fips_code": "f53037", "huc_code": "h17030001", "quad_code": "q48122SWF1", "url": "https://mrdata.usgs.gov/mrds/show-mrds.php?dep_id=10156008", "code_list": "AG" }, "geometry": { "type": "Point", "coordinates": [ 47.45812, -121.32449 ] } },
{ "type": "Feature", "properties": { "gml_id": "mrds.151963", "lowerCorner": "47.462310 -122.156820", "upperCorner": "47.462310 -122.156820", "dep_id": 10156089, "site_name": "Elliott Pit", "dev_stat": "Past Producer", "fips_code": "f53033", "huc_code": "h17110012", "quad_code": "q48124SEG1", "url": "https://mrdata.usgs.gov/mrds/show-mrds.php?dep_id=10156089", "code_list": "SDG" }, "geometry": { "type": "Point", "coordinates": [ 47.46231, -122.15682 ] } },
{ "type": "Feature", "properties": { "gml_id": "mrds.155393", "lowerCorner": "47.494210 -122.283720", "upperCorner": "47.494210 -122.283720", "dep_id": 10159640, "site_name": "Riverton Quarry", "dev_stat": "Past Producer", "fips_code": "f53033", "huc_code": "h17110013", "quad_code": "q48124SEF1", "url": "https://mrdata.usgs.gov/mrds/show-mrds.php?dep_id=10159640", "code_list": "SDG STN_C" }, "geometry": { "type": "Point", "coordinates": [ 47.49421, -122.28372 ] } },
{ "type": "Feature", "properties": { "gml_id": "mrds.175106", "lowerCorner": "47.438720 -121.346990", "upperCorner": "47.438720 -121.346990", "dep_id": 10179799, "site_name": "Gold Creek Pit", "dev_stat": "Past Producer", "fips_code": "f53037", "huc_code": "h17030001", "quad_code": "q48122SWF1", "url": "https://mrdata.usgs.gov/mrds/show-mrds.php?dep_id=10179799", "code_list": "SDG" }, "geometry": { "type": "Point", "coordinates": [ 47.43872, -121.34699 ] } },
{ "type": "Feature", "properties": { "gml_id": "mrds.175239", "lowerCorner": "47.517910 -121.771810", "upperCorner": "47.517910 -121.771810", "dep_id": 10179932, "site_name": "Schlock Pit", "dev_stat": "Past Producer", "fips_code": "f53033", "huc_code": "h17110010", "quad_code": "q48122NWB4", "url": "https://mrdata.usgs.gov/mrds/show-mrds.php?dep_id=10179932", "code_list": "SDG" }, "geometry": { "type": "Point", "coordinates": [ 47.51791, -121.77181 ] } },
{ "type": "Feature", "properties": { "gml_id": "mrds.175281", "lowerCorner": "47.457020 -121.330390", "upperCorner": "47.457020 -121.330390", "dep_id": 10179975, "site_name": "Gold Creek Claims", "dev_stat": "Prospect", "fips_code": "f53037", "huc_code": "h17030001", "quad_code": "q48122SWF1", "url": "https://mrdata.usgs.gov/mrds/show-mrds.php?dep_id=10179975", "code_list": "CU AU MO AG" }, "geometry": { "type": "Point", "coordinates": [ 47.45702, -121.33039 ] } },
{ "type": "Feature", "properties": { "gml_id": "mrds.175290", "lowerCorner": "47.539820 -121.326500", "upperCorner": "47.539820 -121.326500", "dep_id": 10179985, "site_name": "Crawford Creek Zone", "dev_stat": "Prospect", "fips_code": "f53033", "huc_code": "h17110010", "quad_code": "q48122NWF4", "url": "https://mrdata.usgs.gov/mrds/show-mrds.php?dep_id=10179985", "code_list": "CU AG" }, "geometry": { "type": "Point", "coordinates": [ 47.53982, -121.3265 ] } },
{ "type": "Feature", "properties": { "gml_id": "mrds.175302", "lowerCorner": "47.436210 -122.272020", "upperCorner": "47.436210 -122.272020", "dep_id": 10179997, "site_name": "Bow Lake Pit", "dev_stat": "Past Producer", "fips_code": "f53033", "huc_code": "h17110013", "quad_code": "q48124SEF1", "url": "https://mrdata.usgs.gov/mrds/show-mrds.php?dep_id=10179997", "code_list": "SDG" }, "geometry": { "type": "Point", "coordinates": [ 47.43621, -122.27202 ] } },
{ "type": "Feature", "properties": { "gml_id": "mrds.175472", "lowerCorner": "47.580410 -121.898410", "upperCorner": "47.580410 -121.898410", "dep_id": 10180171, "site_name": "Smart Pit", "dev_stat": "Past Producer", "fips_code": "f53033", "huc_code": "h17110010", "quad_code": "q48122NWA4", "url": "https://mrdata.usgs.gov/mrds/show-mrds.php?dep_id=10180171", "code_list": "SDG" }, "geometry": { "type": "Point", "coordinates": [ 47.58041, -121.89841 ] } },
{ "type": "Feature", "properties": { "gml_id": "mrds.175584", "lowerCorner": "47.535910 -122.152620", "upperCorner": "47.535910 -122.152620", "dep_id": 10180283, "site_name": "Unnamed Pit", "dev_stat": "Past Producer", "fips_code": "f53033", "huc_code": "h17110012", "quad_code": "q48124NEG4", "url": "https://mrdata.usgs.gov/mrds/show-mrds.php?dep_id=10180283", "code_list": "SDG" }, "geometry": { "type": "Point", "coordinates": [ 47.53591, -122.15262 ] } },
{ "type": "Feature", "properties": { "gml_id": "mrds.175585", "lowerCorner": "47.435910 -122.276220", "upperCorner": "47.435910 -122.276220", "dep_id": 10180284, "site_name": "Unnamed Pit", "dev_stat": "Past Producer", "fips_code": "f53033", "huc_code": "h17110013", "quad_code": "q48124SEF1", "url": "https://mrdata.usgs.gov/mrds/show-mrds.php?dep_id=10180284", "code_list": "SDG" }, "geometry": { "type": "Point", "coordinates": [ 47.43591, -122.27622 ] } },
{ "type": "Feature", "properties": { "gml_id": "mrds.175586", "lowerCorner": "47.462020 -121.319490", "upperCorner": "47.462020 -121.319490", "dep_id": 10180285, "site_name": "Jack", "dev_stat": "Prospect", "fips_code": "f53037", "huc_code": "h17030001", "quad_code": "q48122SWF1", "url": "https://mrdata.usgs.gov/mrds/show-mrds.php?dep_id=10180285", "code_list": "AG" }, "geometry": { "type": "Point", "coordinates": [ 47.46202, -121.31949 ] } },
{ "type": "Feature", "properties": { "gml_id": "mrds.175697", "lowerCorner": "47.457920 -121.309490", "upperCorner": "47.457920 -121.309490", "dep_id": 10180396, "site_name": "Transit", "dev_stat": "Unknown", "fips_code": "f53037", "huc_code": "h17030001", "quad_code": "q48122SWF1", "url": "https://mrdata.usgs.gov/mrds/show-mrds.php?dep_id=10180396", "code_list": "AG CU AU" }, "geometry": { "type": "Point", "coordinates": [ 47.45792, -121.30949 ] } },
{ "type": "Feature", "properties": { "gml_id": "mrds.199091", "lowerCorner": "47.545620 -121.314000", "upperCorner": "47.545620 -121.314000", "dep_id": 10204331, "site_name": "Alp Zone", "dev_stat": "Occurrence", "fips_code": "f53033", "huc_code": "h17110010", "quad_code": "q48122NWF4", "url": "https://mrdata.usgs.gov/mrds/show-mrds.php?dep_id=10204331", "code_list": "CU AG" }, "geometry": { "type": "Point", "coordinates": [ 47.54562, -121.314 ] } },
{ "type": "Feature", "properties": { "gml_id": "mrds.199101", "lowerCorner": "47.534510 -122.132320", "upperCorner": "47.534510 -122.132320", "dep_id": 10204341, "site_name": "Gravel Pit", "dev_stat": "Past Producer", "fips_code": "f53033", "huc_code": "h17110012", "quad_code": "q48124NEG4", "url": "https://mrdata.usgs.gov/mrds/show-mrds.php?dep_id=10204341", "code_list": "SDG" }, "geometry": { "type": "Point", "coordinates": [ 47.53451, -122.13232 ] } },
{ "type": "Feature", "properties": { "gml_id": "mrds.199284", "lowerCorner": "47.477610 -122.247020", "upperCorner": "47.477610 -122.247020", "dep_id": 10204527, "site_name": "Black River Quarry", "dev_stat": "Past Producer", "fips_code": "f53033", "huc_code": "h17110013", "quad_code": "q48124SEG1", "url": "https://mrdata.usgs.gov/mrds/show-mrds.php?dep_id=10204527", "code_list": "STN_C" }, "geometry": { "type": "Point", "coordinates": [ 47.47761, -122.24702 ] } },
{ "type": "Feature", "properties": { "gml_id": "mrds.199326", "lowerCorner": "47.585910 -121.947020", "upperCorner": "47.585910 -121.947020", "dep_id": 10204571, "site_name": "Foster Pit", "dev_stat": "Past Producer", "fips_code": "f53033", "huc_code": "h17110010", "quad_code": "q48122NWA4", "url": "https://mrdata.usgs.gov/mrds/show-mrds.php?dep_id=10204571", "code_list": "SDG" }, "geometry": { "type": "Point", "coordinates": [ 47.58591, -121.94702 ] } },
{ "type": "Feature", "properties": { "gml_id": "mrds.199352", "lowerCorner": "47.494210 -122.004020", "upperCorner": "47.494210 -122.004020", "dep_id": 10204597, "site_name": "Unnamed Pit", "dev_stat": "Past Producer", "fips_code": "f53033", "huc_code": "h17110012", "quad_code": "q48124SEH1", "url": "https://mrdata.usgs.gov/mrds/show-mrds.php?dep_id=10204597", "code_list": "SDG" }, "geometry": { "type": "Point", "coordinates": [ 47.49421, -122.00402 ] } },
{ "type": "Feature", "properties": { "gml_id": "mrds.199495", "lowerCorner": "47.457310 -122.083120", "upperCorner": "47.457310 -122.083120", "dep_id": 10204740, "site_name": "Cavanaugh", "dev_stat": "Past Producer", "fips_code": "f53033", "huc_code": "h17110012", "quad_code": "q48124SEH1", "url": "https://mrdata.usgs.gov/mrds/show-mrds.php?dep_id=10204740", "code_list": "SIL" }, "geometry": { "type": "Point", "coordinates": [ 47.45731, -122.08312 ] } },
{ "type": "Feature", "properties": { "gml_id": "mrds.199534", "lowerCorner": "47.577010 -122.138720", "upperCorner": "47.577010 -122.138720", "dep_id": 10204779, "site_name": "Unnamed Pit", "dev_stat": "Past Producer", "fips_code": "f53033", "huc_code": "h17110012", "quad_code": "q48124NEG4", "url": "https://mrdata.usgs.gov/mrds/show-mrds.php?dep_id=10204779", "code_list": "SDG" }, "geometry": { "type": "Point", "coordinates": [ 47.57701, -122.13872 ] } },
{ "type": "Feature", "properties": { "gml_id": "mrds.199622", "lowerCorner": "47.581710 -122.173420", "upperCorner": "47.581710 -122.173420", "dep_id": 10204867, "site_name": "Factoria Pit", "dev_stat": "Past Producer", "fips_code": "f53033", "huc_code": "h17110012", "quad_code": "q48124NEG4", "url": "https://mrdata.usgs.gov/mrds/show-mrds.php?dep_id=10204867", "code_list": "SDG" }, "geometry": { "type": "Point", "coordinates": [ 47.58171, -122.17342 ] } },
{ "type": "Feature", "properties": { "gml_id": "mrds.199750", "lowerCorner": "47.487320 -121.390100", "upperCorner": "47.487320 -121.390100", "dep_id": 10204995, "site_name": "Crestview", "dev_stat": "Occurrence", "fips_code": "f53033", "huc_code": "h17110010", "quad_code": "q48122SWE1", "url": "https://mrdata.usgs.gov/mrds/show-mrds.php?dep_id=10204995", "code_list": "CU MO" }, "geometry": { "type": "Point", "coordinates": [ 47.48732, -121.3901 ] } },
{ "type": "Feature", "properties": { "gml_id": "mrds.222591", "lowerCorner": "47.491220 -121.373700", "upperCorner": "47.491220 -121.373700", "dep_id": 10228377, "site_name": "Porter Zone", "dev_stat": "Prospect", "fips_code": "f53033", "huc_code": "h17110010", "quad_code": "q48122SWF1", "url": "https://mrdata.usgs.gov/mrds/show-mrds.php?dep_id=10228377", "code_list": "CU" }, "geometry": { "type": "Point", "coordinates": [ 47.49122, -121.3737 ] } },
{ "type": "Feature", "properties": { "gml_id": "mrds.222594", "lowerCorner": "47.419210 -121.905410", "upperCorner": "47.419210 -121.905410", "dep_id": 10228380, "site_name": "Taylor", "dev_stat": "Past Producer", "fips_code": "f53033", "huc_code": "h17110012", "quad_code": "q48122SWA1", "url": "https://mrdata.usgs.gov/mrds/show-mrds.php?dep_id=10228380", "code_list": "CLY" }, "geometry": { "type": "Point", "coordinates": [ 47.41921, -121.90541 ] } },
{ "type": "Feature", "properties": { "gml_id": "mrds.222788", "lowerCorner": "47.535920 -121.329000", "upperCorner": "47.535920 -121.329000", "dep_id": 10228575, "site_name": "Red Face Zone", "dev_stat": "Prospect", "fips_code": "f53033", "huc_code": "h17110010", "quad_code": "q48122NWF4", "url": "https://mrdata.usgs.gov/mrds/show-mrds.php?dep_id=10228575", "code_list": "CU" }, "geometry": { "type": "Point", "coordinates": [ 47.53592, -121.329 ] } },
{ "type": "Feature", "properties": { "gml_id": "mrds.222805", "lowerCorner": "47.426210 -122.277320", "upperCorner": "47.426210 -122.277320", "dep_id": 10228592, "site_name": "Gravel Pit", "dev_stat": "Past Producer", "fips_code": "f53033", "huc_code": "h17110013", "quad_code": "q48124SEF1", "url": "https://mrdata.usgs.gov/mrds/show-mrds.php?dep_id=10228592", "code_list": "SDG" }, "geometry": { "type": "Point", "coordinates": [ 47.42621, -122.27732 ] } },
{ "type": "Feature", "properties": { "gml_id": "mrds.223045", "lowerCorner": "47.439510 -122.045620", "upperCorner": "47.439510 -122.045620", "dep_id": 10228834, "site_name": "Lake Francis Pit", "dev_stat": "Past Producer", "fips_code": "f53033", "huc_code": "h17110012", "quad_code": "q48124SEH1", "url": "https://mrdata.usgs.gov/mrds/show-mrds.php?dep_id=10228834", "code_list": "SDG" }, "geometry": { "type": "Point", "coordinates": [ 47.43951, -122.04562 ] } },
{ "type": "Feature", "properties": { "gml_id": "mrds.223065", "lowerCorner": "47.529010 -122.092920", "upperCorner": "47.529010 -122.092920", "dep_id": 10228854, "site_name": "Section 31 Pit", "dev_stat": "Past Producer", "fips_code": "f53033", "huc_code": "h17110012", "quad_code": "q48124NEH4", "url": "https://mrdata.usgs.gov/mrds/show-mrds.php?dep_id=10228854", "code_list": "CLY" }, "geometry": { "type": "Point", "coordinates": [ 47.52901, -122.09292 ] } },
{ "type": "Feature", "properties": { "gml_id": "mrds.223215", "lowerCorner": "47.517010 -122.062920", "upperCorner": "47.517010 -122.062920", "dep_id": 10229006, "site_name": "Harris Clay Mine", "dev_stat": "Producer", "fips_code": "f53033", "huc_code": "h17110012", "quad_code": "q48124NEH4", "url": "https://mrdata.usgs.gov/mrds/show-mrds.php?dep_id=10229006", "code_list": "CLY_FR" }, "geometry": { "type": "Point", "coordinates": [ 47.51701, -122.06292 ] } },
{ "type": "Feature", "properties": { "gml_id": "mrds.226563", "lowerCorner": "47.451210 -121.938710", "upperCorner": "47.451210 -121.938710", "dep_id": 10232478, "site_name": "Preston Expanding Shale", "dev_stat": "Occurrence", "fips_code": "f53033", "huc_code": "h17110012", "quad_code": "q48122SWA1", "url": "https://mrdata.usgs.gov/mrds/show-mrds.php?dep_id=10232478", "code_list": "CLY" }, "geometry": { "type": "Point", "coordinates": [ 47.45121, -121.93871 ] } },
{ "type": "Feature", "properties": { "gml_id": "mrds.246160", "lowerCorner": "47.463710 -122.045620", "upperCorner": "47.463710 -122.045620", "dep_id": 10252526, "site_name": "Gravel Pit", "dev_stat": "Past Producer", "fips_code": "f53033", "huc_code": "h17110012", "quad_code": "q48124SEH1", "url": "https://mrdata.usgs.gov/mrds/show-mrds.php?dep_id=10252526", "code_list": "SDG" }, "geometry": { "type": "Point", "coordinates": [ 47.46371, -122.04562 ] } },
{ "type": "Feature", "properties": { "gml_id": "mrds.246234", "lowerCorner": "47.466510 -122.197020", "upperCorner": "47.466510 -122.197020", "dep_id": 10252600, "site_name": "Unnamed Pit", "dev_stat": "Past Producer", "fips_code": "f53033", "huc_code": "h17110013", "quad_code": "q48124SEG1", "url": "https://mrdata.usgs.gov/mrds/show-mrds.php?dep_id=10252600", "code_list": "SDG" }, "geometry": { "type": "Point", "coordinates": [ 47.46651, -122.19702 ] } },
{ "type": "Feature", "properties": { "gml_id": "mrds.246241", "lowerCorner": "47.527020 -121.271790", "upperCorner": "47.527020 -121.271790", "dep_id": 10252607, "site_name": "Galena Group", "dev_stat": "Prospect", "fips_code": "f53033", "huc_code": "h17110010", "quad_code": "q48122NWF4", "url": "https://mrdata.usgs.gov/mrds/show-mrds.php?dep_id=10252607", "code_list": "AG CU AU" }, "geometry": { "type": "Point", "coordinates": [ 47.52702, -121.27179 ] } },
{ "type": "Feature", "properties": { "gml_id": "mrds.246340", "lowerCorner": "47.454010 -121.458100", "upperCorner": "47.454010 -121.458100", "dep_id": 10252707, "site_name": "Chair Peak", "dev_stat": "Unknown", "fips_code": "f53033", "huc_code": "h17110010", "quad_code": "q48122SWE1", "url": "https://mrdata.usgs.gov/mrds/show-mrds.php?dep_id=10252707", "code_list": "FE CU" }, "geometry": { "type": "Point", "coordinates": [ 47.45401, -121.4581 ] } },
{ "type": "Feature", "properties": { "gml_id": "mrds.246394", "lowerCorner": "47.475610 -121.782310", "upperCorner": "47.475610 -121.782310", "dep_id": 10252761, "site_name": "Unnamed Pit", "dev_stat": "Past Producer", "fips_code": "f53033", "huc_code": "h17110010", "quad_code": "q48122SWB1", "url": "https://mrdata.usgs.gov/mrds/show-mrds.php?dep_id=10252761", "code_list": "SDG" }, "geometry": { "type": "Point", "coordinates": [ 47.47561, -121.78231 ] } },
{ "type": "Feature", "properties": { "gml_id": "mrds.246402", "lowerCorner": "47.547910 -122.038720", "upperCorner": "47.547910 -122.038720", "dep_id": 10252769, "site_name": "Issaquah Pit", "dev_stat": "Producer", "fips_code": "f53033", "huc_code": "h17110012", "quad_code": "q48124NEH4", "url": "https://mrdata.usgs.gov/mrds/show-mrds.php?dep_id=10252769", "code_list": "SDG" }, "geometry": { "type": "Point", "coordinates": [ 47.54791, -122.03872 ] } },
{ "type": "Feature", "properties": { "gml_id": "mrds.246650", "lowerCorner": "47.438710 -121.452600", "upperCorner": "47.438710 -121.452600", "dep_id": 10253023, "site_name": "Climax", "dev_stat": "Unknown", "fips_code": "f53033", "huc_code": "h17110010", "quad_code": "q48122SWE1", "url": "https://mrdata.usgs.gov/mrds/show-mrds.php?dep_id=10253023", "code_list": "FE" }, "geometry": { "type": "Point", "coordinates": [ 47.43871, -121.4526 ] } },
{ "type": "Feature", "properties": { "gml_id": "mrds.246675", "lowerCorner": "47.459820 -121.339290", "upperCorner": "47.459820 -121.339290", "dep_id": 10253049, "site_name": "Tinhorn Claims", "dev_stat": "Prospect", "fips_code": "f53037", "huc_code": "h17030001", "quad_code": "q48122SWF1", "url": "https://mrdata.usgs.gov/mrds/show-mrds.php?dep_id=10253049", "code_list": "AG CU AU PB" }, "geometry": { "type": "Point", "coordinates": [ 47.45982, -121.33929 ] } },
{ "type": "Feature", "properties": { "gml_id": "mrds.246838", "lowerCorner": "47.573410 -122.156820", "upperCorner": "47.573410 -122.156820", "dep_id": 10253214, "site_name": "Unnamed Pit", "dev_stat": "Past Producer", "fips_code": "f53033", "huc_code": "h17110012", "quad_code": "q48124NEG4", "url": "https://mrdata.usgs.gov/mrds/show-mrds.php?dep_id=10253214", "code_list": "SDG" }, "geometry": { "type": "Point", "coordinates": [ 47.57341, -122.15682 ] } },
{ "type": "Feature", "properties": { "gml_id": "mrds.246923", "lowerCorner": "47.452610 -122.117920", "upperCorner": "47.452610 -122.117920", "dep_id": 10253300, "site_name": "55 Sand Deposit", "dev_stat": "Past Producer", "fips_code": "f53033", "huc_code": "h17110012", "quad_code": "q48124SEH1", "url": "https://mrdata.usgs.gov/mrds/show-mrds.php?dep_id=10253300", "code_list": "SIL" }, "geometry": { "type": "Point", "coordinates": [ 47.45261, -122.11792 ] } },
{ "type": "Feature", "properties": { "gml_id": "mrds.250075", "lowerCorner": "47.543410 -122.029520", "upperCorner": "47.543410 -122.029520", "dep_id": 10256562, "site_name": "Issaquah Pit", "dev_stat": "Past Producer", "fips_code": "f53033", "huc_code": "h17110012", "quad_code": "q48124NEH4", "url": "https://mrdata.usgs.gov/mrds/show-mrds.php?dep_id=10256562", "code_list": "SDG" }, "geometry": { "type": "Point", "coordinates": [ 47.54341, -122.02952 ] } },
{ "type": "Feature", "properties": { "gml_id": "mrds.270464", "lowerCorner": "47.430410 -121.445600", "upperCorner": "47.430410 -121.445600", "dep_id": 10277398, "site_name": "Denny Mountain Deposit", "dev_stat": "Occurrence", "fips_code": "f53033", "huc_code": "h17110010", "quad_code": "q48122SWE1", "url": "https://mrdata.usgs.gov/mrds/show-mrds.php?dep_id=10277398", "code_list": "LST" }, "geometry": { "type": "Point", "coordinates": [ 47.43041, -121.4456 ] } },
{ "type": "Feature", "properties": { "gml_id": "mrds.270472", "lowerCorner": "47.497010 -121.784510", "upperCorner": "47.497010 -121.784510", "dep_id": 10277406, "site_name": "Mainline 100 Pit", "dev_stat": "Past Producer", "fips_code": "f53033", "huc_code": "h17110010", "quad_code": "q48122SWB1", "url": "https://mrdata.usgs.gov/mrds/show-mrds.php?dep_id=10277406", "code_list": "STN_D" }, "geometry": { "type": "Point", "coordinates": [ 47.49701, -121.78451 ] } },
{ "type": "Feature", "properties": { "gml_id": "mrds.270497", "lowerCorner": "47.444810 -121.423400", "upperCorner": "47.444810 -121.423400", "dep_id": 10277432, "site_name": "Guye Property", "dev_stat": "Prospect", "fips_code": "f53033", "huc_code": "h17110010", "quad_code": "q48122SWE1", "url": "https://mrdata.usgs.gov/mrds/show-mrds.php?dep_id=10277432", "code_list": "FE AU PB AG ZN" }, "geometry": { "type": "Point", "coordinates": [ 47.44481, -121.4234 ] } },
{ "type": "Feature", "properties": { "gml_id": "mrds.270565", "lowerCorner": "47.444010 -122.162320", "upperCorner": "47.444010 -122.162320", "dep_id": 10277501, "site_name": "Gravel Pit", "dev_stat": "Past Producer", "fips_code": "f53033", "huc_code": "h17110013", "quad_code": "q48124SEG1", "url": "https://mrdata.usgs.gov/mrds/show-mrds.php?dep_id=10277501", "code_list": "SDG" }, "geometry": { "type": "Point", "coordinates": [ 47.44401, -122.16232 ] } },
{ "type": "Feature", "properties": { "gml_id": "mrds.270675", "lowerCorner": "47.509010 -121.809310", "upperCorner": "47.509010 -121.809310", "dep_id": 10277612, "site_name": "Unnamed Quarry", "dev_stat": "Past Producer", "fips_code": "f53033", "huc_code": "h17110010", "quad_code": "q48122NWB4", "url": "https://mrdata.usgs.gov/mrds/show-mrds.php?dep_id=10277612", "code_list": "STN_C" }, "geometry": { "type": "Point", "coordinates": [ 47.50901, -121.80931 ] } },
{ "type": "Feature", "properties": { "gml_id": "mrds.270733", "lowerCorner": "47.490110 -121.799810", "upperCorner": "47.490110 -121.799810", "dep_id": 10277670, "site_name": "North Bend Pit  - Div. 5", "dev_stat": "Past Producer", "fips_code": "f53033", "huc_code": "h17110010", "quad_code": "q48122SWB1", "url": "https://mrdata.usgs.gov/mrds/show-mrds.php?dep_id=10277670", "code_list": "SDG" }, "geometry": { "type": "Point", "coordinates": [ 47.49011, -121.79981 ] } },
{ "type": "Feature", "properties": { "gml_id": "mrds.270795", "lowerCorner": "47.470610 -122.212320", "upperCorner": "47.470610 -122.212320", "dep_id": 10277733, "site_name": "Renton Junction A", "dev_stat": "Past Producer", "fips_code": "f53033", "huc_code": "h17110013", "quad_code": "q48124SEG1", "url": "https://mrdata.usgs.gov/mrds/show-mrds.php?dep_id=10277733", "code_list": "SIL" }, "geometry": { "type": "Point", "coordinates": [ 47.47061, -122.21232 ] } },
{ "type": "Feature", "properties": { "gml_id": "mrds.293895", "lowerCorner": "47.487910 -122.182620", "upperCorner": "47.487910 -122.182620", "dep_id": 10301377, "site_name": "Sartori Pit", "dev_stat": "Past Producer", "fips_code": "f53033", "huc_code": "h17110012", "quad_code": "q48124SEG1", "url": "https://mrdata.usgs.gov/mrds/show-mrds.php?dep_id=10301377", "code_list": "SDG" }, "geometry": { "type": "Point", "coordinates": [ 47.48791, -122.18262 ] } },
{ "type": "Feature", "properties": { "gml_id": "mrds.293955", "lowerCorner": "47.520610 -121.704010", "upperCorner": "47.520610 -121.704010", "dep_id": 10301437, "site_name": "Bald Hornet", "dev_stat": "Unknown", "fips_code": "f53033", "huc_code": "h17110010", "quad_code": "q48122NWC4", "url": "https://mrdata.usgs.gov/mrds/show-mrds.php?dep_id=10301437", "code_list": "FE" }, "geometry": { "type": "Point", "coordinates": [ 47.52061, -121.70401 ] } },
{ "type": "Feature", "properties": { "gml_id": "mrds.293964", "lowerCorner": "47.412010 -122.283720", "upperCorner": "47.412010 -122.283720", "dep_id": 10301446, "site_name": "Scalzo Pit", "dev_stat": "Past Producer", "fips_code": "f53033", "huc_code": "h17110013", "quad_code": "q48124SEF1", "url": "https://mrdata.usgs.gov/mrds/show-mrds.php?dep_id=10301446", "code_list": "SDG" }, "geometry": { "type": "Point", "coordinates": [ 47.41201, -122.28372 ] } },
{ "type": "Feature", "properties": { "gml_id": "mrds.293999", "lowerCorner": "47.426220 -121.261190", "upperCorner": "47.426220 -121.261190", "dep_id": 10301481, "site_name": "Unknown Claim Group", "dev_stat": "Prospect", "fips_code": "f53037", "huc_code": "h17030001", "quad_code": "q48122SWF1", "url": "https://mrdata.usgs.gov/mrds/show-mrds.php?dep_id=10301481", "code_list": "CU" }, "geometry": { "type": "Point", "coordinates": [ 47.42622, -121.26119 ] } },
{ "type": "Feature", "properties": { "gml_id": "mrds.294116", "lowerCorner": "47.466510 -121.707010", "upperCorner": "47.466510 -121.707010", "dep_id": 10301599, "site_name": "Gravel Pit", "dev_stat": "Past Producer", "fips_code": "f53033", "huc_code": "h17110010", "quad_code": "q48122SWC1", "url": "https://mrdata.usgs.gov/mrds/show-mrds.php?dep_id=10301599", "code_list": "SDG" }, "geometry": { "type": "Point", "coordinates": [ 47.46651, -121.70701 ] } },
{ "type": "Feature", "properties": { "gml_id": "mrds.294178", "lowerCorner": "47.449210 -121.698400", "upperCorner": "47.449210 -121.698400", "dep_id": 10301663, "site_name": "Unnamed Pit", "dev_stat": "Past Producer", "fips_code": "f53033", "huc_code": "h17110010", "quad_code": "q48122SWC1", "url": "https://mrdata.usgs.gov/mrds/show-mrds.php?dep_id=10301663", "code_list": "SDG" }, "geometry": { "type": "Point", "coordinates": [ 47.44921, -121.6984 ] } },
{ "type": "Feature", "properties": { "gml_id": "mrds.294255", "lowerCorner": "47.480410 -122.217920", "upperCorner": "47.480410 -122.217920", "dep_id": 10301740, "site_name": "Tobins Pit", "dev_stat": "Past Producer", "fips_code": "f53033", "huc_code": "h17110012", "quad_code": "q48124SEG1", "url": "https://mrdata.usgs.gov/mrds/show-mrds.php?dep_id=10301740", "code_list": "SDG" }, "geometry": { "type": "Point", "coordinates": [ 47.48041, -122.21792 ] } },
{ "type": "Feature", "properties": { "gml_id": "mrds.294625", "lowerCorner": "47.540110 -121.672010", "upperCorner": "47.540110 -121.672010", "dep_id": 10302112, "site_name": "Lost Lode", "dev_stat": "Past Producer", "fips_code": "f53033", "huc_code": "h17110010", "quad_code": "q48122NWC4", "url": "https://mrdata.usgs.gov/mrds/show-mrds.php?dep_id=10302112", "code_list": "MO AU PB AG" }, "geometry": { "type": "Point", "coordinates": [ 47.54011, -121.67201 ] } },
{ "type": "Feature", "properties": { "gml_id": "mrds.127842", "lowerCorner": "47.697610 -122.190130", "upperCorner": "47.697610 -122.190130", "dep_id": 10131371, "site_name": "Unnamed Pit", "dev_stat": "Past Producer", "fips_code": "f53033", "huc_code": "h17110012", "quad_code": "q48124NEG3", "url": "https://mrdata.usgs.gov/mrds/show-mrds.php?dep_id=10131371", "code_list": "SDG" }, "geometry": { "type": "Point", "coordinates": [ 47.69761, -122.19013 ] } },
{ "type": "Feature", "properties": { "gml_id": "mrds.199140", "lowerCorner": "47.743410 -121.930120", "upperCorner": "47.743410 -121.930120", "dep_id": 10204381, "site_name": "Unnamed Pit", "dev_stat": "Past Producer", "fips_code": "f53033", "huc_code": "h17110010", "quad_code": "q48122NWA3", "url": "https://mrdata.usgs.gov/mrds/show-mrds.php?dep_id=10204381", "code_list": "SDG" }, "geometry": { "type": "Point", "coordinates": [ 47.74341, -121.93012 ] } },
{ "type": "Feature", "properties": { "gml_id": "mrds.199670", "lowerCorner": "47.644210 -122.197020", "upperCorner": "47.644210 -122.197020", "dep_id": 10204915, "site_name": "Gravel Pit", "dev_stat": "Past Producer", "fips_code": "f53033", "huc_code": "h17110012", "quad_code": "q48124NEG3", "url": "https://mrdata.usgs.gov/mrds/show-mrds.php?dep_id=10204915", "code_list": "SDG" }, "geometry": { "type": "Point", "coordinates": [ 47.64421, -122.19702 ] } },
{ "type": "Feature", "properties": { "gml_id": "mrds.222630", "lowerCorner": "47.622010 -121.959520", "upperCorner": "47.622010 -121.959520", "dep_id": 10228416, "site_name": "Unnamed Pit", "dev_stat": "Past Producer", "fips_code": "f53033", "huc_code": "h17110010", "quad_code": "q48122NWA4", "url": "https://mrdata.usgs.gov/mrds/show-mrds.php?dep_id=10228416", "code_list": "SDG" }, "geometry": { "type": "Point", "coordinates": [ 47.62201, -121.95952 ] } },
{ "type": "Feature", "properties": { "gml_id": "mrds.222857", "lowerCorner": "47.679010 -122.137320", "upperCorner": "47.679010 -122.137320", "dep_id": 10228644, "site_name": "Cadman Sand Pit", "dev_stat": "Past Producer", "fips_code": "f53033", "huc_code": "h17110012", "quad_code": "q48124NEG3", "url": "https://mrdata.usgs.gov/mrds/show-mrds.php?dep_id=10228644", "code_list": "SDG" }, "geometry": { "type": "Point", "coordinates": [ 47.67901, -122.13732 ] } },
{ "type": "Feature", "properties": { "gml_id": "mrds.246267", "lowerCorner": "47.688110 -122.082620", "upperCorner": "47.688110 -122.082620", "dep_id": 10252634, "site_name": "Unnamed Pit", "dev_stat": "Past Producer", "fips_code": "f53033", "huc_code": "h17110012", "quad_code": "q48124NEH3", "url": "https://mrdata.usgs.gov/mrds/show-mrds.php?dep_id=10252634", "code_list": "SDG" }, "geometry": { "type": "Point", "coordinates": [ 47.68811, -122.08262 ] } },
{ "type": "Feature", "properties": { "gml_id": "mrds.246444", "lowerCorner": "47.667910 -122.094320", "upperCorner": "47.667910 -122.094320", "dep_id": 10252811, "site_name": "R & R Gravel Pit", "dev_stat": "Past Producer", "fips_code": "f53033", "huc_code": "h17110012", "quad_code": "q48124NEH3", "url": "https://mrdata.usgs.gov/mrds/show-mrds.php?dep_id=10252811", "code_list": "SDG" }, "geometry": { "type": "Point", "coordinates": [ 47.66791, -122.09432 ] } },
{ "type": "Feature", "properties": { "gml_id": "mrds.246467", "lowerCorner": "47.617310 -121.893410", "upperCorner": "47.617310 -121.893410", "dep_id": 10252834, "site_name": "Unnamed Pit", "dev_stat": "Past Producer", "fips_code": "f53033", "huc_code": "h17110010", "quad_code": "q48122NWA4", "url": "https://mrdata.usgs.gov/mrds/show-mrds.php?dep_id=10252834", "code_list": "SDG" }, "geometry": { "type": "Point", "coordinates": [ 47.61731, -121.89341 ] } },
{ "type": "Feature", "properties": { "gml_id": "mrds.246468", "lowerCorner": "47.676210 -122.088720", "upperCorner": "47.676210 -122.088720", "dep_id": 10252835, "site_name": "Unnamed Pit", "dev_stat": "Past Producer", "fips_code": "f53033", "huc_code": "h17110012", "quad_code": "q48124NEH3", "url": "https://mrdata.usgs.gov/mrds/show-mrds.php?dep_id=10252835", "code_list": "SDG" }, "geometry": { "type": "Point", "coordinates": [ 47.67621, -122.08872 ] } },
{ "type": "Feature", "properties": { "gml_id": "mrds.270831", "lowerCorner": "47.705410 -121.804010", "upperCorner": "47.705410 -121.804010", "dep_id": 10277769, "site_name": "Tolt River Placer", "dev_stat": "Prospect", "fips_code": "f53033", "huc_code": "h17110010", "quad_code": "q48122NWB3", "url": "https://mrdata.usgs.gov/mrds/show-mrds.php?dep_id=10277769", "code_list": "AU" }, "geometry": { "type": "Point", "coordinates": [ 47.70541, -121.80401 ] } },
{ "type": "Feature", "properties": { "gml_id": "mrds.293970", "lowerCorner": "47.649810 -121.904020", "upperCorner": "47.649810 -121.904020", "dep_id": 10301452, "site_name": "Gain Pit", "dev_stat": "Past Producer", "fips_code": "f53033", "huc_code": "h17110010", "quad_code": "q48122NWA3", "url": "https://mrdata.usgs.gov/mrds/show-mrds.php?dep_id=10301452", "code_list": "SDG" }, "geometry": { "type": "Point", "coordinates": [ 47.64981, -121.90402 ] } },
{ "type": "Feature", "properties": { "gml_id": "mrds.294321", "lowerCorner": "47.688710 -121.962320", "upperCorner": "47.688710 -121.962320", "dep_id": 10301807, "site_name": "Unnamed Pit", "dev_stat": "Past Producer", "fips_code": "f53033", "huc_code": "h17110010", "quad_code": "q48122NWA3", "url": "https://mrdata.usgs.gov/mrds/show-mrds.php?dep_id=10301807", "code_list": "SDG" }, "geometry": { "type": "Point", "coordinates": [ 47.68871, -121.96232 ] } },
{ "type": "Feature", "properties": { "gml_id": "mrds.294627", "lowerCorner": "47.695610 -122.133120", "upperCorner": "47.695610 -122.133120", "dep_id": 10302114, "site_name": "Gravel Pit", "dev_stat": "Past Producer", "fips_code": "f53033", "huc_code": "h17110012", "quad_code": "q48124NEG3", "url": "https://mrdata.usgs.gov/mrds/show-mrds.php?dep_id=10302114", "code_list": "SDG" }, "geometry": { "type": "Point", "coordinates": [ 47.69561, -122.13312 ] } },
{ "type": "Feature", "properties": { "gml_id": "mrds.54364", "lowerCorner": "47.400640 -121.454530", "upperCorner": "47.400640 -121.454530", "dep_id": 10055919, "site_name": "Carmack", "dev_stat": "Occurrence", "fips_code": "f53033", "huc_code": "h17110010", "quad_code": "q48122SWE1", "url": "https://mrdata.usgs.gov/mrds/show-mrds.php?dep_id=10055919", "code_list": "AU AG PB CU" }, "geometry": { "type": "Point", "coordinates": [ 47.40064, -121.45453 ] } },
{ "type": "Feature", "properties": { "gml_id": "mrds.54367", "lowerCorner": "47.517880 -121.345640", "upperCorner": "47.517880 -121.345640", "dep_id": 10055922, "site_name": "Clipper", "dev_stat": "Occurrence", "fips_code": "f53033", "huc_code": "h17110010", "quad_code": "q48122NWF4", "url": "https://mrdata.usgs.gov/mrds/show-mrds.php?dep_id=10055922", "code_list": "CU MO AU PB ZN AS" }, "geometry": { "type": "Point", "coordinates": [ 47.51788, -121.34564 ] } },
{ "type": "Feature", "properties": { "gml_id": "mrds.54372", "lowerCorner": "47.707310 -121.429810", "upperCorner": "47.707310 -121.429810", "dep_id": 10055927, "site_name": "Grand Central", "dev_stat": "Occurrence", "fips_code": "f53033", "huc_code": "h17110009", "quad_code": "q48122NWE3", "url": "https://mrdata.usgs.gov/mrds/show-mrds.php?dep_id=10055927", "code_list": "SB AU" }, "geometry": { "type": "Point", "coordinates": [ 47.70731, -121.42981 ] } },
{ "type": "Feature", "properties": { "gml_id": "mrds.54377", "lowerCorner": "47.644530 -121.489530", "upperCorner": "47.644530 -121.489530", "dep_id": 10055933, "site_name": "Snoqualmie", "dev_stat": "Occurrence", "fips_code": "f53033", "huc_code": "h17110009", "quad_code": "q48122NWE3", "url": "https://mrdata.usgs.gov/mrds/show-mrds.php?dep_id=10055933", "code_list": "CU" }, "geometry": { "type": "Point", "coordinates": [ 47.64453, -121.48953 ] } },
{ "type": "Feature", "properties": { "gml_id": "mrds.93224", "lowerCorner": "47.652310 -121.424810", "upperCorner": "47.652310 -121.424810", "dep_id": 10095809, "site_name": "Black Dike Prospect", "dev_stat": "Occurrence", "fips_code": "f53033", "huc_code": "h17110009", "quad_code": "q48122NWE3", "url": "https://mrdata.usgs.gov/mrds/show-mrds.php?dep_id=10095809", "code_list": "FE CU" }, "geometry": { "type": "Point", "coordinates": [ 47.65231, -121.42481 ] } },
{ "type": "Feature", "properties": { "gml_id": "mrds.93225", "lowerCorner": "47.617030 -121.501760", "upperCorner": "47.617030 -121.501760", "dep_id": 10095810, "site_name": "Pine Marten Prospect", "dev_stat": "Occurrence", "fips_code": "f53033", "huc_code": "h17110010", "quad_code": "q48122NWD4", "url": "https://mrdata.usgs.gov/mrds/show-mrds.php?dep_id=10095810", "code_list": "CU MO" }, "geometry": { "type": "Point", "coordinates": [ 47.61703, -121.50176 ] } },
{ "type": "Feature", "properties": { "gml_id": "mrds.127252", "lowerCorner": "47.615610 -121.507000", "upperCorner": "47.615610 -121.507000", "dep_id": 10130778, "site_name": "Devils Canyon Prospect", "dev_stat": "Prospect", "fips_code": "f53033", "huc_code": "h17110010", "quad_code": "q48122NWD4", "url": "https://mrdata.usgs.gov/mrds/show-mrds.php?dep_id=10130778", "code_list": "MO AG W" }, "geometry": { "type": "Point", "coordinates": [ 47.61561, -121.507 ] } },
{ "type": "Feature", "properties": { "gml_id": "mrds.128208", "lowerCorner": "47.438710 -121.452600", "upperCorner": "47.438710 -121.452600", "dep_id": 10131746, "site_name": "Cliff", "dev_stat": "Past Producer", "fips_code": "f53033", "huc_code": "h17110010", "quad_code": "q48122SWE1", "url": "https://mrdata.usgs.gov/mrds/show-mrds.php?dep_id=10131746", "code_list": "FE" }, "geometry": { "type": "Point", "coordinates": [ 47.43871, -121.4526 ] } },
{ "type": "Feature", "properties": { "gml_id": "mrds.128275", "lowerCorner": "47.639510 -121.467000", "upperCorner": "47.639510 -121.467000", "dep_id": 10131813, "site_name": "Silver Star", "dev_stat": "Unknown", "fips_code": "f53033", "huc_code": "h17110009", "quad_code": "q48122NWE3", "url": "https://mrdata.usgs.gov/mrds/show-mrds.php?dep_id=10131813", "code_list": "AG SB AU PB ZN" }, "geometry": { "type": "Point", "coordinates": [ 47.63951, -121.467 ] } },
{ "type": "Feature", "properties": { "gml_id": "mrds.151565", "lowerCorner": "47.549220 -121.364300", "upperCorner": "47.549220 -121.364300", "dep_id": 10155685, "site_name": "Big Snow Mtn. Area", "dev_stat": "Prospect", "fips_code": "f53033", "huc_code": "h17110009", "quad_code": "q48122NWF4", "url": "https://mrdata.usgs.gov/mrds/show-mrds.php?dep_id=10155685", "code_list": "CU AU AG" }, "geometry": { "type": "Point", "coordinates": [ 47.54922, -121.3643 ] } },
{ "type": "Feature", "properties": { "gml_id": "mrds.151684", "lowerCorner": "47.437320 -121.391500", "upperCorner": "47.437320 -121.391500", "dep_id": 10155806, "site_name": "Commonwealth", "dev_stat": "Unknown", "fips_code": "f53033", "huc_code": "h17030001", "quad_code": "q48122SWE1", "url": "https://mrdata.usgs.gov/mrds/show-mrds.php?dep_id=10155806", "code_list": "AG" }, "geometry": { "type": "Point", "coordinates": [ 47.43732, -121.3915 ] } },
{ "type": "Feature", "properties": { "gml_id": "mrds.151770", "lowerCorner": "47.683110 -121.467900", "upperCorner": "47.683110 -121.467900", "dep_id": 10155894, "site_name": "Lone Star", "dev_stat": "Unknown", "fips_code": "f53033", "huc_code": "h17110009", "quad_code": "q48122NWE3", "url": "https://mrdata.usgs.gov/mrds/show-mrds.php?dep_id=10155894", "code_list": "AU PB AG" }, "geometry": { "type": "Point", "coordinates": [ 47.68311, -121.4679 ] } },
{ "type": "Feature", "properties": { "gml_id": "mrds.151864", "lowerCorner": "47.438710 -121.452600", "upperCorner": "47.438710 -121.452600", "dep_id": 10155989, "site_name": "Chief", "dev_stat": "Unknown", "fips_code": "f53033", "huc_code": "h17110010", "quad_code": "q48122SWE1", "url": "https://mrdata.usgs.gov/mrds/show-mrds.php?dep_id=10155989", "code_list": "FE" }, "geometry": { "type": "Point", "coordinates": [ 47.43871, -121.4526 ] } },
{ "type": "Feature", "properties": { "gml_id": "mrds.152011", "lowerCorner": "47.709520 -121.261500", "upperCorner": "47.709520 -121.261500", "dep_id": 10156137, "site_name": "Unnamed Pit", "dev_stat": "Past Producer", "fips_code": "f53033", "huc_code": "h17110009", "quad_code": "q48122NWF3", "url": "https://mrdata.usgs.gov/mrds/show-mrds.php?dep_id=10156137", "code_list": "SDG" }, "geometry": { "type": "Point", "coordinates": [ 47.70952, -121.2615 ] } },
{ "type": "Feature", "properties": { "gml_id": "mrds.175389", "lowerCorner": "47.462020 -121.311790", "upperCorner": "47.462020 -121.311790", "dep_id": 10180086, "site_name": "Esther and Louisa", "dev_stat": "Past Producer", "fips_code": "f53037", "huc_code": "h17030001", "quad_code": "q48122SWF1", "url": "https://mrdata.usgs.gov/mrds/show-mrds.php?dep_id=10180086", "code_list": "AG AU PB ZN" }, "geometry": { "type": "Point", "coordinates": [ 47.46202, -121.31179 ] } },
{ "type": "Feature", "properties": { "gml_id": "mrds.175436", "lowerCorner": "47.522320 -121.333100", "upperCorner": "47.522320 -121.333100", "dep_id": 10180134, "site_name": "Katie Belle Gulch", "dev_stat": "Prospect", "fips_code": "f53033", "huc_code": "h17110010", "quad_code": "q48122NWF4", "url": "https://mrdata.usgs.gov/mrds/show-mrds.php?dep_id=10180134", "code_list": "CU AU MO AG W" }, "geometry": { "type": "Point", "coordinates": [ 47.52232, -121.3331 ] } },
{ "type": "Feature", "properties": { "gml_id": "mrds.175513", "lowerCorner": "47.721210 -121.466800", "upperCorner": "47.721210 -121.466800", "dep_id": 10180212, "site_name": "Maloney No. 4 Deposit", "dev_stat": "Occurrence", "fips_code": "f53033", "huc_code": "h17110009", "quad_code": "q48122NWE3", "url": "https://mrdata.usgs.gov/mrds/show-mrds.php?dep_id=10180212", "code_list": "LST" }, "geometry": { "type": "Point", "coordinates": [ 47.72121, -121.4668 ] } },
{ "type": "Feature", "properties": { "gml_id": "mrds.178898", "lowerCorner": "47.423410 -121.452600", "upperCorner": "47.423410 -121.452600", "dep_id": 10183693, "site_name": "Quartz Crystal Deposit", "dev_stat": "Occurrence", "fips_code": "f53033", "huc_code": "h17110010", "quad_code": "q48122SWE1", "url": "https://mrdata.usgs.gov/mrds/show-mrds.php?dep_id=10183693", "code_list": "QTZ" }, "geometry": { "type": "Point", "coordinates": [ 47.42341, -121.4526 ] } },
{ "type": "Feature", "properties": { "gml_id": "mrds.199020", "lowerCorner": "47.699810 -121.430100", "upperCorner": "47.699810 -121.430100", "dep_id": 10204259, "site_name": "Cooper", "dev_stat": "Unknown", "fips_code": "f53033", "huc_code": "h17110009", "quad_code": "q48122NWE3", "url": "https://mrdata.usgs.gov/mrds/show-mrds.php?dep_id=10204259", "code_list": "AU" }, "geometry": { "type": "Point", "coordinates": [ 47.69981, -121.4301 ] } },
{ "type": "Feature", "properties": { "gml_id": "mrds.199036", "lowerCorner": "47.633110 -121.451200", "upperCorner": "47.633110 -121.451200", "dep_id": 10204275, "site_name": "Le Roi", "dev_stat": "Unknown", "fips_code": "f53033", "huc_code": "h17110009", "quad_code": "q48122NWE3", "url": "https://mrdata.usgs.gov/mrds/show-mrds.php?dep_id=10204275", "code_list": "AU CU AG" }, "geometry": { "type": "Point", "coordinates": [ 47.63311, -121.4512 ] } },
{ "type": "Feature", "properties": { "gml_id": "mrds.199187", "lowerCorner": "47.465610 -121.477300", "upperCorner": "47.465610 -121.477300", "dep_id": 10204430, "site_name": "Chair Peak Area", "dev_stat": "Occurrence", "fips_code": "f53033", "huc_code": "h17110010", "quad_code": "q48122SWE1", "url": "https://mrdata.usgs.gov/mrds/show-mrds.php?dep_id=10204430", "code_list": "AU CU AG" }, "geometry": { "type": "Point", "coordinates": [ 47.46561, -121.4773 ] } },
{ "type": "Feature", "properties": { "gml_id": "mrds.199235", "lowerCorner": "47.667910 -121.419300", "upperCorner": "47.667910 -121.419300", "dep_id": 10204478, "site_name": "Seattle-Cascade", "dev_stat": "Past Producer", "fips_code": "f53033", "huc_code": "h17110009", "quad_code": "q48122NWE3", "url": "https://mrdata.usgs.gov/mrds/show-mrds.php?dep_id=10204478", "code_list": "AG CU AU PB ZN" }, "geometry": { "type": "Point", "coordinates": [ 47.66791, -121.4193 ] } },
{ "type": "Feature", "properties": { "gml_id": "mrds.222618", "lowerCorner": "47.690120 -121.291500", "upperCorner": "47.690120 -121.291500", "dep_id": 10228404, "site_name": "Lucky Day", "dev_stat": "Prospect", "fips_code": "f53033", "huc_code": "h17110009", "quad_code": "q48122NWF3", "url": "https://mrdata.usgs.gov/mrds/show-mrds.php?dep_id=10228404", "code_list": "AG" }, "geometry": { "type": "Point", "coordinates": [ 47.69012, -121.2915 ] } },
{ "type": "Feature", "properties": { "gml_id": "mrds.222867", "lowerCorner": "47.665110 -121.544810", "upperCorner": "47.665110 -121.544810", "dep_id": 10228654, "site_name": "Ryland", "dev_stat": "Prospect", "fips_code": "f53033", "huc_code": "h17110010", "quad_code": "q48122NWD3", "url": "https://mrdata.usgs.gov/mrds/show-mrds.php?dep_id=10228654", "code_list": "ZN" }, "geometry": { "type": "Point", "coordinates": [ 47.66511, -121.54481 ] } },
{ "type": "Feature", "properties": { "gml_id": "mrds.223152", "lowerCorner": "47.408110 -121.444300", "upperCorner": "47.408110 -121.444300", "dep_id": 10228941, "site_name": "Klondike", "dev_stat": "Unknown", "fips_code": "f53033", "huc_code": "h17110010", "quad_code": "q48122SWE1", "url": "https://mrdata.usgs.gov/mrds/show-mrds.php?dep_id=10228941", "code_list": "AU" }, "geometry": { "type": "Point", "coordinates": [ 47.40811, -121.4443 ] } },
{ "type": "Feature", "properties": { "gml_id": "mrds.223259", "lowerCorner": "47.477620 -121.375400", "upperCorner": "47.477620 -121.375400", "dep_id": 10229051, "site_name": "Copper Chief", "dev_stat": "Unknown", "fips_code": "f53033", "huc_code": "h17110010", "quad_code": "q48122SWE1", "url": "https://mrdata.usgs.gov/mrds/show-mrds.php?dep_id=10229051", "code_list": "CU AG" }, "geometry": { "type": "Point", "coordinates": [ 47.47762, -121.3754 ] } },
{ "type": "Feature", "properties": { "gml_id": "mrds.223316", "lowerCorner": "47.694210 -121.434500", "upperCorner": "47.694210 -121.434500", "dep_id": 10229109, "site_name": "Oliver", "dev_stat": "Unknown", "fips_code": "f53033", "huc_code": "h17110009", "quad_code": "q48122NWE3", "url": "https://mrdata.usgs.gov/mrds/show-mrds.php?dep_id=10229109", "code_list": "AU" }, "geometry": { "type": "Point", "coordinates": [ 47.69421, -121.4345 ] } },
{ "type": "Feature", "properties": { "gml_id": "mrds.234468", "lowerCorner": "47.619520 -121.334000", "upperCorner": "47.619520 -121.334000", "dep_id": 10240468, "site_name": "Crystal", "dev_stat": "Prospect", "fips_code": "f53033", "huc_code": "h17110009", "quad_code": "q48122NWF4", "url": "https://mrdata.usgs.gov/mrds/show-mrds.php?dep_id=10240468", "code_list": "AG CU" }, "geometry": { "type": "Point", "coordinates": [ 47.61952, -121.334 ] } },
{ "type": "Feature", "properties": { "gml_id": "mrds.246308", "lowerCorner": "47.659020 -121.269000", "upperCorner": "47.659020 -121.269000", "dep_id": 10252675, "site_name": "Burn Creek", "dev_stat": "Prospect", "fips_code": "f53033", "huc_code": "h17110009", "quad_code": "q48122NWF3", "url": "https://mrdata.usgs.gov/mrds/show-mrds.php?dep_id=10252675", "code_list": "NI CR CU AG" }, "geometry": { "type": "Point", "coordinates": [ 47.65902, -121.269 ] } },
{ "type": "Feature", "properties": { "gml_id": "mrds.246351", "lowerCorner": "47.609510 -121.524800", "upperCorner": "47.609510 -121.524800", "dep_id": 10252718, "site_name": "Jackpot No. 12", "dev_stat": "Prospect", "fips_code": "f53033", "huc_code": "h17110010", "quad_code": "q48122NWD4", "url": "https://mrdata.usgs.gov/mrds/show-mrds.php?dep_id=10252718", "code_list": "CU AU PB MO AG W ZN" }, "geometry": { "type": "Point", "coordinates": [ 47.60951, -121.5248 ] } },
{ "type": "Feature", "properties": { "gml_id": "mrds.246710", "lowerCorner": "47.599810 -121.566500", "upperCorner": "47.599810 -121.566500", "dep_id": 10253084, "site_name": "Joamco", "dev_stat": "Unknown", "fips_code": "f53033", "huc_code": "h17110010", "quad_code": "q48122NWD4", "url": "https://mrdata.usgs.gov/mrds/show-mrds.php?dep_id=10253084", "code_list": "CU AU" }, "geometry": { "type": "Point", "coordinates": [ 47.59981, -121.5665 ] } },
{ "type": "Feature", "properties": { "gml_id": "mrds.246751", "lowerCorner": "47.460120 -121.323390", "upperCorner": "47.460120 -121.323390", "dep_id": 10253125, "site_name": "Good Luck", "dev_stat": "Prospect", "fips_code": "f53037", "huc_code": "h17030001", "quad_code": "q48122SWF1", "url": "https://mrdata.usgs.gov/mrds/show-mrds.php?dep_id=10253125", "code_list": "PB AG" }, "geometry": { "type": "Point", "coordinates": [ 47.46012, -121.32339 ] } },
{ "type": "Feature", "properties": { "gml_id": "mrds.246834", "lowerCorner": "47.699810 -121.419300", "upperCorner": "47.699810 -121.419300", "dep_id": 10253210, "site_name": "Clara", "dev_stat": "Unknown", "fips_code": "f53033", "huc_code": "h17110009", "quad_code": "q48122NWE3", "url": "https://mrdata.usgs.gov/mrds/show-mrds.php?dep_id=10253210", "code_list": "AU" }, "geometry": { "type": "Point", "coordinates": [ 47.69981, -121.4193 ] } },
{ "type": "Feature", "properties": { "gml_id": "mrds.270101", "lowerCorner": "47.408110 -121.568700", "upperCorner": "47.408110 -121.568700", "dep_id": 10277028, "site_name": "George W. Tinkle", "dev_stat": "Unknown", "fips_code": "f53033", "huc_code": "h17110010", "quad_code": "q48122SWD1", "url": "https://mrdata.usgs.gov/mrds/show-mrds.php?dep_id=10277028", "code_list": "CU" }, "geometry": { "type": "Point", "coordinates": [ 47.40811, -121.5687 ] } },
{ "type": "Feature", "properties": { "gml_id": "mrds.270148", "lowerCorner": "47.649810 -121.444300", "upperCorner": "47.649810 -121.444300", "dep_id": 10277075, "site_name": "War Eagle", "dev_stat": "Unknown", "fips_code": "f53033", "huc_code": "h17110009", "quad_code": "q48122NWE3", "url": "https://mrdata.usgs.gov/mrds/show-mrds.php?dep_id=10277075", "code_list": "AU CU AG" }, "geometry": { "type": "Point", "coordinates": [ 47.64981, -121.4443 ] } },
{ "type": "Feature", "properties": { "gml_id": "mrds.270210", "lowerCorner": "47.711720 -121.412300", "upperCorner": "47.711720 -121.412300", "dep_id": 10277140, "site_name": "Gold Mountain", "dev_stat": "Prospect", "fips_code": "f53033", "huc_code": "h17110009", "quad_code": "q48122NWE3", "url": "https://mrdata.usgs.gov/mrds/show-mrds.php?dep_id=10277140", "code_list": "AG SB AU" }, "geometry": { "type": "Point", "coordinates": [ 47.71172, -121.4123 ] } },
{ "type": "Feature", "properties": { "gml_id": "mrds.270241", "lowerCorner": "47.699810 -121.419300", "upperCorner": "47.699810 -121.419300", "dep_id": 10277172, "site_name": "Pennsylvania", "dev_stat": "Unknown", "fips_code": "f53033", "huc_code": "h17110009", "quad_code": "q48122NWE3", "url": "https://mrdata.usgs.gov/mrds/show-mrds.php?dep_id=10277172", "code_list": "AU" }, "geometry": { "type": "Point", "coordinates": [ 47.69981, -121.4193 ] } },
{ "type": "Feature", "properties": { "gml_id": "mrds.270406", "lowerCorner": "47.529020 -121.327000", "upperCorner": "47.529020 -121.327000", "dep_id": 10277340, "site_name": "Hawk Zone", "dev_stat": "Prospect", "fips_code": "f53033", "huc_code": "h17110010", "quad_code": "q48122NWF4", "url": "https://mrdata.usgs.gov/mrds/show-mrds.php?dep_id=10277340", "code_list": "CU" }, "geometry": { "type": "Point", "coordinates": [ 47.52902, -121.327 ] } },
{ "type": "Feature", "properties": { "gml_id": "mrds.270431", "lowerCorner": "47.679020 -121.397000", "upperCorner": "47.679020 -121.397000", "dep_id": 10277365, "site_name": "Mohawk", "dev_stat": "Unknown", "fips_code": "f53033", "huc_code": "h17110009", "quad_code": "q48122NWE3", "url": "https://mrdata.usgs.gov/mrds/show-mrds.php?dep_id=10277365", "code_list": "SB" }, "geometry": { "type": "Point", "coordinates": [ 47.67902, -121.397 ] } },
{ "type": "Feature", "properties": { "gml_id": "mrds.270499", "lowerCorner": "47.699810 -121.441500", "upperCorner": "47.699810 -121.441500", "dep_id": 10277434, "site_name": "Sara", "dev_stat": "Unknown", "fips_code": "f53033", "huc_code": "h17110009", "quad_code": "q48122NWE3", "url": "https://mrdata.usgs.gov/mrds/show-mrds.php?dep_id=10277434", "code_list": "AU" }, "geometry": { "type": "Point", "coordinates": [ 47.69981, -121.4415 ] } },
{ "type": "Feature", "properties": { "gml_id": "mrds.270586", "lowerCorner": "47.725410 -121.465900", "upperCorner": "47.725410 -121.465900", "dep_id": 10277522, "site_name": "Maloney No. 1 Deposit", "dev_stat": "Occurrence", "fips_code": "f53033", "huc_code": "h17110009", "quad_code": "q48122NWE3", "url": "https://mrdata.usgs.gov/mrds/show-mrds.php?dep_id=10277522", "code_list": "LST" }, "geometry": { "type": "Point", "coordinates": [ 47.72541, -121.4659 ] } },
{ "type": "Feature", "properties": { "gml_id": "mrds.270661", "lowerCorner": "47.699810 -121.441500", "upperCorner": "47.699810 -121.441500", "dep_id": 10277598, "site_name": "J. Taylor Wright", "dev_stat": "Unknown", "fips_code": "f53033", "huc_code": "h17110009", "quad_code": "q48122NWE3", "url": "https://mrdata.usgs.gov/mrds/show-mrds.php?dep_id=10277598", "code_list": "AU" }, "geometry": { "type": "Point", "coordinates": [ 47.69981, -121.4415 ] } },
{ "type": "Feature", "properties": { "gml_id": "mrds.270849", "lowerCorner": "47.595620 -121.345400", "upperCorner": "47.595620 -121.345400", "dep_id": 10277788, "site_name": "Copper Lake A", "dev_stat": "Prospect", "fips_code": "f53033", "huc_code": "h17110009", "quad_code": "q48122NWF4", "url": "https://mrdata.usgs.gov/mrds/show-mrds.php?dep_id=10277788", "code_list": "AG CU PB" }, "geometry": { "type": "Point", "coordinates": [ 47.59562, -121.3454 ] } },
{ "type": "Feature", "properties": { "gml_id": "mrds.274214", "lowerCorner": "47.423420 -121.260090", "upperCorner": "47.423420 -121.260090", "dep_id": 10281255, "site_name": "Copper Queen", "dev_stat": "Prospect", "fips_code": "f53037", "huc_code": "h17030001", "quad_code": "q48122SWF1", "url": "https://mrdata.usgs.gov/mrds/show-mrds.php?dep_id=10281255", "code_list": "CU" }, "geometry": { "type": "Point", "coordinates": [ 47.42342, -121.26009 ] } },
{ "type": "Feature", "properties": { "gml_id": "mrds.294216", "lowerCorner": "47.617310 -121.465100", "upperCorner": "47.617310 -121.465100", "dep_id": 10301701, "site_name": "Highlander", "dev_stat": "Unknown", "fips_code": "f53033", "huc_code": "h17110009", "quad_code": "q48122NWE4", "url": "https://mrdata.usgs.gov/mrds/show-mrds.php?dep_id=10301701", "code_list": "AU" }, "geometry": { "type": "Point", "coordinates": [ 47.61731, -121.4651 ] } },
{ "type": "Feature", "properties": { "gml_id": "mrds.294283", "lowerCorner": "47.713120 -121.266800", "upperCorner": "47.713120 -121.266800", "dep_id": 10301768, "site_name": "Proffitt Pit", "dev_stat": "Past Producer", "fips_code": "f53033", "huc_code": "h17110009", "quad_code": "q48122NWF3", "url": "https://mrdata.usgs.gov/mrds/show-mrds.php?dep_id=10301768", "code_list": "SDG" }, "geometry": { "type": "Point", "coordinates": [ 47.71312, -121.2668 ] } },
{ "type": "Feature", "properties": { "gml_id": "mrds.294313", "lowerCorner": "47.624020 -121.319500", "upperCorner": "47.624020 -121.319500", "dep_id": 10301799, "site_name": "Imperial No. 2", "dev_stat": "Prospect", "fips_code": "f53033", "huc_code": "h17110009", "quad_code": "q48122NWF4", "url": "https://mrdata.usgs.gov/mrds/show-mrds.php?dep_id=10301799", "code_list": "AU CU AG" }, "geometry": { "type": "Point", "coordinates": [ 47.62402, -121.3195 ] } },
{ "type": "Feature", "properties": { "gml_id": "mrds.294460", "lowerCorner": "47.485920 -121.306990", "upperCorner": "47.485920 -121.306990", "dep_id": 10301946, "site_name": "Mcdaniels Hot Springs", "dev_stat": "Producer", "fips_code": "f53033", "huc_code": "h17110010", "quad_code": "q48122SWF1", "url": "https://mrdata.usgs.gov/mrds/show-mrds.php?dep_id=10301946", "code_list": "GEO" }, "geometry": { "type": "Point", "coordinates": [ 47.48592, -121.30699 ] } },
{ "type": "Feature", "properties": { "gml_id": "mrds.294614", "lowerCorner": "47.569210 -121.552000", "upperCorner": "47.569210 -121.552000", "dep_id": 10302101, "site_name": "Rainy Mine", "dev_stat": "Prospect", "fips_code": "f53033", "huc_code": "h17110010", "quad_code": "q48122NWD4", "url": "https://mrdata.usgs.gov/mrds/show-mrds.php?dep_id=10302101", "code_list": "CU AU AG" }, "geometry": { "type": "Point", "coordinates": [ 47.56921, -121.552 ] } },
{ "type": "Feature", "properties": { "gml_id": "mrds.270536", "lowerCorner": "47.466510 -122.067920", "upperCorner": "47.466510 -122.067920", "dep_id": 10277472, "site_name": "Cedar Mountain Property", "dev_stat": "Prospect", "fips_code": "f53033", "huc_code": "h17110012", "quad_code": "q48124SEH1", "url": "https://mrdata.usgs.gov/mrds/show-mrds.php?dep_id=10277472", "code_list": "STN_C SIL" }, "geometry": { "type": "Point", "coordinates": [ 47.46651, -122.06792 ] } },
{ "type": "Feature", "properties": { "gml_id": "mrds.47108", "lowerCorner": "47.454820 -121.335360", "upperCorner": "47.454820 -121.335360", "dep_id": 10048441, "site_name": "Gold Creek", "dev_stat": "Occurrence", "fips_code": "f53037", "huc_code": "h17030001", "quad_code": "q48122SWF1", "url": "https://mrdata.usgs.gov/mrds/show-mrds.php?dep_id=10048441", "code_list": "CU MO AU AG" }, "geometry": { "type": "Point", "coordinates": [ 47.45482, -121.33536 ] } },
{ "type": "Feature", "properties": { "gml_id": "mrds.47109", "lowerCorner": "47.652030 -121.462870", "upperCorner": "47.652030 -121.462870", "dep_id": 10048443, "site_name": "Coney Basin", "dev_stat": "Past Producer", "fips_code": "f53033", "huc_code": "h17110009", "quad_code": "q48122NWE3", "url": "https://mrdata.usgs.gov/mrds/show-mrds.php?dep_id=10048443", "code_list": "PB AG CU AU ZN AS" }, "geometry": { "type": "Point", "coordinates": [ 47.65203, -121.46287 ] } },
{ "type": "Feature", "properties": { "gml_id": "mrds.47281", "lowerCorner": "47.400640 -121.454530", "upperCorner": "47.400640 -121.454530", "dep_id": 10048619, "site_name": "Carmack", "dev_stat": "Occurrence", "fips_code": "f53033", "huc_code": "h17110010", "quad_code": "q48122SWE1", "url": "https://mrdata.usgs.gov/mrds/show-mrds.php?dep_id=10048619", "code_list": "AU AG PB CU" }, "geometry": { "type": "Point", "coordinates": [ 47.40064, -121.45453 ] } },
{ "type": "Feature", "properties": { "gml_id": "mrds.47284", "lowerCorner": "47.668140 -121.419530", "upperCorner": "47.668140 -121.419530", "dep_id": 10048622, "site_name": "Seattle-Cascade", "dev_stat": "Occurrence", "fips_code": "f53033", "huc_code": "h17110009", "quad_code": "q48122NWE3", "url": "https://mrdata.usgs.gov/mrds/show-mrds.php?dep_id=10048622", "code_list": "AG PB ZN CU AU AS" }, "geometry": { "type": "Point", "coordinates": [ 47.66814, -121.41953 ] } },
{ "type": "Feature", "properties": { "gml_id": "mrds.47285", "lowerCorner": "47.644530 -121.489530", "upperCorner": "47.644530 -121.489530", "dep_id": 10048623, "site_name": "Snoqualmie", "dev_stat": "Occurrence", "fips_code": "f53033", "huc_code": "h17110009", "quad_code": "q48122NWE3", "url": "https://mrdata.usgs.gov/mrds/show-mrds.php?dep_id=10048623", "code_list": "CU" }, "geometry": { "type": "Point", "coordinates": [ 47.64453, -121.48953 ] } },
{ "type": "Feature", "properties": { "gml_id": "mrds.47286", "lowerCorner": "47.658700 -121.415640", "upperCorner": "47.658700 -121.415640", "dep_id": 10048624, "site_name": "Una", "dev_stat": "Occurrence", "fips_code": "f53033", "huc_code": "h17110009", "quad_code": "q48122NWE3", "url": "https://mrdata.usgs.gov/mrds/show-mrds.php?dep_id=10048624", "code_list": "CU AG AU" }, "geometry": { "type": "Point", "coordinates": [ 47.6587, -121.41564 ] } },
{ "type": "Feature", "properties": { "gml_id": "mrds.47315", "lowerCorner": "47.556760 -121.377590", "upperCorner": "47.556760 -121.377590", "dep_id": 10048654, "site_name": "Little Myrtle Lake Area", "dev_stat": "Occurrence", "fips_code": "f53033", "huc_code": "h17110009", "quad_code": "q48122NWE4", "url": "https://mrdata.usgs.gov/mrds/show-mrds.php?dep_id=10048654", "code_list": "CU" }, "geometry": { "type": "Point", "coordinates": [ 47.55676, -121.37759 ] } },
{ "type": "Feature", "properties": { "gml_id": "mrds.47317", "lowerCorner": "47.540090 -121.454530", "upperCorner": "47.540090 -121.454530", "dep_id": 10048656, "site_name": "Green Ridge Lake Area", "dev_stat": "Occurrence", "fips_code": "f53033", "huc_code": "h17110010", "quad_code": "q48122NWE4", "url": "https://mrdata.usgs.gov/mrds/show-mrds.php?dep_id=10048656", "code_list": "CU AG PB MO ZN" }, "geometry": { "type": "Point", "coordinates": [ 47.54009, -121.45453 ] } },
{ "type": "Feature", "properties": { "gml_id": "mrds.54370", "lowerCorner": "47.698140 -121.527320", "upperCorner": "47.698140 -121.527320", "dep_id": 10055925, "site_name": "Damon and Pythias", "dev_stat": "Occurrence", "fips_code": "f53033", "huc_code": "h17110010", "quad_code": "q48122NWD3", "url": "https://mrdata.usgs.gov/mrds/show-mrds.php?dep_id=10055925", "code_list": "AU AG PB CU ZN" }, "geometry": { "type": "Point", "coordinates": [ 47.69814, -121.52732 ] } },
{ "type": "Feature", "properties": { "gml_id": "mrds.54375", "lowerCorner": "47.570370 -121.555640", "upperCorner": "47.570370 -121.555640", "dep_id": 10055930, "site_name": "Quartz Creek", "dev_stat": "Occurrence", "fips_code": "f53033", "huc_code": "h17110010", "quad_code": "q48122NWD4", "url": "https://mrdata.usgs.gov/mrds/show-mrds.php?dep_id=10055930", "code_list": "CU MO AU AG" }, "geometry": { "type": "Point", "coordinates": [ 47.57037, -121.55564 ] } },
{ "type": "Feature", "properties": { "gml_id": "mrds.54376", "lowerCorner": "47.668140 -121.419530", "upperCorner": "47.668140 -121.419530", "dep_id": 10055932, "site_name": "Seattle-Cascade", "dev_stat": "Occurrence", "fips_code": "f53033", "huc_code": "h17110009", "quad_code": "q48122NWE3", "url": "https://mrdata.usgs.gov/mrds/show-mrds.php?dep_id=10055932", "code_list": "AG PB ZN CU AU" }, "geometry": { "type": "Point", "coordinates": [ 47.66814, -121.41953 ] } },
{ "type": "Feature", "properties": { "gml_id": "mrds.70446", "lowerCorner": "47.416480 -121.434530", "upperCorner": "47.416480 -121.434530", "dep_id": 10072503, "site_name": "Summit-Denny and Guye", "dev_stat": "Occurrence", "fips_code": "f53033", "huc_code": "h17110010", "quad_code": "q48122SWE1", "url": "https://mrdata.usgs.gov/mrds/show-mrds.php?dep_id=10072503", "code_list": "FE" }, "geometry": { "type": "Point", "coordinates": [ 47.41648, -121.43453 ] } },
{ "type": "Feature", "properties": { "gml_id": "mrds.93221", "lowerCorner": "47.706200 -121.430640", "upperCorner": "47.706200 -121.430640", "dep_id": 10095806, "site_name": "Grand Central", "dev_stat": "Occurrence", "fips_code": "f53033", "huc_code": "h17110009", "quad_code": "q48122NWE3", "url": "https://mrdata.usgs.gov/mrds/show-mrds.php?dep_id=10095806", "code_list": "SB AU" }, "geometry": { "type": "Point", "coordinates": [ 47.7062, -121.43064 ] } },
{ "type": "Feature", "properties": { "gml_id": "mrds.127646", "lowerCorner": "47.713710 -121.420600", "upperCorner": "47.713710 -121.420600", "dep_id": 10131173, "site_name": "Grand Central", "dev_stat": "Past Producer", "fips_code": "f53033", "huc_code": "h17110009", "quad_code": "q48122NWE3", "url": "https://mrdata.usgs.gov/mrds/show-mrds.php?dep_id=10131173", "code_list": "SB AU" }, "geometry": { "type": "Point", "coordinates": [ 47.71371, -121.4206 ] } },
{ "type": "Feature", "properties": { "gml_id": "mrds.151407", "lowerCorner": "47.488410 -121.454000", "upperCorner": "47.488410 -121.454000", "dep_id": 10155526, "site_name": "Carmack", "dev_stat": "Past Producer", "fips_code": "f53033", "huc_code": "h17110010", "quad_code": "q48122SWE1", "url": "https://mrdata.usgs.gov/mrds/show-mrds.php?dep_id=10155526", "code_list": "AU CU PB AG" }, "geometry": { "type": "Point", "coordinates": [ 47.48841, -121.454 ] } },
{ "type": "Feature", "properties": { "gml_id": "mrds.151727", "lowerCorner": "47.720110 -121.468100", "upperCorner": "47.720110 -121.468100", "dep_id": 10155850, "site_name": "Maloney No. 6 Deposit", "dev_stat": "Past Producer", "fips_code": "f53033", "huc_code": "h17110009", "quad_code": "q48122NWE3", "url": "https://mrdata.usgs.gov/mrds/show-mrds.php?dep_id=10155850", "code_list": "LST" }, "geometry": { "type": "Point", "coordinates": [ 47.72011, -121.4681 ] } },
{ "type": "Feature", "properties": { "gml_id": "mrds.151819", "lowerCorner": "47.720110 -121.469000", "upperCorner": "47.720110 -121.469000", "dep_id": 10155943, "site_name": "Maloney No. 5 Deposit", "dev_stat": "Occurrence", "fips_code": "f53033", "huc_code": "h17110009", "quad_code": "q48122NWE3", "url": "https://mrdata.usgs.gov/mrds/show-mrds.php?dep_id=10155943", "code_list": "LST" }, "geometry": { "type": "Point", "coordinates": [ 47.72011, -121.469 ] } },
{ "type": "Feature", "properties": { "gml_id": "mrds.175423", "lowerCorner": "47.658710 -121.415400", "upperCorner": "47.658710 -121.415400", "dep_id": 10180121, "site_name": "Lynn Prospect", "dev_stat": "Prospect", "fips_code": "f53033", "huc_code": "h17110009", "quad_code": "q48122NWE3", "url": "https://mrdata.usgs.gov/mrds/show-mrds.php?dep_id=10180121", "code_list": "CU AU PB AG ZN" }, "geometry": { "type": "Point", "coordinates": [ 47.65871, -121.4154 ] } },
{ "type": "Feature", "properties": { "gml_id": "mrds.175568", "lowerCorner": "47.699810 -121.474800", "upperCorner": "47.699810 -121.474800", "dep_id": 10180267, "site_name": "Williams-Smith", "dev_stat": "Prospect", "fips_code": "f53033", "huc_code": "h17110009", "quad_code": "q48122NWE3", "url": "https://mrdata.usgs.gov/mrds/show-mrds.php?dep_id=10180267", "code_list": "FE" }, "geometry": { "type": "Point", "coordinates": [ 47.69981, -121.4748 ] } },
{ "type": "Feature", "properties": { "gml_id": "mrds.175591", "lowerCorner": "47.699810 -121.441500", "upperCorner": "47.699810 -121.441500", "dep_id": 10180290, "site_name": "Charles", "dev_stat": "Unknown", "fips_code": "f53033", "huc_code": "h17110009", "quad_code": "q48122NWE3", "url": "https://mrdata.usgs.gov/mrds/show-mrds.php?dep_id=10180290", "code_list": "AU" }, "geometry": { "type": "Point", "coordinates": [ 47.69981, -121.4415 ] } },
{ "type": "Feature", "properties": { "gml_id": "mrds.175601", "lowerCorner": "47.680410 -121.473400", "upperCorner": "47.680410 -121.473400", "dep_id": 10180300, "site_name": "Unnamed Prospect", "dev_stat": "Prospect", "fips_code": "f53033", "huc_code": "h17110009", "quad_code": "q48122NWE3", "url": "https://mrdata.usgs.gov/mrds/show-mrds.php?dep_id=10180300", "code_list": "AU CU PB AG ZN" }, "geometry": { "type": "Point", "coordinates": [ 47.68041, -121.4734 ] } },
{ "type": "Feature", "properties": { "gml_id": "mrds.175741", "lowerCorner": "47.680410 -121.419300", "upperCorner": "47.680410 -121.419300", "dep_id": 10180441, "site_name": "Phillippi Lake", "dev_stat": "Unknown", "fips_code": "f53033", "huc_code": "h17110009", "quad_code": "q48122NWE3", "url": "https://mrdata.usgs.gov/mrds/show-mrds.php?dep_id=10180441", "code_list": "PB ZN" }, "geometry": { "type": "Point", "coordinates": [ 47.68041, -121.4193 ] } },
{ "type": "Feature", "properties": { "gml_id": "mrds.178128", "lowerCorner": "47.746510 -121.465400", "upperCorner": "47.746510 -121.465400", "dep_id": 10182904, "site_name": "Marble Gulch Claim", "dev_stat": "Occurrence", "fips_code": "f53033", "huc_code": "h17110009", "quad_code": "q48122NWE3", "url": "https://mrdata.usgs.gov/mrds/show-mrds.php?dep_id=10182904", "code_list": "LST" }, "geometry": { "type": "Point", "coordinates": [ 47.74651, -121.4654 ] } },
{ "type": "Feature", "properties": { "gml_id": "mrds.199179", "lowerCorner": "47.699810 -121.419300", "upperCorner": "47.699810 -121.419300", "dep_id": 10204422, "site_name": "Dudley", "dev_stat": "Unknown", "fips_code": "f53033", "huc_code": "h17110009", "quad_code": "q48122NWE3", "url": "https://mrdata.usgs.gov/mrds/show-mrds.php?dep_id=10204422", "code_list": "AU" }, "geometry": { "type": "Point", "coordinates": [ 47.69981, -121.4193 ] } },
{ "type": "Feature", "properties": { "gml_id": "mrds.199264", "lowerCorner": "47.699810 -121.441500", "upperCorner": "47.699810 -121.441500", "dep_id": 10204507, "site_name": "Extra", "dev_stat": "Unknown", "fips_code": "f53033", "huc_code": "h17110009", "quad_code": "q48122NWE3", "url": "https://mrdata.usgs.gov/mrds/show-mrds.php?dep_id=10204507", "code_list": "AU" }, "geometry": { "type": "Point", "coordinates": [ 47.69981, -121.4415 ] } },
{ "type": "Feature", "properties": { "gml_id": "mrds.199783", "lowerCorner": "47.464510 -121.665600", "upperCorner": "47.464510 -121.665600", "dep_id": 10205030, "site_name": "Gravel Pit", "dev_stat": "Past Producer", "fips_code": "f53033", "huc_code": "h17110010", "quad_code": "q48122SWC1", "url": "https://mrdata.usgs.gov/mrds/show-mrds.php?dep_id=10205030", "code_list": "SDG" }, "geometry": { "type": "Point", "coordinates": [ 47.46451, -121.6656 ] } },
{ "type": "Feature", "properties": { "gml_id": "mrds.222718", "lowerCorner": "47.447010 -121.412300", "upperCorner": "47.447010 -121.412300", "dep_id": 10228504, "site_name": "Guye Peak Deposit", "dev_stat": "Occurrence", "fips_code": "f53033", "huc_code": "h17110010", "quad_code": "q48122SWE1", "url": "https://mrdata.usgs.gov/mrds/show-mrds.php?dep_id=10228504", "code_list": "LST" }, "geometry": { "type": "Point", "coordinates": [ 47.44701, -121.4123 ] } },
{ "type": "Feature", "properties": { "gml_id": "mrds.222899", "lowerCorner": "47.623410 -121.452600", "upperCorner": "47.623410 -121.452600", "dep_id": 10228687, "site_name": "Bobtail", "dev_stat": "Unknown", "fips_code": "f53033", "huc_code": "h17110009", "quad_code": "q48122NWE4", "url": "https://mrdata.usgs.gov/mrds/show-mrds.php?dep_id=10228687", "code_list": "CU AU AG" }, "geometry": { "type": "Point", "coordinates": [ 47.62341, -121.4526 ] } },
{ "type": "Feature", "properties": { "gml_id": "mrds.226726", "lowerCorner": "47.445610 -121.676200", "upperCorner": "47.445610 -121.676200", "dep_id": 10232643, "site_name": "Scott Pit", "dev_stat": "Past Producer", "fips_code": "f53033", "huc_code": "h17110010", "quad_code": "q48122SWC1", "url": "https://mrdata.usgs.gov/mrds/show-mrds.php?dep_id=10232643", "code_list": "SDG" }, "geometry": { "type": "Point", "coordinates": [ 47.44561, -121.6762 ] } },
{ "type": "Feature", "properties": { "gml_id": "mrds.246286", "lowerCorner": "47.515610 -121.667610", "upperCorner": "47.515610 -121.667610", "dep_id": 10252653, "site_name": "Green Mountain", "dev_stat": "Unknown", "fips_code": "f53033", "huc_code": "h17110010", "quad_code": "q48122NWC4", "url": "https://mrdata.usgs.gov/mrds/show-mrds.php?dep_id=10252653", "code_list": "FE" }, "geometry": { "type": "Point", "coordinates": [ 47.51561, -121.66761 ] } },
{ "type": "Feature", "properties": { "gml_id": "mrds.246614", "lowerCorner": "47.699810 -121.463700", "upperCorner": "47.699810 -121.463700", "dep_id": 10252987, "site_name": "Chicago", "dev_stat": "Past Producer", "fips_code": "f53033", "huc_code": "h17110009", "quad_code": "q48122NWE3", "url": "https://mrdata.usgs.gov/mrds/show-mrds.php?dep_id=10252987", "code_list": "CU" }, "geometry": { "type": "Point", "coordinates": [ 47.69981, -121.4637 ] } },
{ "type": "Feature", "properties": { "gml_id": "mrds.270439", "lowerCorner": "47.660910 -121.424800", "upperCorner": "47.660910 -121.424800", "dep_id": 10277373, "site_name": "Una", "dev_stat": "Past Producer", "fips_code": "f53033", "huc_code": "h17110009", "quad_code": "q48122NWE3", "url": "https://mrdata.usgs.gov/mrds/show-mrds.php?dep_id=10277373", "code_list": "CU AU AG" }, "geometry": { "type": "Point", "coordinates": [ 47.66091, -121.4248 ] } },
{ "type": "Feature", "properties": { "gml_id": "mrds.274043", "lowerCorner": "47.699810 -121.441500", "upperCorner": "47.699810 -121.441500", "dep_id": 10281081, "site_name": "Solomon", "dev_stat": "Unknown", "fips_code": "f53033", "huc_code": "h17110009", "quad_code": "q48122NWE3", "url": "https://mrdata.usgs.gov/mrds/show-mrds.php?dep_id=10281081", "code_list": "AU PB AG" }, "geometry": { "type": "Point", "coordinates": [ 47.69981, -121.4415 ] } },
{ "type": "Feature", "properties": { "gml_id": "mrds.293874", "lowerCorner": "47.699810 -121.414500", "upperCorner": "47.699810 -121.414500", "dep_id": 10301356, "site_name": "Miller River Antimony", "dev_stat": "Prospect", "fips_code": "f53033", "huc_code": "h17110009", "quad_code": "q48122NWE3", "url": "https://mrdata.usgs.gov/mrds/show-mrds.php?dep_id=10301356", "code_list": "SB" }, "geometry": { "type": "Point", "coordinates": [ 47.69981, -121.4145 ] } },
{ "type": "Feature", "properties": { "gml_id": "mrds.293890", "lowerCorner": "47.536510 -121.450100", "upperCorner": "47.536510 -121.450100", "dep_id": 10301372, "site_name": "Charley Nos. 1-4", "dev_stat": "Prospect", "fips_code": "f53033", "huc_code": "h17110010", "quad_code": "q48122NWE4", "url": "https://mrdata.usgs.gov/mrds/show-mrds.php?dep_id=10301372", "code_list": "CU AU AG" }, "geometry": { "type": "Point", "coordinates": [ 47.53651, -121.4501 ] } },
{ "type": "Feature", "properties": { "gml_id": "mrds.293939", "lowerCorner": "47.699810 -121.419300", "upperCorner": "47.699810 -121.419300", "dep_id": 10301421, "site_name": "Paradise", "dev_stat": "Unknown", "fips_code": "f53033", "huc_code": "h17110009", "quad_code": "q48122NWE3", "url": "https://mrdata.usgs.gov/mrds/show-mrds.php?dep_id=10301421", "code_list": "AU" }, "geometry": { "type": "Point", "coordinates": [ 47.69981, -121.4193 ] } },
{ "type": "Feature", "properties": { "gml_id": "mrds.294170", "lowerCorner": "47.665110 -121.512000", "upperCorner": "47.665110 -121.512000", "dep_id": 10301654, "site_name": "Lucky Strike", "dev_stat": "Prospect", "fips_code": "f53033", "huc_code": "h17110010", "quad_code": "q48122NWD3", "url": "https://mrdata.usgs.gov/mrds/show-mrds.php?dep_id=10301654", "code_list": "AU CU AG" }, "geometry": { "type": "Point", "coordinates": [ 47.66511, -121.512 ] } },
{ "type": "Feature", "properties": { "gml_id": "mrds.294270", "lowerCorner": "47.747010 -121.467300", "upperCorner": "47.747010 -121.467300", "dep_id": 10301755, "site_name": "Calcite Placer Claim", "dev_stat": "Past Producer", "fips_code": "f53033", "huc_code": "h17110009", "quad_code": "q48122NWE3", "url": "https://mrdata.usgs.gov/mrds/show-mrds.php?dep_id=10301755", "code_list": "LST" }, "geometry": { "type": "Point", "coordinates": [ 47.74701, -121.4673 ] } },
{ "type": "Feature", "properties": { "gml_id": "mrds.294468", "lowerCorner": "47.713710 -121.462300", "upperCorner": "47.713710 -121.462300", "dep_id": 10301954, "site_name": "Favorite Gulch", "dev_stat": "Unknown", "fips_code": "f53033", "huc_code": "h17110009", "quad_code": "q48122NWE3", "url": "https://mrdata.usgs.gov/mrds/show-mrds.php?dep_id=10301954", "code_list": "AU AG" }, "geometry": { "type": "Point", "coordinates": [ 47.71371, -121.4623 ] } },
{ "type": "Feature", "properties": { "gml_id": "mrds.127546", "lowerCorner": "47.532010 -121.720610", "upperCorner": "47.532010 -121.720610", "dep_id": 10131073, "site_name": "Cleveland", "dev_stat": "Unknown", "fips_code": "f53033", "huc_code": "h17110010", "quad_code": "q48122NWC4", "url": "https://mrdata.usgs.gov/mrds/show-mrds.php?dep_id=10131073", "code_list": "CU AU" }, "geometry": { "type": "Point", "coordinates": [ 47.53201, -121.72061 ] } },
{ "type": "Feature", "properties": { "gml_id": "mrds.151780", "lowerCorner": "47.438710 -122.199820", "upperCorner": "47.438710 -122.199820", "dep_id": 10155904, "site_name": "Gravel Pit", "dev_stat": "Past Producer", "fips_code": "f53033", "huc_code": "h17110013", "quad_code": "q48124SEG1", "url": "https://mrdata.usgs.gov/mrds/show-mrds.php?dep_id=10155904", "code_list": "SDG" }, "geometry": { "type": "Point", "coordinates": [ 47.43871, -122.19982 ] } },
{ "type": "Feature", "properties": { "gml_id": "mrds.199192", "lowerCorner": "47.424810 -121.780410", "upperCorner": "47.424810 -121.780410", "dep_id": 10204435, "site_name": "City of Seattle Road 50 Main Pit", "dev_stat": "Past Producer", "fips_code": "f53033", "huc_code": "h17110012", "quad_code": "q48122SWB1", "url": "https://mrdata.usgs.gov/mrds/show-mrds.php?dep_id=10204435", "code_list": "SDG" }, "geometry": { "type": "Point", "coordinates": [ 47.42481, -121.78041 ] } },
{ "type": "Feature", "properties": { "gml_id": "mrds.199279", "lowerCorner": "47.460410 -121.718710", "upperCorner": "47.460410 -121.718710", "dep_id": 10204522, "site_name": "Brister Pit", "dev_stat": "Past Producer", "fips_code": "f53033", "huc_code": "h17110010", "quad_code": "q48122SWC1", "url": "https://mrdata.usgs.gov/mrds/show-mrds.php?dep_id=10204522", "code_list": "SDG" }, "geometry": { "type": "Point", "coordinates": [ 47.46041, -121.71871 ] } },
{ "type": "Feature", "properties": { "gml_id": "mrds.222608", "lowerCorner": "47.427310 -122.208720", "upperCorner": "47.427310 -122.208720", "dep_id": 10228394, "site_name": "Unnamed Pit", "dev_stat": "Past Producer", "fips_code": "f53033", "huc_code": "h17110013", "quad_code": "q48124SEG1", "url": "https://mrdata.usgs.gov/mrds/show-mrds.php?dep_id=10228394", "code_list": "SDG" }, "geometry": { "type": "Point", "coordinates": [ 47.42731, -122.20872 ] } },
{ "type": "Feature", "properties": { "gml_id": "mrds.223292", "lowerCorner": "47.624810 -122.212320", "upperCorner": "47.624810 -122.212320", "dep_id": 10229085, "site_name": "Unnamed Pit", "dev_stat": "Past Producer", "fips_code": "f53033", "huc_code": "h17110012", "quad_code": "q48124NEG4", "url": "https://mrdata.usgs.gov/mrds/show-mrds.php?dep_id=10229085", "code_list": "SDG" }, "geometry": { "type": "Point", "coordinates": [ 47.62481, -122.21232 ] } },
{ "type": "Feature", "properties": { "gml_id": "mrds.246688", "lowerCorner": "47.623410 -122.045620", "upperCorner": "47.623410 -122.045620", "dep_id": 10253062, "site_name": "Unnamed Pit", "dev_stat": "Past Producer", "fips_code": "f53033", "huc_code": "h17110012", "quad_code": "q48124NEH4", "url": "https://mrdata.usgs.gov/mrds/show-mrds.php?dep_id=10253062", "code_list": "SDG" }, "geometry": { "type": "Point", "coordinates": [ 47.62341, -122.04562 ] } },
{ "type": "Feature", "properties": { "gml_id": "mrds.250023", "lowerCorner": "47.465610 -122.075420", "upperCorner": "47.465610 -122.075420", "dep_id": 10256509, "site_name": "Wilde", "dev_stat": "Past Producer", "fips_code": "f53033", "huc_code": "h17110012", "quad_code": "q48124SEH1", "url": "https://mrdata.usgs.gov/mrds/show-mrds.php?dep_id=10256509", "code_list": "SIL" }, "geometry": { "type": "Point", "coordinates": [ 47.46561, -122.07542 ] } },
{ "type": "Feature", "properties": { "gml_id": "mrds.270666", "lowerCorner": "47.440110 -121.708110", "upperCorner": "47.440110 -121.708110", "dep_id": 10277603, "site_name": "Ragner Pit", "dev_stat": "Past Producer", "fips_code": "f53033", "huc_code": "h17110010", "quad_code": "q48122SWC1", "url": "https://mrdata.usgs.gov/mrds/show-mrds.php?dep_id=10277603", "code_list": "SDG" }, "geometry": { "type": "Point", "coordinates": [ 47.44011, -121.70811 ] } },
{ "type": "Feature", "properties": { "gml_id": "mrds.270847", "lowerCorner": "47.687910 -122.085420", "upperCorner": "47.687910 -122.085420", "dep_id": 10277786, "site_name": "Unnamed Pit", "dev_stat": "Past Producer", "fips_code": "f53033", "huc_code": "h17110012", "quad_code": "q48124NEH3", "url": "https://mrdata.usgs.gov/mrds/show-mrds.php?dep_id=10277786", "code_list": "SDG" }, "geometry": { "type": "Point", "coordinates": [ 47.68791, -122.08542 ] } },
{ "type": "Feature", "properties": { "gml_id": "mrds.274061", "lowerCorner": "47.510410 -121.742910", "upperCorner": "47.510410 -121.742910", "dep_id": 10281099, "site_name": "Annie", "dev_stat": "Unknown", "fips_code": "f53033", "huc_code": "h17110010", "quad_code": "q48122NWC4", "url": "https://mrdata.usgs.gov/mrds/show-mrds.php?dep_id=10281099", "code_list": "CU AU AG" }, "geometry": { "type": "Point", "coordinates": [ 47.51041, -121.74291 ] } }
]
}
