{"type": "FeatureCollection", "features": [{"type": "Feature", "id": 55, "geometry": {"type": "Polygon", "coordinates": [[[-121.222551, 47.33569], [-121.222763, 47.351426], [-121.223712, 47.421729], [-121.223917, 47.436883], [-121.224013, 47.443929], [-121.224687, 47.480764], [-121.225774, 47.532788], [-121.226089, 47.549061], [-121.226028, 47.566605], [-121.226117, 47.566573], [-121.226207, 47.566542], [-121.226297, 47.566511], [-121.226388, 47.566481], [-121.22648, 47.566452], [-121.226572, 47.566423], [-121.226665, 47.566396], [-121.226685, 47.56639], [-121.226758, 47.566368], [-121.22685, 47.56634], [-121.226922, 47.566318], [-121.226942, 47.566312], [-121.226956, 47.566307], [-121.227034, 47.566283], [-121.227125, 47.566253], [-121.227202, 47.566227], [-121.227216, 47.566223], [-121.227241, 47.566214], [-121.227307, 47.566192], [-121.227401, 47.566161], [-121.227488, 47.566131], [-121.227579, 47.5661], [-121.227669, 47.56607], [-121.22776, 47.566039], [-121.22785, 47.566008], [-121.22794, 47.565977], [-121.228032, 47.565947], [-121.228125, 47.565919], [-121.228219, 47.565891], [-121.228315, 47.565862], [-121.228405, 47.565834], [-121.228496, 47.565803], [-121.228584, 47.56577], [-121.228668, 47.565734], [-121.228749, 47.565694], [-121.228826, 47.56565], [-121.2289, 47.565603], [-121.228972, 47.565552], [-121.22904, 47.5655], [-121.229104, 47.565445], [-121.229164, 47.565389], [-121.229219, 47.565332], [-121.229268, 47.565274], [-121.229309, 47.565212], [-121.229343, 47.565147], [-121.229369, 47.565081], [-121.229392, 47.565013], [-121.229412, 47.564946], [-121.229417, 47.564929], [-121.229432, 47.564876], [-121.229452, 47.564809], [-121.229468, 47.564745], [-121.229471, 47.564734], [-121.229484, 47.564674], [-121.229497, 47.564606], [-121.229507, 47.564548], [-121.229509, 47.564538], [-121.229522, 47.56447], [-121.229536, 47.564402], [-121.229551, 47.564334], [-121.229569, 47.564267], [-121.229588, 47.564199], [-121.229607, 47.564132], [-121.22963, 47.564065], [-121.229657, 47.563999], [-121.229691, 47.56393], [-121.229723, 47.563869], [-121.229756, 47.563803], [-121.229784, 47.563746], [-121.229789, 47.563736], [-121.22982, 47.563669], [-121.229852, 47.563601], [-121.229884, 47.563534], [-121.229917, 47.563466], [-121.22995, 47.563399], [-121.229985, 47.563333], [-121.230022, 47.563268], [-121.230062, 47.563204], [-121.230104, 47.563142], [-121.230148, 47.563082], [-121.230196, 47.563025], [-121.230248, 47.562969], [-121.230304, 47.562917], [-121.230366, 47.562868], [-121.230438, 47.562826], [-121.230519, 47.562789], [-121.230606, 47.562756], [-121.2307, 47.562727], [-121.230798, 47.562701], [-121.230898, 47.562677], [-121.231001, 47.562654], [-121.231101, 47.562631], [-121.231201, 47.562608], [-121.231295, 47.562583], [-121.231393, 47.562559], [-121.231493, 47.562542], [-121.231597, 47.562527], [-121.231697, 47.562511], [-121.231794, 47.562491], [-121.231883, 47.562463], [-121.23196, 47.562425], [-121.232029, 47.562378], [-121.232092, 47.562322], [-121.232149, 47.562264], [-121.2322, 47.562202], [-121.232221, 47.562175], [-121.232226, 47.562168], [-121.232248, 47.562139], [-121.232293, 47.562078], [-121.232324, 47.562035], [-121.232327, 47.562028], [-121.232329, 47.56202], [-121.232374, 47.561953], [-121.23241, 47.561889], [-121.232444, 47.561828], [-121.232456, 47.561805], [-121.23248, 47.56176], [-121.232513, 47.561695], [-121.232524, 47.561674], [-121.232546, 47.56163], [-121.232579, 47.561565], [-121.232613, 47.5615], [-121.232648, 47.561435], [-121.232653, 47.561425], [-121.232682, 47.561371], [-121.232716, 47.561306], [-121.232748, 47.561241], [-121.232778, 47.561176], [-121.232806, 47.56111], [-121.232829, 47.561054], [-121.232834, 47.561044], [-121.232865, 47.560977], [-121.232897, 47.56091], [-121.232931, 47.56084], [-121.232962, 47.560776], [-121.232992, 47.560709], [-121.233017, 47.560643], [-121.233038, 47.560574], [-121.233053, 47.560508], [-121.23306, 47.560442], [-121.233058, 47.560376], [-121.233046, 47.560313], [-121.233035, 47.560197], [-121.233029, 47.56014], [-121.233011, 47.560073], [-121.232983, 47.560009], [-121.232945, 47.559946], [-121.232899, 47.559884], [-121.232848, 47.559824], [-121.232796, 47.559764], [-121.232746, 47.559704], [-121.232694, 47.559645], [-121.232639, 47.559588], [-121.232629, 47.559577], [-121.232583, 47.55953], [-121.232528, 47.559473], [-121.232486, 47.559428], [-121.232473, 47.559414], [-121.232427, 47.559354], [-121.232385, 47.559291], [-121.232353, 47.559227], [-121.232331, 47.55916], [-121.232295, 47.559092], [-121.232294, 47.559025], [-121.232272, 47.558958], [-121.23224, 47.558893], [-121.232199, 47.55883], [-121.232156, 47.558767], [-121.23212, 47.558703], [-121.232099, 47.558634], [-121.232098, 47.558569], [-121.232101, 47.558534], [-121.232104, 47.558499], [-121.232104, 47.558431], [-121.232102, 47.558362], [-121.232098, 47.558294], [-121.232088, 47.558227], [-121.23207, 47.558158], [-121.232053, 47.55809], [-121.23204, 47.558022], [-121.232033, 47.557954], [-121.23204, 47.557886], [-121.232055, 47.557817], [-121.232074, 47.55775], [-121.232096, 47.557684], [-121.232124, 47.557618], [-121.232155, 47.557552], [-121.232188, 47.557487], [-121.232224, 47.557425], [-121.232275, 47.557351], [-121.232317, 47.557301], [-121.232368, 47.557242], [-121.232426, 47.557185], [-121.2325, 47.55714], [-121.232584, 47.5571], [-121.232669, 47.557064], [-121.232757, 47.557028], [-121.232845, 47.556998], [-121.23294, 47.55697], [-121.23303, 47.556939], [-121.233118, 47.556905], [-121.233206, 47.55687], [-121.233295, 47.556836], [-121.233381, 47.5568], [-121.233453, 47.556753], [-121.23351, 47.556697], [-121.233562, 47.556637], [-121.233616, 47.556579], [-121.233678, 47.556525], [-121.233747, 47.556476], [-121.233821, 47.556428], [-121.233943, 47.556348], [-121.233971, 47.556283], [-121.233995, 47.556217], [-121.234015, 47.556149], [-121.234032, 47.556081], [-121.234045, 47.556012], [-121.234056, 47.555944], [-121.234065, 47.555875], [-121.234071, 47.555806], [-121.234076, 47.555738], [-121.234081, 47.55567], [-121.234085, 47.555601], [-121.234088, 47.555532], [-121.234091, 47.555463], [-121.234092, 47.555395], [-121.234093, 47.555326], [-121.234092, 47.555257], [-121.234089, 47.555188], [-121.234086, 47.55512], [-121.23408, 47.555051], [-121.234074, 47.554983], [-121.234065, 47.554915], [-121.234053, 47.554848], [-121.234032, 47.55478], [-121.234006, 47.554714], [-121.233976, 47.554647], [-121.233945, 47.554581], [-121.233914, 47.554513], [-121.233889, 47.554448], [-121.233868, 47.554382], [-121.233855, 47.554316], [-121.233857, 47.554248], [-121.233876, 47.554181], [-121.233903, 47.554115], [-121.233933, 47.554047], [-121.233957, 47.553979], [-121.233967, 47.553911], [-121.233965, 47.553843], [-121.233958, 47.553775], [-121.233947, 47.553707], [-121.233933, 47.553638], [-121.233919, 47.55357], [-121.233905, 47.5535], [-121.233895, 47.553433], [-121.233888, 47.553364], [-121.233887, 47.553297], [-121.233894, 47.553228], [-121.233907, 47.55316], [-121.233926, 47.55309], [-121.233948, 47.553024], [-121.233973, 47.552956], [-121.233999, 47.552891], [-121.234028, 47.55282], [-121.234054, 47.552752], [-121.234077, 47.552685], [-121.234097, 47.552617], [-121.234112, 47.55255], [-121.23412, 47.552478], [-121.23419, 47.552067], [-121.234188, 47.551998], [-121.23416, 47.551934], [-121.234121, 47.551871], [-121.234078, 47.551808], [-121.23403, 47.551747], [-121.233979, 47.551687], [-121.233927, 47.551629], [-121.233864, 47.551575], [-121.233796, 47.551523], [-121.233727, 47.551473], [-121.23366, 47.551422], [-121.233609, 47.551362], [-121.233568, 47.5513], [-121.233531, 47.551236], [-121.233497, 47.551169], [-121.233468, 47.551106], [-121.233439, 47.551041], [-121.233413, 47.550975], [-121.233392, 47.550907], [-121.23338, 47.550839], [-121.23337, 47.55077], [-121.233363, 47.550702], [-121.233359, 47.550633], [-121.233362, 47.550567], [-121.233394, 47.5505], [-121.233419, 47.550434], [-121.233444, 47.550364], [-121.233471, 47.550301], [-121.233502, 47.550236], [-121.233527, 47.550183], [-121.233533, 47.550171], [-121.233564, 47.550105], [-121.233592, 47.550039], [-121.233616, 47.54997], [-121.233641, 47.549906], [-121.233667, 47.54984], [-121.233699, 47.549775], [-121.233743, 47.549714], [-121.233794, 47.549654], [-121.233849, 47.549597], [-121.233905, 47.549539], [-121.233962, 47.549482], [-121.234029, 47.549431], [-121.234109, 47.549389], [-121.234194, 47.549351], [-121.234277, 47.549314], [-121.234358, 47.549272], [-121.234434, 47.549225], [-121.2345, 47.549172], [-121.234548, 47.549113], [-121.234581, 47.549049], [-121.234609, 47.548981], [-121.234641, 47.548916], [-121.234677, 47.548852], [-121.234728, 47.548793], [-121.234793, 47.548741], [-121.234932, 47.548646], [-121.234961, 47.548636], [-121.235077, 47.548618], [-121.235203, 47.548607], [-121.235331, 47.548598], [-121.23545, 47.54859], [-121.235555, 47.548576], [-121.235635, 47.548555], [-121.235682, 47.548521], [-121.235695, 47.548474], [-121.235694, 47.548422], [-121.235683, 47.548366], [-121.235664, 47.548308], [-121.235638, 47.548246], [-121.235604, 47.548183], [-121.235578, 47.54814], [-121.235565, 47.548118], [-121.235521, 47.548051], [-121.235473, 47.547984], [-121.235422, 47.547915], [-121.235369, 47.547847], [-121.235314, 47.547778], [-121.235259, 47.547711], [-121.235205, 47.547643], [-121.235152, 47.547578], [-121.235101, 47.547514], [-121.235053, 47.547453], [-121.235002, 47.547395], [-121.234941, 47.54734], [-121.234874, 47.547288], [-121.234804, 47.547237], [-121.234735, 47.547186], [-121.234669, 47.547134], [-121.234606, 47.547077], [-121.234544, 47.547023], [-121.234477, 47.546966], [-121.234415, 47.546908], [-121.234363, 47.546849], [-121.23433, 47.546788], [-121.234319, 47.546725], [-121.234328, 47.54666], [-121.234349, 47.546593], [-121.234379, 47.546527], [-121.234414, 47.54646], [-121.234445, 47.546401], [-121.234449, 47.546392], [-121.234479, 47.546324], [-121.234501, 47.546257], [-121.234515, 47.546189], [-121.234523, 47.546119], [-121.234528, 47.546049], [-121.234531, 47.545977], [-121.234534, 47.545909], [-121.23454, 47.54584], [-121.23455, 47.545772], [-121.234565, 47.545705], [-121.234588, 47.54564], [-121.234621, 47.545578], [-121.234666, 47.545518], [-121.234721, 47.545462], [-121.234783, 47.545408], [-121.234795, 47.545399], [-121.234851, 47.545355], [-121.234896, 47.54532], [-121.23492, 47.545302], [-121.234988, 47.545249], [-121.235052, 47.545194], [-121.23511, 47.545138], [-121.235158, 47.545078], [-121.235186, 47.545011], [-121.235202, 47.544937], [-121.235213, 47.544862], [-121.23523, 47.544793], [-121.235262, 47.544732], [-121.235319, 47.544685], [-121.235394, 47.544649], [-121.23548, 47.544619], [-121.235574, 47.544596], [-121.235674, 47.544575], [-121.235777, 47.544557], [-121.235878, 47.544539], [-121.235984, 47.544519], [-121.236082, 47.544496], [-121.236176, 47.544469], [-121.236267, 47.544439], [-121.236358, 47.544408], [-121.236451, 47.544377], [-121.236541, 47.544349], [-121.236635, 47.544323], [-121.236731, 47.544303], [-121.236829, 47.544285], [-121.23693, 47.544269], [-121.237033, 47.544258], [-121.237134, 47.544252], [-121.237234, 47.544251], [-121.23733, 47.54426], [-121.237423, 47.544285], [-121.237513, 47.544319], [-121.237604, 47.544354], [-121.237696, 47.544384], [-121.237712, 47.544389], [-121.237793, 47.544416], [-121.237886, 47.544444], [-121.237986, 47.544459], [-121.238076, 47.544446], [-121.238163, 47.544416], [-121.238247, 47.544376], [-121.238287, 47.544355], [-121.238332, 47.544332], [-121.238416, 47.544293], [-121.238508, 47.54426], [-121.238601, 47.544231], [-121.238695, 47.544205], [-121.23879, 47.544181], [-121.238887, 47.544159], [-121.238984, 47.544141], [-121.239082, 47.544127], [-121.239182, 47.544115], [-121.239285, 47.544105], [-121.239383, 47.544097], [-121.239484, 47.544089], [-121.239575, 47.544084], [-121.239588, 47.544083], [-121.239686, 47.544077], [-121.239787, 47.54407], [-121.239887, 47.544068], [-121.239991, 47.544069], [-121.240092, 47.544066], [-121.24019, 47.544056], [-121.240289, 47.544038], [-121.240387, 47.544017], [-121.240482, 47.54399], [-121.240571, 47.543958], [-121.240651, 47.543919], [-121.240726, 47.543873], [-121.240796, 47.543823], [-121.240863, 47.543771], [-121.24093, 47.543718], [-121.240995, 47.543665], [-121.241056, 47.543609], [-121.241115, 47.543552], [-121.241174, 47.543495], [-121.241235, 47.543441], [-121.241302, 47.54339], [-121.241376, 47.543346], [-121.241458, 47.543306], [-121.241546, 47.54327], [-121.241639, 47.543238], [-121.241734, 47.543211], [-121.241832, 47.54319], [-121.241928, 47.543174], [-121.242026, 47.543171], [-121.242127, 47.543182], [-121.242229, 47.543199], [-121.24233, 47.54321], [-121.242431, 47.543208], [-121.24253, 47.543198], [-121.242629, 47.543185], [-121.242729, 47.543169], [-121.242827, 47.543152], [-121.242925, 47.543132], [-121.243019, 47.543112], [-121.243048, 47.543106], [-121.243118, 47.54309], [-121.243228, 47.543068], [-121.243338, 47.543041], [-121.243425, 47.543007], [-121.243467, 47.542963], [-121.24346, 47.542906], [-121.243423, 47.542841], [-121.243369, 47.542772], [-121.243312, 47.542705], [-121.243258, 47.542646], [-121.243192, 47.542592], [-121.243122, 47.542539], [-121.243086, 47.542505], [-121.243127, 47.542293], [-121.243141, 47.542225], [-121.243163, 47.542158], [-121.243204, 47.542096], [-121.24325, 47.542034], [-121.243281, 47.54197], [-121.24329, 47.541901], [-121.243311, 47.541834], [-121.243335, 47.541767], [-121.243358, 47.541701], [-121.243375, 47.541632], [-121.243346, 47.541568], [-121.243304, 47.541505], [-121.243287, 47.541437], [-121.243269, 47.54137], [-121.243241, 47.541304], [-121.243205, 47.54124], [-121.243168, 47.541176], [-121.243136, 47.541111], [-121.243106, 47.541044], [-121.243118, 47.540978], [-121.243146, 47.540912], [-121.243212, 47.540785], [-121.243208, 47.540762], [-121.243194, 47.540694], [-121.243175, 47.540625], [-121.24315, 47.540558], [-121.243119, 47.540492], [-121.24308, 47.54043], [-121.243027, 47.540374], [-121.242961, 47.540321], [-121.24289, 47.54027], [-121.242822, 47.540218], [-121.242763, 47.540163], [-121.242707, 47.540105], [-121.242654, 47.540047], [-121.242601, 47.539988], [-121.242548, 47.539929], [-121.242494, 47.539871], [-121.242437, 47.539815], [-121.242377, 47.53976], [-121.242311, 47.539709], [-121.242239, 47.53966], [-121.242164, 47.539613], [-121.242111, 47.539581], [-121.242088, 47.539567], [-121.242012, 47.539521], [-121.24194, 47.539472], [-121.241875, 47.539421], [-121.241814, 47.539366], [-121.241752, 47.539308], [-121.24169, 47.539249], [-121.24163, 47.539188], [-121.241576, 47.539126], [-121.24153, 47.539064], [-121.241495, 47.539002], [-121.241475, 47.53894], [-121.241471, 47.538877], [-121.241485, 47.538811], [-121.241514, 47.538742], [-121.241555, 47.538674], [-121.241607, 47.538608], [-121.241667, 47.538547], [-121.241732, 47.538494], [-121.241801, 47.53845], [-121.241882, 47.538414], [-121.241973, 47.538386], [-121.242073, 47.538363], [-121.242176, 47.538345], [-121.242281, 47.53833], [-121.242384, 47.538318], [-121.242486, 47.538311], [-121.242598, 47.538318], [-121.242716, 47.538333], [-121.24283, 47.538348], [-121.242929, 47.538355], [-121.243007, 47.538345], [-121.243053, 47.53831], [-121.243074, 47.538252], [-121.243073, 47.53818], [-121.243057, 47.538099], [-121.243032, 47.53802], [-121.243021, 47.537995], [-121.24292, 47.53794], [-121.242865, 47.537883], [-121.242813, 47.537823], [-121.242764, 47.537763], [-121.242718, 47.537701], [-121.242679, 47.537639], [-121.242678, 47.53757], [-121.242679, 47.537501], [-121.242686, 47.537432], [-121.242704, 47.537365], [-121.242774, 47.537316], [-121.242844, 47.537267], [-121.242904, 47.537211], [-121.242977, 47.537164], [-121.243058, 47.537124], [-121.243127, 47.537073], [-121.24319, 47.537018], [-121.243238, 47.536959], [-121.243244, 47.53689], [-121.243223, 47.536823], [-121.243198, 47.536756], [-121.243171, 47.53669], [-121.243141, 47.536624], [-121.243108, 47.536559], [-121.243061, 47.536499], [-121.24305, 47.536488], [-121.243005, 47.536442], [-121.242962, 47.536378], [-121.242912, 47.53632], [-121.242822, 47.536287], [-121.242751, 47.536243], [-121.24268, 47.536186], [-121.242627, 47.536128], [-121.242608, 47.536065], [-121.242636, 47.535995], [-121.242691, 47.535939], [-121.242777, 47.5359], [-121.242871, 47.535875], [-121.242969, 47.535858], [-121.243069, 47.535848], [-121.24317, 47.535839], [-121.24327, 47.535829], [-121.243365, 47.535807], [-121.24345, 47.535769], [-121.243787, 47.535604], [-121.24384, 47.535592], [-121.243932, 47.535583], [-121.244028, 47.535585], [-121.244124, 47.535596], [-121.244223, 47.535613], [-121.244323, 47.535635], [-121.244425, 47.535659], [-121.244526, 47.535682], [-121.244627, 47.535703], [-121.244728, 47.535718], [-121.244828, 47.535729], [-121.24493, 47.535739], [-121.245034, 47.535748], [-121.245136, 47.535753], [-121.245239, 47.535755], [-121.245338, 47.535751], [-121.245435, 47.535739], [-121.24553, 47.535721], [-121.245624, 47.535697], [-121.245717, 47.535669], [-121.245808, 47.535638], [-121.245898, 47.535603], [-121.245986, 47.535567], [-121.246074, 47.53553], [-121.246158, 47.535493], [-121.246242, 47.535454], [-121.246324, 47.535413], [-121.246404, 47.53537], [-121.24648, 47.535324], [-121.246554, 47.535277], [-121.246623, 47.535227], [-121.246671, 47.535188], [-121.246821, 47.535013], [-121.246864, 47.534949], [-121.246919, 47.534892], [-121.247004, 47.534855], [-121.247091, 47.534819], [-121.247134, 47.534759], [-121.247171, 47.534694], [-121.247223, 47.534635], [-121.247271, 47.534575], [-121.247301, 47.53451], [-121.247329, 47.534443], [-121.247356, 47.534377], [-121.247396, 47.534315], [-121.247449, 47.534255], [-121.247513, 47.534201], [-121.247592, 47.53416], [-121.247689, 47.534137], [-121.247789, 47.53413], [-121.247891, 47.534133], [-121.247992, 47.534135], [-121.248094, 47.534135], [-121.248194, 47.534125], [-121.248293, 47.53411], [-121.248391, 47.534089], [-121.248482, 47.534062], [-121.24857, 47.534029], [-121.248655, 47.533991], [-121.248738, 47.53395], [-121.248819, 47.533909], [-121.248898, 47.533866], [-121.248976, 47.533823], [-121.249053, 47.533778], [-121.24913, 47.533734], [-121.249208, 47.53369], [-121.249288, 47.533647], [-121.24937, 47.533608], [-121.249455, 47.53357], [-121.249534, 47.533528], [-121.24961, 47.533483], [-121.249687, 47.533438], [-121.249765, 47.533394], [-121.249827, 47.533361], [-121.249845, 47.533352], [-121.249898, 47.533323], [-121.249924, 47.533309], [-121.25, 47.533264], [-121.250053, 47.533229], [-121.25014, 47.533165], [-121.250202, 47.533111], [-121.25026, 47.533055], [-121.250314, 47.532997], [-121.250375, 47.532942], [-121.250446, 47.532894], [-121.25052, 47.532845], [-121.250591, 47.532797], [-121.250656, 47.532745], [-121.2507, 47.532684], [-121.250748, 47.532623], [-121.250809, 47.532568], [-121.250871, 47.532514], [-121.250923, 47.532454], [-121.250982, 47.532399], [-121.251018, 47.532381], [-121.251051, 47.532345], [-121.251096, 47.532284], [-121.251166, 47.532234], [-121.251236, 47.532185], [-121.251308, 47.532137], [-121.251392, 47.532098], [-121.25151, 47.532064], [-121.2516, 47.532045], [-121.25171, 47.532052], [-121.251812, 47.532063], [-121.251913, 47.532075], [-121.252012, 47.532093], [-121.252106, 47.532117], [-121.252195, 47.53215], [-121.252279, 47.532189], [-121.252355, 47.532235], [-121.252423, 47.532286], [-121.252481, 47.532344], [-121.252525, 47.532406], [-121.252549, 47.532471], [-121.252558, 47.532539], [-121.252563, 47.532609], [-121.252573, 47.532677], [-121.252588, 47.532747], [-121.252607, 47.532816], [-121.252644, 47.532878], [-121.252719, 47.532947], [-121.252792, 47.533015], [-121.252862, 47.533065], [-121.252935, 47.533112], [-121.25302, 47.533151], [-121.253112, 47.533178], [-121.253205, 47.533204], [-121.253283, 47.533232], [-121.253293, 47.533236], [-121.253383, 47.533271], [-121.253485, 47.533306], [-121.253564, 47.533335], [-121.253638, 47.533379], [-121.2537, 47.533434], [-121.253762, 47.533488], [-121.253832, 47.533538], [-121.253906, 47.533584], [-121.253982, 47.53363], [-121.254057, 47.533676], [-121.254125, 47.533726], [-121.254135, 47.533735], [-121.254185, 47.533782], [-121.254243, 47.533838], [-121.254309, 47.533891], [-121.254392, 47.533928], [-121.254493, 47.533927], [-121.254594, 47.533919], [-121.254695, 47.533909], [-121.254795, 47.533897], [-121.254969, 47.533827], [-121.255055, 47.533788], [-121.255139, 47.533745], [-121.255222, 47.533701], [-121.255303, 47.533657], [-121.255381, 47.533612], [-121.255459, 47.533568], [-121.255538, 47.533523], [-121.255616, 47.533476], [-121.255691, 47.533428], [-121.255762, 47.533377], [-121.255827, 47.533325], [-121.255884, 47.53327], [-121.255912, 47.533238], [-121.255933, 47.533213], [-121.255961, 47.53315], [-121.255974, 47.533081], [-121.255978, 47.533011], [-121.255983, 47.53294], [-121.255997, 47.532871], [-121.256026, 47.532806], [-121.256065, 47.532743], [-121.256109, 47.532681], [-121.256159, 47.532621], [-121.256212, 47.532562], [-121.256269, 47.532505], [-121.256329, 47.532449], [-121.256394, 47.532397], [-121.256463, 47.532347], [-121.256536, 47.532298], [-121.256588, 47.532263], [-121.25661, 47.532249], [-121.256682, 47.532201], [-121.256752, 47.532151], [-121.256819, 47.5321], [-121.256877, 47.532045], [-121.256931, 47.531988], [-121.256981, 47.531928], [-121.257028, 47.531866], [-121.257071, 47.531803], [-121.25711, 47.531738], [-121.257144, 47.531673], [-121.257172, 47.531607], [-121.257195, 47.531541], [-121.25721, 47.531474], [-121.257218, 47.531407], [-121.257221, 47.531339], [-121.257219, 47.53127], [-121.257215, 47.531201], [-121.257208, 47.531132], [-121.257201, 47.531062], [-121.257195, 47.530993], [-121.257192, 47.530924], [-121.257191, 47.530857], [-121.257192, 47.530839], [-121.257193, 47.530787], [-121.257194, 47.530719], [-121.257195, 47.530687], [-121.257196, 47.53065], [-121.257197, 47.530582], [-121.257198, 47.530513], [-121.257197, 47.530442], [-121.257194, 47.530376], [-121.257192, 47.530307], [-121.257192, 47.530239], [-121.25719, 47.530167], [-121.257186, 47.530097], [-121.257178, 47.530029], [-121.257162, 47.529962], [-121.257138, 47.529898], [-121.257083, 47.529841], [-121.257005, 47.529789], [-121.256928, 47.529738], [-121.256878, 47.529683], [-121.256866, 47.529619], [-121.256863, 47.52955], [-121.256866, 47.529477], [-121.256877, 47.529404], [-121.256897, 47.529332], [-121.256924, 47.529263], [-121.256961, 47.529199], [-121.257006, 47.529143], [-121.257067, 47.529097], [-121.257146, 47.52906], [-121.257237, 47.52903], [-121.257337, 47.529004], [-121.257438, 47.528978], [-121.257537, 47.52895], [-121.257628, 47.528916], [-121.257709, 47.528875], [-121.25779, 47.528831], [-121.25787, 47.528784], [-121.257946, 47.528735], [-121.258016, 47.528684], [-121.258078, 47.528629], [-121.258128, 47.528572], [-121.258164, 47.528512], [-121.25818, 47.528447], [-121.258182, 47.528378], [-121.258179, 47.528343], [-121.258177, 47.528306], [-121.25817, 47.528235], [-121.258168, 47.528164], [-121.258178, 47.528096], [-121.258206, 47.528032], [-121.258246, 47.52797], [-121.258298, 47.527909], [-121.258359, 47.527852], [-121.258427, 47.527798], [-121.258499, 47.52775], [-121.258576, 47.527706], [-121.258658, 47.527666], [-121.258746, 47.527627], [-121.258834, 47.52759], [-121.258925, 47.527554], [-121.259015, 47.527518], [-121.259103, 47.527482], [-121.259188, 47.527444], [-121.259267, 47.527405], [-121.259341, 47.527363], [-121.259403, 47.527317], [-121.259397, 47.527249], [-121.259371, 47.527173], [-121.259393, 47.52711], [-121.259451, 47.527053], [-121.259524, 47.527], [-121.259606, 47.526955], [-121.259692, 47.526923], [-121.259788, 47.526912], [-121.259893, 47.526918], [-121.259999, 47.526923], [-121.260098, 47.526913], [-121.260193, 47.526887], [-121.260292, 47.526856], [-121.260391, 47.526822], [-121.260482, 47.526782], [-121.260562, 47.526739], [-121.260622, 47.52669], [-121.260657, 47.526636], [-121.260666, 47.526574], [-121.260656, 47.526507], [-121.260634, 47.526437], [-121.260609, 47.526364], [-121.260586, 47.526291], [-121.260574, 47.526221], [-121.26058, 47.526153], [-121.260605, 47.526086], [-121.26064, 47.526021], [-121.260677, 47.525955], [-121.260707, 47.525889], [-121.260723, 47.525823], [-121.26072, 47.525756], [-121.260707, 47.525688], [-121.260686, 47.525621], [-121.260662, 47.525553], [-121.260637, 47.525485], [-121.260614, 47.525418], [-121.260597, 47.52535], [-121.260589, 47.525282], [-121.26059, 47.525214], [-121.260594, 47.525145], [-121.260603, 47.525075], [-121.260615, 47.525006], [-121.260633, 47.524937], [-121.260655, 47.524869], [-121.260682, 47.524803], [-121.260715, 47.52474], [-121.26076, 47.524682], [-121.260822, 47.524629], [-121.260897, 47.524578], [-121.260972, 47.524532], [-121.261049, 47.524484], [-121.261119, 47.524436], [-121.261195, 47.524389], [-121.261244, 47.524359], [-121.261271, 47.524343], [-121.261322, 47.524311], [-121.261346, 47.524296], [-121.261417, 47.524248], [-121.261483, 47.524196], [-121.26154, 47.524139], [-121.261589, 47.524079], [-121.261635, 47.524017], [-121.261675, 47.523962], [-121.261681, 47.523955], [-121.261732, 47.523896], [-121.261791, 47.523841], [-121.26186, 47.523793], [-121.261937, 47.523749], [-121.262019, 47.523707], [-121.262105, 47.523669], [-121.262195, 47.523634], [-121.262284, 47.523602], [-121.262375, 47.523574], [-121.26247, 47.523551], [-121.262567, 47.523531], [-121.262666, 47.523514], [-121.262765, 47.523498], [-121.262864, 47.523482], [-121.262963, 47.523467], [-121.263062, 47.523453], [-121.263162, 47.52344], [-121.263263, 47.523431], [-121.263363, 47.523424], [-121.263463, 47.523421], [-121.263565, 47.52342], [-121.263666, 47.523421], [-121.263767, 47.523423], [-121.263868, 47.523426], [-121.26397, 47.523428], [-121.264071, 47.52343], [-121.264172, 47.523431], [-121.264273, 47.523432], [-121.264375, 47.523433], [-121.264476, 47.523433], [-121.264577, 47.523434], [-121.264678, 47.523435], [-121.264779, 47.523437], [-121.26488, 47.523438], [-121.264981, 47.523441], [-121.265083, 47.523443], [-121.265184, 47.523446], [-121.265285, 47.523449], [-121.265386, 47.523452], [-121.265487, 47.523456], [-121.265588, 47.523461], [-121.265688, 47.523467], [-121.265789, 47.523474], [-121.265889, 47.523483], [-121.26599, 47.523492], [-121.266091, 47.523499], [-121.266191, 47.523503], [-121.266292, 47.523505], [-121.266394, 47.523505], [-121.266495, 47.523503], [-121.266596, 47.523499], [-121.266697, 47.523494], [-121.266798, 47.523486], [-121.266898, 47.523477], [-121.266998, 47.523467], [-121.267098, 47.523457], [-121.267199, 47.523449], [-121.267299, 47.523442], [-121.267401, 47.523436], [-121.267502, 47.52343], [-121.267605, 47.523424], [-121.267707, 47.523419], [-121.267808, 47.523416], [-121.26791, 47.523415], [-121.268009, 47.523418], [-121.268107, 47.523425], [-121.268199, 47.52345], [-121.268287, 47.523488], [-121.268377, 47.523522], [-121.268472, 47.523544], [-121.26857, 47.523564], [-121.268668, 47.523584], [-121.268768, 47.523601], [-121.268867, 47.523615], [-121.268967, 47.523626], [-121.269067, 47.523631], [-121.269167, 47.523631], [-121.269267, 47.523628], [-121.269367, 47.523621], [-121.269468, 47.523612], [-121.269569, 47.523601], [-121.269669, 47.523588], [-121.269769, 47.523575], [-121.269869, 47.523561], [-121.269968, 47.523547], [-121.270066, 47.523531], [-121.270164, 47.523512], [-121.27026, 47.523491], [-121.270356, 47.523469], [-121.270456, 47.523447], [-121.270549, 47.523427], [-121.270646, 47.523407], [-121.270743, 47.523388], [-121.27084, 47.523369], [-121.270937, 47.523349], [-121.271034, 47.523328], [-121.271129, 47.523306], [-121.271224, 47.523282], [-121.271318, 47.523256], [-121.27141, 47.523229], [-121.271501, 47.523199], [-121.271592, 47.523168], [-121.271682, 47.523136], [-121.271772, 47.523105], [-121.271862, 47.52307], [-121.271946, 47.523033], [-121.272032, 47.522995], [-121.272119, 47.522961], [-121.272211, 47.522934], [-121.272307, 47.522916], [-121.272406, 47.522902], [-121.272444, 47.522898], [-121.272506, 47.522891], [-121.272607, 47.522883], [-121.272707, 47.522877], [-121.272727, 47.522876], [-121.27281, 47.522872], [-121.272912, 47.522867], [-121.27301, 47.522863], [-121.273114, 47.522861], [-121.273215, 47.522861], [-121.273314, 47.522862], [-121.273418, 47.522862], [-121.273519, 47.522862], [-121.27362, 47.522861], [-121.273721, 47.522858], [-121.273822, 47.522852], [-121.273923, 47.522846], [-121.274024, 47.522838], [-121.274125, 47.522829], [-121.274226, 47.52282], [-121.274327, 47.52281], [-121.274428, 47.522801], [-121.274529, 47.522791], [-121.274542, 47.52279], [-121.27463, 47.522781], [-121.274731, 47.522772], [-121.27482, 47.522765], [-121.274835, 47.522763], [-121.274932, 47.522756], [-121.275032, 47.522749], [-121.275132, 47.522744], [-121.275233, 47.52274], [-121.275333, 47.522738], [-121.275432, 47.522738], [-121.275533, 47.52274], [-121.275631, 47.522748], [-121.275731, 47.522761], [-121.275828, 47.522777], [-121.275925, 47.522797], [-121.276019, 47.522817], [-121.27612, 47.522841], [-121.276218, 47.522863], [-121.276315, 47.522884], [-121.276413, 47.522903], [-121.276457, 47.522911], [-121.276511, 47.522921], [-121.276584, 47.522935], [-121.276608, 47.52294], [-121.276705, 47.522959], [-121.276803, 47.522978], [-121.276901, 47.522994], [-121.277, 47.523008], [-121.277099, 47.523019], [-121.2772, 47.523029], [-121.277301, 47.523036], [-121.277402, 47.523041], [-121.277503, 47.523045], [-121.277605, 47.523046], [-121.277705, 47.523045], [-121.277809, 47.52304], [-121.277907, 47.523034], [-121.278008, 47.523026], [-121.278103, 47.523018], [-121.278209, 47.52301], [-121.27831, 47.523002], [-121.278412, 47.522997], [-121.278516, 47.522998], [-121.278578, 47.523], [-121.278621, 47.523002], [-121.278721, 47.523003], [-121.278824, 47.522996], [-121.278914, 47.522976], [-121.278999, 47.522941], [-121.27908, 47.522897], [-121.279154, 47.522844], [-121.279217, 47.522787], [-121.279265, 47.522726], [-121.279297, 47.522664], [-121.279316, 47.522597], [-121.279324, 47.52253], [-121.279328, 47.522459], [-121.279332, 47.522392], [-121.279338, 47.522318], [-121.279353, 47.52225], [-121.279379, 47.522185], [-121.279418, 47.522123], [-121.279467, 47.522063], [-121.279521, 47.522005], [-121.279579, 47.521948], [-121.279606, 47.521922], [-121.279639, 47.521891], [-121.279679, 47.52185], [-121.279696, 47.521834], [-121.279751, 47.521776], [-121.279809, 47.52172], [-121.279866, 47.521663], [-121.279913, 47.521619], [-121.279925, 47.521608], [-121.279983, 47.521552], [-121.28001, 47.521526], [-121.280041, 47.521495], [-121.280099, 47.521439], [-121.280158, 47.521383], [-121.280207, 47.521337], [-121.280217, 47.521327], [-121.280276, 47.521271], [-121.280332, 47.521214], [-121.280386, 47.521155], [-121.280434, 47.521096], [-121.280479, 47.521035], [-121.280522, 47.520973], [-121.280562, 47.52091], [-121.280601, 47.520847], [-121.280639, 47.520783], [-121.280676, 47.520719], [-121.280713, 47.520655], [-121.280744, 47.520589], [-121.280748, 47.520576], [-121.280768, 47.520519], [-121.280792, 47.52045], [-121.280819, 47.520384], [-121.280858, 47.520321], [-121.280911, 47.520266], [-121.280978, 47.520219], [-121.281051, 47.520174], [-121.28113, 47.520132], [-121.281211, 47.520093], [-121.281298, 47.520054], [-121.281321, 47.520044], [-121.281404, 47.520004], [-121.281488, 47.519965], [-121.281572, 47.519926], [-121.281655, 47.519886], [-121.281734, 47.519844], [-121.281808, 47.519799], [-121.281856, 47.519738], [-121.281908, 47.519679], [-121.281983, 47.519634], [-121.282069, 47.519596], [-121.282161, 47.519569], [-121.28226, 47.519552], [-121.282359, 47.519539], [-121.28246, 47.519529], [-121.282559, 47.519517], [-121.282658, 47.519503], [-121.282757, 47.519487], [-121.282854, 47.519468], [-121.28295, 47.519446], [-121.283039, 47.519413], [-121.283125, 47.519376], [-121.283203, 47.519333], [-121.283268, 47.519281], [-121.283324, 47.519223], [-121.283373, 47.519163], [-121.283412, 47.519099], [-121.283443, 47.519035], [-121.283477, 47.51897], [-121.283519, 47.518908], [-121.283572, 47.518849], [-121.283639, 47.518798], [-121.283706, 47.518747], [-121.283739, 47.518719], [-121.28377, 47.518694], [-121.283832, 47.518639], [-121.283896, 47.518583], [-121.283955, 47.518531], [-121.284017, 47.518476], [-121.284081, 47.518425], [-121.284147, 47.518371], [-121.284206, 47.518316], [-121.284264, 47.51826], [-121.28432, 47.518203], [-121.284377, 47.518146], [-121.284428, 47.518086], [-121.284475, 47.518026], [-121.284521, 47.517965], [-121.284567, 47.517904], [-121.284577, 47.517891], [-121.284612, 47.517843], [-121.284675, 47.517759], [-121.284691, 47.517737], [-121.284706, 47.517714], [-121.284749, 47.517652], [-121.284797, 47.517592], [-121.28485, 47.517534], [-121.284912, 47.517481], [-121.284985, 47.517433], [-121.285063, 47.517389], [-121.285146, 47.517347], [-121.285225, 47.517306], [-121.285306, 47.517261], [-121.285377, 47.517213], [-121.285438, 47.51716], [-121.285491, 47.5171], [-121.285534, 47.517034], [-121.285561, 47.516966], [-121.285569, 47.516899], [-121.285561, 47.516833], [-121.285547, 47.516767], [-121.285526, 47.5167], [-121.285501, 47.516633], [-121.285472, 47.516564], [-121.285443, 47.516499], [-121.285436, 47.516484], [-121.285412, 47.516432], [-121.285388, 47.516377], [-121.285383, 47.516365], [-121.285357, 47.516299], [-121.285333, 47.516228], [-121.285311, 47.516156], [-121.285284, 47.516086], [-121.28525, 47.516022], [-121.285204, 47.515968], [-121.285137, 47.515931], [-121.285037, 47.51592], [-121.284923, 47.515923], [-121.284817, 47.515929], [-121.284718, 47.515947], [-121.28462, 47.515971], [-121.284522, 47.515988], [-121.284425, 47.515987], [-121.284322, 47.515969], [-121.284228, 47.515936], [-121.284158, 47.515889], [-121.284105, 47.515833], [-121.284061, 47.515772], [-121.284021, 47.515707], [-121.283981, 47.515642], [-121.283937, 47.515579], [-121.283885, 47.515521], [-121.283825, 47.515466], [-121.28376, 47.515413], [-121.283692, 47.515362], [-121.283623, 47.515312], [-121.283553, 47.515261], [-121.28348, 47.515211], [-121.283394, 47.515163], [-121.283317, 47.515115], [-121.283276, 47.515062], [-121.283285, 47.514999], [-121.283328, 47.514931], [-121.283391, 47.514869], [-121.283463, 47.514823], [-121.283546, 47.514787], [-121.283636, 47.514754], [-121.283729, 47.514723], [-121.283821, 47.51469], [-121.283907, 47.514654], [-121.283984, 47.514611], [-121.284057, 47.514563], [-121.284127, 47.514513], [-121.284194, 47.514462], [-121.284262, 47.51441], [-121.28433, 47.514359], [-121.284398, 47.514309], [-121.284465, 47.514257], [-121.284532, 47.514206], [-121.284599, 47.514155], [-121.284666, 47.514103], [-121.284733, 47.514052], [-121.284801, 47.514001], [-121.284869, 47.513951], [-121.284938, 47.5139], [-121.285006, 47.51385], [-121.285075, 47.5138], [-121.285145, 47.51375], [-121.285215, 47.513701], [-121.285285, 47.513651], [-121.285357, 47.513603], [-121.285432, 47.513557], [-121.285511, 47.513513], [-121.285589, 47.513469], [-121.28567, 47.513427], [-121.285753, 47.513387], [-121.285839, 47.513352], [-121.285929, 47.513323], [-121.286022, 47.513297], [-121.286118, 47.513273], [-121.286214, 47.513252], [-121.286313, 47.513233], [-121.286412, 47.513216], [-121.28651, 47.513201], [-121.286609, 47.513188], [-121.286709, 47.513178], [-121.286809, 47.51317], [-121.28691, 47.513163], [-121.287012, 47.513158], [-121.287113, 47.513153], [-121.287214, 47.513148], [-121.287315, 47.513143], [-121.287416, 47.513137], [-121.287518, 47.513134], [-121.287618, 47.513136], [-121.287718, 47.513144], [-121.287817, 47.513157], [-121.287916, 47.513173], [-121.288015, 47.51319], [-121.288113, 47.513205], [-121.288213, 47.513219], [-121.288312, 47.513232], [-121.288411, 47.513245], [-121.288511, 47.513257], [-121.288611, 47.513269], [-121.28871, 47.513279], [-121.288811, 47.513289], [-121.288911, 47.513297], [-121.289011, 47.513306], [-121.289111, 47.513315], [-121.289212, 47.513325], [-121.289312, 47.513336], [-121.289411, 47.513346], [-121.289512, 47.513356], [-121.289612, 47.513365], [-121.289712, 47.513373], [-121.289813, 47.51338], [-121.289914, 47.513387], [-121.290014, 47.513393], [-121.290115, 47.513399], [-121.290216, 47.513404], [-121.290317, 47.51341], [-121.290417, 47.513416], [-121.290518, 47.513422], [-121.290619, 47.513427], [-121.29072, 47.513433], [-121.290821, 47.513437], [-121.290922, 47.513441], [-121.291023, 47.513444], [-121.291124, 47.513448], [-121.291225, 47.513453], [-121.291326, 47.513461], [-121.291437, 47.513478], [-121.291556, 47.513504], [-121.291677, 47.513531], [-121.291789, 47.513552], [-121.291883, 47.513561], [-121.29195, 47.513551], [-121.291986, 47.513518], [-121.292, 47.51347], [-121.291998, 47.513412], [-121.291984, 47.513344], [-121.291962, 47.513271], [-121.29194, 47.51321], [-121.291932, 47.51319], [-121.291904, 47.513114], [-121.291876, 47.513036], [-121.291853, 47.512961], [-121.29184, 47.512892], [-121.291831, 47.512823], [-121.291825, 47.512754], [-121.291823, 47.512725], [-121.291821, 47.512686], [-121.291816, 47.512635], [-121.291815, 47.512616], [-121.291806, 47.512549], [-121.291791, 47.512481], [-121.29177, 47.512415], [-121.291742, 47.512349], [-121.291708, 47.512285], [-121.291671, 47.512222], [-121.29166, 47.512205], [-121.291629, 47.512157], [-121.291588, 47.512095], [-121.291568, 47.512064], [-121.291545, 47.512029], [-121.291505, 47.511968], [-121.291461, 47.511905], [-121.291416, 47.511845], [-121.291363, 47.511786], [-121.291306, 47.511731], [-121.291234, 47.511683], [-121.29115, 47.511644], [-121.29106, 47.511609], [-121.290969, 47.511578], [-121.290878, 47.511549], [-121.290785, 47.511522], [-121.290691, 47.511497], [-121.290596, 47.511473], [-121.2905, 47.511451], [-121.290403, 47.511435], [-121.290301, 47.511423], [-121.290201, 47.511414], [-121.290101, 47.5114], [-121.290005, 47.51138], [-121.289912, 47.511354], [-121.289821, 47.511325], [-121.28973, 47.511294], [-121.289641, 47.511261], [-121.28955, 47.511227], [-121.289462, 47.511196], [-121.289369, 47.511166], [-121.289287, 47.511139], [-121.289275, 47.511135], [-121.289186, 47.511102], [-121.289102, 47.511065], [-121.289028, 47.511021], [-121.288958, 47.510972], [-121.288888, 47.510921], [-121.28882, 47.510867], [-121.288757, 47.51081], [-121.288699, 47.510752], [-121.288647, 47.510692], [-121.288605, 47.510631], [-121.288573, 47.510568], [-121.288549, 47.510503], [-121.288529, 47.510437], [-121.288513, 47.51037], [-121.2885, 47.510303], [-121.288491, 47.510234], [-121.288484, 47.510165], [-121.288479, 47.510095], [-121.288477, 47.510026], [-121.288475, 47.509956], [-121.288475, 47.509886], [-121.288476, 47.509816], [-121.288476, 47.509747], [-121.288477, 47.509679], [-121.288476, 47.509659], [-121.288476, 47.50961], [-121.288475, 47.50954], [-121.288475, 47.509505], [-121.288474, 47.509471], [-121.288473, 47.509401], [-121.288473, 47.50933], [-121.288474, 47.50926], [-121.288477, 47.50919], [-121.288482, 47.509121], [-121.288489, 47.509052], [-121.2885, 47.508984], [-121.288514, 47.508917], [-121.288532, 47.50885], [-121.288554, 47.508785], [-121.288582, 47.508721], [-121.288615, 47.508659], [-121.288654, 47.508597], [-121.288698, 47.508537], [-121.288748, 47.508477], [-121.288802, 47.508418], [-121.28886, 47.508361], [-121.28892, 47.508304], [-121.288983, 47.508248], [-121.289048, 47.508193], [-121.289115, 47.508139], [-121.289182, 47.508086], [-121.289249, 47.508034], [-121.289316, 47.507983], [-121.28939, 47.507936], [-121.289477, 47.507896], [-121.289574, 47.50786], [-121.28967, 47.507827], [-121.289764, 47.507792], [-121.289848, 47.507755], [-121.289919, 47.507711], [-121.289968, 47.50766], [-121.289998, 47.507601], [-121.290015, 47.507537], [-121.290021, 47.50747], [-121.290019, 47.507401], [-121.290018, 47.507382], [-121.290013, 47.507329], [-121.290008, 47.50729], [-121.290005, 47.507256], [-121.289997, 47.507184], [-121.289994, 47.507112], [-121.289998, 47.507042], [-121.290012, 47.506974], [-121.290039, 47.50691], [-121.290083, 47.506849], [-121.290139, 47.506789], [-121.290196, 47.506733], [-121.290254, 47.506674], [-121.290305, 47.506615], [-121.290344, 47.506552], [-121.290371, 47.506487], [-121.290391, 47.506416], [-121.290404, 47.506351], [-121.290416, 47.506282], [-121.290425, 47.506223], [-121.290427, 47.50621], [-121.290436, 47.506145], [-121.290444, 47.506077], [-121.29045, 47.506012], [-121.290451, 47.505996], [-121.290455, 47.50594], [-121.290459, 47.505871], [-121.290461, 47.505829], [-121.290463, 47.505801], [-121.290465, 47.505734], [-121.290464, 47.505666], [-121.29046, 47.505599], [-121.290456, 47.505528], [-121.290454, 47.505459], [-121.290457, 47.505391], [-121.290467, 47.505323], [-121.29048, 47.505254], [-121.290484, 47.505231], [-121.290492, 47.505182], [-121.290507, 47.505109], [-121.290526, 47.505037], [-121.290553, 47.50497], [-121.290589, 47.504908], [-121.290638, 47.504854], [-121.290703, 47.50481], [-121.290786, 47.504778], [-121.290882, 47.504753], [-121.290986, 47.504733], [-121.291092, 47.504715], [-121.291195, 47.504694], [-121.291291, 47.504667], [-121.291373, 47.504631], [-121.291441, 47.504585], [-121.291502, 47.504532], [-121.291555, 47.504475], [-121.291603, 47.504414], [-121.291646, 47.504351], [-121.291653, 47.50434], [-121.291689, 47.504285], [-121.291728, 47.504219], [-121.291767, 47.504154], [-121.291806, 47.504091], [-121.291839, 47.504026], [-121.292252, 47.504027], [-121.60067, 47.504413], [-121.598529, 47.424013], [-121.594258, 47.334363], [-121.45163, 47.33529], [-121.222551, 47.33569]]]}, "properties": {"OBJECTID": 55, "Shape_Length": 353286.1270701241, "Shape_Area": 5876674347.479323, "State": "WA", "DistrictID": "WA0056", "DistrictNm": "Snoqualmie", "Other_Name": null, "County": "King; Kittitas", "District_Link": "https://d92019.eos-intl.net/D92019/OPAC/Details/Record.aspx?BibCode=28452886", "District_Cite": "[Washington Geological Survey], [1980], Mining districts of Washington: [Washington Geological Survey], 1 plate, 1 p. text.", "Notes": null}}, {"type": "Feature", "id": 56, "geometry": {"type": "Polygon", "coordinates": [[[-121.291839, 47.504026], [-121.291806, 47.504091], [-121.291767, 47.504154], [-121.291728, 47.504219], [-121.291689, 47.504285], [-121.291653, 47.50434], [-121.291646, 47.504351], [-121.291603, 47.504414], [-121.291555, 47.504475], [-121.291502, 47.504532], [-121.291441, 47.504585], [-121.291373, 47.504631], [-121.291291, 47.504667], [-121.291195, 47.504694], [-121.291092, 47.504715], [-121.290986, 47.504733], [-121.290882, 47.504753], [-121.290786, 47.504778], [-121.290703, 47.50481], [-121.290638, 47.504854], [-121.290589, 47.504908], [-121.290553, 47.50497], [-121.290526, 47.505037], [-121.290507, 47.505109], [-121.290492, 47.505182], [-121.290484, 47.505231], [-121.29048, 47.505254], [-121.290467, 47.505323], [-121.290457, 47.505391], [-121.290454, 47.505459], [-121.290456, 47.505528], [-121.29046, 47.505599], [-121.290464, 47.505666], [-121.290465, 47.505734], [-121.290463, 47.505801], [-121.290461, 47.505829], [-121.290459, 47.505871], [-121.290455, 47.50594], [-121.290451, 47.505996], [-121.29045, 47.506012], [-121.290444, 47.506077], [-121.290436, 47.506145], [-121.290427, 47.50621], [-121.290425, 47.506223], [-121.290416, 47.506282], [-121.290404, 47.506351], [-121.290391, 47.506416], [-121.290371, 47.506487], [-121.290344, 47.506552], [-121.290305, 47.506615], [-121.290254, 47.506674], [-121.290196, 47.506733], [-121.290139, 47.506789], [-121.290083, 47.506849], [-121.290039, 47.50691], [-121.290012, 47.506974], [-121.289998, 47.507042], [-121.289994, 47.507112], [-121.289997, 47.507184], [-121.290005, 47.507256], [-121.290008, 47.50729], [-121.290013, 47.507329], [-121.290018, 47.507382], [-121.290019, 47.507401], [-121.290021, 47.50747], [-121.290015, 47.507537], [-121.289998, 47.507601], [-121.289968, 47.50766], [-121.289919, 47.507711], [-121.289848, 47.507755], [-121.289764, 47.507792], [-121.28967, 47.507827], [-121.289574, 47.50786], [-121.289477, 47.507896], [-121.28939, 47.507936], [-121.289316, 47.507983], [-121.289249, 47.508034], [-121.289182, 47.508086], [-121.289115, 47.508139], [-121.289048, 47.508193], [-121.288983, 47.508248], [-121.28892, 47.508304], [-121.28886, 47.508361], [-121.288802, 47.508418], [-121.288748, 47.508477], [-121.288698, 47.508537], [-121.288654, 47.508597], [-121.288615, 47.508659], [-121.288582, 47.508721], [-121.288554, 47.508785], [-121.288532, 47.50885], [-121.288514, 47.508917], [-121.2885, 47.508984], [-121.288489, 47.509052], [-121.288482, 47.509121], [-121.288477, 47.50919], [-121.288474, 47.50926], [-121.288473, 47.50933], [-121.288473, 47.509401], [-121.288474, 47.509471], [-121.288475, 47.509505], [-121.288475, 47.50954], [-121.288476, 47.50961], [-121.288476, 47.509659], [-121.288477, 47.509679], [-121.288476, 47.509747], [-121.288476, 47.509816], [-121.288475, 47.509886], [-121.288475, 47.509956], [-121.288477, 47.510026], [-121.288479, 47.510095], [-121.288484, 47.510165], [-121.288491, 47.510234], [-121.2885, 47.510303], [-121.288513, 47.51037], [-121.288529, 47.510437], [-121.288549, 47.510503], [-121.288573, 47.510568], [-121.288605, 47.510631], [-121.288647, 47.510692], [-121.288699, 47.510752], [-121.288757, 47.51081], [-121.28882, 47.510867], [-121.288888, 47.510921], [-121.288958, 47.510972], [-121.289028, 47.511021], [-121.289102, 47.511065], [-121.289186, 47.511102], [-121.289275, 47.511135], [-121.289287, 47.511139], [-121.289369, 47.511166], [-121.289462, 47.511196], [-121.28955, 47.511227], [-121.289641, 47.511261], [-121.28973, 47.511294], [-121.289821, 47.511325], [-121.289912, 47.511354], [-121.290005, 47.51138], [-121.290101, 47.5114], [-121.290201, 47.511414], [-121.290301, 47.511423], [-121.290403, 47.511435], [-121.2905, 47.511451], [-121.290596, 47.511473], [-121.290691, 47.511497], [-121.290785, 47.511522], [-121.290878, 47.511549], [-121.290969, 47.511578], [-121.29106, 47.511609], [-121.29115, 47.511644], [-121.291234, 47.511683], [-121.291306, 47.511731], [-121.291363, 47.511786], [-121.291416, 47.511845], [-121.291461, 47.511905], [-121.291505, 47.511968], [-121.291545, 47.512029], [-121.291568, 47.512064], [-121.291588, 47.512095], [-121.291629, 47.512157], [-121.29166, 47.512205], [-121.291671, 47.512222], [-121.291708, 47.512285], [-121.291742, 47.512349], [-121.29177, 47.512415], [-121.291791, 47.512481], [-121.291806, 47.512549], [-121.291815, 47.512616], [-121.291816, 47.512635], [-121.291821, 47.512686], [-121.291823, 47.512725], [-121.291825, 47.512754], [-121.291831, 47.512823], [-121.29184, 47.512892], [-121.291853, 47.512961], [-121.291876, 47.513036], [-121.291904, 47.513114], [-121.291932, 47.51319], [-121.29194, 47.51321], [-121.291962, 47.513271], [-121.291984, 47.513344], [-121.291998, 47.513412], [-121.292, 47.51347], [-121.291986, 47.513518], [-121.29195, 47.513551], [-121.291883, 47.513561], [-121.291789, 47.513552], [-121.291677, 47.513531], [-121.291556, 47.513504], [-121.291437, 47.513478], [-121.291326, 47.513461], [-121.291225, 47.513453], [-121.291124, 47.513448], [-121.291023, 47.513444], [-121.290922, 47.513441], [-121.290821, 47.513437], [-121.29072, 47.513433], [-121.290619, 47.513427], [-121.290518, 47.513422], [-121.290417, 47.513416], [-121.290317, 47.51341], [-121.290216, 47.513404], [-121.290115, 47.513399], [-121.290014, 47.513393], [-121.289914, 47.513387], [-121.289813, 47.51338], [-121.289712, 47.513373], [-121.289612, 47.513365], [-121.289512, 47.513356], [-121.289411, 47.513346], [-121.289312, 47.513336], [-121.289212, 47.513325], [-121.289111, 47.513315], [-121.289011, 47.513306], [-121.288911, 47.513297], [-121.288811, 47.513289], [-121.28871, 47.513279], [-121.288611, 47.513269], [-121.288511, 47.513257], [-121.288411, 47.513245], [-121.288312, 47.513232], [-121.288213, 47.513219], [-121.288113, 47.513205], [-121.288015, 47.51319], [-121.287916, 47.513173], [-121.287817, 47.513157], [-121.287718, 47.513144], [-121.287618, 47.513136], [-121.287518, 47.513134], [-121.287416, 47.513137], [-121.287315, 47.513143], [-121.287214, 47.513148], [-121.287113, 47.513153], [-121.287012, 47.513158], [-121.28691, 47.513163], [-121.286809, 47.51317], [-121.286709, 47.513178], [-121.286609, 47.513188], [-121.28651, 47.513201], [-121.286412, 47.513216], [-121.286313, 47.513233], [-121.286214, 47.513252], [-121.286118, 47.513273], [-121.286022, 47.513297], [-121.285929, 47.513323], [-121.285839, 47.513352], [-121.285753, 47.513387], [-121.28567, 47.513427], [-121.285589, 47.513469], [-121.285511, 47.513513], [-121.285432, 47.513557], [-121.285357, 47.513603], [-121.285285, 47.513651], [-121.285215, 47.513701], [-121.285145, 47.51375], [-121.285075, 47.5138], [-121.285006, 47.51385], [-121.284938, 47.5139], [-121.284869, 47.513951], [-121.284801, 47.514001], [-121.284733, 47.514052], [-121.284666, 47.514103], [-121.284599, 47.514155], [-121.284532, 47.514206], [-121.284465, 47.514257], [-121.284398, 47.514309], [-121.28433, 47.514359], [-121.284262, 47.51441], [-121.284194, 47.514462], [-121.284127, 47.514513], [-121.284057, 47.514563], [-121.283984, 47.514611], [-121.283907, 47.514654], [-121.283821, 47.51469], [-121.283729, 47.514723], [-121.283636, 47.514754], [-121.283546, 47.514787], [-121.283463, 47.514823], [-121.283391, 47.514869], [-121.283328, 47.514931], [-121.283285, 47.514999], [-121.283276, 47.515062], [-121.283317, 47.515115], [-121.283394, 47.515163], [-121.28348, 47.515211], [-121.283553, 47.515261], [-121.283623, 47.515312], [-121.283692, 47.515362], [-121.28376, 47.515413], [-121.283825, 47.515466], [-121.283885, 47.515521], [-121.283937, 47.515579], [-121.283981, 47.515642], [-121.284021, 47.515707], [-121.284061, 47.515772], [-121.284105, 47.515833], [-121.284158, 47.515889], [-121.284228, 47.515936], [-121.284322, 47.515969], [-121.284425, 47.515987], [-121.284522, 47.515988], [-121.28462, 47.515971], [-121.284718, 47.515947], [-121.284817, 47.515929], [-121.284923, 47.515923], [-121.285037, 47.51592], [-121.285137, 47.515931], [-121.285204, 47.515968], [-121.28525, 47.516022], [-121.285284, 47.516086], [-121.285311, 47.516156], [-121.285333, 47.516228], [-121.285357, 47.516299], [-121.285383, 47.516365], [-121.285388, 47.516377], [-121.285412, 47.516432], [-121.285436, 47.516484], [-121.285443, 47.516499], [-121.285472, 47.516564], [-121.285501, 47.516633], [-121.285526, 47.5167], [-121.285547, 47.516767], [-121.285561, 47.516833], [-121.285569, 47.516899], [-121.285561, 47.516966], [-121.285534, 47.517034], [-121.285491, 47.5171], [-121.285438, 47.51716], [-121.285377, 47.517213], [-121.285306, 47.517261], [-121.285225, 47.517306], [-121.285146, 47.517347], [-121.285063, 47.517389], [-121.284985, 47.517433], [-121.284912, 47.517481], [-121.28485, 47.517534], [-121.284797, 47.517592], [-121.284749, 47.517652], [-121.284706, 47.517714], [-121.284691, 47.517737], [-121.284675, 47.517759], [-121.284612, 47.517843], [-121.284577, 47.517891], [-121.284567, 47.517904], [-121.284521, 47.517965], [-121.284475, 47.518026], [-121.284428, 47.518086], [-121.284377, 47.518146], [-121.28432, 47.518203], [-121.284264, 47.51826], [-121.284206, 47.518316], [-121.284147, 47.518371], [-121.284081, 47.518425], [-121.284017, 47.518476], [-121.283955, 47.518531], [-121.283896, 47.518583], [-121.283832, 47.518639], [-121.28377, 47.518694], [-121.283739, 47.518719], [-121.283706, 47.518747], [-121.283639, 47.518798], [-121.283572, 47.518849], [-121.283519, 47.518908], [-121.283477, 47.51897], [-121.283443, 47.519035], [-121.283412, 47.519099], [-121.283373, 47.519163], [-121.283324, 47.519223], [-121.283268, 47.519281], [-121.283203, 47.519333], [-121.283125, 47.519376], [-121.283039, 47.519413], [-121.28295, 47.519446], [-121.282854, 47.519468], [-121.282757, 47.519487], [-121.282658, 47.519503], [-121.282559, 47.519517], [-121.28246, 47.519529], [-121.282359, 47.519539], [-121.28226, 47.519552], [-121.282161, 47.519569], [-121.282069, 47.519596], [-121.281983, 47.519634], [-121.281908, 47.519679], [-121.281856, 47.519738], [-121.281808, 47.519799], [-121.281734, 47.519844], [-121.281655, 47.519886], [-121.281572, 47.519926], [-121.281488, 47.519965], [-121.281404, 47.520004], [-121.281321, 47.520044], [-121.281298, 47.520054], [-121.281211, 47.520093], [-121.28113, 47.520132], [-121.281051, 47.520174], [-121.280978, 47.520219], [-121.280911, 47.520266], [-121.280858, 47.520321], [-121.280819, 47.520384], [-121.280792, 47.52045], [-121.280768, 47.520519], [-121.280748, 47.520576], [-121.280744, 47.520589], [-121.280713, 47.520655], [-121.280676, 47.520719], [-121.280639, 47.520783], [-121.280601, 47.520847], [-121.280562, 47.52091], [-121.280522, 47.520973], [-121.280479, 47.521035], [-121.280434, 47.521096], [-121.280386, 47.521155], [-121.280332, 47.521214], [-121.280276, 47.521271], [-121.280217, 47.521327], [-121.280207, 47.521337], [-121.280158, 47.521383], [-121.280099, 47.521439], [-121.280041, 47.521495], [-121.28001, 47.521526], [-121.279983, 47.521552], [-121.279925, 47.521608], [-121.279913, 47.521619], [-121.279866, 47.521663], [-121.279809, 47.52172], [-121.279751, 47.521776], [-121.279696, 47.521834], [-121.279679, 47.52185], [-121.279639, 47.521891], [-121.279606, 47.521922], [-121.279579, 47.521948], [-121.279521, 47.522005], [-121.279467, 47.522063], [-121.279418, 47.522123], [-121.279379, 47.522185], [-121.279353, 47.52225], [-121.279338, 47.522318], [-121.279332, 47.522392], [-121.279328, 47.522459], [-121.279324, 47.52253], [-121.279316, 47.522597], [-121.279297, 47.522664], [-121.279265, 47.522726], [-121.279217, 47.522787], [-121.279154, 47.522844], [-121.27908, 47.522897], [-121.278999, 47.522941], [-121.278914, 47.522976], [-121.278824, 47.522996], [-121.278721, 47.523003], [-121.278621, 47.523002], [-121.278578, 47.523], [-121.278516, 47.522998], [-121.278412, 47.522997], [-121.27831, 47.523002], [-121.278209, 47.52301], [-121.278103, 47.523018], [-121.278008, 47.523026], [-121.277907, 47.523034], [-121.277809, 47.52304], [-121.277705, 47.523045], [-121.277605, 47.523046], [-121.277503, 47.523045], [-121.277402, 47.523041], [-121.277301, 47.523036], [-121.2772, 47.523029], [-121.277099, 47.523019], [-121.277, 47.523008], [-121.276901, 47.522994], [-121.276803, 47.522978], [-121.276705, 47.522959], [-121.276608, 47.52294], [-121.276584, 47.522935], [-121.276511, 47.522921], [-121.276457, 47.522911], [-121.276413, 47.522903], [-121.276315, 47.522884], [-121.276218, 47.522863], [-121.27612, 47.522841], [-121.276019, 47.522817], [-121.275925, 47.522797], [-121.275828, 47.522777], [-121.275731, 47.522761], [-121.275631, 47.522748], [-121.275533, 47.52274], [-121.275432, 47.522738], [-121.275333, 47.522738], [-121.275233, 47.52274], [-121.275132, 47.522744], [-121.275032, 47.522749], [-121.274932, 47.522756], [-121.274835, 47.522763], [-121.27482, 47.522765], [-121.274731, 47.522772], [-121.27463, 47.522781], [-121.274542, 47.52279], [-121.274529, 47.522791], [-121.274428, 47.522801], [-121.274327, 47.52281], [-121.274226, 47.52282], [-121.274125, 47.522829], [-121.274024, 47.522838], [-121.273923, 47.522846], [-121.273822, 47.522852], [-121.273721, 47.522858], [-121.27362, 47.522861], [-121.273519, 47.522862], [-121.273418, 47.522862], [-121.273314, 47.522862], [-121.273215, 47.522861], [-121.273114, 47.522861], [-121.27301, 47.522863], [-121.272912, 47.522867], [-121.27281, 47.522872], [-121.272727, 47.522876], [-121.272707, 47.522877], [-121.272607, 47.522883], [-121.272506, 47.522891], [-121.272444, 47.522898], [-121.272406, 47.522902], [-121.272307, 47.522916], [-121.272211, 47.522934], [-121.272119, 47.522961], [-121.272032, 47.522995], [-121.271946, 47.523033], [-121.271862, 47.52307], [-121.271772, 47.523105], [-121.271682, 47.523136], [-121.271592, 47.523168], [-121.271501, 47.523199], [-121.27141, 47.523229], [-121.271318, 47.523256], [-121.271224, 47.523282], [-121.271129, 47.523306], [-121.271034, 47.523328], [-121.270937, 47.523349], [-121.27084, 47.523369], [-121.270743, 47.523388], [-121.270646, 47.523407], [-121.270549, 47.523427], [-121.270456, 47.523447], [-121.270356, 47.523469], [-121.27026, 47.523491], [-121.270164, 47.523512], [-121.270066, 47.523531], [-121.269968, 47.523547], [-121.269869, 47.523561], [-121.269769, 47.523575], [-121.269669, 47.523588], [-121.269569, 47.523601], [-121.269468, 47.523612], [-121.269367, 47.523621], [-121.269267, 47.523628], [-121.269167, 47.523631], [-121.269067, 47.523631], [-121.268967, 47.523626], [-121.268867, 47.523615], [-121.268768, 47.523601], [-121.268668, 47.523584], [-121.26857, 47.523564], [-121.268472, 47.523544], [-121.268377, 47.523522], [-121.268287, 47.523488], [-121.268199, 47.52345], [-121.268107, 47.523425], [-121.268009, 47.523418], [-121.26791, 47.523415], [-121.267808, 47.523416], [-121.267707, 47.523419], [-121.267605, 47.523424], [-121.267502, 47.52343], [-121.267401, 47.523436], [-121.267299, 47.523442], [-121.267199, 47.523449], [-121.267098, 47.523457], [-121.266998, 47.523467], [-121.266898, 47.523477], [-121.266798, 47.523486], [-121.266697, 47.523494], [-121.266596, 47.523499], [-121.266495, 47.523503], [-121.266394, 47.523505], [-121.266292, 47.523505], [-121.266191, 47.523503], [-121.266091, 47.523499], [-121.26599, 47.523492], [-121.265889, 47.523483], [-121.265789, 47.523474], [-121.265688, 47.523467], [-121.265588, 47.523461], [-121.265487, 47.523456], [-121.265386, 47.523452], [-121.265285, 47.523449], [-121.265184, 47.523446], [-121.265083, 47.523443], [-121.264981, 47.523441], [-121.26488, 47.523438], [-121.264779, 47.523437], [-121.264678, 47.523435], [-121.264577, 47.523434], [-121.264476, 47.523433], [-121.264375, 47.523433], [-121.264273, 47.523432], [-121.264172, 47.523431], [-121.264071, 47.52343], [-121.26397, 47.523428], [-121.263868, 47.523426], [-121.263767, 47.523423], [-121.263666, 47.523421], [-121.263565, 47.52342], [-121.263463, 47.523421], [-121.263363, 47.523424], [-121.263263, 47.523431], [-121.263162, 47.52344], [-121.263062, 47.523453], [-121.262963, 47.523467], [-121.262864, 47.523482], [-121.262765, 47.523498], [-121.262666, 47.523514], [-121.262567, 47.523531], [-121.26247, 47.523551], [-121.262375, 47.523574], [-121.262284, 47.523602], [-121.262195, 47.523634], [-121.262105, 47.523669], [-121.262019, 47.523707], [-121.261937, 47.523749], [-121.26186, 47.523793], [-121.261791, 47.523841], [-121.261732, 47.523896], [-121.261681, 47.523955], [-121.261675, 47.523962], [-121.261635, 47.524017], [-121.261589, 47.524079], [-121.26154, 47.524139], [-121.261483, 47.524196], [-121.261417, 47.524248], [-121.261346, 47.524296], [-121.261322, 47.524311], [-121.261271, 47.524343], [-121.261244, 47.524359], [-121.261195, 47.524389], [-121.261119, 47.524436], [-121.261049, 47.524484], [-121.260972, 47.524532], [-121.260897, 47.524578], [-121.260822, 47.524629], [-121.26076, 47.524682], [-121.260715, 47.52474], [-121.260682, 47.524803], [-121.260655, 47.524869], [-121.260633, 47.524937], [-121.260615, 47.525006], [-121.260603, 47.525075], [-121.260594, 47.525145], [-121.26059, 47.525214], [-121.260589, 47.525282], [-121.260597, 47.52535], [-121.260614, 47.525418], [-121.260637, 47.525485], [-121.260662, 47.525553], [-121.260686, 47.525621], [-121.260707, 47.525688], [-121.26072, 47.525756], [-121.260723, 47.525823], [-121.260707, 47.525889], [-121.260677, 47.525955], [-121.26064, 47.526021], [-121.260605, 47.526086], [-121.26058, 47.526153], [-121.260574, 47.526221], [-121.260586, 47.526291], [-121.260609, 47.526364], [-121.260634, 47.526437], [-121.260656, 47.526507], [-121.260666, 47.526574], [-121.260657, 47.526636], [-121.260622, 47.52669], [-121.260562, 47.526739], [-121.260482, 47.526782], [-121.260391, 47.526822], [-121.260292, 47.526856], [-121.260193, 47.526887], [-121.260098, 47.526913], [-121.259999, 47.526923], [-121.259893, 47.526918], [-121.259788, 47.526912], [-121.259692, 47.526923], [-121.259606, 47.526955], [-121.259524, 47.527], [-121.259451, 47.527053], [-121.259393, 47.52711], [-121.259371, 47.527173], [-121.259397, 47.527249], [-121.259403, 47.527317], [-121.259341, 47.527363], [-121.259267, 47.527405], [-121.259188, 47.527444], [-121.259103, 47.527482], [-121.259015, 47.527518], [-121.258925, 47.527554], [-121.258834, 47.52759], [-121.258746, 47.527627], [-121.258658, 47.527666], [-121.258576, 47.527706], [-121.258499, 47.52775], [-121.258427, 47.527798], [-121.258359, 47.527852], [-121.258298, 47.527909], [-121.258246, 47.52797], [-121.258206, 47.528032], [-121.258178, 47.528096], [-121.258168, 47.528164], [-121.25817, 47.528235], [-121.258177, 47.528306], [-121.258179, 47.528343], [-121.258182, 47.528378], [-121.25818, 47.528447], [-121.258164, 47.528512], [-121.258128, 47.528572], [-121.258078, 47.528629], [-121.258016, 47.528684], [-121.257946, 47.528735], [-121.25787, 47.528784], [-121.25779, 47.528831], [-121.257709, 47.528875], [-121.257628, 47.528916], [-121.257537, 47.52895], [-121.257438, 47.528978], [-121.257337, 47.529004], [-121.257237, 47.52903], [-121.257146, 47.52906], [-121.257067, 47.529097], [-121.257006, 47.529143], [-121.256961, 47.529199], [-121.256924, 47.529263], [-121.256897, 47.529332], [-121.256877, 47.529404], [-121.256866, 47.529477], [-121.256863, 47.52955], [-121.256866, 47.529619], [-121.256878, 47.529683], [-121.256928, 47.529738], [-121.257005, 47.529789], [-121.257083, 47.529841], [-121.257138, 47.529898], [-121.257162, 47.529962], [-121.257178, 47.530029], [-121.257186, 47.530097], [-121.25719, 47.530167], [-121.257192, 47.530239], [-121.257192, 47.530307], [-121.257194, 47.530376], [-121.257197, 47.530442], [-121.257198, 47.530513], [-121.257197, 47.530582], [-121.257196, 47.53065], [-121.257195, 47.530687], [-121.257194, 47.530719], [-121.257193, 47.530787], [-121.257192, 47.530839], [-121.257191, 47.530857], [-121.257192, 47.530924], [-121.257195, 47.530993], [-121.257201, 47.531062], [-121.257208, 47.531132], [-121.257215, 47.531201], [-121.257219, 47.53127], [-121.257221, 47.531339], [-121.257218, 47.531407], [-121.25721, 47.531474], [-121.257195, 47.531541], [-121.257172, 47.531607], [-121.257144, 47.531673], [-121.25711, 47.531738], [-121.257071, 47.531803], [-121.257028, 47.531866], [-121.256981, 47.531928], [-121.256931, 47.531988], [-121.256877, 47.532045], [-121.256819, 47.5321], [-121.256752, 47.532151], [-121.256682, 47.532201], [-121.25661, 47.532249], [-121.256588, 47.532263], [-121.256536, 47.532298], [-121.256463, 47.532347], [-121.256394, 47.532397], [-121.256329, 47.532449], [-121.256269, 47.532505], [-121.256212, 47.532562], [-121.256159, 47.532621], [-121.256109, 47.532681], [-121.256065, 47.532743], [-121.256026, 47.532806], [-121.255997, 47.532871], [-121.255983, 47.53294], [-121.255978, 47.533011], [-121.255974, 47.533081], [-121.255961, 47.53315], [-121.255933, 47.533213], [-121.255912, 47.533238], [-121.255884, 47.53327], [-121.255827, 47.533325], [-121.255762, 47.533377], [-121.255691, 47.533428], [-121.255616, 47.533476], [-121.255538, 47.533523], [-121.255459, 47.533568], [-121.255381, 47.533612], [-121.255303, 47.533657], [-121.255222, 47.533701], [-121.255139, 47.533745], [-121.255055, 47.533788], [-121.254969, 47.533827], [-121.254795, 47.533897], [-121.254695, 47.533909], [-121.254594, 47.533919], [-121.254493, 47.533927], [-121.254392, 47.533928], [-121.254309, 47.533891], [-121.254243, 47.533838], [-121.254185, 47.533782], [-121.254135, 47.533735], [-121.254125, 47.533726], [-121.254057, 47.533676], [-121.253982, 47.53363], [-121.253906, 47.533584], [-121.253832, 47.533538], [-121.253762, 47.533488], [-121.2537, 47.533434], [-121.253638, 47.533379], [-121.253564, 47.533335], [-121.253485, 47.533306], [-121.253383, 47.533271], [-121.253293, 47.533236], [-121.253283, 47.533232], [-121.253205, 47.533204], [-121.253112, 47.533178], [-121.25302, 47.533151], [-121.252935, 47.533112], [-121.252862, 47.533065], [-121.252792, 47.533015], [-121.252719, 47.532947], [-121.252644, 47.532878], [-121.252607, 47.532816], [-121.252588, 47.532747], [-121.252573, 47.532677], [-121.252563, 47.532609], [-121.252558, 47.532539], [-121.252549, 47.532471], [-121.252525, 47.532406], [-121.252481, 47.532344], [-121.252423, 47.532286], [-121.252355, 47.532235], [-121.252279, 47.532189], [-121.252195, 47.53215], [-121.252106, 47.532117], [-121.252012, 47.532093], [-121.251913, 47.532075], [-121.251812, 47.532063], [-121.25171, 47.532052], [-121.2516, 47.532045], [-121.25151, 47.532064], [-121.251392, 47.532098], [-121.251308, 47.532137], [-121.251236, 47.532185], [-121.251166, 47.532234], [-121.251096, 47.532284], [-121.251051, 47.532345], [-121.251018, 47.532381], [-121.250982, 47.532399], [-121.250923, 47.532454], [-121.250871, 47.532514], [-121.250809, 47.532568], [-121.250748, 47.532623], [-121.2507, 47.532684], [-121.250656, 47.532745], [-121.250591, 47.532797], [-121.25052, 47.532845], [-121.250446, 47.532894], [-121.250375, 47.532942], [-121.250314, 47.532997], [-121.25026, 47.533055], [-121.250202, 47.533111], [-121.25014, 47.533165], [-121.250053, 47.533229], [-121.25, 47.533264], [-121.249924, 47.533309], [-121.249898, 47.533323], [-121.249845, 47.533352], [-121.249827, 47.533361], [-121.249765, 47.533394], [-121.249687, 47.533438], [-121.24961, 47.533483], [-121.249534, 47.533528], [-121.249455, 47.53357], [-121.24937, 47.533608], [-121.249288, 47.533647], [-121.249208, 47.53369], [-121.24913, 47.533734], [-121.249053, 47.533778], [-121.248976, 47.533823], [-121.248898, 47.533866], [-121.248819, 47.533909], [-121.248738, 47.53395], [-121.248655, 47.533991], [-121.24857, 47.534029], [-121.248482, 47.534062], [-121.248391, 47.534089], [-121.248293, 47.53411], [-121.248194, 47.534125], [-121.248094, 47.534135], [-121.247992, 47.534135], [-121.247891, 47.534133], [-121.247789, 47.53413], [-121.247689, 47.534137], [-121.247592, 47.53416], [-121.247513, 47.534201], [-121.247449, 47.534255], [-121.247396, 47.534315], [-121.247356, 47.534377], [-121.247329, 47.534443], [-121.247301, 47.53451], [-121.247271, 47.534575], [-121.247223, 47.534635], [-121.247171, 47.534694], [-121.247134, 47.534759], [-121.247091, 47.534819], [-121.247004, 47.534855], [-121.246919, 47.534892], [-121.246864, 47.534949], [-121.246821, 47.535013], [-121.246671, 47.535188], [-121.246623, 47.535227], [-121.246554, 47.535277], [-121.24648, 47.535324], [-121.246404, 47.53537], [-121.246324, 47.535413], [-121.246242, 47.535454], [-121.246158, 47.535493], [-121.246074, 47.53553], [-121.245986, 47.535567], [-121.245898, 47.535603], [-121.245808, 47.535638], [-121.245717, 47.535669], [-121.245624, 47.535697], [-121.24553, 47.535721], [-121.245435, 47.535739], [-121.245338, 47.535751], [-121.245239, 47.535755], [-121.245136, 47.535753], [-121.245034, 47.535748], [-121.24493, 47.535739], [-121.244828, 47.535729], [-121.244728, 47.535718], [-121.244627, 47.535703], [-121.244526, 47.535682], [-121.244425, 47.535659], [-121.244323, 47.535635], [-121.244223, 47.535613], [-121.244124, 47.535596], [-121.244028, 47.535585], [-121.243932, 47.535583], [-121.24384, 47.535592], [-121.243787, 47.535604], [-121.24345, 47.535769], [-121.243365, 47.535807], [-121.24327, 47.535829], [-121.24317, 47.535839], [-121.243069, 47.535848], [-121.242969, 47.535858], [-121.242871, 47.535875], [-121.242777, 47.5359], [-121.242691, 47.535939], [-121.242636, 47.535995], [-121.242608, 47.536065], [-121.242627, 47.536128], [-121.24268, 47.536186], [-121.242751, 47.536243], [-121.242822, 47.536287], [-121.242912, 47.53632], [-121.242962, 47.536378], [-121.243005, 47.536442], [-121.24305, 47.536488], [-121.243061, 47.536499], [-121.243108, 47.536559], [-121.243141, 47.536624], [-121.243171, 47.53669], [-121.243198, 47.536756], [-121.243223, 47.536823], [-121.243244, 47.53689], [-121.243238, 47.536959], [-121.24319, 47.537018], [-121.243127, 47.537073], [-121.243058, 47.537124], [-121.242977, 47.537164], [-121.242904, 47.537211], [-121.242844, 47.537267], [-121.242774, 47.537316], [-121.242704, 47.537365], [-121.242686, 47.537432], [-121.242679, 47.537501], [-121.242678, 47.53757], [-121.242679, 47.537639], [-121.242718, 47.537701], [-121.242764, 47.537763], [-121.242813, 47.537823], [-121.242865, 47.537883], [-121.24292, 47.53794], [-121.243021, 47.537995], [-121.243032, 47.53802], [-121.243057, 47.538099], [-121.243073, 47.53818], [-121.243074, 47.538252], [-121.243053, 47.53831], [-121.243007, 47.538345], [-121.242929, 47.538355], [-121.24283, 47.538348], [-121.242716, 47.538333], [-121.242598, 47.538318], [-121.242486, 47.538311], [-121.242384, 47.538318], [-121.242281, 47.53833], [-121.242176, 47.538345], [-121.242073, 47.538363], [-121.241973, 47.538386], [-121.241882, 47.538414], [-121.241801, 47.53845], [-121.241732, 47.538494], [-121.241667, 47.538547], [-121.241607, 47.538608], [-121.241555, 47.538674], [-121.241514, 47.538742], [-121.241485, 47.538811], [-121.241471, 47.538877], [-121.241475, 47.53894], [-121.241495, 47.539002], [-121.24153, 47.539064], [-121.241576, 47.539126], [-121.24163, 47.539188], [-121.24169, 47.539249], [-121.241752, 47.539308], [-121.241814, 47.539366], [-121.241875, 47.539421], [-121.24194, 47.539472], [-121.242012, 47.539521], [-121.242088, 47.539567], [-121.242111, 47.539581], [-121.242164, 47.539613], [-121.242239, 47.53966], [-121.242311, 47.539709], [-121.242377, 47.53976], [-121.242437, 47.539815], [-121.242494, 47.539871], [-121.242548, 47.539929], [-121.242601, 47.539988], [-121.242654, 47.540047], [-121.242707, 47.540105], [-121.242763, 47.540163], [-121.242822, 47.540218], [-121.24289, 47.54027], [-121.242961, 47.540321], [-121.243027, 47.540374], [-121.24308, 47.54043], [-121.243119, 47.540492], [-121.24315, 47.540558], [-121.243175, 47.540625], [-121.243194, 47.540694], [-121.243208, 47.540762], [-121.243212, 47.540785], [-121.243146, 47.540912], [-121.243118, 47.540978], [-121.243106, 47.541044], [-121.243136, 47.541111], [-121.243168, 47.541176], [-121.243205, 47.54124], [-121.243241, 47.541304], [-121.243269, 47.54137], [-121.243287, 47.541437], [-121.243304, 47.541505], [-121.243346, 47.541568], [-121.243375, 47.541632], [-121.243358, 47.541701], [-121.243335, 47.541767], [-121.243311, 47.541834], [-121.24329, 47.541901], [-121.243281, 47.54197], [-121.24325, 47.542034], [-121.243204, 47.542096], [-121.243163, 47.542158], [-121.243141, 47.542225], [-121.243127, 47.542293], [-121.243086, 47.542505], [-121.243122, 47.542539], [-121.243192, 47.542592], [-121.243258, 47.542646], [-121.243312, 47.542705], [-121.243369, 47.542772], [-121.243423, 47.542841], [-121.24346, 47.542906], [-121.243467, 47.542963], [-121.243425, 47.543007], [-121.243338, 47.543041], [-121.243228, 47.543068], [-121.243118, 47.54309], [-121.243048, 47.543106], [-121.243019, 47.543112], [-121.242925, 47.543132], [-121.242827, 47.543152], [-121.242729, 47.543169], [-121.242629, 47.543185], [-121.24253, 47.543198], [-121.242431, 47.543208], [-121.24233, 47.54321], [-121.242229, 47.543199], [-121.242127, 47.543182], [-121.242026, 47.543171], [-121.241928, 47.543174], [-121.241832, 47.54319], [-121.241734, 47.543211], [-121.241639, 47.543238], [-121.241546, 47.54327], [-121.241458, 47.543306], [-121.241376, 47.543346], [-121.241302, 47.54339], [-121.241235, 47.543441], [-121.241174, 47.543495], [-121.241115, 47.543552], [-121.241056, 47.543609], [-121.240995, 47.543665], [-121.24093, 47.543718], [-121.240863, 47.543771], [-121.240796, 47.543823], [-121.240726, 47.543873], [-121.240651, 47.543919], [-121.240571, 47.543958], [-121.240482, 47.54399], [-121.240387, 47.544017], [-121.240289, 47.544038], [-121.24019, 47.544056], [-121.240092, 47.544066], [-121.239991, 47.544069], [-121.239887, 47.544068], [-121.239787, 47.54407], [-121.239686, 47.544077], [-121.239588, 47.544083], [-121.239575, 47.544084], [-121.239484, 47.544089], [-121.239383, 47.544097], [-121.239285, 47.544105], [-121.239182, 47.544115], [-121.239082, 47.544127], [-121.238984, 47.544141], [-121.238887, 47.544159], [-121.23879, 47.544181], [-121.238695, 47.544205], [-121.238601, 47.544231], [-121.238508, 47.54426], [-121.238416, 47.544293], [-121.238332, 47.544332], [-121.238287, 47.544355], [-121.238247, 47.544376], [-121.238163, 47.544416], [-121.238076, 47.544446], [-121.237986, 47.544459], [-121.237886, 47.544444], [-121.237793, 47.544416], [-121.237712, 47.544389], [-121.237696, 47.544384], [-121.237604, 47.544354], [-121.237513, 47.544319], [-121.237423, 47.544285], [-121.23733, 47.54426], [-121.237234, 47.544251], [-121.237134, 47.544252], [-121.237033, 47.544258], [-121.23693, 47.544269], [-121.236829, 47.544285], [-121.236731, 47.544303], [-121.236635, 47.544323], [-121.236541, 47.544349], [-121.236451, 47.544377], [-121.236358, 47.544408], [-121.236267, 47.544439], [-121.236176, 47.544469], [-121.236082, 47.544496], [-121.235984, 47.544519], [-121.235878, 47.544539], [-121.235777, 47.544557], [-121.235674, 47.544575], [-121.235574, 47.544596], [-121.23548, 47.544619], [-121.235394, 47.544649], [-121.235319, 47.544685], [-121.235262, 47.544732], [-121.23523, 47.544793], [-121.235213, 47.544862], [-121.235202, 47.544937], [-121.235186, 47.545011], [-121.235158, 47.545078], [-121.23511, 47.545138], [-121.235052, 47.545194], [-121.234988, 47.545249], [-121.23492, 47.545302], [-121.234896, 47.54532], [-121.234851, 47.545355], [-121.234795, 47.545399], [-121.234783, 47.545408], [-121.234721, 47.545462], [-121.234666, 47.545518], [-121.234621, 47.545578], [-121.234588, 47.54564], [-121.234565, 47.545705], [-121.23455, 47.545772], [-121.23454, 47.54584], [-121.234534, 47.545909], [-121.234531, 47.545977], [-121.234528, 47.546049], [-121.234523, 47.546119], [-121.234515, 47.546189], [-121.234501, 47.546257], [-121.234479, 47.546324], [-121.234449, 47.546392], [-121.234445, 47.546401], [-121.234414, 47.54646], [-121.234379, 47.546527], [-121.234349, 47.546593], [-121.234328, 47.54666], [-121.234319, 47.546725], [-121.23433, 47.546788], [-121.234363, 47.546849], [-121.234415, 47.546908], [-121.234477, 47.546966], [-121.234544, 47.547023], [-121.234606, 47.547077], [-121.234669, 47.547134], [-121.234735, 47.547186], [-121.234804, 47.547237], [-121.234874, 47.547288], [-121.234941, 47.54734], [-121.235002, 47.547395], [-121.235053, 47.547453], [-121.235101, 47.547514], [-121.235152, 47.547578], [-121.235205, 47.547643], [-121.235259, 47.547711], [-121.235314, 47.547778], [-121.235369, 47.547847], [-121.235422, 47.547915], [-121.235473, 47.547984], [-121.235521, 47.548051], [-121.235565, 47.548118], [-121.235578, 47.54814], [-121.235604, 47.548183], [-121.235638, 47.548246], [-121.235664, 47.548308], [-121.235683, 47.548366], [-121.235694, 47.548422], [-121.235695, 47.548474], [-121.235682, 47.548521], [-121.235635, 47.548555], [-121.235555, 47.548576], [-121.23545, 47.54859], [-121.235331, 47.548598], [-121.235203, 47.548607], [-121.235077, 47.548618], [-121.234961, 47.548636], [-121.234932, 47.548646], [-121.234793, 47.548741], [-121.234728, 47.548793], [-121.234677, 47.548852], [-121.234641, 47.548916], [-121.234609, 47.548981], [-121.234581, 47.549049], [-121.234548, 47.549113], [-121.2345, 47.549172], [-121.234434, 47.549225], [-121.234358, 47.549272], [-121.234277, 47.549314], [-121.234194, 47.549351], [-121.234109, 47.549389], [-121.234029, 47.549431], [-121.233962, 47.549482], [-121.233905, 47.549539], [-121.233849, 47.549597], [-121.233794, 47.549654], [-121.233743, 47.549714], [-121.233699, 47.549775], [-121.233667, 47.54984], [-121.233641, 47.549906], [-121.233616, 47.54997], [-121.233592, 47.550039], [-121.233564, 47.550105], [-121.233533, 47.550171], [-121.233527, 47.550183], [-121.233502, 47.550236], [-121.233471, 47.550301], [-121.233444, 47.550364], [-121.233419, 47.550434], [-121.233394, 47.5505], [-121.233362, 47.550567], [-121.233359, 47.550633], [-121.233363, 47.550702], [-121.23337, 47.55077], [-121.23338, 47.550839], [-121.233392, 47.550907], [-121.233413, 47.550975], [-121.233439, 47.551041], [-121.233468, 47.551106], [-121.233497, 47.551169], [-121.233531, 47.551236], [-121.233568, 47.5513], [-121.233609, 47.551362], [-121.23366, 47.551422], [-121.233727, 47.551473], [-121.233796, 47.551523], [-121.233864, 47.551575], [-121.233927, 47.551629], [-121.233979, 47.551687], [-121.23403, 47.551747], [-121.234078, 47.551808], [-121.234121, 47.551871], [-121.23416, 47.551934], [-121.234188, 47.551998], [-121.23419, 47.552067], [-121.23412, 47.552478], [-121.234112, 47.55255], [-121.234097, 47.552617], [-121.234077, 47.552685], [-121.234054, 47.552752], [-121.234028, 47.55282], [-121.233999, 47.552891], [-121.233973, 47.552956], [-121.233948, 47.553024], [-121.233926, 47.55309], [-121.233907, 47.55316], [-121.233894, 47.553228], [-121.233887, 47.553297], [-121.233888, 47.553364], [-121.233895, 47.553433], [-121.233905, 47.5535], [-121.233919, 47.55357], [-121.233933, 47.553638], [-121.233947, 47.553707], [-121.233958, 47.553775], [-121.233965, 47.553843], [-121.233967, 47.553911], [-121.233957, 47.553979], [-121.233933, 47.554047], [-121.233903, 47.554115], [-121.233876, 47.554181], [-121.233857, 47.554248], [-121.233855, 47.554316], [-121.233868, 47.554382], [-121.233889, 47.554448], [-121.233914, 47.554513], [-121.233945, 47.554581], [-121.233976, 47.554647], [-121.234006, 47.554714], [-121.234032, 47.55478], [-121.234053, 47.554848], [-121.234065, 47.554915], [-121.234074, 47.554983], [-121.23408, 47.555051], [-121.234086, 47.55512], [-121.234089, 47.555188], [-121.234092, 47.555257], [-121.234093, 47.555326], [-121.234092, 47.555395], [-121.234091, 47.555463], [-121.234088, 47.555532], [-121.234085, 47.555601], [-121.234081, 47.55567], [-121.234076, 47.555738], [-121.234071, 47.555806], [-121.234065, 47.555875], [-121.234056, 47.555944], [-121.234045, 47.556012], [-121.234032, 47.556081], [-121.234015, 47.556149], [-121.233995, 47.556217], [-121.233971, 47.556283], [-121.233943, 47.556348], [-121.233821, 47.556428], [-121.233747, 47.556476], [-121.233678, 47.556525], [-121.233616, 47.556579], [-121.233562, 47.556637], [-121.23351, 47.556697], [-121.233453, 47.556753], [-121.233381, 47.5568], [-121.233295, 47.556836], [-121.233206, 47.55687], [-121.233118, 47.556905], [-121.23303, 47.556939], [-121.23294, 47.55697], [-121.232845, 47.556998], [-121.232757, 47.557028], [-121.232669, 47.557064], [-121.232584, 47.5571], [-121.2325, 47.55714], [-121.232426, 47.557185], [-121.232368, 47.557242], [-121.232317, 47.557301], [-121.232275, 47.557351], [-121.232224, 47.557425], [-121.232188, 47.557487], [-121.232155, 47.557552], [-121.232124, 47.557618], [-121.232096, 47.557684], [-121.232074, 47.55775], [-121.232055, 47.557817], [-121.23204, 47.557886], [-121.232033, 47.557954], [-121.23204, 47.558022], [-121.232053, 47.55809], [-121.23207, 47.558158], [-121.232088, 47.558227], [-121.232098, 47.558294], [-121.232102, 47.558362], [-121.232104, 47.558431], [-121.232104, 47.558499], [-121.232101, 47.558534], [-121.232098, 47.558569], [-121.232099, 47.558634], [-121.23212, 47.558703], [-121.232156, 47.558767], [-121.232199, 47.55883], [-121.23224, 47.558893], [-121.232272, 47.558958], [-121.232294, 47.559025], [-121.232295, 47.559092], [-121.232331, 47.55916], [-121.232353, 47.559227], [-121.232385, 47.559291], [-121.232427, 47.559354], [-121.232473, 47.559414], [-121.232486, 47.559428], [-121.232528, 47.559473], [-121.232583, 47.55953], [-121.232629, 47.559577], [-121.232639, 47.559588], [-121.232694, 47.559645], [-121.232746, 47.559704], [-121.232796, 47.559764], [-121.232848, 47.559824], [-121.232899, 47.559884], [-121.232945, 47.559946], [-121.232983, 47.560009], [-121.233011, 47.560073], [-121.233029, 47.56014], [-121.233035, 47.560197], [-121.233046, 47.560313], [-121.233058, 47.560376], [-121.23306, 47.560442], [-121.233053, 47.560508], [-121.233038, 47.560574], [-121.233017, 47.560643], [-121.232992, 47.560709], [-121.232962, 47.560776], [-121.232931, 47.56084], [-121.232897, 47.56091], [-121.232865, 47.560977], [-121.232834, 47.561044], [-121.232829, 47.561054], [-121.232806, 47.56111], [-121.232778, 47.561176], [-121.232748, 47.561241], [-121.232716, 47.561306], [-121.232682, 47.561371], [-121.232653, 47.561425], [-121.232648, 47.561435], [-121.232613, 47.5615], [-121.232579, 47.561565], [-121.232546, 47.56163], [-121.232524, 47.561674], [-121.232513, 47.561695], [-121.23248, 47.56176], [-121.232456, 47.561805], [-121.232444, 47.561828], [-121.23241, 47.561889], [-121.232374, 47.561953], [-121.232329, 47.56202], [-121.232327, 47.562028], [-121.232324, 47.562035], [-121.232293, 47.562078], [-121.232248, 47.562139], [-121.232226, 47.562168], [-121.232221, 47.562175], [-121.2322, 47.562202], [-121.232149, 47.562264], [-121.232092, 47.562322], [-121.232029, 47.562378], [-121.23196, 47.562425], [-121.231883, 47.562463], [-121.231794, 47.562491], [-121.231697, 47.562511], [-121.231597, 47.562527], [-121.231493, 47.562542], [-121.231393, 47.562559], [-121.231295, 47.562583], [-121.231201, 47.562608], [-121.231101, 47.562631], [-121.231001, 47.562654], [-121.230898, 47.562677], [-121.230798, 47.562701], [-121.2307, 47.562727], [-121.230606, 47.562756], [-121.230519, 47.562789], [-121.230438, 47.562826], [-121.230366, 47.562868], [-121.230304, 47.562917], [-121.230248, 47.562969], [-121.230196, 47.563025], [-121.230148, 47.563082], [-121.230104, 47.563142], [-121.230062, 47.563204], [-121.230022, 47.563268], [-121.229985, 47.563333], [-121.22995, 47.563399], [-121.229917, 47.563466], [-121.229884, 47.563534], [-121.229852, 47.563601], [-121.22982, 47.563669], [-121.229789, 47.563736], [-121.229784, 47.563746], [-121.229756, 47.563803], [-121.229723, 47.563869], [-121.229691, 47.56393], [-121.229657, 47.563999], [-121.22963, 47.564065], [-121.229607, 47.564132], [-121.229588, 47.564199], [-121.229569, 47.564267], [-121.229551, 47.564334], [-121.229536, 47.564402], [-121.229522, 47.56447], [-121.229509, 47.564538], [-121.229507, 47.564548], [-121.229497, 47.564606], [-121.229484, 47.564674], [-121.229471, 47.564734], [-121.229468, 47.564745], [-121.229452, 47.564809], [-121.229432, 47.564876], [-121.229417, 47.564929], [-121.229412, 47.564946], [-121.229392, 47.565013], [-121.229369, 47.565081], [-121.229343, 47.565147], [-121.229309, 47.565212], [-121.229268, 47.565274], [-121.229219, 47.565332], [-121.229164, 47.565389], [-121.229104, 47.565445], [-121.22904, 47.5655], [-121.228972, 47.565552], [-121.2289, 47.565603], [-121.228826, 47.56565], [-121.228749, 47.565694], [-121.228668, 47.565734], [-121.228584, 47.56577], [-121.228496, 47.565803], [-121.228405, 47.565834], [-121.228315, 47.565862], [-121.228219, 47.565891], [-121.228125, 47.565919], [-121.228032, 47.565947], [-121.22794, 47.565977], [-121.22785, 47.566008], [-121.22776, 47.566039], [-121.227669, 47.56607], [-121.227579, 47.5661], [-121.227488, 47.566131], [-121.227401, 47.566161], [-121.227307, 47.566192], [-121.227241, 47.566214], [-121.227216, 47.566223], [-121.227202, 47.566227], [-121.227125, 47.566253], [-121.227034, 47.566283], [-121.226956, 47.566307], [-121.226942, 47.566312], [-121.226922, 47.566318], [-121.22685, 47.56634], [-121.226758, 47.566368], [-121.226685, 47.56639], [-121.226665, 47.566396], [-121.226572, 47.566423], [-121.22648, 47.566452], [-121.226388, 47.566481], [-121.226297, 47.566511], [-121.226207, 47.566542], [-121.226117, 47.566573], [-121.226028, 47.566605], [-121.225938, 47.566638], [-121.225849, 47.566671], [-121.225761, 47.566704], [-121.225673, 47.566738], [-121.225585, 47.566773], [-121.225499, 47.566808], [-121.225412, 47.566844], [-121.225328, 47.566881], [-121.225245, 47.56692], [-121.225163, 47.566961], [-121.225081, 47.567001], [-121.224998, 47.567041], [-121.224916, 47.567081], [-121.224833, 47.567124], [-121.224755, 47.567167], [-121.224673, 47.567209], [-121.22459, 47.567247], [-121.224501, 47.567278], [-121.224408, 47.567302], [-121.224312, 47.567323], [-121.224216, 47.567342], [-121.224117, 47.567358], [-121.22402, 47.567373], [-121.223988, 47.567378], [-121.223918, 47.567388], [-121.223843, 47.567399], [-121.223818, 47.567402], [-121.223717, 47.567416], [-121.223619, 47.567431], [-121.223519, 47.567445], [-121.223418, 47.567454], [-121.22332, 47.56747], [-121.22323, 47.567501], [-121.223143, 47.567538], [-121.223057, 47.567578], [-121.223015, 47.567599], [-121.222972, 47.56762], [-121.222902, 47.567652], [-121.222886, 47.56766], [-121.222801, 47.567697], [-121.222713, 47.567728], [-121.222624, 47.567751], [-121.22253, 47.567759], [-121.222431, 47.567747], [-121.22233, 47.567725], [-121.222227, 47.567705], [-121.222126, 47.567695], [-121.222026, 47.567699], [-121.221923, 47.567705], [-121.221821, 47.567713], [-121.221719, 47.567725], [-121.221618, 47.56774], [-121.221522, 47.567759], [-121.221428, 47.567783], [-121.221342, 47.567813], [-121.221263, 47.567854], [-121.221188, 47.567903], [-121.221116, 47.567953], [-121.221043, 47.568002], [-121.220964, 47.568048], [-121.220886, 47.56809], [-121.220806, 47.568131], [-121.220733, 47.568168], [-121.220721, 47.568174], [-121.220643, 47.568214], [-121.220561, 47.568254], [-121.22048, 47.568292], [-121.220395, 47.568332], [-121.22031, 47.568369], [-121.220221, 47.568407], [-121.220138, 47.568441], [-121.220051, 47.568477], [-121.219964, 47.568511], [-121.219945, 47.568519], [-121.219876, 47.568546], [-121.219789, 47.568581], [-121.219702, 47.568616], [-121.219678, 47.568626], [-121.219615, 47.568651], [-121.219528, 47.568686], [-121.219441, 47.568721], [-121.219354, 47.568757], [-121.219267, 47.568792], [-121.219181, 47.568827], [-121.219093, 47.568862], [-121.219007, 47.568898], [-121.218921, 47.568934], [-121.218836, 47.568971], [-121.218752, 47.569009], [-121.218671, 47.569045], [-121.218584, 47.569086], [-121.2185, 47.569125], [-121.21847, 47.569139], [-121.218417, 47.569164], [-121.218405, 47.56917], [-121.218334, 47.569203], [-121.218251, 47.569242], [-121.218183, 47.569275], [-121.218168, 47.569282], [-121.218085, 47.569322], [-121.218002, 47.569361], [-121.217919, 47.569399], [-121.217834, 47.569437], [-121.217776, 47.569461], [-121.217748, 47.569473], [-121.217661, 47.56951], [-121.21764, 47.56952], [-121.217574, 47.56955], [-121.217486, 47.56959], [-121.217398, 47.569629], [-121.217309, 47.569665], [-121.21722, 47.569699], [-121.21713, 47.569728], [-121.217039, 47.569752], [-121.216947, 47.569768], [-121.216852, 47.569773], [-121.216753, 47.569765], [-121.216651, 47.569746], [-121.21655, 47.569719], [-121.216454, 47.569687], [-121.216364, 47.569653], [-121.216283, 47.569615], [-121.216208, 47.56957], [-121.216138, 47.569521], [-121.216071, 47.569469], [-121.216002, 47.569416], [-121.215932, 47.569365], [-121.215859, 47.569317], [-121.215784, 47.569271], [-121.215708, 47.569224], [-121.215632, 47.569179], [-121.215553, 47.569136], [-121.215471, 47.569097], [-121.215385, 47.56906], [-121.215299, 47.569024], [-121.21521, 47.568989], [-121.21512, 47.568955], [-121.215029, 47.568923], [-121.214937, 47.568894], [-121.214844, 47.568868], [-121.21475, 47.568846], [-121.214654, 47.568831], [-121.214553, 47.568826], [-121.214449, 47.568827], [-121.214346, 47.568832], [-121.214244, 47.568837], [-121.214144, 47.568846], [-121.214044, 47.568858], [-121.213943, 47.568872], [-121.213844, 47.568885], [-121.213744, 47.568894], [-121.213643, 47.568896], [-121.213541, 47.568895], [-121.213438, 47.568893], [-121.213335, 47.568887], [-121.213231, 47.568878], [-121.213131, 47.568865], [-121.213036, 47.568846], [-121.212947, 47.568821], [-121.212864, 47.568785], [-121.212787, 47.568738], [-121.212716, 47.568687], [-121.212649, 47.568633], [-121.212586, 47.568582], [-121.212524, 47.568525], [-121.212471, 47.568466], [-121.212421, 47.568406], [-121.212371, 47.568346], [-121.212323, 47.568286], [-121.212277, 47.568222], [-121.21223, 47.568159], [-121.212179, 47.5681], [-121.212119, 47.568048], [-121.212045, 47.568005], [-121.211954, 47.567972], [-121.21186, 47.567945], [-121.211764, 47.567918], [-121.211675, 47.567888], [-121.211583, 47.567856], [-121.211493, 47.567825], [-121.211403, 47.567794], [-121.211313, 47.567762], [-121.211223, 47.567731], [-121.211132, 47.567701], [-121.211042, 47.56767], [-121.210964, 47.567646], [-121.210853, 47.567613], [-121.210764, 47.567586], [-121.210672, 47.567558], [-121.210583, 47.567528], [-121.210573, 47.567524], [-121.210493, 47.567494], [-121.210404, 47.567459], [-121.210318, 47.567424], [-121.210231, 47.567385], [-121.21015, 47.567344], [-121.210075, 47.5673], [-121.210008, 47.56725], [-121.209952, 47.567193], [-121.209902, 47.567134], [-121.209853, 47.567071], [-121.209804, 47.567011], [-121.209752, 47.566952], [-121.209702, 47.566892], [-121.209651, 47.566833], [-121.209597, 47.566775], [-121.209506, 47.566631], [-121.209449, 47.566575], [-121.209388, 47.56652], [-121.209326, 47.566466], [-121.209261, 47.56641], [-121.209199, 47.566359], [-121.209135, 47.566306], [-121.209077, 47.566251], [-121.209019, 47.566193], [-121.208958, 47.566138], [-121.208883, 47.566093], [-121.208796, 47.566057], [-121.208713, 47.566014], [-121.208647, 47.565982], [-121.208629, 47.565974], [-121.208538, 47.565957], [-121.208439, 47.565971], [-121.208337, 47.565991], [-121.208237, 47.565994], [-121.208135, 47.565988], [-121.208035, 47.565979], [-121.207934, 47.565972], [-121.207833, 47.565969], [-121.207732, 47.565967], [-121.207631, 47.565962], [-121.207575, 47.565955], [-121.207531, 47.565949], [-121.207431, 47.565943], [-121.207326, 47.56595], [-121.207229, 47.565958], [-121.207128, 47.565962], [-121.207027, 47.565964], [-121.206929, 47.56598], [-121.206833, 47.566003], [-121.206736, 47.566022], [-121.206635, 47.566029], [-121.206534, 47.566039], [-121.206436, 47.566053], [-121.206338, 47.566072], [-121.20624, 47.56609], [-121.206142, 47.566105], [-121.20604, 47.566109], [-121.205939, 47.566107], [-121.205837, 47.566103], [-121.20574, 47.566118], [-121.205645, 47.566143], [-121.205551, 47.566168], [-121.205455, 47.56619], [-121.205357, 47.566206], [-121.205257, 47.566219], [-121.205157, 47.566232], [-121.205063, 47.566243], [-121.204958, 47.566256], [-121.204859, 47.566269], [-121.20476, 47.566283], [-121.204563, 47.566311], [-121.204479, 47.566318], [-121.204379, 47.566324], [-121.204279, 47.566327], [-121.204178, 47.566325], [-121.204077, 47.56632], [-121.203976, 47.566313], [-121.203874, 47.566303], [-121.203774, 47.566292], [-121.203673, 47.566281], [-121.203573, 47.566269], [-121.203473, 47.566257], [-121.203375, 47.56624], [-121.203277, 47.56622], [-121.20318, 47.566198], [-121.203083, 47.566177], [-121.202985, 47.566161], [-121.202886, 47.566151], [-121.202786, 47.566144], [-121.202685, 47.566139], [-121.202584, 47.566135], [-121.202483, 47.566132], [-121.202381, 47.56613], [-121.202279, 47.566129], [-121.202178, 47.566129], [-121.202076, 47.56613], [-121.201975, 47.566132], [-121.201873, 47.566134], [-121.201773, 47.566137], [-121.201672, 47.566141], [-121.201571, 47.566148], [-121.201471, 47.566156], [-121.20137, 47.566166], [-121.20127, 47.566177], [-121.20117, 47.566188], [-121.20107, 47.5662], [-121.20097, 47.566211], [-121.20087, 47.566222], [-121.20077, 47.566234], [-121.200671, 47.566247], [-121.200571, 47.566261], [-121.200472, 47.566274], [-121.200373, 47.566286], [-121.200272, 47.566298], [-121.200173, 47.566308], [-121.200072, 47.566315], [-121.199971, 47.56632], [-121.199871, 47.566324], [-121.199769, 47.56633], [-121.199668, 47.566338], [-121.199568, 47.566346], [-121.199467, 47.566355], [-121.199367, 47.566364], [-121.199267, 47.566373], [-121.199166, 47.566383], [-121.199066, 47.566392], [-121.198967, 47.566401], [-121.198865, 47.566409], [-121.198764, 47.566418], [-121.198665, 47.566425], [-121.198563, 47.566432], [-121.198462, 47.566438], [-121.198361, 47.566443], [-121.19826, 47.566447], [-121.198159, 47.566449], [-121.198058, 47.56645], [-121.197956, 47.56645], [-121.197855, 47.566447], [-121.197754, 47.566443], [-121.197653, 47.566438], [-121.197552, 47.566432], [-121.197451, 47.566426], [-121.19735, 47.56642], [-121.197249, 47.566414], [-121.197149, 47.566411], [-121.197047, 47.566409], [-121.196946, 47.566411], [-121.196844, 47.566418], [-121.196743, 47.566425], [-121.196642, 47.566433], [-121.196541, 47.566438], [-121.19644, 47.566438], [-121.19634, 47.566433], [-121.196239, 47.566425], [-121.196139, 47.566417], [-121.196038, 47.566407], [-121.195938, 47.566395], [-121.195838, 47.566382], [-121.195738, 47.566367], [-121.19564, 47.566351], [-121.195542, 47.566333], [-121.195446, 47.566313], [-121.195351, 47.566286], [-121.195258, 47.566255], [-121.195166, 47.566221], [-121.195074, 47.566188], [-121.194983, 47.566159], [-121.19489, 47.566135], [-121.194797, 47.56612], [-121.194701, 47.566125], [-121.194603, 47.566149], [-121.194507, 47.566181], [-121.194415, 47.566214], [-121.194326, 47.566246], [-121.194238, 47.566279], [-121.194151, 47.566314], [-121.194064, 47.566349], [-121.193977, 47.566385], [-121.19389, 47.566421], [-121.193803, 47.566456], [-121.193716, 47.56649], [-121.193627, 47.566523], [-121.193536, 47.566554], [-121.193445, 47.566583], [-121.193352, 47.566611], [-121.193337, 47.566615], [-121.193259, 47.566638], [-121.193167, 47.566667], [-121.193076, 47.566696], [-121.192986, 47.566728], [-121.192897, 47.566761], [-121.192809, 47.566795], [-121.192721, 47.566829], [-121.192634, 47.566863], [-121.192546, 47.566898], [-121.192459, 47.566932], [-121.192371, 47.566967], [-121.192284, 47.567002], [-121.192197, 47.567037], [-121.192109, 47.567071], [-121.192022, 47.567105], [-121.191933, 47.567139], [-121.191845, 47.567172], [-121.191756, 47.567205], [-121.191666, 47.567237], [-121.191577, 47.567269], [-121.191487, 47.567301], [-121.191397, 47.567333], [-121.191307, 47.567364], [-121.191217, 47.567396], [-121.191128, 47.567428], [-121.191038, 47.567461], [-121.190949, 47.567493], [-121.190861, 47.567526], [-121.190772, 47.56756], [-121.190684, 47.567594], [-121.190597, 47.567628], [-121.190511, 47.567664], [-121.190426, 47.567701], [-121.190344, 47.567741], [-121.190264, 47.567783], [-121.190184, 47.567825], [-121.190106, 47.567869], [-121.190027, 47.567912], [-121.189947, 47.567955], [-121.189866, 47.567996], [-121.189785, 47.568036], [-121.189702, 47.568076], [-121.189619, 47.568116], [-121.189571, 47.568139], [-121.189536, 47.568155], [-121.189453, 47.568195], [-121.189371, 47.568235], [-121.189289, 47.568275], [-121.189207, 47.568316], [-121.189128, 47.568358], [-121.189049, 47.568401], [-121.188974, 47.568447], [-121.188904, 47.568502], [-121.188838, 47.568561], [-121.188772, 47.568619], [-121.188704, 47.568672], [-121.188631, 47.568713], [-121.188551, 47.56874], [-121.188461, 47.568747], [-121.188363, 47.568738], [-121.188261, 47.568718], [-121.188157, 47.568692], [-121.188056, 47.568665], [-121.187959, 47.568642], [-121.18786, 47.56862], [-121.187765, 47.568598], [-121.187669, 47.568576], [-121.187574, 47.568551], [-121.187479, 47.568526], [-121.187386, 47.568498], [-121.187295, 47.568468], [-121.187208, 47.568436], [-121.187125, 47.568398], [-121.187049, 47.568352], [-121.186978, 47.568302], [-121.186912, 47.568248], [-121.186848, 47.568195], [-121.186788, 47.56814], [-121.186731, 47.568084], [-121.186674, 47.568025], [-121.186622, 47.567968], [-121.18657, 47.567908], [-121.186521, 47.56785], [-121.186471, 47.567789], [-121.186424, 47.567728], [-121.186379, 47.567669], [-121.186332, 47.567607], [-121.186286, 47.567545], [-121.186239, 47.567484], [-121.186192, 47.567424], [-121.186149, 47.56736], [-121.186109, 47.567295], [-121.186064, 47.567231], [-121.186009, 47.567176], [-121.185937, 47.567131], [-121.185857, 47.567091], [-121.185772, 47.567053], [-121.185683, 47.567019], [-121.185591, 47.566987], [-121.185496, 47.566959], [-121.1854, 47.566933], [-121.185305, 47.566911], [-121.185208, 47.566893], [-121.185107, 47.56688], [-121.185005, 47.566869], [-121.184902, 47.56686], [-121.184799, 47.566851], [-121.184697, 47.566842], [-121.184596, 47.566831], [-121.184497, 47.566818], [-121.184401, 47.5668], [-121.18431, 47.566777], [-121.184224, 47.566746], [-121.184145, 47.566705], [-121.184072, 47.566656], [-121.184004, 47.566601], [-121.183942, 47.566545], [-121.183882, 47.566487], [-121.183826, 47.56643], [-121.183777, 47.566371], [-121.183734, 47.566309], [-121.183694, 47.566246], [-121.183654, 47.566182], [-121.183612, 47.566119], [-121.183565, 47.566058], [-121.183516, 47.565998], [-121.183466, 47.565938], [-121.183415, 47.565879], [-121.183362, 47.56582], [-121.183307, 47.565763], [-121.183249, 47.565707], [-121.183188, 47.565652], [-121.183124, 47.565599], [-121.183057, 47.565546], [-121.182988, 47.565495], [-121.182916, 47.565446], [-121.182841, 47.565401], [-121.182762, 47.565359], [-121.182679, 47.565321], [-121.182591, 47.565286], [-121.182499, 47.565255], [-121.182404, 47.565227], [-121.182309, 47.565204], [-121.182213, 47.565186], [-121.182113, 47.565174], [-121.182012, 47.565167], [-121.18191, 47.565161], [-121.181808, 47.565155], [-121.181708, 47.565145], [-121.18161, 47.56513], [-121.181515, 47.565108], [-121.18142, 47.565082], [-121.181328, 47.565054], [-121.181234, 47.565027], [-121.181139, 47.565003], [-121.181043, 47.564983], [-121.180945, 47.564964], [-121.180846, 47.564947], [-121.180747, 47.564933], [-121.180647, 47.564921], [-121.180547, 47.564913], [-121.180445, 47.56491], [-121.180343, 47.56491], [-121.180242, 47.564915], [-121.180142, 47.564924], [-121.180042, 47.564937], [-121.179943, 47.564956], [-121.179849, 47.564981], [-121.179761, 47.565014], [-121.179679, 47.565052], [-121.179647, 47.565069], [-121.179599, 47.565095], [-121.179583, 47.565103], [-121.17952, 47.565139], [-121.179439, 47.565181], [-121.179355, 47.56522], [-121.179268, 47.565255], [-121.17918, 47.565288], [-121.179091, 47.565321], [-121.179001, 47.565353], [-121.178911, 47.565384], [-121.178897, 47.565389], [-121.178821, 47.565416], [-121.178732, 47.565449], [-121.178653, 47.565478], [-121.178639, 47.565484], [-121.178556, 47.565517], [-121.17847, 47.565552], [-121.178407, 47.565579], [-121.178384, 47.565588], [-121.178373, 47.565593], [-121.178297, 47.565625], [-121.17821, 47.565661], [-121.178133, 47.565695], [-121.178123, 47.5657], [-121.178041, 47.565738], [-121.17796, 47.565779], [-121.17788, 47.565823], [-121.177807, 47.565868], [-121.177735, 47.565915], [-121.177681, 47.56595], [-121.177661, 47.565963], [-121.177587, 47.566011], [-121.177512, 47.56606], [-121.177437, 47.566109], [-121.177423, 47.566119], [-121.177363, 47.566158], [-121.177289, 47.566208], [-121.177227, 47.566251], [-121.177214, 47.56626], [-121.177146, 47.566309], [-121.177077, 47.566361], [-121.177009, 47.566413], [-121.176945, 47.566466], [-121.176883, 47.56652], [-121.176826, 47.566574], [-121.17677, 47.566631], [-121.176718, 47.566687], [-121.176671, 47.566745], [-121.176631, 47.566804], [-121.176599, 47.566867], [-121.176577, 47.566932], [-121.176561, 47.566999], [-121.176551, 47.567068], [-121.176547, 47.567138], [-121.176546, 47.567209], [-121.176548, 47.567281], [-121.17655, 47.567352], [-121.176551, 47.567367], [-121.176554, 47.567423], [-121.176556, 47.567493], [-121.176557, 47.567549], [-121.176557, 47.567562], [-121.176562, 47.56763], [-121.176571, 47.567698], [-121.176584, 47.567766], [-121.1766, 47.567834], [-121.176616, 47.567901], [-121.176633, 47.567972], [-121.176647, 47.568038], [-121.176658, 47.568106], [-121.176667, 47.568174], [-121.176673, 47.568243], [-121.176677, 47.568312], [-121.176679, 47.568366], [-121.17668, 47.568381], [-121.176683, 47.56845], [-121.176686, 47.568519], [-121.176691, 47.568587], [-121.176697, 47.568656], [-121.176706, 47.568724], [-121.176718, 47.568791], [-121.176734, 47.568858], [-121.176756, 47.568925], [-121.176794, 47.568992], [-121.176842, 47.569056], [-121.176896, 47.569121], [-121.17695, 47.569183], [-121.177004, 47.56925], [-121.177047, 47.569313], [-121.177076, 47.569376], [-121.177087, 47.569438], [-121.177075, 47.5695], [-121.17705, 47.569561], [-121.177019, 47.569621], [-121.176984, 47.569682], [-121.176944, 47.569742], [-121.1769, 47.569803], [-121.176852, 47.569862], [-121.176801, 47.569922], [-121.176748, 47.569982], [-121.176692, 47.570041], [-121.176641, 47.570094], [-121.176635, 47.570101], [-121.176606, 47.57013], [-121.176576, 47.57016], [-121.176517, 47.57022], [-121.1765, 47.570237], [-121.176458, 47.570279], [-121.176399, 47.570338], [-121.176341, 47.570397], [-121.176284, 47.570456], [-121.176229, 47.570515], [-121.176176, 47.570574], [-121.176124, 47.570633], [-121.176111, 47.570649], [-121.176072, 47.570692], [-121.176018, 47.57075], [-121.17599, 47.570781], [-121.175965, 47.570809], [-121.17591, 47.570867], [-121.175856, 47.570925], [-121.175802, 47.570983], [-121.175748, 47.57104], [-121.175694, 47.571098], [-121.175641, 47.571157], [-121.175588, 47.571215], [-121.175537, 47.571274], [-121.175487, 47.571334], [-121.175439, 47.571395], [-121.175396, 47.571458], [-121.175363, 47.571523], [-121.175341, 47.571589], [-121.17533, 47.571658], [-121.175326, 47.571729], [-121.175326, 47.571801], [-121.175328, 47.571874], [-121.175329, 47.571946], [-121.175325, 47.572016], [-121.175314, 47.572084], [-121.175294, 47.572148], [-121.175262, 47.572209], [-121.175215, 47.572265], [-121.175161, 47.572318], [-121.175101, 47.572371], [-121.175035, 47.572422], [-121.174966, 47.572471], [-121.174893, 47.572519], [-121.174814, 47.572567], [-121.174737, 47.572612], [-121.174656, 47.572656], [-121.174577, 47.572698], [-121.174557, 47.572709], [-121.17449, 47.572743], [-121.174406, 47.572785], [-121.174342, 47.572817], [-121.174319, 47.572829], [-121.174239, 47.572868], [-121.174158, 47.572908], [-121.174074, 47.572944], [-121.173984, 47.572975], [-121.173889, 47.573001], [-121.173795, 47.573025], [-121.173697, 47.57305], [-121.173603, 47.573075], [-121.173511, 47.573105], [-121.173424, 47.573139], [-121.173338, 47.573176], [-121.173255, 47.573215], [-121.173173, 47.573256], [-121.173092, 47.573297], [-121.173012, 47.573339], [-121.172999, 47.573346], [-121.172932, 47.573382], [-121.172851, 47.573423], [-121.172781, 47.573459], [-121.172769, 47.573465], [-121.172688, 47.573507], [-121.172608, 47.57355], [-121.172532, 47.573595], [-121.17246, 47.573643], [-121.172395, 47.573694], [-121.172333, 47.573748], [-121.172273, 47.573803], [-121.172214, 47.573858], [-121.172156, 47.573915], [-121.172099, 47.573971], [-121.172043, 47.574029], [-121.171989, 47.574087], [-121.171935, 47.574146], [-121.171882, 47.574205], [-121.171831, 47.574264], [-121.171781, 47.574324], [-121.171731, 47.574384], [-121.171683, 47.574444], [-121.171636, 47.574504], [-121.171591, 47.574566], [-121.171551, 47.574628], [-121.171512, 47.574692], [-121.171476, 47.574756], [-121.171442, 47.57482], [-121.171407, 47.574885], [-121.171374, 47.57495], [-121.171341, 47.575015], [-121.17132, 47.575054], [-121.171306, 47.57508], [-121.171298, 47.575094], [-121.171271, 47.575144], [-121.171236, 47.575208], [-121.171202, 47.575273], [-121.171168, 47.575337], [-121.171133, 47.575402], [-121.171099, 47.575466], [-121.171066, 47.575531], [-121.171032, 47.575596], [-121.170999, 47.57566], [-121.170966, 47.575725], [-121.170934, 47.57579], [-121.170901, 47.575855], [-121.17087, 47.57592], [-121.170839, 47.575986], [-121.170812, 47.576052], [-121.170786, 47.576118], [-121.170761, 47.576184], [-121.170736, 47.576251], [-121.170712, 47.576317], [-121.170688, 47.576384], [-121.170666, 47.576451], [-121.170644, 47.576524], [-121.170626, 47.576585], [-121.170609, 47.576653], [-121.170594, 47.576721], [-121.170581, 47.576789], [-121.170579, 47.576802], [-121.170568, 47.576857], [-121.170556, 47.576925], [-121.170543, 47.576983], [-121.170541, 47.576992], [-121.170539, 47.577003], [-121.170528, 47.57706], [-121.170514, 47.577128], [-121.170499, 47.577194], [-121.17048, 47.577263], [-121.170459, 47.57733], [-121.170436, 47.577397], [-121.170411, 47.577464], [-121.170383, 47.577529], [-121.170353, 47.577598], [-121.170324, 47.577661], [-121.170294, 47.577726], [-121.170269, 47.577779], [-121.170262, 47.577794], [-121.170231, 47.577857], [-121.170199, 47.577922], [-121.170171, 47.577976], [-121.170166, 47.577987], [-121.170133, 47.578051], [-121.170098, 47.578115], [-121.170056, 47.578179], [-121.17001, 47.578242], [-121.169997, 47.578259], [-121.169963, 47.578304], [-121.169917, 47.578367], [-121.169878, 47.57843], [-121.169846, 47.578494], [-121.169828, 47.578559], [-121.16982, 47.578626], [-121.169816, 47.578695], [-121.169816, 47.578764], [-121.16982, 47.578834], [-121.169828, 47.578904], [-121.16984, 47.578973], [-121.169855, 47.579043], [-121.169874, 47.579111], [-121.169896, 47.579178], [-121.169922, 47.579243], [-121.169953, 47.579306], [-121.170002, 47.579364], [-121.170066, 47.579418], [-121.170137, 47.579469], [-121.170211, 47.57952], [-121.170282, 47.57957], [-121.170352, 47.57962], [-121.170426, 47.579667], [-121.170503, 47.579711], [-121.170582, 47.579755], [-121.170661, 47.579797], [-121.170741, 47.57984], [-121.170821, 47.579881], [-121.170902, 47.579923], [-121.170936, 47.579941], [-121.170982, 47.579965], [-121.171063, 47.580006], [-121.171125, 47.580039], [-121.171147, 47.580051], [-121.171223, 47.580091], [-121.171302, 47.580133], [-121.171376, 47.580174], [-121.171395, 47.580185], [-121.171457, 47.580221], [-121.171534, 47.580265], [-121.171599, 47.580303], [-121.171613, 47.580312], [-121.171688, 47.580356], [-121.171764, 47.580403], [-121.171838, 47.580449], [-121.171911, 47.580498], [-121.17198, 47.580547], [-121.172046, 47.580597], [-121.172109, 47.580651], [-121.172158, 47.58071], [-121.172197, 47.580775], [-121.172231, 47.58084], [-121.172253, 47.580881], [-121.172266, 47.580905], [-121.172289, 47.58095], [-121.1723, 47.580971], [-121.172331, 47.581035], [-121.17236, 47.581101], [-121.172386, 47.581168], [-121.172408, 47.581234], [-121.172427, 47.581301], [-121.172445, 47.581366], [-121.172447, 47.581374], [-121.172463, 47.581436], [-121.172479, 47.581504], [-121.172493, 47.581568], [-121.172495, 47.581579], [-121.172508, 47.58164], [-121.17252, 47.581708], [-121.172531, 47.581768], [-121.172533, 47.581777], [-121.172542, 47.581844], [-121.172547, 47.581912], [-121.17255, 47.58198], [-121.172551, 47.58205], [-121.172552, 47.582119], [-121.172556, 47.582188], [-121.172563, 47.582256], [-121.172576, 47.582323], [-121.172595, 47.58239], [-121.172617, 47.582457], [-121.172642, 47.582524], [-121.172668, 47.582591], [-121.172695, 47.582658], [-121.172724, 47.582724], [-121.172753, 47.582791], [-121.172764, 47.582815], [-121.172783, 47.582857], [-121.172812, 47.582924], [-121.172836, 47.582978], [-121.172842, 47.582992], [-121.17287, 47.583056], [-121.172896, 47.583122], [-121.172921, 47.583186], [-121.172946, 47.583254], [-121.172967, 47.58332], [-121.172985, 47.583384], [-121.172984, 47.583451], [-121.172925, 47.583513], [-121.172845, 47.583558], [-121.172762, 47.583597], [-121.172676, 47.583633], [-121.172589, 47.583667], [-121.172497, 47.583702], [-121.172407, 47.583735], [-121.172317, 47.583769], [-121.172228, 47.583804], [-121.172142, 47.58384], [-121.172059, 47.583879], [-121.171981, 47.58392], [-121.171908, 47.583965], [-121.171844, 47.584015], [-121.171789, 47.584072], [-121.171742, 47.584133], [-121.171697, 47.5842], [-121.171658, 47.584262], [-121.171617, 47.584327], [-121.171576, 47.584387], [-121.171533, 47.584452], [-121.171494, 47.584515], [-121.171455, 47.584578], [-121.171445, 47.584595], [-121.171417, 47.584642], [-121.17138, 47.584705], [-121.171346, 47.58476], [-121.17134, 47.58477], [-121.171301, 47.584832], [-121.171257, 47.584894], [-121.171214, 47.584954], [-121.171167, 47.585017], [-121.171123, 47.585079], [-121.171082, 47.585142], [-121.171046, 47.585206], [-121.171014, 47.58527], [-121.170986, 47.585336], [-121.170956, 47.585402], [-121.170928, 47.585469], [-121.1709, 47.585535], [-121.170872, 47.585602], [-121.170847, 47.585669], [-121.170823, 47.585736], [-121.170802, 47.585804], [-121.170783, 47.585871], [-121.170767, 47.585939], [-121.170755, 47.586006], [-121.170747, 47.586074], [-121.170743, 47.586141], [-121.170742, 47.586209], [-121.170745, 47.586277], [-121.170749, 47.586345], [-121.170757, 47.586414], [-121.170767, 47.586482], [-121.170779, 47.586551], [-121.170793, 47.586619], [-121.170808, 47.586688], [-121.170825, 47.586756], [-121.170844, 47.586824], [-121.170862, 47.586892], [-121.170882, 47.58696], [-121.170902, 47.587027], [-121.170922, 47.587094], [-121.170945, 47.58716], [-121.170971, 47.587227], [-121.171001, 47.587292], [-121.171033, 47.587358], [-121.171068, 47.587423], [-121.171105, 47.587487], [-121.171144, 47.58755], [-121.171186, 47.587613], [-121.171229, 47.587675], [-121.171277, 47.587734], [-121.171331, 47.587792], [-121.171388, 47.587849], [-121.171447, 47.587905], [-121.171506, 47.587961], [-121.171564, 47.588018], [-121.171619, 47.588075], [-121.171674, 47.588133], [-121.171731, 47.58819], [-121.171787, 47.588248], [-121.171842, 47.588306], [-121.171894, 47.588365], [-121.171943, 47.588425], [-121.171986, 47.588486], [-121.172024, 47.588549], [-121.172056, 47.588614], [-121.172085, 47.588679], [-121.17211, 47.588746], [-121.172134, 47.588815], [-121.172156, 47.588881], [-121.172178, 47.588948], [-121.172198, 47.589013], [-121.172216, 47.589082], [-121.172231, 47.58915], [-121.172243, 47.589218], [-121.172254, 47.589287], [-121.172261, 47.589355], [-121.172263, 47.589424], [-121.172262, 47.589492], [-121.172259, 47.58956], [-121.172257, 47.589619], [-121.172257, 47.589629], [-121.172256, 47.5897], [-121.172257, 47.589772], [-121.172258, 47.589845], [-121.172258, 47.589916], [-121.172256, 47.589986], [-121.17225, 47.590054], [-121.17224, 47.59012], [-121.172225, 47.590182], [-121.172192, 47.590233], [-121.172079, 47.590236], [-121.171969, 47.59023], [-121.171868, 47.590229], [-121.171778, 47.590226], [-121.171766, 47.590226], [-121.171665, 47.590223], [-121.171563, 47.59022], [-121.171462, 47.590216], [-121.17136, 47.590212], [-121.171258, 47.590208], [-121.171185, 47.590205], [-121.171153, 47.590204], [-121.171055, 47.590201], [-121.170954, 47.590198], [-121.170853, 47.590197], [-121.170752, 47.590196], [-121.170651, 47.590196], [-121.170552, 47.590197], [-121.17045, 47.5902], [-121.17035, 47.590207], [-121.170252, 47.590221], [-121.170154, 47.590239], [-121.170056, 47.59026], [-121.169961, 47.590282], [-121.169862, 47.590304], [-121.169765, 47.590324], [-121.169668, 47.590344], [-121.169572, 47.590366], [-121.169476, 47.590387], [-121.169379, 47.590408], [-121.169282, 47.590428], [-121.169185, 47.590446], [-121.169086, 47.590461], [-121.168985, 47.590472], [-121.168884, 47.590482], [-121.168788, 47.590491], [-121.168682, 47.590502], [-121.168583, 47.590515], [-121.168485, 47.590532], [-121.168391, 47.590554], [-121.168296, 47.590579], [-121.168226, 47.590598], [-121.168215, 47.590601], [-121.168204, 47.590604], [-121.168101, 47.590632], [-121.168004, 47.590661], [-121.167908, 47.59069], [-121.167813, 47.590721], [-121.167721, 47.590754], [-121.167633, 47.590789], [-121.16755, 47.590826], [-121.167472, 47.590865], [-121.167401, 47.590906], [-121.167344, 47.590953], [-121.167332, 47.590987], [-121.167322, 47.591016], [-121.167321, 47.591088], [-121.167326, 47.591164], [-121.167323, 47.591238], [-121.167303, 47.591306], [-121.167279, 47.591373], [-121.167252, 47.591441], [-121.167219, 47.591507], [-121.16718, 47.59157], [-121.167132, 47.591628], [-121.167069, 47.59168], [-121.16699, 47.591724], [-121.166901, 47.591762], [-121.16681, 47.591795], [-121.166718, 47.591823], [-121.166624, 47.591847], [-121.166529, 47.59187], [-121.166482, 47.59188], [-121.166432, 47.591891], [-121.166335, 47.591912], [-121.166252, 47.591931], [-121.166237, 47.591935], [-121.166143, 47.591958], [-121.16605, 47.591984], [-121.165955, 47.592013], [-121.165866, 47.592042], [-121.165776, 47.592072], [-121.16569, 47.592102], [-121.165654, 47.592115], [-121.165596, 47.592135], [-121.165506, 47.592167], [-121.165416, 47.592199], [-121.165326, 47.592231], [-121.165237, 47.592263], [-121.165146, 47.592294], [-121.165057, 47.592326], [-121.164967, 47.592358], [-121.164877, 47.59239], [-121.164785, 47.59242], [-121.164692, 47.592446], [-121.164598, 47.592472], [-121.164504, 47.592496], [-121.164408, 47.592519], [-121.164312, 47.592541], [-121.164215, 47.592561], [-121.164117, 47.592579], [-121.164018, 47.592594], [-121.163919, 47.592605], [-121.163818, 47.592613], [-121.163716, 47.59262], [-121.163615, 47.592625], [-121.163514, 47.592631], [-121.163413, 47.592636], [-121.163312, 47.592639], [-121.163211, 47.592641], [-121.163109, 47.592643], [-121.163008, 47.592643], [-121.162907, 47.592644], [-121.162802, 47.592644], [-121.162704, 47.592645], [-121.162603, 47.592646], [-121.162505, 47.592648], [-121.162491, 47.592648], [-121.1624, 47.592651], [-121.162299, 47.592654], [-121.162203, 47.592658], [-121.162184, 47.592659], [-121.162097, 47.592663], [-121.161996, 47.592668], [-121.161916, 47.592673], [-121.161895, 47.592674], [-121.16188, 47.592675], [-121.161794, 47.59268], [-121.161693, 47.592686], [-121.161612, 47.592691], [-121.161592, 47.592692], [-121.161492, 47.592699], [-121.161391, 47.592706], [-121.16129, 47.592713], [-121.161189, 47.592719], [-121.161088, 47.592725], [-121.160983, 47.592728], [-121.160884, 47.59273], [-121.160781, 47.592732], [-121.160681, 47.592737], [-121.160581, 47.592747], [-121.160484, 47.592763], [-121.160388, 47.592785], [-121.160294, 47.592809], [-121.160201, 47.592835], [-121.16011, 47.592863], [-121.160016, 47.592892], [-121.159923, 47.592921], [-121.15983, 47.59295], [-121.159737, 47.592976], [-121.159642, 47.593001], [-121.159547, 47.593025], [-121.159451, 47.593047], [-121.159354, 47.593068], [-121.159258, 47.593088], [-121.159161, 47.593109], [-121.159064, 47.593129], [-121.158967, 47.593149], [-121.158871, 47.593169], [-121.158774, 47.59319], [-121.158677, 47.593209], [-121.158579, 47.593229], [-121.158482, 47.593247], [-121.158384, 47.593264], [-121.158285, 47.59328], [-121.158186, 47.593292], [-121.158083, 47.593304], [-121.157985, 47.593314], [-121.157886, 47.593326], [-121.157788, 47.59334], [-121.15773, 47.59335], [-121.157688, 47.593357], [-121.157652, 47.593364], [-121.15759, 47.593375], [-121.157492, 47.593392], [-121.157394, 47.59341], [-121.157295, 47.593427], [-121.157196, 47.593444], [-121.157161, 47.593451], [-121.157097, 47.593462], [-121.156998, 47.59348], [-121.156931, 47.593492], [-121.1569, 47.593498], [-121.156886, 47.5935], [-121.156802, 47.593516], [-121.156704, 47.593536], [-121.156624, 47.593552], [-121.156601, 47.593556], [-121.15651, 47.593576], [-121.156414, 47.593597], [-121.156328, 47.593618], [-121.156315, 47.593621], [-121.156224, 47.593643], [-121.156131, 47.593668], [-121.156042, 47.593693], [-121.155947, 47.593722], [-121.155857, 47.593753], [-121.155768, 47.593787], [-121.155681, 47.593824], [-121.155596, 47.593864], [-121.155513, 47.593907], [-121.155433, 47.593951], [-121.155357, 47.593997], [-121.155284, 47.594044], [-121.155214, 47.594093], [-121.15515, 47.594143], [-121.155097, 47.5942], [-121.155056, 47.594263], [-121.155023, 47.594329], [-121.154993, 47.594397], [-121.154965, 47.594465], [-121.154937, 47.594531], [-121.154917, 47.594598], [-121.1549, 47.594665], [-121.154884, 47.594734], [-121.154866, 47.594802], [-121.15484, 47.594867], [-121.154809, 47.594934], [-121.154774, 47.595002], [-121.154732, 47.595068], [-121.154678, 47.595126], [-121.154607, 47.59517], [-121.154526, 47.595205], [-121.154439, 47.595238], [-121.154346, 47.595267], [-121.154251, 47.595293], [-121.154152, 47.595317], [-121.154052, 47.595338], [-121.153952, 47.595357], [-121.153854, 47.595375], [-121.153756, 47.595388], [-121.153655, 47.595387], [-121.153553, 47.595378], [-121.15345, 47.595368], [-121.15335, 47.595368], [-121.153251, 47.595381], [-121.153155, 47.595403], [-121.153059, 47.595427], [-121.152961, 47.595447], [-121.152864, 47.595467], [-121.152767, 47.595488], [-121.152669, 47.595508], [-121.152571, 47.595528], [-121.152474, 47.595546], [-121.152375, 47.59556], [-121.152276, 47.595571], [-121.152176, 47.595577], [-121.152075, 47.59558], [-121.151972, 47.59558], [-121.15187, 47.595578], [-121.151768, 47.595572], [-121.151667, 47.595565], [-121.151567, 47.595555], [-121.151468, 47.595543], [-121.151368, 47.595525], [-121.15127, 47.595502], [-121.151178, 47.595471], [-121.151094, 47.595434], [-121.151018, 47.59539], [-121.150945, 47.595344], [-121.150874, 47.595295], [-121.150805, 47.595245], [-121.150737, 47.595194], [-121.150671, 47.595141], [-121.150605, 47.595088], [-121.150539, 47.595035], [-121.150473, 47.594982], [-121.150431, 47.59495], [-121.150407, 47.59493], [-121.150343, 47.594878], [-121.150279, 47.594824], [-121.150216, 47.594771], [-121.150153, 47.594717], [-121.150091, 47.594663], [-121.150028, 47.594609], [-121.149966, 47.594554], [-121.149904, 47.5945], [-121.149846, 47.594443], [-121.149783, 47.594391], [-121.149711, 47.594342], [-121.149639, 47.594294], [-121.149566, 47.594247], [-121.149492, 47.5942], [-121.149432, 47.594161], [-121.149418, 47.594153], [-121.149408, 47.594147], [-121.149343, 47.594107], [-121.149267, 47.594061], [-121.1492, 47.594023], [-121.149188, 47.594016], [-121.149112, 47.593973], [-121.149031, 47.593932], [-121.148944, 47.593892], [-121.148862, 47.593856], [-121.148775, 47.593821], [-121.148698, 47.59379], [-121.148688, 47.593786], [-121.148676, 47.593781], [-121.1486, 47.593751], [-121.148511, 47.593716], [-121.148422, 47.593683], [-121.148331, 47.593652], [-121.148239, 47.593625], [-121.148144, 47.593603], [-121.148047, 47.593587], [-121.147947, 47.593575], [-121.147844, 47.593565], [-121.147745, 47.593557], [-121.147644, 47.593547], [-121.147544, 47.593536], [-121.147444, 47.593524], [-121.147344, 47.593511], [-121.147296, 47.593505], [-121.147244, 47.593499], [-121.14723, 47.593497], [-121.147145, 47.593486], [-121.147045, 47.593473], [-121.14696, 47.593462], [-121.146847, 47.593446], [-121.146748, 47.593432], [-121.14666, 47.59342], [-121.146649, 47.593418], [-121.146623, 47.593414], [-121.14655, 47.593403], [-121.146451, 47.593388], [-121.146367, 47.593376], [-121.146352, 47.593373], [-121.146253, 47.593358], [-121.146154, 47.593343], [-121.146055, 47.593329], [-121.145953, 47.593317], [-121.14594, 47.593315], [-121.145852, 47.593305], [-121.145763, 47.593294], [-121.145751, 47.593292], [-121.145652, 47.593278], [-121.145556, 47.59326], [-121.145463, 47.593237], [-121.145378, 47.593203], [-121.145303, 47.593156], [-121.145233, 47.593103], [-121.145164, 47.593052], [-121.145096, 47.593001], [-121.14503, 47.592949], [-121.144965, 47.592897], [-121.144901, 47.592843], [-121.144838, 47.59279], [-121.144777, 47.592734], [-121.144718, 47.592678], [-121.14466, 47.592622], [-121.144599, 47.592567], [-121.144533, 47.592515], [-121.144463, 47.592467], [-121.144387, 47.59242], [-121.144309, 47.592376], [-121.144226, 47.592334], [-121.144141, 47.592296], [-121.144053, 47.592263], [-121.143962, 47.592236], [-121.143867, 47.592214], [-121.14377, 47.592196], [-121.14367, 47.59218], [-121.14357, 47.592166], [-121.14347, 47.592151], [-121.143371, 47.592135], [-121.143274, 47.592116], [-121.143177, 47.592096], [-121.143082, 47.592073], [-121.142984, 47.592051], [-121.142888, 47.592029], [-121.142791, 47.59201], [-121.142693, 47.591993], [-121.142594, 47.59198], [-121.142492, 47.591968], [-121.142389, 47.59196], [-121.142287, 47.591957], [-121.142187, 47.591961], [-121.142089, 47.591972], [-121.141991, 47.591991], [-121.141895, 47.592016], [-121.141801, 47.592046], [-121.141712, 47.592082], [-121.141631, 47.592121], [-121.141559, 47.592167], [-121.141494, 47.59222], [-121.141435, 47.592278], [-121.141382, 47.592338], [-121.141334, 47.592399], [-121.141292, 47.592461], [-121.141257, 47.592525], [-121.141228, 47.592592], [-121.141202, 47.592658], [-121.141177, 47.592725], [-121.141153, 47.592791], [-121.14113, 47.592858], [-121.14111, 47.592926], [-121.141092, 47.592993], [-121.141077, 47.593061], [-121.141066, 47.593129], [-121.14106, 47.593197], [-121.141058, 47.593266], [-121.141058, 47.593334], [-121.141059, 47.593403], [-121.141061, 47.593472], [-121.141061, 47.59354], [-121.141063, 47.59361], [-121.141076, 47.593685], [-121.141093, 47.593762], [-121.141104, 47.593836], [-121.141101, 47.593904], [-121.141076, 47.593962], [-121.141022, 47.594006], [-121.140949, 47.594042], [-121.140862, 47.59407], [-121.140765, 47.594094], [-121.140661, 47.594115], [-121.140554, 47.594135], [-121.140449, 47.594157], [-121.140348, 47.594182], [-121.140256, 47.594212], [-121.140178, 47.59425], [-121.14012, 47.594305], [-121.140076, 47.594369], [-121.140069, 47.594379], [-121.140035, 47.594435], [-121.139989, 47.594497], [-121.139945, 47.594559], [-121.139897, 47.594619], [-121.139837, 47.594676], [-121.139775, 47.594728], [-121.139711, 47.594781], [-121.139649, 47.594832], [-121.139582, 47.594888], [-121.139521, 47.594943], [-121.139462, 47.595001], [-121.139407, 47.595056], [-121.139351, 47.595113], [-121.139294, 47.595167], [-121.139285, 47.595175], [-121.139231, 47.595223], [-121.139168, 47.595277], [-121.139119, 47.59532], [-121.139105, 47.595333], [-121.139043, 47.595386], [-121.138977, 47.595439], [-121.138911, 47.59549], [-121.138841, 47.59554], [-121.138769, 47.595587], [-121.13869, 47.595631], [-121.138604, 47.595671], [-121.138513, 47.595703], [-121.138419, 47.595725], [-121.138321, 47.595738], [-121.138221, 47.595746], [-121.138117, 47.59575], [-121.138016, 47.59575], [-121.137913, 47.59575], [-121.137825, 47.595749], [-121.137806, 47.595749], [-121.137711, 47.595748], [-121.137609, 47.595745], [-121.13751, 47.595742], [-121.137406, 47.595737], [-121.137306, 47.595731], [-121.137205, 47.595724], [-121.137104, 47.595715], [-121.137004, 47.595704], [-121.136908, 47.595693], [-121.136893, 47.595691], [-121.136805, 47.595681], [-121.136706, 47.595668], [-121.136617, 47.595656], [-121.136606, 47.595654], [-121.136579, 47.59565], [-121.136507, 47.59564], [-121.136402, 47.595625], [-121.136308, 47.595612], [-121.136209, 47.595598], [-121.13611, 47.595584], [-121.13601, 47.59557], [-121.135987, 47.595567], [-121.135911, 47.595556], [-121.135812, 47.595542], [-121.135726, 47.595529], [-121.135713, 47.595527], [-121.135614, 47.595513], [-121.135515, 47.595499], [-121.135416, 47.595485], [-121.135316, 47.595473], [-121.135216, 47.595462], [-121.135115, 47.595454], [-121.135014, 47.595446], [-121.134914, 47.595439], [-121.134813, 47.595434], [-121.13471, 47.595431], [-121.134684, 47.595431], [-121.134608, 47.59543], [-121.134518, 47.595427], [-121.134506, 47.595427], [-121.134406, 47.59542], [-121.134308, 47.595408], [-121.134213, 47.595386], [-121.134121, 47.595355], [-121.134032, 47.59532], [-121.133948, 47.595282], [-121.133868, 47.595241], [-121.13379, 47.595196], [-121.133714, 47.595151], [-121.133641, 47.595104], [-121.133591, 47.595067], [-121.133572, 47.595053], [-121.1335, 47.595005], [-121.133422, 47.594961], [-121.133344, 47.594918], [-121.133265, 47.594875], [-121.133185, 47.594833], [-121.133105, 47.594791], [-121.133025, 47.594748], [-121.132945, 47.594707], [-121.132864, 47.594665], [-121.132784, 47.594623], [-121.132751, 47.594605], [-121.132704, 47.594581], [-121.132624, 47.594538], [-121.132568, 47.594508], [-121.132545, 47.594496], [-121.132465, 47.594453], [-121.132386, 47.594411], [-121.132306, 47.594368], [-121.132226, 47.594326], [-121.132146, 47.594285], [-121.132064, 47.594244], [-121.131982, 47.594205], [-121.131898, 47.594167], [-121.131811, 47.59413], [-121.131725, 47.594095], [-121.131637, 47.59406], [-121.131549, 47.594026], [-121.13146, 47.593993], [-121.131371, 47.593961], [-121.13128, 47.59393], [-121.13119, 47.593899], [-121.131141, 47.593882], [-121.1311, 47.593868], [-121.131057, 47.593853], [-121.131005, 47.593835], [-121.13092, 47.593805], [-121.130831, 47.593772], [-121.130745, 47.593739], [-121.13073, 47.593733], [-121.130655, 47.593704], [-121.130568, 47.593669], [-121.130499, 47.593641], [-121.130481, 47.593633], [-121.130394, 47.593598], [-121.130308, 47.593562], [-121.130288, 47.593553], [-121.130221, 47.593526], [-121.130135, 47.59349], [-121.130048, 47.593454], [-121.129962, 47.593418], [-121.129875, 47.593383], [-121.129787, 47.593348], [-121.1297, 47.593314], [-121.129612, 47.593281], [-121.129523, 47.593248], [-121.129433, 47.593217], [-121.129343, 47.593186], [-121.129251, 47.593157], [-121.129158, 47.59313], [-121.129064, 47.593104], [-121.128969, 47.59308], [-121.128873, 47.593057], [-121.128777, 47.593035], [-121.128681, 47.593013], [-121.128584, 47.592992], [-121.128488, 47.592971], [-121.128391, 47.59295], [-121.128294, 47.59293], [-121.128197, 47.59291], [-121.128101, 47.592891], [-121.128003, 47.592872], [-121.127905, 47.592854], [-121.127807, 47.592836], [-121.127709, 47.592819], [-121.127611, 47.592802], [-121.127512, 47.592786], [-121.127414, 47.592769], [-121.127315, 47.592755], [-121.127214, 47.592742], [-121.127111, 47.592732], [-121.12701, 47.592722], [-121.126908, 47.592713], [-121.126808, 47.592703], [-121.126708, 47.59269], [-121.126611, 47.592674], [-121.126517, 47.592654], [-121.126443, 47.592629], [-121.12636, 47.592575], [-121.126296, 47.592518], [-121.126226, 47.592466], [-121.12614, 47.592433], [-121.126039, 47.592418], [-121.125938, 47.59241], [-121.125838, 47.592403], [-121.125737, 47.592398], [-121.125635, 47.592393], [-121.125534, 47.592389], [-121.12543, 47.592385], [-121.125332, 47.59238], [-121.12523, 47.592375], [-121.125129, 47.592369], [-121.125028, 47.592365], [-121.124927, 47.59236], [-121.124825, 47.592354], [-121.124725, 47.592347], [-121.124625, 47.592338], [-121.124525, 47.592327], [-121.124498, 47.592324], [-121.124425, 47.592315], [-121.124325, 47.592303], [-121.124222, 47.592291], [-121.124125, 47.592279], [-121.124025, 47.592266], [-121.123925, 47.592253], [-121.123826, 47.592239], [-121.123727, 47.592224], [-121.123629, 47.592207], [-121.123531, 47.59219], [-121.123434, 47.592171], [-121.123338, 47.59215], [-121.123243, 47.592127], [-121.123148, 47.592102], [-121.123055, 47.592074], [-121.122963, 47.592044], [-121.122872, 47.592013], [-121.122783, 47.591979], [-121.122695, 47.591944], [-121.122611, 47.591907], [-121.12253, 47.591867], [-121.122455, 47.59182], [-121.122385, 47.591769], [-121.122316, 47.591715], [-121.122248, 47.591664], [-121.122175, 47.591617], [-121.122096, 47.591576], [-121.12201, 47.591545], [-121.121917, 47.59152], [-121.121819, 47.5915], [-121.121719, 47.591484], [-121.121618, 47.59147], [-121.12152, 47.591457], [-121.121417, 47.591441], [-121.121334, 47.591428], [-121.121319, 47.591426], [-121.121255, 47.591416], [-121.12122, 47.59141], [-121.121121, 47.591396], [-121.121021, 47.591383], [-121.120921, 47.591371], [-121.120821, 47.591362], [-121.12072, 47.591355], [-121.120618, 47.591347], [-121.120515, 47.591339], [-121.120412, 47.591331], [-121.12031, 47.591324], [-121.120205, 47.591319], [-121.120104, 47.591317], [-121.120003, 47.591318], [-121.119905, 47.591323], [-121.119809, 47.591333], [-121.119717, 47.591355], [-121.119628, 47.591392], [-121.119547, 47.59144], [-121.119476, 47.591493], [-121.119416, 47.591546], [-121.119366, 47.591606], [-121.119326, 47.591671], [-121.119295, 47.591738], [-121.119273, 47.591806], [-121.119265, 47.591872], [-121.119274, 47.591941], [-121.11929, 47.59201], [-121.119303, 47.592079], [-121.119303, 47.592147], [-121.11929, 47.592214], [-121.119271, 47.592284], [-121.11925, 47.592348], [-121.119226, 47.592415], [-121.119205, 47.592474], [-121.119202, 47.592482], [-121.119177, 47.592549], [-121.119153, 47.592616], [-121.119132, 47.592683], [-121.119114, 47.59275], [-121.119099, 47.592818], [-121.119085, 47.592886], [-121.119071, 47.592954], [-121.119058, 47.593022], [-121.119045, 47.59309], [-121.119032, 47.593158], [-121.11902, 47.593226], [-121.119008, 47.593294], [-121.118996, 47.593362], [-121.118985, 47.593431], [-121.118973, 47.593499], [-121.118962, 47.593567], [-121.118951, 47.593635], [-121.11894, 47.593704], [-121.118929, 47.593772], [-121.118918, 47.59384], [-121.118907, 47.593909], [-121.118896, 47.593977], [-121.118885, 47.594045], [-121.118874, 47.594113], [-121.118863, 47.594182], [-121.118859, 47.594203], [-121.118852, 47.59425], [-121.118844, 47.594297], [-121.11884, 47.594318], [-121.118834, 47.594352], [-121.118829, 47.594386], [-121.118817, 47.594454], [-121.118805, 47.594523], [-121.118799, 47.594557], [-121.118793, 47.594591], [-121.11878, 47.594659], [-121.118767, 47.594727], [-121.118764, 47.594742], [-121.118754, 47.594794], [-121.11874, 47.594862], [-121.118732, 47.594901], [-121.118726, 47.59493], [-121.118714, 47.594987], [-121.118711, 47.594998], [-121.118696, 47.595065], [-121.118687, 47.595104], [-121.118681, 47.595133], [-121.118677, 47.595148], [-121.118665, 47.5952], [-121.118648, 47.595268], [-121.118634, 47.595322], [-121.118631, 47.595335], [-121.118628, 47.595348], [-121.118614, 47.595402], [-121.118595, 47.59547], [-121.11858, 47.595522], [-121.118575, 47.595539], [-121.118556, 47.595603], [-121.118534, 47.59567], [-121.11851, 47.595734], [-121.118506, 47.595744], [-121.118482, 47.595803], [-121.118454, 47.595869], [-121.118426, 47.595932], [-121.118422, 47.595942], [-121.118393, 47.596001], [-121.11836, 47.596066], [-121.11833, 47.596124], [-121.118324, 47.596134], [-121.11829, 47.596196], [-121.118253, 47.596261], [-121.118214, 47.596325], [-121.118178, 47.596385], [-121.118167, 47.596402], [-121.118135, 47.596451], [-121.118095, 47.596514], [-121.118062, 47.596563], [-121.118052, 47.596578], [-121.118011, 47.596638], [-121.117969, 47.5967], [-121.11792, 47.596758], [-121.117859, 47.596813], [-121.117789, 47.596863], [-121.117712, 47.596912], [-121.117634, 47.596956], [-121.117555, 47.597], [-121.117476, 47.597041], [-121.117391, 47.59708], [-121.117305, 47.597116], [-121.117219, 47.597151], [-121.11713, 47.597187], [-121.117045, 47.597224], [-121.116962, 47.597264], [-121.116882, 47.597306], [-121.116804, 47.59735], [-121.116729, 47.597396], [-121.116656, 47.597444], [-121.116587, 47.597494], [-121.116522, 47.597547], [-121.116462, 47.597603], [-121.116403, 47.597661], [-121.116344, 47.597719], [-121.116286, 47.597775], [-121.116225, 47.597829], [-121.11616, 47.597879], [-121.116083, 47.597922], [-121.115972, 47.59794], [-121.115882, 47.597922], [-121.11582, 47.597874], [-121.115767, 47.597811], [-121.11572, 47.597745], [-121.115679, 47.597682], [-121.11565, 47.597614], [-121.115622, 47.597546], [-121.115581, 47.597484], [-121.115521, 47.597432], [-121.11545, 47.597381], [-121.115373, 47.597331], [-121.115289, 47.597286], [-121.115202, 47.597248], [-121.11511, 47.597221], [-121.115015, 47.597206], [-121.114918, 47.597198], [-121.114281, 47.597202], [-121.114207, 47.597206], [-121.114104, 47.597212], [-121.114001, 47.597219], [-121.113899, 47.597226], [-121.113797, 47.597233], [-121.113699, 47.597239], [-121.113569, 47.597288], [-121.11348, 47.59737], [-121.113434, 47.597431], [-121.11339, 47.597493], [-121.113345, 47.597556], [-121.113302, 47.597617], [-121.113256, 47.597678], [-121.113208, 47.597739], [-121.113156, 47.597797], [-121.113102, 47.597855], [-121.113047, 47.597913], [-121.11299, 47.59797], [-121.112931, 47.598026], [-121.112869, 47.598081], [-121.112805, 47.598134], [-121.112737, 47.598185], [-121.112666, 47.598233], [-121.112592, 47.598279], [-121.112515, 47.598323], [-121.112435, 47.598365], [-121.112398, 47.598384], [-121.112353, 47.598407], [-121.112329, 47.598419], [-121.112271, 47.598448], [-121.11219, 47.59849], [-121.11211, 47.598532], [-121.112032, 47.598576], [-121.111957, 47.598621], [-121.111888, 47.598671], [-121.111826, 47.598725], [-121.111771, 47.598784], [-121.111721, 47.598844], [-121.111681, 47.598898], [-121.111675, 47.598905], [-121.111638, 47.598951], [-121.111624, 47.598969], [-121.111576, 47.599027], [-121.111524, 47.599088], [-121.111472, 47.599149], [-121.11142, 47.59921], [-121.11137, 47.599272], [-121.111321, 47.599334], [-121.111276, 47.599396], [-121.111233, 47.599459], [-121.111195, 47.599522], [-121.111162, 47.599586], [-121.111135, 47.59965], [-121.111115, 47.599715], [-121.111102, 47.599781], [-121.111092, 47.599847], [-121.111085, 47.599914], [-121.111081, 47.599982], [-121.111079, 47.600049], [-121.111079, 47.600117], [-121.111081, 47.600185], [-121.111085, 47.600254], [-121.111091, 47.600323], [-121.111098, 47.600391], [-121.111106, 47.600461], [-121.111117, 47.60053], [-121.111128, 47.600599], [-121.11114, 47.600668], [-121.111154, 47.600737], [-121.111168, 47.600806], [-121.111183, 47.600875], [-121.111198, 47.600944], [-121.111214, 47.601013], [-121.111225, 47.60106], [-121.11123, 47.601081], [-121.111246, 47.60115], [-121.111263, 47.601217], [-121.111279, 47.601285], [-121.111296, 47.601352], [-121.111315, 47.60142], [-121.111335, 47.601487], [-121.111358, 47.601554], [-121.111381, 47.601621], [-121.111407, 47.601687], [-121.111434, 47.601754], [-121.111462, 47.60182], [-121.111493, 47.601886], [-121.111524, 47.601952], [-121.111557, 47.602017], [-121.111591, 47.602082], [-121.111627, 47.602146], [-121.111663, 47.60221], [-121.111701, 47.602273], [-121.11174, 47.602335], [-121.111785, 47.602396], [-121.111834, 47.602456], [-121.111887, 47.602515], [-121.111944, 47.602572], [-121.112003, 47.602629], [-121.112066, 47.602687], [-121.112126, 47.602739], [-121.112188, 47.602794], [-121.112251, 47.602847], [-121.112317, 47.602899], [-121.112384, 47.602951], [-121.112453, 47.603001], [-121.112523, 47.60305], [-121.112595, 47.603099], [-121.112668, 47.603147], [-121.112741, 47.603195], [-121.112815, 47.603241], [-121.112889, 47.603288], [-121.112964, 47.603337], [-121.113039, 47.603386], [-121.113116, 47.603433], [-121.113196, 47.603477], [-121.11328, 47.603514], [-121.113368, 47.603543], [-121.113461, 47.603564], [-121.113559, 47.603576], [-121.11366, 47.603583], [-121.113764, 47.603587], [-121.113868, 47.603589], [-121.113973, 47.603591], [-121.114075, 47.603596], [-121.114176, 47.603605], [-121.114272, 47.603621], [-121.114364, 47.603646], [-121.114451, 47.603679], [-121.114534, 47.603717], [-121.114543, 47.603722], [-121.114616, 47.603759], [-121.114663, 47.603784], [-121.114697, 47.603803], [-121.114779, 47.603845], [-121.114864, 47.603885], [-121.114951, 47.603919], [-121.115045, 47.60395], [-121.115065, 47.603956], [-121.11514, 47.603978], [-121.115236, 47.604006], [-121.115327, 47.604034], [-121.115418, 47.604067], [-121.1155, 47.604104], [-121.115574, 47.604148], [-121.11564, 47.604197], [-121.115702, 47.604251], [-121.115759, 47.604308], [-121.115812, 47.604367], [-121.115863, 47.604428], [-121.115909, 47.604492], [-121.115953, 47.604554], [-121.115994, 47.604618], [-121.116033, 47.60468], [-121.116067, 47.604745], [-121.116098, 47.60481], [-121.116126, 47.604875], [-121.11613, 47.604884], [-121.116152, 47.604942], [-121.116176, 47.605009], [-121.116196, 47.605063], [-121.116201, 47.605076], [-121.116226, 47.605143], [-121.116251, 47.605209], [-121.116279, 47.605276], [-121.11631, 47.605341], [-121.116344, 47.605405], [-121.116385, 47.605467], [-121.116432, 47.605528], [-121.116483, 47.605588], [-121.116534, 47.605648], [-121.116582, 47.605708], [-121.116625, 47.60577], [-121.116663, 47.605834], [-121.116696, 47.605898], [-121.116728, 47.605963], [-121.116757, 47.606027], [-121.116789, 47.606094], [-121.11682, 47.60616], [-121.116852, 47.606224], [-121.116887, 47.606289], [-121.116926, 47.606352], [-121.116966, 47.606415], [-121.117007, 47.606479], [-121.11705, 47.606542], [-121.117096, 47.606604], [-121.117145, 47.606664], [-121.117199, 47.606721], [-121.117257, 47.606776], [-121.117326, 47.606824], [-121.117405, 47.606867], [-121.11749, 47.606908], [-121.117573, 47.606948], [-121.117651, 47.606993], [-121.117722, 47.607042], [-121.117793, 47.607094], [-121.117858, 47.607149], [-121.117909, 47.607208], [-121.117941, 47.60727], [-121.117958, 47.607336], [-121.117966, 47.607405], [-121.117967, 47.607474], [-121.117963, 47.607544], [-121.11796, 47.607613], [-121.117956, 47.607682], [-121.117946, 47.607752], [-121.117933, 47.60782], [-121.117918, 47.60789], [-121.117906, 47.607959], [-121.117901, 47.608026], [-121.117906, 47.608092], [-121.117954, 47.60815], [-121.118027, 47.608203], [-121.11809, 47.608257], [-121.118155, 47.60831], [-121.118223, 47.608365], [-121.118285, 47.608416], [-121.11835, 47.608469], [-121.118412, 47.608522], [-121.118474, 47.608578], [-121.11853, 47.608634], [-121.118582, 47.608692], [-121.11863, 47.608752], [-121.118674, 47.608815], [-121.118713, 47.608879], [-121.118745, 47.608945], [-121.118771, 47.609012], [-121.11879, 47.609079], [-121.118802, 47.609146], [-121.11881, 47.609214], [-121.118815, 47.609285], [-121.118817, 47.609351], [-121.118818, 47.60942], [-121.118818, 47.609481], [-121.118818, 47.609489], [-121.118816, 47.609558], [-121.118816, 47.609627], [-121.118816, 47.609697], [-121.118818, 47.609765], [-121.118823, 47.609834], [-121.11883, 47.609902], [-121.118842, 47.609969], [-121.118858, 47.610037], [-121.118878, 47.610104], [-121.118902, 47.610171], [-121.118931, 47.610237], [-121.118962, 47.610303], [-121.118998, 47.610368], [-121.119037, 47.610432], [-121.11908, 47.610494], [-121.119126, 47.610555], [-121.119176, 47.610614], [-121.119228, 47.610673], [-121.119282, 47.61073], [-121.119339, 47.610787], [-121.119397, 47.610844], [-121.119456, 47.6109], [-121.119516, 47.610956], [-121.119577, 47.611012], [-121.119592, 47.611026], [-121.119637, 47.611067], [-121.119698, 47.611123], [-121.119758, 47.611179], [-121.119816, 47.611235], [-121.119873, 47.611292], [-121.119928, 47.611348], [-121.119981, 47.611407], [-121.120032, 47.611465], [-121.120076, 47.611525], [-121.120104, 47.61159], [-121.120118, 47.611659], [-121.120125, 47.611729], [-121.120132, 47.611799], [-121.120143, 47.611867], [-121.120153, 47.611935], [-121.120156, 47.611961], [-121.120161, 47.612003], [-121.12017, 47.612072], [-121.120176, 47.612128], [-121.120177, 47.61214], [-121.120184, 47.612208], [-121.120192, 47.612277], [-121.120199, 47.612345], [-121.120207, 47.612414], [-121.120215, 47.612482], [-121.120226, 47.61255], [-121.12024, 47.612618], [-121.120256, 47.612687], [-121.120272, 47.612756], [-121.120284, 47.612823], [-121.120291, 47.612892], [-121.120289, 47.612961], [-121.120281, 47.613027], [-121.12027, 47.613095], [-121.120259, 47.61316], [-121.120256, 47.613178], [-121.120246, 47.613231], [-121.120233, 47.613299], [-121.120225, 47.613337], [-121.120223, 47.613349], [-121.120219, 47.613367], [-121.120204, 47.613435], [-121.120189, 47.613502], [-121.120172, 47.61357], [-121.120155, 47.613638], [-121.120138, 47.613706], [-121.120119, 47.613773], [-121.120101, 47.613841], [-121.120081, 47.613908], [-121.120062, 47.613976], [-121.120042, 47.614043], [-121.120021, 47.61411], [-121.12, 47.614177], [-121.119978, 47.614244], [-121.119954, 47.614311], [-121.119923, 47.614377], [-121.119885, 47.614442], [-121.119844, 47.614508], [-121.119802, 47.614572], [-121.119763, 47.614637], [-121.119727, 47.614702], [-121.119698, 47.614766], [-121.119679, 47.614831], [-121.119672, 47.614895], [-121.119685, 47.61496], [-121.119715, 47.615024], [-121.119758, 47.615088], [-121.119806, 47.615152], [-121.119852, 47.615216], [-121.119893, 47.615281], [-121.11993, 47.615347], [-121.119978, 47.615418], [-121.120026, 47.61549], [-121.120064, 47.615559], [-121.12008, 47.615622], [-121.120066, 47.615675], [-121.120013, 47.615715], [-121.119931, 47.615746], [-121.11983, 47.615771], [-121.11972, 47.615794], [-121.119612, 47.615819], [-121.119516, 47.615851], [-121.119433, 47.61589], [-121.119353, 47.615932], [-121.119275, 47.615976], [-121.119199, 47.616022], [-121.119124, 47.616069], [-121.119051, 47.616116], [-121.118979, 47.616165], [-121.118908, 47.616214], [-121.118843, 47.616268], [-121.118781, 47.616324], [-121.11872, 47.616381], [-121.118655, 47.616433], [-121.118582, 47.616479], [-121.1185, 47.616516], [-121.118413, 47.616549], [-121.118323, 47.61658], [-121.118231, 47.616609], [-121.118137, 47.616636], [-121.118041, 47.616661], [-121.117945, 47.616685], [-121.117848, 47.616708], [-121.117751, 47.61673], [-121.117654, 47.616751], [-121.117558, 47.616771], [-121.117456, 47.616775], [-121.117352, 47.616767], [-121.117251, 47.616768], [-121.117159, 47.616793], [-121.11707, 47.616823], [-121.116983, 47.616858], [-121.116897, 47.616894], [-121.116811, 47.616932], [-121.116725, 47.616971], [-121.116639, 47.617008], [-121.116552, 47.617044], [-121.116466, 47.61708], [-121.11638, 47.617117], [-121.116294, 47.617153], [-121.116208, 47.617189], [-121.116121, 47.617224], [-121.116033, 47.617258], [-121.115944, 47.617291], [-121.115853, 47.617322], [-121.11576, 47.61735], [-121.115665, 47.617374], [-121.115567, 47.617388], [-121.115465, 47.617388], [-121.115363, 47.617391], [-121.11526, 47.617392], [-121.115157, 47.617392], [-121.115054, 47.617394], [-121.114954, 47.617402], [-121.114858, 47.617417], [-121.114765, 47.617442], [-121.114676, 47.617473], [-121.114588, 47.617509], [-121.114503, 47.617549], [-121.11442, 47.61759], [-121.11434, 47.617632], [-121.114261, 47.617675], [-121.114185, 47.61772], [-121.114109, 47.617765], [-121.114035, 47.617812], [-121.113961, 47.617859], [-121.113887, 47.617906], [-121.113813, 47.617953], [-121.113738, 47.618], [-121.113674, 47.618052], [-121.113618, 47.618109], [-121.113559, 47.618166], [-121.113501, 47.618223], [-121.113444, 47.61828], [-121.113389, 47.618338], [-121.113337, 47.618397], [-121.113288, 47.618456], [-121.113245, 47.618518], [-121.113207, 47.618581], [-121.113174, 47.618646], [-121.113146, 47.618713], [-121.113123, 47.618782], [-121.113108, 47.61885], [-121.113099, 47.618918], [-121.113099, 47.618986], [-121.113108, 47.619053], [-121.113126, 47.619119], [-121.11315, 47.619186], [-121.113178, 47.619253], [-121.113207, 47.61932], [-121.113236, 47.619386], [-121.113261, 47.619453], [-121.113282, 47.619521], [-121.113303, 47.619588], [-121.113324, 47.619655], [-121.113345, 47.619722], [-121.113366, 47.619789], [-121.113386, 47.619856], [-121.113407, 47.619923], [-121.113427, 47.61999], [-121.113446, 47.620057], [-121.113465, 47.620125], [-121.113484, 47.620192], [-121.113501, 47.62026], [-121.113518, 47.620327], [-121.113534, 47.620395], [-121.113549, 47.620462], [-121.113564, 47.62053], [-121.113578, 47.620598], [-121.113592, 47.620666], [-121.113604, 47.620734], [-121.113617, 47.620802], [-121.113629, 47.62087], [-121.11364, 47.620938], [-121.113651, 47.621007], [-121.113662, 47.621075], [-121.113671, 47.621143], [-121.113676, 47.621212], [-121.113677, 47.621281], [-121.113678, 47.621351], [-121.113682, 47.621419], [-121.113689, 47.621488], [-121.113704, 47.621555], [-121.113727, 47.621621], [-121.113755, 47.621686], [-121.113786, 47.621752], [-121.113821, 47.621817], [-121.11386, 47.621882], [-121.113902, 47.621945], [-121.113947, 47.622007], [-121.113996, 47.622067], [-121.114048, 47.622125], [-121.114106, 47.62218], [-121.114175, 47.622228], [-121.114253, 47.622273], [-121.114335, 47.622315], [-121.114417, 47.622358], [-121.114495, 47.622402], [-121.114568, 47.62245], [-121.114638, 47.622501], [-121.114701, 47.622555], [-121.114752, 47.622613], [-121.114792, 47.622676], [-121.114827, 47.62274], [-121.11486, 47.622806], [-121.114896, 47.62287], [-121.114928, 47.622937], [-121.114976, 47.622996], [-121.115053, 47.623039], [-121.115143, 47.623076], [-121.115234, 47.623112], [-121.115313, 47.623153], [-121.115368, 47.623206], [-121.115402, 47.623269], [-121.115424, 47.623338], [-121.115444, 47.623408], [-121.115474, 47.623474], [-121.115506, 47.623539], [-121.115541, 47.623603], [-121.115582, 47.623666], [-121.115627, 47.623727], [-121.115675, 47.623788], [-121.115725, 47.623847], [-121.115776, 47.623907], [-121.115829, 47.623965], [-121.115889, 47.624021], [-121.115952, 47.624077], [-121.11602, 47.624131], [-121.116098, 47.624171], [-121.11619, 47.624193], [-121.11629, 47.624205], [-121.116394, 47.624212], [-121.116498, 47.624219], [-121.116598, 47.624232], [-121.116688, 47.624258], [-121.116763, 47.624305], [-121.116834, 47.624356], [-121.116906, 47.624404], [-121.116978, 47.624453], [-121.117048, 47.624502], [-121.117117, 47.624552], [-121.117186, 47.624602], [-121.117255, 47.624653], [-121.117324, 47.624703], [-121.117393, 47.624753], [-121.117464, 47.624802], [-121.117536, 47.62485], [-121.117557, 47.624944], [-121.118767, 47.626979], [-121.120136, 47.627382], [-121.122567, 47.627032], [-121.124612, 47.627344], [-121.125024, 47.627838], [-121.125266, 47.628128], [-121.126013, 47.629867], [-121.126359, 47.630056], [-121.126773, 47.631426], [-121.127489, 47.63177], [-121.127868, 47.632101], [-121.127837, 47.632425], [-121.12728, 47.632895], [-121.1268, 47.634057], [-121.126568, 47.635517], [-121.126558, 47.636632], [-121.126139, 47.637042], [-121.125971, 47.637403], [-121.126292, 47.637619], [-121.126593, 47.638439], [-121.127597, 47.638949], [-121.128686, 47.639834], [-121.128877, 47.640543], [-121.129522, 47.641475], [-121.129953, 47.642327], [-121.130327, 47.643077], [-121.130813, 47.643827], [-121.131014, 47.644141], [-121.131324, 47.644472], [-121.132044, 47.644707], [-121.133697, 47.645605], [-121.132876, 47.647561], [-121.132523, 47.648235], [-121.13273, 47.649802], [-121.132332, 47.650366], [-121.132009, 47.650661], [-121.131758, 47.650659], [-121.131593, 47.650972], [-121.131408, 47.651882], [-121.131009, 47.653122], [-121.131166, 47.653502], [-121.130995, 47.654242], [-121.131508, 47.655201], [-121.131884, 47.655664], [-121.130705, 47.655872], [-121.130522, 47.655904], [-121.128569, 47.655702], [-121.127735, 47.656006], [-121.126262, 47.656704], [-121.125635, 47.657159], [-121.124681, 47.659203], [-121.124929, 47.660023], [-121.124815, 47.661335], [-121.124138, 47.661387], [-121.123819, 47.661704], [-121.123179, 47.663326], [-121.123518, 47.664591], [-121.124388, 47.665584], [-121.125024, 47.666137], [-121.125536, 47.666733], [-121.125658, 47.667673], [-121.126075, 47.668856], [-121.126532, 47.669221], [-121.127403, 47.671205], [-121.128002, 47.671651], [-121.128914, 47.672155], [-121.12929, 47.673255], [-121.129004, 47.674462], [-121.128995, 47.675566], [-121.128824, 47.676181], [-121.127544, 47.676685], [-121.126574, 47.677372], [-121.126502, 47.678306], [-121.126101, 47.678523], [-121.125225, 47.679436], [-121.123679, 47.680208], [-121.123115, 47.681085], [-121.123087, 47.682435], [-121.122742, 47.683906], [-121.121833, 47.684725], [-121.121584, 47.685213], [-121.120657, 47.68512], [-121.119882, 47.685237], [-121.118953, 47.685315], [-121.117965, 47.685686], [-121.11553, 47.686593], [-121.114119, 47.686992], [-121.113014, 47.686888], [-121.112618, 47.686628], [-121.111149, 47.687466], [-121.109172, 47.688828], [-121.108279, 47.689077], [-121.107524, 47.689171], [-121.106983, 47.688894], [-121.106211, 47.688797], [-121.105513, 47.688815], [-121.104071, 47.689483], [-121.102748, 47.690421], [-121.100802, 47.691641], [-121.099884, 47.692301], [-121.099259, 47.692654], [-121.098313, 47.692649], [-121.097918, 47.693013], [-121.097592, 47.693642], [-121.097277, 47.693909], [-121.096552, 47.694244], [-121.095805, 47.694463], [-121.095226, 47.694705], [-121.094594, 47.695051], [-121.094153, 47.695364], [-121.093519, 47.696067], [-121.092753, 47.697205], [-121.091722, 47.698056], [-121.091064, 47.698749], [-121.090887, 47.699067], [-121.090816, 47.699617], [-121.090924, 47.700106], [-121.091362, 47.700772], [-121.09143, 47.70132], [-121.091274, 47.701874], [-121.09096, 47.70238], [-121.090705, 47.702601], [-121.090288, 47.702834], [-121.089545, 47.703063], [-121.088706, 47.703161], [-121.088296, 47.703141], [-121.08786, 47.703062], [-121.08721, 47.702929], [-121.086613, 47.702896], [-121.086231, 47.70281], [-121.084425, 47.702227], [-121.08354, 47.70241], [-121.083138, 47.702364], [-121.082373, 47.702172], [-121.081943, 47.702125], [-121.079371, 47.701964], [-121.078876, 47.702043], [-121.078527, 47.702208], [-121.078354, 47.702459], [-121.078174, 47.702966], [-121.077664, 47.703401], [-121.07734, 47.703569], [-121.077076, 47.703658], [-121.076675, 47.703705], [-121.075931, 47.703679], [-121.074993, 47.703783], [-121.074305, 47.704075], [-121.07272, 47.70492], [-121.072392, 47.705051], [-121.071713, 47.705191], [-121.071228, 47.705291], [-121.070393, 47.705643], [-121.069602, 47.705911], [-121.068958, 47.706245], [-121.068714, 47.706318], [-121.068304, 47.706336], [-121.067216, 47.706249], [-121.067117, 47.706272], [-121.067093, 47.706313], [-121.066364, 47.70752], [-121.066307, 47.708368], [-121.066159, 47.708849], [-121.065945, 47.709279], [-121.066013, 47.709796], [-121.066251, 47.710467], [-121.066262, 47.711055], [-121.066004, 47.71251], [-121.066005, 47.713603], [-121.0663, 47.714167], [-121.067039, 47.714811], [-121.067861, 47.715356], [-121.068388, 47.715834], [-121.069135, 47.716714], [-121.069647, 47.717661], [-121.069965, 47.717829], [-121.071732, 47.718634], [-121.073123, 47.719159], [-121.0759, 47.719442], [-121.078259, 47.72001], [-121.078938, 47.720313], [-121.080661, 47.721266], [-121.081678, 47.721569], [-121.082217, 47.721982], [-121.082761, 47.722484], [-121.083632, 47.722741], [-121.083949, 47.723068], [-121.084585, 47.724227], [-121.084835, 47.725249], [-121.085222, 47.725989], [-121.085482, 47.726288], [-121.085872, 47.726939], [-121.086164, 47.727255], [-121.086312, 47.727536], [-121.086931, 47.728092], [-121.087155, 47.728231], [-121.087367, 47.728497], [-121.087347, 47.728629], [-121.086775, 47.729083], [-121.086292, 47.729258], [-121.085146, 47.729547], [-121.08478, 47.72991], [-121.084821, 47.73019], [-121.085134, 47.730972], [-121.085191, 47.73128], [-121.085124, 47.732003], [-121.084945, 47.732297], [-121.084548, 47.732589], [-121.083606, 47.733198], [-121.082289, 47.733852], [-121.08185, 47.734154], [-121.081524, 47.734468], [-121.081264, 47.734822], [-121.081097, 47.735275], [-121.080904, 47.73644], [-121.080769, 47.737028], [-121.080423, 47.737674], [-121.0797, 47.738531], [-121.078978, 47.738979], [-121.078995, 47.739193], [-121.079869, 47.740059], [-121.080358, 47.740404], [-121.080899, 47.741422], [-121.081632, 47.742567], [-121.082127, 47.743025], [-121.082819, 47.743402], [-121.086332, 47.744287], [-121.08706, 47.744531], [-121.087801, 47.744863], [-121.08971, 47.746099], [-121.089914, 47.746322], [-121.089976, 47.746594], [-121.089959, 47.747158], [-121.090238, 47.747672], [-121.090946, 47.748684], [-121.091596, 47.750403], [-121.09181, 47.750793], [-121.092168, 47.751626], [-121.092642, 47.753091], [-121.0927, 47.754021], [-121.092836, 47.754527], [-121.092783, 47.755263], [-121.092908, 47.755806], [-121.093654, 47.757013], [-121.093792, 47.757777], [-121.093899, 47.758043], [-121.094018, 47.758184], [-121.094332, 47.758362], [-121.094604, 47.758426], [-121.09501, 47.758403], [-121.095697, 47.758229], [-121.09608, 47.758324], [-121.097029, 47.758725], [-121.097444, 47.758835], [-121.097927, 47.758802], [-121.098486, 47.759049], [-121.0988, 47.759105], [-121.099185, 47.758992], [-121.099461, 47.758785], [-121.099853, 47.758432], [-121.100451, 47.757743], [-121.100961, 47.757315], [-121.101278, 47.75714], [-121.101704, 47.757017], [-121.102903, 47.756903], [-121.10646, 47.756806], [-121.107606, 47.756878], [-121.109409, 47.757204], [-121.109942, 47.757432], [-121.110506, 47.757827], [-121.110763, 47.758145], [-121.110858, 47.758417], [-121.110808, 47.758958], [-121.110512, 47.759772], [-121.110556, 47.761173], [-121.110505, 47.761597], [-121.110211, 47.762037], [-121.109931, 47.762961], [-121.109347, 47.764032], [-121.109068, 47.764527], [-121.108591, 47.76473], [-121.108688, 47.765367], [-121.1086, 47.76564], [-121.107699, 47.766568], [-121.107703, 47.766683], [-121.109215, 47.76676], [-121.109305, 47.766826], [-121.109811, 47.767113], [-121.110329, 47.767535], [-121.111519, 47.768748], [-121.113282, 47.769896], [-121.11391, 47.770248], [-121.113912, 47.770522], [-121.114254, 47.771319], [-121.11428, 47.771689], [-121.114513, 47.771919], [-121.115121, 47.772288], [-121.117385, 47.774225], [-121.119483, 47.775839], [-121.119639, 47.776023], [-121.11967, 47.776297], [-121.119503, 47.776992], [-121.119414, 47.77714], [-121.1189, 47.777564], [-121.118698, 47.778013], [-121.119079, 47.779543], [-121.11917, 47.779905], [-121.119177, 47.779935], [-121.120601, 47.779936], [-121.156302, 47.780022], [-121.195626, 47.780102], [-121.195672, 47.779144], [-121.208603, 47.779223], [-121.259593, 47.77956], [-121.342519, 47.77995], [-121.391259, 47.780242], [-121.455535, 47.780576], [-121.455545, 47.778426], [-121.495491, 47.778068], [-121.606297, 47.777004], [-121.602592, 47.648016], [-121.60067, 47.504413], [-121.490273, 47.504369], [-121.418772, 47.504284], [-121.361331, 47.504185], [-121.318177, 47.504091], [-121.313965, 47.504081], [-121.313168, 47.504079], [-121.312069, 47.504077], [-121.311187, 47.504074], [-121.309581, 47.504071], [-121.308827, 47.504069], [-121.306481, 47.504063], [-121.301294, 47.50405], [-121.296545, 47.504038], [-121.292942, 47.504029], [-121.291839, 47.504026]]]}, "properties": {"OBJECTID": 56, "Shape_Length": 474255.0830004299, "Shape_Area": 11269305390.270023, "State": "WA", "DistrictID": "WA0031", "DistrictNm": "Miller River", "Other_Name": null, "County": "King", "District_Link": "https://d92019.eos-intl.net/D92019/OPAC/Details/Record.aspx?BibCode=28452886", "District_Cite": "[Washington Geological Survey], [1980], Mining districts of Washington: [Washington Geological Survey], 1 plate, 1 p. text.", "Notes": null}}]}