{
"type": "FeatureCollection",
"name": "mrds",
"crs": { "type": "name", "properties": { "name": "urn:ogc:def:crs:OGC:1.3:CRS84" } },
"features": [
{ "type": "Feature", "properties": { "dep_id": "10036934", "site_name": "Helena and Sadie Prospect", "dev_stat": "Occurrence", "url": "https://mrdata.usgs.gov/mrds/show-mrds.php?dep_id=10036934", "code_list": "CU AU AG" }, "geometry": { "type": "Point", "coordinates": [ -121.46677, 47.95425 ] } },
{ "type": "Feature", "properties": { "dep_id": "10131453", "site_name": "Helen Deahn Placer", "dev_stat": "Prospect", "url": "https://mrdata.usgs.gov/mrds/show-mrds.php?dep_id=10131453", "code_list": "AU" }, "geometry": { "type": "Point", "coordinates": [ -121.80292, 47.92121 ] } },
{ "type": "Feature", "properties": { "dep_id": "10131988", "site_name": "Unnamed Pit", "dev_stat": "Past Producer", "url": "https://mrdata.usgs.gov/mrds/show-mrds.php?dep_id=10131988", "code_list": "SDG" }, "geometry": { "type": "Point", "coordinates": [ -122.24703, 47.79341 ] } },
{ "type": "Feature", "properties": { "dep_id": "10156142", "site_name": "Darrington", "dev_stat": "Past Producer", "url": "https://mrdata.usgs.gov/mrds/show-mrds.php?dep_id=10156142", "code_list": "PUM" }, "geometry": { "type": "Point", "coordinates": [ -121.46011, 48.16841 ] } },
{ "type": "Feature", "properties": { "dep_id": "10156712", "site_name": "Four Brothers", "dev_stat": "Occurrence", "url": "https://mrdata.usgs.gov/mrds/show-mrds.php?dep_id=10156712", "code_list": "PB AG" }, "geometry": { "type": "Point", "coordinates": [ -121.45091, 47.94621 ] } },
{ "type": "Feature", "properties": { "dep_id": "10204464", "site_name": "Lockwood", "dev_stat": "Occurrence", "url": "https://mrdata.usgs.gov/mrds/show-mrds.php?dep_id=10204464", "code_list": "PB AU AG" }, "geometry": { "type": "Point", "coordinates": [ -121.45061, 47.92291 ] } },
{ "type": "Feature", "properties": { "dep_id": "10228620", "site_name": "Silver Coin", "dev_stat": "Occurrence", "url": "https://mrdata.usgs.gov/mrds/show-mrds.php?dep_id=10228620", "code_list": "AU BI CU PB AG ZN" }, "geometry": { "type": "Point", "coordinates": [ -121.62402, 48.10591 ] } },
{ "type": "Feature", "properties": { "dep_id": "10253159", "site_name": "Unnamed Pit", "dev_stat": "Past Producer", "url": "https://mrdata.usgs.gov/mrds/show-mrds.php?dep_id=10253159", "code_list": "SDG" }, "geometry": { "type": "Point", "coordinates": [ -122.19703, 47.76921 ] } },
{ "type": "Feature", "properties": { "dep_id": "10253388", "site_name": "Unnamed Pit", "dev_stat": "Past Producer", "url": "https://mrdata.usgs.gov/mrds/show-mrds.php?dep_id=10253388", "code_list": "SDG" }, "geometry": { "type": "Point", "coordinates": [ -122.17373, 47.99901 ] } },
{ "type": "Feature", "properties": { "dep_id": "10253870", "site_name": "Unnamed Pit", "dev_stat": "Past Producer", "url": "https://mrdata.usgs.gov/mrds/show-mrds.php?dep_id=10253870", "code_list": "SDG" }, "geometry": { "type": "Point", "coordinates": [ -122.18594, 48.17091 ] } },
{ "type": "Feature", "properties": { "dep_id": "10277337", "site_name": "Racer Prospect", "dev_stat": "Prospect", "url": "https://mrdata.usgs.gov/mrds/show-mrds.php?dep_id=10277337", "code_list": "CU" }, "geometry": { "type": "Point", "coordinates": [ -121.46761, 47.81401 ] } },
{ "type": "Feature", "properties": { "dep_id": "10301661", "site_name": "Clara", "dev_stat": "Prospect", "url": "https://mrdata.usgs.gov/mrds/show-mrds.php?dep_id=10301661", "code_list": "AU PB AG" }, "geometry": { "type": "Point", "coordinates": [ -121.37061, 47.98202 ] } },
{ "type": "Feature", "properties": { "dep_id": "10253490", "site_name": "Manson No. 3 Prospect", "dev_stat": "Occurrence", "url": "https://mrdata.usgs.gov/mrds/show-mrds.php?dep_id=10253490", "code_list": "CU AG" }, "geometry": { "type": "Point", "coordinates": [ -121.47431, 47.83561 ] } },
{ "type": "Feature", "properties": { "dep_id": "10253959", "site_name": "Charlotte", "dev_stat": "Past Producer", "url": "https://mrdata.usgs.gov/mrds/show-mrds.php?dep_id=10253959", "code_list": "CU AU AG" }, "geometry": { "type": "Point", "coordinates": [ -121.49431, 47.86651 ] } },
{ "type": "Feature", "properties": { "dep_id": "10277751", "site_name": "Glengarry", "dev_stat": "Prospect", "url": "https://mrdata.usgs.gov/mrds/show-mrds.php?dep_id=10277751", "code_list": "AG CU AU" }, "geometry": { "type": "Point", "coordinates": [ -121.58012, 48.08841 ] } },
{ "type": "Feature", "properties": { "dep_id": "10301385", "site_name": "Jumbo Mt Nickel Deposit", "dev_stat": "Unknown", "url": "https://mrdata.usgs.gov/mrds/show-mrds.php?dep_id=10301385", "code_list": "NI" }, "geometry": { "type": "Point", "coordinates": [ -121.59982, 48.19561 ] } },
{ "type": "Feature", "properties": { "dep_id": "10036725", "site_name": "Green Crown Prospect", "dev_stat": "Occurrence", "url": "https://mrdata.usgs.gov/mrds/show-mrds.php?dep_id=10036725", "code_list": "AU AG CU" }, "geometry": { "type": "Point", "coordinates": [ -121.69094, 48.21537 ] } },
{ "type": "Feature", "properties": { "dep_id": "10036769", "site_name": "Great Northern Prospect", "dev_stat": "Occurrence", "url": "https://mrdata.usgs.gov/mrds/show-mrds.php?dep_id=10036769", "code_list": "AU CU AG" }, "geometry": { "type": "Point", "coordinates": [ -121.74761, 47.96064 ] } },
{ "type": "Feature", "properties": { "dep_id": "10036936", "site_name": "Hunter Prospect", "dev_stat": "Occurrence", "url": "https://mrdata.usgs.gov/mrds/show-mrds.php?dep_id=10036936", "code_list": "AU AG PB CU" }, "geometry": { "type": "Point", "coordinates": [ -121.639, 48.22398 ] } },
{ "type": "Feature", "properties": { "dep_id": "10155516", "site_name": "Vesper Peak", "dev_stat": "Producer", "url": "https://mrdata.usgs.gov/mrds/show-mrds.php?dep_id=10155516", "code_list": "ABR_G" }, "geometry": { "type": "Point", "coordinates": [ -121.52561, 48.01481 ] } },
{ "type": "Feature", "properties": { "dep_id": "10156652", "site_name": "Whistler", "dev_stat": "Prospect", "url": "https://mrdata.usgs.gov/mrds/show-mrds.php?dep_id=10156652", "code_list": "PB CU AU AG ZN" }, "geometry": { "type": "Point", "coordinates": [ -121.35731, 47.98902 ] } },
{ "type": "Feature", "properties": { "dep_id": "10179910", "site_name": "Idaho", "dev_stat": "Prospect", "url": "https://mrdata.usgs.gov/mrds/show-mrds.php?dep_id=10179910", "code_list": "PB AU AG" }, "geometry": { "type": "Point", "coordinates": [ -121.44431, 47.92511 ] } },
{ "type": "Feature", "properties": { "dep_id": "10204813", "site_name": "Montezuma", "dev_stat": "Occurrence", "url": "https://mrdata.usgs.gov/mrds/show-mrds.php?dep_id=10204813", "code_list": "CU" }, "geometry": { "type": "Point", "coordinates": [ -121.63542, 48.11591 ] } },
{ "type": "Feature", "properties": { "dep_id": "10208409", "site_name": "Everett Pit & Plant", "dev_stat": "Past Producer", "url": "https://mrdata.usgs.gov/mrds/show-mrds.php?dep_id=10208409", "code_list": "SDG" }, "geometry": { "type": "Point", "coordinates": [ -122.24013, 47.93791 ] } },
{ "type": "Feature", "properties": { "dep_id": "10228366", "site_name": "Sunset", "dev_stat": "Prospect", "url": "https://mrdata.usgs.gov/mrds/show-mrds.php?dep_id=10228366", "code_list": "AU AG" }, "geometry": { "type": "Point", "coordinates": [ -121.34121, 48.01122 ] } },
{ "type": "Feature", "properties": { "dep_id": "10277071", "site_name": "Startup Pit", "dev_stat": "Past Producer", "url": "https://mrdata.usgs.gov/mrds/show-mrds.php?dep_id=10277071", "code_list": "SDG" }, "geometry": { "type": "Point", "coordinates": [ -121.74512, 47.85731 ] } },
{ "type": "Feature", "properties": { "dep_id": "10277726", "site_name": "Halford Quarry", "dev_stat": "Past Producer", "url": "https://mrdata.usgs.gov/mrds/show-mrds.php?dep_id=10277726", "code_list": "STN_C" }, "geometry": { "type": "Point", "coordinates": [ -121.50541, 47.78871 ] } },
{ "type": "Feature", "properties": { "dep_id": "10301704", "site_name": "Paddock", "dev_stat": "Past Producer", "url": "https://mrdata.usgs.gov/mrds/show-mrds.php?dep_id=10301704", "code_list": "STN_C" }, "geometry": { "type": "Point", "coordinates": [ -121.99733, 48.20151 ] } },
{ "type": "Feature", "properties": { "dep_id": "10302053", "site_name": "Unnamed Pit", "dev_stat": "Past Producer", "url": "https://mrdata.usgs.gov/mrds/show-mrds.php?dep_id=10302053", "code_list": "SDG" }, "geometry": { "type": "Point", "coordinates": [ -121.88812, 47.98261 ] } },
{ "type": "Feature", "properties": { "dep_id": "10156600", "site_name": "Big Bear and Butte", "dev_stat": "Prospect", "url": "https://mrdata.usgs.gov/mrds/show-mrds.php?dep_id=10156600", "code_list": "AU CU AG" }, "geometry": { "type": "Point", "coordinates": [ -121.65202, 48.13121 ] } },
{ "type": "Feature", "properties": { "dep_id": "10179776", "site_name": "Jesse", "dev_stat": "Occurrence", "url": "https://mrdata.usgs.gov/mrds/show-mrds.php?dep_id=10179776", "code_list": "AU CU AG" }, "geometry": { "type": "Point", "coordinates": [ -121.64652, 48.21561 ] } },
{ "type": "Feature", "properties": { "dep_id": "10204265", "site_name": "Uncle Sam Prospect", "dev_stat": "Prospect", "url": "https://mrdata.usgs.gov/mrds/show-mrds.php?dep_id=10204265", "code_list": "CU AU AG" }, "geometry": { "type": "Point", "coordinates": [ -121.48011, 47.80841 ] } },
{ "type": "Feature", "properties": { "dep_id": "10277714", "site_name": "Harley", "dev_stat": "Prospect", "url": "https://mrdata.usgs.gov/mrds/show-mrds.php?dep_id=10277714", "code_list": "AU" }, "geometry": { "type": "Point", "coordinates": [ -121.52812, 48.23451 ] } },
{ "type": "Feature", "properties": { "dep_id": "10277719", "site_name": "Worthy Creek Pit", "dev_stat": "Past Producer", "url": "https://mrdata.usgs.gov/mrds/show-mrds.php?dep_id=10277719", "code_list": "SDG" }, "geometry": { "type": "Point", "coordinates": [ -121.89293, 48.05811 ] } },
{ "type": "Feature", "properties": { "dep_id": "10301800", "site_name": "Blue Sky Claims", "dev_stat": "Occurrence", "url": "https://mrdata.usgs.gov/mrds/show-mrds.php?dep_id=10301800", "code_list": "CU" }, "geometry": { "type": "Point", "coordinates": [ -121.42481, 47.91371 ] } },
{ "type": "Feature", "properties": { "dep_id": "10103534", "site_name": "Peabody Mine", "dev_stat": "Past Producer", "url": "https://mrdata.usgs.gov/mrds/show-mrds.php?dep_id=10103534", "code_list": "AU AG PB ZN" }, "geometry": { "type": "Point", "coordinates": [ -121.38454, 47.97676 ] } },
{ "type": "Feature", "properties": { "dep_id": "10204584", "site_name": "Calumet", "dev_stat": "Prospect", "url": "https://mrdata.usgs.gov/mrds/show-mrds.php?dep_id=10204584", "code_list": "AU CU AG ZN" }, "geometry": { "type": "Point", "coordinates": [ -121.50561, 47.97451 ] } },
{ "type": "Feature", "properties": { "dep_id": "10204595", "site_name": "Jordan Road Pit", "dev_stat": "Past Producer", "url": "https://mrdata.usgs.gov/mrds/show-mrds.php?dep_id=10204595", "code_list": "SDG" }, "geometry": { "type": "Point", "coordinates": [ -121.97903, 48.10261 ] } },
{ "type": "Feature", "properties": { "dep_id": "10204646", "site_name": "Lnew Discovery Mine", "dev_stat": "Past Producer", "url": "https://mrdata.usgs.gov/mrds/show-mrds.php?dep_id=10204646", "code_list": "AU CU PB AG ZN" }, "geometry": { "type": "Point", "coordinates": [ -121.36201, 47.98062 ] } },
{ "type": "Feature", "properties": { "dep_id": "10204786", "site_name": "Evening Star Lode", "dev_stat": "Prospect", "url": "https://mrdata.usgs.gov/mrds/show-mrds.php?dep_id=10204786", "code_list": "CU PB ZN" }, "geometry": { "type": "Point", "coordinates": [ -121.39791, 47.95672 ] } },
{ "type": "Feature", "properties": { "dep_id": "10228823", "site_name": "Sloman", "dev_stat": "Prospect", "url": "https://mrdata.usgs.gov/mrds/show-mrds.php?dep_id=10228823", "code_list": "AU CU AG" }, "geometry": { "type": "Point", "coordinates": [ -121.67622, 48.21981 ] } },
{ "type": "Feature", "properties": { "dep_id": "10228849", "site_name": "Mysterymine", "dev_stat": "Past Producer", "url": "https://mrdata.usgs.gov/mrds/show-mrds.php?dep_id=10228849", "code_list": "AU CU PB AG ZN" }, "geometry": { "type": "Point", "coordinates": [ -121.36931, 47.98042 ] } },
{ "type": "Feature", "properties": { "dep_id": "10277401", "site_name": "Non-Pareil Mine", "dev_stat": "Past Producer", "url": "https://mrdata.usgs.gov/mrds/show-mrds.php?dep_id=10277401", "code_list": "CU CO AU NI AG" }, "geometry": { "type": "Point", "coordinates": [ -121.44651, 47.84981 ] } },
{ "type": "Feature", "properties": { "dep_id": "10155615", "site_name": "Unnamed Pit", "dev_stat": "Past Producer", "url": "https://mrdata.usgs.gov/mrds/show-mrds.php?dep_id=10155615", "code_list": "SDG" }, "geometry": { "type": "Point", "coordinates": [ -122.23763, 47.76901 ] } },
{ "type": "Feature", "properties": { "dep_id": "10253697", "site_name": "Unnamed Pit", "dev_stat": "Past Producer", "url": "https://mrdata.usgs.gov/mrds/show-mrds.php?dep_id=10253697", "code_list": "SDG" }, "geometry": { "type": "Point", "coordinates": [ -122.19154, 48.19731 ] } },
{ "type": "Feature", "properties": { "dep_id": "10253761", "site_name": "Machias Pit", "dev_stat": "Past Producer", "url": "https://mrdata.usgs.gov/mrds/show-mrds.php?dep_id=10253761", "code_list": "SDG" }, "geometry": { "type": "Point", "coordinates": [ -122.04843, 47.98171 ] } },
{ "type": "Feature", "properties": { "dep_id": "10277496", "site_name": "Grant", "dev_stat": "Unknown", "url": "https://mrdata.usgs.gov/mrds/show-mrds.php?dep_id=10277496", "code_list": "AU" }, "geometry": { "type": "Point", "coordinates": [ -121.37901, 47.97342 ] } },
{ "type": "Feature", "properties": { "dep_id": "10277498", "site_name": "Boston Prospect", "dev_stat": "Occurrence", "url": "https://mrdata.usgs.gov/mrds/show-mrds.php?dep_id=10277498", "code_list": "AG ZN" }, "geometry": { "type": "Point", "coordinates": [ -121.41811, 47.84622 ] } },
{ "type": "Feature", "properties": { "dep_id": "10277748", "site_name": "Golconda", "dev_stat": "Prospect", "url": "https://mrdata.usgs.gov/mrds/show-mrds.php?dep_id=10277748", "code_list": "PB AU AG" }, "geometry": { "type": "Point", "coordinates": [ -121.38931, 47.91792 ] } },
{ "type": "Feature", "properties": { "dep_id": "10072497", "site_name": "Sultan", "dev_stat": "Occurrence", "url": "https://mrdata.usgs.gov/mrds/show-mrds.php?dep_id=10072497", "code_list": "U" }, "geometry": { "type": "Point", "coordinates": [ -121.9165, 47.83481 ] } },
{ "type": "Feature", "properties": { "dep_id": "10095813", "site_name": "Goat Haven", "dev_stat": "Occurrence", "url": "https://mrdata.usgs.gov/mrds/show-mrds.php?dep_id=10095813", "code_list": "CU MO" }, "geometry": { "type": "Point", "coordinates": [ -121.46788, 47.96648 ] } },
{ "type": "Feature", "properties": { "dep_id": "10131569", "site_name": "Whaleback", "dev_stat": "Prospect", "url": "https://mrdata.usgs.gov/mrds/show-mrds.php?dep_id=10131569", "code_list": "AU CU AG" }, "geometry": { "type": "Point", "coordinates": [ -121.41901, 47.97372 ] } },
{ "type": "Feature", "properties": { "dep_id": "10132004", "site_name": "Spec Rock Quarry", "dev_stat": "Producer", "url": "https://mrdata.usgs.gov/mrds/show-mrds.php?dep_id=10132004", "code_list": "STN_C" }, "geometry": { "type": "Point", "coordinates": [ -121.99182, 47.81651 ] } },
{ "type": "Feature", "properties": { "dep_id": "10156631", "site_name": "Unnamed Pit", "dev_stat": "Past Producer", "url": "https://mrdata.usgs.gov/mrds/show-mrds.php?dep_id=10156631", "code_list": "SDG" }, "geometry": { "type": "Point", "coordinates": [ -122.13654, 48.17901 ] } },
{ "type": "Feature", "properties": { "dep_id": "10156954", "site_name": "Hustler", "dev_stat": "Prospect", "url": "https://mrdata.usgs.gov/mrds/show-mrds.php?dep_id=10156954", "code_list": "CU MO W" }, "geometry": { "type": "Point", "coordinates": [ -121.46181, 48.01511 ] } },
{ "type": "Feature", "properties": { "dep_id": "10179937", "site_name": "Baring Quarry", "dev_stat": "Past Producer", "url": "https://mrdata.usgs.gov/mrds/show-mrds.php?dep_id=10179937", "code_list": "STN_C" }, "geometry": { "type": "Point", "coordinates": [ -121.48591, 47.77671 ] } },
{ "type": "Feature", "properties": { "dep_id": "10180963", "site_name": "Cascade", "dev_stat": "Prospect", "url": "https://mrdata.usgs.gov/mrds/show-mrds.php?dep_id=10180963", "code_list": "AU CU PB AG ZN" }, "geometry": { "type": "Point", "coordinates": [ -121.43901, 47.92621 ] } },
{ "type": "Feature", "properties": { "dep_id": "10277366", "site_name": "Bench Placer", "dev_stat": "Prospect", "url": "https://mrdata.usgs.gov/mrds/show-mrds.php?dep_id=10277366", "code_list": "AU" }, "geometry": { "type": "Point", "coordinates": [ -121.43731, 47.89481 ] } },
{ "type": "Feature", "properties": { "dep_id": "10301465", "site_name": "Silver Strip Claim", "dev_stat": "Prospect", "url": "https://mrdata.usgs.gov/mrds/show-mrds.php?dep_id=10301465", "code_list": "CU" }, "geometry": { "type": "Point", "coordinates": [ -121.44561, 47.90261 ] } },
{ "type": "Feature", "properties": { "dep_id": "10036709", "site_name": "Cooperative Mine Lower Workings", "dev_stat": "Occurrence", "url": "https://mrdata.usgs.gov/mrds/show-mrds.php?dep_id=10036709", "code_list": "AU CU AG PB ZN" }, "geometry": { "type": "Point", "coordinates": [ -121.42454, 47.87759 ] } },
{ "type": "Feature", "properties": { "dep_id": "10040183", "site_name": "Eclipse", "dev_stat": "Occurrence", "url": "https://mrdata.usgs.gov/mrds/show-mrds.php?dep_id=10040183", "code_list": "AU AG CU HG" }, "geometry": { "type": "Point", "coordinates": [ -121.57705, 48.0737 ] } },
{ "type": "Feature", "properties": { "dep_id": "10056112", "site_name": "Monte Cristo", "dev_stat": "Occurrence", "url": "https://mrdata.usgs.gov/mrds/show-mrds.php?dep_id=10056112", "code_list": "AU AG PB ZN CU" }, "geometry": { "type": "Point", "coordinates": [ -121.36982, 47.98093 ] } },
{ "type": "Feature", "properties": { "dep_id": "10156964", "site_name": "Ruby King", "dev_stat": "Prospect", "url": "https://mrdata.usgs.gov/mrds/show-mrds.php?dep_id=10156964", "code_list": "AU CU PB AG" }, "geometry": { "type": "Point", "coordinates": [ -121.44121, 47.92291 ] } },
{ "type": "Feature", "properties": { "dep_id": "10179819", "site_name": "Daisy", "dev_stat": "Prospect", "url": "https://mrdata.usgs.gov/mrds/show-mrds.php?dep_id=10179819", "code_list": "AU SB CU PB AG ZN" }, "geometry": { "type": "Point", "coordinates": [ -121.40541, 47.92592 ] } },
{ "type": "Feature", "properties": { "dep_id": "10204508", "site_name": "Silver Queen", "dev_stat": "Occurrence", "url": "https://mrdata.usgs.gov/mrds/show-mrds.php?dep_id=10204508", "code_list": "AU PB AG ZN" }, "geometry": { "type": "Point", "coordinates": [ -121.39981, 47.96592 ] } },
{ "type": "Feature", "properties": { "dep_id": "10228521", "site_name": "Good Hope", "dev_stat": "Past Producer", "url": "https://mrdata.usgs.gov/mrds/show-mrds.php?dep_id=10228521", "code_list": "AU CU PB AG V ZN" }, "geometry": { "type": "Point", "coordinates": [ -121.40811, 47.95792 ] } },
{ "type": "Feature", "properties": { "dep_id": "10301932", "site_name": "Kazian", "dev_stat": "Unknown", "url": "https://mrdata.usgs.gov/mrds/show-mrds.php?dep_id=10301932", "code_list": "CU PB ZN" }, "geometry": { "type": "Point", "coordinates": [ -121.44561, 47.90951 ] } },
{ "type": "Feature", "properties": { "dep_id": "10048565", "site_name": "East Standard", "dev_stat": "Occurrence", "url": "https://mrdata.usgs.gov/mrds/show-mrds.php?dep_id=10048565", "code_list": "AU AG CU PB ZN AS SB" }, "geometry": { "type": "Point", "coordinates": [ -121.3551, 48.01371 ] } },
{ "type": "Feature", "properties": { "dep_id": "10184354", "site_name": "Marmot No. 1", "dev_stat": "Prospect", "url": "https://mrdata.usgs.gov/mrds/show-mrds.php?dep_id=10184354", "code_list": "AU CU AG ZN" }, "geometry": { "type": "Point", "coordinates": [ -121.37871, 47.99232 ] } },
{ "type": "Feature", "properties": { "dep_id": "10204367", "site_name": "Bluebell", "dev_stat": "Unknown", "url": "https://mrdata.usgs.gov/mrds/show-mrds.php?dep_id=10204367", "code_list": "AU CU PB AG" }, "geometry": { "type": "Point", "coordinates": [ -121.43731, 47.94981 ] } },
{ "type": "Feature", "properties": { "dep_id": "10228739", "site_name": "Lawrence", "dev_stat": "Prospect", "url": "https://mrdata.usgs.gov/mrds/show-mrds.php?dep_id=10228739", "code_list": "CU" }, "geometry": { "type": "Point", "coordinates": [ -121.78093, 48.32061 ] } },
{ "type": "Feature", "properties": { "dep_id": "10229095", "site_name": "Broken Ridge", "dev_stat": "Past Producer", "url": "https://mrdata.usgs.gov/mrds/show-mrds.php?dep_id=10229095", "code_list": "CU AU MO ZN" }, "geometry": { "type": "Point", "coordinates": [ -121.44091, 47.91201 ] } },
{ "type": "Feature", "properties": { "dep_id": "10277655", "site_name": "Twin Lakes", "dev_stat": "Occurrence", "url": "https://mrdata.usgs.gov/mrds/show-mrds.php?dep_id=10277655", "code_list": "STN_C" }, "geometry": { "type": "Point", "coordinates": [ -121.94873, 48.18261 ] } },
{ "type": "Feature", "properties": { "dep_id": "10036730", "site_name": "Copper Independent Mine", "dev_stat": "Past Producer", "url": "https://mrdata.usgs.gov/mrds/show-mrds.php?dep_id=10036730", "code_list": "AU AG AS" }, "geometry": { "type": "Point", "coordinates": [ -121.569, 48.07564 ] } },
{ "type": "Feature", "properties": { "dep_id": "10036939", "site_name": "Independence Prospect", "dev_stat": "Occurrence", "url": "https://mrdata.usgs.gov/mrds/show-mrds.php?dep_id=10036939", "code_list": "CU" }, "geometry": { "type": "Point", "coordinates": [ -121.43593, 47.94898 ] } },
{ "type": "Feature", "properties": { "dep_id": "10056097", "site_name": "Copper Belle", "dev_stat": "Past Producer", "url": "https://mrdata.usgs.gov/mrds/show-mrds.php?dep_id=10056097", "code_list": "CU AU AG W" }, "geometry": { "type": "Point", "coordinates": [ -121.61427, 47.84842 ] } },
{ "type": "Feature", "properties": { "dep_id": "10095364", "site_name": "Sunrise Prospect", "dev_stat": "Prospect", "url": "https://mrdata.usgs.gov/mrds/show-mrds.php?dep_id=10095364", "code_list": "CU MO W AG AU PB ZN BI" }, "geometry": { "type": "Point", "coordinates": [ -121.50451, 48.00841 ] } },
{ "type": "Feature", "properties": { "dep_id": "10131878", "site_name": "Emma Moore", "dev_stat": "Prospect", "url": "https://mrdata.usgs.gov/mrds/show-mrds.php?dep_id=10131878", "code_list": "PB CD CU AU AG ZN" }, "geometry": { "type": "Point", "coordinates": [ -121.38621, 47.97062 ] } },
{ "type": "Feature", "properties": { "dep_id": "10132066", "site_name": "Leon Placer", "dev_stat": "Occurrence", "url": "https://mrdata.usgs.gov/mrds/show-mrds.php?dep_id=10132066", "code_list": "AU" }, "geometry": { "type": "Point", "coordinates": [ -121.41931, 47.89702 ] } },
{ "type": "Feature", "properties": { "dep_id": "10181080", "site_name": "Helen May #6", "dev_stat": "Prospect", "url": "https://mrdata.usgs.gov/mrds/show-mrds.php?dep_id=10181080", "code_list": "CU AG" }, "geometry": { "type": "Point", "coordinates": [ -121.42591, 47.94312 ] } },
{ "type": "Feature", "properties": { "dep_id": "10229122", "site_name": "Miller & Reynolds Prospect", "dev_stat": "Unknown", "url": "https://mrdata.usgs.gov/mrds/show-mrds.php?dep_id=10229122", "code_list": "ZN CU" }, "geometry": { "type": "Point", "coordinates": [ -121.82982, 47.91371 ] } },
{ "type": "Feature", "properties": { "dep_id": "10253804", "site_name": "Sandhill Pit", "dev_stat": "Past Producer", "url": "https://mrdata.usgs.gov/mrds/show-mrds.php?dep_id=10253804", "code_list": "SDG" }, "geometry": { "type": "Point", "coordinates": [ -121.84292, 48.10811 ] } },
{ "type": "Feature", "properties": { "dep_id": "10056110", "site_name": "Lockwood Pyrite", "dev_stat": "Occurrence", "url": "https://mrdata.usgs.gov/mrds/show-mrds.php?dep_id=10056110", "code_list": "AU ZN CU FE S AG" }, "geometry": { "type": "Point", "coordinates": [ -121.71789, 47.96287 ] } },
{ "type": "Feature", "properties": { "dep_id": "10131560", "site_name": "Reiter", "dev_stat": "Past Producer", "url": "https://mrdata.usgs.gov/mrds/show-mrds.php?dep_id=10131560", "code_list": "AS" }, "geometry": { "type": "Point", "coordinates": [ -121.58451, 47.85671 ] } },
{ "type": "Feature", "properties": { "dep_id": "10252925", "site_name": "Old Gray Mare", "dev_stat": "Unknown", "url": "https://mrdata.usgs.gov/mrds/show-mrds.php?dep_id=10252925", "code_list": "ZN PB" }, "geometry": { "type": "Point", "coordinates": [ -121.82623, 48.32121 ] } },
{ "type": "Feature", "properties": { "dep_id": "10277447", "site_name": "Washington", "dev_stat": "Occurrence", "url": "https://mrdata.usgs.gov/mrds/show-mrds.php?dep_id=10277447", "code_list": "AU CU PB AG ZN" }, "geometry": { "type": "Point", "coordinates": [ -121.34871, 48.02762 ] } },
{ "type": "Feature", "properties": { "dep_id": "10301679", "site_name": "Steele", "dev_stat": "Prospect", "url": "https://mrdata.usgs.gov/mrds/show-mrds.php?dep_id=10301679", "code_list": "AU" }, "geometry": { "type": "Point", "coordinates": [ -121.44011, 47.99151 ] } },
{ "type": "Feature", "properties": { "dep_id": "10036798", "site_name": "New Seattle Prospect", "dev_stat": "Occurrence", "url": "https://mrdata.usgs.gov/mrds/show-mrds.php?dep_id=10036798", "code_list": "AG AU CU SB" }, "geometry": { "type": "Point", "coordinates": [ -121.62261, 48.12064 ] } },
{ "type": "Feature", "properties": { "dep_id": "10036942", "site_name": "Nickel Bird", "dev_stat": "Occurrence", "url": "https://mrdata.usgs.gov/mrds/show-mrds.php?dep_id=10036942", "code_list": "CU AG PB" }, "geometry": { "type": "Point", "coordinates": [ -121.53704, 48.07009 ] } },
{ "type": "Feature", "properties": { "dep_id": "10156436", "site_name": "Dixie Placer", "dev_stat": "Occurrence", "url": "https://mrdata.usgs.gov/mrds/show-mrds.php?dep_id=10156436", "code_list": "AU" }, "geometry": { "type": "Point", "coordinates": [ -121.43731, 47.89701 ] } },
{ "type": "Feature", "properties": { "dep_id": "10179929", "site_name": "Index Peacock", "dev_stat": "Prospect", "url": "https://mrdata.usgs.gov/mrds/show-mrds.php?dep_id=10179929", "code_list": "CU" }, "geometry": { "type": "Point", "coordinates": [ -121.47901, 47.82341 ] } },
{ "type": "Feature", "properties": { "dep_id": "10180108", "site_name": "Republican", "dev_stat": "Unknown", "url": "https://mrdata.usgs.gov/mrds/show-mrds.php?dep_id=10180108", "code_list": "PB AU AG" }, "geometry": { "type": "Point", "coordinates": [ -121.34341, 48.00922 ] } },
{ "type": "Feature", "properties": { "dep_id": "10180484", "site_name": "Gold Boy", "dev_stat": "Prospect", "url": "https://mrdata.usgs.gov/mrds/show-mrds.php?dep_id=10180484", "code_list": "AU" }, "geometry": { "type": "Point", "coordinates": [ -121.44201, 47.92701 ] } },
{ "type": "Feature", "properties": { "dep_id": "10180571", "site_name": "Blue Canyon", "dev_stat": "Prospect", "url": "https://mrdata.usgs.gov/mrds/show-mrds.php?dep_id=10180571", "code_list": "AU AG ZN" }, "geometry": { "type": "Point", "coordinates": [ -121.43061, 47.94011 ] } },
{ "type": "Feature", "properties": { "dep_id": "10204658", "site_name": "Bon Ton", "dev_stat": "Occurrence", "url": "https://mrdata.usgs.gov/mrds/show-mrds.php?dep_id=10204658", "code_list": "CU AU AG" }, "geometry": { "type": "Point", "coordinates": [ -121.35201, 48.00062 ] } },
{ "type": "Feature", "properties": { "dep_id": "10277418", "site_name": "Monroe Quarry", "dev_stat": "Past Producer", "url": "https://mrdata.usgs.gov/mrds/show-mrds.php?dep_id=10277418", "code_list": "STN_D" }, "geometry": { "type": "Point", "coordinates": [ -121.98232, 47.85951 ] } },
{ "type": "Feature", "properties": { "dep_id": "10301512", "site_name": "Reiter Pit", "dev_stat": "Past Producer", "url": "https://mrdata.usgs.gov/mrds/show-mrds.php?dep_id=10301512", "code_list": "SDG" }, "geometry": { "type": "Point", "coordinates": [ -121.62931, 47.84121 ] } },
{ "type": "Feature", "properties": { "dep_id": "10036779", "site_name": "Seventy Six Prospect", "dev_stat": "Occurrence", "url": "https://mrdata.usgs.gov/mrds/show-mrds.php?dep_id=10036779", "code_list": "PB AG AU ZN CU AS" }, "geometry": { "type": "Point", "coordinates": [ -121.37843, 47.97232 ] } },
{ "type": "Feature", "properties": { "dep_id": "10056100", "site_name": "Forty Five", "dev_stat": "Occurrence", "url": "https://mrdata.usgs.gov/mrds/show-mrds.php?dep_id=10056100", "code_list": "AG PB AU ZN CU W" }, "geometry": { "type": "Point", "coordinates": [ -121.55177, 48.05703 ] } },
{ "type": "Feature", "properties": { "dep_id": "10131361", "site_name": "Granite Falls Placer", "dev_stat": "Occurrence", "url": "https://mrdata.usgs.gov/mrds/show-mrds.php?dep_id=10131361", "code_list": "AU" }, "geometry": { "type": "Point", "coordinates": [ -121.94543, 48.10401 ] } },
{ "type": "Feature", "properties": { "dep_id": "10131699", "site_name": "Arlington Industrial Pit", "dev_stat": "Past Producer", "url": "https://mrdata.usgs.gov/mrds/show-mrds.php?dep_id=10131699", "code_list": "SDG" }, "geometry": { "type": "Point", "coordinates": [ -122.13314, 48.17671 ] } },
{ "type": "Feature", "properties": { "dep_id": "10156305", "site_name": "Climax Prospect", "dev_stat": "Prospect", "url": "https://mrdata.usgs.gov/mrds/show-mrds.php?dep_id=10156305", "code_list": "CU AG" }, "geometry": { "type": "Point", "coordinates": [ -121.44061, 47.82651 ] } },
{ "type": "Feature", "properties": { "dep_id": "10204279", "site_name": "Lost Creek", "dev_stat": "Prospect", "url": "https://mrdata.usgs.gov/mrds/show-mrds.php?dep_id=10204279", "code_list": "CU AU AG" }, "geometry": { "type": "Point", "coordinates": [ -121.42901, 47.96231 ] } },
{ "type": "Feature", "properties": { "dep_id": "10204579", "site_name": "Helena & Sadie", "dev_stat": "Occurrence", "url": "https://mrdata.usgs.gov/mrds/show-mrds.php?dep_id=10204579", "code_list": "CU AU AG" }, "geometry": { "type": "Point", "coordinates": [ -121.47121, 47.95481 ] } },
{ "type": "Feature", "properties": { "dep_id": "10228791", "site_name": "Olson Quarry", "dev_stat": "Producer", "url": "https://mrdata.usgs.gov/mrds/show-mrds.php?dep_id=10228791", "code_list": "STN_C" }, "geometry": { "type": "Point", "coordinates": [ -122.05063, 48.23701 ] } },
{ "type": "Feature", "properties": { "dep_id": "10301584", "site_name": "Annie Laurie and Ethel", "dev_stat": "Prospect", "url": "https://mrdata.usgs.gov/mrds/show-mrds.php?dep_id=10301584", "code_list": "AU" }, "geometry": { "type": "Point", "coordinates": [ -121.40091, 47.97172 ] } },
{ "type": "Feature", "properties": { "dep_id": "10036749", "site_name": "Consolidated Prospect", "dev_stat": "Occurrence", "url": "https://mrdata.usgs.gov/mrds/show-mrds.php?dep_id=10036749", "code_list": "AU AG CU AS" }, "geometry": { "type": "Point", "coordinates": [ -121.62261, 48.11425 ] } },
{ "type": "Feature", "properties": { "dep_id": "10048576", "site_name": "Ranger", "dev_stat": "Occurrence", "url": "https://mrdata.usgs.gov/mrds/show-mrds.php?dep_id=10048576", "code_list": "AU AG CU PB ZN AS SB" }, "geometry": { "type": "Point", "coordinates": [ -121.37177, 47.97093 ] } },
{ "type": "Feature", "properties": { "dep_id": "10103544", "site_name": "Sultan King Prospect", "dev_stat": "Past Producer", "url": "https://mrdata.usgs.gov/mrds/show-mrds.php?dep_id=10103544", "code_list": "CU AU AG MO AS FE" }, "geometry": { "type": "Point", "coordinates": [ -121.47038, 47.95175 ] } },
{ "type": "Feature", "properties": { "dep_id": "10131685", "site_name": "Arlington", "dev_stat": "Prospect", "url": "https://mrdata.usgs.gov/mrds/show-mrds.php?dep_id=10131685", "code_list": "CU AU PB AG" }, "geometry": { "type": "Point", "coordinates": [ -121.61202, 48.10591 ] } },
{ "type": "Feature", "properties": { "dep_id": "10131903", "site_name": "Rock Creek", "dev_stat": "Occurrence", "url": "https://mrdata.usgs.gov/mrds/show-mrds.php?dep_id=10131903", "code_list": "STN_C" }, "geometry": { "type": "Point", "coordinates": [ -122.09264, 48.29171 ] } },
{ "type": "Feature", "properties": { "dep_id": "10156741", "site_name": "Jefferson", "dev_stat": "Past Producer", "url": "https://mrdata.usgs.gov/mrds/show-mrds.php?dep_id=10156741", "code_list": "FE" }, "geometry": { "type": "Point", "coordinates": [ -122.06203, 48.23671 ] } },
{ "type": "Feature", "properties": { "dep_id": "10180124", "site_name": "Silver Lake", "dev_stat": "Occurrence", "url": "https://mrdata.usgs.gov/mrds/show-mrds.php?dep_id=10180124", "code_list": "AU PB AG" }, "geometry": { "type": "Point", "coordinates": [ -121.40231, 47.96292 ] } },
{ "type": "Feature", "properties": { "dep_id": "10253508", "site_name": "Lucky Strike", "dev_stat": "Occurrence", "url": "https://mrdata.usgs.gov/mrds/show-mrds.php?dep_id=10253508", "code_list": "CU BI" }, "geometry": { "type": "Point", "coordinates": [ -121.63042, 48.11041 ] } },
{ "type": "Feature", "properties": { "dep_id": "10253688", "site_name": "Edison", "dev_stat": "Unknown", "url": "https://mrdata.usgs.gov/mrds/show-mrds.php?dep_id=10253688", "code_list": "AU CU AG" }, "geometry": { "type": "Point", "coordinates": [ -121.41231, 47.97762 ] } },
{ "type": "Feature", "properties": { "dep_id": "10301707", "site_name": "Kotzebue", "dev_stat": "Prospect", "url": "https://mrdata.usgs.gov/mrds/show-mrds.php?dep_id=10301707", "code_list": "AU CU AG" }, "geometry": { "type": "Point", "coordinates": [ -121.41931, 47.93872 ] } },
{ "type": "Feature", "properties": { "dep_id": "10131549", "site_name": "Unnamed Pit", "dev_stat": "Past Producer", "url": "https://mrdata.usgs.gov/mrds/show-mrds.php?dep_id=10131549", "code_list": "SDG" }, "geometry": { "type": "Point", "coordinates": [ -121.87093, 48.11201 ] } },
{ "type": "Feature", "properties": { "dep_id": "10156878", "site_name": "Unnamed Pit", "dev_stat": "Past Producer", "url": "https://mrdata.usgs.gov/mrds/show-mrds.php?dep_id=10156878", "code_list": "SDG" }, "geometry": { "type": "Point", "coordinates": [ -122.08263, 47.91421 ] } },
{ "type": "Feature", "properties": { "dep_id": "10179853", "site_name": "Unnamed Pit", "dev_stat": "Past Producer", "url": "https://mrdata.usgs.gov/mrds/show-mrds.php?dep_id=10179853", "code_list": "SDG" }, "geometry": { "type": "Point", "coordinates": [ -122.06704, 48.27401 ] } },
{ "type": "Feature", "properties": { "dep_id": "10204996", "site_name": "Nevada", "dev_stat": "Prospect", "url": "https://mrdata.usgs.gov/mrds/show-mrds.php?dep_id=10204996", "code_list": "CU AU AG" }, "geometry": { "type": "Point", "coordinates": [ -121.34151, 48.00542 ] } },
{ "type": "Feature", "properties": { "dep_id": "10253709", "site_name": "Olson", "dev_stat": "Occurrence", "url": "https://mrdata.usgs.gov/mrds/show-mrds.php?dep_id=10253709", "code_list": "CU" }, "geometry": { "type": "Point", "coordinates": [ -121.52871, 48.04311 ] } },
{ "type": "Feature", "properties": { "dep_id": "10301539", "site_name": "Unnamed Pit", "dev_stat": "Past Producer", "url": "https://mrdata.usgs.gov/mrds/show-mrds.php?dep_id=10301539", "code_list": "SDG" }, "geometry": { "type": "Point", "coordinates": [ -122.02203, 48.04291 ] } },
{ "type": "Feature", "properties": { "dep_id": "10304948", "site_name": "Skagit Power Line", "dev_stat": "Unknown", "url": "https://mrdata.usgs.gov/mrds/show-mrds.php?dep_id=10304948", "code_list": "LST_D" }, "geometry": { "type": "Point", "coordinates": [ -122.02153, 48.19151 ] } },
{ "type": "Feature", "properties": { "dep_id": "10036747", "site_name": "Good Hope Mine", "dev_stat": "Past Producer", "url": "https://mrdata.usgs.gov/mrds/show-mrds.php?dep_id=10036747", "code_list": "AU AG CU PB ZN V AS" }, "geometry": { "type": "Point", "coordinates": [ -121.40871, 47.95843 ] } },
{ "type": "Feature", "properties": { "dep_id": "10036763", "site_name": "Iron Clad Prospect", "dev_stat": "Occurrence", "url": "https://mrdata.usgs.gov/mrds/show-mrds.php?dep_id=10036763", "code_list": "AU AS" }, "geometry": { "type": "Point", "coordinates": [ -121.43815, 47.91203 ] } },
{ "type": "Feature", "properties": { "dep_id": "10048572", "site_name": "Ptarmigan", "dev_stat": "Occurrence", "url": "https://mrdata.usgs.gov/mrds/show-mrds.php?dep_id=10048572", "code_list": "AU AG PB ZN CU AS" }, "geometry": { "type": "Point", "coordinates": [ -121.34899, 47.97732 ] } },
{ "type": "Feature", "properties": { "dep_id": "10131769", "site_name": "Unnamed Pit", "dev_stat": "Past Producer", "url": "https://mrdata.usgs.gov/mrds/show-mrds.php?dep_id=10131769", "code_list": "SDG" }, "geometry": { "type": "Point", "coordinates": [ -122.08734, 48.25561 ] } },
{ "type": "Feature", "properties": { "dep_id": "10156980", "site_name": "New Seattle", "dev_stat": "Prospect", "url": "https://mrdata.usgs.gov/mrds/show-mrds.php?dep_id=10156980", "code_list": "AG SB CU AU" }, "geometry": { "type": "Point", "coordinates": [ -121.62402, 48.11901 ] } },
{ "type": "Feature", "properties": { "dep_id": "10253341", "site_name": "Brooklyn", "dev_stat": "Prospect", "url": "https://mrdata.usgs.gov/mrds/show-mrds.php?dep_id=10253341", "code_list": "AU" }, "geometry": { "type": "Point", "coordinates": [ -121.34731, 48.00422 ] } },
{ "type": "Feature", "properties": { "dep_id": "10302056", "site_name": "Lucky Lode Prospect", "dev_stat": "Unknown", "url": "https://mrdata.usgs.gov/mrds/show-mrds.php?dep_id=10302056", "code_list": "PB CU ZN" }, "geometry": { "type": "Point", "coordinates": [ -121.48091, 48.16171 ] } },
{ "type": "Feature", "properties": { "dep_id": "10305707", "site_name": "Reiter Pit", "dev_stat": "Past Producer", "url": "https://mrdata.usgs.gov/mrds/show-mrds.php?dep_id=10305707", "code_list": "SDG" }, "geometry": { "type": "Point", "coordinates": [ -121.60951, 47.82621 ] } },
{ "type": "Feature", "properties": { "dep_id": "10036759", "site_name": "Wayside Mine", "dev_stat": "Past Producer", "url": "https://mrdata.usgs.gov/mrds/show-mrds.php?dep_id=10036759", "code_list": "CU AU AG PB ZN V" }, "geometry": { "type": "Point", "coordinates": [ -121.93567, 48.09537 ] } },
{ "type": "Feature", "properties": { "dep_id": "10036797", "site_name": "Molly Prospect", "dev_stat": "Occurrence", "url": "https://mrdata.usgs.gov/mrds/show-mrds.php?dep_id=10036797", "code_list": "U MO CU" }, "geometry": { "type": "Point", "coordinates": [ -121.69838, 48.04238 ] } },
{ "type": "Feature", "properties": { "dep_id": "10131929", "site_name": "Delco and Marengo", "dev_stat": "Unknown", "url": "https://mrdata.usgs.gov/mrds/show-mrds.php?dep_id=10131929", "code_list": "AU" }, "geometry": { "type": "Point", "coordinates": [ -121.39701, 47.95952 ] } },
{ "type": "Feature", "properties": { "dep_id": "10179812", "site_name": "Unnamed Pit", "dev_stat": "Past Producer", "url": "https://mrdata.usgs.gov/mrds/show-mrds.php?dep_id=10179812", "code_list": "SDG" }, "geometry": { "type": "Point", "coordinates": [ -122.21514, 48.23171 ] } },
{ "type": "Feature", "properties": { "dep_id": "10180490", "site_name": "Bell and Crown", "dev_stat": "Prospect", "url": "https://mrdata.usgs.gov/mrds/show-mrds.php?dep_id=10180490", "code_list": "CU AU PB AG" }, "geometry": { "type": "Point", "coordinates": [ -121.57402, 48.06041 ] } },
{ "type": "Feature", "properties": { "dep_id": "10228397", "site_name": "Grizzly", "dev_stat": "Prospect", "url": "https://mrdata.usgs.gov/mrds/show-mrds.php?dep_id=10228397", "code_list": "CU AU AG" }, "geometry": { "type": "Point", "coordinates": [ -121.58952, 48.16561 ] } },
{ "type": "Feature", "properties": { "dep_id": "10228483", "site_name": "Olympic Placer", "dev_stat": "Occurrence", "url": "https://mrdata.usgs.gov/mrds/show-mrds.php?dep_id=10228483", "code_list": "AU" }, "geometry": { "type": "Point", "coordinates": [ -121.2965, 47.79012 ] } },
{ "type": "Feature", "properties": { "dep_id": "10277585", "site_name": "Double B Mining Claims", "dev_stat": "Prospect", "url": "https://mrdata.usgs.gov/mrds/show-mrds.php?dep_id=10277585", "code_list": "CU" }, "geometry": { "type": "Point", "coordinates": [ -121.43041, 47.90261 ] } },
{ "type": "Feature", "properties": { "dep_id": "10301522", "site_name": "Unnamed Pit", "dev_stat": "Past Producer", "url": "https://mrdata.usgs.gov/mrds/show-mrds.php?dep_id=10301522", "code_list": "SDG" }, "geometry": { "type": "Point", "coordinates": [ -122.03372, 47.75341 ] } },
{ "type": "Feature", "properties": { "dep_id": "10036784", "site_name": "Larson Prospect", "dev_stat": "Occurrence", "url": "https://mrdata.usgs.gov/mrds/show-mrds.php?dep_id=10036784", "code_list": "PB AG AU ZN" }, "geometry": { "type": "Point", "coordinates": [ -121.6915, 48.23814 ] } },
{ "type": "Feature", "properties": { "dep_id": "10036788", "site_name": "Blue Stone Prospect", "dev_stat": "Occurrence", "url": "https://mrdata.usgs.gov/mrds/show-mrds.php?dep_id=10036788", "code_list": "FE" }, "geometry": { "type": "Point", "coordinates": [ -121.53788, 47.94842 ] } },
{ "type": "Feature", "properties": { "dep_id": "10036800", "site_name": "Forty Five Mine", "dev_stat": "Past Producer", "url": "https://mrdata.usgs.gov/mrds/show-mrds.php?dep_id=10036800", "code_list": "AG PB AU ZN CU W" }, "geometry": { "type": "Point", "coordinates": [ -121.55177, 48.05703 ] } },
{ "type": "Feature", "properties": { "dep_id": "10036816", "site_name": "Marvel", "dev_stat": "Occurrence", "url": "https://mrdata.usgs.gov/mrds/show-mrds.php?dep_id=10036816", "code_list": "CU W ZN" }, "geometry": { "type": "Point", "coordinates": [ -121.4926, 47.93898 ] } },
{ "type": "Feature", "properties": { "dep_id": "10228807", "site_name": "White Gander", "dev_stat": "Prospect", "url": "https://mrdata.usgs.gov/mrds/show-mrds.php?dep_id=10228807", "code_list": "CU AU AG" }, "geometry": { "type": "Point", "coordinates": [ -121.63592, 48.22151 ] } },
{ "type": "Feature", "properties": { "dep_id": "10277146", "site_name": "Unnamed Pit", "dev_stat": "Past Producer", "url": "https://mrdata.usgs.gov/mrds/show-mrds.php?dep_id=10277146", "code_list": "SDG" }, "geometry": { "type": "Point", "coordinates": [ -121.95812, 47.95671 ] } },
{ "type": "Feature", "properties": { "dep_id": "10301348", "site_name": "Starlight", "dev_stat": "Past Producer", "url": "https://mrdata.usgs.gov/mrds/show-mrds.php?dep_id=10301348", "code_list": "AG CU AU PB ZN" }, "geometry": { "type": "Point", "coordinates": [ -121.41701, 47.95902 ] } },
{ "type": "Feature", "properties": { "dep_id": "10301888", "site_name": "Gold Nugget Prospect", "dev_stat": "Prospect", "url": "https://mrdata.usgs.gov/mrds/show-mrds.php?dep_id=10301888", "code_list": "CU" }, "geometry": { "type": "Point", "coordinates": [ -121.41761, 47.95672 ] } },
{ "type": "Feature", "properties": { "dep_id": "10036736", "site_name": "Hiawatha Prospect", "dev_stat": "Occurrence", "url": "https://mrdata.usgs.gov/mrds/show-mrds.php?dep_id=10036736", "code_list": "AU AG" }, "geometry": { "type": "Point", "coordinates": [ -121.4026, 47.96288 ] } },
{ "type": "Feature", "properties": { "dep_id": "10042376", "site_name": "Iowa Claims", "dev_stat": "Past Producer", "url": "https://mrdata.usgs.gov/mrds/show-mrds.php?dep_id=10042376", "code_list": "CU AG AU PB ZN W MO" }, "geometry": { "type": "Point", "coordinates": [ -121.4976, 47.97731 ] } },
{ "type": "Feature", "properties": { "dep_id": "10056107", "site_name": "Justice", "dev_stat": "Occurrence", "url": "https://mrdata.usgs.gov/mrds/show-mrds.php?dep_id=10056107", "code_list": "AU AG" }, "geometry": { "type": "Point", "coordinates": [ -121.38038, 47.97982 ] } },
{ "type": "Feature", "properties": { "dep_id": "10095348", "site_name": "Ontario Prospect", "dev_stat": "Occurrence", "url": "https://mrdata.usgs.gov/mrds/show-mrds.php?dep_id=10095348", "code_list": "PB AG AU" }, "geometry": { "type": "Point", "coordinates": [ -121.4401, 47.92148 ] } },
{ "type": "Feature", "properties": { "dep_id": "10131800", "site_name": "Unnamed Pit", "dev_stat": "Past Producer", "url": "https://mrdata.usgs.gov/mrds/show-mrds.php?dep_id=10131800", "code_list": "SDG" }, "geometry": { "type": "Point", "coordinates": [ -122.28873, 47.78511 ] } },
{ "type": "Feature", "properties": { "dep_id": "10156983", "site_name": "Courtney", "dev_stat": "Prospect", "url": "https://mrdata.usgs.gov/mrds/show-mrds.php?dep_id=10156983", "code_list": "CU AU PB AG" }, "geometry": { "type": "Point", "coordinates": [ -121.63812, 48.22811 ] } },
{ "type": "Feature", "properties": { "dep_id": "10180891", "site_name": "Matt", "dev_stat": "Prospect", "url": "https://mrdata.usgs.gov/mrds/show-mrds.php?dep_id=10180891", "code_list": "CU MO" }, "geometry": { "type": "Point", "coordinates": [ -121.41231, 47.94542 ] } },
{ "type": "Feature", "properties": { "dep_id": "10277199", "site_name": "Lake Riley", "dev_stat": "Prospect", "url": "https://mrdata.usgs.gov/mrds/show-mrds.php?dep_id=10277199", "code_list": "MN" }, "geometry": { "type": "Point", "coordinates": [ -121.96403, 48.24811 ] } },
{ "type": "Feature", "properties": { "dep_id": "10036745", "site_name": "Miiki Maru", "dev_stat": "Occurrence", "url": "https://mrdata.usgs.gov/mrds/show-mrds.php?dep_id=10036745", "code_list": "AU AG CU" }, "geometry": { "type": "Point", "coordinates": [ -121.46204, 47.95953 ] } },
{ "type": "Feature", "properties": { "dep_id": "10131614", "site_name": "Border Queen", "dev_stat": "Prospect", "url": "https://mrdata.usgs.gov/mrds/show-mrds.php?dep_id=10131614", "code_list": "CU" }, "geometry": { "type": "Point", "coordinates": [ -121.66042, 47.96201 ] } },
{ "type": "Feature", "properties": { "dep_id": "10156705", "site_name": "Horseshoe Bend Placer", "dev_stat": "Prospect", "url": "https://mrdata.usgs.gov/mrds/show-mrds.php?dep_id=10156705", "code_list": "AU" }, "geometry": { "type": "Point", "coordinates": [ -121.80872, 47.92761 ] } },
{ "type": "Feature", "properties": { "dep_id": "10204551", "site_name": "Unnamed Pit", "dev_stat": "Past Producer", "url": "https://mrdata.usgs.gov/mrds/show-mrds.php?dep_id=10204551", "code_list": "SDG" }, "geometry": { "type": "Point", "coordinates": [ -121.97042, 47.86311 ] } },
{ "type": "Feature", "properties": { "dep_id": "10253710", "site_name": "Helen May", "dev_stat": "Unknown", "url": "https://mrdata.usgs.gov/mrds/show-mrds.php?dep_id=10253710", "code_list": "CU" }, "geometry": { "type": "Point", "coordinates": [ -121.44561, 47.94121 ] } },
{ "type": "Feature", "properties": { "dep_id": "10277562", "site_name": "Ore Recoveries Mine", "dev_stat": "Past Producer", "url": "https://mrdata.usgs.gov/mrds/show-mrds.php?dep_id=10277562", "code_list": "CU AS AU AG SN" }, "geometry": { "type": "Point", "coordinates": [ -121.57762, 48.06921 ] } },
{ "type": "Feature", "properties": { "dep_id": "10036707", "site_name": "Charlotte Mine", "dev_stat": "Past Producer", "url": "https://mrdata.usgs.gov/mrds/show-mrds.php?dep_id=10036707", "code_list": "CU AU AG" }, "geometry": { "type": "Point", "coordinates": [ -121.49177, 47.86675 ] } },
{ "type": "Feature", "properties": { "dep_id": "10036743", "site_name": "Rainy Mine", "dev_stat": "Past Producer", "url": "https://mrdata.usgs.gov/mrds/show-mrds.php?dep_id=10036743", "code_list": "AU AG AS" }, "geometry": { "type": "Point", "coordinates": [ -121.3826, 47.98399 ] } },
{ "type": "Feature", "properties": { "dep_id": "10253417", "site_name": "Texas", "dev_stat": "Prospect", "url": "https://mrdata.usgs.gov/mrds/show-mrds.php?dep_id=10253417", "code_list": "AU AG" }, "geometry": { "type": "Point", "coordinates": [ -121.41931, 47.91792 ] } },
{ "type": "Feature", "properties": { "dep_id": "10277065", "site_name": "Pride of the Woods Mine", "dev_stat": "Past Producer", "url": "https://mrdata.usgs.gov/mrds/show-mrds.php?dep_id=10277065", "code_list": "PB CU AU AG ZN" }, "geometry": { "type": "Point", "coordinates": [ -121.36511, 47.98122 ] } },
{ "type": "Feature", "properties": { "dep_id": "10277378", "site_name": "Eagle Falls Pit", "dev_stat": "Past Producer", "url": "https://mrdata.usgs.gov/mrds/show-mrds.php?dep_id=10277378", "code_list": "SDG" }, "geometry": { "type": "Point", "coordinates": [ -121.51651, 47.79841 ] } },
{ "type": "Feature", "properties": { "dep_id": "10036713", "site_name": "Copper Queen Mine", "dev_stat": "Occurrence", "url": "https://mrdata.usgs.gov/mrds/show-mrds.php?dep_id=10036713", "code_list": "CU AU" }, "geometry": { "type": "Point", "coordinates": [ -121.59344, 48.08287 ] } },
{ "type": "Feature", "properties": { "dep_id": "10036943", "site_name": "Non Pareil Prospect", "dev_stat": "Occurrence", "url": "https://mrdata.usgs.gov/mrds/show-mrds.php?dep_id=10036943", "code_list": "CU AU AG CO NI" }, "geometry": { "type": "Point", "coordinates": [ -121.44815, 47.85564 ] } },
{ "type": "Feature", "properties": { "dep_id": "10036947", "site_name": "P. I. Prospect", "dev_stat": "Occurrence", "url": "https://mrdata.usgs.gov/mrds/show-mrds.php?dep_id=10036947", "code_list": "AU CU PB" }, "geometry": { "type": "Point", "coordinates": [ -121.42538, 47.9087 ] } },
{ "type": "Feature", "properties": { "dep_id": "10131915", "site_name": "Marvel", "dev_stat": "Prospect", "url": "https://mrdata.usgs.gov/mrds/show-mrds.php?dep_id=10131915", "code_list": "CU" }, "geometry": { "type": "Point", "coordinates": [ -121.47951, 47.94121 ] } },
{ "type": "Feature", "properties": { "dep_id": "10204650", "site_name": "Iron Clad", "dev_stat": "Prospect", "url": "https://mrdata.usgs.gov/mrds/show-mrds.php?dep_id=10204650", "code_list": "AU" }, "geometry": { "type": "Point", "coordinates": [ -121.43591, 47.90671 ] } },
{ "type": "Feature", "properties": { "dep_id": "10204686", "site_name": "Jerry Chatman", "dev_stat": "Prospect", "url": "https://mrdata.usgs.gov/mrds/show-mrds.php?dep_id=10204686", "code_list": "CU W" }, "geometry": { "type": "Point", "coordinates": [ -121.50651, 47.97621 ] } },
{ "type": "Feature", "properties": { "dep_id": "10204909", "site_name": "Arlanco Pit and Plant", "dev_stat": "Past Producer", "url": "https://mrdata.usgs.gov/mrds/show-mrds.php?dep_id=10204909", "code_list": "SDG" }, "geometry": { "type": "Point", "coordinates": [ -122.14484, 48.16371 ] } },
{ "type": "Feature", "properties": { "dep_id": "10253480", "site_name": "Unnamed Pit", "dev_stat": "Past Producer", "url": "https://mrdata.usgs.gov/mrds/show-mrds.php?dep_id=10253480", "code_list": "SDG" }, "geometry": { "type": "Point", "coordinates": [ -122.18933, 48.06541 ] } },
{ "type": "Feature", "properties": { "dep_id": "10253999", "site_name": "Unnamed Pit", "dev_stat": "Past Producer", "url": "https://mrdata.usgs.gov/mrds/show-mrds.php?dep_id=10253999", "code_list": "SDG" }, "geometry": { "type": "Point", "coordinates": [ -122.01902, 47.85121 ] } },
{ "type": "Feature", "properties": { "dep_id": "10036699", "site_name": "Blue Rock Prospect", "dev_stat": "Occurrence", "url": "https://mrdata.usgs.gov/mrds/show-mrds.php?dep_id=10036699", "code_list": "CU AU AG AS" }, "geometry": { "type": "Point", "coordinates": [ -121.35982, 48.01288 ] } },
{ "type": "Feature", "properties": { "dep_id": "10095361", "site_name": "Index Bornite Prospect", "dev_stat": "Occurrence", "url": "https://mrdata.usgs.gov/mrds/show-mrds.php?dep_id=10095361", "code_list": "CU AG" }, "geometry": { "type": "Point", "coordinates": [ -121.49815, 47.81675 ] } },
{ "type": "Feature", "properties": { "dep_id": "10132113", "site_name": "Consolidated", "dev_stat": "Occurrence", "url": "https://mrdata.usgs.gov/mrds/show-mrds.php?dep_id=10132113", "code_list": "AU CU AG" }, "geometry": { "type": "Point", "coordinates": [ -121.62372, 48.11451 ] } },
{ "type": "Feature", "properties": { "dep_id": "10180060", "site_name": "Unnamed Pit", "dev_stat": "Past Producer", "url": "https://mrdata.usgs.gov/mrds/show-mrds.php?dep_id=10180060", "code_list": "SDG" }, "geometry": { "type": "Point", "coordinates": [ -121.80952, 47.88561 ] } },
{ "type": "Feature", "properties": { "dep_id": "10180266", "site_name": "Queen Anne", "dev_stat": "Prospect", "url": "https://mrdata.usgs.gov/mrds/show-mrds.php?dep_id=10180266", "code_list": "AU CU PB AG ZN" }, "geometry": { "type": "Point", "coordinates": [ -121.62312, 48.22731 ] } },
{ "type": "Feature", "properties": { "dep_id": "10228774", "site_name": "Pugh Ridge Quarry", "dev_stat": "Unknown", "url": "https://mrdata.usgs.gov/mrds/show-mrds.php?dep_id=10228774", "code_list": "STN_D" }, "geometry": { "type": "Point", "coordinates": [ -121.60432, 48.25401 ] } },
{ "type": "Feature", "properties": { "dep_id": "10253966", "site_name": "Negget Chief", "dev_stat": "Prospect", "url": "https://mrdata.usgs.gov/mrds/show-mrds.php?dep_id=10253966", "code_list": "CU" }, "geometry": { "type": "Point", "coordinates": [ -121.44561, 47.90261 ] } },
{ "type": "Feature", "properties": { "dep_id": "10277323", "site_name": "Unnamed Pit", "dev_stat": "Past Producer", "url": "https://mrdata.usgs.gov/mrds/show-mrds.php?dep_id=10277323", "code_list": "SDG" }, "geometry": { "type": "Point", "coordinates": [ -122.08732, 47.76921 ] } },
{ "type": "Feature", "properties": { "dep_id": "10036808", "site_name": "French Creek Prospect", "dev_stat": "Occurrence", "url": "https://mrdata.usgs.gov/mrds/show-mrds.php?dep_id=10036808", "code_list": "MN" }, "geometry": { "type": "Point", "coordinates": [ -121.78123, 48.25731 ] } },
{ "type": "Feature", "properties": { "dep_id": "10048574", "site_name": "Ixl", "dev_stat": "Occurrence", "url": "https://mrdata.usgs.gov/mrds/show-mrds.php?dep_id=10048574", "code_list": "AU AG AS SB" }, "geometry": { "type": "Point", "coordinates": [ -121.3651, 47.97982 ] } },
{ "type": "Feature", "properties": { "dep_id": "10131793", "site_name": "Unnamed Pit", "dev_stat": "Past Producer", "url": "https://mrdata.usgs.gov/mrds/show-mrds.php?dep_id=10131793", "code_list": "SDG" }, "geometry": { "type": "Point", "coordinates": [ -122.11794, 48.24011 ] } },
{ "type": "Feature", "properties": { "dep_id": "10131827", "site_name": "Oso", "dev_stat": "Occurrence", "url": "https://mrdata.usgs.gov/mrds/show-mrds.php?dep_id=10131827", "code_list": "STN" }, "geometry": { "type": "Point", "coordinates": [ -121.93203, 48.33421 ] } },
{ "type": "Feature", "properties": { "dep_id": "10180010", "site_name": "Doris", "dev_stat": "Prospect", "url": "https://mrdata.usgs.gov/mrds/show-mrds.php?dep_id=10180010", "code_list": "CU AG" }, "geometry": { "type": "Point", "coordinates": [ -121.49311, 47.95871 ] } },
{ "type": "Feature", "properties": { "dep_id": "10180503", "site_name": "Unnamed Pit", "dev_stat": "Past Producer", "url": "https://mrdata.usgs.gov/mrds/show-mrds.php?dep_id=10180503", "code_list": "SDG" }, "geometry": { "type": "Point", "coordinates": [ -121.63562, 48.27591 ] } },
{ "type": "Feature", "properties": { "dep_id": "10204470", "site_name": "Calf Moose Placer", "dev_stat": "Occurrence", "url": "https://mrdata.usgs.gov/mrds/show-mrds.php?dep_id=10204470", "code_list": "AU" }, "geometry": { "type": "Point", "coordinates": [ -121.73543, 48.26371 ] } },
{ "type": "Feature", "properties": { "dep_id": "10036721", "site_name": "Evergreen Prospect", "dev_stat": "Occurrence", "url": "https://mrdata.usgs.gov/mrds/show-mrds.php?dep_id=10036721", "code_list": "AU CU AG" }, "geometry": { "type": "Point", "coordinates": [ -121.43454, 47.90203 ] } },
{ "type": "Feature", "properties": { "dep_id": "10156633", "site_name": "Bangor Creek", "dev_stat": "Prospect", "url": "https://mrdata.usgs.gov/mrds/show-mrds.php?dep_id=10156633", "code_list": "CU AU AG" }, "geometry": { "type": "Point", "coordinates": [ -121.56042, 48.07341 ] } },
{ "type": "Feature", "properties": { "dep_id": "10204486", "site_name": "Golden Tunnel", "dev_stat": "Unknown", "url": "https://mrdata.usgs.gov/mrds/show-mrds.php?dep_id=10204486", "code_list": "CU AU AG" }, "geometry": { "type": "Point", "coordinates": [ -121.4415, 47.77201 ] } },
{ "type": "Feature", "properties": { "dep_id": "10204662", "site_name": "Unnamed Pit", "dev_stat": "Past Producer", "url": "https://mrdata.usgs.gov/mrds/show-mrds.php?dep_id=10204662", "code_list": "SDG" }, "geometry": { "type": "Point", "coordinates": [ -122.00483, 48.08511 ] } },
{ "type": "Feature", "properties": { "dep_id": "10229036", "site_name": "Treasury Lead", "dev_stat": "Prospect", "url": "https://mrdata.usgs.gov/mrds/show-mrds.php?dep_id=10229036", "code_list": "PB ZN" }, "geometry": { "type": "Point", "coordinates": [ -121.50541, 47.75671 ] } },
{ "type": "Feature", "properties": { "dep_id": "10301603", "site_name": "Dry Creek", "dev_stat": "Prospect", "url": "https://mrdata.usgs.gov/mrds/show-mrds.php?dep_id=10301603", "code_list": "AU CU AG" }, "geometry": { "type": "Point", "coordinates": [ -121.60432, 48.08671 ] } },
{ "type": "Feature", "properties": { "dep_id": "10036735", "site_name": "Granite and Maud Prospect", "dev_stat": "Occurrence", "url": "https://mrdata.usgs.gov/mrds/show-mrds.php?dep_id=10036735", "code_list": "AU AG PB AS" }, "geometry": { "type": "Point", "coordinates": [ -121.55704, 48.06675 ] } },
{ "type": "Feature", "properties": { "dep_id": "10036764", "site_name": "Lulu Prospect", "dev_stat": "Occurrence", "url": "https://mrdata.usgs.gov/mrds/show-mrds.php?dep_id=10036764", "code_list": "AU AG PB AS" }, "geometry": { "type": "Point", "coordinates": [ -121.56428, 48.06842 ] } },
{ "type": "Feature", "properties": { "dep_id": "10048586", "site_name": "Minnehaha", "dev_stat": "Occurrence", "url": "https://mrdata.usgs.gov/mrds/show-mrds.php?dep_id=10048586", "code_list": "AU AG CU AS" }, "geometry": { "type": "Point", "coordinates": [ -121.39899, 47.96343 ] } },
{ "type": "Feature", "properties": { "dep_id": "10056111", "site_name": "Mackinaw", "dev_stat": "Occurrence", "url": "https://mrdata.usgs.gov/mrds/show-mrds.php?dep_id=10056111", "code_list": "CU NI CO AU AG U" }, "geometry": { "type": "Point", "coordinates": [ -121.44315, 47.9812 ] } },
{ "type": "Feature", "properties": { "dep_id": "10131405", "site_name": "Wayside Pit", "dev_stat": "Producer", "url": "https://mrdata.usgs.gov/mrds/show-mrds.php?dep_id=10131405", "code_list": "STN" }, "geometry": { "type": "Point", "coordinates": [ -121.93843, 48.09621 ] } },
{ "type": "Feature", "properties": { "dep_id": "10131556", "site_name": "Sultan Placer", "dev_stat": "Past Producer", "url": "https://mrdata.usgs.gov/mrds/show-mrds.php?dep_id=10131556", "code_list": "AU" }, "geometry": { "type": "Point", "coordinates": [ -121.81812, 47.85981 ] } },
{ "type": "Feature", "properties": { "dep_id": "10156422", "site_name": "Garrison Quarry", "dev_stat": "Past Producer", "url": "https://mrdata.usgs.gov/mrds/show-mrds.php?dep_id=10156422", "code_list": "STN_C" }, "geometry": { "type": "Point", "coordinates": [ -121.86592, 47.89561 ] } },
{ "type": "Feature", "properties": { "dep_id": "10156806", "site_name": "Hwd # 1 Claim", "dev_stat": "Occurrence", "url": "https://mrdata.usgs.gov/mrds/show-mrds.php?dep_id=10156806", "code_list": "CU" }, "geometry": { "type": "Point", "coordinates": [ -121.50951, 47.87201 ] } },
{ "type": "Feature", "properties": { "dep_id": "10180442", "site_name": "Welman", "dev_stat": "Prospect", "url": "https://mrdata.usgs.gov/mrds/show-mrds.php?dep_id=10180442", "code_list": "AU" }, "geometry": { "type": "Point", "coordinates": [ -121.69042, 48.24291 ] } },
{ "type": "Feature", "properties": { "dep_id": "10228594", "site_name": "Pelton Claims", "dev_stat": "Prospect", "url": "https://mrdata.usgs.gov/mrds/show-mrds.php?dep_id=10228594", "code_list": "CU MO AG" }, "geometry": { "type": "Point", "coordinates": [ -121.45121, 47.88451 ] } },
{ "type": "Feature", "properties": { "dep_id": "10253343", "site_name": "Bald Mountain", "dev_stat": "Unknown", "url": "https://mrdata.usgs.gov/mrds/show-mrds.php?dep_id=10253343", "code_list": "CU AU PB AG" }, "geometry": { "type": "Point", "coordinates": [ -121.59542, 48.10451 ] } },
{ "type": "Feature", "properties": { "dep_id": "10254011", "site_name": "New York-Seattle", "dev_stat": "Past Producer", "url": "https://mrdata.usgs.gov/mrds/show-mrds.php?dep_id=10254011", "code_list": "CU AU AG" }, "geometry": { "type": "Point", "coordinates": [ -121.41591, 47.94792 ] } },
{ "type": "Feature", "properties": { "dep_id": "10036811", "site_name": "Armament Prospect", "dev_stat": "Occurrence", "url": "https://mrdata.usgs.gov/mrds/show-mrds.php?dep_id=10036811", "code_list": "CU MO W" }, "geometry": { "type": "Point", "coordinates": [ -121.44232, 47.88814 ] } },
{ "type": "Feature", "properties": { "dep_id": "10036818", "site_name": "National Prospect", "dev_stat": "Occurrence", "url": "https://mrdata.usgs.gov/mrds/show-mrds.php?dep_id=10036818", "code_list": "CU AU AG AS" }, "geometry": { "type": "Point", "coordinates": [ -121.4476, 47.96314 ] } },
{ "type": "Feature", "properties": { "dep_id": "10156736", "site_name": "Wallace River", "dev_stat": "Unknown", "url": "https://mrdata.usgs.gov/mrds/show-mrds.php?dep_id=10156736", "code_list": "LST_D" }, "geometry": { "type": "Point", "coordinates": [ -121.63311, 47.89701 ] } },
{ "type": "Feature", "properties": { "dep_id": "10204540", "site_name": "Corona", "dev_stat": "Occurrence", "url": "https://mrdata.usgs.gov/mrds/show-mrds.php?dep_id=10204540", "code_list": "AG AU" }, "geometry": { "type": "Point", "coordinates": [ -121.39591, 47.93732 ] } },
{ "type": "Feature", "properties": { "dep_id": "10036720", "site_name": "Everett Prospect", "dev_stat": "Occurrence", "url": "https://mrdata.usgs.gov/mrds/show-mrds.php?dep_id=10036720", "code_list": "AU AG CU" }, "geometry": { "type": "Point", "coordinates": [ -121.54538, 48.07731 ] } },
{ "type": "Feature", "properties": { "dep_id": "10048553", "site_name": "Hilda", "dev_stat": "Occurrence", "url": "https://mrdata.usgs.gov/mrds/show-mrds.php?dep_id=10048553", "code_list": "AU AG PB ZN CU AS SB" }, "geometry": { "type": "Point", "coordinates": [ -121.35232, 47.98843 ] } },
{ "type": "Feature", "properties": { "dep_id": "10056115", "site_name": "Silverton Mines", "dev_stat": "Occurrence", "url": "https://mrdata.usgs.gov/mrds/show-mrds.php?dep_id=10056115", "code_list": "CU AU AG AS SN" }, "geometry": { "type": "Point", "coordinates": [ -121.569, 48.07564 ] } },
{ "type": "Feature", "properties": { "dep_id": "10095359", "site_name": "Hannah Prospect", "dev_stat": "Occurrence", "url": "https://mrdata.usgs.gov/mrds/show-mrds.php?dep_id=10095359", "code_list": "AU AG CU" }, "geometry": { "type": "Point", "coordinates": [ -121.66678, 48.22342 ] } },
{ "type": "Feature", "properties": { "dep_id": "10156553", "site_name": "Del Campo", "dev_stat": "Prospect", "url": "https://mrdata.usgs.gov/mrds/show-mrds.php?dep_id=10156553", "code_list": "AU CU AG" }, "geometry": { "type": "Point", "coordinates": [ -121.44901, 47.98421 ] } },
{ "type": "Feature", "properties": { "dep_id": "10156836", "site_name": "Proctor Creek Pit", "dev_stat": "Producer", "url": "https://mrdata.usgs.gov/mrds/show-mrds.php?dep_id=10156836", "code_list": "LST_D" }, "geometry": { "type": "Point", "coordinates": [ -121.65591, 47.81651 ] } },
{ "type": "Feature", "properties": { "dep_id": "10180428", "site_name": "Crown Point", "dev_stat": "Prospect", "url": "https://mrdata.usgs.gov/mrds/show-mrds.php?dep_id=10180428", "code_list": "PB CU AU AG" }, "geometry": { "type": "Point", "coordinates": [ -121.43511, 47.93901 ] } },
{ "type": "Feature", "properties": { "dep_id": "10204756", "site_name": "Deway", "dev_stat": "Prospect", "url": "https://mrdata.usgs.gov/mrds/show-mrds.php?dep_id=10204756", "code_list": "AU CU AG" }, "geometry": { "type": "Point", "coordinates": [ -121.44561, 47.90951 ] } },
{ "type": "Feature", "properties": { "dep_id": "10301716", "site_name": "Red Cross", "dev_stat": "Unknown", "url": "https://mrdata.usgs.gov/mrds/show-mrds.php?dep_id=10301716", "code_list": "CU AU AG" }, "geometry": { "type": "Point", "coordinates": [ -121.58871, 47.86671 ] } },
{ "type": "Feature", "properties": { "dep_id": "10302061", "site_name": "Troublesome Pass", "dev_stat": "Prospect", "url": "https://mrdata.usgs.gov/mrds/show-mrds.php?dep_id=10302061", "code_list": "AG AU" }, "geometry": { "type": "Point", "coordinates": [ -121.39731, 47.93292 ] } },
{ "type": "Feature", "properties": { "dep_id": "10036825", "site_name": "Little  Chief Prospect", "dev_stat": "Occurrence", "url": "https://mrdata.usgs.gov/mrds/show-mrds.php?dep_id=10036825", "code_list": "CU AU AG NI CO" }, "geometry": { "type": "Point", "coordinates": [ -121.55288, 48.03537 ] } },
{ "type": "Feature", "properties": { "dep_id": "10132120", "site_name": "Hunter", "dev_stat": "Prospect", "url": "https://mrdata.usgs.gov/mrds/show-mrds.php?dep_id=10132120", "code_list": "CU" }, "geometry": { "type": "Point", "coordinates": [ -121.63842, 48.22421 ] } },
{ "type": "Feature", "properties": { "dep_id": "10156505", "site_name": "Thistle Group", "dev_stat": "Prospect", "url": "https://mrdata.usgs.gov/mrds/show-mrds.php?dep_id=10156505", "code_list": "PB CU AU AG ZN" }, "geometry": { "type": "Point", "coordinates": [ -121.54981, 48.06981 ] } },
{ "type": "Feature", "properties": { "dep_id": "10204675", "site_name": "Rotary Pit", "dev_stat": "Producer", "url": "https://mrdata.usgs.gov/mrds/show-mrds.php?dep_id=10204675", "code_list": "STN_C" }, "geometry": { "type": "Point", "coordinates": [ -121.80202, 48.08981 ] } },
{ "type": "Feature", "properties": { "dep_id": "10301856", "site_name": "Lucky Joe", "dev_stat": "Prospect", "url": "https://mrdata.usgs.gov/mrds/show-mrds.php?dep_id=10301856", "code_list": "AU" }, "geometry": { "type": "Point", "coordinates": [ -121.44561, 47.92921 ] } },
{ "type": "Feature", "properties": { "dep_id": "10056109", "site_name": "Lake Serene", "dev_stat": "Occurrence", "url": "https://mrdata.usgs.gov/mrds/show-mrds.php?dep_id=10056109", "code_list": "CU AU AG" }, "geometry": { "type": "Point", "coordinates": [ -121.58204, 47.79259 ] } },
{ "type": "Feature", "properties": { "dep_id": "10131507", "site_name": "Sunday Lake Pit", "dev_stat": "Past Producer", "url": "https://mrdata.usgs.gov/mrds/show-mrds.php?dep_id=10131507", "code_list": "SDG" }, "geometry": { "type": "Point", "coordinates": [ -122.25844, 48.23291 ] } },
{ "type": "Feature", "properties": { "dep_id": "10180047", "site_name": "Unnamed Pit", "dev_stat": "Past Producer", "url": "https://mrdata.usgs.gov/mrds/show-mrds.php?dep_id=10180047", "code_list": "SDG" }, "geometry": { "type": "Point", "coordinates": [ -121.72342, 47.89511 ] } },
{ "type": "Feature", "properties": { "dep_id": "10204418", "site_name": "Little Giant", "dev_stat": "Unknown", "url": "https://mrdata.usgs.gov/mrds/show-mrds.php?dep_id=10204418", "code_list": "AU AG" }, "geometry": { "type": "Point", "coordinates": [ -121.33371, 48.00292 ] } },
{ "type": "Feature", "properties": { "dep_id": "10231682", "site_name": "Keller", "dev_stat": "Occurrence", "url": "https://mrdata.usgs.gov/mrds/show-mrds.php?dep_id=10231682", "code_list": "U" }, "geometry": { "type": "Point", "coordinates": [ -121.44541, 47.94401 ] } },
{ "type": "Feature", "properties": { "dep_id": "10253533", "site_name": "Lily of the West", "dev_stat": "Prospect", "url": "https://mrdata.usgs.gov/mrds/show-mrds.php?dep_id=10253533", "code_list": "AU" }, "geometry": { "type": "Point", "coordinates": [ -121.34701, 48.01592 ] } },
{ "type": "Feature", "properties": { "dep_id": "10277023", "site_name": "Unnamed Pit", "dev_stat": "Past Producer", "url": "https://mrdata.usgs.gov/mrds/show-mrds.php?dep_id=10277023", "code_list": "SDG" }, "geometry": { "type": "Point", "coordinates": [ -122.13313, 48.09951 ] } },
{ "type": "Feature", "properties": { "dep_id": "10277392", "site_name": "Unnamed Pit", "dev_stat": "Past Producer", "url": "https://mrdata.usgs.gov/mrds/show-mrds.php?dep_id=10277392", "code_list": "SDG" }, "geometry": { "type": "Point", "coordinates": [ -121.93512, 47.86901 ] } },
{ "type": "Feature", "properties": { "dep_id": "10301396", "site_name": "Frauk Prospect", "dev_stat": "Occurrence", "url": "https://mrdata.usgs.gov/mrds/show-mrds.php?dep_id=10301396", "code_list": "AG" }, "geometry": { "type": "Point", "coordinates": [ -121.42311, 47.84511 ] } },
{ "type": "Feature", "properties": { "dep_id": "10036702", "site_name": "Border Queen Prospect", "dev_stat": "Occurrence", "url": "https://mrdata.usgs.gov/mrds/show-mrds.php?dep_id=10036702", "code_list": "CU AU AS" }, "geometry": { "type": "Point", "coordinates": [ -121.66428, 47.9637 ] } },
{ "type": "Feature", "properties": { "dep_id": "10036737", "site_name": "Baltimore Prospect", "dev_stat": "Occurrence", "url": "https://mrdata.usgs.gov/mrds/show-mrds.php?dep_id=10036737", "code_list": "AU AG PB" }, "geometry": { "type": "Point", "coordinates": [ -121.3401, 48.00815 ] } },
{ "type": "Feature", "properties": { "dep_id": "10131724", "site_name": "Hard Pass", "dev_stat": "Prospect", "url": "https://mrdata.usgs.gov/mrds/show-mrds.php?dep_id=10131724", "code_list": "CU AU AG" }, "geometry": { "type": "Point", "coordinates": [ -121.45541, 47.95401 ] } },
{ "type": "Feature", "properties": { "dep_id": "10156101", "site_name": "Unnamed Pit", "dev_stat": "Past Producer", "url": "https://mrdata.usgs.gov/mrds/show-mrds.php?dep_id=10156101", "code_list": "SDG" }, "geometry": { "type": "Point", "coordinates": [ -122.12904, 48.18311 ] } },
{ "type": "Feature", "properties": { "dep_id": "10179796", "site_name": "Canyon Creek Lodge", "dev_stat": "Past Producer", "url": "https://mrdata.usgs.gov/mrds/show-mrds.php?dep_id=10179796", "code_list": "STN_C" }, "geometry": { "type": "Point", "coordinates": [ -121.92843, 48.11671 ] } },
{ "type": "Feature", "properties": { "dep_id": "10180762", "site_name": "Spencer Prospect", "dev_stat": "Prospect", "url": "https://mrdata.usgs.gov/mrds/show-mrds.php?dep_id=10180762", "code_list": "CU AU AG" }, "geometry": { "type": "Point", "coordinates": [ -121.42371, 47.92952 ] } },
{ "type": "Feature", "properties": { "dep_id": "10204566", "site_name": "Back Up Prospect", "dev_stat": "Unknown", "url": "https://mrdata.usgs.gov/mrds/show-mrds.php?dep_id=10204566", "code_list": "PB ZN" }, "geometry": { "type": "Point", "coordinates": [ -121.52482, 48.16091 ] } },
{ "type": "Feature", "properties": { "dep_id": "10229118", "site_name": "Hecla", "dev_stat": "Prospect", "url": "https://mrdata.usgs.gov/mrds/show-mrds.php?dep_id=10229118", "code_list": "CU AU AG" }, "geometry": { "type": "Point", "coordinates": [ -121.62372, 48.11041 ] } },
{ "type": "Feature", "properties": { "dep_id": "10036760", "site_name": "Philo Prospect", "dev_stat": "Occurrence", "url": "https://mrdata.usgs.gov/mrds/show-mrds.php?dep_id=10036760", "code_list": "AG AU CU PB ZN AS SB" }, "geometry": { "type": "Point", "coordinates": [ -121.36288, 47.9851 ] } },
{ "type": "Feature", "properties": { "dep_id": "10048573", "site_name": "Potomac", "dev_stat": "Occurrence", "url": "https://mrdata.usgs.gov/mrds/show-mrds.php?dep_id=10048573", "code_list": "AU AG CU PB ZN AS" }, "geometry": { "type": "Point", "coordinates": [ -121.36593, 47.98232 ] } },
{ "type": "Feature", "properties": { "dep_id": "10048582", "site_name": "F.E. Davis", "dev_stat": "Occurrence", "url": "https://mrdata.usgs.gov/mrds/show-mrds.php?dep_id=10048582", "code_list": "AU AG CU ZN AS" }, "geometry": { "type": "Point", "coordinates": [ -121.40704, 47.97093 ] } },
{ "type": "Feature", "properties": { "dep_id": "10156550", "site_name": "Keystone", "dev_stat": "Prospect", "url": "https://mrdata.usgs.gov/mrds/show-mrds.php?dep_id=10156550", "code_list": "CU AU AG" }, "geometry": { "type": "Point", "coordinates": [ -121.78592, 47.97201 ] } },
{ "type": "Feature", "properties": { "dep_id": "10180216", "site_name": "Ida Placer", "dev_stat": "Occurrence", "url": "https://mrdata.usgs.gov/mrds/show-mrds.php?dep_id=10180216", "code_list": "AU" }, "geometry": { "type": "Point", "coordinates": [ -121.82342, 47.85091 ] } },
{ "type": "Feature", "properties": { "dep_id": "10228800", "site_name": "Editor", "dev_stat": "Prospect", "url": "https://mrdata.usgs.gov/mrds/show-mrds.php?dep_id=10228800", "code_list": "AG PB" }, "geometry": { "type": "Point", "coordinates": [ -121.45401, 47.91871 ] } },
{ "type": "Feature", "properties": { "dep_id": "10277495", "site_name": "Mineral Mines", "dev_stat": "Prospect", "url": "https://mrdata.usgs.gov/mrds/show-mrds.php?dep_id=10277495", "code_list": "CU AU PB AG ZN" }, "geometry": { "type": "Point", "coordinates": [ -121.43951, 47.93871 ] } },
{ "type": "Feature", "properties": { "dep_id": "10036781", "site_name": "Lockwood Prospect", "dev_stat": "Occurrence", "url": "https://mrdata.usgs.gov/mrds/show-mrds.php?dep_id=10036781", "code_list": "PB AG AU" }, "geometry": { "type": "Point", "coordinates": [ -121.44927, 47.92425 ] } },
{ "type": "Feature", "properties": { "dep_id": "10036815", "site_name": "Big Copper Prospect", "dev_stat": "Occurrence", "url": "https://mrdata.usgs.gov/mrds/show-mrds.php?dep_id=10036815", "code_list": "CU AU AG CO" }, "geometry": { "type": "Point", "coordinates": [ -121.52093, 48.03231 ] } },
{ "type": "Feature", "properties": { "dep_id": "10048557", "site_name": "Comet", "dev_stat": "Occurrence", "url": "https://mrdata.usgs.gov/mrds/show-mrds.php?dep_id=10048557", "code_list": "AU AG PB ZN AS" }, "geometry": { "type": "Point", "coordinates": [ -121.37315, 47.97482 ] } },
{ "type": "Feature", "properties": { "dep_id": "10048588", "site_name": "Matt", "dev_stat": "Occurrence", "url": "https://mrdata.usgs.gov/mrds/show-mrds.php?dep_id=10048588", "code_list": "CU MO" }, "geometry": { "type": "Point", "coordinates": [ -121.41343, 47.94426 ] } },
{ "type": "Feature", "properties": { "dep_id": "10048594", "site_name": "Red Mountain", "dev_stat": "Occurrence", "url": "https://mrdata.usgs.gov/mrds/show-mrds.php?dep_id=10048594", "code_list": "AU AG CU" }, "geometry": { "type": "Point", "coordinates": [ -121.40399, 47.94565 ] } },
{ "type": "Feature", "properties": { "dep_id": "10056099", "site_name": "Florence Rae", "dev_stat": "Occurrence", "url": "https://mrdata.usgs.gov/mrds/show-mrds.php?dep_id=10056099", "code_list": "CU AG AU NI PB ZN W" }, "geometry": { "type": "Point", "coordinates": [ -121.49315, 47.97092 ] } },
{ "type": "Feature", "properties": { "dep_id": "10095655", "site_name": "Doris Prospect", "dev_stat": "Occurrence", "url": "https://mrdata.usgs.gov/mrds/show-mrds.php?dep_id=10095655", "code_list": "CU AG ZN W" }, "geometry": { "type": "Point", "coordinates": [ -121.49454, 47.95064 ] } },
{ "type": "Feature", "properties": { "dep_id": "10131427", "site_name": "Donkey", "dev_stat": "Prospect", "url": "https://mrdata.usgs.gov/mrds/show-mrds.php?dep_id=10131427", "code_list": "AU" }, "geometry": { "type": "Point", "coordinates": [ -121.43311, 47.94261 ] } },
{ "type": "Feature", "properties": { "dep_id": "10132029", "site_name": "Tri-Lux Claims", "dev_stat": "Prospect", "url": "https://mrdata.usgs.gov/mrds/show-mrds.php?dep_id=10132029", "code_list": "AU AG" }, "geometry": { "type": "Point", "coordinates": [ -121.63732, 48.05811 ] } },
{ "type": "Feature", "properties": { "dep_id": "10156538", "site_name": "Monte Cristo", "dev_stat": "Past Producer", "url": "https://mrdata.usgs.gov/mrds/show-mrds.php?dep_id=10156538", "code_list": "AU CU PB AG ZN" }, "geometry": { "type": "Point", "coordinates": [ -121.36981, 47.98092 ] } },
{ "type": "Feature", "properties": { "dep_id": "10253748", "site_name": "Gold Bar Placer", "dev_stat": "Occurrence", "url": "https://mrdata.usgs.gov/mrds/show-mrds.php?dep_id=10253748", "code_list": "AU" }, "geometry": { "type": "Point", "coordinates": [ -121.69261, 47.84731 ] } },
{ "type": "Feature", "properties": { "dep_id": "10277017", "site_name": "Maltby Northwest Sand & Gravel", "dev_stat": "Past Producer", "url": "https://mrdata.usgs.gov/mrds/show-mrds.php?dep_id=10277017", "code_list": "SDG" }, "geometry": { "type": "Point", "coordinates": [ -122.00432, 47.80371 ] } },
{ "type": "Feature", "properties": { "dep_id": "10277256", "site_name": "Copper Knob Group", "dev_stat": "Prospect", "url": "https://mrdata.usgs.gov/mrds/show-mrds.php?dep_id=10277256", "code_list": "ZN CU" }, "geometry": { "type": "Point", "coordinates": [ -121.3359, 47.81652 ] } },
{ "type": "Feature", "properties": { "dep_id": "10036728", "site_name": "Fanny Prospect", "dev_stat": "Occurrence", "url": "https://mrdata.usgs.gov/mrds/show-mrds.php?dep_id=10036728", "code_list": "AU AG CU" }, "geometry": { "type": "Point", "coordinates": [ -121.56455, 48.06731 ] } },
{ "type": "Feature", "properties": { "dep_id": "10036766", "site_name": "Silver Coins Claims", "dev_stat": "Occurrence", "url": "https://mrdata.usgs.gov/mrds/show-mrds.php?dep_id=10036766", "code_list": "AU AG PB CU ZN BI" }, "geometry": { "type": "Point", "coordinates": [ -121.62178, 48.10453 ] } },
{ "type": "Feature", "properties": { "dep_id": "10131998", "site_name": "Gravel Pit", "dev_stat": "Unknown", "url": "https://mrdata.usgs.gov/mrds/show-mrds.php?dep_id=10131998", "code_list": "SDG" }, "geometry": { "type": "Point", "coordinates": [ -121.53232, 48.34371 ] } },
{ "type": "Feature", "properties": { "dep_id": "10204782", "site_name": "Dan Creek", "dev_stat": "Past Producer", "url": "https://mrdata.usgs.gov/mrds/show-mrds.php?dep_id=10204782", "code_list": "STN_C" }, "geometry": { "type": "Point", "coordinates": [ -121.48732, 48.21011 ] } },
{ "type": "Feature", "properties": { "dep_id": "10254075", "site_name": "Joplin Paving Pit & Mill", "dev_stat": "Past Producer", "url": "https://mrdata.usgs.gov/mrds/show-mrds.php?dep_id=10254075", "code_list": "SDG" }, "geometry": { "type": "Point", "coordinates": [ -121.97012, 47.86311 ] } },
{ "type": "Feature", "properties": { "dep_id": "10301482", "site_name": "Seattle-Aurora", "dev_stat": "Prospect", "url": "https://mrdata.usgs.gov/mrds/show-mrds.php?dep_id=10301482", "code_list": "AU AG" }, "geometry": { "type": "Point", "coordinates": [ -121.40061, 47.97062 ] } },
{ "type": "Feature", "properties": { "dep_id": "10155913", "site_name": "Paddock", "dev_stat": "Occurrence", "url": "https://mrdata.usgs.gov/mrds/show-mrds.php?dep_id=10155913", "code_list": "STN_C" }, "geometry": { "type": "Point", "coordinates": [ -121.51622, 48.26901 ] } },
{ "type": "Feature", "properties": { "dep_id": "10253518", "site_name": "Sultan River Placer", "dev_stat": "Past Producer", "url": "https://mrdata.usgs.gov/mrds/show-mrds.php?dep_id=10253518", "code_list": "AU" }, "geometry": { "type": "Point", "coordinates": [ -121.82902, 47.86921 ] } },
{ "type": "Feature", "properties": { "dep_id": "10253928", "site_name": "Martin, Gail L", "dev_stat": "Unknown", "url": "https://mrdata.usgs.gov/mrds/show-mrds.php?dep_id=10253928", "code_list": "CU W" }, "geometry": { "type": "Point", "coordinates": [ -121.61591, 47.85541 ] } },
{ "type": "Feature", "properties": { "dep_id": "10277653", "site_name": "J.B.", "dev_stat": "Unknown", "url": "https://mrdata.usgs.gov/mrds/show-mrds.php?dep_id=10277653", "code_list": "AU PB AG" }, "geometry": { "type": "Point", "coordinates": [ -121.38181, 47.97202 ] } },
{ "type": "Feature", "properties": { "dep_id": "10305664", "site_name": "Pilchuck River Pit", "dev_stat": "Past Producer", "url": "https://mrdata.usgs.gov/mrds/show-mrds.php?dep_id=10305664", "code_list": "SDG" }, "geometry": { "type": "Point", "coordinates": [ -122.06953, 47.95171 ] } },
{ "type": "Feature", "properties": { "dep_id": "10036803", "site_name": "Asbestos", "dev_stat": "Occurrence", "url": "https://mrdata.usgs.gov/mrds/show-mrds.php?dep_id=10036803", "code_list": "NI CO" }, "geometry": { "type": "Point", "coordinates": [ -121.61622, 48.11675 ] } },
{ "type": "Feature", "properties": { "dep_id": "10095360", "site_name": "Hoodoo Prospect", "dev_stat": "Occurrence", "url": "https://mrdata.usgs.gov/mrds/show-mrds.php?dep_id=10095360", "code_list": "CU AU AG SN AS PB" }, "geometry": { "type": "Point", "coordinates": [ -121.54927, 48.07314 ] } },
{ "type": "Feature", "properties": { "dep_id": "10131592", "site_name": "Foggy", "dev_stat": "Prospect", "url": "https://mrdata.usgs.gov/mrds/show-mrds.php?dep_id=10131592", "code_list": "CU SB AU PB AG ZN" }, "geometry": { "type": "Point", "coordinates": [ -121.33951, 47.99422 ] } },
{ "type": "Feature", "properties": { "dep_id": "10180905", "site_name": "Gray Copper #2", "dev_stat": "Unknown", "url": "https://mrdata.usgs.gov/mrds/show-mrds.php?dep_id=10180905", "code_list": "CU PB ZN" }, "geometry": { "type": "Point", "coordinates": [ -121.44651, 47.92811 ] } },
{ "type": "Feature", "properties": { "dep_id": "10253375", "site_name": "Bluff Prospect", "dev_stat": "Prospect", "url": "https://mrdata.usgs.gov/mrds/show-mrds.php?dep_id=10253375", "code_list": "AU CU" }, "geometry": { "type": "Point", "coordinates": [ -121.43341, 47.93341 ] } },
{ "type": "Feature", "properties": { "dep_id": "10277288", "site_name": "Granco Quarry", "dev_stat": "Producer", "url": "https://mrdata.usgs.gov/mrds/show-mrds.php?dep_id=10277288", "code_list": "STN_D SDG" }, "geometry": { "type": "Point", "coordinates": [ -121.93343, 48.09481 ] } },
{ "type": "Feature", "properties": { "dep_id": "10277617", "site_name": "Bolding-Wood Prospect", "dev_stat": "Unknown", "url": "https://mrdata.usgs.gov/mrds/show-mrds.php?dep_id=10277617", "code_list": "CU" }, "geometry": { "type": "Point", "coordinates": [ -121.55011, 47.99841 ] } },
{ "type": "Feature", "properties": { "dep_id": "10301976", "site_name": "Aaa Diorite Quarry", "dev_stat": "Producer", "url": "https://mrdata.usgs.gov/mrds/show-mrds.php?dep_id=10301976", "code_list": "STN_C" }, "geometry": { "type": "Point", "coordinates": [ -121.86482, 47.88451 ] } },
{ "type": "Feature", "properties": { "dep_id": "10253662", "site_name": "Meridian", "dev_stat": "Prospect", "url": "https://mrdata.usgs.gov/mrds/show-mrds.php?dep_id=10253662", "code_list": "AU CU AG" }, "geometry": { "type": "Point", "coordinates": [ -121.36681, 47.98512 ] } },
{ "type": "Feature", "properties": { "dep_id": "10036715", "site_name": "Covered Wagon Mine", "dev_stat": "Occurrence", "url": "https://mrdata.usgs.gov/mrds/show-mrds.php?dep_id=10036715", "code_list": "CU AU" }, "geometry": { "type": "Point", "coordinates": [ -121.43788, 47.90425 ] } },
{ "type": "Feature", "properties": { "dep_id": "10036752", "site_name": "Blue Bird Mine", "dev_stat": "Past Producer", "url": "https://mrdata.usgs.gov/mrds/show-mrds.php?dep_id=10036752", "code_list": "PB AG AU" }, "geometry": { "type": "Point", "coordinates": [ -121.43954, 47.91731 ] } },
{ "type": "Feature", "properties": { "dep_id": "10036801", "site_name": "Gray Mare Prospect", "dev_stat": "Occurrence", "url": "https://mrdata.usgs.gov/mrds/show-mrds.php?dep_id=10036801", "code_list": "AG ZN AU CU PB SB" }, "geometry": { "type": "Point", "coordinates": [ -121.66983, 48.23009 ] } },
{ "type": "Feature", "properties": { "dep_id": "10056121", "site_name": "Wayside", "dev_stat": "Occurrence", "url": "https://mrdata.usgs.gov/mrds/show-mrds.php?dep_id=10056121", "code_list": "CU AU AG PB ZN V" }, "geometry": { "type": "Point", "coordinates": [ -121.93567, 48.09537 ] } },
{ "type": "Feature", "properties": { "dep_id": "10092674", "site_name": "Cavanaugh Lake", "dev_stat": "Occurrence", "url": "https://mrdata.usgs.gov/mrds/show-mrds.php?dep_id=10092674", "code_list": "NI" }, "geometry": { "type": "Point", "coordinates": [ -121.95623, 48.30287 ] } },
{ "type": "Feature", "properties": { "dep_id": "10099371", "site_name": "Buckeye", "dev_stat": "Past Producer", "url": "https://mrdata.usgs.gov/mrds/show-mrds.php?dep_id=10099371", "code_list": "CU AG AU" }, "geometry": { "type": "Point", "coordinates": [ -121.5276, 47.78175 ] } },
{ "type": "Feature", "properties": { "dep_id": "10204569", "site_name": "Unnamed Pit", "dev_stat": "Past Producer", "url": "https://mrdata.usgs.gov/mrds/show-mrds.php?dep_id=10204569", "code_list": "STN_C" }, "geometry": { "type": "Point", "coordinates": [ -121.93263, 48.06651 ] } },
{ "type": "Feature", "properties": { "dep_id": "10048570", "site_name": "Portland No. 2", "dev_stat": "Occurrence", "url": "https://mrdata.usgs.gov/mrds/show-mrds.php?dep_id=10048570", "code_list": "AU AG CU PB ZN AS SB" }, "geometry": { "type": "Point", "coordinates": [ -121.36177, 47.98343 ] } },
{ "type": "Feature", "properties": { "dep_id": "10131936", "site_name": "Hancock", "dev_stat": "Prospect", "url": "https://mrdata.usgs.gov/mrds/show-mrds.php?dep_id=10131936", "code_list": "CU CO AU NI AG" }, "geometry": { "type": "Point", "coordinates": [ -121.44231, 47.95731 ] } },
{ "type": "Feature", "properties": { "dep_id": "10180279", "site_name": "Burns", "dev_stat": "Occurrence", "url": "https://mrdata.usgs.gov/mrds/show-mrds.php?dep_id=10180279", "code_list": "AU CU AG" }, "geometry": { "type": "Point", "coordinates": [ -121.57622, 48.26371 ] } },
{ "type": "Feature", "properties": { "dep_id": "10180363", "site_name": "Cornucopia", "dev_stat": "Prospect", "url": "https://mrdata.usgs.gov/mrds/show-mrds.php?dep_id=10180363", "code_list": "AU PB AG" }, "geometry": { "type": "Point", "coordinates": [ -121.53811, 48.03901 ] } },
{ "type": "Feature", "properties": { "dep_id": "10253795", "site_name": "Dnr Pit", "dev_stat": "Unknown", "url": "https://mrdata.usgs.gov/mrds/show-mrds.php?dep_id=10253795", "code_list": "SDG" }, "geometry": { "type": "Point", "coordinates": [ -122.23564, 48.31541 ] } },
{ "type": "Feature", "properties": { "dep_id": "10253996", "site_name": "Unnamed Pit", "dev_stat": "Past Producer", "url": "https://mrdata.usgs.gov/mrds/show-mrds.php?dep_id=10253996", "code_list": "SDG" }, "geometry": { "type": "Point", "coordinates": [ -121.97233, 47.97011 ] } },
{ "type": "Feature", "properties": { "dep_id": "10277543", "site_name": "Bertha D. Placer", "dev_stat": "Prospect", "url": "https://mrdata.usgs.gov/mrds/show-mrds.php?dep_id=10277543", "code_list": "AU" }, "geometry": { "type": "Point", "coordinates": [ -121.80292, 47.92121 ] } },
{ "type": "Feature", "properties": { "dep_id": "10036757", "site_name": "White Gander Prospect", "dev_stat": "Occurrence", "url": "https://mrdata.usgs.gov/mrds/show-mrds.php?dep_id=10036757", "code_list": "CU AG AU AS" }, "geometry": { "type": "Point", "coordinates": [ -121.63955, 48.22037 ] } },
{ "type": "Feature", "properties": { "dep_id": "10095352", "site_name": "Copper Prince Prospect", "dev_stat": "Occurrence", "url": "https://mrdata.usgs.gov/mrds/show-mrds.php?dep_id=10095352", "code_list": "AU AG CU" }, "geometry": { "type": "Point", "coordinates": [ -121.559, 48.06759 ] } },
{ "type": "Feature", "properties": { "dep_id": "10156498", "site_name": "Mountain Cedar", "dev_stat": "Prospect", "url": "https://mrdata.usgs.gov/mrds/show-mrds.php?dep_id=10156498", "code_list": "CU NI AG" }, "geometry": { "type": "Point", "coordinates": [ -121.54511, 48.00011 ] } },
{ "type": "Feature", "properties": { "dep_id": "10180000", "site_name": "Double Eagle", "dev_stat": "Prospect", "url": "https://mrdata.usgs.gov/mrds/show-mrds.php?dep_id=10180000", "code_list": "AU" }, "geometry": { "type": "Point", "coordinates": [ -121.55042, 48.11561 ] } },
{ "type": "Feature", "properties": { "dep_id": "10204518", "site_name": "Everett Brick Yard", "dev_stat": "Past Producer", "url": "https://mrdata.usgs.gov/mrds/show-mrds.php?dep_id=10204518", "code_list": "CLY" }, "geometry": { "type": "Point", "coordinates": [ -122.20313, 47.97811 ] } },
{ "type": "Feature", "properties": { "dep_id": "10228650", "site_name": "Bonanza Prospect", "dev_stat": "Prospect", "url": "https://mrdata.usgs.gov/mrds/show-mrds.php?dep_id=10228650", "code_list": "CU AU AG" }, "geometry": { "type": "Point", "coordinates": [ -121.45121, 47.90951 ] } },
{ "type": "Feature", "properties": { "dep_id": "10277361", "site_name": "Halterman Pit", "dev_stat": "Past Producer", "url": "https://mrdata.usgs.gov/mrds/show-mrds.php?dep_id=10277361", "code_list": "SDG" }, "geometry": { "type": "Point", "coordinates": [ -121.89983, 48.27421 ] } },
{ "type": "Feature", "properties": { "dep_id": "10301364", "site_name": "Fox", "dev_stat": "Occurrence", "url": "https://mrdata.usgs.gov/mrds/show-mrds.php?dep_id=10301364", "code_list": "CU" }, "geometry": { "type": "Point", "coordinates": [ -121.59232, 48.08561 ] } },
{ "type": "Feature", "properties": { "dep_id": "10048558", "site_name": "Pica", "dev_stat": "Occurrence", "url": "https://mrdata.usgs.gov/mrds/show-mrds.php?dep_id=10048558", "code_list": "AU AG CU PB ZN AS SB" }, "geometry": { "type": "Point", "coordinates": [ -121.35621, 47.98426 ] } },
{ "type": "Feature", "properties": { "dep_id": "10055917", "site_name": "Anderson", "dev_stat": "Occurrence", "url": "https://mrdata.usgs.gov/mrds/show-mrds.php?dep_id=10055917", "code_list": "FE PB ZN AG AU CU" }, "geometry": { "type": "Point", "coordinates": [ -121.50649, 47.75481 ] } },
{ "type": "Feature", "properties": { "dep_id": "10056113", "site_name": "O and B", "dev_stat": "Occurrence", "url": "https://mrdata.usgs.gov/mrds/show-mrds.php?dep_id=10056113", "code_list": "CU AU AG" }, "geometry": { "type": "Point", "coordinates": [ -121.40371, 47.98399 ] } },
{ "type": "Feature", "properties": { "dep_id": "10135533", "site_name": "Phoenix Asbestos", "dev_stat": "Prospect", "url": "https://mrdata.usgs.gov/mrds/show-mrds.php?dep_id=10135533", "code_list": "ASB" }, "geometry": { "type": "Point", "coordinates": [ -121.35431, 48.04792 ] } },
{ "type": "Feature", "properties": { "dep_id": "10179802", "site_name": "Marble Peak", "dev_stat": "Occurrence", "url": "https://mrdata.usgs.gov/mrds/show-mrds.php?dep_id=10179802", "code_list": "STN_C" }, "geometry": { "type": "Point", "coordinates": [ -121.57181, 48.04451 ] } },
{ "type": "Feature", "properties": { "dep_id": "10179911", "site_name": "Mayflower", "dev_stat": "Prospect", "url": "https://mrdata.usgs.gov/mrds/show-mrds.php?dep_id=10179911", "code_list": "AU" }, "geometry": { "type": "Point", "coordinates": [ -121.43041, 47.90951 ] } },
{ "type": "Feature", "properties": { "dep_id": "10180044", "site_name": "Sultan Pit", "dev_stat": "Past Producer", "url": "https://mrdata.usgs.gov/mrds/show-mrds.php?dep_id=10180044", "code_list": "SDG" }, "geometry": { "type": "Point", "coordinates": [ -121.79842, 47.85951 ] } },
{ "type": "Feature", "properties": { "dep_id": "10156485", "site_name": "Sunset Mine", "dev_stat": "Past Producer", "url": "https://mrdata.usgs.gov/mrds/show-mrds.php?dep_id=10156485", "code_list": "CU AU AG" }, "geometry": { "type": "Point", "coordinates": [ -121.46261, 47.85811 ] } },
{ "type": "Feature", "properties": { "dep_id": "10204903", "site_name": "Aristo Placer", "dev_stat": "Past Producer", "url": "https://mrdata.usgs.gov/mrds/show-mrds.php?dep_id=10204903", "code_list": "AU" }, "geometry": { "type": "Point", "coordinates": [ -121.80952, 47.91511 ] } },
{ "type": "Feature", "properties": { "dep_id": "10205031", "site_name": "Siberia", "dev_stat": "Prospect", "url": "https://mrdata.usgs.gov/mrds/show-mrds.php?dep_id=10205031", "code_list": "AU AG" }, "geometry": { "type": "Point", "coordinates": [ -121.42151, 47.93702 ] } },
{ "type": "Feature", "properties": { "dep_id": "10253469", "site_name": "Quartz Creek", "dev_stat": "Occurrence", "url": "https://mrdata.usgs.gov/mrds/show-mrds.php?dep_id=10253469", "code_list": "AU AG" }, "geometry": { "type": "Point", "coordinates": [ -121.3012, 47.97012 ] } },
{ "type": "Feature", "properties": { "dep_id": "10036748", "site_name": "Emma Bess Prospect", "dev_stat": "Occurrence", "url": "https://mrdata.usgs.gov/mrds/show-mrds.php?dep_id=10036748", "code_list": "AU" }, "geometry": { "type": "Point", "coordinates": [ -121.43565, 47.94564 ] } },
{ "type": "Feature", "properties": { "dep_id": "10155731", "site_name": "Skykomish River Pit", "dev_stat": "Past Producer", "url": "https://mrdata.usgs.gov/mrds/show-mrds.php?dep_id=10155731", "code_list": "SDG" }, "geometry": { "type": "Point", "coordinates": [ -121.99732, 47.83011 ] } },
{ "type": "Feature", "properties": { "dep_id": "10156076", "site_name": "Safeway Pit", "dev_stat": "Past Producer", "url": "https://mrdata.usgs.gov/mrds/show-mrds.php?dep_id=10156076", "code_list": "SDG" }, "geometry": { "type": "Point", "coordinates": [ -121.91652, 47.85671 ] } },
{ "type": "Feature", "properties": { "dep_id": "10179838", "site_name": "Ala-Dickson", "dev_stat": "Occurrence", "url": "https://mrdata.usgs.gov/mrds/show-mrds.php?dep_id=10179838", "code_list": "CU AU PB AG ZN" }, "geometry": { "type": "Point", "coordinates": [ -121.56151, 48.02091 ] } },
{ "type": "Feature", "properties": { "dep_id": "10204692", "site_name": "Oro Fino", "dev_stat": "Prospect", "url": "https://mrdata.usgs.gov/mrds/show-mrds.php?dep_id=10204692", "code_list": "CU AU AG" }, "geometry": { "type": "Point", "coordinates": [ -121.41931, 47.88732 ] } },
{ "type": "Feature", "properties": { "dep_id": "10204730", "site_name": "Riverscene Pit", "dev_stat": "Past Producer", "url": "https://mrdata.usgs.gov/mrds/show-mrds.php?dep_id=10204730", "code_list": "SDG" }, "geometry": { "type": "Point", "coordinates": [ -121.97343, 48.10421 ] } },
{ "type": "Feature", "properties": { "dep_id": "10204765", "site_name": "Mineral Gorge Mining & Devel. Co.", "dev_stat": "Prospect", "url": "https://mrdata.usgs.gov/mrds/show-mrds.php?dep_id=10204765", "code_list": "CU BE" }, "geometry": { "type": "Point", "coordinates": [ -121.41841, 47.95562 ] } },
{ "type": "Feature", "properties": { "dep_id": "10204819", "site_name": "Last Dollar", "dev_stat": "Unknown", "url": "https://mrdata.usgs.gov/mrds/show-mrds.php?dep_id=10204819", "code_list": "CU AU" }, "geometry": { "type": "Point", "coordinates": [ -121.42621, 47.92761 ] } },
{ "type": "Feature", "properties": { "dep_id": "10228694", "site_name": "Unnamed Pit", "dev_stat": "Past Producer", "url": "https://mrdata.usgs.gov/mrds/show-mrds.php?dep_id=10228694", "code_list": "SDG" }, "geometry": { "type": "Point", "coordinates": [ -122.25203, 47.79261 ] } },
{ "type": "Feature", "properties": { "dep_id": "10277569", "site_name": "Alta", "dev_stat": "Occurrence", "url": "https://mrdata.usgs.gov/mrds/show-mrds.php?dep_id=10277569", "code_list": "AU GRF PB AG" }, "geometry": { "type": "Point", "coordinates": [ -121.44651, 47.94201 ] } },
{ "type": "Feature", "properties": { "dep_id": "10301478", "site_name": "Helen May #4", "dev_stat": "Unknown", "url": "https://mrdata.usgs.gov/mrds/show-mrds.php?dep_id=10301478", "code_list": "CU" }, "geometry": { "type": "Point", "coordinates": [ -121.44591, 47.94151 ] } },
{ "type": "Feature", "properties": { "dep_id": "10302064", "site_name": "Unnamed Pit", "dev_stat": "Past Producer", "url": "https://mrdata.usgs.gov/mrds/show-mrds.php?dep_id=10302064", "code_list": "SDG" }, "geometry": { "type": "Point", "coordinates": [ -122.13453, 47.75121 ] } },
{ "type": "Feature", "properties": { "dep_id": "10036706", "site_name": "Cascade Prospect", "dev_stat": "Occurrence", "url": "https://mrdata.usgs.gov/mrds/show-mrds.php?dep_id=10036706", "code_list": "CU AU AG" }, "geometry": { "type": "Point", "coordinates": [ -121.44538, 47.8412 ] } },
{ "type": "Feature", "properties": { "dep_id": "10036741", "site_name": "Sunrise Prospect", "dev_stat": "Occurrence", "url": "https://mrdata.usgs.gov/mrds/show-mrds.php?dep_id=10036741", "code_list": "AU AG CU PB ZN MO AS" }, "geometry": { "type": "Point", "coordinates": [ -121.66816, 48.23842 ] } },
{ "type": "Feature", "properties": { "dep_id": "10036744", "site_name": "Mineral Center Prospect", "dev_stat": "Occurrence", "url": "https://mrdata.usgs.gov/mrds/show-mrds.php?dep_id=10036744", "code_list": "AU AG CU PB ZN MO FE AS" }, "geometry": { "type": "Point", "coordinates": [ -121.42593, 47.96204 ] } },
{ "type": "Feature", "properties": { "dep_id": "10056103", "site_name": "Horseshoe Bend Placer", "dev_stat": "Occurrence", "url": "https://mrdata.usgs.gov/mrds/show-mrds.php?dep_id=10056103", "code_list": "AU" }, "geometry": { "type": "Point", "coordinates": [ -121.80955, 47.92842 ] } },
{ "type": "Feature", "properties": { "dep_id": "10130578", "site_name": "Salmon Creek", "dev_stat": "Unknown", "url": "https://mrdata.usgs.gov/mrds/show-mrds.php?dep_id=10130578", "code_list": "SB" }, "geometry": { "type": "Point", "coordinates": [ -121.50541, 47.75261 ] } },
{ "type": "Feature", "properties": { "dep_id": "10130638", "site_name": "Baring Deposits", "dev_stat": "Occurrence", "url": "https://mrdata.usgs.gov/mrds/show-mrds.php?dep_id=10130638", "code_list": "LST" }, "geometry": { "type": "Point", "coordinates": [ -121.4643, 47.75671 ] } },
{ "type": "Feature", "properties": { "dep_id": "10131352", "site_name": "Keystone", "dev_stat": "Prospect", "url": "https://mrdata.usgs.gov/mrds/show-mrds.php?dep_id=10131352", "code_list": "AU CU PB AG" }, "geometry": { "type": "Point", "coordinates": [ -121.38261, 47.98402 ] } },
{ "type": "Feature", "properties": { "dep_id": "10277631", "site_name": "Aimee Prospect", "dev_stat": "Prospect", "url": "https://mrdata.usgs.gov/mrds/show-mrds.php?dep_id=10277631", "code_list": "CU AG" }, "geometry": { "type": "Point", "coordinates": [ -121.45731, 47.84421 ] } },
{ "type": "Feature", "properties": { "dep_id": "10036703", "site_name": "Broken Ridge Prospect", "dev_stat": "Past Producer", "url": "https://mrdata.usgs.gov/mrds/show-mrds.php?dep_id=10036703", "code_list": "CU AG AU ZN SIL U" }, "geometry": { "type": "Point", "coordinates": [ -121.44288, 47.90898 ] } },
{ "type": "Feature", "properties": { "dep_id": "10036754", "site_name": "Argonaut and Typo Prospect", "dev_stat": "Occurrence", "url": "https://mrdata.usgs.gov/mrds/show-mrds.php?dep_id=10036754", "code_list": "AU AS" }, "geometry": { "type": "Point", "coordinates": [ -121.37843, 47.97593 ] } },
{ "type": "Feature", "properties": { "dep_id": "10036820", "site_name": "Nevada Prospect", "dev_stat": "Occurrence", "url": "https://mrdata.usgs.gov/mrds/show-mrds.php?dep_id=10036820", "code_list": "CU AU AG" }, "geometry": { "type": "Point", "coordinates": [ -121.34204, 48.01232 ] } },
{ "type": "Feature", "properties": { "dep_id": "10131355", "site_name": "Bonita", "dev_stat": "Prospect", "url": "https://mrdata.usgs.gov/mrds/show-mrds.php?dep_id=10131355", "code_list": "AU AG" }, "geometry": { "type": "Point", "coordinates": [ -121.41431, 47.97012 ] } },
{ "type": "Feature", "properties": { "dep_id": "10156898", "site_name": "Gray Mare", "dev_stat": "Prospect", "url": "https://mrdata.usgs.gov/mrds/show-mrds.php?dep_id=10156898", "code_list": "AG SB AU PB ZN" }, "geometry": { "type": "Point", "coordinates": [ -121.67012, 48.22811 ] } },
{ "type": "Feature", "properties": { "dep_id": "10179833", "site_name": "S M P", "dev_stat": "Occurrence", "url": "https://mrdata.usgs.gov/mrds/show-mrds.php?dep_id=10179833", "code_list": "ZN CU AU" }, "geometry": { "type": "Point", "coordinates": [ -121.45401, 47.94951 ] } },
{ "type": "Feature", "properties": { "dep_id": "10204293", "site_name": "Sultan Canyon Placer", "dev_stat": "Prospect", "url": "https://mrdata.usgs.gov/mrds/show-mrds.php?dep_id=10204293", "code_list": "AU" }, "geometry": { "type": "Point", "coordinates": [ -121.79982, 47.94701 ] } },
{ "type": "Feature", "properties": { "dep_id": "10229148", "site_name": "Blue Bird", "dev_stat": "Occurrence", "url": "https://mrdata.usgs.gov/mrds/show-mrds.php?dep_id=10229148", "code_list": "AU CU NI AG" }, "geometry": { "type": "Point", "coordinates": [ -121.57812, 48.25061 ] } },
{ "type": "Feature", "properties": { "dep_id": "10256822", "site_name": "Skagit County Road Dept", "dev_stat": "Producer", "url": "https://mrdata.usgs.gov/mrds/show-mrds.php?dep_id=10256822", "code_list": "SDG" }, "geometry": { "type": "Point", "coordinates": [ -122.21344, 48.33201 ] } },
{ "type": "Feature", "properties": { "dep_id": "10277298", "site_name": "Washington", "dev_stat": "Prospect", "url": "https://mrdata.usgs.gov/mrds/show-mrds.php?dep_id=10277298", "code_list": "AU SB CU PB AG ZN" }, "geometry": { "type": "Point", "coordinates": [ -121.36061, 47.98172 ] } },
{ "type": "Feature", "properties": { "dep_id": "10277654", "site_name": "Lulu", "dev_stat": "Prospect", "url": "https://mrdata.usgs.gov/mrds/show-mrds.php?dep_id=10277654", "code_list": "AU PB AG" }, "geometry": { "type": "Point", "coordinates": [ -121.56482, 48.06651 ] } },
{ "type": "Feature", "properties": { "dep_id": "10048446", "site_name": "Seacrest", "dev_stat": "Occurrence", "url": "https://mrdata.usgs.gov/mrds/show-mrds.php?dep_id=10048446", "code_list": "CU MO NI CR PB ZN" }, "geometry": { "type": "Point", "coordinates": [ -121.41593, 47.95288 ] } },
{ "type": "Feature", "properties": { "dep_id": "10180394", "site_name": "Unnamed Pit", "dev_stat": "Past Producer", "url": "https://mrdata.usgs.gov/mrds/show-mrds.php?dep_id=10180394", "code_list": "SDG" }, "geometry": { "type": "Point", "coordinates": [ -122.01543, 48.14261 ] } },
{ "type": "Feature", "properties": { "dep_id": "10181166", "site_name": "Oscar Todd", "dev_stat": "Occurrence", "url": "https://mrdata.usgs.gov/mrds/show-mrds.php?dep_id=10181166", "code_list": "AU CU AG" }, "geometry": { "type": "Point", "coordinates": [ -121.42431, 47.94012 ] } },
{ "type": "Feature", "properties": { "dep_id": "10228859", "site_name": "Forty Five", "dev_stat": "Past Producer", "url": "https://mrdata.usgs.gov/mrds/show-mrds.php?dep_id=10228859", "code_list": "AG CU AU PB W ZN" }, "geometry": { "type": "Point", "coordinates": [ -121.55151, 48.05701 ] } },
{ "type": "Feature", "properties": { "dep_id": "10253507", "site_name": "Gold Eagle", "dev_stat": "Prospect", "url": "https://mrdata.usgs.gov/mrds/show-mrds.php?dep_id=10253507", "code_list": "AU CU" }, "geometry": { "type": "Point", "coordinates": [ -121.41701, 47.97232 ] } },
{ "type": "Feature", "properties": { "dep_id": "10253736", "site_name": "Cheryl Lee", "dev_stat": "Prospect", "url": "https://mrdata.usgs.gov/mrds/show-mrds.php?dep_id=10253736", "code_list": "AU AG" }, "geometry": { "type": "Point", "coordinates": [ -121.40931, 47.97062 ] } },
{ "type": "Feature", "properties": { "dep_id": "10277189", "site_name": "Menzel Lake", "dev_stat": "Unknown", "url": "https://mrdata.usgs.gov/mrds/show-mrds.php?dep_id=10277189", "code_list": "LST_D" }, "geometry": { "type": "Point", "coordinates": [ -121.91453, 48.04421 ] } },
{ "type": "Feature", "properties": { "dep_id": "10301895", "site_name": "Unnamed Pit", "dev_stat": "Past Producer", "url": "https://mrdata.usgs.gov/mrds/show-mrds.php?dep_id=10301895", "code_list": "SDG" }, "geometry": { "type": "Point", "coordinates": [ -122.13374, 48.17541 ] } },
{ "type": "Feature", "properties": { "dep_id": "10301936", "site_name": "Pilchuck River Pit", "dev_stat": "Past Producer", "url": "https://mrdata.usgs.gov/mrds/show-mrds.php?dep_id=10301936", "code_list": "SDG" }, "geometry": { "type": "Point", "coordinates": [ -122.03933, 48.00291 ] } },
{ "type": "Feature", "properties": { "dep_id": "10301960", "site_name": "Unnamed Pit", "dev_stat": "Past Producer", "url": "https://mrdata.usgs.gov/mrds/show-mrds.php?dep_id=10301960", "code_list": "SDG" }, "geometry": { "type": "Point", "coordinates": [ -121.99902, 47.91201 ] } },
{ "type": "Feature", "properties": { "dep_id": "10036717", "site_name": "Deer Lake Prospect", "dev_stat": "Occurrence", "url": "https://mrdata.usgs.gov/mrds/show-mrds.php?dep_id=10036717", "code_list": "CU" }, "geometry": { "type": "Point", "coordinates": [ -121.59455, 48.13009 ] } },
{ "type": "Feature", "properties": { "dep_id": "10131788", "site_name": "Darrington", "dev_stat": "Prospect", "url": "https://mrdata.usgs.gov/mrds/show-mrds.php?dep_id=10131788", "code_list": "FE" }, "geometry": { "type": "Point", "coordinates": [ -121.54982, 48.19871 ] } },
{ "type": "Feature", "properties": { "dep_id": "10155753", "site_name": "Monroe Pit", "dev_stat": "Past Producer", "url": "https://mrdata.usgs.gov/mrds/show-mrds.php?dep_id=10155753", "code_list": "SDG" }, "geometry": { "type": "Point", "coordinates": [ -121.97702, 47.86451 ] } },
{ "type": "Feature", "properties": { "dep_id": "10179797", "site_name": "Sam Strom", "dev_stat": "Occurrence", "url": "https://mrdata.usgs.gov/mrds/show-mrds.php?dep_id=10179797", "code_list": "CU AU AG" }, "geometry": { "type": "Point", "coordinates": [ -121.58932, 48.24421 ] } },
{ "type": "Feature", "properties": { "dep_id": "10181351", "site_name": "W. Danseau", "dev_stat": "Prospect", "url": "https://mrdata.usgs.gov/mrds/show-mrds.php?dep_id=10181351", "code_list": "AU AG" }, "geometry": { "type": "Point", "coordinates": [ -121.41061, 47.97542 ] } },
{ "type": "Feature", "properties": { "dep_id": "10253858", "site_name": "McKinley", "dev_stat": "Prospect", "url": "https://mrdata.usgs.gov/mrds/show-mrds.php?dep_id=10253858", "code_list": "AU" }, "geometry": { "type": "Point", "coordinates": [ -121.43731, 47.91371 ] } },
{ "type": "Feature", "properties": { "dep_id": "10036787", "site_name": "Coe Prospect", "dev_stat": "Occurrence", "url": "https://mrdata.usgs.gov/mrds/show-mrds.php?dep_id=10036787", "code_list": "FE" }, "geometry": { "type": "Point", "coordinates": [ -122.10374, 48.21287 ] } },
{ "type": "Feature", "properties": { "dep_id": "10056106", "site_name": "Jefferson", "dev_stat": "Occurrence", "url": "https://mrdata.usgs.gov/mrds/show-mrds.php?dep_id=10056106", "code_list": "FE" }, "geometry": { "type": "Point", "coordinates": [ -122.06206, 48.23675 ] } },
{ "type": "Feature", "properties": { "dep_id": "10156273", "site_name": "Unnamed Pit", "dev_stat": "Past Producer", "url": "https://mrdata.usgs.gov/mrds/show-mrds.php?dep_id=10156273", "code_list": "SDG" }, "geometry": { "type": "Point", "coordinates": [ -122.10483, 47.94371 ] } },
{ "type": "Feature", "properties": { "dep_id": "10229046", "site_name": "Bear", "dev_stat": "Occurrence", "url": "https://mrdata.usgs.gov/mrds/show-mrds.php?dep_id=10229046", "code_list": "AU CU PB AG" }, "geometry": { "type": "Point", "coordinates": [ -121.44731, 47.94291 ] } },
{ "type": "Feature", "properties": { "dep_id": "10253504", "site_name": "Copper Queen", "dev_stat": "Prospect", "url": "https://mrdata.usgs.gov/mrds/show-mrds.php?dep_id=10253504", "code_list": "CU AU" }, "geometry": { "type": "Point", "coordinates": [ -121.59202, 48.08591 ] } },
{ "type": "Feature", "properties": { "dep_id": "10253596", "site_name": "Helen May No. 1", "dev_stat": "Prospect", "url": "https://mrdata.usgs.gov/mrds/show-mrds.php?dep_id=10253596", "code_list": "AU CU AG" }, "geometry": { "type": "Point", "coordinates": [ -121.43291, 47.93401 ] } },
{ "type": "Feature", "properties": { "dep_id": "10253813", "site_name": "Builders Supply Pit", "dev_stat": "Past Producer", "url": "https://mrdata.usgs.gov/mrds/show-mrds.php?dep_id=10253813", "code_list": "SDG" }, "geometry": { "type": "Point", "coordinates": [ -121.99152, 47.81231 ] } },
{ "type": "Feature", "properties": { "dep_id": "10277118", "site_name": "Lockwood Pyrite", "dev_stat": "Past Producer", "url": "https://mrdata.usgs.gov/mrds/show-mrds.php?dep_id=10277118", "code_list": "AU CU FE AG S ZN" }, "geometry": { "type": "Point", "coordinates": [ -121.71792, 47.96291 ] } },
{ "type": "Feature", "properties": { "dep_id": "10277460", "site_name": "Atlantic Prospect", "dev_stat": "Occurrence", "url": "https://mrdata.usgs.gov/mrds/show-mrds.php?dep_id=10277460", "code_list": "AG CU ZN" }, "geometry": { "type": "Point", "coordinates": [ -121.45701, 47.82871 ] } },
{ "type": "Feature", "properties": { "dep_id": "10302006", "site_name": "Unnamed Pit", "dev_stat": "Past Producer", "url": "https://mrdata.usgs.gov/mrds/show-mrds.php?dep_id=10302006", "code_list": "SDG" }, "geometry": { "type": "Point", "coordinates": [ -122.00543, 48.11091 ] } },
{ "type": "Feature", "properties": { "dep_id": "10036738", "site_name": "Ajax Prospect", "dev_stat": "Occurrence", "url": "https://mrdata.usgs.gov/mrds/show-mrds.php?dep_id=10036738", "code_list": "AU AG" }, "geometry": { "type": "Point", "coordinates": [ -121.35427, 47.97649 ] } },
{ "type": "Feature", "properties": { "dep_id": "10048486", "site_name": "Le Roy", "dev_stat": "Occurrence", "url": "https://mrdata.usgs.gov/mrds/show-mrds.php?dep_id=10048486", "code_list": "AG PB PGE_PT AU" }, "geometry": { "type": "Point", "coordinates": [ -121.43565, 47.98814 ] } },
{ "type": "Feature", "properties": { "dep_id": "10180001", "site_name": "Copperhead", "dev_stat": "Prospect", "url": "https://mrdata.usgs.gov/mrds/show-mrds.php?dep_id=10180001", "code_list": "CU AU AG" }, "geometry": { "type": "Point", "coordinates": [ -121.58012, 48.08511 ] } },
{ "type": "Feature", "properties": { "dep_id": "10180560", "site_name": "Cascade", "dev_stat": "Prospect", "url": "https://mrdata.usgs.gov/mrds/show-mrds.php?dep_id=10180560", "code_list": "CU AU AG" }, "geometry": { "type": "Point", "coordinates": [ -121.45541, 47.84421 ] } },
{ "type": "Feature", "properties": { "dep_id": "10204976", "site_name": "Q.T.", "dev_stat": "Prospect", "url": "https://mrdata.usgs.gov/mrds/show-mrds.php?dep_id=10204976", "code_list": "AU CU AG ZN" }, "geometry": { "type": "Point", "coordinates": [ -121.39231, 47.95292 ] } },
{ "type": "Feature", "properties": { "dep_id": "10228686", "site_name": "Cathcart Pit", "dev_stat": "Past Producer", "url": "https://mrdata.usgs.gov/mrds/show-mrds.php?dep_id=10228686", "code_list": "SDG" }, "geometry": { "type": "Point", "coordinates": [ -122.07903, 47.84841 ] } },
{ "type": "Feature", "properties": { "dep_id": "10253975", "site_name": "North-Bear Prospect", "dev_stat": "Unknown", "url": "https://mrdata.usgs.gov/mrds/show-mrds.php?dep_id=10253975", "code_list": "CU" }, "geometry": { "type": "Point", "coordinates": [ -121.44431, 47.94041 ] } },
{ "type": "Feature", "properties": { "dep_id": "10036770", "site_name": "John Newhouse Occurence", "dev_stat": "Occurrence", "url": "https://mrdata.usgs.gov/mrds/show-mrds.php?dep_id=10036770", "code_list": "AU" }, "geometry": { "type": "Point", "coordinates": [ -121.55677, 47.98203 ] } },
{ "type": "Feature", "properties": { "dep_id": "10036773", "site_name": "Darrington Placer", "dev_stat": "Occurrence", "url": "https://mrdata.usgs.gov/mrds/show-mrds.php?dep_id=10036773", "code_list": "AU" }, "geometry": { "type": "Point", "coordinates": [ -121.60622, 48.25342 ] } },
{ "type": "Feature", "properties": { "dep_id": "10095353", "site_name": "Silver Horseshoe", "dev_stat": "Occurrence", "url": "https://mrdata.usgs.gov/mrds/show-mrds.php?dep_id=10095353", "code_list": "AG PB ZN CU W AS MO AU" }, "geometry": { "type": "Point", "coordinates": [ -121.5301, 48.04064 ] } },
{ "type": "Feature", "properties": { "dep_id": "10156547", "site_name": "Flora-Saloma", "dev_stat": "Unknown", "url": "https://mrdata.usgs.gov/mrds/show-mrds.php?dep_id=10156547", "code_list": "CU ZN" }, "geometry": { "type": "Point", "coordinates": [ -121.44451, 47.93121 ] } },
{ "type": "Feature", "properties": { "dep_id": "10180034", "site_name": "D.N.R. Pit", "dev_stat": "Producer", "url": "https://mrdata.usgs.gov/mrds/show-mrds.php?dep_id=10180034", "code_list": "SDG" }, "geometry": { "type": "Point", "coordinates": [ -122.21044, 48.33311 ] } },
{ "type": "Feature", "properties": { "dep_id": "10204469", "site_name": "P. and I.", "dev_stat": "Prospect", "url": "https://mrdata.usgs.gov/mrds/show-mrds.php?dep_id=10204469", "code_list": "AU CU AG" }, "geometry": { "type": "Point", "coordinates": [ -121.39981, 47.98592 ] } },
{ "type": "Feature", "properties": { "dep_id": "10277281", "site_name": "S. Sultan Pit", "dev_stat": "Past Producer", "url": "https://mrdata.usgs.gov/mrds/show-mrds.php?dep_id=10277281", "code_list": "SDG" }, "geometry": { "type": "Point", "coordinates": [ -121.83872, 47.85121 ] } },
{ "type": "Feature", "properties": { "dep_id": "10277627", "site_name": "Lake Julia", "dev_stat": "Unknown", "url": "https://mrdata.usgs.gov/mrds/show-mrds.php?dep_id=10277627", "code_list": "LST_D" }, "geometry": { "type": "Point", "coordinates": [ -121.87452, 48.06121 ] } },
{ "type": "Feature", "properties": { "dep_id": "10036828", "site_name": "Kitanning Prospect", "dev_stat": "Occurrence", "url": "https://mrdata.usgs.gov/mrds/show-mrds.php?dep_id=10036828", "code_list": "CU" }, "geometry": { "type": "Point", "coordinates": [ -121.45815, 47.86842 ] } },
{ "type": "Feature", "properties": { "dep_id": "10036951", "site_name": "Winnie Prospect", "dev_stat": "Occurrence", "url": "https://mrdata.usgs.gov/mrds/show-mrds.php?dep_id=10036951", "code_list": "AU AG CU" }, "geometry": { "type": "Point", "coordinates": [ -121.44315, 47.96287 ] } },
{ "type": "Feature", "properties": { "dep_id": "10068218", "site_name": "Mackinaw", "dev_stat": "Past Producer", "url": "https://mrdata.usgs.gov/mrds/show-mrds.php?dep_id=10068218", "code_list": "CU NI CO AU AG V U AS" }, "geometry": { "type": "Point", "coordinates": [ -121.44315, 47.9812 ] } },
{ "type": "Feature", "properties": { "dep_id": "10204292", "site_name": "Rambler Crosscut", "dev_stat": "Prospect", "url": "https://mrdata.usgs.gov/mrds/show-mrds.php?dep_id=10204292", "code_list": "CU AU PB AG ZN" }, "geometry": { "type": "Point", "coordinates": [ -121.44561, 47.94291 ] } },
{ "type": "Feature", "properties": { "dep_id": "10204974", "site_name": "Washington Gem Jade Co.", "dev_stat": "Unknown", "url": "https://mrdata.usgs.gov/mrds/show-mrds.php?dep_id=10204974", "code_list": "GEM" }, "geometry": { "type": "Point", "coordinates": [ -121.73093, 48.31451 ] } },
{ "type": "Feature", "properties": { "dep_id": "10228669", "site_name": "National", "dev_stat": "Prospect", "url": "https://mrdata.usgs.gov/mrds/show-mrds.php?dep_id=10228669", "code_list": "CU AU AG" }, "geometry": { "type": "Point", "coordinates": [ -121.44451, 47.95761 ] } },
{ "type": "Feature", "properties": { "dep_id": "10228696", "site_name": "Anaconda", "dev_stat": "Prospect", "url": "https://mrdata.usgs.gov/mrds/show-mrds.php?dep_id=10228696", "code_list": "AU" }, "geometry": { "type": "Point", "coordinates": [ -121.45121, 47.89421 ] } },
{ "type": "Feature", "properties": { "dep_id": "10277260", "site_name": "Bassett-Western Pit", "dev_stat": "Past Producer", "url": "https://mrdata.usgs.gov/mrds/show-mrds.php?dep_id=10277260", "code_list": "SDG" }, "geometry": { "type": "Point", "coordinates": [ -122.12593, 47.79731 ] } },
{ "type": "Feature", "properties": { "dep_id": "10277540", "site_name": "White Chuck River", "dev_stat": "Occurrence", "url": "https://mrdata.usgs.gov/mrds/show-mrds.php?dep_id=10277540", "code_list": "STN_C" }, "geometry": { "type": "Point", "coordinates": [ -121.43651, 48.17812 ] } },
{ "type": "Feature", "properties": { "dep_id": "10277753", "site_name": "Washington-Iowa", "dev_stat": "Prospect", "url": "https://mrdata.usgs.gov/mrds/show-mrds.php?dep_id=10277753", "code_list": "CU AU PB AG ZN" }, "geometry": { "type": "Point", "coordinates": [ -121.42061, 47.95812 ] } },
{ "type": "Feature", "properties": { "dep_id": "10301554", "site_name": "Johnson Pit", "dev_stat": "Past Producer", "url": "https://mrdata.usgs.gov/mrds/show-mrds.php?dep_id=10301554", "code_list": "SDG" }, "geometry": { "type": "Point", "coordinates": [ -122.07063, 48.04701 ] } },
{ "type": "Feature", "properties": { "dep_id": "10301556", "site_name": "Lucky Strike", "dev_stat": "Prospect", "url": "https://mrdata.usgs.gov/mrds/show-mrds.php?dep_id=10301556", "code_list": "AS" }, "geometry": { "type": "Point", "coordinates": [ -121.58982, 48.07451 ] } },
{ "type": "Feature", "properties": { "dep_id": "10301981", "site_name": "Snohomish Sand and Gravel Inc", "dev_stat": "Producer", "url": "https://mrdata.usgs.gov/mrds/show-mrds.php?dep_id=10301981", "code_list": "LST_D" }, "geometry": { "type": "Point", "coordinates": [ -122.09483, 47.91651 ] } },
{ "type": "Feature", "properties": { "dep_id": "10036742", "site_name": "Sidney Prospect", "dev_stat": "Occurrence", "url": "https://mrdata.usgs.gov/mrds/show-mrds.php?dep_id=10036742", "code_list": "AU AG CU AS" }, "geometry": { "type": "Point", "coordinates": [ -121.38565, 47.97732 ] } },
{ "type": "Feature", "properties": { "dep_id": "10036829", "site_name": "Keywinder Prospect", "dev_stat": "Occurrence", "url": "https://mrdata.usgs.gov/mrds/show-mrds.php?dep_id=10036829", "code_list": "AU AG CU" }, "geometry": { "type": "Point", "coordinates": [ -121.63872, 48.23009 ] } },
{ "type": "Feature", "properties": { "dep_id": "10036941", "site_name": "Merchant Prospect", "dev_stat": "Occurrence", "url": "https://mrdata.usgs.gov/mrds/show-mrds.php?dep_id=10036941", "code_list": "CU FE" }, "geometry": { "type": "Point", "coordinates": [ -121.44177, 47.82648 ] } },
{ "type": "Feature", "properties": { "dep_id": "10056098", "site_name": "Ethel", "dev_stat": "Past Producer", "url": "https://mrdata.usgs.gov/mrds/show-mrds.php?dep_id=10056098", "code_list": "CU AU AG" }, "geometry": { "type": "Point", "coordinates": [ -121.49649, 47.87092 ] } },
{ "type": "Feature", "properties": { "dep_id": "10156421", "site_name": "High Level", "dev_stat": "Prospect", "url": "https://mrdata.usgs.gov/mrds/show-mrds.php?dep_id=10156421", "code_list": "AU CU AG" }, "geometry": { "type": "Point", "coordinates": [ -121.41841, 47.93622 ] } },
{ "type": "Feature", "properties": { "dep_id": "10228839", "site_name": "Raven", "dev_stat": "Occurrence", "url": "https://mrdata.usgs.gov/mrds/show-mrds.php?dep_id=10228839", "code_list": "AU" }, "geometry": { "type": "Point", "coordinates": [ -121.51791, 47.84561 ] } },
{ "type": "Feature", "properties": { "dep_id": "10253822", "site_name": "Unnamed Pit", "dev_stat": "Past Producer", "url": "https://mrdata.usgs.gov/mrds/show-mrds.php?dep_id=10253822", "code_list": "SDG" }, "geometry": { "type": "Point", "coordinates": [ -122.10623, 47.96701 ] } },
{ "type": "Feature", "properties": { "dep_id": "10301616", "site_name": "Pilchuck River", "dev_stat": "Occurrence", "url": "https://mrdata.usgs.gov/mrds/show-mrds.php?dep_id=10301616", "code_list": "STN_C" }, "geometry": { "type": "Point", "coordinates": [ -121.80732, 48.00311 ] } },
{ "type": "Feature", "properties": { "dep_id": "10204833", "site_name": "Congress", "dev_stat": "Prospect", "url": "https://mrdata.usgs.gov/mrds/show-mrds.php?dep_id=10204833", "code_list": "AU SB CU PB AG" }, "geometry": { "type": "Point", "coordinates": [ -121.38561, 47.96672 ] } },
{ "type": "Feature", "properties": { "dep_id": "10228410", "site_name": "Northwest Consolidated", "dev_stat": "Past Producer", "url": "https://mrdata.usgs.gov/mrds/show-mrds.php?dep_id=10228410", "code_list": "AU CU AG" }, "geometry": { "type": "Point", "coordinates": [ -121.45341, 47.98701 ] } },
{ "type": "Feature", "properties": { "dep_id": "10253673", "site_name": "Four Brothers", "dev_stat": "Prospect", "url": "https://mrdata.usgs.gov/mrds/show-mrds.php?dep_id=10253673", "code_list": "CU" }, "geometry": { "type": "Point", "coordinates": [ -121.56812, 48.07561 ] } },
{ "type": "Feature", "properties": { "dep_id": "10277749", "site_name": "Index Gold Mine", "dev_stat": "Past Producer", "url": "https://mrdata.usgs.gov/mrds/show-mrds.php?dep_id=10277749", "code_list": "AU PB AG ZN" }, "geometry": { "type": "Point", "coordinates": [ -121.45231, 47.90561 ] } },
{ "type": "Feature", "properties": { "dep_id": "10301749", "site_name": "Glory of the Mountain", "dev_stat": "Prospect", "url": "https://mrdata.usgs.gov/mrds/show-mrds.php?dep_id=10301749", "code_list": "AU AG" }, "geometry": { "type": "Point", "coordinates": [ -121.35401, 48.02622 ] } },
{ "type": "Feature", "properties": { "dep_id": "10301968", "site_name": "Unnamed Pit", "dev_stat": "Past Producer", "url": "https://mrdata.usgs.gov/mrds/show-mrds.php?dep_id=10301968", "code_list": "SDG" }, "geometry": { "type": "Point", "coordinates": [ -121.89873, 48.07341 ] } },
{ "type": "Feature", "properties": { "dep_id": "10036937", "site_name": "Hustler Claims", "dev_stat": "Occurrence", "url": "https://mrdata.usgs.gov/mrds/show-mrds.php?dep_id=10036937", "code_list": "CU MO W" }, "geometry": { "type": "Point", "coordinates": [ -121.46427, 48.01453 ] } },
{ "type": "Feature", "properties": { "dep_id": "10048595", "site_name": "Good Luck", "dev_stat": "Occurrence", "url": "https://mrdata.usgs.gov/mrds/show-mrds.php?dep_id=10048595", "code_list": "AU CU" }, "geometry": { "type": "Point", "coordinates": [ -121.40788, 47.89954 ] } },
{ "type": "Feature", "properties": { "dep_id": "10232356", "site_name": "Miller Lime Pit", "dev_stat": "Past Producer", "url": "https://mrdata.usgs.gov/mrds/show-mrds.php?dep_id=10232356", "code_list": "SDG" }, "geometry": { "type": "Point", "coordinates": [ -121.63481, 47.83041 ] } },
{ "type": "Feature", "properties": { "dep_id": "10277673", "site_name": "Miiki Maru", "dev_stat": "Prospect", "url": "https://mrdata.usgs.gov/mrds/show-mrds.php?dep_id=10277673", "code_list": "AU CU AG" }, "geometry": { "type": "Point", "coordinates": [ -121.46451, 47.95951 ] } },
{ "type": "Feature", "properties": { "dep_id": "10281395", "site_name": "Junction Placer", "dev_stat": "Occurrence", "url": "https://mrdata.usgs.gov/mrds/show-mrds.php?dep_id=10281395", "code_list": "AU" }, "geometry": { "type": "Point", "coordinates": [ -121.40291, 48.00232 ] } },
{ "type": "Feature", "properties": { "dep_id": "10301443", "site_name": "Troley and Troley No. 1", "dev_stat": "Prospect", "url": "https://mrdata.usgs.gov/mrds/show-mrds.php?dep_id=10301443", "code_list": "CU" }, "geometry": { "type": "Point", "coordinates": [ -121.44561, 47.96651 ] } },
{ "type": "Feature", "properties": { "dep_id": "10131691", "site_name": "Great Scott", "dev_stat": "Prospect", "url": "https://mrdata.usgs.gov/mrds/show-mrds.php?dep_id=10131691", "code_list": "AU CU AG" }, "geometry": { "type": "Point", "coordinates": [ -121.37901, 47.94592 ] } },
{ "type": "Feature", "properties": { "dep_id": "10135394", "site_name": "Jack", "dev_stat": "Past Producer", "url": "https://mrdata.usgs.gov/mrds/show-mrds.php?dep_id=10135394", "code_list": "STN_C" }, "geometry": { "type": "Point", "coordinates": [ -122.04403, 48.26921 ] } },
{ "type": "Feature", "properties": { "dep_id": "10253774", "site_name": "St Theresa", "dev_stat": "Occurrence", "url": "https://mrdata.usgs.gov/mrds/show-mrds.php?dep_id=10253774", "code_list": "MO CU" }, "geometry": { "type": "Point", "coordinates": [ -121.59341, 47.93701 ] } },
{ "type": "Feature", "properties": { "dep_id": "10277157", "site_name": "Ne Everett", "dev_stat": "Past Producer", "url": "https://mrdata.usgs.gov/mrds/show-mrds.php?dep_id=10277157", "code_list": "CLY" }, "geometry": { "type": "Point", "coordinates": [ -122.16813, 48.01011 ] } },
{ "type": "Feature", "properties": { "dep_id": "10036791", "site_name": "Granite Falls Placer", "dev_stat": "Occurrence", "url": "https://mrdata.usgs.gov/mrds/show-mrds.php?dep_id=10036791", "code_list": "AU" }, "geometry": { "type": "Point", "coordinates": [ -121.94206, 48.10314 ] } },
{ "type": "Feature", "properties": { "dep_id": "10040182", "site_name": "Forest Hope", "dev_stat": "Occurrence", "url": "https://mrdata.usgs.gov/mrds/show-mrds.php?dep_id=10040182", "code_list": "CU AU AG HG" }, "geometry": { "type": "Point", "coordinates": [ -121.56178, 48.26009 ] } },
{ "type": "Feature", "properties": { "dep_id": "10131443", "site_name": "Le Roy", "dev_stat": "Occurrence", "url": "https://mrdata.usgs.gov/mrds/show-mrds.php?dep_id=10131443", "code_list": "AG AU PB PGE_PT" }, "geometry": { "type": "Point", "coordinates": [ -121.44011, 47.99061 ] } },
{ "type": "Feature", "properties": { "dep_id": "10180476", "site_name": "Evergreen", "dev_stat": "Prospect", "url": "https://mrdata.usgs.gov/mrds/show-mrds.php?dep_id=10180476", "code_list": "CU AU AG" }, "geometry": { "type": "Point", "coordinates": [ -121.43041, 47.90261 ] } },
{ "type": "Feature", "properties": { "dep_id": "10204413", "site_name": "Montrose", "dev_stat": "Prospect", "url": "https://mrdata.usgs.gov/mrds/show-mrds.php?dep_id=10204413", "code_list": "AU" }, "geometry": { "type": "Point", "coordinates": [ -121.36541, 47.99542 ] } },
{ "type": "Feature", "properties": { "dep_id": "10204425", "site_name": "Baring", "dev_stat": "Unknown", "url": "https://mrdata.usgs.gov/mrds/show-mrds.php?dep_id=10204425", "code_list": "CR" }, "geometry": { "type": "Point", "coordinates": [ -121.3734, 47.75672 ] } },
{ "type": "Feature", "properties": { "dep_id": "10204492", "site_name": "Hydra", "dev_stat": "Prospect", "url": "https://mrdata.usgs.gov/mrds/show-mrds.php?dep_id=10204492", "code_list": "AG CU PB ZN" }, "geometry": { "type": "Point", "coordinates": [ -121.36591, 47.98762 ] } },
{ "type": "Feature", "properties": { "dep_id": "10229021", "site_name": "Blue Bird", "dev_stat": "Prospect", "url": "https://mrdata.usgs.gov/mrds/show-mrds.php?dep_id=10229021", "code_list": "AU CU NI AG" }, "geometry": { "type": "Point", "coordinates": [ -121.43951, 47.90981 ] } },
{ "type": "Feature", "properties": { "dep_id": "10253901", "site_name": "Minnehaha", "dev_stat": "Prospect", "url": "https://mrdata.usgs.gov/mrds/show-mrds.php?dep_id=10253901", "code_list": "AU CU AG" }, "geometry": { "type": "Point", "coordinates": [ -121.39981, 47.96402 ] } },
{ "type": "Feature", "properties": { "dep_id": "10277464", "site_name": "N Everett", "dev_stat": "Past Producer", "url": "https://mrdata.usgs.gov/mrds/show-mrds.php?dep_id=10277464", "code_list": "CLY" }, "geometry": { "type": "Point", "coordinates": [ -122.19653, 47.99901 ] } },
{ "type": "Feature", "properties": { "dep_id": "10277791", "site_name": "Howard Placer", "dev_stat": "Occurrence", "url": "https://mrdata.usgs.gov/mrds/show-mrds.php?dep_id=10277791", "code_list": "AU" }, "geometry": { "type": "Point", "coordinates": [ -121.41931, 47.86652 ] } },
{ "type": "Feature", "properties": { "dep_id": "10036697", "site_name": "Bitter Creek Prospect", "dev_stat": "Occurrence", "url": "https://mrdata.usgs.gov/mrds/show-mrds.php?dep_id=10036697", "code_list": "CU FE" }, "geometry": { "type": "Point", "coordinates": [ -121.47927, 47.83898 ] } },
{ "type": "Feature", "properties": { "dep_id": "10036785", "site_name": "Big Four Prospect", "dev_stat": "Occurrence", "url": "https://mrdata.usgs.gov/mrds/show-mrds.php?dep_id=10036785", "code_list": "PB AG AS SB" }, "geometry": { "type": "Point", "coordinates": [ -121.53454, 48.04981 ] } },
{ "type": "Feature", "properties": { "dep_id": "10131781", "site_name": "Monitor and Sterling", "dev_stat": "Prospect", "url": "https://mrdata.usgs.gov/mrds/show-mrds.php?dep_id=10131781", "code_list": "CU AU AG" }, "geometry": { "type": "Point", "coordinates": [ -121.61402, 48.08701 ] } },
{ "type": "Feature", "properties": { "dep_id": "10180618", "site_name": "Marion Prospect", "dev_stat": "Prospect", "url": "https://mrdata.usgs.gov/mrds/show-mrds.php?dep_id=10180618", "code_list": "CU AG" }, "geometry": { "type": "Point", "coordinates": [ -121.43481, 47.86901 ] } },
{ "type": "Feature", "properties": { "dep_id": "10253983", "site_name": "Shamrock", "dev_stat": "Prospect", "url": "https://mrdata.usgs.gov/mrds/show-mrds.php?dep_id=10253983", "code_list": "AG CU" }, "geometry": { "type": "Point", "coordinates": [ -121.42481, 47.90421 ] } },
{ "type": "Feature", "properties": { "dep_id": "10301970", "site_name": "Beckler River", "dev_stat": "Unknown", "url": "https://mrdata.usgs.gov/mrds/show-mrds.php?dep_id=10301970", "code_list": "CU AU AG" }, "geometry": { "type": "Point", "coordinates": [ -121.322, 47.87622 ] } },
{ "type": "Feature", "properties": { "dep_id": "10008494", "site_name": "Rustler Cu-Mo Prospect", "dev_stat": "Occurrence", "url": "https://mrdata.usgs.gov/mrds/show-mrds.php?dep_id=10008494", "code_list": "MO CU PB ZN" }, "geometry": { "type": "Point", "coordinates": [ -121.48843, 48.01981 ] } },
{ "type": "Feature", "properties": { "dep_id": "10040179", "site_name": "Myrtle C.", "dev_stat": "Occurrence", "url": "https://mrdata.usgs.gov/mrds/show-mrds.php?dep_id=10040179", "code_list": "CU AU AG HG SB" }, "geometry": { "type": "Point", "coordinates": [ -121.56122, 48.25259 ] } },
{ "type": "Feature", "properties": { "dep_id": "10048580", "site_name": "W. Danseau", "dev_stat": "Occurrence", "url": "https://mrdata.usgs.gov/mrds/show-mrds.php?dep_id=10048580", "code_list": "AU AG AS" }, "geometry": { "type": "Point", "coordinates": [ -121.41038, 47.97482 ] } },
{ "type": "Feature", "properties": { "dep_id": "10048634", "site_name": "Lake Serene", "dev_stat": "Occurrence", "url": "https://mrdata.usgs.gov/mrds/show-mrds.php?dep_id=10048634", "code_list": "CU AU AG" }, "geometry": { "type": "Point", "coordinates": [ -121.58204, 47.79259 ] } },
{ "type": "Feature", "properties": { "dep_id": "10131400", "site_name": "Trade Dollar", "dev_stat": "Prospect", "url": "https://mrdata.usgs.gov/mrds/show-mrds.php?dep_id=10131400", "code_list": "PB AG" }, "geometry": { "type": "Point", "coordinates": [ -121.44811, 47.95421 ] } },
{ "type": "Feature", "properties": { "dep_id": "10184371", "site_name": "Helen May No. 6", "dev_stat": "Prospect", "url": "https://mrdata.usgs.gov/mrds/show-mrds.php?dep_id=10184371", "code_list": "AU CU" }, "geometry": { "type": "Point", "coordinates": [ -121.43401, 47.93621 ] } },
{ "type": "Feature", "properties": { "dep_id": "10204313", "site_name": "Cliff", "dev_stat": "Prospect", "url": "https://mrdata.usgs.gov/mrds/show-mrds.php?dep_id=10204313", "code_list": "CU" }, "geometry": { "type": "Point", "coordinates": [ -121.63592, 48.11171 ] } },
{ "type": "Feature", "properties": { "dep_id": "10228659", "site_name": "John Newhouse", "dev_stat": "Occurrence", "url": "https://mrdata.usgs.gov/mrds/show-mrds.php?dep_id=10228659", "code_list": "AU" }, "geometry": { "type": "Point", "coordinates": [ -121.55591, 47.98291 ] } },
{ "type": "Feature", "properties": { "dep_id": "10239886", "site_name": "Ruby", "dev_stat": "Occurrence", "url": "https://mrdata.usgs.gov/mrds/show-mrds.php?dep_id=10239886", "code_list": "AU CU PB AG ZN" }, "geometry": { "type": "Point", "coordinates": [ -121.41871, 47.92202 ] } },
{ "type": "Feature", "properties": { "dep_id": "10253472", "site_name": "Coe Pit and Mill", "dev_stat": "Producer", "url": "https://mrdata.usgs.gov/mrds/show-mrds.php?dep_id=10253472", "code_list": "FE" }, "geometry": { "type": "Point", "coordinates": [ -122.10874, 48.22651 ] } },
{ "type": "Feature", "properties": { "dep_id": "10277045", "site_name": "Gold Bar", "dev_stat": "Past Producer", "url": "https://mrdata.usgs.gov/mrds/show-mrds.php?dep_id=10277045", "code_list": "STN_C" }, "geometry": { "type": "Point", "coordinates": [ -121.65121, 47.82621 ] } },
{ "type": "Feature", "properties": { "dep_id": "10277224", "site_name": "Merchant Mine", "dev_stat": "Prospect", "url": "https://mrdata.usgs.gov/mrds/show-mrds.php?dep_id=10277224", "code_list": "AG CU" }, "geometry": { "type": "Point", "coordinates": [ -121.43981, 47.82401 ] } },
{ "type": "Feature", "properties": { "dep_id": "10277461", "site_name": "Pilchuck Creek Pit", "dev_stat": "Past Producer", "url": "https://mrdata.usgs.gov/mrds/show-mrds.php?dep_id=10277461", "code_list": "SDG" }, "geometry": { "type": "Point", "coordinates": [ -122.23734, 48.20401 ] } },
{ "type": "Feature", "properties": { "dep_id": "10301474", "site_name": "Evans Creek Pit No 3", "dev_stat": "Unknown", "url": "https://mrdata.usgs.gov/mrds/show-mrds.php?dep_id=10301474", "code_list": "STN_D" }, "geometry": { "type": "Point", "coordinates": [ -121.68562, 48.04011 ] } },
{ "type": "Feature", "properties": { "dep_id": "10301774", "site_name": "Lily James", "dev_stat": "Prospect", "url": "https://mrdata.usgs.gov/mrds/show-mrds.php?dep_id=10301774", "code_list": "AU AG" }, "geometry": { "type": "Point", "coordinates": [ -121.55812, 48.09041 ] } },
{ "type": "Feature", "properties": { "dep_id": "10036708", "site_name": "Cliff Prospect", "dev_stat": "Occurrence", "url": "https://mrdata.usgs.gov/mrds/show-mrds.php?dep_id=10036708", "code_list": "CU" }, "geometry": { "type": "Point", "coordinates": [ -121.63594, 48.11092 ] } },
{ "type": "Feature", "properties": { "dep_id": "10036723", "site_name": "48-55 Prospect", "dev_stat": "Occurrence", "url": "https://mrdata.usgs.gov/mrds/show-mrds.php?dep_id=10036723", "code_list": "ABR_G CU AG AU" }, "geometry": { "type": "Point", "coordinates": [ -121.53121, 48.01537 ] } },
{ "type": "Feature", "properties": { "dep_id": "10036724", "site_name": "Four Brothers Prospect", "dev_stat": "Occurrence", "url": "https://mrdata.usgs.gov/mrds/show-mrds.php?dep_id=10036724", "code_list": "CU" }, "geometry": { "type": "Point", "coordinates": [ -121.56844, 48.07481 ] } },
{ "type": "Feature", "properties": { "dep_id": "10036930", "site_name": "Hancock Prospect", "dev_stat": "Occurrence", "url": "https://mrdata.usgs.gov/mrds/show-mrds.php?dep_id=10036930", "code_list": "CU AU AG NI CO" }, "geometry": { "type": "Point", "coordinates": [ -121.43649, 47.95592 ] } },
{ "type": "Feature", "properties": { "dep_id": "10048584", "site_name": "Stockton", "dev_stat": "Occurrence", "url": "https://mrdata.usgs.gov/mrds/show-mrds.php?dep_id=10048584", "code_list": "AU AG CU AS" }, "geometry": { "type": "Point", "coordinates": [ -121.40427, 47.96843 ] } },
{ "type": "Feature", "properties": { "dep_id": "10048591", "site_name": "Spencer", "dev_stat": "Occurrence", "url": "https://mrdata.usgs.gov/mrds/show-mrds.php?dep_id=10048591", "code_list": "AU AG CU AS" }, "geometry": { "type": "Point", "coordinates": [ -121.42677, 47.92787 ] } },
{ "type": "Feature", "properties": { "dep_id": "10056102", "site_name": "Helena", "dev_stat": "Occurrence", "url": "https://mrdata.usgs.gov/mrds/show-mrds.php?dep_id=10056102", "code_list": "CU AU AG" }, "geometry": { "type": "Point", "coordinates": [ -121.57066, 48.14092 ] } },
{ "type": "Feature", "properties": { "dep_id": "10131357", "site_name": "Silver Slipper", "dev_stat": "Unknown", "url": "https://mrdata.usgs.gov/mrds/show-mrds.php?dep_id=10131357", "code_list": "AU CU AG" }, "geometry": { "type": "Point", "coordinates": [ -121.45151, 47.94671 ] } },
{ "type": "Feature", "properties": { "dep_id": "10180189", "site_name": "Buckeye", "dev_stat": "Past Producer", "url": "https://mrdata.usgs.gov/mrds/show-mrds.php?dep_id=10180189", "code_list": "CU AU AG" }, "geometry": { "type": "Point", "coordinates": [ -121.52791, 47.78171 ] } },
{ "type": "Feature", "properties": { "dep_id": "10204804", "site_name": "Linda Sharron", "dev_stat": "Occurrence", "url": "https://mrdata.usgs.gov/mrds/show-mrds.php?dep_id=10204804", "code_list": "CU NI" }, "geometry": { "type": "Point", "coordinates": [ -121.57372, 48.10261 ] } },
{ "type": "Feature", "properties": { "dep_id": "10277604", "site_name": "Franklin Placer", "dev_stat": "Occurrence", "url": "https://mrdata.usgs.gov/mrds/show-mrds.php?dep_id=10277604", "code_list": "AU" }, "geometry": { "type": "Point", "coordinates": [ -121.40231, 48.00152 ] } },
{ "type": "Feature", "properties": { "dep_id": "10048555", "site_name": "Pride of the Mountains Mine", "dev_stat": "Past Producer", "url": "https://mrdata.usgs.gov/mrds/show-mrds.php?dep_id=10048555", "code_list": "AU AG CU PB ZN AS" }, "geometry": { "type": "Point", "coordinates": [ -121.35704, 47.98149 ] } },
{ "type": "Feature", "properties": { "dep_id": "10103535", "site_name": "Jefferson Mine", "dev_stat": "Past Producer", "url": "https://mrdata.usgs.gov/mrds/show-mrds.php?dep_id=10103535", "code_list": "FE" }, "geometry": { "type": "Point", "coordinates": [ -122.06206, 48.23759 ] } },
{ "type": "Feature", "properties": { "dep_id": "10156314", "site_name": "Mt Cedar Prospect", "dev_stat": "Past Producer", "url": "https://mrdata.usgs.gov/mrds/show-mrds.php?dep_id=10156314", "code_list": "NI CR" }, "geometry": { "type": "Point", "coordinates": [ -121.54931, 48.00511 ] } },
{ "type": "Feature", "properties": { "dep_id": "10253434", "site_name": "Cow Moose Placer", "dev_stat": "Occurrence", "url": "https://mrdata.usgs.gov/mrds/show-mrds.php?dep_id=10253434", "code_list": "AU" }, "geometry": { "type": "Point", "coordinates": [ -121.71092, 48.25791 ] } },
{ "type": "Feature", "properties": { "dep_id": "10253446", "site_name": "Green Crown", "dev_stat": "Occurrence", "url": "https://mrdata.usgs.gov/mrds/show-mrds.php?dep_id=10253446", "code_list": "CU AU AG" }, "geometry": { "type": "Point", "coordinates": [ -121.69062, 48.21421 ] } },
{ "type": "Feature", "properties": { "dep_id": "10253482", "site_name": "Merry Mixer Placer", "dev_stat": "Prospect", "url": "https://mrdata.usgs.gov/mrds/show-mrds.php?dep_id=10253482", "code_list": "AU" }, "geometry": { "type": "Point", "coordinates": [ -121.80292, 47.92121 ] } },
{ "type": "Feature", "properties": { "dep_id": "10277594", "site_name": "Tuscola", "dev_stat": "Prospect", "url": "https://mrdata.usgs.gov/mrds/show-mrds.php?dep_id=10277594", "code_list": "AU SB CU PB AG ZN" }, "geometry": { "type": "Point", "coordinates": [ -121.36451, 47.98622 ] } },
{ "type": "Feature", "properties": { "dep_id": "10036932", "site_name": "Hecla Prospect", "dev_stat": "Occurrence", "url": "https://mrdata.usgs.gov/mrds/show-mrds.php?dep_id=10036932", "code_list": "CU AU AG" }, "geometry": { "type": "Point", "coordinates": [ -121.62261, 48.11092 ] } },
{ "type": "Feature", "properties": { "dep_id": "10036945", "site_name": "Olson Prospect", "dev_stat": "Occurrence", "url": "https://mrdata.usgs.gov/mrds/show-mrds.php?dep_id=10036945", "code_list": "CU" }, "geometry": { "type": "Point", "coordinates": [ -121.52871, 48.04203 ] } },
{ "type": "Feature", "properties": { "dep_id": "10048566", "site_name": "Ida", "dev_stat": "Occurrence", "url": "https://mrdata.usgs.gov/mrds/show-mrds.php?dep_id=10048566", "code_list": "AU AG ZN AS SB" }, "geometry": { "type": "Point", "coordinates": [ -121.35538, 48.00204 ] } },
{ "type": "Feature", "properties": { "dep_id": "10156138", "site_name": "Unnamed Pit", "dev_stat": "Past Producer", "url": "https://mrdata.usgs.gov/mrds/show-mrds.php?dep_id=10156138", "code_list": "SDG" }, "geometry": { "type": "Point", "coordinates": [ -122.13153, 48.01151 ] } },
{ "type": "Feature", "properties": { "dep_id": "10229134", "site_name": "Castle", "dev_stat": "Prospect", "url": "https://mrdata.usgs.gov/mrds/show-mrds.php?dep_id=10229134", "code_list": "AU AG" }, "geometry": { "type": "Point", "coordinates": [ -121.44341, 48.02871 ] } },
{ "type": "Feature", "properties": { "dep_id": "10277635", "site_name": "Pelican", "dev_stat": "Prospect", "url": "https://mrdata.usgs.gov/mrds/show-mrds.php?dep_id=10277635", "code_list": "AU" }, "geometry": { "type": "Point", "coordinates": [ -121.64232, 48.23151 ] } },
{ "type": "Feature", "properties": { "dep_id": "10036790", "site_name": "Peterson Placer", "dev_stat": "Occurrence", "url": "https://mrdata.usgs.gov/mrds/show-mrds.php?dep_id=10036790", "code_list": "AU" }, "geometry": { "type": "Point", "coordinates": [ -121.91623, 48.10287 ] } },
{ "type": "Feature", "properties": { "dep_id": "10036810", "site_name": "Arlington Prospect", "dev_stat": "Occurrence", "url": "https://mrdata.usgs.gov/mrds/show-mrds.php?dep_id=10036810", "code_list": "AU AG CU PB" }, "geometry": { "type": "Point", "coordinates": [ -121.61011, 48.10453 ] } },
{ "type": "Feature", "properties": { "dep_id": "10131801", "site_name": "Occidental", "dev_stat": "Occurrence", "url": "https://mrdata.usgs.gov/mrds/show-mrds.php?dep_id=10131801", "code_list": "AU CU AG" }, "geometry": { "type": "Point", "coordinates": [ -121.51121, 48.01371 ] } },
{ "type": "Feature", "properties": { "dep_id": "10277787", "site_name": "Florence-Rae", "dev_stat": "Past Producer", "url": "https://mrdata.usgs.gov/mrds/show-mrds.php?dep_id=10277787", "code_list": "CU AU NI AG W ZN" }, "geometry": { "type": "Point", "coordinates": [ -121.49311, 47.97091 ] } },
{ "type": "Feature", "properties": { "dep_id": "10301394", "site_name": "Gold Bar and Elmo", "dev_stat": "Prospect", "url": "https://mrdata.usgs.gov/mrds/show-mrds.php?dep_id=10301394", "code_list": "PB" }, "geometry": { "type": "Point", "coordinates": [ -121.64231, 47.88421 ] } },
{ "type": "Feature", "properties": { "dep_id": "10301591", "site_name": "Everett", "dev_stat": "Prospect", "url": "https://mrdata.usgs.gov/mrds/show-mrds.php?dep_id=10301591", "code_list": "AU AG ZN" }, "geometry": { "type": "Point", "coordinates": [ -121.43791, 47.90951 ] } },
{ "type": "Feature", "properties": { "dep_id": "10036804", "site_name": "Anderson Prospect", "dev_stat": "Occurrence", "url": "https://mrdata.usgs.gov/mrds/show-mrds.php?dep_id=10036804", "code_list": "NI" }, "geometry": { "type": "Point", "coordinates": [ -121.91429, 48.03592 ] } },
{ "type": "Feature", "properties": { "dep_id": "10131906", "site_name": "Jones Prospect", "dev_stat": "Prospect", "url": "https://mrdata.usgs.gov/mrds/show-mrds.php?dep_id=10131906", "code_list": "BE PB AG" }, "geometry": { "type": "Point", "coordinates": [ -121.48841, 47.93341 ] } },
{ "type": "Feature", "properties": { "dep_id": "10156927", "site_name": "Larson", "dev_stat": "Prospect", "url": "https://mrdata.usgs.gov/mrds/show-mrds.php?dep_id=10156927", "code_list": "PB" }, "geometry": { "type": "Point", "coordinates": [ -121.69542, 48.23561 ] } },
{ "type": "Feature", "properties": { "dep_id": "10204286", "site_name": "Johnson", "dev_stat": "Unknown", "url": "https://mrdata.usgs.gov/mrds/show-mrds.php?dep_id=10204286", "code_list": "CU" }, "geometry": { "type": "Point", "coordinates": [ -121.82042, 47.93231 ] } },
{ "type": "Feature", "properties": { "dep_id": "10205011", "site_name": "Big Four", "dev_stat": "Prospect", "url": "https://mrdata.usgs.gov/mrds/show-mrds.php?dep_id=10205011", "code_list": "PB SB AG" }, "geometry": { "type": "Point", "coordinates": [ -121.53591, 48.04811 ] } },
{ "type": "Feature", "properties": { "dep_id": "10228681", "site_name": "Taylor and Nunn", "dev_stat": "Occurrence", "url": "https://mrdata.usgs.gov/mrds/show-mrds.php?dep_id=10228681", "code_list": "AU MO AG" }, "geometry": { "type": "Point", "coordinates": [ -121.66792, 48.22761 ] } },
{ "type": "Feature", "properties": { "dep_id": "10228829", "site_name": "Hewitt Pit", "dev_stat": "Past Producer", "url": "https://mrdata.usgs.gov/mrds/show-mrds.php?dep_id=10228829", "code_list": "SDG" }, "geometry": { "type": "Point", "coordinates": [ -121.96202, 47.85701 ] } },
{ "type": "Feature", "properties": { "dep_id": "10253640", "site_name": "Pilchuck Roadside Pit", "dev_stat": "Producer", "url": "https://mrdata.usgs.gov/mrds/show-mrds.php?dep_id=10253640", "code_list": "STN_D" }, "geometry": { "type": "Point", "coordinates": [ -121.78592, 48.08651 ] } },
{ "type": "Feature", "properties": { "dep_id": "10277197", "site_name": "Lookout Prospect", "dev_stat": "Prospect", "url": "https://mrdata.usgs.gov/mrds/show-mrds.php?dep_id=10277197", "code_list": "CU AU AG" }, "geometry": { "type": "Point", "coordinates": [ -121.39731, 47.97232 ] } },
{ "type": "Feature", "properties": { "dep_id": "10301715", "site_name": "Trolley Prospect", "dev_stat": "Prospect", "url": "https://mrdata.usgs.gov/mrds/show-mrds.php?dep_id=10301715", "code_list": "CU" }, "geometry": { "type": "Point", "coordinates": [ -121.45121, 47.91651 ] } },
{ "type": "Feature", "properties": { "dep_id": "10042375", "site_name": "Sunset Mine", "dev_stat": "Past Producer", "url": "https://mrdata.usgs.gov/mrds/show-mrds.php?dep_id=10042375", "code_list": "CU AG AU MO" }, "geometry": { "type": "Point", "coordinates": [ -121.46399, 47.85703 ] } },
{ "type": "Feature", "properties": { "dep_id": "10156300", "site_name": "Wildcat", "dev_stat": "Prospect", "url": "https://mrdata.usgs.gov/mrds/show-mrds.php?dep_id=10156300", "code_list": "AU AG" }, "geometry": { "type": "Point", "coordinates": [ -121.39061, 47.95262 ] } },
{ "type": "Feature", "properties": { "dep_id": "10156599", "site_name": "Phoenix", "dev_stat": "Prospect", "url": "https://mrdata.usgs.gov/mrds/show-mrds.php?dep_id=10156599", "code_list": "AU AG" }, "geometry": { "type": "Point", "coordinates": [ -121.38451, 47.98652 ] } },
{ "type": "Feature", "properties": { "dep_id": "10180112", "site_name": "Copper King", "dev_stat": "Past Producer", "url": "https://mrdata.usgs.gov/mrds/show-mrds.php?dep_id=10180112", "code_list": "CU" }, "geometry": { "type": "Point", "coordinates": [ -121.47341, 47.85951 ] } },
{ "type": "Feature", "properties": { "dep_id": "10204764", "site_name": "Caplin-Holbrook", "dev_stat": "Prospect", "url": "https://mrdata.usgs.gov/mrds/show-mrds.php?dep_id=10204764", "code_list": "AU CU AG" }, "geometry": { "type": "Point", "coordinates": [ -121.39871, 47.96062 ] } },
{ "type": "Feature", "properties": { "dep_id": "10253412", "site_name": "Little Chief", "dev_stat": "Prospect", "url": "https://mrdata.usgs.gov/mrds/show-mrds.php?dep_id=10253412", "code_list": "CU CO AU NI AG" }, "geometry": { "type": "Point", "coordinates": [ -121.54811, 48.03311 ] } },
{ "type": "Feature", "properties": { "dep_id": "10277289", "site_name": "Unnamed Pit", "dev_stat": "Past Producer", "url": "https://mrdata.usgs.gov/mrds/show-mrds.php?dep_id=10277289", "code_list": "SDG" }, "geometry": { "type": "Point", "coordinates": [ -122.17373, 47.89871 ] } },
{ "type": "Feature", "properties": { "dep_id": "10277417", "site_name": "Nemo", "dev_stat": "Prospect", "url": "https://mrdata.usgs.gov/mrds/show-mrds.php?dep_id=10277417", "code_list": "AU CU AG" }, "geometry": { "type": "Point", "coordinates": [ -121.56012, 48.09171 ] } },
{ "type": "Feature", "properties": { "dep_id": "10036949", "site_name": "Smith-Way Prospect", "dev_stat": "Occurrence", "url": "https://mrdata.usgs.gov/mrds/show-mrds.php?dep_id=10036949", "code_list": "CU" }, "geometry": { "type": "Point", "coordinates": [ -121.4351, 47.91064 ] } },
{ "type": "Feature", "properties": { "dep_id": "10048568", "site_name": "Hydra", "dev_stat": "Occurrence", "url": "https://mrdata.usgs.gov/mrds/show-mrds.php?dep_id=10048568", "code_list": "AG CU PB ZN AS SB" }, "geometry": { "type": "Point", "coordinates": [ -121.36538, 47.98732 ] } },
{ "type": "Feature", "properties": { "dep_id": "10204489", "site_name": "Baring Iron Deposit", "dev_stat": "Past Producer", "url": "https://mrdata.usgs.gov/mrds/show-mrds.php?dep_id=10204489", "code_list": "FE CU AU PB AG ZN" }, "geometry": { "type": "Point", "coordinates": [ -121.50681, 47.75671 ] } },
{ "type": "Feature", "properties": { "dep_id": "10204753", "site_name": "Cooperative Prospect", "dev_stat": "Prospect", "url": "https://mrdata.usgs.gov/mrds/show-mrds.php?dep_id=10204753", "code_list": "CU AU PB AG ZN" }, "geometry": { "type": "Point", "coordinates": [ -121.41231, 47.85312 ] } },
{ "type": "Feature", "properties": { "dep_id": "10205004", "site_name": "Lost Treasure Prospect", "dev_stat": "Occurrence", "url": "https://mrdata.usgs.gov/mrds/show-mrds.php?dep_id=10205004", "code_list": "AG CU" }, "geometry": { "type": "Point", "coordinates": [ -121.44371, 47.82731 ] } },
{ "type": "Feature", "properties": { "dep_id": "10277101", "site_name": "Black Bear Prospect", "dev_stat": "Prospect", "url": "https://mrdata.usgs.gov/mrds/show-mrds.php?dep_id=10277101", "code_list": "CU PB ZN" }, "geometry": { "type": "Point", "coordinates": [ -121.39761, 47.95762 ] } },
{ "type": "Feature", "properties": { "dep_id": "10301857", "site_name": "Peterson Placer", "dev_stat": "Prospect", "url": "https://mrdata.usgs.gov/mrds/show-mrds.php?dep_id=10301857", "code_list": "AU" }, "geometry": { "type": "Point", "coordinates": [ -121.91793, 48.10151 ] } },
{ "type": "Feature", "properties": { "dep_id": "10036726", "site_name": "Gunn Peak Prospect", "dev_stat": "Occurrence", "url": "https://mrdata.usgs.gov/mrds/show-mrds.php?dep_id=10036726", "code_list": "CU AG AU" }, "geometry": { "type": "Point", "coordinates": [ -121.49343, 47.82592 ] } },
{ "type": "Feature", "properties": { "dep_id": "10156319", "site_name": "Milwaukee", "dev_stat": "Prospect", "url": "https://mrdata.usgs.gov/mrds/show-mrds.php?dep_id=10156319", "code_list": "ZN AU PB AG" }, "geometry": { "type": "Point", "coordinates": [ -121.54511, 48.03951 ] } },
{ "type": "Feature", "properties": { "dep_id": "10253306", "site_name": "Golden Eagle", "dev_stat": "Past Producer", "url": "https://mrdata.usgs.gov/mrds/show-mrds.php?dep_id=10253306", "code_list": "MO AU AG" }, "geometry": { "type": "Point", "coordinates": [ -121.58091, 47.92291 ] } },
{ "type": "Feature", "properties": { "dep_id": "10181124", "site_name": "South New Discovery", "dev_stat": "Prospect", "url": "https://mrdata.usgs.gov/mrds/show-mrds.php?dep_id=10181124", "code_list": "AU" }, "geometry": { "type": "Point", "coordinates": [ -121.36041, 47.97702 ] } },
{ "type": "Feature", "properties": { "dep_id": "10253692", "site_name": "Boston-American Mine", "dev_stat": "Past Producer", "url": "https://mrdata.usgs.gov/mrds/show-mrds.php?dep_id=10253692", "code_list": "AU AG" }, "geometry": { "type": "Point", "coordinates": [ -121.39591, 47.98482 ] } },
{ "type": "Feature", "properties": { "dep_id": "10277742", "site_name": "Kenmore Area Pit", "dev_stat": "Past Producer", "url": "https://mrdata.usgs.gov/mrds/show-mrds.php?dep_id=10277742", "code_list": "SDG" }, "geometry": { "type": "Point", "coordinates": [ -122.24653, 47.78921 ] } },
{ "type": "Feature", "properties": { "dep_id": "10301650", "site_name": "Lakeview Extension", "dev_stat": "Occurrence", "url": "https://mrdata.usgs.gov/mrds/show-mrds.php?dep_id=10301650", "code_list": "AU CU AG" }, "geometry": { "type": "Point", "coordinates": [ -121.33511, 48.11652 ] } },
{ "type": "Feature", "properties": { "dep_id": "10048554", "site_name": "New Discovery Mine", "dev_stat": "Past Producer", "url": "https://mrdata.usgs.gov/mrds/show-mrds.php?dep_id=10048554", "code_list": "AU AG CU PB ZN AS" }, "geometry": { "type": "Point", "coordinates": [ -121.35954, 47.9801 ] } },
{ "type": "Feature", "properties": { "dep_id": "10131538", "site_name": "Unnamed Pit", "dev_stat": "Past Producer", "url": "https://mrdata.usgs.gov/mrds/show-mrds.php?dep_id=10131538", "code_list": "SDG" }, "geometry": { "type": "Point", "coordinates": [ -122.19984, 48.11201 ] } },
{ "type": "Feature", "properties": { "dep_id": "10155999", "site_name": "Unnamed Pit", "dev_stat": "Past Producer", "url": "https://mrdata.usgs.gov/mrds/show-mrds.php?dep_id=10155999", "code_list": "SDG" }, "geometry": { "type": "Point", "coordinates": [ -121.94293, 48.06921 ] } },
{ "type": "Feature", "properties": { "dep_id": "10156491", "site_name": "Phoenix Placers", "dev_stat": "Prospect", "url": "https://mrdata.usgs.gov/mrds/show-mrds.php?dep_id=10156491", "code_list": "AU" }, "geometry": { "type": "Point", "coordinates": [ -121.82342, 47.85811 ] } },
{ "type": "Feature", "properties": { "dep_id": "10156719", "site_name": "Ida Prospect", "dev_stat": "Prospect", "url": "https://mrdata.usgs.gov/mrds/show-mrds.php?dep_id=10156719", "code_list": "AG CU AU ZN" }, "geometry": { "type": "Point", "coordinates": [ -121.35561, 48.00092 ] } },
{ "type": "Feature", "properties": { "dep_id": "10180041", "site_name": "White Swan", "dev_stat": "Prospect", "url": "https://mrdata.usgs.gov/mrds/show-mrds.php?dep_id=10180041", "code_list": "AG" }, "geometry": { "type": "Point", "coordinates": [ -121.62732, 48.11061 ] } },
{ "type": "Feature", "properties": { "dep_id": "10204393", "site_name": "Mom and Pop Placer", "dev_stat": "Prospect", "url": "https://mrdata.usgs.gov/mrds/show-mrds.php?dep_id=10204393", "code_list": "AU" }, "geometry": { "type": "Point", "coordinates": [ -121.80292, 47.92121 ] } },
{ "type": "Feature", "properties": { "dep_id": "10254026", "site_name": "Armament", "dev_stat": "Prospect", "url": "https://mrdata.usgs.gov/mrds/show-mrds.php?dep_id=10254026", "code_list": "CU MO" }, "geometry": { "type": "Point", "coordinates": [ -121.43451, 47.88871 ] } },
{ "type": "Feature", "properties": { "dep_id": "10277321", "site_name": "Oso Quarry", "dev_stat": "Past Producer", "url": "https://mrdata.usgs.gov/mrds/show-mrds.php?dep_id=10277321", "code_list": "PUM" }, "geometry": { "type": "Point", "coordinates": [ -121.93543, 48.27451 ] } },
{ "type": "Feature", "properties": { "dep_id": "10277474", "site_name": "Lowell Brick Co", "dev_stat": "Past Producer", "url": "https://mrdata.usgs.gov/mrds/show-mrds.php?dep_id=10277474", "code_list": "CLY" }, "geometry": { "type": "Point", "coordinates": [ -122.20453, 47.96591 ] } },
{ "type": "Feature", "properties": { "dep_id": "10277614", "site_name": "French Creek", "dev_stat": "Prospect", "url": "https://mrdata.usgs.gov/mrds/show-mrds.php?dep_id=10277614", "code_list": "MN" }, "geometry": { "type": "Point", "coordinates": [ -121.78313, 48.26421 ] } },
{ "type": "Feature", "properties": { "dep_id": "10301520", "site_name": "Justice", "dev_stat": "Past Producer", "url": "https://mrdata.usgs.gov/mrds/show-mrds.php?dep_id=10301520", "code_list": "AU CU PB AG ZN" }, "geometry": { "type": "Point", "coordinates": [ -121.37651, 47.98122 ] } },
{ "type": "Feature", "properties": { "dep_id": "10301569", "site_name": "Matheson Rivers Pit", "dev_stat": "Past Producer", "url": "https://mrdata.usgs.gov/mrds/show-mrds.php?dep_id=10301569", "code_list": "SDG" }, "geometry": { "type": "Point", "coordinates": [ -122.06453, 47.96811 ] } },
{ "type": "Feature", "properties": { "dep_id": "10036705", "site_name": "Calumet Prospect", "dev_stat": "Occurrence", "url": "https://mrdata.usgs.gov/mrds/show-mrds.php?dep_id=10036705", "code_list": "CU ZN" }, "geometry": { "type": "Point", "coordinates": [ -121.47204, 47.83759 ] } },
{ "type": "Feature", "properties": { "dep_id": "10103543", "site_name": "Helena Mine", "dev_stat": "Past Producer", "url": "https://mrdata.usgs.gov/mrds/show-mrds.php?dep_id=10103543", "code_list": "CU AU AG" }, "geometry": { "type": "Point", "coordinates": [ -121.57039, 48.14509 ] } },
{ "type": "Feature", "properties": { "dep_id": "10156414", "site_name": "Iowa", "dev_stat": "Past Producer", "url": "https://mrdata.usgs.gov/mrds/show-mrds.php?dep_id=10156414", "code_list": "CU AU AG" }, "geometry": { "type": "Point", "coordinates": [ -121.49761, 47.97731 ] } },
{ "type": "Feature", "properties": { "dep_id": "10228435", "site_name": "Ouida Claim", "dev_stat": "Occurrence", "url": "https://mrdata.usgs.gov/mrds/show-mrds.php?dep_id=10228435", "code_list": "AU AS CU PB AG ZN" }, "geometry": { "type": "Point", "coordinates": [ -121.36791, 47.97592 ] } },
{ "type": "Feature", "properties": { "dep_id": "10277565", "site_name": "Sidney Mine", "dev_stat": "Prospect", "url": "https://mrdata.usgs.gov/mrds/show-mrds.php?dep_id=10277565", "code_list": "AU AG" }, "geometry": { "type": "Point", "coordinates": [ -121.38591, 47.97762 ] } },
{ "type": "Feature", "properties": { "dep_id": "10301579", "site_name": "Zeta", "dev_stat": "Prospect", "url": "https://mrdata.usgs.gov/mrds/show-mrds.php?dep_id=10301579", "code_list": "AU CU AG" }, "geometry": { "type": "Point", "coordinates": [ -121.39701, 47.97062 ] } },
{ "type": "Feature", "properties": { "dep_id": "10302034", "site_name": "St Louis", "dev_stat": "Prospect", "url": "https://mrdata.usgs.gov/mrds/show-mrds.php?dep_id=10302034", "code_list": "CU AU AG" }, "geometry": { "type": "Point", "coordinates": [ -121.44541, 47.94291 ] } },
{ "type": "Feature", "properties": { "dep_id": "10036727", "site_name": "Elwell-Darrington Prospect", "dev_stat": "Occurrence", "url": "https://mrdata.usgs.gov/mrds/show-mrds.php?dep_id=10036727", "code_list": "AU CU" }, "geometry": { "type": "Point", "coordinates": [ -121.51094, 48.2337 ] } },
{ "type": "Feature", "properties": { "dep_id": "10036771", "site_name": "Jesse Prospect", "dev_stat": "Occurrence", "url": "https://mrdata.usgs.gov/mrds/show-mrds.php?dep_id=10036771", "code_list": "AU AG CU" }, "geometry": { "type": "Point", "coordinates": [ -121.66122, 48.21453 ] } },
{ "type": "Feature", "properties": { "dep_id": "10036794", "site_name": "Sultan Canyon Placer", "dev_stat": "Past Producer", "url": "https://mrdata.usgs.gov/mrds/show-mrds.php?dep_id=10036794", "code_list": "AU" }, "geometry": { "type": "Point", "coordinates": [ -121.80094, 47.94953 ] } },
{ "type": "Feature", "properties": { "dep_id": "10040181", "site_name": "Granite Falls Prospect", "dev_stat": "Occurrence", "url": "https://mrdata.usgs.gov/mrds/show-mrds.php?dep_id=10040181", "code_list": "HG NI" }, "geometry": { "type": "Point", "coordinates": [ -121.92123, 48.04675 ] } },
{ "type": "Feature", "properties": { "dep_id": "10131639", "site_name": "Red Mountain", "dev_stat": "Occurrence", "url": "https://mrdata.usgs.gov/mrds/show-mrds.php?dep_id=10131639", "code_list": "AU CU AG" }, "geometry": { "type": "Point", "coordinates": [ -121.40371, 47.94542 ] } },
{ "type": "Feature", "properties": { "dep_id": "10132046", "site_name": "Remonille", "dev_stat": "Prospect", "url": "https://mrdata.usgs.gov/mrds/show-mrds.php?dep_id=10132046", "code_list": "AU CU PB ZN" }, "geometry": { "type": "Point", "coordinates": [ -121.37481, 47.93872 ] } },
{ "type": "Feature", "properties": { "dep_id": "10204401", "site_name": "Stockton", "dev_stat": "Prospect", "url": "https://mrdata.usgs.gov/mrds/show-mrds.php?dep_id=10204401", "code_list": "AU CU AG" }, "geometry": { "type": "Point", "coordinates": [ -121.40651, 47.96842 ] } },
{ "type": "Feature", "properties": { "dep_id": "10204760", "site_name": "Unnamed Pit", "dev_stat": "Past Producer", "url": "https://mrdata.usgs.gov/mrds/show-mrds.php?dep_id=10204760", "code_list": "SDG" }, "geometry": { "type": "Point", "coordinates": [ -122.06903, 47.93291 ] } },
{ "type": "Feature", "properties": { "dep_id": "10204795", "site_name": "Sunrise", "dev_stat": "Occurrence", "url": "https://mrdata.usgs.gov/mrds/show-mrds.php?dep_id=10204795", "code_list": "AU CU PB AG ZN" }, "geometry": { "type": "Point", "coordinates": [ -121.66792, 48.23811 ] } },
{ "type": "Feature", "properties": { "dep_id": "10204956", "site_name": "Cheecko Lode", "dev_stat": "Occurrence", "url": "https://mrdata.usgs.gov/mrds/show-mrds.php?dep_id=10204956", "code_list": "CU AU AG" }, "geometry": { "type": "Point", "coordinates": [ -121.37621, 47.95812 ] } },
{ "type": "Feature", "properties": { "dep_id": "10302037", "site_name": "M and H No2", "dev_stat": "Prospect", "url": "https://mrdata.usgs.gov/mrds/show-mrds.php?dep_id=10302037", "code_list": "AU CU AG" }, "geometry": { "type": "Point", "coordinates": [ -121.44091, 47.92591 ] } },
{ "type": "Feature", "properties": { "dep_id": "10036767", "site_name": "Taylor and Nunn Prospect", "dev_stat": "Occurrence", "url": "https://mrdata.usgs.gov/mrds/show-mrds.php?dep_id=10036767", "code_list": "AU AG MO" }, "geometry": { "type": "Point", "coordinates": [ -121.67844, 48.23481 ] } },
{ "type": "Feature", "properties": { "dep_id": "10036823", "site_name": "Lucky Strike Prospect", "dev_stat": "Occurrence", "url": "https://mrdata.usgs.gov/mrds/show-mrds.php?dep_id=10036823", "code_list": "CU BI" }, "geometry": { "type": "Point", "coordinates": [ -121.63344, 48.11092 ] } },
{ "type": "Feature", "properties": { "dep_id": "10036946", "site_name": "Oro Fino Prospect", "dev_stat": "Occurrence", "url": "https://mrdata.usgs.gov/mrds/show-mrds.php?dep_id=10036946", "code_list": "CU AU AG" }, "geometry": { "type": "Point", "coordinates": [ -121.41982, 47.89538 ] } },
{ "type": "Feature", "properties": { "dep_id": "10131597", "site_name": "Vandalia", "dev_stat": "Past Producer", "url": "https://mrdata.usgs.gov/mrds/show-mrds.php?dep_id=10131597", "code_list": "PB AU AG" }, "geometry": { "type": "Point", "coordinates": [ -121.45201, 47.92311 ] } },
{ "type": "Feature", "properties": { "dep_id": "10180371", "site_name": "Gravel Pit", "dev_stat": "Past Producer", "url": "https://mrdata.usgs.gov/mrds/show-mrds.php?dep_id=10180371", "code_list": "SDG" }, "geometry": { "type": "Point", "coordinates": [ -122.15483, 47.84651 ] } },
{ "type": "Feature", "properties": { "dep_id": "10180380", "site_name": "Union", "dev_stat": "Prospect", "url": "https://mrdata.usgs.gov/mrds/show-mrds.php?dep_id=10180380", "code_list": "AU AG" }, "geometry": { "type": "Point", "coordinates": [ -121.34041, 48.01062 ] } },
{ "type": "Feature", "properties": { "dep_id": "10228499", "site_name": "Milwaukee & Silver Horseshoe", "dev_stat": "Unknown", "url": "https://mrdata.usgs.gov/mrds/show-mrds.php?dep_id=10228499", "code_list": "PB CU ZN" }, "geometry": { "type": "Point", "coordinates": [ -121.52621, 48.02951 ] } },
{ "type": "Feature", "properties": { "dep_id": "10228699", "site_name": "Blake Placer", "dev_stat": "Unknown", "url": "https://mrdata.usgs.gov/mrds/show-mrds.php?dep_id=10228699", "code_list": "AU" }, "geometry": { "type": "Point", "coordinates": [ -121.39791, 47.98762 ] } },
{ "type": "Feature", "properties": { "dep_id": "10228833", "site_name": "Martin Engdahl", "dev_stat": "Past Producer", "url": "https://mrdata.usgs.gov/mrds/show-mrds.php?dep_id=10228833", "code_list": "PB CU AU AG ZN" }, "geometry": { "type": "Point", "coordinates": [ -121.44091, 47.93341 ] } },
{ "type": "Feature", "properties": { "dep_id": "10253880", "site_name": "Unnamed Pit", "dev_stat": "Past Producer", "url": "https://mrdata.usgs.gov/mrds/show-mrds.php?dep_id=10253880", "code_list": "SDG" }, "geometry": { "type": "Point", "coordinates": [ -121.82202, 47.87591 ] } },
{ "type": "Feature", "properties": { "dep_id": "10277582", "site_name": "(Facility) Everett Smelter Slag Dump", "dev_stat": "Plant", "url": "https://mrdata.usgs.gov/mrds/show-mrds.php?dep_id=10277582", "code_list": "FE SIL" }, "geometry": { "type": "Point", "coordinates": [ -122.17513, 47.99621 ] } },
{ "type": "Feature", "properties": { "dep_id": "10095477", "site_name": "Justin", "dev_stat": "Occurrence", "url": "https://mrdata.usgs.gov/mrds/show-mrds.php?dep_id=10095477", "code_list": "AU AG CU HG" }, "geometry": { "type": "Point", "coordinates": [ -121.57233, 48.24481 ] } },
{ "type": "Feature", "properties": { "dep_id": "10131595", "site_name": "Summit Timber Pit", "dev_stat": "Producer", "url": "https://mrdata.usgs.gov/mrds/show-mrds.php?dep_id=10131595", "code_list": "STN_D" }, "geometry": { "type": "Point", "coordinates": [ -121.58932, 48.26201 ] } },
{ "type": "Feature", "properties": { "dep_id": "10156166", "site_name": "Cu Wo3 Prospect", "dev_stat": "Occurrence", "url": "https://mrdata.usgs.gov/mrds/show-mrds.php?dep_id=10156166", "code_list": "W" }, "geometry": { "type": "Point", "coordinates": [ -121.47431, 47.98921 ] } },
{ "type": "Feature", "properties": { "dep_id": "10180164", "site_name": "Granite Falls", "dev_stat": "Occurrence", "url": "https://mrdata.usgs.gov/mrds/show-mrds.php?dep_id=10180164", "code_list": "MG" }, "geometry": { "type": "Point", "coordinates": [ -121.92313, 48.04371 ] } },
{ "type": "Feature", "properties": { "dep_id": "10253602", "site_name": "Unnamed Pit", "dev_stat": "Past Producer", "url": "https://mrdata.usgs.gov/mrds/show-mrds.php?dep_id=10253602", "code_list": "SDG" }, "geometry": { "type": "Point", "coordinates": [ -122.21514, 48.20261 ] } },
{ "type": "Feature", "properties": { "dep_id": "10036716", "site_name": "Copperhead Prospect", "dev_stat": "Occurrence", "url": "https://mrdata.usgs.gov/mrds/show-mrds.php?dep_id=10036716", "code_list": "CU AU AG" }, "geometry": { "type": "Point", "coordinates": [ -121.57816, 48.08342 ] } },
{ "type": "Feature", "properties": { "dep_id": "10131968", "site_name": "Fry Property", "dev_stat": "Unknown", "url": "https://mrdata.usgs.gov/mrds/show-mrds.php?dep_id=10131968", "code_list": "CU ZN" }, "geometry": { "type": "Point", "coordinates": [ -122.01933, 48.14561 ] } },
{ "type": "Feature", "properties": { "dep_id": "10131969", "site_name": "Philo", "dev_stat": "Prospect", "url": "https://mrdata.usgs.gov/mrds/show-mrds.php?dep_id=10131969", "code_list": "AU SB CU PB AG ZN" }, "geometry": { "type": "Point", "coordinates": [ -121.36341, 47.98562 ] } },
{ "type": "Feature", "properties": { "dep_id": "10277708", "site_name": "Golden Cord Mine", "dev_stat": "Past Producer", "url": "https://mrdata.usgs.gov/mrds/show-mrds.php?dep_id=10277708", "code_list": "AU CU PB AG ZN" }, "geometry": { "type": "Point", "coordinates": [ -121.37431, 47.98042 ] } },
{ "type": "Feature", "properties": { "dep_id": "10036793", "site_name": "Bench Placer", "dev_stat": "Occurrence", "url": "https://mrdata.usgs.gov/mrds/show-mrds.php?dep_id=10036793", "code_list": "AU" }, "geometry": { "type": "Point", "coordinates": [ -121.43677, 47.89814 ] } },
{ "type": "Feature", "properties": { "dep_id": "10036831", "site_name": "Kazian Prospect", "dev_stat": "Occurrence", "url": "https://mrdata.usgs.gov/mrds/show-mrds.php?dep_id=10036831", "code_list": "CU PB ZN" }, "geometry": { "type": "Point", "coordinates": [ -121.44565, 47.91009 ] } },
{ "type": "Feature", "properties": { "dep_id": "10156190", "site_name": "Reiter Pit", "dev_stat": "Past Producer", "url": "https://mrdata.usgs.gov/mrds/show-mrds.php?dep_id=10156190", "code_list": "SDG" }, "geometry": { "type": "Point", "coordinates": [ -121.62561, 47.84421 ] } },
{ "type": "Feature", "properties": { "dep_id": "10301365", "site_name": "Hannah", "dev_stat": "Prospect", "url": "https://mrdata.usgs.gov/mrds/show-mrds.php?dep_id=10301365", "code_list": "AU PB AG ZN" }, "geometry": { "type": "Point", "coordinates": [ -121.38651, 47.97122 ] } },
{ "type": "Feature", "properties": { "dep_id": "10301523", "site_name": "Copper Lake", "dev_stat": "Occurrence", "url": "https://mrdata.usgs.gov/mrds/show-mrds.php?dep_id=10301523", "code_list": "MO" }, "geometry": { "type": "Point", "coordinates": [ -121.53371, 48.03121 ] } },
{ "type": "Feature", "properties": { "dep_id": "10036768", "site_name": "Calumet Claim", "dev_stat": "Occurrence", "url": "https://mrdata.usgs.gov/mrds/show-mrds.php?dep_id=10036768", "code_list": "AU AG CU ZN FE" }, "geometry": { "type": "Point", "coordinates": [ -121.5076, 47.97453 ] } },
{ "type": "Feature", "properties": { "dep_id": "10036827", "site_name": "Kromona Mine", "dev_stat": "Producer", "url": "https://mrdata.usgs.gov/mrds/show-mrds.php?dep_id=10036827", "code_list": "CU AG AU MO W FE" }, "geometry": { "type": "Point", "coordinates": [ -121.59399, 47.91592 ] } },
{ "type": "Feature", "properties": { "dep_id": "10109506", "site_name": "St. Louis and Jackson Mine", "dev_stat": "Producer", "url": "https://mrdata.usgs.gov/mrds/show-mrds.php?dep_id=10109506", "code_list": "CU AU AG W" }, "geometry": { "type": "Point", "coordinates": [ -121.58928, 48.1137 ] } },
{ "type": "Feature", "properties": { "dep_id": "10131587", "site_name": "Jim Dandy", "dev_stat": "Prospect", "url": "https://mrdata.usgs.gov/mrds/show-mrds.php?dep_id=10131587", "code_list": "AU CU AG" }, "geometry": { "type": "Point", "coordinates": [ -121.43341, 47.92231 ] } },
{ "type": "Feature", "properties": { "dep_id": "10135611", "site_name": "Sheridan Mine", "dev_stat": "Prospect", "url": "https://mrdata.usgs.gov/mrds/show-mrds.php?dep_id=10135611", "code_list": "AU" }, "geometry": { "type": "Point", "coordinates": [ -121.38591, 47.97652 ] } },
{ "type": "Feature", "properties": { "dep_id": "10205012", "site_name": "Blue Stone", "dev_stat": "Occurrence", "url": "https://mrdata.usgs.gov/mrds/show-mrds.php?dep_id=10205012", "code_list": "FE" }, "geometry": { "type": "Point", "coordinates": [ -121.54061, 47.94901 ] } },
{ "type": "Feature", "properties": { "dep_id": "10253497", "site_name": "Gettysburg", "dev_stat": "Prospect", "url": "https://mrdata.usgs.gov/mrds/show-mrds.php?dep_id=10253497", "code_list": "PB AU AG" }, "geometry": { "type": "Point", "coordinates": [ -121.44431, 47.93261 ] } },
{ "type": "Feature", "properties": { "dep_id": "10301607", "site_name": "Winnie", "dev_stat": "Prospect", "url": "https://mrdata.usgs.gov/mrds/show-mrds.php?dep_id=10301607", "code_list": "CU AU AG" }, "geometry": { "type": "Point", "coordinates": [ -121.44011, 47.95671 ] } },
{ "type": "Feature", "properties": { "dep_id": "10048585", "site_name": "Q.T.", "dev_stat": "Occurrence", "url": "https://mrdata.usgs.gov/mrds/show-mrds.php?dep_id=10048585", "code_list": "AU AG CU ZN AS" }, "geometry": { "type": "Point", "coordinates": [ -121.40065, 47.96788 ] } },
{ "type": "Feature", "properties": { "dep_id": "10143164", "site_name": "Maud Prospect", "dev_stat": "Prospect", "url": "https://mrdata.usgs.gov/mrds/show-mrds.php?dep_id=10143164", "code_list": "AG" }, "geometry": { "type": "Point", "coordinates": [ -121.49561, 47.84121 ] } },
{ "type": "Feature", "properties": { "dep_id": "10156484", "site_name": "Feldt", "dev_stat": "Prospect", "url": "https://mrdata.usgs.gov/mrds/show-mrds.php?dep_id=10156484", "code_list": "AG SB AU PB ZN" }, "geometry": { "type": "Point", "coordinates": [ -121.69092, 48.23291 ] } },
{ "type": "Feature", "properties": { "dep_id": "10180533", "site_name": "Georgia- Pacific Corp.", "dev_stat": "Producer", "url": "https://mrdata.usgs.gov/mrds/show-mrds.php?dep_id=10180533", "code_list": "SDG" }, "geometry": { "type": "Point", "coordinates": [ -122.28314, 48.33041 ] } },
{ "type": "Feature", "properties": { "dep_id": "10204741", "site_name": "Clear Creek", "dev_stat": "Occurrence", "url": "https://mrdata.usgs.gov/mrds/show-mrds.php?dep_id=10204741", "code_list": "ASB" }, "geometry": { "type": "Point", "coordinates": [ -121.64262, 48.11421 ] } },
{ "type": "Feature", "properties": { "dep_id": "10228940", "site_name": "Unnamed Pit", "dev_stat": "Past Producer", "url": "https://mrdata.usgs.gov/mrds/show-mrds.php?dep_id=10228940", "code_list": "SDG" }, "geometry": { "type": "Point", "coordinates": [ -122.02812, 47.84671 ] } },
{ "type": "Feature", "properties": { "dep_id": "10253693", "site_name": "Kings Lake", "dev_stat": "Occurrence", "url": "https://mrdata.usgs.gov/mrds/show-mrds.php?dep_id=10253693", "code_list": "DIT" }, "geometry": { "type": "Point", "coordinates": [ -122.01683, 48.14651 ] } },
{ "type": "Feature", "properties": { "dep_id": "10301610", "site_name": "Morning Glory", "dev_stat": "Prospect", "url": "https://mrdata.usgs.gov/mrds/show-mrds.php?dep_id=10301610", "code_list": "AU CU AG" }, "geometry": { "type": "Point", "coordinates": [ -121.43401, 47.90811 ] } },
{ "type": "Feature", "properties": { "dep_id": "10036712", "site_name": "Copper King Mine", "dev_stat": "Occurrence", "url": "https://mrdata.usgs.gov/mrds/show-mrds.php?dep_id=10036712", "code_list": "CU" }, "geometry": { "type": "Point", "coordinates": [ -121.47232, 47.85898 ] } },
{ "type": "Feature", "properties": { "dep_id": "10036733", "site_name": "Lily of the West Prospect", "dev_stat": "Occurrence", "url": "https://mrdata.usgs.gov/mrds/show-mrds.php?dep_id=10036733", "code_list": "AU AS" }, "geometry": { "type": "Point", "coordinates": [ -121.34732, 48.01843 ] } },
{ "type": "Feature", "properties": { "dep_id": "10036780", "site_name": "Morning Star Prospect", "dev_stat": "Occurrence", "url": "https://mrdata.usgs.gov/mrds/show-mrds.php?dep_id=10036780", "code_list": "PB AG CU AU" }, "geometry": { "type": "Point", "coordinates": [ -121.39899, 47.94954 ] } },
{ "type": "Feature", "properties": { "dep_id": "10036799", "site_name": "Jones Prospect", "dev_stat": "Occurrence", "url": "https://mrdata.usgs.gov/mrds/show-mrds.php?dep_id=10036799", "code_list": "AG PB" }, "geometry": { "type": "Point", "coordinates": [ -121.4876, 47.93342 ] } },
{ "type": "Feature", "properties": { "dep_id": "10048593", "site_name": "Morning Glory", "dev_stat": "Occurrence", "url": "https://mrdata.usgs.gov/mrds/show-mrds.php?dep_id=10048593", "code_list": "AU AG CU" }, "geometry": { "type": "Point", "coordinates": [ -121.43343, 47.90731 ] } },
{ "type": "Feature", "properties": { "dep_id": "10098707", "site_name": "Orphan Boy Mine", "dev_stat": "Past Producer", "url": "https://mrdata.usgs.gov/mrds/show-mrds.php?dep_id=10098707", "code_list": "AU AG CU ZN AS" }, "geometry": { "type": "Point", "coordinates": [ -121.40038, 47.96926 ] } },
{ "type": "Feature", "properties": { "dep_id": "10131897", "site_name": "Merchant", "dev_stat": "Prospect", "url": "https://mrdata.usgs.gov/mrds/show-mrds.php?dep_id=10131897", "code_list": "CU" }, "geometry": { "type": "Point", "coordinates": [ -121.44291, 47.83041 ] } },
{ "type": "Feature", "properties": { "dep_id": "10132112", "site_name": "Good Luck", "dev_stat": "Prospect", "url": "https://mrdata.usgs.gov/mrds/show-mrds.php?dep_id=10132112", "code_list": "CU AU" }, "geometry": { "type": "Point", "coordinates": [ -121.40951, 47.90062 ] } },
{ "type": "Feature", "properties": { "dep_id": "10228361", "site_name": "Unnamed Pit", "dev_stat": "Past Producer", "url": "https://mrdata.usgs.gov/mrds/show-mrds.php?dep_id=10228361", "code_list": "SDG" }, "geometry": { "type": "Point", "coordinates": [ -122.25183, 47.78731 ] } },
{ "type": "Feature", "properties": { "dep_id": "10229091", "site_name": "Line A Little Placer", "dev_stat": "Occurrence", "url": "https://mrdata.usgs.gov/mrds/show-mrds.php?dep_id=10229091", "code_list": "AU" }, "geometry": { "type": "Point", "coordinates": [ -121.56761, 47.81561 ] } },
{ "type": "Feature", "properties": { "dep_id": "10253713", "site_name": "Billy Lee", "dev_stat": "Prospect", "url": "https://mrdata.usgs.gov/mrds/show-mrds.php?dep_id=10253713", "code_list": "PB AU AG" }, "geometry": { "type": "Point", "coordinates": [ -121.44481, 47.92651 ] } },
{ "type": "Feature", "properties": { "dep_id": "10253842", "site_name": "Copper Independent Mine", "dev_stat": "Past Producer", "url": "https://mrdata.usgs.gov/mrds/show-mrds.php?dep_id=10253842", "code_list": "AU AG" }, "geometry": { "type": "Point", "coordinates": [ -121.56872, 48.07561 ] } },
{ "type": "Feature", "properties": { "dep_id": "10277384", "site_name": "Twin Falls No. 1 Claim", "dev_stat": "Occurrence", "url": "https://mrdata.usgs.gov/mrds/show-mrds.php?dep_id=10277384", "code_list": "CU" }, "geometry": { "type": "Point", "coordinates": [ -121.40401, 47.91372 ] } },
{ "type": "Feature", "properties": { "dep_id": "10036740", "site_name": "Tobique & Lalla Rookh Prospect", "dev_stat": "Occurrence", "url": "https://mrdata.usgs.gov/mrds/show-mrds.php?dep_id=10036740", "code_list": "AU AG PB" }, "geometry": { "type": "Point", "coordinates": [ -121.39038, 47.99343 ] } },
{ "type": "Feature", "properties": { "dep_id": "10036783", "site_name": "Emma Moore Prospect", "dev_stat": "Occurrence", "url": "https://mrdata.usgs.gov/mrds/show-mrds.php?dep_id=10036783", "code_list": "PB AG AU ZN CU AS CD" }, "geometry": { "type": "Point", "coordinates": [ -121.38621, 47.97093 ] } },
{ "type": "Feature", "properties": { "dep_id": "10131486", "site_name": "Mamie", "dev_stat": "Unknown", "url": "https://mrdata.usgs.gov/mrds/show-mrds.php?dep_id=10131486", "code_list": "CU" }, "geometry": { "type": "Point", "coordinates": [ -121.55041, 48.05951 ] } },
{ "type": "Feature", "properties": { "dep_id": "10131665", "site_name": "Portland No. 1", "dev_stat": "Prospect", "url": "https://mrdata.usgs.gov/mrds/show-mrds.php?dep_id=10131665", "code_list": "AU CU PB AG ZN" }, "geometry": { "type": "Point", "coordinates": [ -121.37091, 47.98372 ] } },
{ "type": "Feature", "properties": { "dep_id": "10204874", "site_name": "Silver Horshoe", "dev_stat": "Prospect", "url": "https://mrdata.usgs.gov/mrds/show-mrds.php?dep_id=10204874", "code_list": "AG CU AU PB ZN" }, "geometry": { "type": "Point", "coordinates": [ -121.53561, 48.03811 ] } },
{ "type": "Feature", "properties": { "dep_id": "10228408", "site_name": "Connelly Pit", "dev_stat": "Past Producer", "url": "https://mrdata.usgs.gov/mrds/show-mrds.php?dep_id=10228408", "code_list": "SDG" }, "geometry": { "type": "Point", "coordinates": [ -121.98042, 47.84561 ] } },
{ "type": "Feature", "properties": { "dep_id": "10301982", "site_name": "Cora M", "dev_stat": "Prospect", "url": "https://mrdata.usgs.gov/mrds/show-mrds.php?dep_id=10301982", "code_list": "AU" }, "geometry": { "type": "Point", "coordinates": [ -121.41011, 47.94732 ] } },
{ "type": "Feature", "properties": { "dep_id": "10036944", "site_name": "O and B Mine", "dev_stat": "Past Producer", "url": "https://mrdata.usgs.gov/mrds/show-mrds.php?dep_id=10036944", "code_list": "CU AU AG ZN AS" }, "geometry": { "type": "Point", "coordinates": [ -121.4026, 47.98038 ] } },
{ "type": "Feature", "properties": { "dep_id": "10056104", "site_name": "Index Gold", "dev_stat": "Occurrence", "url": "https://mrdata.usgs.gov/mrds/show-mrds.php?dep_id=10056104", "code_list": "AU AG PB ZN" }, "geometry": { "type": "Point", "coordinates": [ -121.45232, 47.90564 ] } },
{ "type": "Feature", "properties": { "dep_id": "10156782", "site_name": "Arlington Pit and Plant", "dev_stat": "Producer", "url": "https://mrdata.usgs.gov/mrds/show-mrds.php?dep_id=10156782", "code_list": "LST_D" }, "geometry": { "type": "Point", "coordinates": [ -122.17683, 48.05541 ] } },
{ "type": "Feature", "properties": { "dep_id": "10156863", "site_name": "Ixl", "dev_stat": "Prospect", "url": "https://mrdata.usgs.gov/mrds/show-mrds.php?dep_id=10156863", "code_list": "AU AG" }, "geometry": { "type": "Point", "coordinates": [ -121.36481, 47.98042 ] } },
{ "type": "Feature", "properties": { "dep_id": "10159765", "site_name": "Jim Creek", "dev_stat": "Occurrence", "url": "https://mrdata.usgs.gov/mrds/show-mrds.php?dep_id=10159765", "code_list": "DIT" }, "geometry": { "type": "Point", "coordinates": [ -122.03733, 48.18701 ] } },
{ "type": "Feature", "properties": { "dep_id": "10257011", "site_name": "Potomac", "dev_stat": "Prospect", "url": "https://mrdata.usgs.gov/mrds/show-mrds.php?dep_id=10257011", "code_list": "AU CU PB AG ZN" }, "geometry": { "type": "Point", "coordinates": [ -121.36561, 47.98202 ] } },
{ "type": "Feature", "properties": { "dep_id": "10036813", "site_name": "Bangor Creek Prospect", "dev_stat": "Occurrence", "url": "https://mrdata.usgs.gov/mrds/show-mrds.php?dep_id=10036813", "code_list": "CU AU AG" }, "geometry": { "type": "Point", "coordinates": [ -121.54288, 48.0787 ] } },
{ "type": "Feature", "properties": { "dep_id": "10048575", "site_name": "Portland No. 1", "dev_stat": "Occurrence", "url": "https://mrdata.usgs.gov/mrds/show-mrds.php?dep_id=10048575", "code_list": "AU AG CU PB ZN AS SB" }, "geometry": { "type": "Point", "coordinates": [ -121.37065, 47.98343 ] } },
{ "type": "Feature", "properties": { "dep_id": "10048633", "site_name": "Index Gold", "dev_stat": "Occurrence", "url": "https://mrdata.usgs.gov/mrds/show-mrds.php?dep_id=10048633", "code_list": "AU AG PB ZN CU AS" }, "geometry": { "type": "Point", "coordinates": [ -121.45232, 47.90564 ] } },
{ "type": "Feature", "properties": { "dep_id": "10056118", "site_name": "Sultan Placer", "dev_stat": "Occurrence", "url": "https://mrdata.usgs.gov/mrds/show-mrds.php?dep_id=10056118", "code_list": "AU" }, "geometry": { "type": "Point", "coordinates": [ -121.81872, 47.86037 ] } },
{ "type": "Feature", "properties": { "dep_id": "10131892", "site_name": "Last Chance", "dev_stat": "Past Producer", "url": "https://mrdata.usgs.gov/mrds/show-mrds.php?dep_id=10131892", "code_list": "AU PB AG" }, "geometry": { "type": "Point", "coordinates": [ -121.43951, 47.91791 ] } },
{ "type": "Feature", "properties": { "dep_id": "10036710", "site_name": "Cooperative Mine Upper Workings", "dev_stat": "Occurrence", "url": "https://mrdata.usgs.gov/mrds/show-mrds.php?dep_id=10036710", "code_list": "AU CU AG PB ZN" }, "geometry": { "type": "Point", "coordinates": [ -121.41065, 47.8526 ] } },
{ "type": "Feature", "properties": { "dep_id": "10036734", "site_name": "Glory of the Mountain Prospect", "dev_stat": "Past Producer", "url": "https://mrdata.usgs.gov/mrds/show-mrds.php?dep_id=10036734", "code_list": "AU AG AS" }, "geometry": { "type": "Point", "coordinates": [ -121.34871, 48.02732 ] } },
{ "type": "Feature", "properties": { "dep_id": "10048567", "site_name": "Eureka", "dev_stat": "Occurrence", "url": "https://mrdata.usgs.gov/mrds/show-mrds.php?dep_id=10048567", "code_list": "AU AG CU ZN AS" }, "geometry": { "type": "Point", "coordinates": [ -121.35954, 47.98704 ] } },
{ "type": "Feature", "properties": { "dep_id": "10048589", "site_name": "Donkey", "dev_stat": "Occurrence", "url": "https://mrdata.usgs.gov/mrds/show-mrds.php?dep_id=10048589", "code_list": "AU AS" }, "geometry": { "type": "Point", "coordinates": [ -121.43482, 47.94064 ] } },
{ "type": "Feature", "properties": { "dep_id": "10156615", "site_name": "Twentieth Century", "dev_stat": "Occurrence", "url": "https://mrdata.usgs.gov/mrds/show-mrds.php?dep_id=10156615", "code_list": "AG AU" }, "geometry": { "type": "Point", "coordinates": [ -121.37841, 47.97042 ] } },
{ "type": "Feature", "properties": { "dep_id": "10180680", "site_name": "Twitchell Quarry", "dev_stat": "Producer", "url": "https://mrdata.usgs.gov/mrds/show-mrds.php?dep_id=10180680", "code_list": "STN_D" }, "geometry": { "type": "Point", "coordinates": [ -122.12733, 48.01341 ] } },
{ "type": "Feature", "properties": { "dep_id": "10204531", "site_name": "Stillaquamish Canyon", "dev_stat": "Unknown", "url": "https://mrdata.usgs.gov/mrds/show-mrds.php?dep_id=10204531", "code_list": "LST_D" }, "geometry": { "type": "Point", "coordinates": [ -121.86403, 48.09371 ] } },
{ "type": "Feature", "properties": { "dep_id": "10204979", "site_name": "Jumbo Mountain", "dev_stat": "Unknown", "url": "https://mrdata.usgs.gov/mrds/show-mrds.php?dep_id=10204979", "code_list": "NI" }, "geometry": { "type": "Point", "coordinates": [ -121.60982, 48.20341 ] } },
{ "type": "Feature", "properties": { "dep_id": "10036756", "site_name": "Anaconda Prospect", "dev_stat": "Occurrence", "url": "https://mrdata.usgs.gov/mrds/show-mrds.php?dep_id=10036756", "code_list": "AU" }, "geometry": { "type": "Point", "coordinates": [ -121.45343, 47.89342 ] } },
{ "type": "Feature", "properties": { "dep_id": "10036802", "site_name": "Feldt Prospect", "dev_stat": "Occurrence", "url": "https://mrdata.usgs.gov/mrds/show-mrds.php?dep_id=10036802", "code_list": "AG PB ZN AU CU AS SB CO" }, "geometry": { "type": "Point", "coordinates": [ -121.68872, 48.23481 ] } },
{ "type": "Feature", "properties": { "dep_id": "10040180", "site_name": "Wild Rose", "dev_stat": "Occurrence", "url": "https://mrdata.usgs.gov/mrds/show-mrds.php?dep_id=10040180", "code_list": "CU AU AG HG CO NI AS" }, "geometry": { "type": "Point", "coordinates": [ -121.41177, 47.96093 ] } },
{ "type": "Feature", "properties": { "dep_id": "10156228", "site_name": "Unnamed Pit", "dev_stat": "Past Producer", "url": "https://mrdata.usgs.gov/mrds/show-mrds.php?dep_id=10156228", "code_list": "SDG" }, "geometry": { "type": "Point", "coordinates": [ -122.24544, 48.24061 ] } },
{ "type": "Feature", "properties": { "dep_id": "10180480", "site_name": "Alder Placer", "dev_stat": "Occurrence", "url": "https://mrdata.usgs.gov/mrds/show-mrds.php?dep_id=10180480", "code_list": "AU" }, "geometry": { "type": "Point", "coordinates": [ -121.82232, 47.85591 ] } },
{ "type": "Feature", "properties": { "dep_id": "10228974", "site_name": "Lockwood Placer", "dev_stat": "Occurrence", "url": "https://mrdata.usgs.gov/mrds/show-mrds.php?dep_id=10228974", "code_list": "AU" }, "geometry": { "type": "Point", "coordinates": [ -121.39651, 47.99872 ] } },
{ "type": "Feature", "properties": { "dep_id": "10277214", "site_name": "Winter Coon", "dev_stat": "Occurrence", "url": "https://mrdata.usgs.gov/mrds/show-mrds.php?dep_id=10277214", "code_list": "AU CU AG" }, "geometry": { "type": "Point", "coordinates": [ -121.57292, 48.07151 ] } },
{ "type": "Feature", "properties": { "dep_id": "10277611", "site_name": "Portland No. 2", "dev_stat": "Prospect", "url": "https://mrdata.usgs.gov/mrds/show-mrds.php?dep_id=10277611", "code_list": "AU CU PB AG ZN" }, "geometry": { "type": "Point", "coordinates": [ -121.36151, 47.98342 ] } },
{ "type": "Feature", "properties": { "dep_id": "10301808", "site_name": "Unnamed Pit", "dev_stat": "Past Producer", "url": "https://mrdata.usgs.gov/mrds/show-mrds.php?dep_id=10301808", "code_list": "SDG" }, "geometry": { "type": "Point", "coordinates": [ -121.95432, 47.88901 ] } },
{ "type": "Feature", "properties": { "dep_id": "10036950", "site_name": "Uncle Sam Prospect", "dev_stat": "Occurrence", "url": "https://mrdata.usgs.gov/mrds/show-mrds.php?dep_id=10036950", "code_list": "CU AU AG" }, "geometry": { "type": "Point", "coordinates": [ -121.48843, 47.81175 ] } },
{ "type": "Feature", "properties": { "dep_id": "10131599", "site_name": "Hannah", "dev_stat": "Prospect", "url": "https://mrdata.usgs.gov/mrds/show-mrds.php?dep_id=10131599", "code_list": "CU" }, "geometry": { "type": "Point", "coordinates": [ -121.57232, 48.13481 ] } },
{ "type": "Feature", "properties": { "dep_id": "10131774", "site_name": "P.I.", "dev_stat": "Prospect", "url": "https://mrdata.usgs.gov/mrds/show-mrds.php?dep_id=10131774", "code_list": "CU PB AG" }, "geometry": { "type": "Point", "coordinates": [ -121.42481, 47.91371 ] } },
{ "type": "Feature", "properties": { "dep_id": "10156490", "site_name": "St. Louis and Jackson", "dev_stat": "Past Producer", "url": "https://mrdata.usgs.gov/mrds/show-mrds.php?dep_id=10156490", "code_list": "CU AU AG W" }, "geometry": { "type": "Point", "coordinates": [ -121.58932, 48.11371 ] } },
{ "type": "Feature", "properties": { "dep_id": "10181175", "site_name": "Kittening", "dev_stat": "Past Producer", "url": "https://mrdata.usgs.gov/mrds/show-mrds.php?dep_id=10181175", "code_list": "CU AG" }, "geometry": { "type": "Point", "coordinates": [ -121.45621, 47.87421 ] } },
{ "type": "Feature", "properties": { "dep_id": "10204918", "site_name": "Pilchuck Creek", "dev_stat": "Prospect", "url": "https://mrdata.usgs.gov/mrds/show-mrds.php?dep_id=10204918", "code_list": "AU" }, "geometry": { "type": "Point", "coordinates": [ -122.16294, 48.27761 ] } },
{ "type": "Feature", "properties": { "dep_id": "10228406", "site_name": "Sultan", "dev_stat": "Occurrence", "url": "https://mrdata.usgs.gov/mrds/show-mrds.php?dep_id=10228406", "code_list": "U" }, "geometry": { "type": "Point", "coordinates": [ -121.91792, 47.86451 ] } },
{ "type": "Feature", "properties": { "dep_id": "10229145", "site_name": "Ptarmigan", "dev_stat": "Prospect", "url": "https://mrdata.usgs.gov/mrds/show-mrds.php?dep_id=10229145", "code_list": "AU CU PB AG ZN" }, "geometry": { "type": "Point", "coordinates": [ -121.34981, 47.97702 ] } },
{ "type": "Feature", "properties": { "dep_id": "10277448", "site_name": "Mountain Cedar", "dev_stat": "Past Producer", "url": "https://mrdata.usgs.gov/mrds/show-mrds.php?dep_id=10277448", "code_list": "CU" }, "geometry": { "type": "Point", "coordinates": [ -121.55261, 47.91371 ] } },
{ "type": "Feature", "properties": { "dep_id": "10277659", "site_name": "Skrinde", "dev_stat": "Prospect", "url": "https://mrdata.usgs.gov/mrds/show-mrds.php?dep_id=10277659", "code_list": "CU AU AG" }, "geometry": { "type": "Point", "coordinates": [ -121.43951, 47.91731 ] } },
{ "type": "Feature", "properties": { "dep_id": "10302084", "site_name": "Rainy", "dev_stat": "Past Producer", "url": "https://mrdata.usgs.gov/mrds/show-mrds.php?dep_id=10302084", "code_list": "AU CU PB AG ZN" }, "geometry": { "type": "Point", "coordinates": [ -121.38261, 47.98422 ] } },
{ "type": "Feature", "properties": { "dep_id": "10036776", "site_name": "Black Hawk Placer", "dev_stat": "Occurrence", "url": "https://mrdata.usgs.gov/mrds/show-mrds.php?dep_id=10036776", "code_list": "AU" }, "geometry": { "type": "Point", "coordinates": [ -121.79816, 47.94453 ] } },
{ "type": "Feature", "properties": { "dep_id": "10036795", "site_name": "White Horse Prospect", "dev_stat": "Occurrence", "url": "https://mrdata.usgs.gov/mrds/show-mrds.php?dep_id=10036795", "code_list": "ZN PB CU AG AU" }, "geometry": { "type": "Point", "coordinates": [ -121.69678, 48.23981 ] } },
{ "type": "Feature", "properties": { "dep_id": "10048579", "site_name": "Zeta Mine", "dev_stat": "Occurrence", "url": "https://mrdata.usgs.gov/mrds/show-mrds.php?dep_id=10048579", "code_list": "AU AG CU AS" }, "geometry": { "type": "Point", "coordinates": [ -121.39704, 47.97065 ] } },
{ "type": "Feature", "properties": { "dep_id": "10068217", "site_name": "Jumbo Mountain", "dev_stat": "Occurrence", "url": "https://mrdata.usgs.gov/mrds/show-mrds.php?dep_id=10068217", "code_list": "NI CO CU" }, "geometry": { "type": "Point", "coordinates": [ -121.589, 48.19425 ] } },
{ "type": "Feature", "properties": { "dep_id": "10155505", "site_name": "Barclay Creek", "dev_stat": "Occurrence", "url": "https://mrdata.usgs.gov/mrds/show-mrds.php?dep_id=10155505", "code_list": "ABR_G" }, "geometry": { "type": "Point", "coordinates": [ -121.46791, 47.79151 ] } },
{ "type": "Feature", "properties": { "dep_id": "10180105", "site_name": "Fanny", "dev_stat": "Prospect", "url": "https://mrdata.usgs.gov/mrds/show-mrds.php?dep_id=10180105", "code_list": "AU CU AG" }, "geometry": { "type": "Point", "coordinates": [ -121.56792, 48.06901 ] } },
{ "type": "Feature", "properties": { "dep_id": "10180218", "site_name": "Gypsy Queen", "dev_stat": "Prospect", "url": "https://mrdata.usgs.gov/mrds/show-mrds.php?dep_id=10180218", "code_list": "PB AU AG" }, "geometry": { "type": "Point", "coordinates": [ -121.43981, 47.94981 ] } },
{ "type": "Feature", "properties": { "dep_id": "10204850", "site_name": "Unnamed Pit", "dev_stat": "Past Producer", "url": "https://mrdata.usgs.gov/mrds/show-mrds.php?dep_id=10204850", "code_list": "SDG" }, "geometry": { "type": "Point", "coordinates": [ -122.10434, 48.21261 ] } },
{ "type": "Feature", "properties": { "dep_id": "10228399", "site_name": "Halford Pit", "dev_stat": "Past Producer", "url": "https://mrdata.usgs.gov/mrds/show-mrds.php?dep_id=10228399", "code_list": "SDG" }, "geometry": { "type": "Point", "coordinates": [ -121.50541, 47.78731 ] } },
{ "type": "Feature", "properties": { "dep_id": "10228497", "site_name": "Gravel Pit", "dev_stat": "Past Producer", "url": "https://mrdata.usgs.gov/mrds/show-mrds.php?dep_id=10228497", "code_list": "SDG" }, "geometry": { "type": "Point", "coordinates": [ -122.13043, 47.75401 ] } },
{ "type": "Feature", "properties": { "dep_id": "10228708", "site_name": "Bunker Hill", "dev_stat": "Prospect", "url": "https://mrdata.usgs.gov/mrds/show-mrds.php?dep_id=10228708", "code_list": "CU" }, "geometry": { "type": "Point", "coordinates": [ -121.65932, 48.11731 ] } },
{ "type": "Feature", "properties": { "dep_id": "10228737", "site_name": "Smuggler Prospect", "dev_stat": "Prospect", "url": "https://mrdata.usgs.gov/mrds/show-mrds.php?dep_id=10228737", "code_list": "CU AU AG" }, "geometry": { "type": "Point", "coordinates": [ -121.40311, 47.95922 ] } },
{ "type": "Feature", "properties": { "dep_id": "10228797", "site_name": "Ridenour No. 3 Prospect", "dev_stat": "Prospect", "url": "https://mrdata.usgs.gov/mrds/show-mrds.php?dep_id=10228797", "code_list": "CU" }, "geometry": { "type": "Point", "coordinates": [ -121.44681, 47.83481 ] } },
{ "type": "Feature", "properties": { "dep_id": "10036700", "site_name": "Bon Ton Prospect", "dev_stat": "Occurrence", "url": "https://mrdata.usgs.gov/mrds/show-mrds.php?dep_id=10036700", "code_list": "AU AG CU" }, "geometry": { "type": "Point", "coordinates": [ -121.34788, 47.99899 ] } },
{ "type": "Feature", "properties": { "dep_id": "10036809", "site_name": "Ala-Dickson Claims", "dev_stat": "Occurrence", "url": "https://mrdata.usgs.gov/mrds/show-mrds.php?dep_id=10036809", "code_list": "AG AU CU PB ZN" }, "geometry": { "type": "Point", "coordinates": [ -121.56454, 48.01898 ] } },
{ "type": "Feature", "properties": { "dep_id": "10048556", "site_name": "Mystery", "dev_stat": "Past Producer", "url": "https://mrdata.usgs.gov/mrds/show-mrds.php?dep_id=10048556", "code_list": "AU AG CU PB ZN AS SB" }, "geometry": { "type": "Point", "coordinates": [ -121.36982, 47.98093 ] } },
{ "type": "Feature", "properties": { "dep_id": "10131485", "site_name": "Unnamed Pit", "dev_stat": "Past Producer", "url": "https://mrdata.usgs.gov/mrds/show-mrds.php?dep_id=10131485", "code_list": "SDG" }, "geometry": { "type": "Point", "coordinates": [ -122.24183, 47.95731 ] } },
{ "type": "Feature", "properties": { "dep_id": "10131572", "site_name": "Blackstone", "dev_stat": "Unknown", "url": "https://mrdata.usgs.gov/mrds/show-mrds.php?dep_id=10131572", "code_list": "CU AG" }, "geometry": { "type": "Point", "coordinates": [ -121.42621, 47.92761 ] } },
{ "type": "Feature", "properties": { "dep_id": "10159653", "site_name": "Darrington Pit", "dev_stat": "Past Producer", "url": "https://mrdata.usgs.gov/mrds/show-mrds.php?dep_id=10159653", "code_list": "SDG" }, "geometry": { "type": "Point", "coordinates": [ -121.61152, 48.25231 ] } },
{ "type": "Feature", "properties": { "dep_id": "10204306", "site_name": "Morning Star", "dev_stat": "Prospect", "url": "https://mrdata.usgs.gov/mrds/show-mrds.php?dep_id=10204306", "code_list": "PB CU AU AG" }, "geometry": { "type": "Point", "coordinates": [ -121.39511, 47.94842 ] } },
{ "type": "Feature", "properties": { "dep_id": "10204510", "site_name": "Unnamed Pit", "dev_stat": "Past Producer", "url": "https://mrdata.usgs.gov/mrds/show-mrds.php?dep_id=10204510", "code_list": "SDG" }, "geometry": { "type": "Point", "coordinates": [ -122.23013, 47.93091 ] } },
{ "type": "Feature", "properties": { "dep_id": "10204608", "site_name": "Index Pit", "dev_stat": "Past Producer", "url": "https://mrdata.usgs.gov/mrds/show-mrds.php?dep_id=10204608", "code_list": "SDG" }, "geometry": { "type": "Point", "coordinates": [ -121.55061, 47.82231 ] } },
{ "type": "Feature", "properties": { "dep_id": "10228978", "site_name": "Golden Chord", "dev_stat": "Occurrence", "url": "https://mrdata.usgs.gov/mrds/show-mrds.php?dep_id=10228978", "code_list": "AU CU AG" }, "geometry": { "type": "Point", "coordinates": [ -121.59952, 48.10481 ] } },
{ "type": "Feature", "properties": { "dep_id": "10277499", "site_name": "Gray Rock", "dev_stat": "Prospect", "url": "https://mrdata.usgs.gov/mrds/show-mrds.php?dep_id=10277499", "code_list": "AU" }, "geometry": { "type": "Point", "coordinates": [ -121.69292, 48.24261 ] } },
{ "type": "Feature", "properties": { "dep_id": "10277646", "site_name": "Pica", "dev_stat": "Prospect", "url": "https://mrdata.usgs.gov/mrds/show-mrds.php?dep_id=10277646", "code_list": "AU CU PB AG ZN" }, "geometry": { "type": "Point", "coordinates": [ -121.35621, 47.98542 ] } },
{ "type": "Feature", "properties": { "dep_id": "10056114", "site_name": "Rainy", "dev_stat": "Occurrence", "url": "https://mrdata.usgs.gov/mrds/show-mrds.php?dep_id=10056114", "code_list": "AU AG" }, "geometry": { "type": "Point", "coordinates": [ -121.3901, 47.98649 ] } },
{ "type": "Feature", "properties": { "dep_id": "10095355", "site_name": "Republican Prospect", "dev_stat": "Occurrence", "url": "https://mrdata.usgs.gov/mrds/show-mrds.php?dep_id=10095355", "code_list": "PB AU AG" }, "geometry": { "type": "Point", "coordinates": [ -121.34177, 48.00621 ] } },
{ "type": "Feature", "properties": { "dep_id": "10156277", "site_name": "Snowslide Prospect", "dev_stat": "Prospect", "url": "https://mrdata.usgs.gov/mrds/show-mrds.php?dep_id=10156277", "code_list": "CU" }, "geometry": { "type": "Point", "coordinates": [ -121.48311, 47.81791 ] } },
{ "type": "Feature", "properties": { "dep_id": "10156730", "site_name": "Cox Placer", "dev_stat": "Occurrence", "url": "https://mrdata.usgs.gov/mrds/show-mrds.php?dep_id=10156730", "code_list": "AU" }, "geometry": { "type": "Point", "coordinates": [ -121.37901, 47.98482 ] } },
{ "type": "Feature", "properties": { "dep_id": "10204666", "site_name": "Texas", "dev_stat": "Prospect", "url": "https://mrdata.usgs.gov/mrds/show-mrds.php?dep_id=10204666", "code_list": "AU AG" }, "geometry": { "type": "Point", "coordinates": [ -121.43681, 47.92151 ] } },
{ "type": "Feature", "properties": { "dep_id": "10253912", "site_name": "Gold Standard", "dev_stat": "Prospect", "url": "https://mrdata.usgs.gov/mrds/show-mrds.php?dep_id=10253912", "code_list": "AU" }, "geometry": { "type": "Point", "coordinates": [ -121.43061, 47.94701 ] } },
{ "type": "Feature", "properties": { "dep_id": "10301430", "site_name": "Granite and Maude", "dev_stat": "Prospect", "url": "https://mrdata.usgs.gov/mrds/show-mrds.php?dep_id=10301430", "code_list": "AU PB AG" }, "geometry": { "type": "Point", "coordinates": [ -121.56152, 48.07061 ] } },
{ "type": "Feature", "properties": { "dep_id": "10036746", "site_name": "Horseshoe & Treasure Box Prospect", "dev_stat": "Occurrence", "url": "https://mrdata.usgs.gov/mrds/show-mrds.php?dep_id=10036746", "code_list": "AU CU" }, "geometry": { "type": "Point", "coordinates": [ -121.46121, 47.96037 ] } },
{ "type": "Feature", "properties": { "dep_id": "10036782", "site_name": "Martin Engdahl Prospect", "dev_stat": "Occurrence", "url": "https://mrdata.usgs.gov/mrds/show-mrds.php?dep_id=10036782", "code_list": "PB AU AG ZN CU MO AS" }, "geometry": { "type": "Point", "coordinates": [ -121.44121, 47.93092 ] } },
{ "type": "Feature", "properties": { "dep_id": "10036935", "site_name": "Highland Prospect", "dev_stat": "Occurrence", "url": "https://mrdata.usgs.gov/mrds/show-mrds.php?dep_id=10036935", "code_list": "AU AG CU" }, "geometry": { "type": "Point", "coordinates": [ -121.64372, 48.21009 ] } },
{ "type": "Feature", "properties": { "dep_id": "10131455", "site_name": "Luckey Strike", "dev_stat": "Prospect", "url": "https://mrdata.usgs.gov/mrds/show-mrds.php?dep_id=10131455", "code_list": "CU" }, "geometry": { "type": "Point", "coordinates": [ -121.59562, 48.07541 ] } },
{ "type": "Feature", "properties": { "dep_id": "10131712", "site_name": "Undaunted", "dev_stat": "Prospect", "url": "https://mrdata.usgs.gov/mrds/show-mrds.php?dep_id=10131712", "code_list": "AU AG" }, "geometry": { "type": "Point", "coordinates": [ -121.44181, 47.95621 ] } },
{ "type": "Feature", "properties": { "dep_id": "10204780", "site_name": "Unnamed Pit", "dev_stat": "Past Producer", "url": "https://mrdata.usgs.gov/mrds/show-mrds.php?dep_id=10204780", "code_list": "SDG" }, "geometry": { "type": "Point", "coordinates": [ -122.28314, 48.26591 ] } },
{ "type": "Feature", "properties": { "dep_id": "10228845", "site_name": "F.E. Davis", "dev_stat": "Prospect", "url": "https://mrdata.usgs.gov/mrds/show-mrds.php?dep_id=10228845", "code_list": "AU CU AG ZN" }, "geometry": { "type": "Point", "coordinates": [ -121.40651, 47.97152 ] } },
{ "type": "Feature", "properties": { "dep_id": "10048635", "site_name": "Sultan Placer", "dev_stat": "Occurrence", "url": "https://mrdata.usgs.gov/mrds/show-mrds.php?dep_id=10048635", "code_list": "AU" }, "geometry": { "type": "Point", "coordinates": [ -121.81872, 47.86037 ] } },
{ "type": "Feature", "properties": { "dep_id": "10056116", "site_name": "St. Louis and Jackson", "dev_stat": "Occurrence", "url": "https://mrdata.usgs.gov/mrds/show-mrds.php?dep_id=10056116", "code_list": "CU AU AG W" }, "geometry": { "type": "Point", "coordinates": [ -121.58928, 48.1137 ] } },
{ "type": "Feature", "properties": { "dep_id": "10156701", "site_name": "Copper Prince", "dev_stat": "Occurrence", "url": "https://mrdata.usgs.gov/mrds/show-mrds.php?dep_id=10156701", "code_list": "AU CU AG" }, "geometry": { "type": "Point", "coordinates": [ -121.56042, 48.06671 ] } },
{ "type": "Feature", "properties": { "dep_id": "10179774", "site_name": "Unnamed Pit", "dev_stat": "Past Producer", "url": "https://mrdata.usgs.gov/mrds/show-mrds.php?dep_id=10179774", "code_list": "SDG" }, "geometry": { "type": "Point", "coordinates": [ -121.99312, 47.84591 ] } },
{ "type": "Feature", "properties": { "dep_id": "10204660", "site_name": "Bryant", "dev_stat": "Past Producer", "url": "https://mrdata.usgs.gov/mrds/show-mrds.php?dep_id=10204660", "code_list": "STN_C" }, "geometry": { "type": "Point", "coordinates": [ -122.07814, 48.28041 ] } },
{ "type": "Feature", "properties": { "dep_id": "10280965", "site_name": "Bonnie Belle Placer", "dev_stat": "Occurrence", "url": "https://mrdata.usgs.gov/mrds/show-mrds.php?dep_id=10280965", "code_list": "AU" }, "geometry": { "type": "Point", "coordinates": [ -121.43541, 47.89841 ] } },
{ "type": "Feature", "properties": { "dep_id": "10036786", "site_name": "Darrington Iron Prospect", "dev_stat": "Occurrence", "url": "https://mrdata.usgs.gov/mrds/show-mrds.php?dep_id=10036786", "code_list": "FE" }, "geometry": { "type": "Point", "coordinates": [ -121.5465, 48.19703 ] } },
{ "type": "Feature", "properties": { "dep_id": "10036931", "site_name": "Hannah Prospect", "dev_stat": "Occurrence", "url": "https://mrdata.usgs.gov/mrds/show-mrds.php?dep_id=10036931", "code_list": "CU" }, "geometry": { "type": "Point", "coordinates": [ -121.57122, 48.13592 ] } },
{ "type": "Feature", "properties": { "dep_id": "10118364", "site_name": "Monitor Prospect", "dev_stat": "Prospect", "url": "https://mrdata.usgs.gov/mrds/show-mrds.php?dep_id=10118364", "code_list": "CU AG" }, "geometry": { "type": "Point", "coordinates": [ -121.43561, 47.82651 ] } },
{ "type": "Feature", "properties": { "dep_id": "10131632", "site_name": "Kromona", "dev_stat": "Past Producer", "url": "https://mrdata.usgs.gov/mrds/show-mrds.php?dep_id=10131632", "code_list": "CU AU MO AG W" }, "geometry": { "type": "Point", "coordinates": [ -121.59431, 47.91591 ] } },
{ "type": "Feature", "properties": { "dep_id": "10156501", "site_name": "Asbestos", "dev_stat": "Occurrence", "url": "https://mrdata.usgs.gov/mrds/show-mrds.php?dep_id=10156501", "code_list": "NI CO" }, "geometry": { "type": "Point", "coordinates": [ -121.61152, 48.11091 ] } },
{ "type": "Feature", "properties": { "dep_id": "10179913", "site_name": "Highland", "dev_stat": "Prospect", "url": "https://mrdata.usgs.gov/mrds/show-mrds.php?dep_id=10179913", "code_list": "CU AU AG" }, "geometry": { "type": "Point", "coordinates": [ -121.63152, 48.20311 ] } },
{ "type": "Feature", "properties": { "dep_id": "10254090", "site_name": "Seventy-Six", "dev_stat": "Past Producer", "url": "https://mrdata.usgs.gov/mrds/show-mrds.php?dep_id=10254090", "code_list": "PB CU AU AG ZN" }, "geometry": { "type": "Point", "coordinates": [ -121.37931, 47.97292 ] } },
{ "type": "Feature", "properties": { "dep_id": "10256573", "site_name": "Mountain Queen", "dev_stat": "Prospect", "url": "https://mrdata.usgs.gov/mrds/show-mrds.php?dep_id=10256573", "code_list": "AU CU AG" }, "geometry": { "type": "Point", "coordinates": [ -121.41981, 47.95592 ] } },
{ "type": "Feature", "properties": { "dep_id": "10277078", "site_name": "S. Snohomish Pit", "dev_stat": "Past Producer", "url": "https://mrdata.usgs.gov/mrds/show-mrds.php?dep_id=10277078", "code_list": "SDG" }, "geometry": { "type": "Point", "coordinates": [ -122.22293, 47.89651 ] } },
{ "type": "Feature", "properties": { "dep_id": "10277343", "site_name": "Unnamed Pit", "dev_stat": "Past Producer", "url": "https://mrdata.usgs.gov/mrds/show-mrds.php?dep_id=10277343", "code_list": "SDG" }, "geometry": { "type": "Point", "coordinates": [ -122.08983, 47.82621 ] } },
{ "type": "Feature", "properties": { "dep_id": "10180221", "site_name": "Hannah", "dev_stat": "Prospect", "url": "https://mrdata.usgs.gov/mrds/show-mrds.php?dep_id=10180221", "code_list": "CU AU AG" }, "geometry": { "type": "Point", "coordinates": [ -121.67042, 48.22151 ] } },
{ "type": "Feature", "properties": { "dep_id": "10253411", "site_name": "Manley", "dev_stat": "Prospect", "url": "https://mrdata.usgs.gov/mrds/show-mrds.php?dep_id=10253411", "code_list": "CU AU" }, "geometry": { "type": "Point", "coordinates": [ -121.63902, 48.23011 ] } },
{ "type": "Feature", "properties": { "dep_id": "10253887", "site_name": "Big Raymond", "dev_stat": "Prospect", "url": "https://mrdata.usgs.gov/mrds/show-mrds.php?dep_id=10253887", "code_list": "AU CU AG" }, "geometry": { "type": "Point", "coordinates": [ -121.41931, 47.97202 ] } },
{ "type": "Feature", "properties": { "dep_id": "10281110", "site_name": "Sacramento", "dev_stat": "Unknown", "url": "https://mrdata.usgs.gov/mrds/show-mrds.php?dep_id=10281110", "code_list": "AU AG" }, "geometry": { "type": "Point", "coordinates": [ -121.33931, 48.01292 ] } },
{ "type": "Feature", "properties": { "dep_id": "10048592", "site_name": "Texas", "dev_stat": "Occurrence", "url": "https://mrdata.usgs.gov/mrds/show-mrds.php?dep_id=10048592", "code_list": "AU AG AS" }, "geometry": { "type": "Point", "coordinates": [ -121.43649, 47.92231 ] } },
{ "type": "Feature", "properties": { "dep_id": "10131391", "site_name": "Monroe Pit", "dev_stat": "Producer", "url": "https://mrdata.usgs.gov/mrds/show-mrds.php?dep_id=10131391", "code_list": "CLY" }, "geometry": { "type": "Point", "coordinates": [ -121.99792, 47.84481 ] } },
{ "type": "Feature", "properties": { "dep_id": "10156627", "site_name": "Gold Hill", "dev_stat": "Unknown", "url": "https://mrdata.usgs.gov/mrds/show-mrds.php?dep_id=10156627", "code_list": "PB CU ZN" }, "geometry": { "type": "Point", "coordinates": [ -121.56622, 48.25121 ] } },
{ "type": "Feature", "properties": { "dep_id": "10228514", "site_name": "Wayside", "dev_stat": "Past Producer", "url": "https://mrdata.usgs.gov/mrds/show-mrds.php?dep_id=10228514", "code_list": "CU AU PB AG V ZN" }, "geometry": { "type": "Point", "coordinates": [ -121.93563, 48.09541 ] } },
{ "type": "Feature", "properties": { "dep_id": "10036739", "site_name": "Justice Mine", "dev_stat": "Producer", "url": "https://mrdata.usgs.gov/mrds/show-mrds.php?dep_id=10036739", "code_list": "AU AG PB ZN CU AS SB" }, "geometry": { "type": "Point", "coordinates": [ -121.38038, 47.97982 ] } },
{ "type": "Feature", "properties": { "dep_id": "10131558", "site_name": "Anaconda Prospect", "dev_stat": "Unknown", "url": "https://mrdata.usgs.gov/mrds/show-mrds.php?dep_id=10131558", "code_list": "CU AU" }, "geometry": { "type": "Point", "coordinates": [ -121.70451, 47.81371 ] } },
{ "type": "Feature", "properties": { "dep_id": "10131885", "site_name": "Associated Sand and Gravel Co Inc", "dev_stat": "Producer", "url": "https://mrdata.usgs.gov/mrds/show-mrds.php?dep_id=10131885", "code_list": "LST_D" }, "geometry": { "type": "Point", "coordinates": [ -122.20123, 47.97921 ] } },
{ "type": "Feature", "properties": { "dep_id": "10179964", "site_name": "Unnamed Pit", "dev_stat": "Past Producer", "url": "https://mrdata.usgs.gov/mrds/show-mrds.php?dep_id=10179964", "code_list": "SDG" }, "geometry": { "type": "Point", "coordinates": [ -122.22013, 47.85841 ] } },
{ "type": "Feature", "properties": { "dep_id": "10228973", "site_name": "Alpha and Beta Placers", "dev_stat": "Prospect", "url": "https://mrdata.usgs.gov/mrds/show-mrds.php?dep_id=10228973", "code_list": "AU" }, "geometry": { "type": "Point", "coordinates": [ -121.56261, 48.03731 ] } },
{ "type": "Feature", "properties": { "dep_id": "10253621", "site_name": "Molly", "dev_stat": "Unknown", "url": "https://mrdata.usgs.gov/mrds/show-mrds.php?dep_id=10253621", "code_list": "U MO" }, "geometry": { "type": "Point", "coordinates": [ -121.44561, 47.88451 ] } },
{ "type": "Feature", "properties": { "dep_id": "10253630", "site_name": "Gold Bar", "dev_stat": "Occurrence", "url": "https://mrdata.usgs.gov/mrds/show-mrds.php?dep_id=10253630", "code_list": "CU AU PB AG" }, "geometry": { "type": "Point", "coordinates": [ -121.44041, 47.95731 ] } },
{ "type": "Feature", "properties": { "dep_id": "10277789", "site_name": "Peabody", "dev_stat": "Past Producer", "url": "https://mrdata.usgs.gov/mrds/show-mrds.php?dep_id=10277789", "code_list": "AU PB AG ZN" }, "geometry": { "type": "Point", "coordinates": [ -121.37811, 47.97202 ] } },
{ "type": "Feature", "properties": { "dep_id": "10301496", "site_name": "East Standard Lode Claim", "dev_stat": "Prospect", "url": "https://mrdata.usgs.gov/mrds/show-mrds.php?dep_id=10301496", "code_list": "AG CU AU" }, "geometry": { "type": "Point", "coordinates": [ -121.35431, 48.01232 ] } },
{ "type": "Feature", "properties": { "dep_id": "10048587", "site_name": "Smuggler Mine", "dev_stat": "Occurrence", "url": "https://mrdata.usgs.gov/mrds/show-mrds.php?dep_id=10048587", "code_list": "AU AG CU AS" }, "geometry": { "type": "Point", "coordinates": [ -121.40093, 47.95843 ] } },
{ "type": "Feature", "properties": { "dep_id": "10095351", "site_name": "Line A Little Placer", "dev_stat": "Occurrence", "url": "https://mrdata.usgs.gov/mrds/show-mrds.php?dep_id=10095351", "code_list": "AU" }, "geometry": { "type": "Point", "coordinates": [ -121.56677, 47.81592 ] } },
{ "type": "Feature", "properties": { "dep_id": "10179870", "site_name": "Arlington Pit", "dev_stat": "Producer", "url": "https://mrdata.usgs.gov/mrds/show-mrds.php?dep_id=10179870", "code_list": "SDG" }, "geometry": { "type": "Point", "coordinates": [ -122.13314, 48.19841 ] } },
{ "type": "Feature", "properties": { "dep_id": "10180005", "site_name": "Condor Placer", "dev_stat": "Occurrence", "url": "https://mrdata.usgs.gov/mrds/show-mrds.php?dep_id=10180005", "code_list": "AU" }, "geometry": { "type": "Point", "coordinates": [ -121.40681, 47.99652 ] } },
{ "type": "Feature", "properties": { "dep_id": "10180873", "site_name": "White Cope", "dev_stat": "Occurrence", "url": "https://mrdata.usgs.gov/mrds/show-mrds.php?dep_id=10180873", "code_list": "MG" }, "geometry": { "type": "Point", "coordinates": [ -121.54372, 48.15951 ] } },
{ "type": "Feature", "properties": { "dep_id": "10204258", "site_name": "Unnamed Pit", "dev_stat": "Past Producer", "url": "https://mrdata.usgs.gov/mrds/show-mrds.php?dep_id=10204258", "code_list": "SDG" }, "geometry": { "type": "Point", "coordinates": [ -122.22233, 47.88041 ] } },
{ "type": "Feature", "properties": { "dep_id": "10204400", "site_name": "Unnamed Pit", "dev_stat": "Past Producer", "url": "https://mrdata.usgs.gov/mrds/show-mrds.php?dep_id=10204400", "code_list": "SDG" }, "geometry": { "type": "Point", "coordinates": [ -121.98622, 47.87311 ] } },
{ "type": "Feature", "properties": { "dep_id": "10204427", "site_name": "Hope", "dev_stat": "Prospect", "url": "https://mrdata.usgs.gov/mrds/show-mrds.php?dep_id=10204427", "code_list": "AU CU" }, "geometry": { "type": "Point", "coordinates": [ -121.41651, 47.93592 ] } },
{ "type": "Feature", "properties": { "dep_id": "10228713", "site_name": "Phoenix Placer", "dev_stat": "Occurrence", "url": "https://mrdata.usgs.gov/mrds/show-mrds.php?dep_id=10228713", "code_list": "AU" }, "geometry": { "type": "Point", "coordinates": [ -121.43371, 47.88621 ] } },
{ "type": "Feature", "properties": { "dep_id": "10232492", "site_name": "Unnamed Pit", "dev_stat": "Past Producer", "url": "https://mrdata.usgs.gov/mrds/show-mrds.php?dep_id=10232492", "code_list": "SDG" }, "geometry": { "type": "Point", "coordinates": [ -122.23184, 48.03791 ] } },
{ "type": "Feature", "properties": { "dep_id": "10277041", "site_name": "Seventy-Four", "dev_stat": "Prospect", "url": "https://mrdata.usgs.gov/mrds/show-mrds.php?dep_id=10277041", "code_list": "AU CU PB AG ZN" }, "geometry": { "type": "Point", "coordinates": [ -121.38591, 47.96872 ] } },
{ "type": "Feature", "properties": { "dep_id": "10253614", "site_name": "Ranger Prospect", "dev_stat": "Prospect", "url": "https://mrdata.usgs.gov/mrds/show-mrds.php?dep_id=10253614", "code_list": "AU SB AS CU PB AG ZN" }, "geometry": { "type": "Point", "coordinates": [ -121.37201, 47.97062 ] } },
{ "type": "Feature", "properties": { "dep_id": "10277119", "site_name": "Lida", "dev_stat": "Prospect", "url": "https://mrdata.usgs.gov/mrds/show-mrds.php?dep_id=10277119", "code_list": "CU AU AG" }, "geometry": { "type": "Point", "coordinates": [ -121.41981, 47.97092 ] } },
{ "type": "Feature", "properties": { "dep_id": "10180186", "site_name": "Unnamed Pit", "dev_stat": "Past Producer", "url": "https://mrdata.usgs.gov/mrds/show-mrds.php?dep_id=10180186", "code_list": "SDG" }, "geometry": { "type": "Point", "coordinates": [ -121.99122, 47.87451 ] } },
{ "type": "Feature", "properties": { "dep_id": "10180321", "site_name": "Black Hawk Placer", "dev_stat": "Prospect", "url": "https://mrdata.usgs.gov/mrds/show-mrds.php?dep_id=10180321", "code_list": "AU" }, "geometry": { "type": "Point", "coordinates": [ -121.79982, 47.94841 ] } },
{ "type": "Feature", "properties": { "dep_id": "10277545", "site_name": "Keywinder", "dev_stat": "Unknown", "url": "https://mrdata.usgs.gov/mrds/show-mrds.php?dep_id=10277545", "code_list": "CU AU AG" }, "geometry": { "type": "Point", "coordinates": [ -121.63982, 48.22621 ] } },
{ "type": "Feature", "properties": { "dep_id": "10305367", "site_name": "Douglas Placer", "dev_stat": "Occurrence", "url": "https://mrdata.usgs.gov/mrds/show-mrds.php?dep_id=10305367", "code_list": "AU" }, "geometry": { "type": "Point", "coordinates": [ -121.43451, 47.89651 ] } },
{ "type": "Feature", "properties": { "dep_id": "10095363", "site_name": "Skrinde Prospect", "dev_stat": "Occurrence", "url": "https://mrdata.usgs.gov/mrds/show-mrds.php?dep_id=10095363", "code_list": "AU AG CU" }, "geometry": { "type": "Point", "coordinates": [ -121.43927, 47.91898 ] } },
{ "type": "Feature", "properties": { "dep_id": "10156426", "site_name": "Schley Patented Claim", "dev_stat": "Prospect", "url": "https://mrdata.usgs.gov/mrds/show-mrds.php?dep_id=10156426", "code_list": "CU" }, "geometry": { "type": "Point", "coordinates": [ -121.44561, 47.91371 ] } },
{ "type": "Feature", "properties": { "dep_id": "10156617", "site_name": "Jumbo", "dev_stat": "Unknown", "url": "https://mrdata.usgs.gov/mrds/show-mrds.php?dep_id=10156617", "code_list": "AU CU AG" }, "geometry": { "type": "Point", "coordinates": [ -121.42201, 47.97062 ] } },
{ "type": "Feature", "properties": { "dep_id": "10204868", "site_name": "Fortunate", "dev_stat": "Past Producer", "url": "https://mrdata.usgs.gov/mrds/show-mrds.php?dep_id=10204868", "code_list": "AU AG" }, "geometry": { "type": "Point", "coordinates": [ -121.39291, 47.98312 ] } },
{ "type": "Feature", "properties": { "dep_id": "10228685", "site_name": "Oliver and Birney", "dev_stat": "Prospect", "url": "https://mrdata.usgs.gov/mrds/show-mrds.php?dep_id=10228685", "code_list": "AU CU AG" }, "geometry": { "type": "Point", "coordinates": [ -121.40311, 47.98042 ] } },
{ "type": "Feature", "properties": { "dep_id": "10229143", "site_name": "Ione", "dev_stat": "Prospect", "url": "https://mrdata.usgs.gov/mrds/show-mrds.php?dep_id=10229143", "code_list": "AG CU" }, "geometry": { "type": "Point", "coordinates": [ -121.43341, 47.90421 ] } },
{ "type": "Feature", "properties": { "dep_id": "10277239", "site_name": "Eureka", "dev_stat": "Prospect", "url": "https://mrdata.usgs.gov/mrds/show-mrds.php?dep_id=10277239", "code_list": "AU CU AG ZN" }, "geometry": { "type": "Point", "coordinates": [ -121.35841, 47.98652 ] } },
{ "type": "Feature", "properties": { "dep_id": "10301898", "site_name": "Lake Chaplain", "dev_stat": "Occurrence", "url": "https://mrdata.usgs.gov/mrds/show-mrds.php?dep_id=10301898", "code_list": "STN_C" }, "geometry": { "type": "Point", "coordinates": [ -121.82982, 47.94171 ] } },
{ "type": "Feature", "properties": { "dep_id": "10301994", "site_name": "Mineral Center Mining Co., Inc.", "dev_stat": "Past Producer", "url": "https://mrdata.usgs.gov/mrds/show-mrds.php?dep_id=10301994", "code_list": "AU CU PB AG ZN" }, "geometry": { "type": "Point", "coordinates": [ -121.42541, 47.95872 ] } },
{ "type": "Feature", "properties": { "dep_id": "10009065", "site_name": "Gold Mountain", "dev_stat": "Occurrence", "url": "https://mrdata.usgs.gov/mrds/show-mrds.php?dep_id=10009065", "code_list": "CU AU AG PB ZN SB" }, "geometry": { "type": "Point", "coordinates": [ -121.559, 48.22509 ] } },
{ "type": "Feature", "properties": { "dep_id": "10103536", "site_name": "Reiter", "dev_stat": "Past Producer", "url": "https://mrdata.usgs.gov/mrds/show-mrds.php?dep_id=10103536", "code_list": "AS" }, "geometry": { "type": "Point", "coordinates": [ -121.58538, 47.85203 ] } },
{ "type": "Feature", "properties": { "dep_id": "10155600", "site_name": "Cicero", "dev_stat": "Prospect", "url": "https://mrdata.usgs.gov/mrds/show-mrds.php?dep_id=10155600", "code_list": "MN" }, "geometry": { "type": "Point", "coordinates": [ -122.04124, 48.29201 ] } },
{ "type": "Feature", "properties": { "dep_id": "10180009", "site_name": "Orient Placer", "dev_stat": "Occurrence", "url": "https://mrdata.usgs.gov/mrds/show-mrds.php?dep_id=10180009", "code_list": "AU" }, "geometry": { "type": "Point", "coordinates": [ -121.39761, 47.99812 ] } },
{ "type": "Feature", "properties": { "dep_id": "10180867", "site_name": "Helen May No 8", "dev_stat": "Unknown", "url": "https://mrdata.usgs.gov/mrds/show-mrds.php?dep_id=10180867", "code_list": "CU" }, "geometry": { "type": "Point", "coordinates": [ -121.44401, 47.94291 ] } },
{ "type": "Feature", "properties": { "dep_id": "10181060", "site_name": "Keystone Prospect", "dev_stat": "Prospect", "url": "https://mrdata.usgs.gov/mrds/show-mrds.php?dep_id=10181060", "code_list": "CU" }, "geometry": { "type": "Point", "coordinates": [ -121.42401, 47.87791 ] } },
{ "type": "Feature", "properties": { "dep_id": "10277304", "site_name": "Shakespeare", "dev_stat": "Prospect", "url": "https://mrdata.usgs.gov/mrds/show-mrds.php?dep_id=10277304", "code_list": "AU CU PB AG ZN" }, "geometry": { "type": "Point", "coordinates": [ -121.36561, 47.99152 ] } },
{ "type": "Feature", "properties": { "dep_id": "10301689", "site_name": "El Dorado", "dev_stat": "Prospect", "url": "https://mrdata.usgs.gov/mrds/show-mrds.php?dep_id=10301689", "code_list": "CU AU AG" }, "geometry": { "type": "Point", "coordinates": [ -121.34091, 48.00482 ] } },
{ "type": "Feature", "properties": { "dep_id": "10036777", "site_name": "Horseshoe Bend Placer", "dev_stat": "Past Producer", "url": "https://mrdata.usgs.gov/mrds/show-mrds.php?dep_id=10036777", "code_list": "AU" }, "geometry": { "type": "Point", "coordinates": [ -121.80955, 47.92842 ] } },
{ "type": "Feature", "properties": { "dep_id": "10036807", "site_name": "Lake Riley Prospect", "dev_stat": "Occurrence", "url": "https://mrdata.usgs.gov/mrds/show-mrds.php?dep_id=10036807", "code_list": "MN" }, "geometry": { "type": "Point", "coordinates": [ -121.94456, 48.24787 ] } },
{ "type": "Feature", "properties": { "dep_id": "10155621", "site_name": "Arlington Pit", "dev_stat": "Past Producer", "url": "https://mrdata.usgs.gov/mrds/show-mrds.php?dep_id=10155621", "code_list": "SDG" }, "geometry": { "type": "Point", "coordinates": [ -122.14564, 48.22061 ] } },
{ "type": "Feature", "properties": { "dep_id": "10156253", "site_name": "Clayburn Pit", "dev_stat": "Producer", "url": "https://mrdata.usgs.gov/mrds/show-mrds.php?dep_id=10156253", "code_list": "CLY" }, "geometry": { "type": "Point", "coordinates": [ -122.13063, 48.01291 ] } },
{ "type": "Feature", "properties": { "dep_id": "10156317", "site_name": "Gunn Peak Prospect", "dev_stat": "Prospect", "url": "https://mrdata.usgs.gov/mrds/show-mrds.php?dep_id=10156317", "code_list": "CU AU AG" }, "geometry": { "type": "Point", "coordinates": [ -121.49091, 47.82591 ] } },
{ "type": "Feature", "properties": { "dep_id": "10180333", "site_name": "Arlington Pit", "dev_stat": "Past Producer", "url": "https://mrdata.usgs.gov/mrds/show-mrds.php?dep_id=10180333", "code_list": "SDG" }, "geometry": { "type": "Point", "coordinates": [ -122.12484, 48.21091 ] } },
{ "type": "Feature", "properties": { "dep_id": "10228642", "site_name": "Forty-Five.Or Lydia Pinkham Mine", "dev_stat": "Past Producer", "url": "https://mrdata.usgs.gov/mrds/show-mrds.php?dep_id=10228642", "code_list": "CU AU PB AG ZN" }, "geometry": { "type": "Point", "coordinates": [ -121.56121, 48.05901 ] } },
{ "type": "Feature", "properties": { "dep_id": "10228728", "site_name": "Cleveland Mine", "dev_stat": "Prospect", "url": "https://mrdata.usgs.gov/mrds/show-mrds.php?dep_id=10228728", "code_list": "CU AU PB AG" }, "geometry": { "type": "Point", "coordinates": [ -121.55682, 48.07061 ] } },
{ "type": "Feature", "properties": { "dep_id": "10277439", "site_name": "Granite Falls Pit", "dev_stat": "Past Producer", "url": "https://mrdata.usgs.gov/mrds/show-mrds.php?dep_id=10277439", "code_list": "SDG" }, "geometry": { "type": "Point", "coordinates": [ -121.98593, 48.08311 ] } },
{ "type": "Feature", "properties": { "dep_id": "10277482", "site_name": "Cavanaugh Lake", "dev_stat": "Occurrence", "url": "https://mrdata.usgs.gov/mrds/show-mrds.php?dep_id=10277482", "code_list": "NI" }, "geometry": { "type": "Point", "coordinates": [ -121.95543, 48.30401 ] } },
{ "type": "Feature", "properties": { "dep_id": "10301578", "site_name": "O & B Mine", "dev_stat": "Past Producer", "url": "https://mrdata.usgs.gov/mrds/show-mrds.php?dep_id=10301578", "code_list": "CU AU AG" }, "geometry": { "type": "Point", "coordinates": [ -121.40371, 47.98402 ] } },
{ "type": "Feature", "properties": { "dep_id": "10301750", "site_name": "Valalta Pit", "dev_stat": "Past Producer", "url": "https://mrdata.usgs.gov/mrds/show-mrds.php?dep_id=10301750", "code_list": "SDG" }, "geometry": { "type": "Point", "coordinates": [ -122.02683, 48.00421 ] } },
{ "type": "Feature", "properties": { "dep_id": "10131444", "site_name": "Black Hawk", "dev_stat": "Unknown", "url": "https://mrdata.usgs.gov/mrds/show-mrds.php?dep_id=10131444", "code_list": "AU CU" }, "geometry": { "type": "Point", "coordinates": [ -121.44701, 47.86231 ] } },
{ "type": "Feature", "properties": { "dep_id": "10131479", "site_name": "Getchell Pit", "dev_stat": "Past Producer", "url": "https://mrdata.usgs.gov/mrds/show-mrds.php?dep_id=10131479", "code_list": "SDG" }, "geometry": { "type": "Point", "coordinates": [ -122.01903, 48.07261 ] } },
{ "type": "Feature", "properties": { "dep_id": "10131494", "site_name": "Smith-Way", "dev_stat": "Prospect", "url": "https://mrdata.usgs.gov/mrds/show-mrds.php?dep_id=10131494", "code_list": "CU" }, "geometry": { "type": "Point", "coordinates": [ -121.42481, 47.90541 ] } },
{ "type": "Feature", "properties": { "dep_id": "10131773", "site_name": "Unnamed Pit", "dev_stat": "Past Producer", "url": "https://mrdata.usgs.gov/mrds/show-mrds.php?dep_id=10131773", "code_list": "SDG" }, "geometry": { "type": "Point", "coordinates": [ -122.01433, 48.10171 ] } },
{ "type": "Feature", "properties": { "dep_id": "10155868", "site_name": "Ernest Miller Prospect", "dev_stat": "Occurrence", "url": "https://mrdata.usgs.gov/mrds/show-mrds.php?dep_id=10155868", "code_list": "CR NI" }, "geometry": { "type": "Point", "coordinates": [ -121.92873, 48.33481 ] } },
{ "type": "Feature", "properties": { "dep_id": "10156865", "site_name": "Goat Haven", "dev_stat": "Occurrence", "url": "https://mrdata.usgs.gov/mrds/show-mrds.php?dep_id=10156865", "code_list": "CU MO" }, "geometry": { "type": "Point", "coordinates": [ -121.47841, 47.97261 ] } },
{ "type": "Feature", "properties": { "dep_id": "10156961", "site_name": "Junction Nos 1 To 3 Placer", "dev_stat": "Occurrence", "url": "https://mrdata.usgs.gov/mrds/show-mrds.php?dep_id=10156961", "code_list": "AU" }, "geometry": { "type": "Point", "coordinates": [ -121.38151, 47.98372 ] } },
{ "type": "Feature", "properties": { "dep_id": "10179831", "site_name": "Gold Mountain", "dev_stat": "Prospect", "url": "https://mrdata.usgs.gov/mrds/show-mrds.php?dep_id=10179831", "code_list": "CU AU AG" }, "geometry": { "type": "Point", "coordinates": [ -121.56902, 48.22201 ] } },
{ "type": "Feature", "properties": { "dep_id": "10180182", "site_name": "Unnamed Pit", "dev_stat": "Past Producer", "url": "https://mrdata.usgs.gov/mrds/show-mrds.php?dep_id=10180182", "code_list": "SDG" }, "geometry": { "type": "Point", "coordinates": [ -122.14623, 47.79981 ] } },
{ "type": "Feature", "properties": { "dep_id": "10204642", "site_name": "Ben Butler", "dev_stat": "Prospect", "url": "https://mrdata.usgs.gov/mrds/show-mrds.php?dep_id=10204642", "code_list": "AU" }, "geometry": { "type": "Point", "coordinates": [ -121.43681, 47.94731 ] } },
{ "type": "Feature", "properties": { "dep_id": "10228836", "site_name": "Snohomish Pit", "dev_stat": "Past Producer", "url": "https://mrdata.usgs.gov/mrds/show-mrds.php?dep_id=10228836", "code_list": "SDG" }, "geometry": { "type": "Point", "coordinates": [ -122.08733, 47.92761 ] } },
{ "type": "Feature", "properties": { "dep_id": "10253309", "site_name": "Unnamed Pit", "dev_stat": "Past Producer", "url": "https://mrdata.usgs.gov/mrds/show-mrds.php?dep_id=10253309", "code_list": "SDG" }, "geometry": { "type": "Point", "coordinates": [ -122.23093, 47.94341 ] } },
{ "type": "Feature", "properties": { "dep_id": "10253939", "site_name": "Jasper", "dev_stat": "Prospect", "url": "https://mrdata.usgs.gov/mrds/show-mrds.php?dep_id=10253939", "code_list": "PB AG" }, "geometry": { "type": "Point", "coordinates": [ -121.34151, 47.96372 ] } },
{ "type": "Feature", "properties": { "dep_id": "10277801", "site_name": "Granite Mountain", "dev_stat": "Occurrence", "url": "https://mrdata.usgs.gov/mrds/show-mrds.php?dep_id=10277801", "code_list": "CU AU" }, "geometry": { "type": "Point", "coordinates": [ -121.56931, 48.05201 ] } },
{ "type": "Feature", "properties": { "dep_id": "10036729", "site_name": "Cornucopia Prospect", "dev_stat": "Occurrence", "url": "https://mrdata.usgs.gov/mrds/show-mrds.php?dep_id=10036729", "code_list": "AU AG PB" }, "geometry": { "type": "Point", "coordinates": [ -121.55038, 48.04314 ] } },
{ "type": "Feature", "properties": { "dep_id": "10036731", "site_name": "Union Prospect", "dev_stat": "Occurrence", "url": "https://mrdata.usgs.gov/mrds/show-mrds.php?dep_id=10036731", "code_list": "AU AG AS" }, "geometry": { "type": "Point", "coordinates": [ -121.34121, 48.01426 ] } },
{ "type": "Feature", "properties": { "dep_id": "10048569", "site_name": "Tuscola", "dev_stat": "Occurrence", "url": "https://mrdata.usgs.gov/mrds/show-mrds.php?dep_id=10048569", "code_list": "AU AG PB ZN CU AS SB" }, "geometry": { "type": "Point", "coordinates": [ -121.36454, 47.98621 ] } },
{ "type": "Feature", "properties": { "dep_id": "10180870", "site_name": "Jenny D", "dev_stat": "Prospect", "url": "https://mrdata.usgs.gov/mrds/show-mrds.php?dep_id=10180870", "code_list": "AU AG" }, "geometry": { "type": "Point", "coordinates": [ -121.39341, 47.96922 ] } },
{ "type": "Feature", "properties": { "dep_id": "10204960", "site_name": "Hoodoo Mine", "dev_stat": "Prospect", "url": "https://mrdata.usgs.gov/mrds/show-mrds.php?dep_id=10204960", "code_list": "CU AU AG" }, "geometry": { "type": "Point", "coordinates": [ -121.54561, 48.06921 ] } },
{ "type": "Feature", "properties": { "dep_id": "10256852", "site_name": "Pilchuck River Pit", "dev_stat": "Past Producer", "url": "https://mrdata.usgs.gov/mrds/show-mrds.php?dep_id=10256852", "code_list": "SDG" }, "geometry": { "type": "Point", "coordinates": [ -122.06873, 47.93731 ] } },
{ "type": "Feature", "properties": { "dep_id": "10036701", "site_name": "Bonanza Queen Mine", "dev_stat": "Past Producer", "url": "https://mrdata.usgs.gov/mrds/show-mrds.php?dep_id=10036701", "code_list": "AU AG CU TE AS FE" }, "geometry": { "type": "Point", "coordinates": [ -121.56455, 48.09898 ] } },
{ "type": "Feature", "properties": { "dep_id": "10155471", "site_name": "Sultan Basin", "dev_stat": "Occurrence", "url": "https://mrdata.usgs.gov/mrds/show-mrds.php?dep_id=10155471", "code_list": "ASB" }, "geometry": { "type": "Point", "coordinates": [ -121.50541, 47.97121 ] } },
{ "type": "Feature", "properties": { "dep_id": "10156096", "site_name": "Shumway", "dev_stat": "Past Producer", "url": "https://mrdata.usgs.gov/mrds/show-mrds.php?dep_id=10156096", "code_list": "STN_C" }, "geometry": { "type": "Point", "coordinates": [ -121.91563, 48.10311 ] } },
{ "type": "Feature", "properties": { "dep_id": "10179835", "site_name": "Covered Wagon", "dev_stat": "Past Producer", "url": "https://mrdata.usgs.gov/mrds/show-mrds.php?dep_id=10179835", "code_list": "CU AU" }, "geometry": { "type": "Point", "coordinates": [ -121.44011, 47.91791 ] } },
{ "type": "Feature", "properties": { "dep_id": "10180375", "site_name": "Unnamed Pit", "dev_stat": "Past Producer", "url": "https://mrdata.usgs.gov/mrds/show-mrds.php?dep_id=10180375", "code_list": "SDG" }, "geometry": { "type": "Point", "coordinates": [ -122.23733, 47.76921 ] } },
{ "type": "Feature", "properties": { "dep_id": "10253327", "site_name": "Unnamed Pit", "dev_stat": "Past Producer", "url": "https://mrdata.usgs.gov/mrds/show-mrds.php?dep_id=10253327", "code_list": "SDG" }, "geometry": { "type": "Point", "coordinates": [ -122.25063, 47.81871 ] } },
{ "type": "Feature", "properties": { "dep_id": "10301662", "site_name": "Great Northern", "dev_stat": "Prospect", "url": "https://mrdata.usgs.gov/mrds/show-mrds.php?dep_id=10301662", "code_list": "AU CU AG" }, "geometry": { "type": "Point", "coordinates": [ -121.75042, 47.96091 ] } },
{ "type": "Feature", "properties": { "dep_id": "10036719", "site_name": "El Dorado Prospect", "dev_stat": "Occurrence", "url": "https://mrdata.usgs.gov/mrds/show-mrds.php?dep_id=10036719", "code_list": "AU AG CU" }, "geometry": { "type": "Point", "coordinates": [ -121.34371, 48.00399 ] } },
{ "type": "Feature", "properties": { "dep_id": "10036806", "site_name": "Golden Eagle Prospect", "dev_stat": "Occurrence", "url": "https://mrdata.usgs.gov/mrds/show-mrds.php?dep_id=10036806", "code_list": "MO AU AG W CU" }, "geometry": { "type": "Point", "coordinates": [ -121.58288, 47.92509 ] } },
{ "type": "Feature", "properties": { "dep_id": "10036938", "site_name": "Imperial Prospect", "dev_stat": "Occurrence", "url": "https://mrdata.usgs.gov/mrds/show-mrds.php?dep_id=10036938", "code_list": "CU AG AU PB" }, "geometry": { "type": "Point", "coordinates": [ -121.5401, 48.0787 ] } },
{ "type": "Feature", "properties": { "dep_id": "10048564", "site_name": "Daisy Mine", "dev_stat": "Occurrence", "url": "https://mrdata.usgs.gov/mrds/show-mrds.php?dep_id=10048564", "code_list": "AU AG CU PB ZN AS SB" }, "geometry": { "type": "Point", "coordinates": [ -121.4051, 47.92426 ] } },
{ "type": "Feature", "properties": { "dep_id": "10048581", "site_name": "Bonita", "dev_stat": "Occurrence", "url": "https://mrdata.usgs.gov/mrds/show-mrds.php?dep_id=10048581", "code_list": "AU AG AS" }, "geometry": { "type": "Point", "coordinates": [ -121.41371, 47.97093 ] } },
{ "type": "Feature", "properties": { "dep_id": "10229063", "site_name": "Unnamed Pit", "dev_stat": "Past Producer", "url": "https://mrdata.usgs.gov/mrds/show-mrds.php?dep_id=10229063", "code_list": "SDG" }, "geometry": { "type": "Point", "coordinates": [ -121.91512, 47.84151 ] } },
{ "type": "Feature", "properties": { "dep_id": "10048562", "site_name": "New York-Seattle Mine", "dev_stat": "Past Producer", "url": "https://mrdata.usgs.gov/mrds/show-mrds.php?dep_id=10048562", "code_list": "CU AU AG AS ZN" }, "geometry": { "type": "Point", "coordinates": [ -121.43093, 47.9487 ] } },
{ "type": "Feature", "properties": { "dep_id": "10048590", "site_name": "High Level", "dev_stat": "Occurrence", "url": "https://mrdata.usgs.gov/mrds/show-mrds.php?dep_id=10048590", "code_list": "AU AG CU" }, "geometry": { "type": "Point", "coordinates": [ -121.4176, 47.93732 ] } },
{ "type": "Feature", "properties": { "dep_id": "10156446", "site_name": "Darrington Placer", "dev_stat": "Occurrence", "url": "https://mrdata.usgs.gov/mrds/show-mrds.php?dep_id=10156446", "code_list": "AU" }, "geometry": { "type": "Point", "coordinates": [ -121.61932, 48.25311 ] } },
{ "type": "Feature", "properties": { "dep_id": "10156861", "site_name": "Haun Prospect", "dev_stat": "Occurrence", "url": "https://mrdata.usgs.gov/mrds/show-mrds.php?dep_id=10156861", "code_list": "BA" }, "geometry": { "type": "Point", "coordinates": [ -122.00543, 48.13121 ] } },
{ "type": "Feature", "properties": { "dep_id": "10180032", "site_name": "Ajax", "dev_stat": "Prospect", "url": "https://mrdata.usgs.gov/mrds/show-mrds.php?dep_id=10180032", "code_list": "AU AG" }, "geometry": { "type": "Point", "coordinates": [ -121.40291, 47.95422 ] } },
{ "type": "Feature", "properties": { "dep_id": "10180209", "site_name": "Unnamed Pit", "dev_stat": "Past Producer", "url": "https://mrdata.usgs.gov/mrds/show-mrds.php?dep_id=10180209", "code_list": "SDG" }, "geometry": { "type": "Point", "coordinates": [ -122.11843, 47.76311 ] } },
{ "type": "Feature", "properties": { "dep_id": "10204537", "site_name": "Buckeye", "dev_stat": "Prospect", "url": "https://mrdata.usgs.gov/mrds/show-mrds.php?dep_id=10204537", "code_list": "AG" }, "geometry": { "type": "Point", "coordinates": [ -121.66952, 48.22951 ] } },
{ "type": "Feature", "properties": { "dep_id": "10036755", "site_name": "Annie Laurie and Ethel Prospect", "dev_stat": "Occurrence", "url": "https://mrdata.usgs.gov/mrds/show-mrds.php?dep_id=10036755", "code_list": "AU AS" }, "geometry": { "type": "Point", "coordinates": [ -121.38621, 47.97871 ] } },
{ "type": "Feature", "properties": { "dep_id": "10048561", "site_name": "Congress", "dev_stat": "Occurrence", "url": "https://mrdata.usgs.gov/mrds/show-mrds.php?dep_id=10048561", "code_list": "AU AG CU PB ZN AS SB" }, "geometry": { "type": "Point", "coordinates": [ -121.38538, 47.96676 ] } },
{ "type": "Feature", "properties": { "dep_id": "10048578", "site_name": "Mountain Maid", "dev_stat": "Occurrence", "url": "https://mrdata.usgs.gov/mrds/show-mrds.php?dep_id=10048578", "code_list": "AU AG CU PB ZN AS" }, "geometry": { "type": "Point", "coordinates": [ -121.38677, 47.97371 ] } },
{ "type": "Feature", "properties": { "dep_id": "10095354", "site_name": "Copper Lake Prospect", "dev_stat": "Occurrence", "url": "https://mrdata.usgs.gov/mrds/show-mrds.php?dep_id=10095354", "code_list": "MO" }, "geometry": { "type": "Point", "coordinates": [ -121.53177, 48.03148 ] } },
{ "type": "Feature", "properties": { "dep_id": "10131585", "site_name": "Horseshoe and Treasure", "dev_stat": "Prospect", "url": "https://mrdata.usgs.gov/mrds/show-mrds.php?dep_id=10131585", "code_list": "AU CU" }, "geometry": { "type": "Point", "coordinates": [ -121.46121, 47.95921 ] } },
{ "type": "Feature", "properties": { "dep_id": "10131674", "site_name": "Black Chuck Pit Site", "dev_stat": "Unknown", "url": "https://mrdata.usgs.gov/mrds/show-mrds.php?dep_id=10131674", "code_list": "STN_D" }, "geometry": { "type": "Point", "coordinates": [ -121.60792, 48.25341 ] } },
{ "type": "Feature", "properties": { "dep_id": "10254065", "site_name": "Imperial", "dev_stat": "Prospect", "url": "https://mrdata.usgs.gov/mrds/show-mrds.php?dep_id=10254065", "code_list": "CU AU PB AG" }, "geometry": { "type": "Point", "coordinates": [ -121.55121, 48.07371 ] } },
{ "type": "Feature", "properties": { "dep_id": "10301645", "site_name": "Bonanza Queen", "dev_stat": "Past Producer", "url": "https://mrdata.usgs.gov/mrds/show-mrds.php?dep_id=10301645", "code_list": "CU AS AU AG TE" }, "geometry": { "type": "Point", "coordinates": [ -121.56482, 48.09901 ] } },
{ "type": "Feature", "properties": { "dep_id": "10036765", "site_name": "Nemo Prospect", "dev_stat": "Occurrence", "url": "https://mrdata.usgs.gov/mrds/show-mrds.php?dep_id=10036765", "code_list": "AU AG CU AS" }, "geometry": { "type": "Point", "coordinates": [ -121.55733, 48.08981 ] } },
{ "type": "Feature", "properties": { "dep_id": "10036772", "site_name": "Alpha and Beta Placers", "dev_stat": "Occurrence", "url": "https://mrdata.usgs.gov/mrds/show-mrds.php?dep_id=10036772", "code_list": "AU" }, "geometry": { "type": "Point", "coordinates": [ -121.5626, 48.0412 ] } },
{ "type": "Feature", "properties": { "dep_id": "10036832", "site_name": "Jerry Chatman Mine", "dev_stat": "Occurrence", "url": "https://mrdata.usgs.gov/mrds/show-mrds.php?dep_id=10036832", "code_list": "CU W" }, "geometry": { "type": "Point", "coordinates": [ -121.50288, 47.9787 ] } },
{ "type": "Feature", "properties": { "dep_id": "10179912", "site_name": "Granite Falls", "dev_stat": "Past Producer", "url": "https://mrdata.usgs.gov/mrds/show-mrds.php?dep_id=10179912", "code_list": "STN_C" }, "geometry": { "type": "Point", "coordinates": [ -121.87733, 48.08981 ] } },
{ "type": "Feature", "properties": { "dep_id": "10204555", "site_name": "Index-Independent", "dev_stat": "Past Producer", "url": "https://mrdata.usgs.gov/mrds/show-mrds.php?dep_id=10204555", "code_list": "CU AU AG" }, "geometry": { "type": "Point", "coordinates": [ -121.58201, 47.79261 ] } },
{ "type": "Feature", "properties": { "dep_id": "10228692", "site_name": "Roosevelt Pit", "dev_stat": "Past Producer", "url": "https://mrdata.usgs.gov/mrds/show-mrds.php?dep_id=10228692", "code_list": "SDG" }, "geometry": { "type": "Point", "coordinates": [ -122.13653, 47.88151 ] } },
{ "type": "Feature", "properties": { "dep_id": "10229094", "site_name": "Shirley Placer", "dev_stat": "Past Producer", "url": "https://mrdata.usgs.gov/mrds/show-mrds.php?dep_id=10229094", "code_list": "AU" }, "geometry": { "type": "Point", "coordinates": [ -121.43871, 47.89291 ] } },
{ "type": "Feature", "properties": { "dep_id": "10277453", "site_name": "Comet Mine", "dev_stat": "Past Producer", "url": "https://mrdata.usgs.gov/mrds/show-mrds.php?dep_id=10277453", "code_list": "AU AS PB AG ZN" }, "geometry": { "type": "Point", "coordinates": [ -121.37201, 47.97482 ] } },
{ "type": "Feature", "properties": { "dep_id": "10036824", "site_name": "Lost Creek Prospect", "dev_stat": "Occurrence", "url": "https://mrdata.usgs.gov/mrds/show-mrds.php?dep_id=10036824", "code_list": "CU AU AG" }, "geometry": { "type": "Point", "coordinates": [ -121.43704, 47.86592 ] } },
{ "type": "Feature", "properties": { "dep_id": "10036933", "site_name": "Helena Prospect", "dev_stat": "Occurrence", "url": "https://mrdata.usgs.gov/mrds/show-mrds.php?dep_id=10036933", "code_list": "CU" }, "geometry": { "type": "Point", "coordinates": [ -121.53677, 47.83203 ] } },
{ "type": "Feature", "properties": { "dep_id": "10036940", "site_name": "Manley Prospect", "dev_stat": "Occurrence", "url": "https://mrdata.usgs.gov/mrds/show-mrds.php?dep_id=10036940", "code_list": "AU CU" }, "geometry": { "type": "Point", "coordinates": [ -121.63344, 48.22953 ] } },
{ "type": "Feature", "properties": { "dep_id": "10131738", "site_name": "Pilchuck River Pit", "dev_stat": "Past Producer", "url": "https://mrdata.usgs.gov/mrds/show-mrds.php?dep_id=10131738", "code_list": "SDG" }, "geometry": { "type": "Point", "coordinates": [ -122.06373, 47.96561 ] } },
{ "type": "Feature", "properties": { "dep_id": "10143353", "site_name": "Iron Mask", "dev_stat": "Prospect", "url": "https://mrdata.usgs.gov/mrds/show-mrds.php?dep_id=10143353", "code_list": "AG PB ZN" }, "geometry": { "type": "Point", "coordinates": [ -121.37201, 47.96402 ] } },
{ "type": "Feature", "properties": { "dep_id": "10155776", "site_name": "Unnamed Pit", "dev_stat": "Past Producer", "url": "https://mrdata.usgs.gov/mrds/show-mrds.php?dep_id=10155776", "code_list": "SDG" }, "geometry": { "type": "Point", "coordinates": [ -121.99402, 47.89061 ] } },
{ "type": "Feature", "properties": { "dep_id": "10156650", "site_name": "Yankee Boy", "dev_stat": "Prospect", "url": "https://mrdata.usgs.gov/mrds/show-mrds.php?dep_id=10156650", "code_list": "CU AU PB ZN" }, "geometry": { "type": "Point", "coordinates": [ -121.95153, 48.09121 ] } },
{ "type": "Feature", "properties": { "dep_id": "10180603", "site_name": "Lincoln Mine", "dev_stat": "Prospect", "url": "https://mrdata.usgs.gov/mrds/show-mrds.php?dep_id=10180603", "code_list": "AU CU PB AG" }, "geometry": { "type": "Point", "coordinates": [ -121.38701, 47.97952 ] } },
{ "type": "Feature", "properties": { "dep_id": "10228519", "site_name": "Three Star", "dev_stat": "Prospect", "url": "https://mrdata.usgs.gov/mrds/show-mrds.php?dep_id=10228519", "code_list": "AU" }, "geometry": { "type": "Point", "coordinates": [ -121.36061, 48.02732 ] } },
{ "type": "Feature", "properties": { "dep_id": "10228825", "site_name": "Sultan River", "dev_stat": "Occurrence", "url": "https://mrdata.usgs.gov/mrds/show-mrds.php?dep_id=10228825", "code_list": "STN_C" }, "geometry": { "type": "Point", "coordinates": [ -121.80982, 47.92791 ] } },
{ "type": "Feature", "properties": { "dep_id": "10036714", "site_name": "Courtney Mine", "dev_stat": "Occurrence", "url": "https://mrdata.usgs.gov/mrds/show-mrds.php?dep_id=10036714", "code_list": "AU AG CU PB" }, "geometry": { "type": "Point", "coordinates": [ -121.639, 48.22731 ] } },
{ "type": "Feature", "properties": { "dep_id": "10131807", "site_name": "Garland Mineral Springs", "dev_stat": "Producer", "url": "https://mrdata.usgs.gov/mrds/show-mrds.php?dep_id=10131807", "code_list": "GEO" }, "geometry": { "type": "Point", "coordinates": [ -121.3431, 47.88902 ] } },
{ "type": "Feature", "properties": { "dep_id": "10156146", "site_name": "Snohomish", "dev_stat": "Past Producer", "url": "https://mrdata.usgs.gov/mrds/show-mrds.php?dep_id=10156146", "code_list": "CLY" }, "geometry": { "type": "Point", "coordinates": [ -122.10233, 47.92201 ] } },
{ "type": "Feature", "properties": { "dep_id": "10228362", "site_name": "Unnamed Pit", "dev_stat": "Past Producer", "url": "https://mrdata.usgs.gov/mrds/show-mrds.php?dep_id=10228362", "code_list": "SDG" }, "geometry": { "type": "Point", "coordinates": [ -121.90812, 47.88341 ] } },
{ "type": "Feature", "properties": { "dep_id": "10277456", "site_name": "Ellis Quarry", "dev_stat": "Past Producer", "url": "https://mrdata.usgs.gov/mrds/show-mrds.php?dep_id=10277456", "code_list": "GRT" }, "geometry": { "type": "Point", "coordinates": [ -121.54431, 47.81791 ] } },
{ "type": "Feature", "properties": { "dep_id": "10036751", "site_name": "Bluebell Prospect", "dev_stat": "Occurrence", "url": "https://mrdata.usgs.gov/mrds/show-mrds.php?dep_id=10036751", "code_list": "AU AG PB CU" }, "geometry": { "type": "Point", "coordinates": [ -121.43649, 47.94953 ] } },
{ "type": "Feature", "properties": { "dep_id": "10036812", "site_name": "Bald Mountain Prospect", "dev_stat": "Occurrence", "url": "https://mrdata.usgs.gov/mrds/show-mrds.php?dep_id=10036812", "code_list": "AU AG CU PB" }, "geometry": { "type": "Point", "coordinates": [ -121.58733, 48.11148 ] } },
{ "type": "Feature", "properties": { "dep_id": "10056105", "site_name": "Iowa", "dev_stat": "Occurrence", "url": "https://mrdata.usgs.gov/mrds/show-mrds.php?dep_id=10056105", "code_list": "CU AU AG" }, "geometry": { "type": "Point", "coordinates": [ -121.4976, 47.97731 ] } },
{ "type": "Feature", "properties": { "dep_id": "10095349", "site_name": "Whistler Prospect", "dev_stat": "Occurrence", "url": "https://mrdata.usgs.gov/mrds/show-mrds.php?dep_id=10095349", "code_list": "PB CU AG AU ZN AS SB" }, "geometry": { "type": "Point", "coordinates": [ -121.35843, 47.98926 ] } },
{ "type": "Feature", "properties": { "dep_id": "10131837", "site_name": "Mineral Mountain", "dev_stat": "Occurrence", "url": "https://mrdata.usgs.gov/mrds/show-mrds.php?dep_id=10131837", "code_list": "AS" }, "geometry": { "type": "Point", "coordinates": [ -121.44731, 47.96151 ] } },
{ "type": "Feature", "properties": { "dep_id": "10155721", "site_name": "Mackinaw Metals Mine", "dev_stat": "Past Producer", "url": "https://mrdata.usgs.gov/mrds/show-mrds.php?dep_id=10155721", "code_list": "CU CO AU NI AG U" }, "geometry": { "type": "Point", "coordinates": [ -121.44311, 47.98121 ] } },
{ "type": "Feature", "properties": { "dep_id": "10156063", "site_name": "Unnamed Pit", "dev_stat": "Past Producer", "url": "https://mrdata.usgs.gov/mrds/show-mrds.php?dep_id=10156063", "code_list": "SDG" }, "geometry": { "type": "Point", "coordinates": [ -122.15684, 48.17201 ] } },
{ "type": "Feature", "properties": { "dep_id": "10156259", "site_name": "Eureka", "dev_stat": "Prospect", "url": "https://mrdata.usgs.gov/mrds/show-mrds.php?dep_id=10156259", "code_list": "CU AU PB AG" }, "geometry": { "type": "Point", "coordinates": [ -121.47841, 48.08201 ] } },
{ "type": "Feature", "properties": { "dep_id": "10204547", "site_name": "Blue Rock", "dev_stat": "Prospect", "url": "https://mrdata.usgs.gov/mrds/show-mrds.php?dep_id=10204547", "code_list": "CU AU AG" }, "geometry": { "type": "Point", "coordinates": [ -121.35121, 48.01652 ] } },
{ "type": "Feature", "properties": { "dep_id": "10253408", "site_name": "Hartford Pit", "dev_stat": "Past Producer", "url": "https://mrdata.usgs.gov/mrds/show-mrds.php?dep_id=10253408", "code_list": "SDG" }, "geometry": { "type": "Point", "coordinates": [ -122.05263, 48.03511 ] } },
{ "type": "Feature", "properties": { "dep_id": "10277056", "site_name": "Bitter Creek Mine", "dev_stat": "Prospect", "url": "https://mrdata.usgs.gov/mrds/show-mrds.php?dep_id=10277056", "code_list": "CU" }, "geometry": { "type": "Point", "coordinates": [ -121.47761, 47.84041 ] } },
{ "type": "Feature", "properties": { "dep_id": "10277721", "site_name": "Jamboree", "dev_stat": "Prospect", "url": "https://mrdata.usgs.gov/mrds/show-mrds.php?dep_id=10277721", "code_list": "CU AU" }, "geometry": { "type": "Point", "coordinates": [ -121.44541, 47.92761 ] } },
{ "type": "Feature", "properties": { "dep_id": "10180094", "site_name": "Nesta", "dev_stat": "Prospect", "url": "https://mrdata.usgs.gov/mrds/show-mrds.php?dep_id=10180094", "code_list": "CU AU MO AG ZN" }, "geometry": { "type": "Point", "coordinates": [ -121.63152, 48.21761 ] } },
{ "type": "Feature", "properties": { "dep_id": "10254070", "site_name": "Pride of the Mountains", "dev_stat": "Past Producer", "url": "https://mrdata.usgs.gov/mrds/show-mrds.php?dep_id=10254070", "code_list": "AU CU PB AG ZN" }, "geometry": { "type": "Point", "coordinates": [ -121.35791, 47.98062 ] } },
{ "type": "Feature", "properties": { "dep_id": "10277266", "site_name": "Rustler", "dev_stat": "Prospect", "url": "https://mrdata.usgs.gov/mrds/show-mrds.php?dep_id=10277266", "code_list": "CU PB MO ZN" }, "geometry": { "type": "Point", "coordinates": [ -121.48591, 48.01371 ] } },
{ "type": "Feature", "properties": { "dep_id": "10277408", "site_name": "Unnamed Pit", "dev_stat": "Past Producer", "url": "https://mrdata.usgs.gov/mrds/show-mrds.php?dep_id=10277408", "code_list": "SDG" }, "geometry": { "type": "Point", "coordinates": [ -122.14294, 48.20901 ] } },
{ "type": "Feature", "properties": { "dep_id": "10277463", "site_name": "Canyon Creek Pit", "dev_stat": "Past Producer", "url": "https://mrdata.usgs.gov/mrds/show-mrds.php?dep_id=10277463", "code_list": "SDG" }, "geometry": { "type": "Point", "coordinates": [ -121.89153, 48.11731 ] } },
{ "type": "Feature", "properties": { "dep_id": "10036817", "site_name": "Mountain Cedar Prospect", "dev_stat": "Occurrence", "url": "https://mrdata.usgs.gov/mrds/show-mrds.php?dep_id=10036817", "code_list": "CU AU AG ZN CR NI" }, "geometry": { "type": "Point", "coordinates": [ -121.54954, 48.0012 ] } },
{ "type": "Feature", "properties": { "dep_id": "10131663", "site_name": "Whitehorse Mare", "dev_stat": "Unknown", "url": "https://mrdata.usgs.gov/mrds/show-mrds.php?dep_id=10131663", "code_list": "CA" }, "geometry": { "type": "Point", "coordinates": [ -121.75263, 48.26261 ] } },
{ "type": "Feature", "properties": { "dep_id": "10253484", "site_name": "Everett", "dev_stat": "Prospect", "url": "https://mrdata.usgs.gov/mrds/show-mrds.php?dep_id=10253484", "code_list": "CU AU AG" }, "geometry": { "type": "Point", "coordinates": [ -121.54401, 48.07621 ] } },
{ "type": "Feature", "properties": { "dep_id": "10253538", "site_name": "Seacrest", "dev_stat": "Prospect", "url": "https://mrdata.usgs.gov/mrds/show-mrds.php?dep_id=10253538", "code_list": "CU CR NI" }, "geometry": { "type": "Point", "coordinates": [ -121.41681, 47.95342 ] } },
{ "type": "Feature", "properties": { "dep_id": "10036774", "site_name": "Double Eagled Placer", "dev_stat": "Occurrence", "url": "https://mrdata.usgs.gov/mrds/show-mrds.php?dep_id=10036774", "code_list": "AU" }, "geometry": { "type": "Point", "coordinates": [ -121.53622, 48.09898 ] } },
{ "type": "Feature", "properties": { "dep_id": "10036796", "site_name": "Milwaukee Prospect", "dev_stat": "Occurrence", "url": "https://mrdata.usgs.gov/mrds/show-mrds.php?dep_id=10036796", "code_list": "ZN PB AU AG CU AS" }, "geometry": { "type": "Point", "coordinates": [ -121.54177, 48.04287 ] } },
{ "type": "Feature", "properties": { "dep_id": "10048632", "site_name": "Florence Rae", "dev_stat": "Past Producer", "url": "https://mrdata.usgs.gov/mrds/show-mrds.php?dep_id=10048632", "code_list": "AU AG CU ZN NI PB W CR" }, "geometry": { "type": "Point", "coordinates": [ -121.49315, 47.97092 ] } },
{ "type": "Feature", "properties": { "dep_id": "10131553", "site_name": "Jones Placer", "dev_stat": "Occurrence", "url": "https://mrdata.usgs.gov/mrds/show-mrds.php?dep_id=10131553", "code_list": "AU" }, "geometry": { "type": "Point", "coordinates": [ -121.40311, 48.00062 ] } },
{ "type": "Feature", "properties": { "dep_id": "10204361", "site_name": "Calumet Mine", "dev_stat": "Prospect", "url": "https://mrdata.usgs.gov/mrds/show-mrds.php?dep_id=10204361", "code_list": "CU ZN" }, "geometry": { "type": "Point", "coordinates": [ -121.47181, 47.83841 ] } },
{ "type": "Feature", "properties": { "dep_id": "10036761", "site_name": "Michigan Prospect", "dev_stat": "Occurrence", "url": "https://mrdata.usgs.gov/mrds/show-mrds.php?dep_id=10036761", "code_list": "AU AG ZN" }, "geometry": { "type": "Point", "coordinates": [ -121.44065, 47.90287 ] } },
{ "type": "Feature", "properties": { "dep_id": "10036833", "site_name": "Index Peacock Prospect", "dev_stat": "Occurrence", "url": "https://mrdata.usgs.gov/mrds/show-mrds.php?dep_id=10036833", "code_list": "CU" }, "geometry": { "type": "Point", "coordinates": [ -121.49204, 47.8262 ] } },
{ "type": "Feature", "properties": { "dep_id": "10048559", "site_name": "Hannah", "dev_stat": "Occurrence", "url": "https://mrdata.usgs.gov/mrds/show-mrds.php?dep_id=10048559", "code_list": "AU AG PB ZN AS" }, "geometry": { "type": "Point", "coordinates": [ -121.38621, 47.97121 ] } },
{ "type": "Feature", "properties": { "dep_id": "10156896", "site_name": "Lockwood", "dev_stat": "Prospect", "url": "https://mrdata.usgs.gov/mrds/show-mrds.php?dep_id=10156896", "code_list": "AU CU ZN" }, "geometry": { "type": "Point", "coordinates": [ -121.69062, 47.96511 ] } },
{ "type": "Feature", "properties": { "dep_id": "10179868", "site_name": "Kelly Creek", "dev_stat": "Prospect", "url": "https://mrdata.usgs.gov/mrds/show-mrds.php?dep_id=10179868", "code_list": "CU" }, "geometry": { "type": "Point", "coordinates": [ -121.49291, 47.99291 ] } },
{ "type": "Feature", "properties": { "dep_id": "10180197", "site_name": "Colts", "dev_stat": "Prospect", "url": "https://mrdata.usgs.gov/mrds/show-mrds.php?dep_id=10180197", "code_list": "CU AU AG" }, "geometry": { "type": "Point", "coordinates": [ -121.57982, 48.09841 ] } },
{ "type": "Feature", "properties": { "dep_id": "10204906", "site_name": "Black Hawk", "dev_stat": "Occurrence", "url": "https://mrdata.usgs.gov/mrds/show-mrds.php?dep_id=10204906", "code_list": "CU" }, "geometry": { "type": "Point", "coordinates": [ -121.63792, 48.11671 ] } },
{ "type": "Feature", "properties": { "dep_id": "10228804", "site_name": "Unnamed Pit", "dev_stat": "Past Producer", "url": "https://mrdata.usgs.gov/mrds/show-mrds.php?dep_id=10228804", "code_list": "SDG" }, "geometry": { "type": "Point", "coordinates": [ -122.25403, 47.93651 ] } },
{ "type": "Feature", "properties": { "dep_id": "10277309", "site_name": "Eldred", "dev_stat": "Unknown", "url": "https://mrdata.usgs.gov/mrds/show-mrds.php?dep_id=10277309", "code_list": "CU W" }, "geometry": { "type": "Point", "coordinates": [ -121.47761, 48.01341 ] } },
{ "type": "Feature", "properties": { "dep_id": "10280661", "site_name": "Yreka Placer", "dev_stat": "Prospect", "url": "https://mrdata.usgs.gov/mrds/show-mrds.php?dep_id=10280661", "code_list": "AU" }, "geometry": { "type": "Point", "coordinates": [ -121.79842, 47.94291 ] } },
{ "type": "Feature", "properties": { "dep_id": "10036711", "site_name": "Copper Chief Prospect", "dev_stat": "Occurrence", "url": "https://mrdata.usgs.gov/mrds/show-mrds.php?dep_id=10036711", "code_list": "CU AU AG PB" }, "geometry": { "type": "Point", "coordinates": [ -121.44982, 47.93175 ] } },
{ "type": "Feature", "properties": { "dep_id": "10036822", "site_name": "Lucky Strike Prospect", "dev_stat": "Occurrence", "url": "https://mrdata.usgs.gov/mrds/show-mrds.php?dep_id=10036822", "code_list": "CU" }, "geometry": { "type": "Point", "coordinates": [ -121.60344, 48.07453 ] } },
{ "type": "Feature", "properties": { "dep_id": "10131747", "site_name": "Unnamed Pit", "dev_stat": "Past Producer", "url": "https://mrdata.usgs.gov/mrds/show-mrds.php?dep_id=10131747", "code_list": "SDG" }, "geometry": { "type": "Point", "coordinates": [ -122.02063, 47.90761 ] } },
{ "type": "Feature", "properties": { "dep_id": "10156646", "site_name": "Evening Star Mine", "dev_stat": "Prospect", "url": "https://mrdata.usgs.gov/mrds/show-mrds.php?dep_id=10156646", "code_list": "AU CU AG" }, "geometry": { "type": "Point", "coordinates": [ -121.40981, 47.96062 ] } },
{ "type": "Feature", "properties": { "dep_id": "10180559", "site_name": "Jessie", "dev_stat": "Unknown", "url": "https://mrdata.usgs.gov/mrds/show-mrds.php?dep_id=10180559", "code_list": "AU" }, "geometry": { "type": "Point", "coordinates": [ -121.42651, 47.95372 ] } },
{ "type": "Feature", "properties": { "dep_id": "10204318", "site_name": "North Star", "dev_stat": "Prospect", "url": "https://mrdata.usgs.gov/mrds/show-mrds.php?dep_id=10204318", "code_list": "CU" }, "geometry": { "type": "Point", "coordinates": [ -121.53311, 47.84981 ] } },
{ "type": "Feature", "properties": { "dep_id": "10301525", "site_name": "Galbraith", "dev_stat": "Past Producer", "url": "https://mrdata.usgs.gov/mrds/show-mrds.php?dep_id=10301525", "code_list": "STN_C" }, "geometry": { "type": "Point", "coordinates": [ -121.71622, 48.23901 ] } },
{ "type": "Feature", "properties": { "dep_id": "10301577", "site_name": "Conn Creek", "dev_stat": "Unknown", "url": "https://mrdata.usgs.gov/mrds/show-mrds.php?dep_id=10301577", "code_list": "LST_D" }, "geometry": { "type": "Point", "coordinates": [ -121.45732, 48.20651 ] } },
{ "type": "Feature", "properties": { "dep_id": "10036718", "site_name": "Diamond Hitch Prospect", "dev_stat": "Occurrence", "url": "https://mrdata.usgs.gov/mrds/show-mrds.php?dep_id=10036718", "code_list": "CU AU AG" }, "geometry": { "type": "Point", "coordinates": [ -121.45038, 47.9637 ] } },
{ "type": "Feature", "properties": { "dep_id": "10036750", "site_name": "Bluff Prospect", "dev_stat": "Occurrence", "url": "https://mrdata.usgs.gov/mrds/show-mrds.php?dep_id=10036750", "code_list": "AU CU" }, "geometry": { "type": "Point", "coordinates": [ -121.43093, 47.93092 ] } },
{ "type": "Feature", "properties": { "dep_id": "10036753", "site_name": "Ben Butler Prospect", "dev_stat": "Occurrence", "url": "https://mrdata.usgs.gov/mrds/show-mrds.php?dep_id=10036753", "code_list": "AU" }, "geometry": { "type": "Point", "coordinates": [ -121.44065, 47.94592 ] } },
{ "type": "Feature", "properties": { "dep_id": "10131488", "site_name": "Elwell-Darrington", "dev_stat": "Unknown", "url": "https://mrdata.usgs.gov/mrds/show-mrds.php?dep_id=10131488", "code_list": "AU CU" }, "geometry": { "type": "Point", "coordinates": [ -121.64092, 48.23651 ] } },
{ "type": "Feature", "properties": { "dep_id": "10131634", "site_name": "Upper Roosevelt Prospect", "dev_stat": "Prospect", "url": "https://mrdata.usgs.gov/mrds/show-mrds.php?dep_id=10131634", "code_list": "CU AG" }, "geometry": { "type": "Point", "coordinates": [ -121.43311, 47.86921 ] } },
{ "type": "Feature", "properties": { "dep_id": "10180029", "site_name": "Unnamed Pit", "dev_stat": "Past Producer", "url": "https://mrdata.usgs.gov/mrds/show-mrds.php?dep_id=10180029", "code_list": "SDG" }, "geometry": { "type": "Point", "coordinates": [ -122.02203, 48.10121 ] } },
{ "type": "Feature", "properties": { "dep_id": "10228476", "site_name": "Venus Prospect", "dev_stat": "Prospect", "url": "https://mrdata.usgs.gov/mrds/show-mrds.php?dep_id=10228476", "code_list": "CU" }, "geometry": { "type": "Point", "coordinates": [ -121.43981, 47.83451 ] } },
{ "type": "Feature", "properties": { "dep_id": "10277586", "site_name": "Anderson", "dev_stat": "Prospect", "url": "https://mrdata.usgs.gov/mrds/show-mrds.php?dep_id=10277586", "code_list": "NI" }, "geometry": { "type": "Point", "coordinates": [ -121.91293, 48.03541 ] } },
{ "type": "Feature", "properties": { "dep_id": "10301880", "site_name": "Drednot", "dev_stat": "Prospect", "url": "https://mrdata.usgs.gov/mrds/show-mrds.php?dep_id=10301880", "code_list": "AG CU AU" }, "geometry": { "type": "Point", "coordinates": [ -121.43871, 47.92671 ] } },
{ "type": "Feature", "properties": { "dep_id": "10036826", "site_name": "Lake Serene Mine", "dev_stat": "Producer", "url": "https://mrdata.usgs.gov/mrds/show-mrds.php?dep_id=10036826", "code_list": "CU AG AU FE" }, "geometry": { "type": "Point", "coordinates": [ -121.57399, 47.7937 ] } },
{ "type": "Feature", "properties": { "dep_id": "10036830", "site_name": "Kelley Creek Prospect", "dev_stat": "Occurrence", "url": "https://mrdata.usgs.gov/mrds/show-mrds.php?dep_id=10036830", "code_list": "CU FE" }, "geometry": { "type": "Point", "coordinates": [ -121.49343, 47.99287 ] } },
{ "type": "Feature", "properties": { "dep_id": "10156260", "site_name": "Mountain Maid", "dev_stat": "Prospect", "url": "https://mrdata.usgs.gov/mrds/show-mrds.php?dep_id=10156260", "code_list": "AU CU PB AG ZN" }, "geometry": { "type": "Point", "coordinates": [ -121.38701, 47.97402 ] } },
{ "type": "Feature", "properties": { "dep_id": "10156638", "site_name": "Gift", "dev_stat": "Prospect", "url": "https://mrdata.usgs.gov/mrds/show-mrds.php?dep_id=10156638", "code_list": "AU AG" }, "geometry": { "type": "Point", "coordinates": [ -121.36791, 48.01652 ] } },
{ "type": "Feature", "properties": { "dep_id": "10180527", "site_name": "Argonaut and Typo", "dev_stat": "Unknown", "url": "https://mrdata.usgs.gov/mrds/show-mrds.php?dep_id=10180527", "code_list": "AU" }, "geometry": { "type": "Point", "coordinates": [ -121.38431, 47.97792 ] } },
{ "type": "Feature", "properties": { "dep_id": "10204475", "site_name": "Deer Lake", "dev_stat": "Unknown", "url": "https://mrdata.usgs.gov/mrds/show-mrds.php?dep_id=10204475", "code_list": "CU" }, "geometry": { "type": "Point", "coordinates": [ -121.59702, 48.12761 ] } },
{ "type": "Feature", "properties": { "dep_id": "10229002", "site_name": "Lowell", "dev_stat": "Past Producer", "url": "https://mrdata.usgs.gov/mrds/show-mrds.php?dep_id=10229002", "code_list": "CLY" }, "geometry": { "type": "Point", "coordinates": [ -122.19813, 47.96151 ] } },
{ "type": "Feature", "properties": { "dep_id": "10253459", "site_name": "Unnamed", "dev_stat": "Unknown", "url": "https://mrdata.usgs.gov/mrds/show-mrds.php?dep_id=10253459", "code_list": "NI" }, "geometry": { "type": "Point", "coordinates": [ -121.47842, 48.23791 ] } },
{ "type": "Feature", "properties": { "dep_id": "10277469", "site_name": "Unnamed Pit", "dev_stat": "Past Producer", "url": "https://mrdata.usgs.gov/mrds/show-mrds.php?dep_id=10277469", "code_list": "SDG" }, "geometry": { "type": "Point", "coordinates": [ -121.89562, 47.86451 ] } },
{ "type": "Feature", "properties": { "dep_id": "10277764", "site_name": "Gray Eagle", "dev_stat": "Prospect", "url": "https://mrdata.usgs.gov/mrds/show-mrds.php?dep_id=10277764", "code_list": "CU PB AG" }, "geometry": { "type": "Point", "coordinates": [ -121.43451, 47.91371 ] } },
{ "type": "Feature", "properties": { "dep_id": "10036704", "site_name": "Bullet Prospect", "dev_stat": "Occurrence", "url": "https://mrdata.usgs.gov/mrds/show-mrds.php?dep_id=10036704", "code_list": "AU CU AG AS" }, "geometry": { "type": "Point", "coordinates": [ -121.65122, 48.07148 ] } },
{ "type": "Feature", "properties": { "dep_id": "10036789", "site_name": "Olympic Placer", "dev_stat": "Occurrence", "url": "https://mrdata.usgs.gov/mrds/show-mrds.php?dep_id=10036789", "code_list": "AU" }, "geometry": { "type": "Point", "coordinates": [ -121.29842, 47.79093 ] } },
{ "type": "Feature", "properties": { "dep_id": "10131628", "site_name": "Three Sisters", "dev_stat": "Occurrence", "url": "https://mrdata.usgs.gov/mrds/show-mrds.php?dep_id=10131628", "code_list": "AU AG" }, "geometry": { "type": "Point", "coordinates": [ -121.57232, 48.08761 ] } },
{ "type": "Feature", "properties": { "dep_id": "10131693", "site_name": "Helena", "dev_stat": "Occurrence", "url": "https://mrdata.usgs.gov/mrds/show-mrds.php?dep_id=10131693", "code_list": "CU AU AG" }, "geometry": { "type": "Point", "coordinates": [ -121.57062, 48.14091 ] } },
{ "type": "Feature", "properties": { "dep_id": "10156476", "site_name": "Commercial", "dev_stat": "Occurrence", "url": "https://mrdata.usgs.gov/mrds/show-mrds.php?dep_id=10156476", "code_list": "CU AU" }, "geometry": { "type": "Point", "coordinates": [ -121.41931, 47.86652 ] } },
{ "type": "Feature", "properties": { "dep_id": "10253860", "site_name": "Pork Barrel Placer", "dev_stat": "Prospect", "url": "https://mrdata.usgs.gov/mrds/show-mrds.php?dep_id=10253860", "code_list": "AU" }, "geometry": { "type": "Point", "coordinates": [ -121.80292, 47.92121 ] } },
{ "type": "Feature", "properties": { "dep_id": "10048617", "site_name": "Anderson", "dev_stat": "Occurrence", "url": "https://mrdata.usgs.gov/mrds/show-mrds.php?dep_id=10048617", "code_list": "FE PB ZN AG AU CU TI_M" }, "geometry": { "type": "Point", "coordinates": [ -121.50649, 47.75481 ] } },
{ "type": "Feature", "properties": { "dep_id": "10156884", "site_name": "Spada", "dev_stat": "Unknown", "url": "https://mrdata.usgs.gov/mrds/show-mrds.php?dep_id=10156884", "code_list": "PB ZN" }, "geometry": { "type": "Point", "coordinates": [ -121.44811, 47.94011 ] } },
{ "type": "Feature", "properties": { "dep_id": "10228858", "site_name": "Ontario", "dev_stat": "Prospect", "url": "https://mrdata.usgs.gov/mrds/show-mrds.php?dep_id=10228858", "code_list": "PB AU AG" }, "geometry": { "type": "Point", "coordinates": [ -121.44981, 47.93011 ] } },
{ "type": "Feature", "properties": { "dep_id": "10036722", "site_name": "Foggy Mine", "dev_stat": "Past Producer", "url": "https://mrdata.usgs.gov/mrds/show-mrds.php?dep_id=10036722", "code_list": "AU AG ZN PB SB AS CU" }, "geometry": { "type": "Point", "coordinates": [ -121.33788, 47.99704 ] } },
{ "type": "Feature", "properties": { "dep_id": "10036732", "site_name": "Little Giant Prospect", "dev_stat": "Occurrence", "url": "https://mrdata.usgs.gov/mrds/show-mrds.php?dep_id=10036732", "code_list": "AU AG" }, "geometry": { "type": "Point", "coordinates": [ -121.34121, 48.00176 ] } },
{ "type": "Feature", "properties": { "dep_id": "10036762", "site_name": "Jasperson Prospect", "dev_stat": "Occurrence", "url": "https://mrdata.usgs.gov/mrds/show-mrds.php?dep_id=10036762", "code_list": "AU AG CU PB HG V SB ZN AS" }, "geometry": { "type": "Point", "coordinates": [ -121.4526, 47.95203 ] } },
{ "type": "Feature", "properties": { "dep_id": "10036821", "site_name": "New York Prospect", "dev_stat": "Occurrence", "url": "https://mrdata.usgs.gov/mrds/show-mrds.php?dep_id=10036821", "code_list": "AU AG CU AS" }, "geometry": { "type": "Point", "coordinates": [ -121.55483, 48.07148 ] } },
{ "type": "Feature", "properties": { "dep_id": "10048560", "site_name": "Seventy-Four", "dev_stat": "Occurrence", "url": "https://mrdata.usgs.gov/mrds/show-mrds.php?dep_id=10048560", "code_list": "AU AG CU PB ZN AS SB" }, "geometry": { "type": "Point", "coordinates": [ -121.38621, 47.96899 ] } },
{ "type": "Feature", "properties": { "dep_id": "10180004", "site_name": "Forest-Chickamun", "dev_stat": "Prospect", "url": "https://mrdata.usgs.gov/mrds/show-mrds.php?dep_id=10180004", "code_list": "CU" }, "geometry": { "type": "Point", "coordinates": [ -121.58592, 48.25401 ] } },
{ "type": "Feature", "properties": { "dep_id": "10180040", "site_name": "Unnamed Pit", "dev_stat": "Past Producer", "url": "https://mrdata.usgs.gov/mrds/show-mrds.php?dep_id=10180040", "code_list": "SDG" }, "geometry": { "type": "Point", "coordinates": [ -121.70121, 47.85401 ] } },
{ "type": "Feature", "properties": { "dep_id": "10181129", "site_name": "Summit Prospect", "dev_stat": "Occurrence", "url": "https://mrdata.usgs.gov/mrds/show-mrds.php?dep_id=10181129", "code_list": "CU" }, "geometry": { "type": "Point", "coordinates": [ -121.44931, 47.82731 ] } },
{ "type": "Feature", "properties": { "dep_id": "10204460", "site_name": "Michigan", "dev_stat": "Prospect", "url": "https://mrdata.usgs.gov/mrds/show-mrds.php?dep_id=10204460", "code_list": "AU AG ZN" }, "geometry": { "type": "Point", "coordinates": [ -121.44011, 47.90261 ] } },
{ "type": "Feature", "properties": { "dep_id": "10277216", "site_name": "Independence Adit", "dev_stat": "Prospect", "url": "https://mrdata.usgs.gov/mrds/show-mrds.php?dep_id=10277216", "code_list": "CU AG" }, "geometry": { "type": "Point", "coordinates": [ -121.43681, 47.94951 ] } },
{ "type": "Feature", "properties": { "dep_id": "10277283", "site_name": "New York", "dev_stat": "Prospect", "url": "https://mrdata.usgs.gov/mrds/show-mrds.php?dep_id=10277283", "code_list": "CU AU AG" }, "geometry": { "type": "Point", "coordinates": [ -121.55761, 48.06731 ] } },
{ "type": "Feature", "properties": { "dep_id": "10277536", "site_name": "Champion", "dev_stat": "Prospect", "url": "https://mrdata.usgs.gov/mrds/show-mrds.php?dep_id=10277536", "code_list": "AU CU PB AG" }, "geometry": { "type": "Point", "coordinates": [ -121.44311, 47.94371 ] } },
{ "type": "Feature", "properties": { "dep_id": "10301560", "site_name": "Hilda", "dev_stat": "Prospect", "url": "https://mrdata.usgs.gov/mrds/show-mrds.php?dep_id=10301560", "code_list": "AU CU PB AG ZN" }, "geometry": { "type": "Point", "coordinates": [ -121.35181, 47.98902 ] } },
{ "type": "Feature", "properties": { "dep_id": "10301858", "site_name": "Big Copper", "dev_stat": "Occurrence", "url": "https://mrdata.usgs.gov/mrds/show-mrds.php?dep_id=10301858", "code_list": "CU CO AU AG" }, "geometry": { "type": "Point", "coordinates": [ -121.51981, 48.03201 ] } },
{ "type": "Feature", "properties": { "dep_id": "10056108", "site_name": "Kromona", "dev_stat": "Occurrence", "url": "https://mrdata.usgs.gov/mrds/show-mrds.php?dep_id=10056108", "code_list": "CU AG AU MO W" }, "geometry": { "type": "Point", "coordinates": [ -121.59399, 47.91592 ] } },
{ "type": "Feature", "properties": { "dep_id": "10131940", "site_name": "Unnamed Pit", "dev_stat": "Past Producer", "url": "https://mrdata.usgs.gov/mrds/show-mrds.php?dep_id=10131940", "code_list": "SDG" }, "geometry": { "type": "Point", "coordinates": [ -121.96482, 47.80591 ] } },
{ "type": "Feature", "properties": { "dep_id": "10156493", "site_name": "Ethel", "dev_stat": "Past Producer", "url": "https://mrdata.usgs.gov/mrds/show-mrds.php?dep_id=10156493", "code_list": "CU AU AG" }, "geometry": { "type": "Point", "coordinates": [ -121.49651, 47.87091 ] } },
{ "type": "Feature", "properties": { "dep_id": "10156973", "site_name": "Drum Lummond", "dev_stat": "Unknown", "url": "https://mrdata.usgs.gov/mrds/show-mrds.php?dep_id=10156973", "code_list": "CU" }, "geometry": { "type": "Point", "coordinates": [ -121.65562, 48.11541 ] } },
{ "type": "Feature", "properties": { "dep_id": "10204564", "site_name": "Gold Hill Quarry", "dev_stat": "Past Producer", "url": "https://mrdata.usgs.gov/mrds/show-mrds.php?dep_id=10204564", "code_list": "STN" }, "geometry": { "type": "Point", "coordinates": [ -121.58982, 48.26311 ] } },
{ "type": "Feature", "properties": { "dep_id": "10228402", "site_name": "Bullet", "dev_stat": "Prospect", "url": "https://mrdata.usgs.gov/mrds/show-mrds.php?dep_id=10228402", "code_list": "CU AU AG" }, "geometry": { "type": "Point", "coordinates": [ -121.65292, 48.07671 ] } },
{ "type": "Feature", "properties": { "dep_id": "10229026", "site_name": "Telstar Claims", "dev_stat": "Prospect", "url": "https://mrdata.usgs.gov/mrds/show-mrds.php?dep_id=10229026", "code_list": "AG AU" }, "geometry": { "type": "Point", "coordinates": [ -121.71653, 48.32151 ] } },
{ "type": "Feature", "properties": { "dep_id": "10253705", "site_name": "Copper Queen Claim", "dev_stat": "Prospect", "url": "https://mrdata.usgs.gov/mrds/show-mrds.php?dep_id=10253705", "code_list": "CU" }, "geometry": { "type": "Point", "coordinates": [ -121.40261, 47.89292 ] } },
{ "type": "Feature", "properties": { "dep_id": "10253824", "site_name": "Mineral Survey No. 240", "dev_stat": "Prospect", "url": "https://mrdata.usgs.gov/mrds/show-mrds.php?dep_id=10253824", "code_list": "CU" }, "geometry": { "type": "Point", "coordinates": [ -121.44151, 47.90261 ] } },
{ "type": "Feature", "properties": { "dep_id": "10036758", "site_name": "Yankee Boy Prospect", "dev_stat": "Occurrence", "url": "https://mrdata.usgs.gov/mrds/show-mrds.php?dep_id=10036758", "code_list": "CU AU PB ZN" }, "geometry": { "type": "Point", "coordinates": [ -121.95262, 48.08981 ] } },
{ "type": "Feature", "properties": { "dep_id": "10131923", "site_name": "Cassidy", "dev_stat": "Prospect", "url": "https://mrdata.usgs.gov/mrds/show-mrds.php?dep_id=10131923", "code_list": "AU AG" }, "geometry": { "type": "Point", "coordinates": [ -121.35481, 47.97562 ] } },
{ "type": "Feature", "properties": { "dep_id": "10132100", "site_name": "Darrington", "dev_stat": "Occurrence", "url": "https://mrdata.usgs.gov/mrds/show-mrds.php?dep_id=10132100", "code_list": "FLD" }, "geometry": { "type": "Point", "coordinates": [ -121.58792, 48.26201 ] } },
{ "type": "Feature", "properties": { "dep_id": "10253338", "site_name": "Emma Bess", "dev_stat": "Prospect", "url": "https://mrdata.usgs.gov/mrds/show-mrds.php?dep_id=10253338", "code_list": "AU" }, "geometry": { "type": "Point", "coordinates": [ -121.43591, 47.94591 ] } },
{ "type": "Feature", "properties": { "dep_id": "10036775", "site_name": "Aristo Placer", "dev_stat": "Past Producer", "url": "https://mrdata.usgs.gov/mrds/show-mrds.php?dep_id=10036775", "code_list": "AU" }, "geometry": { "type": "Point", "coordinates": [ -121.80372, 47.9162 ] } },
{ "type": "Feature", "properties": { "dep_id": "10036805", "site_name": "St. Theresa Prospect", "dev_stat": "Occurrence", "url": "https://mrdata.usgs.gov/mrds/show-mrds.php?dep_id=10036805", "code_list": "MO CU" }, "geometry": { "type": "Point", "coordinates": [ -121.5976, 47.9362 ] } },
{ "type": "Feature", "properties": { "dep_id": "10090618", "site_name": "Eureka", "dev_stat": "Occurrence", "url": "https://mrdata.usgs.gov/mrds/show-mrds.php?dep_id=10090618", "code_list": "CU SB AU PB AG" }, "geometry": { "type": "Point", "coordinates": [ -121.48093, 48.08453 ] } },
{ "type": "Feature", "properties": { "dep_id": "10131616", "site_name": "Sultan", "dev_stat": "Occurrence", "url": "https://mrdata.usgs.gov/mrds/show-mrds.php?dep_id=10131616", "code_list": "STN_C" }, "geometry": { "type": "Point", "coordinates": [ -121.82952, 47.89951 ] } },
{ "type": "Feature", "properties": { "dep_id": "10180208", "site_name": "Copper Belle", "dev_stat": "Past Producer", "url": "https://mrdata.usgs.gov/mrds/show-mrds.php?dep_id=10180208", "code_list": "CU AU AG W" }, "geometry": { "type": "Point", "coordinates": [ -121.61431, 47.84811 ] } },
{ "type": "Feature", "properties": { "dep_id": "10229054", "site_name": "Arlington", "dev_stat": "Occurrence", "url": "https://mrdata.usgs.gov/mrds/show-mrds.php?dep_id=10229054", "code_list": "FE" }, "geometry": { "type": "Point", "coordinates": [ -122.07234, 48.24061 ] } },
{ "type": "Feature", "properties": { "dep_id": "10277233", "site_name": "Bedal Creek", "dev_stat": "Unknown", "url": "https://mrdata.usgs.gov/mrds/show-mrds.php?dep_id=10277233", "code_list": "ASB" }, "geometry": { "type": "Point", "coordinates": [ -121.35401, 48.04702 ] } },
{ "type": "Feature", "properties": { "dep_id": "10301838", "site_name": "Hartford Pit", "dev_stat": "Past Producer", "url": "https://mrdata.usgs.gov/mrds/show-mrds.php?dep_id=10301838", "code_list": "SDG" }, "geometry": { "type": "Point", "coordinates": [ -122.04843, 48.01201 ] } },
{ "type": "Feature", "properties": { "dep_id": "10048563", "site_name": "Blue Canyon", "dev_stat": "Occurrence", "url": "https://mrdata.usgs.gov/mrds/show-mrds.php?dep_id=10048563", "code_list": "AU AG AS ZN" }, "geometry": { "type": "Point", "coordinates": [ -121.4326, 47.93898 ] } },
{ "type": "Feature", "properties": { "dep_id": "10253938", "site_name": "Pugh Mountain", "dev_stat": "Occurrence", "url": "https://mrdata.usgs.gov/mrds/show-mrds.php?dep_id=10253938", "code_list": "GRF" }, "geometry": { "type": "Point", "coordinates": [ -121.35181, 48.14202 ] } },
{ "type": "Feature", "properties": { "dep_id": "10131460", "site_name": "Red Cloud", "dev_stat": "Prospect", "url": "https://mrdata.usgs.gov/mrds/show-mrds.php?dep_id=10131460", "code_list": "AU PB AG" }, "geometry": { "type": "Point", "coordinates": [ -121.44151, 47.93011 ] } },
{ "type": "Feature", "properties": { "dep_id": "10156986", "site_name": "Bg 1-8", "dev_stat": "Occurrence", "url": "https://mrdata.usgs.gov/mrds/show-mrds.php?dep_id=10156986", "code_list": "AU AG" }, "geometry": { "type": "Point", "coordinates": [ -121.42981, 47.91841 ] } },
{ "type": "Feature", "properties": { "dep_id": "10181205", "site_name": "Jonkers Placer", "dev_stat": "Occurrence", "url": "https://mrdata.usgs.gov/mrds/show-mrds.php?dep_id=10181205", "code_list": "AU" }, "geometry": { "type": "Point", "coordinates": [ -121.81592, 47.85871 ] } },
{ "type": "Feature", "properties": { "dep_id": "10036698", "site_name": "Blomquist Mine", "dev_stat": "Occurrence", "url": "https://mrdata.usgs.gov/mrds/show-mrds.php?dep_id=10036698", "code_list": "AU CU AG" }, "geometry": { "type": "Point", "coordinates": [ -121.95067, 48.0837 ] } },
{ "type": "Feature", "properties": { "dep_id": "10056096", "site_name": "Bonanza Queen", "dev_stat": "Occurrence", "url": "https://mrdata.usgs.gov/mrds/show-mrds.php?dep_id=10056096", "code_list": "CU AU AG TE AS" }, "geometry": { "type": "Point", "coordinates": [ -121.56455, 48.09898 ] } },
{ "type": "Feature", "properties": { "dep_id": "10131540", "site_name": "Baltimore", "dev_stat": "Prospect", "url": "https://mrdata.usgs.gov/mrds/show-mrds.php?dep_id=10131540", "code_list": "AU PB AG" }, "geometry": { "type": "Point", "coordinates": [ -121.33401, 48.01152 ] } },
{ "type": "Feature", "properties": { "dep_id": "10179817", "site_name": "Stillaguamish Pit", "dev_stat": "Past Producer", "url": "https://mrdata.usgs.gov/mrds/show-mrds.php?dep_id=10179817", "code_list": "SDG" }, "geometry": { "type": "Point", "coordinates": [ -122.25814, 48.20401 ] } },
{ "type": "Feature", "properties": { "dep_id": "10205001", "site_name": "Nickel Bird", "dev_stat": "Prospect", "url": "https://mrdata.usgs.gov/mrds/show-mrds.php?dep_id=10205001", "code_list": "CU PB AG" }, "geometry": { "type": "Point", "coordinates": [ -121.52871, 48.07091 ] } },
{ "type": "Feature", "properties": { "dep_id": "10229138", "site_name": "Copper Chief", "dev_stat": "Prospect", "url": "https://mrdata.usgs.gov/mrds/show-mrds.php?dep_id=10229138", "code_list": "CU AU PB AG" }, "geometry": { "type": "Point", "coordinates": [ -121.44951, 47.93121 ] } },
{ "type": "Feature", "properties": { "dep_id": "10302036", "site_name": "Index Bornite Mine", "dev_stat": "Prospect", "url": "https://mrdata.usgs.gov/mrds/show-mrds.php?dep_id=10302036", "code_list": "CU AG" }, "geometry": { "type": "Point", "coordinates": [ -121.50231, 47.81701 ] } },
{ "type": "Feature", "properties": { "dep_id": "10036792", "site_name": "Phoenix Placer", "dev_stat": "Occurrence", "url": "https://mrdata.usgs.gov/mrds/show-mrds.php?dep_id=10036792", "code_list": "AU" }, "geometry": { "type": "Point", "coordinates": [ -121.43371, 47.88675 ] } },
{ "type": "Feature", "properties": { "dep_id": "10056120", "site_name": "Sunset", "dev_stat": "Occurrence", "url": "https://mrdata.usgs.gov/mrds/show-mrds.php?dep_id=10056120", "code_list": "CU AU AG" }, "geometry": { "type": "Point", "coordinates": [ -121.46399, 47.85703 ] } },
{ "type": "Feature", "properties": { "dep_id": "10088855", "site_name": "Lawrence Claims", "dev_stat": "Occurrence", "url": "https://mrdata.usgs.gov/mrds/show-mrds.php?dep_id=10088855", "code_list": "CU AS" }, "geometry": { "type": "Point", "coordinates": [ -121.79067, 48.31453 ] } },
{ "type": "Feature", "properties": { "dep_id": "10095362", "site_name": "North Star Prospect", "dev_stat": "Occurrence", "url": "https://mrdata.usgs.gov/mrds/show-mrds.php?dep_id=10095362", "code_list": "CU" }, "geometry": { "type": "Point", "coordinates": [ -121.53121, 47.84953 ] } },
{ "type": "Feature", "properties": { "dep_id": "10156181", "site_name": "Soderberg Quarry", "dev_stat": "Past Producer", "url": "https://mrdata.usgs.gov/mrds/show-mrds.php?dep_id=10156181", "code_list": "STN_C" }, "geometry": { "type": "Point", "coordinates": [ -121.57341, 47.80951 ] } },
{ "type": "Feature", "properties": { "dep_id": "10253772", "site_name": "Orphan Boy", "dev_stat": "Prospect", "url": "https://mrdata.usgs.gov/mrds/show-mrds.php?dep_id=10253772", "code_list": "AU AG ZN" }, "geometry": { "type": "Point", "coordinates": [ -121.40041, 47.96872 ] } },
{ "type": "Feature", "properties": { "dep_id": "10277241", "site_name": "Summer Coon", "dev_stat": "Unknown", "url": "https://mrdata.usgs.gov/mrds/show-mrds.php?dep_id=10277241", "code_list": "CU AU PB AG" }, "geometry": { "type": "Point", "coordinates": [ -121.55041, 48.07171 ] } },
{ "type": "Feature", "properties": { "dep_id": "10277379", "site_name": "Pittsburg Gold Mt Mining Co", "dev_stat": "Prospect", "url": "https://mrdata.usgs.gov/mrds/show-mrds.php?dep_id=10277379", "code_list": "CU AU" }, "geometry": { "type": "Point", "coordinates": [ -121.56542, 48.26311 ] } },
{ "type": "Feature", "properties": { "dep_id": "10301369", "site_name": "Wallace Falls", "dev_stat": "Occurrence", "url": "https://mrdata.usgs.gov/mrds/show-mrds.php?dep_id=10301369", "code_list": "STN_C" }, "geometry": { "type": "Point", "coordinates": [ -121.63811, 47.82701 ] } },
{ "type": "Feature", "properties": { "dep_id": "10036948", "site_name": "Red Cross Prospect", "dev_stat": "Occurrence", "url": "https://mrdata.usgs.gov/mrds/show-mrds.php?dep_id=10036948", "code_list": "CU AG AU" }, "geometry": { "type": "Point", "coordinates": [ -121.59121, 47.86814 ] } },
{ "type": "Feature", "properties": { "dep_id": "10131909", "site_name": "Unnamed Pit", "dev_stat": "Past Producer", "url": "https://mrdata.usgs.gov/mrds/show-mrds.php?dep_id=10131909", "code_list": "SDG" }, "geometry": { "type": "Point", "coordinates": [ -122.12123, 48.07951 ] } },
{ "type": "Feature", "properties": { "dep_id": "10156576", "site_name": "Mackinaw Prospect", "dev_stat": "Occurrence", "url": "https://mrdata.usgs.gov/mrds/show-mrds.php?dep_id=10156576", "code_list": "ASB" }, "geometry": { "type": "Point", "coordinates": [ -121.44231, 47.98871 ] } },
{ "type": "Feature", "properties": { "dep_id": "10156822", "site_name": "Carpenter Quarry", "dev_stat": "Producer", "url": "https://mrdata.usgs.gov/mrds/show-mrds.php?dep_id=10156822", "code_list": "STN_D" }, "geometry": { "type": "Point", "coordinates": [ -121.58982, 48.07791 ] } },
{ "type": "Feature", "properties": { "dep_id": "10204488", "site_name": "Diamond Hitch", "dev_stat": "Prospect", "url": "https://mrdata.usgs.gov/mrds/show-mrds.php?dep_id=10204488", "code_list": "CU AU AG" }, "geometry": { "type": "Point", "coordinates": [ -121.44681, 47.95451 ] } },
{ "type": "Feature", "properties": { "dep_id": "10228470", "site_name": "Lak Mcmurray", "dev_stat": "Occurrence", "url": "https://mrdata.usgs.gov/mrds/show-mrds.php?dep_id=10228470", "code_list": "STN_F" }, "geometry": { "type": "Point", "coordinates": [ -122.22094, 48.32761 ] } },
{ "type": "Feature", "properties": { "dep_id": "10229149", "site_name": "Alpha", "dev_stat": "Unknown", "url": "https://mrdata.usgs.gov/mrds/show-mrds.php?dep_id=10229149", "code_list": "AU CU" }, "geometry": { "type": "Point", "coordinates": [ -121.55401, 47.79151 ] } },
{ "type": "Feature", "properties": { "dep_id": "10277201", "site_name": "Emerson Placer", "dev_stat": "Occurrence", "url": "https://mrdata.usgs.gov/mrds/show-mrds.php?dep_id=10277201", "code_list": "AU" }, "geometry": { "type": "Point", "coordinates": [ -121.40061, 47.99512 ] } },
{ "type": "Feature", "properties": { "dep_id": "10277758", "site_name": "Hiawatha", "dev_stat": "Prospect", "url": "https://mrdata.usgs.gov/mrds/show-mrds.php?dep_id=10277758", "code_list": "AU AG" }, "geometry": { "type": "Point", "coordinates": [ -121.40181, 47.96062 ] } },
{ "type": "Feature", "properties": { "dep_id": "10009064", "site_name": "Consolidated", "dev_stat": "Occurrence", "url": "https://mrdata.usgs.gov/mrds/show-mrds.php?dep_id=10009064", "code_list": "AU AG CU AS SB" }, "geometry": { "type": "Point", "coordinates": [ -121.69838, 48.04238 ] } },
{ "type": "Feature", "properties": { "dep_id": "10036819", "site_name": "Nesta Prospect", "dev_stat": "Occurrence", "url": "https://mrdata.usgs.gov/mrds/show-mrds.php?dep_id=10036819", "code_list": "CU AU AG MO PB ZN" }, "geometry": { "type": "Point", "coordinates": [ -121.62483, 48.2212 ] } },
{ "type": "Feature", "properties": { "dep_id": "10048577", "site_name": "Lincoln Mine", "dev_stat": "Occurrence", "url": "https://mrdata.usgs.gov/mrds/show-mrds.php?dep_id=10048577", "code_list": "AU AG CU PB AS" }, "geometry": { "type": "Point", "coordinates": [ -121.38704, 47.97954 ] } },
{ "type": "Feature", "properties": { "dep_id": "10048583", "site_name": "Seattle-Aurora", "dev_stat": "Occurrence", "url": "https://mrdata.usgs.gov/mrds/show-mrds.php?dep_id=10048583", "code_list": "AU AG AS" }, "geometry": { "type": "Point", "coordinates": [ -121.40121, 47.97149 ] } },
{ "type": "Feature", "properties": { "dep_id": "10132108", "site_name": "Dominion", "dev_stat": "Occurrence", "url": "https://mrdata.usgs.gov/mrds/show-mrds.php?dep_id=10132108", "code_list": "PB AG" }, "geometry": { "type": "Point", "coordinates": [ -121.49201, 47.91921 ] } },
{ "type": "Feature", "properties": { "dep_id": "10180626", "site_name": "Liberty", "dev_stat": "Prospect", "url": "https://mrdata.usgs.gov/mrds/show-mrds.php?dep_id=10180626", "code_list": "AU AG" }, "geometry": { "type": "Point", "coordinates": [ -121.38731, 47.97872 ] } },
{ "type": "Feature", "properties": { "dep_id": "10204968", "site_name": "Unnamed Pit", "dev_stat": "Producer", "url": "https://mrdata.usgs.gov/mrds/show-mrds.php?dep_id=10204968", "code_list": "SDG" }, "geometry": { "type": "Point", "coordinates": [ -122.23013, 47.93091 ] } },
{ "type": "Feature", "properties": { "dep_id": "10253526", "site_name": "Blomquist", "dev_stat": "Prospect", "url": "https://mrdata.usgs.gov/mrds/show-mrds.php?dep_id=10253526", "code_list": "CU AU AG" }, "geometry": { "type": "Point", "coordinates": [ -121.95093, 48.08481 ] } },
{ "type": "Feature", "properties": { "dep_id": "10036814", "site_name": "Bell and Crown Prospect", "dev_stat": "Occurrence", "url": "https://mrdata.usgs.gov/mrds/show-mrds.php?dep_id=10036814", "code_list": "CU AU AG PB" }, "geometry": { "type": "Point", "coordinates": [ -121.57761, 48.06148 ] } },
{ "type": "Feature", "properties": { "dep_id": "10036952", "site_name": "White Swan Prospect", "dev_stat": "Occurrence", "url": "https://mrdata.usgs.gov/mrds/show-mrds.php?dep_id=10036952", "code_list": "AG" }, "geometry": { "type": "Point", "coordinates": [ -121.62844, 48.11175 ] } },
{ "type": "Feature", "properties": { "dep_id": "10048571", "site_name": "Washington", "dev_stat": "Occurrence", "url": "https://mrdata.usgs.gov/mrds/show-mrds.php?dep_id=10048571", "code_list": "AU AG CU PB ZN AS SB" }, "geometry": { "type": "Point", "coordinates": [ -121.36149, 47.98204 ] } },
{ "type": "Feature", "properties": { "dep_id": "10095350", "site_name": "Lockwood Pyrite Mine", "dev_stat": "Occurrence", "url": "https://mrdata.usgs.gov/mrds/show-mrds.php?dep_id=10095350", "code_list": "AU CU FE S AG ZN" }, "geometry": { "type": "Point", "coordinates": [ -121.71789, 47.96287 ] } },
{ "type": "Feature", "properties": { "dep_id": "10156116", "site_name": "Unnamed Pit", "dev_stat": "Past Producer", "url": "https://mrdata.usgs.gov/mrds/show-mrds.php?dep_id=10156116", "code_list": "SDG" }, "geometry": { "type": "Point", "coordinates": [ -122.12764, 48.20951 ] } },
{ "type": "Feature", "properties": { "dep_id": "10179992", "site_name": "Sunset and Beatrice", "dev_stat": "Prospect", "url": "https://mrdata.usgs.gov/mrds/show-mrds.php?dep_id=10179992", "code_list": "PB AU AG" }, "geometry": { "type": "Point", "coordinates": [ -121.42481, 47.91371 ] } },
{ "type": "Feature", "properties": { "dep_id": "10180497", "site_name": "Tobique and Lalla Rookh", "dev_stat": "Prospect", "url": "https://mrdata.usgs.gov/mrds/show-mrds.php?dep_id=10180497", "code_list": "AU PB AG" }, "geometry": { "type": "Point", "coordinates": [ -121.39201, 47.99312 ] } },
{ "type": "Feature", "properties": { "dep_id": "10229151", "site_name": "Del Campo Peak", "dev_stat": "Occurrence", "url": "https://mrdata.usgs.gov/mrds/show-mrds.php?dep_id=10229151", "code_list": "BE" }, "geometry": { "type": "Point", "coordinates": [ -121.46621, 47.98871 ] } },
{ "type": "Feature", "properties": { "dep_id": "10253473", "site_name": "Big Four", "dev_stat": "Occurrence", "url": "https://mrdata.usgs.gov/mrds/show-mrds.php?dep_id=10253473", "code_list": "FE" }, "geometry": { "type": "Point", "coordinates": [ -121.52121, 48.05151 ] } },
{ "type": "Feature", "properties": { "dep_id": "10253667", "site_name": "Betty Prospect", "dev_stat": "Prospect", "url": "https://mrdata.usgs.gov/mrds/show-mrds.php?dep_id=10253667", "code_list": "CU" }, "geometry": { "type": "Point", "coordinates": [ -121.44011, 47.91651 ] } },
{ "type": "Feature", "properties": { "dep_id": "10253881", "site_name": "Unnamed Pit", "dev_stat": "Past Producer", "url": "https://mrdata.usgs.gov/mrds/show-mrds.php?dep_id=10253881", "code_list": "SDG" }, "geometry": { "type": "Point", "coordinates": [ -122.08983, 47.91151 ] } },
{ "type": "Feature", "properties": { "dep_id": "10301341", "site_name": "Westland", "dev_stat": "Prospect", "url": "https://mrdata.usgs.gov/mrds/show-mrds.php?dep_id=10301341", "code_list": "CU AU AG" }, "geometry": { "type": "Point", "coordinates": [ -121.44231, 47.92761 ] } }
]
}
