{"type":"FeatureCollection","features":[{"type":"Feature","id":532,"geometry":{"type":"Polygon","coordinates":[[[-121.81444,48.24941],[-121.81501,48.24978],[-121.81559,48.25015],[-121.8163,48.25034],[-121.81783,48.2505],[-121.8193,48.25064],[-121.82015,48.25063],[-121.82108,48.25038],[-121.82207,48.24982],[-121.82296,48.24926],[-121.82384,48.24863],[-121.82427,48.24784],[-121.82419,48.24726],[-121.82427,48.24655],[-121.82453,48.24569],[-121.82504,48.24516],[-121.82587,48.24488],[-121.82598,48.24357],[-121.82602,48.24312],[-121.82684,48.24313],[-121.82689,48.24313],[-121.82791,48.24308],[-121.83533,48.24309],[-121.83525,48.23969],[-121.83526,48.22548],[-121.83526,48.22474],[-121.83498,48.21044],[-121.83911,48.2104],[-121.84808,48.21037],[-121.84722,48.2091],[-121.8457,48.2083],[-121.84529,48.20748],[-121.84528,48.20672],[-121.84583,48.2066],[-121.84613,48.20559],[-121.85621,48.20553],[-121.85802,48.2057],[-121.85865,48.20541],[-121.85925,48.20496],[-121.85957,48.20387],[-121.86011,48.20308],[-121.8606,48.20241],[-121.86092,48.2016],[-121.86035,48.20097],[-121.85991,48.20039],[-121.85996,48.20003],[-121.86064,48.19963],[-121.86128,48.19916],[-121.86093,48.19836],[-121.85963,48.19729],[-121.8585,48.19593],[-121.85751,48.19566],[-121.85657,48.19596],[-121.85468,48.19644],[-121.85262,48.19663],[-121.85029,48.19658],[-121.847,48.19591],[-121.84502,48.19544],[-121.84351,48.19523],[-121.84162,48.19453],[-121.84071,48.19372],[-121.83989,48.19256],[-121.83931,48.19158],[-121.83853,48.19065],[-121.83764,48.18997],[-121.837,48.19035],[-121.83667,48.19082],[-121.83666,48.19132],[-121.83566,48.19142],[-121.83376,48.19124],[-121.83299,48.191],[-121.83205,48.1907],[-121.83099,48.19075],[-121.83001,48.19101],[-121.82921,48.19095],[-121.82821,48.19098],[-121.82637,48.19141],[-121.82456,48.19204],[-121.82293,48.1925],[-121.82145,48.19295],[-121.82042,48.19338],[-121.81992,48.19366],[-121.81937,48.19409],[-121.81817,48.1943],[-121.817,48.19466],[-121.81604,48.19487],[-121.81522,48.19503],[-121.81513,48.19705],[-121.81422,48.19719],[-121.81343,48.19741],[-121.81186,48.19738],[-121.81143,48.19724],[-121.81002,48.19742],[-121.8077,48.19762],[-121.80568,48.19792],[-121.80367,48.19804],[-121.80253,48.19869],[-121.80111,48.19843],[-121.79808,48.19834],[-121.79563,48.19865],[-121.7936,48.19882],[-121.79206,48.19911],[-121.79121,48.19934],[-121.79053,48.19966],[-121.78927,48.20004],[-121.7882,48.20033],[-121.7876,48.19998],[-121.78604,48.19934],[-121.78547,48.19984],[-121.78425,48.20104],[-121.78361,48.20159],[-121.78301,48.20222],[-121.78183,48.20182],[-121.78007,48.20133],[-121.77821,48.20116],[-121.77613,48.20066],[-121.77327,48.19984],[-121.77184,48.19926],[-121.77092,48.19798],[-121.77024,48.19747],[-121.76951,48.19636],[-121.76923,48.19423],[-121.77018,48.19355],[-121.77279,48.1914],[-121.77288,48.18888],[-121.78871,48.18881],[-121.78864,48.18811],[-121.78902,48.18763],[-121.79036,48.18766],[-121.79187,48.18772],[-121.79229,48.18738],[-121.79293,48.18674],[-121.79306,48.1858],[-121.79399,48.18569],[-121.79529,48.18551],[-121.79687,48.18548],[-121.79855,48.18471],[-121.8001,48.18401],[-121.80127,48.1841],[-121.80229,48.18464],[-121.80317,48.18513],[-121.80435,48.18526],[-121.80559,48.18511],[-121.8061,48.18463],[-121.80621,48.18343],[-121.80658,48.18241],[-121.80732,48.18205],[-121.80817,48.18162],[-121.80867,48.18058],[-121.80904,48.17971],[-121.80978,48.17773],[-121.81026,48.17629],[-121.81028,48.17471],[-121.8095,48.17372],[-121.80847,48.17252],[-121.80717,48.1717],[-121.8054,48.17143],[-121.80437,48.17124],[-121.80332,48.17079],[-121.80624,48.16812],[-121.80515,48.16769],[-121.80303,48.16676],[-121.80059,48.16551],[-121.79767,48.16475],[-121.79601,48.16475],[-121.79407,48.16529],[-121.79305,48.16575],[-121.79206,48.16624],[-121.79137,48.1656],[-121.79026,48.16483],[-121.78795,48.16461],[-121.78599,48.16454],[-121.78485,48.16446],[-121.78312,48.1643],[-121.78093,48.16459],[-121.77911,48.16477],[-121.77805,48.16498],[-121.7769,48.1653],[-121.77572,48.16557],[-121.77529,48.1657],[-121.77374,48.16551],[-121.77043,48.16489],[-121.76692,48.16426],[-121.76335,48.16371],[-121.76015,48.16354],[-121.75718,48.1632],[-121.75499,48.16272],[-121.7537,48.16244],[-121.7512,48.16202],[-121.74673,48.16125],[-121.73678,48.16046],[-121.73683,48.15965],[-121.7372,48.15911],[-121.73741,48.15844],[-121.73689,48.15786],[-121.7371,48.15716],[-121.73718,48.15564],[-121.73687,48.15479],[-121.7366,48.15429],[-121.73638,48.15373],[-121.73534,48.15269],[-121.73356,48.15227],[-121.73253,48.15192],[-121.73126,48.15174],[-121.7306,48.15154],[-121.73003,48.15103],[-121.72913,48.15044],[-121.72745,48.15031],[-121.72673,48.15052],[-121.72649,48.15082],[-121.72514,48.15108],[-121.72092,48.14947],[-121.72102,48.14892],[-121.7202,48.14809],[-121.71859,48.14688],[-121.71791,48.14622],[-121.71589,48.14576],[-121.71403,48.14511],[-121.7132,48.14474],[-121.71267,48.14488],[-121.71105,48.13866],[-121.71028,48.1383],[-121.70939,48.13772],[-121.7082,48.13766],[-121.70658,48.13658],[-121.70549,48.13541],[-121.70517,48.13445],[-121.70445,48.13457],[-121.70342,48.13507],[-121.70214,48.13371],[-121.70128,48.13267],[-121.70126,48.13161],[-121.70052,48.13001],[-121.69983,48.12834],[-121.69952,48.12659],[-121.69859,48.12483],[-121.69842,48.1244],[-121.69774,48.12361],[-121.69704,48.12325],[-121.69632,48.12262],[-121.69575,48.12186],[-121.6952,48.1213],[-121.69549,48.12092],[-121.69673,48.1202],[-121.69767,48.12001],[-121.69877,48.11997],[-121.69963,48.11975],[-121.70051,48.11921],[-121.70063,48.11762],[-121.70059,48.11635],[-121.70032,48.11581],[-121.70038,48.115],[-121.70047,48.11386],[-121.70096,48.11276],[-121.70164,48.11216],[-121.70247,48.11177],[-121.70397,48.11148],[-121.70508,48.11103],[-121.70593,48.11078],[-121.70714,48.1105],[-121.70758,48.11003],[-121.70738,48.10928],[-121.70638,48.10862],[-121.70561,48.10813],[-121.70522,48.10744],[-121.70438,48.10691],[-121.70357,48.10663],[-121.70322,48.10551],[-121.70311,48.10458],[-121.7024,48.10451],[-121.70134,48.10483],[-121.69974,48.10504],[-121.69741,48.10472],[-121.69481,48.10422],[-121.69156,48.1037],[-121.68926,48.10317],[-121.6878,48.10276],[-121.6873,48.10208],[-121.68556,48.10185],[-121.68507,48.10148],[-121.6825,48.10151],[-121.68187,48.10177],[-121.68061,48.10197],[-121.67924,48.10238],[-121.67845,48.10235],[-121.67711,48.10232],[-121.67501,48.10231],[-121.67437,48.10214],[-121.67448,48.09472],[-121.67605,48.09504],[-121.67898,48.09527],[-121.68067,48.09501],[-121.68278,48.09497],[-121.68466,48.09502],[-121.68725,48.09506],[-121.68851,48.09543],[-121.69037,48.09527],[-121.69168,48.09481],[-121.69394,48.09485],[-121.69679,48.09476],[-121.69693,48.09401],[-121.70658,48.09421],[-121.70687,48.08688],[-121.70715,48.07966],[-121.70134,48.07966],[-121.69653,48.07967],[-121.69607,48.07967],[-121.69097,48.07967],[-121.68549,48.07967],[-121.68522,48.07603],[-121.68026,48.07606],[-121.68033,48.07949],[-121.67972,48.08947],[-121.66697,48.08936],[-121.66697,48.08637],[-121.66692,48.08362],[-121.66553,48.08419],[-121.66435,48.08471],[-121.66334,48.08548],[-121.66193,48.08583],[-121.66041,48.0862],[-121.65846,48.08702],[-121.65727,48.08787],[-121.65624,48.08881],[-121.65484,48.08953],[-121.6537,48.09066],[-121.653,48.09186],[-121.65276,48.09297],[-121.65257,48.09384],[-121.65133,48.09467],[-121.64999,48.09537],[-121.64871,48.09584],[-121.64696,48.09579],[-121.64483,48.09557],[-121.64288,48.09513],[-121.64149,48.09461],[-121.64095,48.09421],[-121.6417,48.09381],[-121.64241,48.09351],[-121.64451,48.09343],[-121.64556,48.09295],[-121.64624,48.09223],[-121.64635,48.09106],[-121.6465,48.09014],[-121.64712,48.0895],[-121.6475,48.08869],[-121.64748,48.08769],[-121.64816,48.08727],[-121.64992,48.08666],[-121.65121,48.08575],[-121.65214,48.08488],[-121.653,48.08396],[-121.65294,48.0835],[-121.65422,48.08307],[-121.65537,48.08287],[-121.65664,48.0829],[-121.65751,48.08279],[-121.6587,48.08276],[-121.6587,48.08236],[-121.65706,48.08172],[-121.65467,48.0812],[-121.65239,48.07991],[-121.65144,48.07902],[-121.65015,48.07855],[-121.64896,48.07804],[-121.6485,48.07834],[-121.64782,48.07971],[-121.64706,48.08119],[-121.64678,48.08217],[-121.64661,48.08277],[-121.64591,48.08349],[-121.64488,48.08429],[-121.64417,48.08497],[-121.64355,48.08568],[-121.64245,48.08592],[-121.64088,48.08643],[-121.63911,48.08638],[-121.63621,48.08622],[-121.63504,48.08621],[-121.63492,48.08685],[-121.63278,48.08678],[-121.62637,48.08693],[-121.62627,48.09014],[-121.62449,48.08877],[-121.62063,48.08816],[-121.61936,48.08765],[-121.61794,48.08654],[-121.61637,48.08616],[-121.61396,48.0849],[-121.61398,48.08347],[-121.6134,48.08246],[-121.61405,48.08119],[-121.61331,48.07939],[-121.61242,48.07867],[-121.61159,48.07724],[-121.61049,48.07567],[-121.60836,48.0744],[-121.60565,48.07398],[-121.60377,48.07389],[-121.60052,48.07429],[-121.59675,48.07505],[-121.59471,48.07548],[-121.59433,48.07556],[-121.59421,48.07979],[-121.59213,48.07979],[-121.58879,48.07982],[-121.58874,48.07782],[-121.58871,48.07639],[-121.58372,48.07636],[-121.58347,48.07635],[-121.57738,48.07702],[-121.57672,48.07709],[-121.57668,48.07855],[-121.57568,48.07863],[-121.57567,48.07978],[-121.57566,48.0804],[-121.57165,48.0802],[-121.57164,48.08021],[-121.5712,48.08061],[-121.57016,48.08104],[-121.56966,48.08136],[-121.56874,48.08124],[-121.56826,48.08118],[-121.56682,48.08133],[-121.56555,48.08184],[-121.56661,48.08802],[-121.56671,48.08858],[-121.56738,48.09203],[-121.56789,48.09441],[-121.56871,48.09614],[-121.56939,48.09786],[-121.575,48.10311],[-121.57739,48.1052],[-121.57856,48.10621],[-121.57861,48.10626],[-121.58005,48.10666],[-121.58148,48.10654],[-121.58294,48.10615],[-121.58433,48.10537],[-121.58523,48.10458],[-121.58627,48.1037],[-121.58742,48.10324],[-121.58854,48.10316],[-121.59028,48.10307],[-121.59214,48.10288],[-121.59309,48.10266],[-121.59742,48.10271],[-121.59739,48.10405],[-121.59703,48.10479],[-121.59685,48.1057],[-121.59659,48.106],[-121.59573,48.10683],[-121.59531,48.10754],[-121.59482,48.10825],[-121.59408,48.10878],[-121.59423,48.11734],[-121.58369,48.11741],[-121.58376,48.12094],[-121.60506,48.12121],[-121.61181,48.12121],[-121.61152,48.12482],[-121.61074,48.13107],[-121.61021,48.13698],[-121.61767,48.13721],[-121.62136,48.13875],[-121.62619,48.13881],[-121.639,48.13888],[-121.64038,48.13994],[-121.64187,48.1407],[-121.64321,48.14138],[-121.64469,48.1419],[-121.64682,48.14225],[-121.64981,48.14291],[-121.65169,48.14353],[-121.65316,48.14419],[-121.65183,48.14563],[-121.65109,48.14683],[-121.65006,48.14727],[-121.64963,48.14752],[-121.6491,48.14716],[-121.64826,48.1467],[-121.64605,48.14627],[-121.64344,48.1461],[-121.64067,48.14632],[-121.63811,48.14667],[-121.63744,48.14699],[-121.63517,48.14692],[-121.63391,48.14704],[-121.63281,48.1472],[-121.63115,48.14694],[-121.62945,48.14671],[-121.62802,48.14679],[-121.6262,48.14697],[-121.6256,48.14711],[-121.62506,48.14689],[-121.62409,48.14659],[-121.62212,48.14682],[-121.62041,48.14722],[-121.61958,48.1478],[-121.61947,48.1491],[-121.61894,48.15003],[-121.61785,48.15056],[-121.61739,48.15096],[-121.61769,48.15189],[-121.61794,48.15253],[-121.61794,48.15354],[-121.6176,48.15449],[-121.61719,48.15584],[-121.61694,48.15675],[-121.61734,48.15745],[-121.61664,48.15766],[-121.61592,48.15794],[-121.61563,48.15846],[-121.61525,48.15947],[-121.61584,48.16034],[-121.61603,48.16151],[-121.61595,48.16246],[-121.61504,48.16243],[-121.61411,48.16243],[-121.61175,48.16276],[-121.60948,48.16309],[-121.60831,48.1636],[-121.60743,48.16427],[-121.60655,48.1649],[-121.60535,48.16583],[-121.6048,48.16642],[-121.60417,48.16657],[-121.60332,48.16704],[-121.60253,48.16764],[-121.60162,48.16765],[-121.60034,48.16781],[-121.59874,48.16825],[-121.59762,48.16897],[-121.59692,48.16957],[-121.59642,48.16978],[-121.59503,48.17116],[-121.59439,48.17214],[-121.5936,48.17297],[-121.59218,48.17368],[-121.59105,48.17519],[-121.59086,48.17715],[-121.59143,48.179],[-121.59193,48.17986],[-121.59094,48.17984],[-121.59047,48.17959],[-121.58948,48.17964],[-121.58873,48.18037],[-121.58793,48.18126],[-121.5872,48.18231],[-121.58677,48.1833],[-121.58626,48.18413],[-121.58584,48.18463],[-121.58494,48.18522],[-121.58403,48.18576],[-121.58315,48.18655],[-121.5822,48.18771],[-121.582,48.18879],[-121.58186,48.18947],[-121.58156,48.19071],[-121.58195,48.19149],[-121.58277,48.19199],[-121.5823,48.19248],[-121.58158,48.19291],[-121.58238,48.19313],[-121.5836,48.19386],[-121.58527,48.19427],[-121.58749,48.19499],[-121.59013,48.19574],[-121.592,48.19645],[-121.59351,48.19672],[-121.59669,48.1977],[-121.59848,48.19793],[-121.59972,48.19978],[-121.60139,48.20096],[-121.60217,48.20208],[-121.60366,48.20333],[-121.60359,48.20459],[-121.60343,48.20621],[-121.60312,48.20759],[-121.60288,48.20834],[-121.60387,48.20927],[-121.6058,48.21052],[-121.60678,48.21107],[-121.60711,48.21228],[-121.60756,48.21371],[-121.60806,48.21464],[-121.60797,48.21569],[-121.6087,48.21639],[-121.61085,48.21803],[-121.61234,48.21948],[-121.6124,48.21982],[-121.61261,48.22034],[-121.61289,48.22109],[-121.61436,48.22112],[-121.61597,48.22116],[-121.62006,48.22124],[-121.62081,48.22119],[-121.6208,48.21086],[-121.62086,48.21086],[-121.62086,48.2022],[-121.62104,48.20082],[-121.62179,48.19978],[-121.62198,48.19883],[-121.62187,48.19806],[-121.62162,48.19741],[-121.62316,48.19725],[-121.6239,48.19688],[-121.62482,48.1962],[-121.62546,48.19557],[-121.62594,48.19483],[-121.62622,48.1945],[-121.62693,48.19445],[-121.62789,48.19345],[-121.62852,48.19339],[-121.6295,48.19232],[-121.63026,48.19188],[-121.63086,48.19032],[-121.63062,48.18989],[-121.63086,48.18901],[-121.63195,48.18921],[-121.63342,48.18925],[-121.63486,48.18881],[-121.63641,48.18829],[-121.63765,48.18701],[-121.63776,48.18614],[-121.6398,48.18759],[-121.64172,48.18854],[-121.64104,48.19041],[-121.64071,48.19174],[-121.63891,48.19264],[-121.63806,48.1938],[-121.63685,48.19468],[-121.63547,48.19547],[-121.63471,48.19633],[-121.63402,48.19729],[-121.63333,48.19809],[-121.63259,48.20008],[-121.6315,48.20195],[-121.63007,48.2037],[-121.62947,48.20542],[-121.62907,48.20668],[-121.62962,48.20715],[-121.63013,48.20855],[-121.63001,48.21064],[-121.62944,48.21169],[-121.62814,48.21362],[-121.62751,48.21451],[-121.62744,48.21491],[-121.62815,48.2168],[-121.62868,48.21872],[-121.62919,48.22085],[-121.62954,48.2225],[-121.6304,48.22354],[-121.63029,48.22459],[-121.6306,48.22504],[-121.63202,48.226],[-121.63821,48.23205],[-121.64718,48.23],[-121.65494,48.23319],[-121.66452,48.2333],[-121.66519,48.23281],[-121.68286,48.23859],[-121.68763,48.23976],[-121.69205,48.23985],[-121.70751,48.24477],[-121.70748,48.24596],[-121.70755,48.24674],[-121.70783,48.24771],[-121.70828,48.24857],[-121.70889,48.24878],[-121.71159,48.24954],[-121.71308,48.24976],[-121.714,48.24934],[-121.71395,48.24874],[-121.71421,48.24789],[-121.71452,48.24749],[-121.71456,48.24684],[-121.71453,48.24606],[-121.71475,48.24524],[-121.71538,48.24489],[-121.716,48.24445],[-121.71675,48.24402],[-121.71757,48.24316],[-121.72302,48.24322],[-121.72324,48.2375],[-121.72346,48.2344],[-121.72321,48.23387],[-121.72276,48.23197],[-121.72229,48.22999],[-121.72167,48.22837],[-121.72121,48.22603],[-121.72102,48.22489],[-121.72172,48.22449],[-121.72307,48.22421],[-121.72476,48.22389],[-121.72732,48.22373],[-121.73077,48.22327],[-121.7324,48.22289],[-121.73284,48.22255],[-121.73327,48.22177],[-121.73376,48.22122],[-121.73468,48.22073],[-121.73588,48.22029],[-121.73721,48.22001],[-121.7387,48.22008],[-121.74038,48.22021],[-121.742,48.22037],[-121.7431,48.22067],[-121.74495,48.22092],[-121.74635,48.22134],[-121.74729,48.22161],[-121.74826,48.22172],[-121.74977,48.22202],[-121.75125,48.22229],[-121.7523,48.22251],[-121.75377,48.22325],[-121.75532,48.2239],[-121.75803,48.22436],[-121.75873,48.22499],[-121.76064,48.2256],[-121.76235,48.22644],[-121.7647,48.22747],[-121.76711,48.228],[-121.76789,48.22819],[-121.76563,48.2311],[-121.76459,48.23207],[-121.76564,48.23265],[-121.76682,48.23297],[-121.76844,48.23334],[-121.77022,48.23401],[-121.77124,48.23444],[-121.77393,48.23535],[-121.77478,48.23593],[-121.77624,48.23735],[-121.77772,48.2386],[-121.77867,48.23973],[-121.77917,48.2404],[-121.78006,48.24061],[-121.78159,48.24051],[-121.78292,48.24111],[-121.78393,48.24132],[-121.7855,48.24207],[-121.78713,48.24269],[-121.78836,48.24241],[-121.78881,48.24282],[-121.78943,48.24297],[-121.79002,48.24284],[-121.79051,48.2443],[-121.7911,48.24472],[-121.79995,48.24466],[-121.8054,48.2422],[-121.81456,48.2422],[-121.81444,48.24941]]]},"properties":{"OBJECTID":532,"NAME":"Boulder River Wilderness","OWNER":"Federal Government","MANAGER":"US Forest Service","MANAGEMENT_TYPE":"Wilderness","GLOBALID":"{F4A24CAE-9EC7-4590-8CBF-13C213CC72FE}"}},{"type":"Feature","id":649,"geometry":{"type":"Polygon","coordinates":[[[-121.90404,48.11513],[-121.90401,48.1102],[-121.90451,48.11039],[-121.90529,48.11038],[-121.90548,48.11025],[-121.90615,48.10958],[-121.90671,48.10819],[-121.90798,48.10785],[-121.90996,48.10486],[-121.91054,48.10466],[-121.9125,48.10444],[-121.91485,48.10415],[-121.91698,48.10281],[-121.91871,48.10153],[-121.91949,48.10146],[-121.92018,48.10125],[-121.92124,48.10078],[-121.92173,48.10064],[-121.92301,48.10056],[-121.92438,48.10054],[-121.92535,48.1002],[-121.92572,48.09928],[-121.92627,48.09776],[-121.92704,48.09703],[-121.92907,48.09588],[-121.93082,48.0954],[-121.9307,48.09455],[-121.93059,48.0906],[-121.92843,48.09063],[-121.92834,48.08734],[-121.92393,48.08739],[-121.92411,48.09068],[-121.92529,48.09066],[-121.92491,48.09462],[-121.92462,48.09482],[-121.92458,48.09699],[-121.92371,48.09766],[-121.92118,48.09848],[-121.91923,48.09903],[-121.91513,48.09973],[-121.91345,48.09962],[-121.91316,48.09982],[-121.91298,48.10042],[-121.91193,48.10129],[-121.91164,48.10168],[-121.90997,48.1017],[-121.90869,48.10146],[-121.9076,48.10127],[-121.90663,48.10148],[-121.90605,48.10195],[-121.90509,48.10295],[-121.90422,48.10316],[-121.89793,48.10316],[-121.89445,48.10176],[-121.89431,48.10005],[-121.89284,48.10013],[-121.88512,48.09029],[-121.87775,48.09031],[-121.8769,48.0915],[-121.87466,48.09225],[-121.87083,48.0923],[-121.86908,48.09284],[-121.86711,48.0928],[-121.86495,48.09289],[-121.86144,48.09372],[-121.86167,48.1028],[-121.8602,48.10282],[-121.86022,48.10354],[-121.8556,48.10326],[-121.85206,48.10331],[-121.85088,48.10332],[-121.85061,48.10437],[-121.85061,48.10793],[-121.8563,48.10786],[-121.85643,48.10918],[-121.85181,48.1087],[-121.85193,48.10962],[-121.8601,48.11045],[-121.86001,48.1069],[-121.86178,48.10688],[-121.86174,48.10556],[-121.86499,48.10552],[-121.86494,48.10381],[-121.86671,48.10379],[-121.86656,48.09787],[-121.86616,48.09768],[-121.86605,48.09722],[-121.86623,48.0965],[-121.86749,48.09589],[-121.87003,48.09566],[-121.8717,48.09538],[-121.8759,48.0948],[-121.87579,48.09421],[-121.88257,48.09427],[-121.88689,48.09435],[-121.88698,48.0977],[-121.88256,48.09769],[-121.8879,48.10276],[-121.88668,48.10501],[-121.89406,48.10907],[-121.89783,48.11442],[-121.90404,48.11513]]]},"properties":{"OBJECTID":649,"NAME":"Robe Canyon County Park","OWNER":"County Government","MANAGER":"County","MANAGEMENT_TYPE":"Park","GLOBALID":"{9AC57FD9-576C-41EB-B71E-69AB9A68BAC6}"}},{"type":"Feature","id":769,"geometry":{"type":"Polygon","coordinates":[[[-121.90816,47.99027],[-121.90829,47.99033],[-121.90843,47.99039],[-121.90856,47.99015],[-121.90843,47.99012],[-121.9083,47.99008],[-121.90809,47.99002],[-121.90816,47.99027]]]},"properties":{"OBJECTID":769,"NAME":" ","OWNER":"County Government","MANAGER":"County","MANAGEMENT_TYPE":"Park","GLOBALID":"{A7721A69-C4DD-4336-82AD-EE1F70BF286A}"}},{"type":"Feature","id":770,"geometry":{"type":"Polygon","coordinates":[[[-121.90862,47.98999],[-121.90893,47.98935],[-121.90777,47.98901],[-121.90801,47.98982],[-121.90837,47.98992],[-121.90849,47.98996],[-121.90862,47.98999]]]},"properties":{"OBJECTID":770,"NAME":" ","OWNER":"County Government","MANAGER":"County","MANAGEMENT_TYPE":"Park","GLOBALID":"{DBD4B187-9215-45E2-B413-4BF7998D714D}"}},{"type":"Feature","id":778,"geometry":{"type":"Polygon","coordinates":[[[-121.90987,47.98259],[-121.91562,47.98256],[-121.9155,47.98246],[-121.91625,47.98245],[-121.91686,47.98244],[-121.91729,47.98246],[-121.91771,47.98249],[-121.91802,47.98211],[-121.91823,47.98182],[-121.91846,47.9814],[-121.91862,47.98115],[-121.91876,47.98101],[-121.91793,47.98053],[-121.91737,47.98107],[-121.91682,47.98114],[-121.91604,47.98066],[-121.9159,47.98043],[-121.91566,47.98021],[-121.90976,47.98022],[-121.90979,47.98081],[-121.90982,47.98141],[-121.90985,47.982],[-121.90987,47.98259]]]},"properties":{"OBJECTID":778,"NAME":" ","OWNER":"County Government","MANAGER":"County","MANAGEMENT_TYPE":"Park","GLOBALID":"{054269A7-48F3-402F-A2DD-5C7FEE09C4C1}"}},{"type":"Feature","id":784,"geometry":{"type":"Polygon","coordinates":[[[-121.82091,47.91054],[-121.82092,47.91035],[-121.81536,47.91057],[-121.81541,47.91307],[-121.81396,47.91408],[-121.80992,47.9142],[-121.81022,47.92107],[-121.80439,47.92111],[-121.80433,47.92504],[-121.80144,47.92516],[-121.80146,47.92876],[-121.7986,47.92889],[-121.7987,47.93057],[-121.79878,47.9323],[-121.79914,47.93198],[-121.79933,47.93177],[-121.7999,47.93156],[-121.801,47.93136],[-121.80245,47.93122],[-121.80359,47.93105],[-121.80439,47.93102],[-121.80489,47.93099],[-121.80604,47.93087],[-121.80703,47.93086],[-121.80776,47.93087],[-121.80803,47.93083],[-121.80829,47.93074],[-121.80901,47.93038],[-121.80962,47.9302],[-121.80988,47.93017],[-121.81006,47.93015],[-121.81006,47.93072],[-121.81006,47.93195],[-121.81069,47.93535],[-121.82112,47.93534],[-121.82179,47.95024],[-121.81844,47.95018],[-121.81839,47.95381],[-121.81829,47.95733],[-121.8182,47.96472],[-121.83978,47.96439],[-121.83963,47.97169],[-121.83959,47.97886],[-121.86117,47.97896],[-121.86122,47.97533],[-121.86126,47.97169],[-121.86131,47.96805],[-121.87209,47.96806],[-121.87209,47.96443],[-121.87184,47.96218],[-121.87727,47.96215],[-121.87727,47.96039],[-121.87196,47.96034],[-121.87204,47.9499],[-121.86472,47.94991],[-121.86133,47.95001],[-121.85598,47.95001],[-121.85377,47.95001],[-121.85062,47.95001],[-121.84829,47.95002],[-121.84871,47.94295],[-121.84343,47.94295],[-121.84342,47.94257],[-121.83757,47.94253],[-121.83737,47.93892],[-121.83193,47.93892],[-121.83184,47.93533],[-121.82648,47.93533],[-121.82107,47.93177],[-121.82102,47.92819],[-121.82093,47.92104],[-121.82083,47.91387],[-121.8209,47.9109],[-121.82091,47.91076],[-121.82091,47.91069],[-121.82091,47.91062],[-121.82091,47.91058],[-121.82091,47.91054]]]},"properties":{"OBJECTID":784,"NAME":"Lake Champlain Watershed","OWNER":"City or Municipal Government","MANAGER":"City or Municipality","MANAGEMENT_TYPE":"Watershed","GLOBALID":"{3B96A9F3-7535-4745-8EF8-42C4896F7545}"}},{"type":"Feature","id":791,"geometry":{"type":"Polygon","coordinates":[[[-121.79709,47.95751],[-121.79671,47.96464],[-121.79939,47.96465],[-121.79967,47.9584],[-121.80231,47.95839],[-121.80234,47.9575],[-121.79709,47.95751]]]},"properties":{"OBJECTID":791,"NAME":"Snohomish County PUD Watershed","OWNER":"County Government","MANAGER":"County","MANAGEMENT_TYPE":"Watershed","GLOBALID":"{D52B4587-9889-4399-8986-2F843141FF46}"}},{"type":"Feature","id":793,"geometry":{"type":"Polygon","coordinates":[[[-121.68951,47.96499],[-121.68953,47.96136],[-121.69504,47.9613],[-121.695,47.95409],[-121.70042,47.95406],[-121.70036,47.95047],[-121.69049,47.95049],[-121.68959,47.9505],[-121.68957,47.95412],[-121.68379,47.95412],[-121.68377,47.96498],[-121.68951,47.96499]]]},"properties":{"OBJECTID":793,"NAME":"Mount Baker-Snoqualmie National Forest","OWNER":"Federal Government","MANAGER":"US Forest Service","MANAGEMENT_TYPE":"Non-Designated Forest","GLOBALID":"{3AB558BD-3F33-46B4-BE67-B450C5808BC2}"}},{"type":"Feature","id":853,"geometry":{"type":"Polygon","coordinates":[[[-121.75451,48.04378],[-121.75448,48.05102],[-121.75447,48.05836],[-121.77619,48.05849],[-121.7872,48.05845],[-121.79703,48.05842],[-121.79714,48.06563],[-121.81821,48.06526],[-121.81823,48.05086],[-121.80737,48.05096],[-121.79736,48.05103],[-121.79726,48.04382],[-121.77601,48.04394],[-121.75451,48.04378]]]},"properties":{"OBJECTID":853,"NAME":"Mount Pilchuck State Park","OWNER":"State Government","MANAGER":"WA State Parks and Recreation Commission","MANAGEMENT_TYPE":"Park","GLOBALID":"{7C12770C-F725-426F-BDB8-BF529DC39C69}"}},{"type":"Feature","id":886,"geometry":{"type":"Polygon","coordinates":[[[-121.86472,47.94991],[-121.86465,47.9448],[-121.85929,47.94481],[-121.8593,47.94294],[-121.85398,47.94294],[-121.84871,47.94295],[-121.84829,47.95002],[-121.85062,47.95001],[-121.85377,47.95001],[-121.85598,47.95001],[-121.86133,47.95001],[-121.86472,47.94991]]]},"properties":{"OBJECTID":886,"NAME":"Snohomish County PUD Watershed","OWNER":"County Government","MANAGER":"County","MANAGEMENT_TYPE":"Watershed","GLOBALID":"{0C4111A7-8FA1-4040-A5AD-F685DB90659F}"}},{"type":"Feature","id":903,"geometry":{"type":"Polygon","coordinates":[[[-121.69067,47.92199],[-121.69076,47.92549],[-121.69084,47.92899],[-121.69099,47.93626],[-121.69632,47.93629],[-121.69618,47.92902],[-121.69885,47.92903],[-121.69879,47.92552],[-121.69872,47.92201],[-121.69604,47.92201],[-121.69067,47.92199]]]},"properties":{"OBJECTID":903,"NAME":"Wallace Falls State Park","OWNER":"State Government","MANAGER":"WA State Parks and Recreation Commission","MANAGEMENT_TYPE":"Park","GLOBALID":"{C278E1D3-485D-40C9-BEAD-04C9E9914C1D}"}},{"type":"Feature","id":913,"geometry":{"type":"Polygon","coordinates":[[[-121.78248,47.92228],[-121.7876,47.92225],[-121.79293,47.92198],[-121.79302,47.92393],[-121.79399,47.92328],[-121.7948,47.92263],[-121.79533,47.92226],[-121.79565,47.92203],[-121.79579,47.92193],[-121.79652,47.92137],[-121.7977,47.9205],[-121.79819,47.9201],[-121.7983,47.92],[-121.79858,47.91978],[-121.79864,47.91973],[-121.79892,47.91455],[-121.79891,47.91097],[-121.78795,47.91139],[-121.78255,47.91145],[-121.78233,47.91864],[-121.78248,47.92228]]]},"properties":{"OBJECTID":913,"NAME":" ","OWNER":"City or Municipal Government","MANAGER":"City or Municipality","MANAGEMENT_TYPE":"Unknown","GLOBALID":"{F0FFB847-B69D-42D3-A83D-D7421455585C}"}},{"type":"Feature","id":923,"geometry":{"type":"Polygon","coordinates":[[[-121.81127,47.91178],[-121.81425,47.91161],[-121.81448,47.91159],[-121.81451,47.91146],[-121.81452,47.91112],[-121.81425,47.91011],[-121.81419,47.90956],[-121.81431,47.90879],[-121.81435,47.90873],[-121.81442,47.90875],[-121.81473,47.90846],[-121.81483,47.90851],[-121.81487,47.90847],[-121.81477,47.90842],[-121.81488,47.90831],[-121.81476,47.90826],[-121.81492,47.90816],[-121.81523,47.90796],[-121.81523,47.90778],[-121.81521,47.90712],[-121.8152,47.90678],[-121.81499,47.90679],[-121.81387,47.90685],[-121.81277,47.90692],[-121.81277,47.90723],[-121.81278,47.90762],[-121.81279,47.90788],[-121.81178,47.90794],[-121.81181,47.90917],[-121.8112,47.9092],[-121.81127,47.91178]]]},"properties":{"OBJECTID":923,"NAME":"Snohomish County PUD Watershed","OWNER":"County Government","MANAGER":"County","MANAGEMENT_TYPE":"Watershed","GLOBALID":"{E9CBA8A9-59C4-4BD7-A7AD-CE0A8E5CA45D}"}},{"type":"Feature","id":1277,"geometry":{"type":"MultiPolygon","coordinates":[[[[-121.45232,47.74985],[-121.45211,47.74973],[-121.45036,47.74831],[-121.44843,47.74674],[-121.44812,47.74653],[-121.44767,47.74635],[-121.44764,47.74634],[-121.44761,47.74632],[-121.44758,47.74631],[-121.44755,47.7463],[-121.44752,47.74629],[-121.44749,47.74627],[-121.44746,47.74626],[-121.44743,47.74625],[-121.4474,47.74624],[-121.44736,47.74622],[-121.44706,47.74613],[-121.44199,47.74614],[-121.44206,47.74471],[-121.43975,47.74336],[-121.43906,47.74208],[-121.43941,47.74093],[-121.43975,47.74069],[-121.44009,47.74092],[-121.44061,47.74208],[-121.44112,47.74266],[-121.44367,47.74449],[-121.44371,47.74451],[-121.44375,47.74451],[-121.44379,47.74453],[-121.44383,47.74454],[-121.44387,47.74455],[-121.44551,47.74492],[-121.44715,47.74532],[-121.44719,47.74533],[-121.44723,47.74535],[-121.44727,47.74536],[-121.44731,47.74537],[-121.44735,47.74538],[-121.44739,47.74539],[-121.44743,47.74541],[-121.44746,47.74542],[-121.4475,47.74543],[-121.44754,47.74544],[-121.44758,47.74546],[-121.44762,47.74547],[-121.44766,47.74549],[-121.44769,47.7455],[-121.44773,47.74551],[-121.44777,47.74553],[-121.44781,47.74554],[-121.44784,47.74556],[-121.44788,47.74557],[-121.44792,47.74559],[-121.44795,47.7456],[-121.44799,47.74562],[-121.44803,47.74563],[-121.44806,47.74565],[-121.4481,47.74566],[-121.44814,47.74568],[-121.44817,47.7457],[-121.44821,47.74571],[-121.44824,47.74573],[-121.44828,47.74575],[-121.44831,47.74576],[-121.44835,47.74578],[-121.44838,47.7458],[-121.44842,47.74582],[-121.44845,47.74583],[-121.44849,47.74585],[-121.44852,47.74587],[-121.44855,47.74589],[-121.44859,47.74591],[-121.44862,47.74592],[-121.44865,47.74594],[-121.44869,47.74596],[-121.44872,47.74598],[-121.44875,47.746],[-121.44878,47.74602],[-121.44881,47.74604],[-121.44885,47.74606],[-121.44888,47.74608],[-121.44891,47.7461],[-121.44894,47.74612],[-121.44897,47.74614],[-121.449,47.74616],[-121.44903,47.74618],[-121.44907,47.7462],[-121.45169,47.74785],[-121.45171,47.74787],[-121.45173,47.74789],[-121.45176,47.74791],[-121.45233,47.7486],[-121.45232,47.74985],[-121.45284,47.74984],[-121.45306,47.74983],[-121.4552,47.74978],[-121.45532,47.74984],[-121.45596,47.74984],[-121.45749,47.75018],[-121.45956,47.75039],[-121.46186,47.75035],[-121.46264,47.7506],[-121.46321,47.75085],[-121.46372,47.75126],[-121.46443,47.752],[-121.46613,47.75337],[-121.46728,47.75412],[-121.46841,47.75464],[-121.47393,47.75777],[-121.47457,47.75812],[-121.47386,47.75171],[-121.47366,47.74994],[-121.47359,47.74931],[-121.49505,47.74925],[-121.496,47.74921],[-121.51733,47.74954],[-121.51765,47.76453],[-121.5181,47.7778],[-121.5183,47.78143],[-121.51302,47.78144],[-121.50846,47.78146],[-121.50279,47.78136],[-121.50281,47.77782],[-121.50702,47.77781],[-121.5067,47.77077],[-121.49689,47.77082],[-121.49695,47.77403],[-121.50005,47.77783],[-121.50081,47.77886],[-121.50189,47.78065],[-121.50162,47.78132],[-121.50144,47.78278],[-121.50022,47.78484],[-121.50081,47.78501],[-121.50208,47.7846],[-121.50284,47.78455],[-121.50422,47.78497],[-121.50694,47.78748],[-121.50762,47.78817],[-121.50884,47.7886],[-121.50892,47.78867],[-121.51124,47.79074],[-121.51279,47.79146],[-121.51297,47.79169],[-121.51462,47.79197],[-121.51561,47.79179],[-121.51565,47.79233],[-121.51281,47.79235],[-121.51213,47.79235],[-121.50274,47.79238],[-121.50286,47.78868],[-121.4975,47.78868],[-121.49733,47.78514],[-121.49702,47.77783],[-121.47478,47.77813],[-121.46138,47.77834],[-121.46148,47.77844],[-121.46182,47.77856],[-121.46218,47.77865],[-121.46249,47.77876],[-121.46277,47.77889],[-121.46303,47.77882],[-121.4633,47.77872],[-121.46368,47.77871],[-121.46407,47.77873],[-121.46456,47.7789],[-121.46521,47.77909],[-121.4657,47.77922],[-121.46621,47.77946],[-121.46678,47.77977],[-121.46711,47.77988],[-121.46733,47.77988],[-121.46779,47.77996],[-121.46815,47.78015],[-121.46838,47.78035],[-121.4687,47.78076],[-121.469,47.78097],[-121.46925,47.7811],[-121.46947,47.78131],[-121.4697,47.78139],[-121.4701,47.78165],[-121.47031,47.78182],[-121.47041,47.78186],[-121.47064,47.7819],[-121.47095,47.78197],[-121.47174,47.7823],[-121.47195,47.78243],[-121.47218,47.78262],[-121.47232,47.78273],[-121.47258,47.78282],[-121.47303,47.78303],[-121.47359,47.7834],[-121.47379,47.78359],[-121.47388,47.78389],[-121.47397,47.78428],[-121.47406,47.78443],[-121.47401,47.78468],[-121.47382,47.78487],[-121.47374,47.78506],[-121.47377,47.78515],[-121.474,47.78551],[-121.47417,47.78607],[-121.47426,47.78635],[-121.47427,47.78658],[-121.47413,47.78675],[-121.47413,47.78694],[-121.47414,47.78709],[-121.47414,47.78739],[-121.47418,47.7878],[-121.47418,47.78799],[-121.4741,47.78824],[-121.47399,47.78837],[-121.47394,47.78847],[-121.47394,47.7886],[-121.47403,47.78877],[-121.47406,47.78907],[-121.47398,47.78922],[-121.47404,47.78935],[-121.47432,47.7895],[-121.47441,47.78974],[-121.47438,47.78995],[-121.47439,47.7902],[-121.47439,47.79033],[-121.47453,47.79051],[-121.47454,47.79074],[-121.47454,47.791],[-121.47452,47.79117],[-121.47441,47.79131],[-121.47436,47.79144],[-121.4743,47.79155],[-121.4743,47.79165],[-121.47445,47.79176],[-121.47464,47.79189],[-121.47487,47.79206],[-121.4749,47.79221],[-121.47499,47.79232],[-121.47513,47.79243],[-121.47533,47.79262],[-121.47544,47.79273],[-121.47564,47.79294],[-121.47564,47.79311],[-121.47563,47.79335],[-121.47559,47.79354],[-121.47552,47.79376],[-121.47546,47.79392],[-121.47547,47.79399],[-121.47552,47.79412],[-121.47561,47.79424],[-121.4756,47.79439],[-121.47555,47.79452],[-121.47537,47.79465],[-121.4752,47.79476],[-121.47506,47.79485],[-121.47492,47.79499],[-121.47479,47.79509],[-121.47456,47.79521],[-121.47428,47.79534],[-121.47404,47.79543],[-121.47381,47.79548],[-121.47363,47.79554],[-121.47352,47.79554],[-121.47339,47.79553],[-121.4733,47.7955],[-121.4732,47.79533],[-121.47314,47.79528],[-121.47308,47.79526],[-121.47293,47.79526],[-121.47279,47.79531],[-121.47259,47.79534],[-121.47237,47.79537],[-121.4722,47.7954],[-121.47201,47.79539],[-121.47187,47.79536],[-121.47177,47.79528],[-121.47166,47.79514],[-121.47153,47.79505],[-121.47144,47.79505],[-121.47131,47.79504],[-121.47105,47.79507],[-121.47078,47.79512],[-121.47069,47.79512],[-121.47058,47.79509],[-121.47047,47.79501],[-121.47022,47.79482],[-121.47011,47.79468],[-121.46997,47.79443],[-121.46969,47.79442],[-121.46914,47.79434],[-121.4688,47.79434],[-121.46856,47.79427],[-121.46843,47.79419],[-121.46818,47.79408],[-121.46776,47.79408],[-121.46745,47.79399],[-121.46708,47.79385],[-121.46675,47.79384],[-121.46639,47.79373],[-121.46608,47.79362],[-121.4657,47.79356],[-121.46544,47.79345],[-121.46506,47.7933],[-121.46473,47.79314],[-121.46448,47.79298],[-121.46424,47.79295],[-121.46397,47.79289],[-121.46386,47.7928],[-121.46355,47.79266],[-121.46324,47.79239],[-121.46312,47.79229],[-121.46286,47.79226],[-121.46261,47.79209],[-121.46246,47.79207],[-121.46226,47.79206],[-121.46208,47.79206],[-121.4618,47.79202],[-121.46149,47.7919],[-121.46126,47.79174],[-121.46091,47.79168],[-121.46075,47.79169],[-121.46055,47.79155],[-121.46044,47.79148],[-121.46013,47.79139],[-121.45971,47.79123],[-121.45938,47.79109],[-121.45915,47.79094],[-121.45886,47.79078],[-121.45858,47.79072],[-121.45827,47.7907],[-121.45798,47.79067],[-121.45789,47.79058],[-121.45769,47.79033],[-121.45747,47.79032],[-121.45707,47.79017],[-121.45687,47.79013],[-121.45669,47.79001],[-121.45645,47.78989],[-121.45624,47.7897],[-121.45606,47.78947],[-121.45595,47.78944],[-121.45578,47.78941],[-121.45558,47.7894],[-121.45522,47.78937],[-121.45491,47.78927],[-121.45451,47.78912],[-121.45436,47.78903],[-121.45419,47.78902],[-121.45332,47.78889],[-121.45276,47.78881],[-121.4524,47.78872],[-121.45189,47.78862],[-121.45148,47.78848],[-121.45117,47.78834],[-121.4509,47.78832],[-121.45057,47.78834],[-121.45033,47.78837],[-121.45002,47.78838],[-121.44973,47.78833],[-121.44935,47.78832],[-121.449,47.78837],[-121.44843,47.78844],[-121.44794,47.78861],[-121.44714,47.7887],[-121.44652,47.78871],[-121.44592,47.78863],[-121.44548,47.78856],[-121.44499,47.7884],[-121.44475,47.7883],[-121.44455,47.78831],[-121.44436,47.78835],[-121.44408,47.78838],[-121.44393,47.78838],[-121.44375,47.78838],[-121.44343,47.78825],[-121.44298,47.78807],[-121.44258,47.7879],[-121.44212,47.78769],[-121.44172,47.78749],[-121.44145,47.78733],[-121.44122,47.78723],[-121.44092,47.78716],[-121.44047,47.7871],[-121.4396,47.78699],[-121.43922,47.78691],[-121.43885,47.78678],[-121.43845,47.78675],[-121.4381,47.78675],[-121.43756,47.78675],[-121.43691,47.78656],[-121.43648,47.78651],[-121.43593,47.78655],[-121.43566,47.78655],[-121.43529,47.78654],[-121.43491,47.78639],[-121.43461,47.78627],[-121.43434,47.78612],[-121.43396,47.78591],[-121.43371,47.78583],[-121.43351,47.78581],[-121.43304,47.78577],[-121.43276,47.7857],[-121.43241,47.78559],[-121.43219,47.78559],[-121.43201,47.78561],[-121.43184,47.78574],[-121.43167,47.78574],[-121.43147,47.78575],[-121.43122,47.7857],[-121.43099,47.78562],[-121.43069,47.78542],[-121.43031,47.78512],[-121.43011,47.78488],[-121.42998,47.78468],[-121.42986,47.78457],[-121.42965,47.7845],[-121.42938,47.78439],[-121.4291,47.78426],[-121.42883,47.78409],[-121.4286,47.78391],[-121.42845,47.78386],[-121.42805,47.78366],[-121.42765,47.7834],[-121.42712,47.78316],[-121.42667,47.783],[-121.4261,47.78295],[-121.42565,47.78284],[-121.42517,47.78281],[-121.4244,47.78265],[-121.42375,47.78245],[-121.42317,47.78207],[-121.42314,47.78192],[-121.42294,47.78177],[-121.42274,47.78156],[-121.42263,47.78112],[-121.42255,47.78089],[-121.42215,47.78076],[-121.42158,47.78061],[-121.42091,47.7806],[-121.42061,47.78065],[-121.42036,47.78094],[-121.42002,47.78128],[-121.41916,47.78177],[-121.41857,47.78204],[-121.41855,47.78221],[-121.41885,47.78236],[-121.41927,47.78254],[-121.41983,47.78285],[-121.42015,47.78314],[-121.42041,47.78344],[-121.42051,47.78355],[-121.42061,47.78357],[-121.42083,47.78357],[-121.42101,47.78363],[-121.42114,47.78387],[-121.42129,47.78398],[-121.42169,47.78415],[-121.42212,47.78441],[-121.42237,47.78481],[-121.4227,47.78493],[-121.42285,47.78499],[-121.4232,47.78499],[-121.42367,47.78502],[-121.42442,47.78521],[-121.42487,47.78536],[-121.42522,47.78553],[-121.42557,47.78578],[-121.4257,47.78596],[-121.42595,47.78597],[-121.42625,47.786],[-121.42677,47.78613],[-121.42715,47.7862],[-121.42755,47.78638],[-121.42798,47.7867],[-121.42828,47.78693],[-121.42863,47.78713],[-121.42901,47.78724],[-121.42953,47.78749],[-121.43021,47.78765],[-121.43081,47.7878],[-121.43143,47.78799],[-121.432,47.78832],[-121.43262,47.78854],[-121.43311,47.78879],[-121.43349,47.7889],[-121.434,47.78909],[-121.43462,47.78945],[-121.43531,47.78976],[-121.43615,47.7901],[-121.43662,47.79016],[-121.43698,47.79009],[-121.43755,47.79007],[-121.43832,47.79007],[-121.439,47.79015],[-121.43947,47.79031],[-121.44027,47.78847],[-121.44049,47.78851],[-121.44052,47.78852],[-121.4407,47.7886],[-121.44121,47.78895],[-121.44134,47.78902],[-121.44252,47.78933],[-121.44294,47.78949],[-121.44335,47.78961],[-121.44363,47.78973],[-121.44398,47.78993],[-121.44429,47.79016],[-121.44442,47.79029],[-121.44447,47.79037],[-121.44462,47.79048],[-121.44472,47.79054],[-121.44478,47.79056],[-121.44492,47.79059],[-121.44514,47.79062],[-121.44592,47.79057],[-121.44637,47.79049],[-121.44751,47.79026],[-121.44808,47.79016],[-121.44824,47.79014],[-121.44856,47.79015],[-121.44904,47.79015],[-121.44967,47.7902],[-121.44978,47.79021],[-121.45042,47.79033],[-121.45056,47.79032],[-121.45094,47.79027],[-121.45128,47.79028],[-121.45158,47.79033],[-121.45193,47.79045],[-121.45195,47.79046],[-121.45216,47.79054],[-121.45242,47.79067],[-121.45249,47.79072],[-121.45314,47.79119],[-121.45343,47.79132],[-121.45381,47.79143],[-121.45437,47.79151],[-121.45443,47.79153],[-121.45469,47.79161],[-121.45493,47.79173],[-121.45511,47.79186],[-121.45516,47.7919],[-121.4553,47.79203],[-121.45536,47.79213],[-121.45569,47.79251],[-121.45567,47.79458],[-121.45568,47.7977],[-121.45572,47.79771],[-121.45608,47.79788],[-121.4563,47.79804],[-121.45652,47.79822],[-121.45666,47.79834],[-121.457,47.79843],[-121.45734,47.79853],[-121.45776,47.79869],[-121.45811,47.79881],[-121.45833,47.79894],[-121.45877,47.79904],[-121.45908,47.7992],[-121.45943,47.7994],[-121.45957,47.7995],[-121.46006,47.79964],[-121.4604,47.79978],[-121.46079,47.8],[-121.46089,47.80014],[-121.46103,47.80029],[-121.4611,47.80036],[-121.46122,47.8004],[-121.46139,47.80038],[-121.4616,47.80038],[-121.46194,47.80037],[-121.46224,47.80038],[-121.46271,47.80049],[-121.46312,47.80064],[-121.46366,47.8008],[-121.46441,47.80104],[-121.46478,47.80117],[-121.4653,47.80137],[-121.46544,47.80148],[-121.46543,47.80168],[-121.46545,47.80197],[-121.46537,47.80217],[-121.46537,47.80229],[-121.46537,47.80238],[-121.46537,47.80251],[-121.46537,47.80257],[-121.46541,47.80259],[-121.46546,47.80259],[-121.46559,47.80257],[-121.46578,47.8025],[-121.46599,47.8024],[-121.46618,47.80234],[-121.46643,47.80229],[-121.46673,47.80222],[-121.46691,47.80217],[-121.4671,47.80215],[-121.46727,47.80216],[-121.46743,47.8022],[-121.46759,47.80225],[-121.46782,47.80231],[-121.46804,47.80231],[-121.46828,47.80231],[-121.46856,47.80231],[-121.469,47.80237],[-121.46934,47.80244],[-121.46964,47.80243],[-121.46989,47.80243],[-121.47015,47.80249],[-121.47047,47.80263],[-121.47062,47.80264],[-121.47087,47.80264],[-121.47114,47.80269],[-121.4715,47.80278],[-121.4718,47.80282],[-121.47225,47.80293],[-121.47258,47.80307],[-121.47276,47.80308],[-121.47298,47.80307],[-121.47332,47.80307],[-121.4736,47.80311],[-121.47396,47.80314],[-121.47424,47.8032],[-121.4745,47.80332],[-121.47485,47.80332],[-121.47515,47.80338],[-121.47532,47.80354],[-121.47546,47.80365],[-121.47558,47.80369],[-121.47576,47.80372],[-121.47609,47.80393],[-121.47623,47.80413],[-121.47632,47.80434],[-121.47632,47.80259],[-121.47648,47.80269],[-121.47661,47.80281],[-121.47668,47.80294],[-121.47677,47.80305],[-121.47693,47.80309],[-121.47718,47.80296],[-121.47727,47.80285],[-121.4774,47.8027],[-121.47765,47.8027],[-121.47807,47.80275],[-121.47838,47.80288],[-121.47869,47.80305],[-121.47882,47.80313],[-121.4792,47.80316],[-121.47948,47.80326],[-121.47987,47.8034],[-121.48009,47.80346],[-121.48028,47.80346],[-121.48057,47.80358],[-121.48072,47.80363],[-121.48103,47.80362],[-121.48135,47.80362],[-121.48186,47.80379],[-121.48205,47.80391],[-121.48214,47.804],[-121.4823,47.80404],[-121.48262,47.80404],[-121.48289,47.80402],[-121.48319,47.80405],[-121.48337,47.80418],[-121.48353,47.80428],[-121.48353,47.80439],[-121.48354,47.80449],[-121.4836,47.80454],[-121.48404,47.80453],[-121.48436,47.80457],[-121.48458,47.80468],[-121.48477,47.80476],[-121.48493,47.80482],[-121.48516,47.80486],[-121.48528,47.8049],[-121.48547,47.80507],[-121.48563,47.80532],[-121.48567,47.80539],[-121.48573,47.80545],[-121.48588,47.80553],[-121.48598,47.80556],[-121.48611,47.8056],[-121.48623,47.80569],[-121.4863,47.8058],[-121.48665,47.80593],[-121.48693,47.80597],[-121.48712,47.80605],[-121.48726,47.80614],[-121.4875,47.80618],[-121.48788,47.80618],[-121.48819,47.80619],[-121.48847,47.80627],[-121.48871,47.80638],[-121.48918,47.80661],[-121.48943,47.80678],[-121.48978,47.80694],[-121.48991,47.80701],[-121.48998,47.80707],[-121.49008,47.80723],[-121.49026,47.80732],[-121.49067,47.80747],[-121.49099,47.80761],[-121.49112,47.80776],[-121.49124,47.80787],[-121.49134,47.80801],[-121.49154,47.80814],[-121.49185,47.80825],[-121.49212,47.80833],[-121.49239,47.80841],[-121.49264,47.80856],[-121.49283,47.80876],[-121.49295,47.80889],[-121.49323,47.80899],[-121.49368,47.80929],[-121.49407,47.80968],[-121.4943,47.80993],[-121.4944,47.81009],[-121.49455,47.8103],[-121.49463,47.81047],[-121.49481,47.81063],[-121.49513,47.81076],[-121.49533,47.81095],[-121.4955,47.81114],[-121.49558,47.81127],[-121.49559,47.81141],[-121.49579,47.81154],[-121.49612,47.81169],[-121.49644,47.81185],[-121.49677,47.81214],[-121.49697,47.81231],[-121.49725,47.81244],[-121.49754,47.81267],[-121.4977,47.81286],[-121.49805,47.81313],[-121.49839,47.81329],[-121.49853,47.81349],[-121.49863,47.81359],[-121.49872,47.81378],[-121.49876,47.81397],[-121.49892,47.81416],[-121.49909,47.81427],[-121.49934,47.81442],[-121.49948,47.8146],[-121.4995,47.81476],[-121.49937,47.81484],[-121.49919,47.8149],[-121.49875,47.81497],[-121.49826,47.815],[-121.49783,47.81509],[-121.49743,47.81517],[-121.49712,47.81527],[-121.49683,47.81528],[-121.49654,47.81528],[-121.49584,47.81528],[-121.49501,47.81529],[-121.49447,47.81529],[-121.49415,47.81527],[-121.49388,47.81527],[-121.4934,47.81546],[-121.49297,47.81563],[-121.49262,47.81576],[-121.49228,47.81585],[-121.49209,47.81591],[-121.49203,47.816],[-121.49197,47.81608],[-121.49215,47.81606],[-121.49259,47.81606],[-121.49324,47.81609],[-121.49372,47.81612],[-121.49554,47.81627],[-121.49602,47.81634],[-121.49643,47.8164],[-121.49741,47.81662],[-121.49853,47.81693],[-121.49979,47.81715],[-121.50023,47.81728],[-121.5007,47.81745],[-121.5011,47.81761],[-121.50123,47.81763],[-121.50178,47.81783],[-121.50226,47.81796],[-121.50321,47.8182],[-121.50481,47.81863],[-121.50639,47.81907],[-121.50668,47.81919],[-121.50719,47.81943],[-121.50781,47.81975],[-121.50779,47.81985],[-121.50784,47.8201],[-121.50803,47.82066],[-121.50815,47.82104],[-121.50814,47.82143],[-121.50799,47.82188],[-121.50792,47.82237],[-121.50783,47.82256],[-121.50779,47.82276],[-121.50787,47.8229],[-121.50807,47.82302],[-121.50833,47.82315],[-121.50901,47.82346],[-121.50952,47.82367],[-121.51037,47.82394],[-121.51067,47.82405],[-121.51073,47.82415],[-121.51073,47.82427],[-121.51045,47.82462],[-121.50973,47.82509],[-121.5083,47.82594],[-121.50786,47.82626],[-121.50759,47.82654],[-121.5073,47.82688],[-121.50701,47.82724],[-121.50697,47.82732],[-121.50697,47.8275],[-121.50709,47.82767],[-121.50728,47.82804],[-121.50733,47.82843],[-121.50732,47.82899],[-121.50711,47.8294],[-121.50672,47.82984],[-121.5061,47.83039],[-121.50565,47.83058],[-121.5054,47.83062],[-121.50515,47.83072],[-121.50504,47.83067],[-121.50481,47.83051],[-121.50458,47.83028],[-121.50437,47.82997],[-121.5043,47.82999],[-121.50419,47.83014],[-121.50407,47.83049],[-121.50399,47.83107],[-121.50348,47.83154],[-121.50265,47.83229],[-121.50184,47.83303],[-121.50158,47.83328],[-121.50157,47.83357],[-121.50151,47.83376],[-121.50136,47.83393],[-121.50118,47.834],[-121.50103,47.83407],[-121.50101,47.83415],[-121.50103,47.8342],[-121.50094,47.83448],[-121.50066,47.83466],[-121.50061,47.83479],[-121.50061,47.83495],[-121.50071,47.83511],[-121.50083,47.83536],[-121.50084,47.83564],[-121.50067,47.83584],[-121.50073,47.83602],[-121.50087,47.83611],[-121.50095,47.8363],[-121.50097,47.83652],[-121.50084,47.83667],[-121.50061,47.83685],[-121.50053,47.83702],[-121.50053,47.83707],[-121.50063,47.83718],[-121.50078,47.83745],[-121.50088,47.83773],[-121.50088,47.83801],[-121.50075,47.83819],[-121.50079,47.83834],[-121.50109,47.83859],[-121.50119,47.83872],[-121.5012,47.83887],[-121.50124,47.83919],[-121.50133,47.83943],[-121.50141,47.83956],[-121.50145,47.83977],[-121.50145,47.83985],[-121.50153,47.83994],[-121.50142,47.84006],[-121.5011,47.84009],[-121.50073,47.8402],[-121.5003,47.84027],[-121.5,47.84036],[-121.49985,47.84048],[-121.49989,47.84061],[-121.50025,47.84095],[-121.50041,47.84116],[-121.50042,47.8414],[-121.50042,47.84174],[-121.50031,47.84206],[-121.50013,47.84213],[-121.49994,47.84217],[-121.49982,47.84233],[-121.49984,47.84244],[-121.49985,47.84263],[-121.49997,47.84284],[-121.49999,47.84308],[-121.49998,47.84326],[-121.50002,47.84333],[-121.50006,47.84347],[-121.49995,47.84363],[-121.49945,47.8437],[-121.49904,47.84375],[-121.49896,47.84383],[-121.49897,47.84401],[-121.49897,47.84423],[-121.49933,47.84451],[-121.49957,47.84459],[-121.49989,47.8448],[-121.50001,47.84504],[-121.50045,47.84527],[-121.50071,47.84542],[-121.50087,47.84564],[-121.50095,47.84589],[-121.50094,47.84628],[-121.50091,47.84649],[-121.50083,47.84659],[-121.50073,47.84668],[-121.50071,47.84675],[-121.50072,47.84689],[-121.50062,47.84716],[-121.50051,47.84736],[-121.50051,47.84753],[-121.50052,47.84769],[-121.50044,47.84785],[-121.50036,47.848],[-121.50029,47.84813],[-121.50019,47.84826],[-121.50009,47.84836],[-121.5001,47.84857],[-121.5002,47.84875],[-121.50018,47.84887],[-121.50011,47.84894],[-121.50924,47.849],[-121.51,47.84901],[-121.51172,47.84902],[-121.51188,47.84902],[-121.51209,47.84902],[-121.5121,47.849],[-121.51209,47.84896],[-121.512,47.84859],[-121.5119,47.84836],[-121.51188,47.84821],[-121.51185,47.84816],[-121.51183,47.84802],[-121.51171,47.84773],[-121.51155,47.84737],[-121.51147,47.84715],[-121.51139,47.84683],[-121.51126,47.84655],[-121.51111,47.84614],[-121.5111,47.84609],[-121.51109,47.84605],[-121.51106,47.84589],[-121.51081,47.84523],[-121.51071,47.84465],[-121.51069,47.84427],[-121.51069,47.84421],[-121.51068,47.84414],[-121.51067,47.8437],[-121.51065,47.84364],[-121.5106,47.84353],[-121.51016,47.84308],[-121.50999,47.84294],[-121.50987,47.84286],[-121.50942,47.84258],[-121.5093,47.84248],[-121.50921,47.84231],[-121.50919,47.84224],[-121.50904,47.84203],[-121.50893,47.84189],[-121.50879,47.84167],[-121.50871,47.84149],[-121.50871,47.84133],[-121.50872,47.84127],[-121.5088,47.84109],[-121.50891,47.84095],[-121.50903,47.84085],[-121.50924,47.84068],[-121.50931,47.84061],[-121.50942,47.84046],[-121.50951,47.84027],[-121.50953,47.84023],[-121.50964,47.83992],[-121.50983,47.83948],[-121.50991,47.83923],[-121.50998,47.83888],[-121.51003,47.83874],[-121.51004,47.83868],[-121.51005,47.83862],[-121.51009,47.83853],[-121.51025,47.83811],[-121.51042,47.83776],[-121.51049,47.83761],[-121.51065,47.8373],[-121.51068,47.83719],[-121.51069,47.83671],[-121.51073,47.83656],[-121.51075,47.83636],[-121.51077,47.83631],[-121.51079,47.83609],[-121.51082,47.83599],[-121.51094,47.83579],[-121.51108,47.83566],[-121.51148,47.83539],[-121.51165,47.8353],[-121.51186,47.8353],[-121.5125,47.83529],[-121.51298,47.83431],[-121.51299,47.83428],[-121.51316,47.83386],[-121.51329,47.83371],[-121.51465,47.83291],[-121.51553,47.83215],[-121.51601,47.83159],[-121.51625,47.83099],[-121.5164,47.8306],[-121.51652,47.82986],[-121.51652,47.82973],[-121.51652,47.82966],[-121.51651,47.82922],[-121.51657,47.82858],[-121.51684,47.82791],[-121.51739,47.82737],[-121.51799,47.82705],[-121.5186,47.82696],[-121.51922,47.82687],[-121.52007,47.82686],[-121.52006,47.82646],[-121.52005,47.82624],[-121.52005,47.82604],[-121.52005,47.82579],[-121.52005,47.82563],[-121.52004,47.8251],[-121.51995,47.82108],[-121.51994,47.82092],[-121.5199,47.81737],[-121.52536,47.81739],[-121.52538,47.82092],[-121.5304,47.82092],[-121.54171,47.82105],[-121.54713,47.82103],[-121.54712,47.81995],[-121.5471,47.81824],[-121.54707,47.81392],[-121.54706,47.81355],[-121.54103,47.81331],[-121.54185,47.80657],[-121.51978,47.80673],[-121.51952,47.80261],[-121.51951,47.80245],[-121.5195,47.8023],[-121.5195,47.80219],[-121.51948,47.80196],[-121.51889,47.79231],[-121.52466,47.7923],[-121.52482,47.79586],[-121.54194,47.79572],[-121.54191,47.79911],[-121.56327,47.79913],[-121.56864,47.79914],[-121.57467,47.79915],[-121.57466,47.80273],[-121.58001,47.80265],[-121.58018,47.79415],[-121.57827,47.79266],[-121.57273,47.79433],[-121.57228,47.7929],[-121.57221,47.79245],[-121.57214,47.79206],[-121.572,47.79128],[-121.57635,47.79095],[-121.57708,47.78939],[-121.58233,47.79014],[-121.58168,47.79159],[-121.58404,47.79209],[-121.58405,47.79214],[-121.58517,47.79215],[-121.58484,47.80645],[-121.59478,47.80657],[-121.59465,47.81341],[-121.5999,47.81343],[-121.60024,47.80648],[-121.60569,47.80639],[-121.62722,47.80601],[-121.62726,47.79127],[-121.64908,47.79117],[-121.64995,47.77713],[-121.64827,47.77712],[-121.63623,47.77703],[-121.63302,47.77701],[-121.63294,47.76492],[-121.62745,47.76499],[-121.60636,47.76507],[-121.6064,47.75836],[-121.58491,47.75815],[-121.58485,47.74953],[-121.58541,47.74357],[-121.58513,47.73509],[-121.58535,47.72942],[-121.58535,47.72234],[-121.58535,47.72062],[-121.58539,47.71805],[-121.58541,47.7173],[-121.58548,47.71526],[-121.58561,47.70605],[-121.58563,47.70363],[-121.58565,47.701],[-121.58533,47.69161],[-121.58557,47.68627],[-121.58607,47.67789],[-121.58641,47.6722],[-121.5864,47.67181],[-121.58663,47.66482],[-121.58651,47.66225],[-121.58637,47.65932],[-121.58627,47.65755],[-121.59718,47.6578],[-121.60775,47.65766],[-121.60824,47.65079],[-121.60772,47.64324],[-121.58645,47.64314],[-121.58631,47.65414],[-121.58595,47.65383],[-121.58561,47.65361],[-121.58535,47.65347],[-121.58517,47.65338],[-121.58491,47.65325],[-121.58469,47.65313],[-121.58367,47.65258],[-121.58336,47.65242],[-121.58309,47.65225],[-121.58288,47.65204],[-121.58277,47.65192],[-121.58269,47.65184],[-121.58262,47.6518],[-121.5825,47.65172],[-121.58232,47.65162],[-121.58217,47.65157],[-121.58198,47.65152],[-121.5817,47.65147],[-121.58096,47.65131],[-121.57982,47.65098],[-121.57944,47.65086],[-121.57922,47.65077],[-121.57896,47.65062],[-121.57885,47.65049],[-121.57869,47.65033],[-121.57852,47.65019],[-121.57828,47.65006],[-121.57613,47.64907],[-121.57577,47.6489],[-121.57555,47.64871],[-121.57525,47.64837],[-121.57521,47.6483],[-121.57455,47.6475],[-121.5743,47.64724],[-121.574,47.64702],[-121.57364,47.64687],[-121.5732,47.64671],[-121.57271,47.64658],[-121.57218,47.64647],[-121.57188,47.6463],[-121.57158,47.64609],[-121.5714,47.64586],[-121.57134,47.64574],[-121.57107,47.64539],[-121.57095,47.64516],[-121.57071,47.64463],[-121.57066,47.64448],[-121.57067,47.6443],[-121.57063,47.64404],[-121.57056,47.64381],[-121.57049,47.64348],[-121.57045,47.64306],[-121.56654,47.64304],[-121.55583,47.64309],[-121.55526,47.64263],[-121.55461,47.64213],[-121.55413,47.64184],[-121.5539,47.64158],[-121.55386,47.64119],[-121.55345,47.64108],[-121.55327,47.64096],[-121.55317,47.64083],[-121.5533,47.64057],[-121.55315,47.64019],[-121.55302,47.6398],[-121.553,47.63961],[-121.55274,47.63962],[-121.55257,47.63967],[-121.55233,47.63966],[-121.55218,47.6396],[-121.5521,47.63949],[-121.55199,47.63915],[-121.55193,47.63905],[-121.5517,47.63897],[-121.55123,47.63892],[-121.551,47.63883],[-121.55069,47.63864],[-121.55004,47.63815],[-121.54989,47.63792],[-121.54978,47.63768],[-121.54969,47.63748],[-121.54959,47.63723],[-121.5494,47.63712],[-121.54896,47.6373],[-121.54849,47.63732],[-121.54796,47.63712],[-121.54711,47.6364],[-121.54673,47.63603],[-121.54651,47.63563],[-121.54626,47.6353],[-121.54601,47.63539],[-121.5456,47.63549],[-121.54508,47.63566],[-121.5447,47.63591],[-121.54396,47.63658],[-121.54334,47.63718],[-121.54273,47.63761],[-121.54211,47.6379],[-121.54139,47.63798],[-121.54065,47.63794],[-121.53963,47.63772],[-121.53891,47.63753],[-121.5377,47.63705],[-121.53677,47.63671],[-121.53583,47.63643],[-121.53539,47.63627],[-121.53504,47.63612],[-121.53485,47.63609],[-121.53467,47.63621],[-121.53445,47.63631],[-121.5342,47.63641],[-121.53395,47.63642],[-121.53371,47.63637],[-121.53331,47.63625],[-121.53299,47.63609],[-121.53253,47.63595],[-121.53148,47.6355],[-121.53133,47.6354],[-121.53099,47.63533],[-121.53079,47.6353],[-121.53028,47.63513],[-121.53013,47.63496],[-121.53011,47.63487],[-121.52987,47.63487],[-121.52947,47.6348],[-121.52889,47.63458],[-121.52851,47.63437],[-121.52775,47.63393],[-121.5264,47.63304],[-121.52592,47.63277],[-121.52553,47.63256],[-121.52529,47.63229],[-121.52516,47.63207],[-121.52472,47.63205],[-121.52445,47.632],[-121.52386,47.63178],[-121.52319,47.63136],[-121.52236,47.63086],[-121.52042,47.6297],[-121.51998,47.62936],[-121.51974,47.62916],[-121.51933,47.62904],[-121.51878,47.62885],[-121.51832,47.62854],[-121.51792,47.62827],[-121.51623,47.62686],[-121.51543,47.62609],[-121.51479,47.62538],[-121.51309,47.62328],[-121.5129,47.62305],[-121.51265,47.62262],[-121.51247,47.62211],[-121.51249,47.62197],[-121.51248,47.62176],[-121.51252,47.62102],[-121.51244,47.62094],[-121.51227,47.62076],[-121.5121,47.62049],[-121.51199,47.62022],[-121.51203,47.62006],[-121.51213,47.61987],[-121.51233,47.61969],[-121.51234,47.61952],[-121.50967,47.61979],[-121.50862,47.61982],[-121.50755,47.61979],[-121.5069,47.6198],[-121.50576,47.61971],[-121.50445,47.61969],[-121.50133,47.6195],[-121.49921,47.61906],[-121.49821,47.61882],[-121.49706,47.61844],[-121.49602,47.61801],[-121.49543,47.61774],[-121.49482,47.61759],[-121.49447,47.61741],[-121.49422,47.61741],[-121.49387,47.61737],[-121.49287,47.61714],[-121.49035,47.61597],[-121.48971,47.61563],[-121.4891,47.61524],[-121.48819,47.61442],[-121.48803,47.61423],[-121.48076,47.61415],[-121.47812,47.61413],[-121.47457,47.61411],[-121.4746,47.61421],[-121.4746,47.61429],[-121.47474,47.61446],[-121.47498,47.61471],[-121.47501,47.61489],[-121.47505,47.615],[-121.47527,47.6152],[-121.47544,47.61534],[-121.47544,47.61547],[-121.47552,47.61557],[-121.47581,47.61576],[-121.47622,47.6161],[-121.47756,47.61735],[-121.47873,47.61922],[-121.47993,47.62017],[-121.48192,47.6214],[-121.48317,47.62258],[-121.48459,47.62339],[-121.48559,47.62385],[-121.48587,47.62417],[-121.48646,47.62437],[-121.48704,47.62452],[-121.4877,47.62481],[-121.48836,47.62499],[-121.48954,47.62508],[-121.49011,47.62522],[-121.49176,47.62583],[-121.49252,47.62584],[-121.49339,47.62586],[-121.49439,47.6261],[-121.49544,47.62646],[-121.49723,47.62716],[-121.49884,47.62794],[-121.49978,47.62838],[-121.50044,47.62872],[-121.50095,47.62902],[-121.50225,47.62982],[-121.50282,47.63007],[-121.50346,47.63058],[-121.50427,47.63181],[-121.50459,47.63202],[-121.5052,47.63231],[-121.50552,47.63248],[-121.50569,47.63261],[-121.50572,47.63279],[-121.5064,47.63316],[-121.50717,47.63363],[-121.50747,47.63386],[-121.50777,47.63413],[-121.50792,47.63435],[-121.50808,47.63494],[-121.5084,47.63525],[-121.50875,47.6357],[-121.50884,47.636],[-121.50886,47.63628],[-121.50885,47.63651],[-121.5091,47.63675],[-121.50976,47.63699],[-121.51033,47.63714],[-121.51077,47.63708],[-121.5114,47.63692],[-121.51193,47.6368],[-121.51267,47.63685],[-121.51393,47.63697],[-121.51518,47.63704],[-121.51605,47.63713],[-121.51606,47.63728],[-121.51596,47.6375],[-121.51573,47.63764],[-121.5155,47.63788],[-121.51536,47.63822],[-121.51516,47.63855],[-121.51493,47.63878],[-121.51485,47.639],[-121.51546,47.63912],[-121.51747,47.63939],[-121.51846,47.63963],[-121.51929,47.64],[-121.51993,47.64035],[-121.52021,47.64064],[-121.5204,47.6408],[-121.52079,47.64097],[-121.52134,47.64133],[-121.52179,47.64164],[-121.52209,47.64191],[-121.52243,47.64204],[-121.52318,47.64239],[-121.524,47.64275],[-121.52481,47.64314],[-121.52615,47.64371],[-121.52687,47.64399],[-121.52766,47.6443],[-121.52794,47.64442],[-121.52847,47.6445],[-121.52889,47.64473],[-121.529,47.64491],[-121.52951,47.64511],[-121.53026,47.64556],[-121.53053,47.6457],[-121.53062,47.64584],[-121.53085,47.64577],[-121.53117,47.64566],[-121.53186,47.64566],[-121.53324,47.646],[-121.53353,47.64588],[-121.53389,47.64581],[-121.53438,47.64583],[-121.53526,47.64595],[-121.53607,47.6461],[-121.53672,47.64633],[-121.53696,47.64637],[-121.5371,47.64642],[-121.53831,47.64722],[-121.53881,47.64762],[-121.53915,47.64806],[-121.53945,47.64816],[-121.5398,47.64817],[-121.54036,47.64833],[-121.54102,47.6486],[-121.54164,47.64886],[-121.54118,47.64963],[-121.54046,47.65047],[-121.53909,47.65212],[-121.53826,47.65307],[-121.53767,47.65381],[-121.5372,47.65501],[-121.53697,47.65567],[-121.53691,47.65616],[-121.53383,47.65876],[-121.53135,47.66133],[-121.52972,47.66355],[-121.53097,47.66395],[-121.53157,47.66408],[-121.53209,47.66415],[-121.53294,47.66444],[-121.53418,47.66523],[-121.53457,47.66549],[-121.53511,47.66592],[-121.53561,47.66637],[-121.53589,47.66679],[-121.53624,47.66736],[-121.53638,47.66773],[-121.53501,47.66857],[-121.53413,47.66931],[-121.53375,47.66957],[-121.53288,47.67074],[-121.53213,47.67206],[-121.53186,47.67302],[-121.53023,47.67553],[-121.52896,47.67552],[-121.52766,47.67531],[-121.52681,47.67523],[-121.52625,47.67514],[-121.52555,47.67513],[-121.52499,47.67514],[-121.52428,47.67495],[-121.52349,47.67467],[-121.52282,47.67451],[-121.52188,47.67442],[-121.52084,47.67425],[-121.51979,47.67402],[-121.51853,47.67359],[-121.51792,47.67339],[-121.51637,47.67278],[-121.51578,47.67246],[-121.51459,47.67186],[-121.5142,47.67159],[-121.514,47.67151],[-121.51348,47.67131],[-121.5127,47.67103],[-121.51138,47.67042],[-121.51069,47.67006],[-121.51007,47.66956],[-121.50982,47.66923],[-121.50918,47.66887],[-121.50847,47.66852],[-121.5079,47.66808],[-121.50767,47.66783],[-121.50726,47.66775],[-121.50688,47.66764],[-121.50664,47.66747],[-121.50611,47.66713],[-121.50474,47.66618],[-121.50437,47.66592],[-121.50419,47.66568],[-121.5041,47.66559],[-121.50372,47.66551],[-121.50343,47.66541],[-121.50307,47.66529],[-121.50292,47.66514],[-121.50271,47.66506],[-121.50238,47.66501],[-121.50238,47.67223],[-121.50237,47.69177],[-121.49603,47.69177],[-121.48071,47.69175],[-121.47442,47.69174],[-121.45918,47.6917],[-121.45294,47.69178],[-121.45252,47.70616],[-121.45253,47.70656],[-121.43196,47.70665],[-121.42991,47.70663],[-121.42441,47.7065],[-121.41828,47.69973],[-121.42089,47.69968],[-121.41951,47.69792],[-121.41785,47.69614],[-121.42061,47.69611],[-121.42948,47.69265],[-121.42871,47.69182],[-121.40875,47.69178],[-121.40894,47.69537],[-121.39818,47.69547],[-121.39837,47.69904],[-121.40913,47.69895],[-121.40951,47.70613],[-121.41018,47.72082],[-121.39729,47.72098],[-121.38873,47.72109],[-121.38857,47.71895],[-121.38723,47.71842],[-121.38552,47.71768],[-121.38531,47.71757],[-121.38508,47.71751],[-121.38481,47.71747],[-121.38459,47.71745],[-121.38442,47.71741],[-121.38431,47.7174],[-121.38411,47.71735],[-121.38377,47.71727],[-121.38335,47.71723],[-121.38324,47.71719],[-121.38309,47.71717],[-121.38299,47.71714],[-121.38295,47.71712],[-121.38261,47.71703],[-121.38249,47.71697],[-121.38233,47.71691],[-121.38219,47.71686],[-121.38204,47.71678],[-121.38199,47.71673],[-121.38192,47.71671],[-121.3818,47.71667],[-121.38173,47.71664],[-121.38165,47.71663],[-121.3815,47.71659],[-121.38141,47.71652],[-121.38131,47.71646],[-121.38122,47.71641],[-121.38116,47.71633],[-121.38103,47.71625],[-121.38096,47.71621],[-121.38089,47.71616],[-121.3808,47.71608],[-121.38041,47.71583],[-121.38014,47.71563],[-121.38,47.71536],[-121.37991,47.71522],[-121.37985,47.71514],[-121.37977,47.71502],[-121.3797,47.71494],[-121.37966,47.71484],[-121.37963,47.71446],[-121.37961,47.71438],[-121.37956,47.71427],[-121.37951,47.71416],[-121.37944,47.71385],[-121.37944,47.71376],[-121.37948,47.71344],[-121.37954,47.71339],[-121.37959,47.7133],[-121.37965,47.71325],[-121.37972,47.71319],[-121.37972,47.71304],[-121.37965,47.71294],[-121.37948,47.71281],[-121.37936,47.71278],[-121.37928,47.71273],[-121.37917,47.71268],[-121.37909,47.71264],[-121.37897,47.71261],[-121.37883,47.71259],[-121.37857,47.71261],[-121.37836,47.71257],[-121.37803,47.71252],[-121.37781,47.71246],[-121.37759,47.71242],[-121.37698,47.71221],[-121.37672,47.71211],[-121.3762,47.7119],[-121.37585,47.71177],[-121.37562,47.71168],[-121.37552,47.71162],[-121.37525,47.71148],[-121.37514,47.71144],[-121.37499,47.7114],[-121.37481,47.71136],[-121.37471,47.71133],[-121.37458,47.71127],[-121.37451,47.71126],[-121.37446,47.71125],[-121.37431,47.71125],[-121.37412,47.71124],[-121.37399,47.71121],[-121.37384,47.71116],[-121.37364,47.7111],[-121.37355,47.71104],[-121.37345,47.71101],[-121.37337,47.71096],[-121.37328,47.71092],[-121.37322,47.71089],[-121.37318,47.71086],[-121.37313,47.71079],[-121.3731,47.71074],[-121.3731,47.71067],[-121.37249,47.71051],[-121.37208,47.7104],[-121.37185,47.71034],[-121.37206,47.70932],[-121.3721,47.7092],[-121.37021,47.70864],[-121.36798,47.70852],[-121.36621,47.70908],[-121.36649,47.71394],[-121.34482,47.71461],[-121.3451,47.72028],[-121.33713,47.72039],[-121.33686,47.72075],[-121.33669,47.72117],[-121.3366,47.72152],[-121.3365,47.7222],[-121.3344,47.72225],[-121.33457,47.72573],[-121.32926,47.72587],[-121.32908,47.72231],[-121.32365,47.72237],[-121.32327,47.71553],[-121.32324,47.71506],[-121.31255,47.71516],[-121.31261,47.71156],[-121.30725,47.71155],[-121.30726,47.71063],[-121.3019,47.7106],[-121.30194,47.70794],[-121.30189,47.69998],[-121.30188,47.69889],[-121.30173,47.6987],[-121.30157,47.69847],[-121.30149,47.69817],[-121.30143,47.69786],[-121.30136,47.69747],[-121.30136,47.69725],[-121.30136,47.69719],[-121.30108,47.69713],[-121.29654,47.69712],[-121.29657,47.7042],[-121.29485,47.70424],[-121.29493,47.70455],[-121.29488,47.70486],[-121.29482,47.70507],[-121.29469,47.70532],[-121.29449,47.70563],[-121.29426,47.70595],[-121.29405,47.7062],[-121.29383,47.70643],[-121.29362,47.70662],[-121.29327,47.70686],[-121.29291,47.70706],[-121.29253,47.70727],[-121.2922,47.70744],[-121.29184,47.70756],[-121.29158,47.70761],[-121.2913,47.70768],[-121.29134,47.70793],[-121.28986,47.70793],[-121.2879,47.70852],[-121.28669,47.7088],[-121.28439,47.70907],[-121.28332,47.70933],[-121.28224,47.70984],[-121.28044,47.71141],[-121.28035,47.71502],[-121.28017,47.72218],[-121.25895,47.72223],[-121.25903,47.70771],[-121.25385,47.70768],[-121.25378,47.70792],[-121.25349,47.70803],[-121.25326,47.70816],[-121.25297,47.70837],[-121.25262,47.70859],[-121.25234,47.70877],[-121.252,47.70895],[-121.25154,47.70913],[-121.25121,47.70922],[-121.25092,47.70929],[-121.25065,47.70934],[-121.25033,47.70936],[-121.24993,47.70935],[-121.24791,47.70932],[-121.24619,47.70929],[-121.24524,47.70926],[-121.2443,47.70925],[-121.24356,47.70925],[-121.24303,47.7093],[-121.24256,47.7094],[-121.24213,47.70949],[-121.2417,47.70962],[-121.24125,47.70968],[-121.2408,47.70968],[-121.24031,47.70965],[-121.23984,47.7096],[-121.23947,47.70955],[-121.23908,47.70948],[-121.23868,47.70942],[-121.23767,47.70942],[-121.23769,47.71772],[-121.23769,47.71817],[-121.23769,47.71867],[-121.2377,47.7221],[-121.21662,47.7221],[-121.21657,47.72559],[-121.2059,47.72557],[-121.20603,47.72206],[-121.21662,47.7221],[-121.21669,47.71717],[-121.21669,47.71708],[-121.2167,47.71672],[-121.21677,47.71184],[-121.21622,47.71215],[-121.21575,47.71241],[-121.21519,47.71264],[-121.2145,47.71305],[-121.21407,47.71335],[-121.21373,47.71347],[-121.21339,47.71357],[-121.21305,47.71362],[-121.21267,47.71362],[-121.21243,47.71361],[-121.21214,47.71357],[-121.21188,47.71353],[-121.21163,47.71349],[-121.21138,47.7134],[-121.21095,47.71329],[-121.2106,47.71321],[-121.21011,47.71308],[-121.20979,47.71299],[-121.20945,47.71293],[-121.20914,47.71291],[-121.20879,47.71292],[-121.20834,47.71292],[-121.20795,47.71297],[-121.20761,47.71306],[-121.20725,47.71318],[-121.20686,47.71331],[-121.20662,47.71341],[-121.20629,47.71353],[-121.20583,47.71363],[-121.20543,47.71369],[-121.20509,47.71371],[-121.20473,47.71371],[-121.20432,47.71372],[-121.20393,47.71372],[-121.20348,47.7137],[-121.20319,47.71369],[-121.20289,47.71367],[-121.20255,47.71366],[-121.20225,47.71363],[-121.20189,47.7136],[-121.20143,47.71357],[-121.20114,47.71355],[-121.20081,47.71351],[-121.20051,47.71348],[-121.2002,47.71344],[-121.19993,47.71338],[-121.19954,47.71334],[-121.19921,47.71336],[-121.19891,47.71342],[-121.19868,47.71348],[-121.19827,47.7136],[-121.19778,47.71374],[-121.19737,47.7138],[-121.19704,47.7138],[-121.1967,47.71379],[-121.19632,47.71378],[-121.19593,47.71375],[-121.1957,47.71373],[-121.19569,47.71114],[-121.19568,47.70751],[-121.18478,47.70754],[-121.18482,47.71117],[-121.18464,47.71476],[-121.17391,47.71476],[-121.16756,47.71482],[-121.16165,47.71479],[-121.16175,47.71485],[-121.16216,47.71508],[-121.16244,47.71524],[-121.16267,47.71537],[-121.16325,47.71565],[-121.16399,47.71575],[-121.16499,47.71579],[-121.16589,47.71594],[-121.16693,47.71617],[-121.16803,47.71658],[-121.16854,47.7168],[-121.16895,47.71706],[-121.16969,47.71736],[-121.17056,47.71765],[-121.17154,47.71784],[-121.1722,47.71792],[-121.17382,47.7182],[-121.17382,47.71843],[-121.17382,47.71855],[-121.17237,47.71834],[-121.17102,47.71815],[-121.16996,47.71792],[-121.16877,47.7176],[-121.16771,47.71729],[-121.16699,47.71697],[-121.16592,47.71669],[-121.16443,47.71653],[-121.16325,47.71635],[-121.16243,47.71617],[-121.16161,47.71583],[-121.16106,47.71535],[-121.16029,47.71486],[-121.15919,47.71483],[-121.1576,47.71483],[-121.15763,47.71385],[-121.15685,47.71368],[-121.15571,47.71386],[-121.15475,47.71421],[-121.15372,47.71473],[-121.1533,47.71509],[-121.15285,47.71549],[-121.15216,47.71617],[-121.15217,47.71519],[-121.1524,47.7151],[-121.15266,47.7149],[-121.15333,47.71441],[-121.15406,47.71391],[-121.15499,47.71348],[-121.15621,47.71312],[-121.1571,47.71312],[-121.15773,47.71317],[-121.15763,47.7111],[-121.1522,47.71209],[-121.15222,47.71005],[-121.1525,47.70992],[-121.15283,47.70966],[-121.15319,47.70941],[-121.15366,47.70913],[-121.15404,47.70889],[-121.15444,47.70869],[-121.15473,47.70855],[-121.155,47.70843],[-121.15531,47.7083],[-121.15561,47.70817],[-121.15591,47.70807],[-121.15629,47.70796],[-121.15669,47.70788],[-121.15721,47.70779],[-121.1577,47.70773],[-121.15801,47.7077],[-121.15832,47.70757],[-121.15835,47.70757],[-121.15882,47.7077],[-121.15931,47.70774],[-121.15978,47.70781],[-121.16039,47.70797],[-121.16094,47.70815],[-121.16159,47.70838],[-121.16339,47.70901],[-121.16503,47.7096],[-121.16703,47.71031],[-121.16859,47.71086],[-121.172,47.71211],[-121.17393,47.7128],[-121.17398,47.70756],[-121.18246,47.70754],[-121.18067,47.70643],[-121.17932,47.7054],[-121.17814,47.70378],[-121.17682,47.70187],[-121.17523,47.70038],[-121.1733,47.69847],[-121.17285,47.6974],[-121.16932,47.69948],[-121.16652,47.70086],[-121.16374,47.70198],[-121.16223,47.70245],[-121.16041,47.70297],[-121.15856,47.70332],[-121.15699,47.70361],[-121.15603,47.70372],[-121.15594,47.70388],[-121.15586,47.70406],[-121.15583,47.70422],[-121.15566,47.70458],[-121.15554,47.70486],[-121.15537,47.70507],[-121.15463,47.70582],[-121.15419,47.70626],[-121.15356,47.70686],[-121.15287,47.70757],[-121.15225,47.70757],[-121.14176,47.70765],[-121.14149,47.70765],[-121.14143,47.71112],[-121.13596,47.71115],[-121.13609,47.70764],[-121.13071,47.70762],[-121.10944,47.70748],[-121.10952,47.69292],[-121.09796,47.69301],[-121.09422,47.69522],[-121.09315,47.69657],[-121.0926,47.69721],[-121.09214,47.69764],[-121.09173,47.698],[-121.09099,47.69879],[-121.09077,47.69937],[-121.09096,47.69971],[-121.09105,47.70037],[-121.09137,47.70081],[-121.09136,47.7017],[-121.09095,47.7023],[-121.09026,47.70284],[-121.08993,47.70316],[-121.0898,47.70349],[-121.0898,47.70378],[-121.0902,47.70411],[-121.09081,47.70451],[-121.09175,47.70545],[-121.09242,47.70607],[-121.09309,47.70687],[-121.0935,47.70758],[-121.09375,47.70797],[-121.09471,47.70879],[-121.09524,47.70948],[-121.09556,47.70999],[-121.09647,47.71083],[-121.0966,47.71111],[-121.09635,47.71143],[-121.09591,47.71197],[-121.09478,47.7131],[-121.09353,47.71453],[-121.09157,47.71737],[-121.08795,47.72168],[-121.08404,47.72314],[-121.08459,47.72423],[-121.08464,47.72446],[-121.08484,47.72525],[-121.08523,47.72599],[-121.08549,47.72629],[-121.08588,47.72695],[-121.08617,47.72726],[-121.08632,47.72754],[-121.08694,47.7281],[-121.08716,47.72824],[-121.08737,47.7285],[-121.08735,47.72863],[-121.08678,47.72909],[-121.0863,47.72926],[-121.08515,47.72955],[-121.08478,47.72992],[-121.08483,47.7302],[-121.08514,47.73098],[-121.08519,47.73129],[-121.08513,47.73201],[-121.08495,47.7323],[-121.08473,47.73246],[-121.08455,47.73259],[-121.08361,47.7332],[-121.08229,47.73386],[-121.08185,47.73416],[-121.08153,47.73447],[-121.08127,47.73483],[-121.0811,47.73528],[-121.08091,47.73645],[-121.08077,47.73703],[-121.08043,47.73768],[-121.0797,47.73854],[-121.07898,47.73898],[-121.079,47.7392],[-121.07924,47.73938],[-121.08661,47.73644],[-121.08754,47.73644],[-121.1091,47.72824],[-121.10907,47.72951],[-121.09061,47.73643],[-121.08754,47.73644],[-121.08757,47.73763],[-121.08036,47.74041],[-121.0809,47.74143],[-121.08164,47.74257],[-121.08213,47.74303],[-121.08283,47.74341],[-121.08486,47.74392],[-121.08634,47.74429],[-121.08706,47.74454],[-121.08781,47.74487],[-121.08971,47.7461],[-121.08992,47.74633],[-121.08998,47.7466],[-121.08997,47.74716],[-121.09024,47.74768],[-121.09095,47.74869],[-121.0916,47.75041],[-121.09181,47.7508],[-121.09217,47.75163],[-121.09265,47.7531],[-121.09271,47.75403],[-121.09284,47.75453],[-121.09279,47.75527],[-121.09292,47.75581],[-121.09366,47.75702],[-121.0938,47.75778],[-121.0939,47.75805],[-121.09402,47.75819],[-121.09434,47.75837],[-121.09454,47.75841],[-121.0946,47.75843],[-121.09501,47.7584],[-121.09543,47.7583],[-121.09558,47.75834],[-121.09653,47.75874],[-121.09695,47.75885],[-121.09732,47.75882],[-121.09737,47.75882],[-121.09744,47.75884],[-121.09749,47.75884],[-121.09799,47.75906],[-121.0983,47.75912],[-121.09849,47.75906],[-121.09852,47.75906],[-121.09869,47.75901],[-121.09897,47.7588],[-121.09936,47.75845],[-121.09996,47.75776],[-121.10046,47.75732],[-121.10079,47.75715],[-121.10121,47.75703],[-121.10241,47.75692],[-121.1029,47.75691],[-121.10597,47.75682],[-121.10611,47.75682],[-121.10646,47.75681],[-121.10761,47.75688],[-121.10941,47.75721],[-121.10995,47.75744],[-121.11051,47.75783],[-121.11077,47.75815],[-121.11078,47.75819],[-121.11314,47.75787],[-121.11686,47.75739],[-121.11966,47.75724],[-121.12023,47.75721],[-121.12318,47.75597],[-121.12625,47.75486],[-121.12871,47.75404],[-121.13037,47.75442],[-121.13034,47.75105],[-121.15189,47.75105],[-121.15196,47.73661],[-121.17346,47.73665],[-121.17353,47.7511],[-121.19563,47.75111],[-121.19563,47.75022],[-121.1956,47.74521],[-121.1958,47.74517],[-121.19695,47.74472],[-121.19724,47.74452],[-121.19755,47.74424],[-121.19782,47.74395],[-121.198,47.74377],[-121.1983,47.74358],[-121.19851,47.7435],[-121.1991,47.74337],[-121.19928,47.74333],[-121.20021,47.74301],[-121.20052,47.74291],[-121.20063,47.74288],[-121.20182,47.74258],[-121.20219,47.74256],[-121.20278,47.74256],[-121.20316,47.74254],[-121.20343,47.74245],[-121.20384,47.74233],[-121.204,47.74224],[-121.20408,47.74217],[-121.20428,47.74197],[-121.20447,47.74186],[-121.20476,47.74175],[-121.20515,47.74158],[-121.20531,47.74147],[-121.2057,47.74118],[-121.20588,47.74106],[-121.20625,47.74074],[-121.20638,47.74058],[-121.20652,47.74035],[-121.20671,47.74001],[-121.20676,47.7399],[-121.207,47.73945],[-121.20702,47.73938],[-121.20728,47.73878],[-121.2073,47.7387],[-121.20738,47.73858],[-121.20749,47.73843],[-121.20759,47.73824],[-121.20761,47.73815],[-121.20766,47.738],[-121.20769,47.73786],[-121.20773,47.73771],[-121.20775,47.7376],[-121.20778,47.73752],[-121.2078,47.73738],[-121.20791,47.73712],[-121.20803,47.7369],[-121.20814,47.73679],[-121.20841,47.7364],[-121.20851,47.73623],[-121.20863,47.73605],[-121.20885,47.73578],[-121.20899,47.73565],[-121.20909,47.73554],[-121.20939,47.73519],[-121.20961,47.73484],[-121.20967,47.73473],[-121.20968,47.73465],[-121.20971,47.73456],[-121.20973,47.73447],[-121.20976,47.73435],[-121.20979,47.73418],[-121.2098,47.73403],[-121.21009,47.73411],[-121.21042,47.73418],[-121.21151,47.7343],[-121.21219,47.73434],[-121.21293,47.7344],[-121.21317,47.73444],[-121.21431,47.73474],[-121.21493,47.73484],[-121.21554,47.73489],[-121.21599,47.73486],[-121.21675,47.73471],[-121.21696,47.73468],[-121.21721,47.73468],[-121.21788,47.7347],[-121.21896,47.73483],[-121.22012,47.73507],[-121.22075,47.73517],[-121.22155,47.73521],[-121.2217,47.7352],[-121.22191,47.73523],[-121.22223,47.73534],[-121.22259,47.73549],[-121.2227,47.73556],[-121.22338,47.73601],[-121.22351,47.73606],[-121.22402,47.73626],[-121.22425,47.73633],[-121.23202,47.73633],[-121.23261,47.73656],[-121.23303,47.73676],[-121.23366,47.73703],[-121.23437,47.73725],[-121.23508,47.73748],[-121.23603,47.73764],[-121.23671,47.73763],[-121.23724,47.73745],[-121.23816,47.73748],[-121.23959,47.73799],[-121.24086,47.73814],[-121.24184,47.73826],[-121.24342,47.73885],[-121.24454,47.73898],[-121.2449,47.73918],[-121.24529,47.73959],[-121.24577,47.74031],[-121.24611,47.74102],[-121.24638,47.74164],[-121.24636,47.74214],[-121.24728,47.74231],[-121.24791,47.74249],[-121.24867,47.74246],[-121.24939,47.74246],[-121.25036,47.7425],[-121.25105,47.74253],[-121.25144,47.74254],[-121.25185,47.74252],[-121.25245,47.74241],[-121.25294,47.74221],[-121.25367,47.74189],[-121.25454,47.74156],[-121.2556,47.74126],[-121.26302,47.74024],[-121.26659,47.73867],[-121.27061,47.7382],[-121.27123,47.73788],[-121.27155,47.73758],[-121.27179,47.73713],[-121.27201,47.73658],[-121.27298,47.73579],[-121.27351,47.73545],[-121.27531,47.73514],[-121.27608,47.73472],[-121.27661,47.7347],[-121.27739,47.73469],[-121.27815,47.73469],[-121.27876,47.73473],[-121.27949,47.73483],[-121.2801,47.73498],[-121.28078,47.73529],[-121.28166,47.73564],[-121.28206,47.73579],[-121.28279,47.7361],[-121.28336,47.73627],[-121.28395,47.7362],[-121.28462,47.73612],[-121.28517,47.73607],[-121.28541,47.73608],[-121.28549,47.73295],[-121.29075,47.73292],[-121.29074,47.73653],[-121.3014,47.73648],[-121.31138,47.74098],[-121.31129,47.74139],[-121.31111,47.74178],[-121.31098,47.74199],[-121.31104,47.74224],[-121.31109,47.74255],[-121.31097,47.7428],[-121.31092,47.74328],[-121.31077,47.74371],[-121.31062,47.74415],[-121.31049,47.74452],[-121.31037,47.74496],[-121.31032,47.74532],[-121.31017,47.74562],[-121.30986,47.74591],[-121.30955,47.74622],[-121.30906,47.7467],[-121.30872,47.74714],[-121.30857,47.74734],[-121.30852,47.74759],[-121.30847,47.74785],[-121.30837,47.74822],[-121.30828,47.74861],[-121.30804,47.74892],[-121.30776,47.74913],[-121.30776,47.74922],[-121.30784,47.74931],[-121.30785,47.74966],[-121.30785,47.74982],[-121.30777,47.75003],[-121.30764,47.75023],[-121.30765,47.75033],[-121.30767,47.75046],[-121.30776,47.75077],[-121.30776,47.751],[-121.30774,47.75123],[-121.30754,47.75186],[-121.30726,47.7524],[-121.30698,47.75305],[-121.30688,47.75321],[-121.30688,47.75328],[-121.30688,47.75335],[-121.30688,47.75348],[-121.30688,47.75369],[-121.30686,47.75396],[-121.30684,47.75429],[-121.3069,47.75457],[-121.30688,47.75491],[-121.30675,47.75541],[-121.30663,47.75571],[-121.3066,47.75581],[-121.3066,47.7559],[-121.3066,47.75596],[-121.30682,47.75613],[-121.3069,47.75633],[-121.30701,47.75672],[-121.30699,47.75697],[-121.30699,47.75743],[-121.307,47.75777],[-121.30685,47.75816],[-121.30667,47.75856],[-121.30659,47.75885],[-121.3066,47.75895],[-121.30665,47.75913],[-121.3066,47.75931],[-121.30648,47.75964],[-121.30637,47.7597],[-121.3063,47.76042],[-121.30623,47.76058],[-121.30628,47.76081],[-121.30631,47.76111],[-121.30632,47.76141],[-121.30627,47.76179],[-121.30591,47.76242],[-121.30558,47.76285],[-121.30511,47.76314],[-121.30469,47.76326],[-121.3047,47.76334],[-121.3047,47.76349],[-121.30465,47.76371],[-121.30416,47.76417],[-121.30356,47.76474],[-121.30301,47.76526],[-121.32442,47.76559],[-121.32429,47.75839],[-121.3295,47.75844],[-121.32968,47.7656],[-121.34587,47.7656],[-121.34573,47.75117],[-121.32958,47.75119],[-121.32958,47.75475],[-121.32571,47.75488],[-121.32578,47.75303],[-121.32422,47.75302],[-121.32419,47.75119],[-121.3242,47.73676],[-121.33507,47.7363],[-121.34555,47.73587],[-121.34573,47.75117],[-121.36722,47.75119],[-121.36708,47.73548],[-121.36732,47.73548],[-121.37816,47.73547],[-121.37815,47.74273],[-121.38902,47.74275],[-121.38904,47.739],[-121.39037,47.73882],[-121.39238,47.73848],[-121.39267,47.73848],[-121.39412,47.73892],[-121.39532,47.7393],[-121.39634,47.73961],[-121.39705,47.73961],[-121.39801,47.7395],[-121.39859,47.73934],[-121.39998,47.73936],[-121.40142,47.73944],[-121.40267,47.7394],[-121.40396,47.7392],[-121.40486,47.7388],[-121.40528,47.73809],[-121.40526,47.73699],[-121.4053,47.73602],[-121.40581,47.73549],[-121.40831,47.7358],[-121.41523,47.73924],[-121.43153,47.74306],[-121.43159,47.74998],[-121.43161,47.75382],[-121.43191,47.75388],[-121.43258,47.75418],[-121.43301,47.75439],[-121.43384,47.75472],[-121.43416,47.75493],[-121.4342,47.75515],[-121.43418,47.7554],[-121.43416,47.75565],[-121.43419,47.75579],[-121.4343,47.75584],[-121.43445,47.75581],[-121.43464,47.75572],[-121.43483,47.75566],[-121.43522,47.75566],[-121.43571,47.75579],[-121.43675,47.75628],[-121.43738,47.75657],[-121.43821,47.75703],[-121.43877,47.75741],[-121.43916,47.75774],[-121.43952,47.7581],[-121.43986,47.75846],[-121.44024,47.75886],[-121.44054,47.75925],[-121.44071,47.75934],[-121.44096,47.75944],[-121.44149,47.75966],[-121.44181,47.75985],[-121.44212,47.76011],[-121.44233,47.76027],[-121.44259,47.76034],[-121.44288,47.76034],[-121.44312,47.76034],[-121.4433,47.76038],[-121.44338,47.76049],[-121.4434,47.76064],[-121.44354,47.76094],[-121.44387,47.76142],[-121.44404,47.76194],[-121.44401,47.76208],[-121.44397,47.76213],[-121.44382,47.76226],[-121.44342,47.76247],[-121.44324,47.76252],[-121.44317,47.76257],[-121.44322,47.76263],[-121.44336,47.76269],[-121.44367,47.76278],[-121.44408,47.76292],[-121.4444,47.76308],[-121.4448,47.76337],[-121.44536,47.76382],[-121.44562,47.7641],[-121.44665,47.76468],[-121.44686,47.76487],[-121.44693,47.76502],[-121.44689,47.7651],[-121.44683,47.7652],[-121.44685,47.76527],[-121.44693,47.76533],[-121.447,47.76538],[-121.44719,47.76546],[-121.44728,47.76558],[-121.4473,47.76573],[-121.44739,47.76592],[-121.44747,47.76619],[-121.44752,47.76639],[-121.44766,47.76654],[-121.44779,47.76665],[-121.44788,47.76683],[-121.44803,47.76686],[-121.4481,47.76683],[-121.44844,47.76655],[-121.44869,47.76657],[-121.44931,47.76685],[-121.44999,47.76729],[-121.45075,47.76758],[-121.45168,47.76817],[-121.45234,47.76848],[-121.45279,47.76872],[-121.45264,47.76424],[-121.45232,47.74985]],[[-121.5599,47.65403],[-121.55723,47.65403],[-121.55587,47.65243],[-121.5586,47.65241],[-121.5599,47.65403]],[[-121.42094,47.72084],[-121.42098,47.72445],[-121.4156,47.72441],[-121.41556,47.72083],[-121.42094,47.72084]],[[-121.24306,47.7293],[-121.2485,47.72934],[-121.24837,47.7329],[-121.24298,47.73287],[-121.2429,47.7364],[-121.23787,47.73634],[-121.23755,47.73634],[-121.23759,47.73284],[-121.24298,47.73287],[-121.24306,47.7293]],[[-121.6435,47.78414],[-121.64355,47.78788],[-121.6384,47.78783],[-121.63846,47.78418],[-121.63304,47.78423],[-121.63293,47.78053],[-121.63852,47.78047],[-121.63846,47.78418],[-121.6435,47.78414]],[[-121.55113,47.66823],[-121.54882,47.66823],[-121.54132,47.66166],[-121.53564,47.66162],[-121.53565,47.6601],[-121.55937,47.66016],[-121.55937,47.66169],[-121.54357,47.66166],[-121.55113,47.66823]],[[-121.47093,47.74938],[-121.46827,47.74945],[-121.46561,47.74952],[-121.46327,47.74958],[-121.46324,47.74223],[-121.47113,47.74206],[-121.47093,47.74938]],[[-121.42634,47.73879],[-121.42104,47.7388],[-121.42106,47.7351],[-121.41838,47.73509],[-121.41834,47.73306],[-121.41461,47.73171],[-121.41339,47.73142],[-121.4126,47.7313],[-121.4118,47.73124],[-121.41108,47.7312],[-121.41032,47.73121],[-121.41031,47.73086],[-121.41133,47.73084],[-121.41224,47.73088],[-121.41325,47.73097],[-121.41408,47.73122],[-121.41535,47.73159],[-121.41576,47.73159],[-121.41576,47.73177],[-121.41683,47.73217],[-121.41834,47.73275],[-121.41834,47.73254],[-121.41576,47.73138],[-121.41572,47.73016],[-121.41313,47.7299],[-121.41031,47.73018],[-121.41031,47.72947],[-121.41108,47.72936],[-121.41183,47.72901],[-121.41234,47.72922],[-121.41246,47.72917],[-121.41267,47.72911],[-121.41161,47.72804],[-121.41575,47.72801],[-121.41575,47.72952],[-121.41641,47.7298],[-121.41898,47.73131],[-121.42019,47.73154],[-121.42156,47.73212],[-121.42293,47.7327],[-121.42499,47.73235],[-121.42499,47.73224],[-121.42516,47.73189],[-121.42499,47.73154],[-121.42427,47.73019],[-121.42474,47.72915],[-121.42551,47.72884],[-121.4267,47.72881],[-121.42813,47.72902],[-121.42981,47.72995],[-121.43105,47.73105],[-121.43176,47.73168],[-121.43176,47.73248],[-121.42959,47.73156],[-121.42753,47.72973],[-121.4264,47.72975],[-121.42588,47.72973],[-121.4256,47.73038],[-121.42638,47.73161],[-121.42659,47.73262],[-121.42661,47.73312],[-121.42597,47.73326],[-121.42516,47.73346],[-121.42456,47.73357],[-121.42392,47.73366],[-121.42318,47.73372],[-121.42264,47.73371],[-121.42214,47.73365],[-121.42162,47.73355],[-121.42119,47.73344],[-121.42341,47.73428],[-121.42639,47.73564],[-121.42638,47.7362],[-121.42748,47.73658],[-121.42788,47.73625],[-121.42792,47.73605],[-121.42641,47.73514],[-121.42768,47.73514],[-121.42814,47.73578],[-121.42887,47.73649],[-121.42975,47.73708],[-121.43061,47.7375],[-121.43167,47.73795],[-121.43163,47.73859],[-121.42638,47.73646],[-121.42634,47.73879]]],[[[-121.40875,47.69178],[-121.40886,47.68606],[-121.40864,47.67167],[-121.40864,47.66995],[-121.40443,47.66923],[-121.39879,47.66782],[-121.39943,47.66622],[-121.4051,47.66764],[-121.40864,47.6682],[-121.40865,47.6637],[-121.40981,47.66308],[-121.4106,47.66276],[-121.41137,47.66239],[-121.41175,47.66224],[-121.412,47.66217],[-121.41224,47.66213],[-121.41236,47.66216],[-121.4125,47.66221],[-121.41303,47.66256],[-121.4133,47.66274],[-121.41339,47.66274],[-121.41345,47.6627],[-121.41343,47.66256],[-121.41343,47.66247],[-121.41348,47.66235],[-121.41354,47.66227],[-121.41364,47.66217],[-121.41391,47.66198],[-121.41416,47.66183],[-121.41513,47.6614],[-121.41523,47.66136],[-121.41539,47.66131],[-121.41556,47.6613],[-121.41574,47.66132],[-121.41597,47.6614],[-121.41611,47.66148],[-121.4162,47.66152],[-121.41629,47.66154],[-121.41636,47.66154],[-121.41639,47.6615],[-121.4164,47.66141],[-121.41635,47.66113],[-121.41635,47.66101],[-121.41641,47.66094],[-121.41647,47.66086],[-121.41674,47.66068],[-121.41706,47.66053],[-121.41899,47.6601],[-121.41941,47.65997],[-121.41963,47.65977],[-121.42012,47.65912],[-121.4203,47.65894],[-121.42062,47.65876],[-121.42093,47.65864],[-121.42128,47.65838],[-121.42191,47.65808],[-121.42217,47.6579],[-121.42265,47.6577],[-121.42318,47.65749],[-121.42338,47.65739],[-121.42347,47.6572],[-121.42382,47.65694],[-121.42435,47.6568],[-121.42466,47.6566],[-121.42496,47.65636],[-121.42606,47.65606],[-121.42682,47.65568],[-121.42741,47.65545],[-121.42793,47.6551],[-121.42814,47.65498],[-121.42834,47.65491],[-121.42857,47.65487],[-121.42875,47.65483],[-121.42892,47.65456],[-121.42913,47.65433],[-121.43058,47.65368],[-121.43083,47.65358],[-121.43105,47.65358],[-121.43123,47.65357],[-121.43132,47.65351],[-121.43147,47.65336],[-121.43193,47.65306],[-121.43255,47.65283],[-121.43284,47.6527],[-121.43325,47.65261],[-121.43359,47.65252],[-121.43386,47.65236],[-121.43406,47.65226],[-121.43559,47.65171],[-121.43597,47.65144],[-121.43611,47.6513],[-121.43638,47.65118],[-121.43681,47.65109],[-121.43737,47.65101],[-121.43783,47.65107],[-121.43923,47.65126],[-121.43938,47.65123],[-121.43976,47.65107],[-121.44001,47.65098],[-121.44033,47.65096],[-121.44056,47.65096],[-121.44066,47.65093],[-121.44067,47.65084],[-121.44057,47.65072],[-121.4404,47.65047],[-121.44023,47.64995],[-121.4402,47.6497],[-121.44024,47.64944],[-121.44026,47.64911],[-121.4404,47.64889],[-121.44055,47.64861],[-121.44117,47.64795],[-121.44167,47.64735],[-121.44201,47.64692],[-121.44247,47.64658],[-121.44277,47.64624],[-121.44315,47.64579],[-121.44349,47.64543],[-121.44369,47.64525],[-121.44394,47.64508],[-121.44411,47.64491],[-121.44422,47.6447],[-121.4442,47.64445],[-121.44415,47.64425],[-121.44425,47.64398],[-121.4444,47.64378],[-121.44465,47.64364],[-121.44474,47.64353],[-121.44479,47.64335],[-121.44485,47.64317],[-121.44499,47.64296],[-121.44507,47.64269],[-121.44543,47.64233],[-121.4456,47.64221],[-121.44571,47.64215],[-121.44572,47.64209],[-121.44565,47.64179],[-121.44559,47.64153],[-121.44562,47.64125],[-121.44579,47.64104],[-121.44601,47.64084],[-121.44623,47.64068],[-121.44638,47.64041],[-121.44639,47.64008],[-121.44632,47.63994],[-121.44617,47.63965],[-121.44621,47.63936],[-121.44624,47.63911],[-121.44639,47.6387],[-121.44655,47.63856],[-121.44693,47.63829],[-121.44719,47.63815],[-121.44732,47.63801],[-121.44731,47.63789],[-121.4477,47.63596],[-121.44785,47.63557],[-121.44809,47.63529],[-121.44813,47.63523],[-121.44812,47.63519],[-121.44779,47.63519],[-121.44701,47.63517],[-121.44693,47.63515],[-121.44643,47.63482],[-121.44618,47.63467],[-121.44614,47.63464],[-121.44586,47.63444],[-121.44576,47.63442],[-121.44552,47.63443],[-121.44518,47.63447],[-121.44496,47.63452],[-121.44485,47.63469],[-121.44479,47.63507],[-121.44462,47.63516],[-121.44441,47.63532],[-121.44426,47.63551],[-121.44342,47.63742],[-121.4435,47.63793],[-121.44346,47.63845],[-121.44323,47.63878],[-121.44306,47.63901],[-121.44301,47.63916],[-121.44297,47.63934],[-121.44295,47.63952],[-121.44289,47.63974],[-121.44282,47.63986],[-121.44262,47.64007],[-121.4422,47.64041],[-121.44196,47.64068],[-121.44175,47.64101],[-121.44148,47.64115],[-121.44107,47.64144],[-121.44053,47.6419],[-121.44034,47.64218],[-121.44027,47.64235],[-121.44014,47.64263],[-121.43974,47.6429],[-121.43951,47.64305],[-121.43944,47.64324],[-121.43945,47.64351],[-121.43929,47.64383],[-121.43898,47.64403],[-121.43864,47.64428],[-121.43764,47.64468],[-121.43687,47.64504],[-121.43664,47.64509],[-121.43584,47.6454],[-121.43549,47.64562],[-121.43476,47.64607],[-121.43455,47.64632],[-121.43429,47.64651],[-121.4337,47.64656],[-121.43335,47.64664],[-121.433,47.64678],[-121.43203,47.64749],[-121.43165,47.64765],[-121.43119,47.6477],[-121.43098,47.64789],[-121.43061,47.64813],[-121.43013,47.64827],[-121.42988,47.6483],[-121.4294,47.64842],[-121.42784,47.64857],[-121.42731,47.64868],[-121.42663,47.64888],[-121.42637,47.64898],[-121.42591,47.64953],[-121.42582,47.64994],[-121.42543,47.65031],[-121.42521,47.65042],[-121.42484,47.65036],[-121.42459,47.65027],[-121.42449,47.65023],[-121.42434,47.65027],[-121.4242,47.65039],[-121.4239,47.65045],[-121.42351,47.65042],[-121.42321,47.65026],[-121.42302,47.6503],[-121.42246,47.65061],[-121.42109,47.65161],[-121.42036,47.65205],[-121.41988,47.65232],[-121.41948,47.65248],[-121.41915,47.65248],[-121.41885,47.65282],[-121.41822,47.65319],[-121.41626,47.65422],[-121.41555,47.65435],[-121.41528,47.65434],[-121.41497,47.65433],[-121.41494,47.65459],[-121.41481,47.65477],[-121.41456,47.65489],[-121.41414,47.65501],[-121.41392,47.65512],[-121.4136,47.65534],[-121.41294,47.65555],[-121.41249,47.65581],[-121.41178,47.65623],[-121.41082,47.6568],[-121.41052,47.65699],[-121.41018,47.65707],[-121.40999,47.65711],[-121.40972,47.65704],[-121.40957,47.65707],[-121.40949,47.65716],[-121.40928,47.65731],[-121.40905,47.65752],[-121.40885,47.65759],[-121.40866,47.65764],[-121.40769,47.65775],[-121.40717,47.65776],[-121.4066,47.65781],[-121.4066,47.65799],[-121.40681,47.65819],[-121.40685,47.65833],[-121.40676,47.65846],[-121.40537,47.65898],[-121.40508,47.65912],[-121.40402,47.65944],[-121.40376,47.6597],[-121.40346,47.65986],[-121.40294,47.66016],[-121.40225,47.66063],[-121.40143,47.66092],[-121.40085,47.66123],[-121.39999,47.66151],[-121.39917,47.66223],[-121.39871,47.66253],[-121.398,47.66284],[-121.39677,47.66296],[-121.39562,47.66288],[-121.395,47.66292],[-121.39437,47.66314],[-121.39372,47.66318],[-121.39318,47.66319],[-121.39269,47.66314],[-121.39234,47.66304],[-121.39157,47.66276],[-121.39082,47.66243],[-121.38912,47.66131],[-121.38824,47.66066],[-121.38758,47.66009],[-121.38751,47.65983],[-121.38719,47.65964],[-121.38708,47.65945],[-121.38694,47.65923],[-121.38671,47.65915],[-121.38635,47.65904],[-121.38586,47.65887],[-121.38545,47.65856],[-121.38494,47.65736],[-121.38494,47.65698],[-121.385,47.6568],[-121.38501,47.65662],[-121.38479,47.6566],[-121.38451,47.65654],[-121.38404,47.65652],[-121.38379,47.65634],[-121.38329,47.65514],[-121.38318,47.65469],[-121.38264,47.65381],[-121.38245,47.65323],[-121.3821,47.65301],[-121.38191,47.65279],[-121.38181,47.65258],[-121.38172,47.65231],[-121.38184,47.65204],[-121.38192,47.65189],[-121.38181,47.65171],[-121.38145,47.65162],[-121.38117,47.65149],[-121.38094,47.65125],[-121.38069,47.65073],[-121.38068,47.6503],[-121.38063,47.64994],[-121.38087,47.64969],[-121.38085,47.64953],[-121.3805,47.64927],[-121.38007,47.64899],[-121.37956,47.64877],[-121.37905,47.64836],[-121.37851,47.64777],[-121.37828,47.64735],[-121.37621,47.64714],[-121.37417,47.6465],[-121.37418,47.64645],[-121.37432,47.64637],[-121.37453,47.64633],[-121.37467,47.64627],[-121.37479,47.64612],[-121.37482,47.64599],[-121.37483,47.64586],[-121.37473,47.64562],[-121.37463,47.64545],[-121.37455,47.64526],[-121.37454,47.64514],[-121.37453,47.64497],[-121.37455,47.64485],[-121.37466,47.64454],[-121.37472,47.64431],[-121.37497,47.644],[-121.37503,47.64386],[-121.37504,47.6437],[-121.37501,47.64356],[-121.37493,47.6434],[-121.37483,47.64321],[-121.37474,47.64311],[-121.37458,47.64297],[-121.37441,47.64287],[-121.37419,47.64274],[-121.37408,47.64264],[-121.37403,47.6425],[-121.37415,47.6423],[-121.37437,47.64214],[-121.37466,47.64202],[-121.37494,47.64189],[-121.37511,47.64181],[-121.37529,47.64168],[-121.37555,47.64149],[-121.37573,47.64129],[-121.37585,47.64113],[-121.37598,47.64099],[-121.37616,47.64072],[-121.3763,47.64049],[-121.37636,47.64037],[-121.3765,47.64019],[-121.37658,47.64001],[-121.37667,47.63985],[-121.37677,47.63968],[-121.37681,47.63959],[-121.37682,47.63943],[-121.37676,47.6392],[-121.37682,47.639],[-121.37687,47.63893],[-121.37694,47.63888],[-121.37705,47.63874],[-121.37712,47.6386],[-121.3771,47.63855],[-121.37711,47.63849],[-121.37709,47.63838],[-121.37706,47.63827],[-121.37703,47.63804],[-121.37701,47.63782],[-121.37696,47.63762],[-121.37692,47.63747],[-121.377,47.63714],[-121.37717,47.63677],[-121.37723,47.63657],[-121.3773,47.63636],[-121.37733,47.63599],[-121.37726,47.63552],[-121.37726,47.63524],[-121.37727,47.63484],[-121.37752,47.63436],[-121.37766,47.63407],[-121.37806,47.63333],[-121.37819,47.63295],[-121.37825,47.63274],[-121.37829,47.63251],[-121.3783,47.63228],[-121.37825,47.63204],[-121.3782,47.63174],[-121.37812,47.63155],[-121.378,47.63137],[-121.37786,47.63125],[-121.37775,47.63107],[-121.37768,47.6308],[-121.37767,47.63073],[-121.37768,47.63058],[-121.37781,47.63037],[-121.37788,47.63031],[-121.37802,47.63023],[-121.37817,47.63014],[-121.37838,47.63008],[-121.37862,47.62996],[-121.379,47.62981],[-121.37936,47.62963],[-121.37988,47.62925],[-121.37993,47.62911],[-121.37998,47.62898],[-121.38,47.62887],[-121.37997,47.62876],[-121.37991,47.6286],[-121.3799,47.62848],[-121.37999,47.62833],[-121.38023,47.62818],[-121.3805,47.62812],[-121.38063,47.62811],[-121.3808,47.62809],[-121.38093,47.62787],[-121.38105,47.62767],[-121.38119,47.62753],[-121.38137,47.62739],[-121.38165,47.62728],[-121.38187,47.62725],[-121.38209,47.62727],[-121.3822,47.62728],[-121.3824,47.62728],[-121.38265,47.62721],[-121.38286,47.62718],[-121.38309,47.62715],[-121.38328,47.62712],[-121.38341,47.62706],[-121.38349,47.62692],[-121.38353,47.62674],[-121.38363,47.62654],[-121.38367,47.62644],[-121.38373,47.62614],[-121.38369,47.62585],[-121.38365,47.6256],[-121.38363,47.62543],[-121.3837,47.6252],[-121.38382,47.62502],[-121.38415,47.62487],[-121.38453,47.62474],[-121.38499,47.62456],[-121.38509,47.62449],[-121.38537,47.62434],[-121.38563,47.62415],[-121.38576,47.62404],[-121.38585,47.62388],[-121.38591,47.62374],[-121.38597,47.62357],[-121.38603,47.6232],[-121.38608,47.62295],[-121.38608,47.62287],[-121.38609,47.6228],[-121.38624,47.62264],[-121.38639,47.62247],[-121.3865,47.62236],[-121.38699,47.62199],[-121.38717,47.62182],[-121.38733,47.62165],[-121.38776,47.62136],[-121.38801,47.62125],[-121.38826,47.62119],[-121.38846,47.6212],[-121.38888,47.62127],[-121.38907,47.62126],[-121.38934,47.62113],[-121.38942,47.62101],[-121.38943,47.62093],[-121.38946,47.62087],[-121.38948,47.62077],[-121.38953,47.62064],[-121.38952,47.62054],[-121.38948,47.62043],[-121.38941,47.62022],[-121.38921,47.61964],[-121.38917,47.61939],[-121.38911,47.61924],[-121.38906,47.61913],[-121.38902,47.61902],[-121.38898,47.61892],[-121.38894,47.61877],[-121.38897,47.61855],[-121.38924,47.61804],[-121.38949,47.61769],[-121.38996,47.6172],[-121.39016,47.61707],[-121.39059,47.61691],[-121.39073,47.61675],[-121.39077,47.61664],[-121.39086,47.61624],[-121.39087,47.61607],[-121.39087,47.61557],[-121.39075,47.61536],[-121.39069,47.6152],[-121.3907,47.61496],[-121.39087,47.61462],[-121.39085,47.61436],[-121.39079,47.61427],[-121.39078,47.61423],[-121.39078,47.61421],[-121.39062,47.614],[-121.39031,47.61372],[-121.39015,47.61361],[-121.38997,47.61348],[-121.38986,47.61337],[-121.38982,47.61332],[-121.38981,47.61325],[-121.38976,47.61308],[-121.38975,47.61294],[-121.38975,47.61272],[-121.38985,47.61252],[-121.38983,47.61243],[-121.38977,47.61236],[-121.38954,47.6122],[-121.38917,47.61199],[-121.38907,47.61191],[-121.38902,47.61183],[-121.38904,47.61175],[-121.38913,47.61166],[-121.38952,47.61137],[-121.38996,47.61107],[-121.39037,47.61086],[-121.39042,47.61079],[-121.39067,47.61061],[-121.3909,47.61051],[-121.39115,47.61046],[-121.3913,47.61044],[-121.39144,47.61038],[-121.39154,47.61029],[-121.39154,47.61013],[-121.39152,47.61007],[-121.39144,47.60998],[-121.39128,47.60983],[-121.391,47.60961],[-121.39074,47.60935],[-121.39057,47.60923],[-121.39037,47.60915],[-121.39009,47.60905],[-121.38985,47.60892],[-121.38958,47.6088],[-121.38921,47.60862],[-121.38887,47.6084],[-121.38862,47.6082],[-121.38848,47.60812],[-121.38844,47.60809],[-121.38834,47.60802],[-121.38765,47.60772],[-121.38746,47.60762],[-121.38726,47.60749],[-121.38707,47.60733],[-121.38683,47.60718],[-121.38642,47.60694],[-121.38618,47.60678],[-121.38553,47.60652],[-121.38473,47.60622],[-121.38469,47.6062],[-121.38427,47.60607],[-121.38399,47.60601],[-121.38366,47.60594],[-121.38347,47.6058],[-121.38343,47.60576],[-121.38338,47.60571],[-121.38328,47.60558],[-121.38115,47.60557],[-121.38114,47.60753],[-121.38236,47.60826],[-121.38381,47.60989],[-121.38341,47.61089],[-121.383,47.61134],[-121.38292,47.61203],[-121.38284,47.61251],[-121.38288,47.61328],[-121.38316,47.61415],[-121.38312,47.61448],[-121.38293,47.61474],[-121.38237,47.61547],[-121.38181,47.61591],[-121.3813,47.61608],[-121.38092,47.61613],[-121.38118,47.61647],[-121.38122,47.61687],[-121.38087,47.61709],[-121.38037,47.61742],[-121.38,47.6179],[-121.37962,47.61837],[-121.37977,47.61862],[-121.3796,47.61917],[-121.3792,47.6199],[-121.3788,47.62102],[-121.37859,47.62122],[-121.37827,47.62141],[-121.37758,47.62163],[-121.37672,47.62183],[-121.37631,47.62186],[-121.37572,47.622],[-121.37594,47.62261],[-121.37595,47.62332],[-121.37589,47.62363],[-121.37525,47.62483],[-121.3746,47.62559],[-121.37444,47.62615],[-121.37396,47.62668],[-121.37401,47.62709],[-121.3738,47.62742],[-121.37364,47.62777],[-121.37371,47.62808],[-121.37368,47.62832],[-121.3735,47.62852],[-121.37284,47.62886],[-121.37059,47.62929],[-121.37021,47.62946],[-121.36994,47.62973],[-121.36994,47.63037],[-121.36992,47.63119],[-121.36962,47.6318],[-121.36911,47.63237],[-121.36882,47.63299],[-121.36804,47.63326],[-121.36737,47.63343],[-121.36729,47.63353],[-121.36741,47.63365],[-121.36802,47.6343],[-121.36802,47.63485],[-121.3677,47.63539],[-121.36716,47.6357],[-121.36673,47.63604],[-121.36674,47.64018],[-121.36658,47.6405],[-121.36588,47.64088],[-121.36465,47.64148],[-121.36446,47.64163],[-121.36446,47.64175],[-121.36469,47.64192],[-121.36529,47.64224],[-121.36562,47.64258],[-121.36547,47.64314],[-121.36535,47.64364],[-121.36536,47.64402],[-121.36555,47.64426],[-121.36578,47.64486],[-121.36539,47.64577],[-121.36464,47.64667],[-121.36364,47.64791],[-121.36304,47.64843],[-121.36235,47.6488],[-121.36052,47.64971],[-121.3595,47.64997],[-121.35916,47.65032],[-121.35965,47.65079],[-121.36031,47.65139],[-121.36144,47.65204],[-121.36174,47.65237],[-121.36207,47.65297],[-121.36273,47.65519],[-121.36354,47.65639],[-121.36386,47.66073],[-121.36373,47.66076],[-121.3636,47.66076],[-121.36321,47.66071],[-121.36278,47.66071],[-121.36223,47.66075],[-121.36204,47.6608],[-121.36175,47.66092],[-121.36138,47.66103],[-121.3611,47.6611],[-121.36081,47.66115],[-121.36057,47.6612],[-121.35929,47.6614],[-121.35878,47.6614],[-121.35848,47.66133],[-121.35809,47.66118],[-121.35797,47.66111],[-121.35782,47.66102],[-121.3575,47.66075],[-121.3573,47.66061],[-121.35691,47.66038],[-121.35662,47.66028],[-121.35643,47.66025],[-121.3564,47.66025],[-121.35606,47.6603],[-121.35573,47.66037],[-121.35542,47.66046],[-121.35512,47.66053],[-121.35476,47.66061],[-121.35446,47.66068],[-121.35417,47.66074],[-121.35385,47.66081],[-121.35357,47.66088],[-121.35327,47.66095],[-121.35294,47.66103],[-121.35267,47.6611],[-121.35233,47.66118],[-121.35209,47.66124],[-121.35186,47.6613],[-121.35152,47.66138],[-121.35118,47.66143],[-121.35085,47.66145],[-121.35057,47.66147],[-121.35026,47.66149],[-121.3499,47.66153],[-121.34953,47.66157],[-121.34923,47.66162],[-121.34889,47.66169],[-121.34865,47.66176],[-121.34841,47.66184],[-121.34818,47.66191],[-121.34708,47.66225],[-121.34619,47.66254],[-121.34531,47.66274],[-121.34432,47.66294],[-121.34328,47.66309],[-121.34248,47.66316],[-121.34185,47.66319],[-121.34108,47.6632],[-121.34058,47.66337],[-121.33985,47.66357],[-121.33852,47.66362],[-121.33699,47.66353],[-121.33537,47.66336],[-121.33466,47.66339],[-121.33329,47.66336],[-121.33253,47.66317],[-121.33083,47.66258],[-121.33007,47.66232],[-121.32906,47.66225],[-121.32778,47.6625],[-121.32572,47.6632],[-121.32461,47.66342],[-121.32385,47.66353],[-121.32283,47.66358],[-121.3229,47.65759],[-121.32293,47.64327],[-121.32274,47.64318],[-121.32264,47.64316],[-121.32243,47.64317],[-121.3223,47.6432],[-121.32218,47.64324],[-121.32204,47.64335],[-121.32193,47.64345],[-121.32166,47.64361],[-121.32129,47.64386],[-121.32113,47.64393],[-121.32081,47.64404],[-121.32037,47.64414],[-121.31983,47.64422],[-121.31912,47.64425],[-121.31859,47.64424],[-121.31823,47.64421],[-121.31774,47.64414],[-121.31725,47.64404],[-121.3165,47.64376],[-121.31569,47.64353],[-121.31545,47.64346],[-121.31441,47.64322],[-121.31423,47.64317],[-121.31405,47.64311],[-121.31344,47.64291],[-121.31317,47.64281],[-121.31269,47.64267],[-121.31193,47.64251],[-121.31129,47.64238],[-121.31037,47.64226],[-121.30972,47.64221],[-121.30904,47.64216],[-121.30874,47.64209],[-121.30846,47.64199],[-121.30824,47.64185],[-121.30781,47.64149],[-121.30773,47.6414],[-121.30724,47.64108],[-121.30709,47.64095],[-121.30703,47.64086],[-121.307,47.64081],[-121.30673,47.64036],[-121.3066,47.64022],[-121.30643,47.64008],[-121.30622,47.63979],[-121.30605,47.63961],[-121.30589,47.63948],[-121.3057,47.63927],[-121.30545,47.63909],[-121.30554,47.639],[-121.30555,47.63886],[-121.3055,47.63874],[-121.30539,47.63854],[-121.30536,47.6384],[-121.3054,47.63835],[-121.30562,47.63821],[-121.30572,47.63807],[-121.30565,47.63787],[-121.30565,47.63769],[-121.30564,47.63765],[-121.30581,47.63723],[-121.30612,47.6369],[-121.30651,47.63656],[-121.30692,47.63601],[-121.30732,47.63549],[-121.30768,47.63505],[-121.30679,47.63467],[-121.30545,47.63415],[-121.30422,47.63377],[-121.30336,47.6336],[-121.3027,47.63345],[-121.30186,47.63379],[-121.301,47.63416],[-121.30029,47.63451],[-121.29956,47.63497],[-121.29903,47.6354],[-121.29854,47.63575],[-121.29825,47.63594],[-121.29788,47.63608],[-121.29775,47.63611],[-121.29759,47.63616],[-121.29728,47.63602],[-121.29656,47.63563],[-121.29631,47.63546],[-121.29611,47.63527],[-121.29566,47.63475],[-121.2956,47.63467],[-121.29555,47.63462],[-121.29545,47.63452],[-121.2954,47.63445],[-121.29533,47.63438],[-121.29499,47.63393],[-121.29479,47.6337],[-121.29472,47.63363],[-121.29453,47.6335],[-121.29414,47.63331],[-121.29391,47.63316],[-121.29332,47.63262],[-121.29307,47.63241],[-121.29284,47.63217],[-121.29265,47.63197],[-121.2925,47.63186],[-121.29247,47.63185],[-121.29151,47.63139],[-121.29081,47.6311],[-121.29026,47.63094],[-121.29023,47.63091],[-121.28955,47.6313],[-121.28886,47.6316],[-121.28804,47.6321],[-121.28713,47.63272],[-121.28585,47.63335],[-121.285,47.63363],[-121.28427,47.63383],[-121.28323,47.63394],[-121.28232,47.63397],[-121.28156,47.63398],[-121.28096,47.63396],[-121.2802,47.63382],[-121.27982,47.6338],[-121.27963,47.6338],[-121.27954,47.63397],[-121.27954,47.63457],[-121.27961,47.63521],[-121.27998,47.636],[-121.28037,47.6367],[-121.28094,47.63723],[-121.2816,47.63783],[-121.27806,47.64023],[-121.27384,47.64567],[-121.2726,47.6478],[-121.25895,47.65711],[-121.25901,47.67158],[-121.25834,47.67148],[-121.25776,47.67134],[-121.25688,47.67115],[-121.25611,47.67113],[-121.25553,47.67114],[-121.2552,47.67121],[-121.25465,47.67141],[-121.25423,47.67153],[-121.25383,47.67155],[-121.2535,47.67154],[-121.25292,47.67136],[-121.2526,47.67122],[-121.25226,47.67115],[-121.25188,47.67118],[-121.25008,47.67123],[-121.24802,47.67148],[-121.23916,47.6733],[-121.23824,47.67299],[-121.23745,47.67281],[-121.23666,47.67256],[-121.23639,47.67251],[-121.23645,47.67216],[-121.23644,47.67184],[-121.23624,47.67111],[-121.23607,47.67072],[-121.23571,47.67023],[-121.23536,47.66995],[-121.23492,47.66958],[-121.23461,47.66938],[-121.23419,47.6691],[-121.23397,47.66902],[-121.23366,47.66905],[-121.23337,47.66909],[-121.23311,47.66906],[-121.23223,47.66864],[-121.23179,47.66848],[-121.23143,47.66833],[-121.23097,47.66823],[-121.23004,47.66805],[-121.22899,47.66784],[-121.22855,47.66777],[-121.22803,47.66772],[-121.22763,47.66774],[-121.22709,47.66765],[-121.22581,47.66729],[-121.22511,47.66717],[-121.22425,47.66698],[-121.22235,47.6642],[-121.22147,47.66319],[-121.22036,47.66223],[-121.21959,47.66153],[-121.21884,47.66091],[-121.21749,47.66024],[-121.21642,47.65996],[-121.21435,47.65949],[-121.21319,47.65928],[-121.21134,47.65879],[-121.21021,47.6585],[-121.20843,47.65815],[-121.20708,47.65802],[-121.2061,47.65813],[-121.20507,47.65834],[-121.20353,47.65854],[-121.20141,47.65903],[-121.20057,47.65915],[-121.19979,47.6594],[-121.19884,47.6599],[-121.19846,47.66016],[-121.19666,47.65824],[-121.19611,47.658],[-121.19599,47.65793],[-121.19587,47.65782],[-121.19576,47.65766],[-121.19575,47.65758],[-121.19568,47.65729],[-121.1956,47.65718],[-121.19551,47.65709],[-121.19519,47.65691],[-121.19489,47.6565],[-121.19488,47.64249],[-121.18602,47.6425],[-121.18602,47.64284],[-121.18569,47.64364],[-121.18546,47.6441],[-121.1848,47.64517],[-121.18468,47.64572],[-121.18462,47.64617],[-121.18473,47.64729],[-121.18478,47.64815],[-121.18475,47.64888],[-121.18464,47.65066],[-121.18455,47.65173],[-121.18199,47.6568],[-121.18156,47.65744],[-121.18073,47.65863],[-121.1802,47.65954],[-121.17991,47.6605],[-121.17972,47.66132],[-121.17953,47.66219],[-121.17938,47.66346],[-121.17938,47.66383],[-121.17945,47.66399],[-121.17969,47.66419],[-121.17973,47.66435],[-121.17956,47.66485],[-121.17933,47.66526],[-121.17907,47.66565],[-121.17907,47.66583],[-121.17921,47.66599],[-121.17938,47.66601],[-121.17988,47.66601],[-121.18062,47.66601],[-121.18143,47.66602],[-121.18194,47.66607],[-121.18228,47.66616],[-121.18241,47.66622],[-121.18248,47.66631],[-121.18266,47.66679],[-121.18273,47.66711],[-121.18286,47.66731],[-121.18331,47.66768],[-121.18375,47.66801],[-121.18409,47.66835],[-121.18413,47.66856],[-121.1842,47.66888],[-121.18431,47.66931],[-121.18438,47.66965],[-121.18459,47.67022],[-121.18514,47.6709],[-121.18534,47.67117],[-121.18546,47.6714],[-121.18388,47.6714],[-121.184,47.67188],[-121.18411,47.6722],[-121.18428,47.67241],[-121.18428,47.67266],[-121.18412,47.67355],[-121.18413,47.67434],[-121.18421,47.67498],[-121.18421,47.67516],[-121.18432,47.67527],[-121.18445,47.67527],[-121.18465,47.67527],[-121.18489,47.67539],[-121.18503,47.67557],[-121.18503,47.67568],[-121.18496,47.67595],[-121.1848,47.67625],[-121.18475,47.67734],[-121.18462,47.67819],[-121.18453,47.67876],[-121.18457,47.67926],[-121.18471,47.67942],[-121.18498,47.68014],[-121.1852,47.68101],[-121.18565,47.68192],[-121.1863,47.6825],[-121.18694,47.68293],[-121.18762,47.68327],[-121.18857,47.68365],[-121.18969,47.68403],[-121.19081,47.68446],[-121.19111,47.68455],[-121.19162,47.68461],[-121.19185,47.68461],[-121.19216,47.68461],[-121.19232,47.68461],[-121.19243,47.68461],[-121.19253,47.68461],[-121.19263,47.68463],[-121.1927,47.6847],[-121.1927,47.68477],[-121.19253,47.68493],[-121.19196,47.68529],[-121.19116,47.68564],[-121.19083,47.68605],[-121.19037,47.68708],[-121.19021,47.68797],[-121.19009,47.68874],[-121.18993,47.68952],[-121.18993,47.69011],[-121.18997,47.69047],[-121.19021,47.69086],[-121.19049,47.6912],[-121.1908,47.69152],[-121.19124,47.69188],[-121.19158,47.69231],[-121.19189,47.69267],[-121.19199,47.69285],[-121.19216,47.69311],[-121.19491,47.69311],[-121.19568,47.70751],[-121.21696,47.7076],[-121.23246,47.7076],[-121.23767,47.7076],[-121.23757,47.70397],[-121.24853,47.70403],[-121.24852,47.70766],[-121.25385,47.70768],[-121.25391,47.70405],[-121.25909,47.70408],[-121.25925,47.69321],[-121.28061,47.69336],[-121.29138,47.69343],[-121.30185,47.69349],[-121.30221,47.69349],[-121.30199,47.68634],[-121.31253,47.68644],[-121.31252,47.69354],[-121.32284,47.6936],[-121.32285,47.70797],[-121.33374,47.70767],[-121.34448,47.70738],[-121.35635,47.70709],[-121.35646,47.70751],[-121.35649,47.70751],[-121.35692,47.7074],[-121.35705,47.70733],[-121.35735,47.70717],[-121.35731,47.70706],[-121.35856,47.70703],[-121.36151,47.70696],[-121.3623,47.70694],[-121.36233,47.70694],[-121.36599,47.70685],[-121.37742,47.70657],[-121.37872,47.70654],[-121.37897,47.71014],[-121.38262,47.71005],[-121.38793,47.71001],[-121.3937,47.70997],[-121.39369,47.70634],[-121.39876,47.70635],[-121.39837,47.69904],[-121.38745,47.69912],[-121.38723,47.69201],[-121.39799,47.69189],[-121.40875,47.69178]],[[-121.39746,47.66964],[-121.39546,47.67112],[-121.39458,47.67056],[-121.39658,47.66909],[-121.39746,47.66964]],[[-121.38082,47.67959],[-121.38016,47.68366],[-121.38017,47.68599],[-121.38589,47.68644],[-121.38588,47.68814],[-121.38016,47.6877],[-121.38016,47.69166],[-121.37766,47.69165],[-121.37767,47.68369],[-121.37834,47.67961],[-121.38082,47.67959]],[[-121.36565,47.69947],[-121.34432,47.70032],[-121.34415,47.69315],[-121.36532,47.6924],[-121.36565,47.69947]]],[[[-121.36722,47.75119],[-121.36722,47.76568],[-121.38898,47.76575],[-121.38895,47.75126],[-121.36722,47.75119]]]]},"properties":{"OBJECTID":1277,"NAME":"Mount Baker-Snoqualmie National Forest","OWNER":"Federal Government","MANAGER":"US Forest Service","MANAGEMENT_TYPE":"Non-Designated Forest","GLOBALID":"{1501290F-F9F5-4626-A3EC-B12602123B32}"}},{"type":"Feature","id":2226,"geometry":{"type":"Polygon","coordinates":[[[-121.68014,47.86565],[-121.68018,47.86574],[-121.68048,47.86577],[-121.68048,47.86541],[-121.68014,47.86565]]]},"properties":{"OBJECTID":2226,"NAME":"Wallace Falls State Park","OWNER":"State Government","MANAGER":"WA State Parks and Recreation Commission","MANAGEMENT_TYPE":"Park","GLOBALID":"{1F73E066-5FAD-4ABB-8728-3ADE7429CF93}"}},{"type":"Feature","id":2303,"geometry":{"type":"Polygon","coordinates":[[[-121.71959,47.86695],[-121.71956,47.86685],[-121.71947,47.86685],[-121.71936,47.86689],[-121.71916,47.86703],[-121.71901,47.86713],[-121.71891,47.86717],[-121.71858,47.86742],[-121.71857,47.86734],[-121.71933,47.86684],[-121.71935,47.86683],[-121.71924,47.86683],[-121.71809,47.86681],[-121.71797,47.86681],[-121.71796,47.86709],[-121.71784,47.86708],[-121.71784,47.867],[-121.71784,47.86681],[-121.71621,47.86679],[-121.71622,47.8676],[-121.71489,47.86786],[-121.71478,47.86788],[-121.71435,47.8679],[-121.71404,47.86789],[-121.71363,47.86781],[-121.71331,47.8677],[-121.71299,47.86753],[-121.71262,47.86739],[-121.71258,47.86428],[-121.71261,47.86214],[-121.71249,47.86207],[-121.71246,47.86792],[-121.71256,47.87159],[-121.71252,47.86792],[-121.71262,47.86792],[-121.71267,47.87154],[-121.71347,47.87147],[-121.71377,47.87089],[-121.71396,47.87052],[-121.71408,47.87017],[-121.71421,47.86998],[-121.71472,47.86944],[-121.715,47.86925],[-121.7153,47.86913],[-121.71628,47.86888],[-121.71663,47.86885],[-121.71705,47.8689],[-121.71742,47.86893],[-121.71778,47.86891],[-121.71816,47.86882],[-121.71816,47.86874],[-121.71852,47.86871],[-121.71882,47.86872],[-121.71901,47.86869],[-121.71933,47.86855],[-121.71961,47.86834],[-121.71997,47.86805],[-121.72008,47.86795],[-121.72049,47.86772],[-121.72067,47.86766],[-121.72061,47.86765],[-121.72047,47.86756],[-121.7203,47.86742],[-121.72017,47.86727],[-121.71995,47.8672],[-121.71961,47.86705],[-121.71959,47.86695]]]},"properties":{"OBJECTID":2303,"NAME":"Wallace River Hatchery","OWNER":"State Government","MANAGER":"WA Dept of Fish and Wildlife","MANAGEMENT_TYPE":"Fish Hatchery","GLOBALID":"{6B0CC017-7E6E-4291-852F-ABCBF91A1794}"}},{"type":"Feature","id":2495,"geometry":{"type":"Polygon","coordinates":[[[-121.29096,48.47447],[-121.29157,48.47406],[-121.29359,48.47337],[-121.29393,48.47216],[-121.29438,48.47156],[-121.29548,48.47066],[-121.29626,48.46996],[-121.29669,48.46905],[-121.29759,48.46808],[-121.29863,48.46733],[-121.29923,48.46643],[-121.30002,48.46602],[-121.3017,48.46486],[-121.30188,48.46411],[-121.30276,48.46276],[-121.30388,48.46192],[-121.30596,48.46247],[-121.30773,48.46294],[-121.30881,48.46328],[-121.31058,48.46396],[-121.31315,48.46461],[-121.31504,48.46511],[-121.31679,48.46555],[-121.31776,48.4668],[-121.31805,48.46801],[-121.33076,48.46802],[-121.33635,48.46804],[-121.35253,48.46809],[-121.35776,48.4682],[-121.3581,48.4682],[-121.3589,48.46819],[-121.3581,48.46746],[-121.35788,48.46693],[-121.35818,48.46587],[-121.35838,48.46437],[-121.35818,48.46325],[-121.35869,48.46168],[-121.35922,48.45984],[-121.3609,48.45718],[-121.3635,48.45371],[-121.36479,48.45198],[-121.36544,48.45063],[-121.3661,48.45013],[-121.3666,48.44867],[-121.36705,48.44801],[-121.36784,48.44733],[-121.36833,48.44668],[-121.36884,48.44596],[-121.36908,48.44504],[-121.36963,48.44439],[-121.37021,48.44386],[-121.37035,48.44293],[-121.36973,48.44221],[-121.36823,48.44134],[-121.36682,48.44103],[-121.36128,48.44094],[-121.35935,48.44107],[-121.35778,48.44144],[-121.3564,48.44168],[-121.35675,48.42646],[-121.35711,48.41202],[-121.35721,48.40483],[-121.35725,48.39783],[-121.35626,48.39714],[-121.3555,48.39616],[-121.35519,48.39496],[-121.35559,48.39445],[-121.35593,48.39369],[-121.35699,48.39372],[-121.35827,48.39378],[-121.3595,48.39407],[-121.36056,48.39431],[-121.36234,48.39412],[-121.36438,48.39438],[-121.367,48.39472],[-121.36887,48.39459],[-121.37035,48.39448],[-121.37123,48.39469],[-121.37283,48.39549],[-121.37375,48.39614],[-121.37456,48.39695],[-121.3747,48.39775],[-121.37479,48.39896],[-121.37498,48.40007],[-121.37523,48.40108],[-121.37565,48.402],[-121.37556,48.40299],[-121.3756,48.40365],[-121.37711,48.40522],[-121.37744,48.40584],[-121.37846,48.40722],[-121.39029,48.40724],[-121.41182,48.4096],[-121.41275,48.40964],[-121.41322,48.40923],[-121.41399,48.40756],[-121.41436,48.40659],[-121.41394,48.40509],[-121.41303,48.40399],[-121.4122,48.40309],[-121.41178,48.40246],[-121.41204,48.40154],[-121.41255,48.4008],[-121.4126,48.39982],[-121.41207,48.39919],[-121.41047,48.39865],[-121.40963,48.3985],[-121.40924,48.39757],[-121.40861,48.39664],[-121.40804,48.39558],[-121.40781,48.39443],[-121.40804,48.39366],[-121.40782,48.39298],[-121.40636,48.39238],[-121.40502,48.39168],[-121.40443,48.39124],[-121.40436,48.3903],[-121.4038,48.38999],[-121.40369,48.38913],[-121.40366,48.38867],[-121.40311,48.38802],[-121.403,48.38687],[-121.403,48.38612],[-121.40212,48.38546],[-121.4011,48.38483],[-121.40039,48.38424],[-121.40006,48.38338],[-121.4006,48.38251],[-121.40136,48.3817],[-121.40207,48.38094],[-121.40215,48.38025],[-121.40234,48.37873],[-121.4027,48.37807],[-121.40279,48.37681],[-121.40284,48.3755],[-121.40181,48.37485],[-121.40154,48.37426],[-121.40181,48.37355],[-121.40105,48.36835],[-121.39926,48.35411],[-121.39807,48.34533],[-121.39697,48.3451],[-121.39585,48.34478],[-121.39414,48.34439],[-121.39261,48.34388],[-121.39135,48.3438],[-121.38959,48.34387],[-121.38801,48.34396],[-121.38645,48.34376],[-121.38455,48.34338],[-121.38262,48.34289],[-121.38053,48.34208],[-121.37885,48.34133],[-121.37753,48.34105],[-121.37621,48.34088],[-121.3753,48.34063],[-121.37292,48.34073],[-121.3711,48.34089],[-121.36949,48.34097],[-121.3678,48.3412],[-121.36665,48.34111],[-121.36542,48.34003],[-121.36426,48.33872],[-121.36329,48.33723],[-121.36235,48.33564],[-121.36118,48.33467],[-121.35969,48.33432],[-121.35742,48.33359],[-121.35523,48.33364],[-121.3528,48.3333],[-121.35159,48.33353],[-121.34953,48.33355],[-121.34782,48.33388],[-121.34582,48.33407],[-121.34311,48.33411],[-121.34325,48.33301],[-121.34428,48.33142],[-121.34632,48.33013],[-121.34692,48.32868],[-121.34775,48.32688],[-121.34837,48.32539],[-121.34766,48.32426],[-121.34589,48.32276],[-121.34466,48.32182],[-121.34059,48.32154],[-121.33637,48.32089],[-121.33138,48.32127],[-121.32373,48.32193],[-121.32365,48.32093],[-121.32441,48.31963],[-121.32492,48.31834],[-121.32458,48.31726],[-121.32327,48.31622],[-121.32261,48.31425],[-121.32258,48.31197],[-121.32367,48.3107],[-121.325,48.30954],[-121.32661,48.3078],[-121.32784,48.30595],[-121.3296,48.30461],[-121.3305,48.30376],[-121.33016,48.30294],[-121.33005,48.3019],[-121.33091,48.30049],[-121.33206,48.29952],[-121.33289,48.29921],[-121.33428,48.29815],[-121.33474,48.29712],[-121.33542,48.29585],[-121.33642,48.29486],[-121.33827,48.29431],[-121.34154,48.2933],[-121.34378,48.29303],[-121.34198,48.28957],[-121.33887,48.28445],[-121.32954,48.27064],[-121.31578,48.27222],[-121.29659,48.2744],[-121.29511,48.27442],[-121.29468,48.27506],[-121.29273,48.27508],[-121.29045,48.2755],[-121.2896,48.27628],[-121.28899,48.27709],[-121.28777,48.27778],[-121.28472,48.27801],[-121.28292,48.27838],[-121.28207,48.2789],[-121.28161,48.27937],[-121.28071,48.27888],[-121.27876,48.2786],[-121.27492,48.2791],[-121.27325,48.27957],[-121.27204,48.28019],[-121.26981,48.28026],[-121.26701,48.28043],[-121.26521,48.28027],[-121.26331,48.28056],[-121.26114,48.2811],[-121.25908,48.28137],[-121.25832,48.28147],[-121.25618,48.28127],[-121.2541,48.28073],[-121.25276,48.28064],[-121.25122,48.28088],[-121.24963,48.27951],[-121.24726,48.27846],[-121.24315,48.27671],[-121.23802,48.27439],[-121.23261,48.27225],[-121.22959,48.27071],[-121.22715,48.26881],[-121.22582,48.26844],[-121.22411,48.26809],[-121.22296,48.26718],[-121.22282,48.26617],[-121.22415,48.26521],[-121.22561,48.26424],[-121.22632,48.26338],[-121.22279,48.26332],[-121.22233,48.26253],[-121.2208,48.26164],[-121.21947,48.26063],[-121.21821,48.26028],[-121.21668,48.26023],[-121.21399,48.25959],[-121.21054,48.25875],[-121.20749,48.25873],[-121.2055,48.25848],[-121.20324,48.25772],[-121.20133,48.25701],[-121.19974,48.25604],[-121.19813,48.25502],[-121.19639,48.25368],[-121.19484,48.25256],[-121.1936,48.25176],[-121.19215,48.25118],[-121.19098,48.25151],[-121.18963,48.25203],[-121.18788,48.2523],[-121.18738,48.25291],[-121.18641,48.25297],[-121.18617,48.24988],[-121.18622,48.2422],[-121.19322,48.24221],[-121.20788,48.23361],[-121.2151,48.22918],[-121.21624,48.22838],[-121.2185,48.22764],[-121.21998,48.22712],[-121.2213,48.22697],[-121.22201,48.22647],[-121.22342,48.22563],[-121.22474,48.2255],[-121.22551,48.22486],[-121.22613,48.22438],[-121.22714,48.22406],[-121.22849,48.22306],[-121.23035,48.22193],[-121.23164,48.22122],[-121.23406,48.22129],[-121.2361,48.22175],[-121.23806,48.22151],[-121.24063,48.22119],[-121.24222,48.22079],[-121.24342,48.2199],[-121.24511,48.21868],[-121.24646,48.21783],[-121.2471,48.21711],[-121.24927,48.21653],[-121.25026,48.21596],[-121.2512,48.21509],[-121.25184,48.21478],[-121.25268,48.21462],[-121.25336,48.21392],[-121.25402,48.21312],[-121.25459,48.21248],[-121.25503,48.21172],[-121.25543,48.211],[-121.25602,48.21034],[-121.2569,48.21006],[-121.25794,48.21007],[-121.25905,48.21025],[-121.26046,48.21045],[-121.26161,48.21076],[-121.26257,48.2111],[-121.26403,48.21142],[-121.2652,48.21177],[-121.266,48.21196],[-121.26703,48.21228],[-121.27977,48.21228],[-121.28126,48.2113],[-121.28275,48.20996],[-121.28382,48.20912],[-121.28465,48.20818],[-121.28516,48.20766],[-121.29312,48.20781],[-121.29403,48.20687],[-121.29517,48.20534],[-121.2969,48.20402],[-121.2986,48.2038],[-121.29982,48.20391],[-121.30039,48.20357],[-121.30147,48.20327],[-121.30273,48.20367],[-121.30473,48.20411],[-121.30606,48.20458],[-121.30663,48.20502],[-121.30887,48.20461],[-121.31469,48.20335],[-121.31518,48.20197],[-121.31507,48.20066],[-121.31414,48.19972],[-121.31343,48.19887],[-121.31329,48.19787],[-121.31311,48.19658],[-121.31286,48.19577],[-121.312,48.19499],[-121.31129,48.194],[-121.3103,48.19316],[-121.30899,48.19251],[-121.30875,48.19159],[-121.30926,48.19067],[-121.30986,48.18963],[-121.31019,48.18852],[-121.3086,48.18815],[-121.30621,48.1873],[-121.30423,48.18665],[-121.30275,48.18606],[-121.30061,48.18625],[-121.29928,48.18662],[-121.29827,48.18713],[-121.29538,48.18765],[-121.29399,48.1873],[-121.29247,48.18683],[-121.29097,48.18673],[-121.28978,48.1862],[-121.28798,48.18486],[-121.28657,48.18344],[-121.28532,48.18254],[-121.28462,48.18194],[-121.28441,48.18111],[-121.28365,48.18094],[-121.28196,48.1798],[-121.28022,48.179],[-121.27811,48.17881],[-121.27598,48.17887],[-121.2759,48.16872],[-121.26574,48.16859],[-121.2651,48.16696],[-121.26403,48.16539],[-121.2631,48.16402],[-121.26264,48.16088],[-121.2626,48.16001],[-121.26263,48.15952],[-121.26238,48.15873],[-121.26165,48.15903],[-121.26035,48.15898],[-121.25945,48.15896],[-121.25953,48.15152],[-121.25942,48.14575],[-121.25967,48.14505],[-121.26034,48.14531],[-121.26197,48.14584],[-121.26325,48.14565],[-121.26472,48.14573],[-121.26573,48.14588],[-121.2668,48.14612],[-121.26771,48.14618],[-121.26905,48.14665],[-121.27016,48.14674],[-121.27152,48.14697],[-121.27217,48.14665],[-121.27319,48.14709],[-121.27425,48.14707],[-121.27532,48.14683],[-121.27628,48.14704],[-121.28149,48.14703],[-121.28241,48.14786],[-121.28348,48.14945],[-121.28548,48.15054],[-121.28734,48.15159],[-121.28949,48.15222],[-121.29043,48.15254],[-121.29205,48.15271],[-121.29265,48.1526],[-121.29318,48.15289],[-121.29429,48.15367],[-121.29555,48.15402],[-121.29701,48.15457],[-121.29934,48.15533],[-121.30133,48.15561],[-121.30296,48.15626],[-121.30479,48.1566],[-121.30632,48.15639],[-121.30612,48.15745],[-121.30688,48.15861],[-121.3079,48.15918],[-121.30835,48.15972],[-121.30976,48.16035],[-121.31078,48.16043],[-121.31203,48.16039],[-121.31408,48.16113],[-121.31524,48.16172],[-121.31641,48.16207],[-121.31751,48.16225],[-121.32014,48.16259],[-121.3228,48.1629],[-121.32418,48.16377],[-121.32655,48.16434],[-121.32972,48.1652],[-121.33145,48.16524],[-121.33316,48.16537],[-121.33612,48.16543],[-121.33683,48.16621],[-121.33867,48.1667],[-121.34089,48.16737],[-121.3424,48.16834],[-121.34307,48.16841],[-121.34349,48.16878],[-121.35776,48.16876],[-121.35788,48.166],[-121.36267,48.16573],[-121.36953,48.16532],[-121.37504,48.16513],[-121.37621,48.16475],[-121.39351,48.15817],[-121.39473,48.15764],[-121.39469,48.15653],[-121.39409,48.15528],[-121.39365,48.15444],[-121.39379,48.15411],[-121.39397,48.15372],[-121.3935,48.15315],[-121.39339,48.15247],[-121.3937,48.15185],[-121.39355,48.15067],[-121.3925,48.14911],[-121.39135,48.14832],[-121.38984,48.14795],[-121.38869,48.14811],[-121.3872,48.14836],[-121.38625,48.14818],[-121.38531,48.14769],[-121.38426,48.1472],[-121.38301,48.14713],[-121.38196,48.14656],[-121.38146,48.14564],[-121.38091,48.14506],[-121.38019,48.14413],[-121.37897,48.1439],[-121.37776,48.14362],[-121.37619,48.14321],[-121.37573,48.1433],[-121.37508,48.14324],[-121.37422,48.14281],[-121.37385,48.14232],[-121.37388,48.14182],[-121.37406,48.14115],[-121.37379,48.14068],[-121.37365,48.13975],[-121.37358,48.13856],[-121.37322,48.13796],[-121.37251,48.13717],[-121.37133,48.1362],[-121.3703,48.13565],[-121.36985,48.13481],[-121.36936,48.13422],[-121.36825,48.1337],[-121.36733,48.13304],[-121.36697,48.13219],[-121.36734,48.13128],[-121.3673,48.13053],[-121.3669,48.12979],[-121.36579,48.12927],[-121.36505,48.12828],[-121.3649,48.12716],[-121.36499,48.12615],[-121.36507,48.12574],[-121.36451,48.1248],[-121.36401,48.1231],[-121.36324,48.12204],[-121.36267,48.12131],[-121.36266,48.12067],[-121.36236,48.11994],[-121.36278,48.11922],[-121.36243,48.11755],[-121.36164,48.11574],[-121.36107,48.11452],[-121.36003,48.11328],[-121.35909,48.11222],[-121.35773,48.11169],[-121.3563,48.11091],[-121.35464,48.11049],[-121.35227,48.11052],[-121.35166,48.11073],[-121.35086,48.1107],[-121.34931,48.11053],[-121.3485,48.1095],[-121.3481,48.10879],[-121.34768,48.10829],[-121.34702,48.10862],[-121.34559,48.10939],[-121.3436,48.10966],[-121.34237,48.10998],[-121.34133,48.11031],[-121.33984,48.11039],[-121.33874,48.11054],[-121.33776,48.11089],[-121.3367,48.11119],[-121.33581,48.11179],[-121.33492,48.11232],[-121.33385,48.11267],[-121.33277,48.113],[-121.33153,48.11366],[-121.33021,48.11403],[-121.32859,48.11439],[-121.32673,48.11448],[-121.32518,48.11447],[-121.31973,48.11516],[-121.31924,48.11633],[-121.31798,48.11696],[-121.31665,48.11764],[-121.31512,48.11749],[-121.31219,48.11728],[-121.31008,48.11714],[-121.31028,48.11639],[-121.31,48.11483],[-121.31009,48.11285],[-121.30983,48.11114],[-121.30987,48.10998],[-121.30957,48.10929],[-121.30575,48.10656],[-121.28815,48.09429],[-121.27962,48.08823],[-121.27925,48.08728],[-121.27773,48.08633],[-121.27749,48.08513],[-121.27665,48.08461],[-121.27508,48.08418],[-121.27347,48.08365],[-121.27258,48.08241],[-121.27135,48.08116],[-121.26979,48.08004],[-121.26892,48.07902],[-121.26799,48.07786],[-121.26673,48.07697],[-121.26575,48.07592],[-121.26638,48.07515],[-121.26773,48.07454],[-121.26996,48.07415],[-121.27103,48.07418],[-121.2723,48.07458],[-121.27435,48.07461],[-121.27524,48.0741],[-121.27636,48.07294],[-121.27767,48.07187],[-121.27912,48.07123],[-121.28001,48.07093],[-121.2813,48.07084],[-121.28142,48.06686],[-121.28306,48.06679],[-121.28408,48.06622],[-121.28521,48.06575],[-121.28683,48.06574],[-121.28773,48.06615],[-121.28856,48.06646],[-121.28902,48.06595],[-121.2892,48.06542],[-121.28899,48.06348],[-121.28911,48.0624],[-121.29086,48.06206],[-121.29077,48.06129],[-121.28961,48.0604],[-121.28855,48.05977],[-121.28737,48.05881],[-121.28725,48.05848],[-121.2865,48.0579],[-121.28629,48.05761],[-121.28675,48.05712],[-121.2874,48.05652],[-121.287,48.05614],[-121.28694,48.05565],[-121.28654,48.05493],[-121.28551,48.05484],[-121.28476,48.05434],[-121.28355,48.05409],[-121.28152,48.05301],[-121.28122,48.04178],[-121.27492,48.03911],[-121.27594,48.03618],[-121.27551,48.03508],[-121.27479,48.0334],[-121.27292,48.03245],[-121.2706,48.03168],[-121.26822,48.03081],[-121.26637,48.03007],[-121.26513,48.02975],[-121.26367,48.02952],[-121.26253,48.02902],[-121.26131,48.02813],[-121.26019,48.027],[-121.25846,48.02621],[-121.25699,48.02625],[-121.25417,48.026],[-121.2528,48.02543],[-121.25148,48.02428],[-121.25086,48.02294],[-121.24925,48.02143],[-121.24767,48.02001],[-121.24646,48.01966],[-121.24416,48.01926],[-121.24214,48.01872],[-121.24016,48.01789],[-121.23885,48.01675],[-121.23608,48.01517],[-121.23372,48.01391],[-121.23237,48.0135],[-121.23082,48.01238],[-121.22808,48.01013],[-121.22623,48.00884],[-121.22489,48.00822],[-121.22307,48.00771],[-121.22116,48.00784],[-121.2188,48.00809],[-121.21781,48.00734],[-121.21709,48.0066],[-121.21591,48.00637],[-121.21376,48.00574],[-121.21255,48.00528],[-121.21091,48.00541],[-121.20917,48.00563],[-121.2074,48.00612],[-121.20688,48.00611],[-121.20541,48.00607],[-121.20458,48.00605],[-121.2026,48.00609],[-121.20071,48.00639],[-121.20009,48.00644],[-121.19767,48.00664],[-121.1939,48.00686],[-121.19181,48.00699],[-121.19199,47.99983],[-121.19256,47.9765],[-121.1925,47.97655],[-121.19243,47.97654],[-121.19176,47.97692],[-121.19173,47.97695],[-121.19126,47.97707],[-121.19113,47.97711],[-121.19108,47.97714],[-121.19102,47.97714],[-121.1909,47.97715],[-121.19082,47.9772],[-121.19078,47.97722],[-121.19076,47.97722],[-121.19053,47.9772],[-121.18996,47.97714],[-121.18986,47.9771],[-121.18937,47.97686],[-121.18889,47.97659],[-121.18872,47.97651],[-121.18836,47.97635],[-121.18807,47.97632],[-121.18801,47.9763],[-121.18798,47.97629],[-121.18783,47.97619],[-121.18694,47.97615],[-121.18385,47.97623],[-121.18363,47.97623],[-121.18357,47.97619],[-121.18345,47.9762],[-121.18275,47.97607],[-121.18221,47.97587],[-121.18199,47.97571],[-121.18192,47.97572],[-121.18176,47.97561],[-121.18174,47.9756],[-121.18136,47.97555],[-121.18062,47.97548],[-121.18038,47.97548],[-121.17985,47.97548],[-121.17873,47.97564],[-121.17837,47.97567],[-121.17831,47.97568],[-121.17807,47.97575],[-121.1779,47.97587],[-121.17778,47.97588],[-121.17749,47.97615],[-121.17696,47.97659],[-121.17693,47.97661],[-121.17689,47.97667],[-121.17666,47.97695],[-121.17661,47.9771],[-121.17654,47.97731],[-121.17642,47.97742],[-121.17636,47.97747],[-121.17636,47.97754],[-121.17642,47.97774],[-121.1763,47.97786],[-121.17627,47.97787],[-121.17613,47.97795],[-121.17602,47.978],[-121.17601,47.97802],[-121.17565,47.97802],[-121.17546,47.97809],[-121.17524,47.97833],[-121.17518,47.97849],[-121.17494,47.97873],[-121.17475,47.97889],[-121.17465,47.97897],[-121.17465,47.97913],[-121.17459,47.97917],[-121.17465,47.97921],[-121.17465,47.97976],[-121.17475,47.97985],[-121.17488,47.97996],[-121.17476,47.98048],[-121.17475,47.98049],[-121.17471,47.98052],[-121.17471,47.9806],[-121.1746,47.98067],[-121.17447,47.98075],[-121.174,47.98095],[-121.17352,47.98107],[-121.17293,47.98119],[-121.17275,47.98126],[-121.1724,47.98139],[-121.17169,47.98179],[-121.17157,47.98191],[-121.17157,47.98195],[-121.17116,47.98223],[-121.17112,47.98225],[-121.17045,47.98262],[-121.17016,47.98267],[-121.16968,47.98274],[-121.16944,47.98274],[-121.16927,47.98274],[-121.16922,47.98276],[-121.16879,47.98298],[-121.16873,47.98305],[-121.16862,47.98318],[-121.16838,47.98389],[-121.16826,47.98397],[-121.16826,47.98417],[-121.16802,47.98433],[-121.16666,47.9852],[-121.16667,47.98524],[-121.16631,47.98548],[-121.16597,47.9858],[-121.16572,47.98604],[-121.1656,47.98608],[-121.16554,47.9861],[-121.1655,47.98611],[-121.1653,47.98619],[-121.16447,47.98631],[-121.1643,47.98643],[-121.16394,47.98643],[-121.16391,47.98641],[-121.16383,47.98635],[-121.16366,47.98635],[-121.16341,47.98635],[-121.16312,47.98623],[-121.16222,47.98603],[-121.16205,47.986],[-121.15939,47.98588],[-121.15933,47.98584],[-121.15845,47.98568],[-121.15827,47.98564],[-121.15815,47.9856],[-121.15649,47.98533],[-121.15597,47.98511],[-121.15567,47.985],[-121.15554,47.98493],[-121.1552,47.98476],[-121.15431,47.98456],[-121.15378,47.98445],[-121.1533,47.98438],[-121.15283,47.98432],[-121.15242,47.9842],[-121.15171,47.98367],[-121.15153,47.98353],[-121.15125,47.98312],[-121.15118,47.98301],[-121.15112,47.98294],[-121.15053,47.98238],[-121.14987,47.98199],[-121.14982,47.98198],[-121.14941,47.98178],[-121.14923,47.9817],[-121.14865,47.98146],[-121.1484,47.98135],[-121.14763,47.98099],[-121.14758,47.98098],[-121.14754,47.98106],[-121.14746,47.98122],[-121.14728,47.9814],[-121.14694,47.98158],[-121.14168,47.98332],[-121.14114,47.98349],[-121.14073,47.98351],[-121.13851,47.98336],[-121.13804,47.98326],[-121.13732,47.983],[-121.1365,47.98281],[-121.13609,47.98279],[-121.13594,47.98283],[-121.13561,47.98303],[-121.13088,47.98656],[-121.12741,47.98658],[-121.12409,47.98645],[-121.12076,47.98617],[-121.11611,47.98575],[-121.11367,47.98546],[-121.10945,47.98489],[-121.10745,47.98401],[-121.10588,47.98253],[-121.10431,47.98031],[-121.10297,47.97942],[-121.10141,47.97869],[-121.09896,47.97796],[-121.09675,47.97782],[-121.0952,47.97768],[-121.0932,47.97754],[-121.09053,47.97651],[-121.08875,47.97518],[-121.08696,47.97356],[-121.08606,47.97222],[-121.08359,47.96986],[-121.08203,47.96897],[-121.08069,47.96749],[-121.07846,47.96646],[-121.0769,47.96558],[-121.0749,47.96484],[-121.0729,47.96351],[-121.07178,47.96233],[-121.07197,47.95965],[-121.0715,47.95698],[-121.07145,47.95237],[-121.07142,47.94939],[-121.07028,47.94687],[-121.06895,47.94628],[-121.06583,47.94437],[-121.06404,47.94274],[-121.06358,47.94066],[-121.06333,47.93828],[-121.06282,47.93204],[-121.06297,47.9249],[-121.06249,47.92148],[-121.06223,47.91851],[-121.06256,47.91702],[-121.06247,47.91641],[-121.06238,47.91609],[-121.06187,47.91548],[-121.06146,47.91504],[-121.06145,47.91503],[-121.0608,47.91448],[-121.06063,47.91431],[-121.05964,47.91342],[-121.05889,47.91309],[-121.05732,47.91259],[-121.05691,47.91253],[-121.05649,47.9122],[-121.05616,47.91069],[-121.05567,47.9102],[-121.05557,47.9101],[-121.0555,47.91003],[-121.05509,47.90986],[-121.05467,47.90958],[-121.05401,47.90931],[-121.05368,47.90908],[-121.05228,47.90852],[-121.05194,47.9083],[-121.05062,47.90764],[-121.04863,47.90647],[-121.04822,47.9063],[-121.04773,47.90608],[-121.04731,47.90591],[-121.04648,47.9053],[-121.04591,47.90496],[-121.04557,47.90469],[-121.04508,47.90435],[-121.04429,47.9039],[-121.04423,47.9039],[-121.04183,47.90248],[-121.03871,47.90113],[-121.03542,47.90027],[-121.03162,47.89995],[-121.03133,47.89996],[-121.03115,47.89995],[-121.02974,47.90003],[-121.02936,47.90005],[-121.02719,47.89948],[-121.02715,47.89946],[-121.02428,47.89763],[-121.02286,47.89707],[-121.02282,47.89705],[-121.02089,47.89712],[-121.02048,47.89713],[-121.0185,47.89671],[-121.01845,47.8967],[-121.0171,47.89674],[-121.01589,47.89731],[-121.01574,47.89739],[-121.01397,47.89696],[-121.00984,47.89558],[-121.00804,47.89513],[-121.00723,47.89493],[-121.00625,47.89427],[-121.00541,47.89258],[-121.00348,47.89157],[-121.00157,47.89135],[-121.00119,47.89131],[-121.00032,47.89144],[-120.99906,47.89121],[-120.99884,47.89117],[-120.99804,47.89103],[-120.99692,47.89091],[-120.99573,47.8909],[-120.99565,47.8909],[-120.99441,47.89103],[-120.99414,47.89106],[-120.99293,47.89128],[-120.9929,47.89129],[-120.99179,47.89154],[-120.99143,47.89151],[-120.98867,47.89135],[-120.98748,47.89133],[-120.98568,47.89119],[-120.98365,47.89113],[-120.98057,47.89127],[-120.9777,47.89142],[-120.97767,47.89143],[-120.97492,47.89145],[-120.97383,47.89135],[-120.97278,47.89074],[-120.97238,47.89078],[-120.97158,47.89088],[-120.97046,47.89177],[-120.96973,47.89266],[-120.96961,47.89335],[-120.9696,47.89441],[-120.96916,47.89512],[-120.96832,47.89556],[-120.96697,47.89611],[-120.96612,47.89675],[-120.96577,47.89767],[-120.96547,47.89832],[-120.96476,47.89928],[-120.96434,47.89977],[-120.96324,47.90097],[-120.96253,47.90154],[-120.96251,47.90155],[-120.96081,47.9018],[-120.9587,47.90227],[-120.95746,47.90278],[-120.95336,47.90567],[-120.95335,47.90629],[-120.95327,47.90735],[-120.9532,47.90889],[-120.95448,47.90969],[-120.95339,47.91244],[-120.95211,47.91712],[-120.9521,47.91713],[-120.95137,47.91774],[-120.95062,47.91856],[-120.95053,47.91873],[-120.95034,47.92245],[-120.95004,47.92354],[-120.95,47.92453],[-120.94923,47.92565],[-120.94861,47.92681],[-120.94848,47.9276],[-120.94813,47.92849],[-120.94792,47.92943],[-120.94533,47.93077],[-120.94436,47.93151],[-120.94257,47.93304],[-120.94184,47.93364],[-120.94079,47.93467],[-120.94021,47.93588],[-120.94008,47.93714],[-120.93918,47.93808],[-120.93817,47.9385],[-120.93681,47.93892],[-120.93525,47.93953],[-120.93447,47.94019],[-120.93328,47.94088],[-120.93227,47.94119],[-120.9321,47.94225],[-120.93322,47.94345],[-120.93414,47.94396],[-120.93478,47.94457],[-120.93574,47.94562],[-120.93575,47.94564],[-120.93645,47.94652],[-120.93701,47.9475],[-120.93732,47.94798],[-120.93798,47.94862],[-120.93961,47.94959],[-120.94043,47.95006],[-120.94121,47.95061],[-120.94182,47.9514],[-120.94137,47.95244],[-120.94083,47.95303],[-120.94015,47.95409],[-120.94033,47.95518],[-120.9407,47.95616],[-120.942,47.95796],[-120.94371,47.96106],[-120.94438,47.96199],[-120.94471,47.96285],[-120.94526,47.96406],[-120.94567,47.96573],[-120.94522,47.96724],[-120.94475,47.96847],[-120.94386,47.9704],[-120.94287,47.97154],[-120.94201,47.97226],[-120.94199,47.97227],[-120.94115,47.97292],[-120.94009,47.97355],[-120.94007,47.97356],[-120.9391,47.97405],[-120.93821,47.97488],[-120.93746,47.97599],[-120.93668,47.97686],[-120.93555,47.97756],[-120.93546,47.97761],[-120.93433,47.97834],[-120.93301,47.97891],[-120.93175,47.97919],[-120.93036,47.97949],[-120.92991,47.97955],[-120.92861,47.97973],[-120.9271,47.9798],[-120.92563,47.98003],[-120.92437,47.98035],[-120.92319,47.98023],[-120.92206,47.9798],[-120.92105,47.97909],[-120.92077,47.9784],[-120.92074,47.97685],[-120.92036,47.97541],[-120.92023,47.97422],[-120.91972,47.97292],[-120.91917,47.97196],[-120.91904,47.97121],[-120.91907,47.9704],[-120.91924,47.96961],[-120.91924,47.9689],[-120.91917,47.96794],[-120.91836,47.96721],[-120.91788,47.96618],[-120.91683,47.96508],[-120.91574,47.9643],[-120.91536,47.96364],[-120.91469,47.96271],[-120.91397,47.96163],[-120.91282,47.96081],[-120.91207,47.96001],[-120.91156,47.95923],[-120.91112,47.95832],[-120.91047,47.95727],[-120.90972,47.95676],[-120.90843,47.9563],[-120.90745,47.95606],[-120.90609,47.95571],[-120.90503,47.95518],[-120.90517,47.95418],[-120.90513,47.9529],[-120.90452,47.9518],[-120.90405,47.95112],[-120.9036,47.95043],[-120.90286,47.94979],[-120.90248,47.94862],[-120.90211,47.94796],[-120.90126,47.94712],[-120.9,47.9468],[-120.89868,47.94616],[-120.89817,47.94497],[-120.89763,47.94383],[-120.89674,47.94275],[-120.8961,47.94158],[-120.89525,47.94079],[-120.8946,47.93978],[-120.89382,47.93839],[-120.89284,47.9374],[-120.8924,47.9359],[-120.89223,47.93519],[-120.89121,47.93406],[-120.8906,47.93304],[-120.88985,47.93231],[-120.88859,47.93112],[-120.8871,47.93029],[-120.88611,47.92952],[-120.88489,47.92853],[-120.88421,47.92801],[-120.8834,47.9273],[-120.88238,47.92614],[-120.88102,47.92538],[-120.87973,47.9246],[-120.87851,47.92359],[-120.87729,47.92195],[-120.87654,47.92115],[-120.87593,47.92053],[-120.87512,47.9199],[-120.87511,47.91989],[-120.87447,47.91923],[-120.87352,47.91827],[-120.87304,47.91717],[-120.87284,47.91623],[-120.87223,47.91493],[-120.87104,47.91372],[-120.87053,47.91308],[-120.86989,47.91219],[-120.86904,47.91139],[-120.86833,47.91036],[-120.86832,47.91035],[-120.86705,47.90925],[-120.86703,47.90923],[-120.86606,47.90821],[-120.86507,47.90713],[-120.86365,47.90599],[-120.86273,47.90507],[-120.86205,47.9045],[-120.86124,47.90398],[-120.86039,47.90354],[-120.85985,47.90298],[-120.85958,47.9027],[-120.85893,47.90187],[-120.85869,47.90116],[-120.85808,47.90007],[-120.85758,47.89918],[-120.85757,47.89917],[-120.85683,47.89851],[-120.85537,47.89746],[-120.85452,47.89693],[-120.85361,47.89639],[-120.8526,47.89571],[-120.85258,47.89569],[-120.85151,47.89493],[-120.8515,47.89492],[-120.85093,47.89432],[-120.85048,47.89359],[-120.84944,47.89272],[-120.84828,47.89179],[-120.84716,47.89112],[-120.84638,47.8905],[-120.84516,47.88982],[-120.84431,47.88902],[-120.8431,47.88809],[-120.84309,47.88808],[-120.84299,47.888],[-120.84191,47.88719],[-120.84065,47.88602],[-120.8398,47.88527],[-120.83872,47.88474],[-120.83834,47.88478],[-120.83691,47.88495],[-120.83582,47.88545],[-120.83427,47.8862],[-120.83424,47.88621],[-120.83421,47.88622],[-120.83321,47.88654],[-120.83212,47.88705],[-120.83045,47.88832],[-120.82858,47.89029],[-120.82817,47.89104],[-120.82733,47.89178],[-120.82637,47.89296],[-120.82582,47.89382],[-120.82528,47.8946],[-120.82456,47.89565],[-120.82388,47.89624],[-120.82258,47.89724],[-120.82058,47.89814],[-120.81926,47.8982],[-120.8182,47.89868],[-120.81623,47.89925],[-120.81538,47.89966],[-120.81417,47.90018],[-120.81411,47.90019],[-120.81313,47.90032],[-120.81191,47.90063],[-120.81038,47.90116],[-120.80903,47.90141],[-120.80804,47.90179],[-120.80777,47.9025],[-120.80781,47.90348],[-120.80797,47.90444],[-120.80804,47.90563],[-120.80817,47.90647],[-120.80878,47.90768],[-120.80932,47.90869],[-120.80933,47.9087],[-120.81017,47.90997],[-120.81075,47.91125],[-120.81149,47.91203],[-120.81352,47.91272],[-120.81519,47.91341],[-120.81654,47.91409],[-120.81746,47.91489],[-120.81841,47.91574],[-120.81942,47.91731],[-120.81943,47.91732],[-120.82,47.91828],[-120.82085,47.91917],[-120.82169,47.92047],[-120.8217,47.92048],[-120.82241,47.92196],[-120.82299,47.92251],[-120.82308,47.92315],[-120.82369,47.92411],[-120.8241,47.92512],[-120.82441,47.92607],[-120.82539,47.92644],[-120.82688,47.92715],[-120.82817,47.92791],[-120.82936,47.92862],[-120.83051,47.92962],[-120.83106,47.9304],[-120.8316,47.93122],[-120.83329,47.93235],[-120.83401,47.93289],[-120.83475,47.93424],[-120.83472,47.93511],[-120.83489,47.93591],[-120.83536,47.93655],[-120.83611,47.93774],[-120.83733,47.93856],[-120.83811,47.93914],[-120.83899,47.93952],[-120.84018,47.93989],[-120.8407,47.94078],[-120.84105,47.94089],[-120.84116,47.94092],[-120.84124,47.94094],[-120.84223,47.94087],[-120.8425,47.94085],[-120.84302,47.9409],[-120.84369,47.94127],[-120.84415,47.94145],[-120.84481,47.94172],[-120.8455,47.94222],[-120.84641,47.94239],[-120.84644,47.94239],[-120.84748,47.94251],[-120.84808,47.94276],[-120.84847,47.94306],[-120.84873,47.94344],[-120.84905,47.94517],[-120.84932,47.94544],[-120.84984,47.94575],[-120.84987,47.9463],[-120.84953,47.94682],[-120.84941,47.94751],[-120.84965,47.94794],[-120.84972,47.94807],[-120.85031,47.94846],[-120.85086,47.94885],[-120.85109,47.94901],[-120.85138,47.94924],[-120.8515,47.94995],[-120.85155,47.95024],[-120.85179,47.95079],[-120.85188,47.95102],[-120.85221,47.95139],[-120.85242,47.95164],[-120.85249,47.95171],[-120.85312,47.95214],[-120.85287,47.95258],[-120.85288,47.95285],[-120.85256,47.95377],[-120.85255,47.9538],[-120.85255,47.95382],[-120.85237,47.95458],[-120.85118,47.95544],[-120.85021,47.9557],[-120.84906,47.95572],[-120.848,47.95575],[-120.84782,47.95574],[-120.84653,47.9557],[-120.84483,47.95571],[-120.84476,47.95571],[-120.84447,47.9557],[-120.84435,47.95571],[-120.84352,47.95586],[-120.84343,47.9558],[-120.84328,47.95569],[-120.84281,47.95569],[-120.84196,47.95571],[-120.84074,47.95591],[-120.84071,47.95592],[-120.84027,47.95591],[-120.83985,47.95591],[-120.83979,47.95591],[-120.83829,47.95581],[-120.83823,47.95583],[-120.83753,47.95623],[-120.83641,47.95757],[-120.8364,47.95758],[-120.83638,47.9576],[-120.83531,47.95907],[-120.83502,47.95943],[-120.8339,47.96058],[-120.83392,47.96106],[-120.83392,47.96159],[-120.83439,47.96215],[-120.83562,47.96701],[-120.8362,47.96702],[-120.83667,47.96703],[-120.83749,47.96705],[-120.83762,47.96705],[-120.83796,47.96705],[-120.83905,47.96698],[-120.83939,47.96696],[-120.84068,47.96715],[-120.84258,47.9674],[-120.84354,47.9677],[-120.84482,47.96836],[-120.84544,47.96905],[-120.84652,47.96978],[-120.84755,47.96992],[-120.8485,47.97035],[-120.84944,47.97104],[-120.84947,47.97105],[-120.84949,47.97106],[-120.85027,47.97155],[-120.8504,47.97164],[-120.85135,47.97223],[-120.85161,47.97354],[-120.85021,47.97399],[-120.84896,47.9742],[-120.84777,47.97458],[-120.84725,47.9753],[-120.84743,47.97553],[-120.84811,47.97652],[-120.84856,47.97739],[-120.84911,47.97803],[-120.84918,47.9781],[-120.84919,47.97811],[-120.84957,47.9781],[-120.85024,47.97808],[-120.85029,47.97808],[-120.8514,47.97809],[-120.85143,47.97808],[-120.85189,47.97808],[-120.85388,47.97784],[-120.85624,47.97782],[-120.85668,47.97781],[-120.85808,47.97772],[-120.85954,47.97754],[-120.8602,47.97753],[-120.8606,47.97752],[-120.8623,47.97768],[-120.86342,47.97787],[-120.86433,47.9783],[-120.86481,47.97912],[-120.86559,47.97981],[-120.86588,47.98024],[-120.86616,47.98065],[-120.86618,47.98067],[-120.86641,47.98099],[-120.86669,47.98134],[-120.86805,47.98223],[-120.86879,47.98292],[-120.8692,47.98365],[-120.86961,47.98462],[-120.86961,47.98464],[-120.86998,47.98582],[-120.87039,47.98685],[-120.87086,47.98797],[-120.87086,47.98897],[-120.87113,47.99],[-120.87157,47.99096],[-120.87191,47.99201],[-120.87226,47.99318],[-120.87303,47.99404],[-120.87304,47.99405],[-120.87378,47.99489],[-120.87453,47.99624],[-120.87548,47.99747],[-120.87653,47.9983],[-120.87705,47.99921],[-120.87853,47.99985],[-120.87858,47.99993],[-120.87875,48.00016],[-120.87876,48.00018],[-120.87912,48.00067],[-120.87935,48.00096],[-120.87937,48.00097],[-120.87941,48.00102],[-120.87965,48.00131],[-120.87993,48.00163],[-120.88028,48.002],[-120.88047,48.00221],[-120.88061,48.0024],[-120.88052,48.00369],[-120.88054,48.00382],[-120.88072,48.00493],[-120.88077,48.00519],[-120.88099,48.00576],[-120.88101,48.00582],[-120.88097,48.00592],[-120.88089,48.00606],[-120.8808,48.00622],[-120.88071,48.00643],[-120.88066,48.00673],[-120.88057,48.00709],[-120.88054,48.00745],[-120.88051,48.00785],[-120.88047,48.00808],[-120.88041,48.00825],[-120.88031,48.00845],[-120.88006,48.00879],[-120.87983,48.00913],[-120.87957,48.0095],[-120.8794,48.00979],[-120.87932,48.01004],[-120.8793,48.01023],[-120.87932,48.01048],[-120.87935,48.0107],[-120.87944,48.01093],[-120.87956,48.01112],[-120.87957,48.01114],[-120.87972,48.01129],[-120.87974,48.0113],[-120.8798,48.01137],[-120.87909,48.01179],[-120.87835,48.01219],[-120.87784,48.01242],[-120.87697,48.01278],[-120.87621,48.01309],[-120.876,48.01317],[-120.87567,48.01332],[-120.87513,48.01347],[-120.87492,48.01351],[-120.87394,48.01382],[-120.87307,48.01409],[-120.87247,48.01429],[-120.87193,48.01442],[-120.87145,48.01458],[-120.87052,48.01487],[-120.87001,48.01503],[-120.86887,48.01535],[-120.86839,48.01548],[-120.86757,48.01569],[-120.86676,48.01588],[-120.8665,48.01594],[-120.86584,48.0161],[-120.86512,48.01627],[-120.86444,48.01635],[-120.86388,48.01641],[-120.86317,48.01653],[-120.86231,48.01667],[-120.86152,48.0168],[-120.86096,48.01693],[-120.86044,48.0171],[-120.86004,48.0172],[-120.85972,48.01724],[-120.85946,48.01724],[-120.85939,48.01723],[-120.85934,48.01724],[-120.85907,48.01721],[-120.85861,48.01715],[-120.85809,48.01705],[-120.85761,48.01696],[-120.85714,48.01685],[-120.85675,48.01677],[-120.85607,48.01662],[-120.85534,48.01643],[-120.85473,48.01625],[-120.85429,48.01605],[-120.85359,48.0158],[-120.85265,48.01544],[-120.85199,48.01525],[-120.85151,48.01507],[-120.85105,48.01501],[-120.85056,48.01494],[-120.84976,48.01486],[-120.84913,48.0148],[-120.84871,48.01469],[-120.8484,48.0146],[-120.84806,48.01442],[-120.84764,48.0142],[-120.84715,48.01397],[-120.84652,48.01384],[-120.84604,48.01368],[-120.84535,48.0136],[-120.84483,48.01352],[-120.84419,48.01342],[-120.84364,48.01336],[-120.84317,48.01328],[-120.84285,48.01324],[-120.84254,48.01317],[-120.84227,48.0131],[-120.84195,48.01295],[-120.84165,48.0128],[-120.8414,48.01267],[-120.84099,48.0125],[-120.84058,48.0123],[-120.84031,48.01219],[-120.83992,48.01205],[-120.83959,48.01194],[-120.83914,48.0119],[-120.83882,48.0119],[-120.83879,48.01191],[-120.83828,48.01201],[-120.83807,48.01205],[-120.8377,48.01213],[-120.83685,48.01232],[-120.83596,48.01253],[-120.83547,48.01263],[-120.83501,48.01271],[-120.83418,48.01287],[-120.83312,48.01302],[-120.83248,48.01305],[-120.83197,48.01307],[-120.8316,48.01312],[-120.8307,48.01316],[-120.83012,48.01323],[-120.82954,48.01335],[-120.82936,48.01341],[-120.82901,48.01354],[-120.82884,48.01365],[-120.82862,48.01381],[-120.82849,48.01393],[-120.82828,48.01412],[-120.82817,48.01433],[-120.82814,48.01443],[-120.8282,48.01452],[-120.82832,48.01457],[-120.82852,48.01471],[-120.82854,48.01472],[-120.82872,48.01485],[-120.82886,48.015],[-120.82893,48.01512],[-120.829,48.01527],[-120.82907,48.0154],[-120.82917,48.01547],[-120.82933,48.01546],[-120.82962,48.01557],[-120.82979,48.01569],[-120.82988,48.01585],[-120.8299,48.01601],[-120.82994,48.01613],[-120.83001,48.01616],[-120.83017,48.01628],[-120.83025,48.01639],[-120.8303,48.01653],[-120.83035,48.01675],[-120.83041,48.01698],[-120.83052,48.01715],[-120.83062,48.01731],[-120.83083,48.01743],[-120.83105,48.01758],[-120.83125,48.01774],[-120.83123,48.01788],[-120.83119,48.01798],[-120.83091,48.01806],[-120.8307,48.01809],[-120.83035,48.01813],[-120.83012,48.01817],[-120.83,48.01825],[-120.8299,48.01836],[-120.82991,48.01849],[-120.82994,48.01865],[-120.83003,48.0188],[-120.83015,48.01891],[-120.83022,48.01906],[-120.83028,48.01916],[-120.83028,48.0192],[-120.83004,48.0193],[-120.82987,48.01936],[-120.82956,48.0195],[-120.82939,48.01951],[-120.82912,48.01957],[-120.829,48.01965],[-120.82882,48.01983],[-120.82871,48.01999],[-120.82852,48.02009],[-120.82824,48.0202],[-120.82813,48.02027],[-120.82779,48.0204],[-120.82764,48.02048],[-120.82748,48.02056],[-120.82736,48.02072],[-120.82724,48.02088],[-120.8272,48.02109],[-120.82716,48.02126],[-120.82713,48.02148],[-120.82717,48.02168],[-120.82729,48.02183],[-120.82753,48.022],[-120.8279,48.02221],[-120.82811,48.02234],[-120.8283,48.02252],[-120.82835,48.02269],[-120.82843,48.02289],[-120.82854,48.02318],[-120.82864,48.02343],[-120.82875,48.02371],[-120.8291,48.02404],[-120.82926,48.02421],[-120.82945,48.02433],[-120.8297,48.0245],[-120.82988,48.02466],[-120.82996,48.02479],[-120.82999,48.02493],[-120.82993,48.02511],[-120.82986,48.02533],[-120.82977,48.02549],[-120.82958,48.02573],[-120.82948,48.0259],[-120.82933,48.02609],[-120.82929,48.02619],[-120.82926,48.0263],[-120.82929,48.02649],[-120.82932,48.02668],[-120.82929,48.02684],[-120.82927,48.02704],[-120.82927,48.02727],[-120.82927,48.02746],[-120.82933,48.02774],[-120.8294,48.0279],[-120.82959,48.02809],[-120.82977,48.02822],[-120.82993,48.02838],[-120.83003,48.02854],[-120.83015,48.02887],[-120.8302,48.02918],[-120.83026,48.02942],[-120.83029,48.02968],[-120.83039,48.02986],[-120.83065,48.03],[-120.83096,48.03016],[-120.83122,48.03037],[-120.83144,48.03064],[-120.83152,48.03099],[-120.83155,48.03122],[-120.83155,48.03153],[-120.83157,48.03188],[-120.83154,48.03213],[-120.83145,48.0324],[-120.83139,48.03265],[-120.83138,48.03268],[-120.83131,48.03288],[-120.83116,48.03317],[-120.83115,48.03338],[-120.83115,48.03362],[-120.83116,48.03385],[-120.83115,48.03413],[-120.83116,48.0344],[-120.83118,48.03451],[-120.83133,48.03461],[-120.83157,48.03473],[-120.8318,48.0349],[-120.83189,48.03511],[-120.83186,48.03531],[-120.83173,48.03537],[-120.83146,48.03537],[-120.83145,48.03549],[-120.83147,48.03559],[-120.83161,48.03569],[-120.83183,48.0358],[-120.83205,48.03589],[-120.83231,48.03607],[-120.83248,48.03622],[-120.83271,48.03647],[-120.83293,48.03687],[-120.83312,48.03716],[-120.83335,48.03753],[-120.83351,48.03794],[-120.83354,48.03813],[-120.83354,48.03835],[-120.83351,48.03865],[-120.83347,48.039],[-120.83335,48.03911],[-120.83326,48.03924],[-120.83319,48.03935],[-120.83324,48.03947],[-120.83338,48.03964],[-120.83379,48.03994],[-120.83398,48.04004],[-120.83424,48.04018],[-120.83451,48.04031],[-120.83456,48.04044],[-120.83457,48.04059],[-120.83453,48.04084],[-120.83442,48.04098],[-120.83425,48.04113],[-120.83403,48.04134],[-120.83387,48.04152],[-120.83374,48.04167],[-120.83358,48.04207],[-120.83351,48.04228],[-120.8335,48.04254],[-120.83344,48.04285],[-120.83344,48.04308],[-120.8335,48.04317],[-120.83351,48.04318],[-120.83369,48.04322],[-120.83388,48.04322],[-120.83398,48.04322],[-120.83435,48.04322],[-120.83451,48.04328],[-120.83498,48.04352],[-120.8354,48.04377],[-120.83572,48.04388],[-120.83608,48.04397],[-120.83646,48.04412],[-120.83659,48.04426],[-120.83665,48.04444],[-120.83666,48.04446],[-120.83666,48.04447],[-120.83667,48.04463],[-120.83663,48.04478],[-120.83653,48.04497],[-120.8364,48.04504],[-120.83614,48.04515],[-120.83583,48.04527],[-120.8357,48.04532],[-120.83563,48.04539],[-120.83558,48.0455],[-120.83559,48.04568],[-120.83563,48.04589],[-120.83576,48.04616],[-120.83593,48.04649],[-120.83593,48.04663],[-120.83587,48.0467],[-120.83572,48.0468],[-120.83556,48.04688],[-120.8354,48.047],[-120.83535,48.04713],[-120.83532,48.04724],[-120.83533,48.04725],[-120.83539,48.04738],[-120.83544,48.04746],[-120.83558,48.04766],[-120.83573,48.04774],[-120.83596,48.04782],[-120.83628,48.04788],[-120.83656,48.04797],[-120.83683,48.04806],[-120.83705,48.04811],[-120.83727,48.04823],[-120.83746,48.04838],[-120.83775,48.04861],[-120.83799,48.04879],[-120.8383,48.04895],[-120.83862,48.04914],[-120.83885,48.04936],[-120.83902,48.0496],[-120.83918,48.04978],[-120.83925,48.05003],[-120.8391,48.05018],[-120.83889,48.05029],[-120.83873,48.05042],[-120.83869,48.05049],[-120.83869,48.05069],[-120.83876,48.05091],[-120.83888,48.051],[-120.839,48.05111],[-120.8391,48.05134],[-120.839,48.05154],[-120.83885,48.05165],[-120.83863,48.05171],[-120.83843,48.05176],[-120.83844,48.05191],[-120.83857,48.05209],[-120.83873,48.05217],[-120.83894,48.05229],[-120.83918,48.05242],[-120.83926,48.05251],[-120.83931,48.05272],[-120.83937,48.05306],[-120.83949,48.05358],[-120.83955,48.05382],[-120.83963,48.05411],[-120.83968,48.05422],[-120.83984,48.05453],[-120.83997,48.05485],[-120.84005,48.05511],[-120.84016,48.05547],[-120.8402,48.05569],[-120.84016,48.05587],[-120.84016,48.05618],[-120.8401,48.05638],[-120.84016,48.05654],[-120.84018,48.05664],[-120.84032,48.05672],[-120.84047,48.05684],[-120.84059,48.05694],[-120.84071,48.05721],[-120.84081,48.0575],[-120.84082,48.05774],[-120.8409,48.05793],[-120.84092,48.05819],[-120.84107,48.05841],[-120.84121,48.05851],[-120.84148,48.05864],[-120.84166,48.05867],[-120.8417,48.05867],[-120.84194,48.05866],[-120.84217,48.05867],[-120.84235,48.05875],[-120.84244,48.05886],[-120.84245,48.05904],[-120.84242,48.05932],[-120.8424,48.05954],[-120.84233,48.05972],[-120.8424,48.05987],[-120.84258,48.06001],[-120.84272,48.06014],[-120.84285,48.06026],[-120.84296,48.06044],[-120.84303,48.06064],[-120.84301,48.06086],[-120.84294,48.06102],[-120.84284,48.06119],[-120.84265,48.06141],[-120.84239,48.0616],[-120.84211,48.06188],[-120.84191,48.06212],[-120.84198,48.06229],[-120.84203,48.06244],[-120.84211,48.06266],[-120.84222,48.06283],[-120.84238,48.06308],[-120.84253,48.06322],[-120.84275,48.06344],[-120.84303,48.06366],[-120.84338,48.06395],[-120.84356,48.0643],[-120.84362,48.06449],[-120.84367,48.0648],[-120.84371,48.06508],[-120.84377,48.06529],[-120.8439,48.06541],[-120.84409,48.06549],[-120.84439,48.06559],[-120.84491,48.06571],[-120.84539,48.06609],[-120.84561,48.06622],[-120.84597,48.06643],[-120.84644,48.06656],[-120.84696,48.06667],[-120.84747,48.06698],[-120.84774,48.06735],[-120.8478,48.06748],[-120.84787,48.06771],[-120.84792,48.06793],[-120.8479,48.06825],[-120.84794,48.06837],[-120.84822,48.06832],[-120.84824,48.06832],[-120.84875,48.06826],[-120.84901,48.06829],[-120.84922,48.06827],[-120.84969,48.0683],[-120.85001,48.06834],[-120.85037,48.06839],[-120.8508,48.06849],[-120.85111,48.06863],[-120.85144,48.06886],[-120.85165,48.06909],[-120.85182,48.06933],[-120.85202,48.06954],[-120.85218,48.06967],[-120.85239,48.06972],[-120.85269,48.06971],[-120.85291,48.06979],[-120.85307,48.06986],[-120.85309,48.06988],[-120.8531,48.06989],[-120.85323,48.07002],[-120.85334,48.07022],[-120.85347,48.07054],[-120.8536,48.07085],[-120.85366,48.07111],[-120.85379,48.07134],[-120.85395,48.07166],[-120.854,48.07183],[-120.85417,48.07193],[-120.85442,48.0721],[-120.85463,48.07225],[-120.85491,48.07241],[-120.85493,48.07255],[-120.85484,48.07267],[-120.85474,48.07281],[-120.85455,48.07299],[-120.85447,48.07317],[-120.85442,48.07334],[-120.85445,48.07348],[-120.85458,48.07359],[-120.85477,48.07373],[-120.85506,48.07391],[-120.85535,48.07404],[-120.85562,48.0742],[-120.85575,48.07434],[-120.85574,48.0745],[-120.85562,48.07474],[-120.8555,48.07492],[-120.85546,48.07515],[-120.8554,48.07536],[-120.85552,48.07554],[-120.85564,48.07577],[-120.85572,48.0759],[-120.85581,48.07608],[-120.8559,48.07634],[-120.85601,48.07655],[-120.85626,48.07683],[-120.85642,48.07694],[-120.85691,48.07717],[-120.85748,48.07732],[-120.85751,48.07733],[-120.8578,48.07742],[-120.85807,48.07744],[-120.85854,48.07745],[-120.8588,48.07755],[-120.85899,48.07768],[-120.85915,48.07787],[-120.85916,48.07831],[-120.85894,48.0788],[-120.85903,48.07898],[-120.85904,48.079],[-120.85912,48.07918],[-120.85913,48.07946],[-120.85916,48.07963],[-120.85925,48.07979],[-120.8591,48.07997],[-120.8588,48.08024],[-120.85836,48.08068],[-120.85793,48.08106],[-120.85732,48.08162],[-120.85696,48.08196],[-120.85639,48.08248],[-120.85571,48.08306],[-120.85511,48.08353],[-120.85395,48.08449],[-120.85343,48.08495],[-120.85226,48.08583],[-120.85154,48.08639],[-120.85093,48.08684],[-120.84998,48.08758],[-120.84915,48.0882],[-120.84771,48.08925],[-120.847,48.0898],[-120.84634,48.09025],[-120.84583,48.09063],[-120.84574,48.09059],[-120.84557,48.09045],[-120.84553,48.09043],[-120.84532,48.0902],[-120.84515,48.09001],[-120.84477,48.08973],[-120.84457,48.08962],[-120.84438,48.08948],[-120.84419,48.08941],[-120.84379,48.08926],[-120.84319,48.08909],[-120.8428,48.08901],[-120.84266,48.08901],[-120.84249,48.08904],[-120.84246,48.08904],[-120.84229,48.08909],[-120.84211,48.08924],[-120.84206,48.08936],[-120.84182,48.08964],[-120.84164,48.0899],[-120.84145,48.09011],[-120.84137,48.09017],[-120.8412,48.0903],[-120.84098,48.09041],[-120.84078,48.09053],[-120.84063,48.09074],[-120.84045,48.09092],[-120.84018,48.0911],[-120.84001,48.09134],[-120.83998,48.09144],[-120.83994,48.09164],[-120.83988,48.09188],[-120.83978,48.09218],[-120.83962,48.09248],[-120.83946,48.09276],[-120.83921,48.09312],[-120.83911,48.09337],[-120.839,48.09364],[-120.83895,48.09388],[-120.83888,48.09407],[-120.83873,48.09428],[-120.83834,48.09477],[-120.83805,48.09523],[-120.83792,48.09567],[-120.83791,48.09595],[-120.83792,48.09624],[-120.83798,48.09652],[-120.83814,48.09682],[-120.83821,48.09698],[-120.83837,48.09732],[-120.83855,48.0976],[-120.83863,48.09782],[-120.83868,48.098],[-120.83866,48.09812],[-120.83865,48.09838],[-120.83857,48.0989],[-120.83857,48.09939],[-120.83862,48.09971],[-120.8387,48.09992],[-120.83882,48.10026],[-120.83904,48.10054],[-120.8394,48.10097],[-120.83975,48.10127],[-120.84005,48.10153],[-120.84034,48.10167],[-120.84063,48.10183],[-120.84081,48.10196],[-120.84104,48.10226],[-120.84129,48.10264],[-120.84156,48.10298],[-120.84178,48.10329],[-120.84191,48.10363],[-120.84226,48.10438],[-120.84259,48.10501],[-120.84277,48.10543],[-120.843,48.10593],[-120.84327,48.10647],[-120.84345,48.10684],[-120.84374,48.10736],[-120.84394,48.10779],[-120.8441,48.10827],[-120.84429,48.10866],[-120.84457,48.10926],[-120.8446,48.10942],[-120.8447,48.10979],[-120.84477,48.11009],[-120.84497,48.11065],[-120.84526,48.11132],[-120.84536,48.11172],[-120.84555,48.11236],[-120.84563,48.1128],[-120.84578,48.11339],[-120.84587,48.11379],[-120.8459,48.11395],[-120.84601,48.11427],[-120.84355,48.11475],[-120.84013,48.11544],[-120.83788,48.11589],[-120.8347,48.11652],[-120.83244,48.11691],[-120.83081,48.1172],[-120.83075,48.11713],[-120.83067,48.117],[-120.83056,48.11664],[-120.83064,48.1164],[-120.8307,48.1162],[-120.83065,48.11594],[-120.83051,48.1156],[-120.83036,48.11535],[-120.83047,48.11509],[-120.8305,48.11481],[-120.83047,48.11435],[-120.83043,48.11397],[-120.83038,48.11362],[-120.83017,48.11328],[-120.82996,48.11301],[-120.82983,48.11289],[-120.82946,48.11283],[-120.8293,48.11279],[-120.82924,48.11271],[-120.82931,48.11247],[-120.82951,48.11206],[-120.82953,48.11185],[-120.82956,48.11174],[-120.82953,48.11123],[-120.82944,48.11089],[-120.8293,48.1106],[-120.82913,48.11031],[-120.82895,48.11005],[-120.82874,48.10979],[-120.82841,48.10941],[-120.82816,48.10914],[-120.82782,48.10888],[-120.8278,48.10887],[-120.82745,48.1086],[-120.82733,48.10852],[-120.82697,48.1084],[-120.82672,48.10832],[-120.82641,48.1083],[-120.82614,48.10826],[-120.8258,48.10815],[-120.82533,48.10802],[-120.82494,48.10794],[-120.82434,48.10786],[-120.82368,48.10775],[-120.82328,48.10776],[-120.82325,48.10776],[-120.82301,48.10781],[-120.82279,48.10793],[-120.82257,48.10804],[-120.82241,48.10805],[-120.8223,48.108],[-120.82223,48.10797],[-120.82192,48.10779],[-120.82178,48.10769],[-120.82179,48.10746],[-120.82188,48.10713],[-120.82185,48.10684],[-120.82174,48.10667],[-120.82158,48.1065],[-120.82147,48.10639],[-120.8215,48.10632],[-120.82164,48.10611],[-120.82174,48.10594],[-120.82178,48.1057],[-120.82178,48.10555],[-120.82194,48.10541],[-120.82217,48.10526],[-120.82234,48.10494],[-120.82224,48.10468],[-120.82217,48.1044],[-120.82211,48.10424],[-120.82204,48.1039],[-120.82203,48.10371],[-120.82195,48.10356],[-120.82186,48.10344],[-120.82192,48.10336],[-120.82222,48.10322],[-120.82239,48.10308],[-120.82247,48.10291],[-120.8225,48.10257],[-120.8224,48.10217],[-120.82235,48.10196],[-120.82236,48.10176],[-120.8224,48.10155],[-120.82237,48.10129],[-120.82231,48.10104],[-120.82216,48.10082],[-120.82174,48.10045],[-120.8211,48.10006],[-120.82048,48.09972],[-120.82007,48.0995],[-120.81985,48.09943],[-120.81947,48.09937],[-120.81875,48.09933],[-120.8185,48.09934],[-120.81842,48.09933],[-120.81818,48.09935],[-120.81808,48.09934],[-120.81801,48.09934],[-120.81754,48.09929],[-120.81699,48.09922],[-120.81672,48.09918],[-120.81644,48.09905],[-120.81587,48.09884],[-120.81524,48.09863],[-120.81465,48.09852],[-120.81405,48.09843],[-120.81395,48.09839],[-120.81386,48.09822],[-120.8137,48.09778],[-120.81374,48.09734],[-120.81395,48.09704],[-120.81427,48.09682],[-120.8148,48.09658],[-120.81565,48.09637],[-120.81639,48.0963],[-120.81716,48.09612],[-120.81768,48.09598],[-120.81795,48.09591],[-120.81832,48.09569],[-120.81858,48.09528],[-120.81864,48.09501],[-120.8186,48.09479],[-120.8184,48.0944],[-120.8182,48.0941],[-120.81813,48.09397],[-120.81818,48.09391],[-120.81832,48.09372],[-120.81837,48.09355],[-120.81836,48.09339],[-120.81831,48.09322],[-120.81833,48.09306],[-120.81838,48.09299],[-120.81866,48.09285],[-120.8189,48.09272],[-120.81892,48.09246],[-120.81889,48.09226],[-120.81883,48.09201],[-120.81871,48.09183],[-120.81853,48.09165],[-120.8184,48.09149],[-120.81833,48.09141],[-120.81825,48.09135],[-120.81795,48.09116],[-120.81778,48.09104],[-120.81732,48.09081],[-120.81691,48.09065],[-120.81662,48.09055],[-120.81646,48.09049],[-120.8161,48.09026],[-120.81571,48.09002],[-120.8153,48.08979],[-120.81489,48.08954],[-120.8144,48.08926],[-120.814,48.08904],[-120.81376,48.08886],[-120.81351,48.08868],[-120.81327,48.08837],[-120.81293,48.08806],[-120.81274,48.08784],[-120.81258,48.08762],[-120.81237,48.08727],[-120.81217,48.08706],[-120.81198,48.08693],[-120.81168,48.08679],[-120.81108,48.08665],[-120.8105,48.08654],[-120.80966,48.08643],[-120.80901,48.08633],[-120.80858,48.0863],[-120.80836,48.08632],[-120.80796,48.08634],[-120.80726,48.08649],[-120.80667,48.08663],[-120.80625,48.08676],[-120.80584,48.08692],[-120.80553,48.08705],[-120.80511,48.08724],[-120.80458,48.0875],[-120.80457,48.08752],[-120.80405,48.08785],[-120.80363,48.08812],[-120.80326,48.08838],[-120.80312,48.08844],[-120.80297,48.08826],[-120.80295,48.08823],[-120.80262,48.0879],[-120.80233,48.08758],[-120.80232,48.08756],[-120.80201,48.08718],[-120.80164,48.0868],[-120.80151,48.08666],[-120.80135,48.08631],[-120.8012,48.08593],[-120.80111,48.08552],[-120.80099,48.08511],[-120.80093,48.08462],[-120.80088,48.08428],[-120.80079,48.08404],[-120.80058,48.08368],[-120.80049,48.08329],[-120.80045,48.0831],[-120.80037,48.08286],[-120.8001,48.08258],[-120.79988,48.08227],[-120.79963,48.08202],[-120.79931,48.08173],[-120.79896,48.08141],[-120.79857,48.08108],[-120.7981,48.08073],[-120.7977,48.08042],[-120.79746,48.08023],[-120.79694,48.07993],[-120.79644,48.07968],[-120.79601,48.07955],[-120.79562,48.07944],[-120.79535,48.07932],[-120.79516,48.07917],[-120.79504,48.07901],[-120.79491,48.07888],[-120.79464,48.07857],[-120.79432,48.07828],[-120.79386,48.07787],[-120.79353,48.07757],[-120.79337,48.0774],[-120.79303,48.07701],[-120.79274,48.07668],[-120.79253,48.07645],[-120.79231,48.07623],[-120.79189,48.07596],[-120.79154,48.07571],[-120.79118,48.07541],[-120.79095,48.07507],[-120.79075,48.07478],[-120.79049,48.07451],[-120.79036,48.0744],[-120.78994,48.07418],[-120.78961,48.07403],[-120.78909,48.0738],[-120.78877,48.07325],[-120.78856,48.0728],[-120.78838,48.07239],[-120.78825,48.07222],[-120.78811,48.07204],[-120.78767,48.07175],[-120.78722,48.07136],[-120.78695,48.0711],[-120.78687,48.07095],[-120.78688,48.07055],[-120.7869,48.07027],[-120.78685,48.07002],[-120.78682,48.06966],[-120.78673,48.06929],[-120.78659,48.06898],[-120.78645,48.06865],[-120.78626,48.06841],[-120.78604,48.06824],[-120.786,48.06812],[-120.78604,48.06793],[-120.78625,48.06754],[-120.78644,48.06712],[-120.7865,48.06688],[-120.7865,48.06668],[-120.78645,48.06639],[-120.78641,48.06607],[-120.78634,48.06571],[-120.7863,48.06542],[-120.78621,48.06496],[-120.78608,48.06448],[-120.786,48.06412],[-120.78595,48.06386],[-120.78592,48.06347],[-120.78584,48.06312],[-120.78576,48.06293],[-120.78572,48.06275],[-120.78571,48.06267],[-120.78573,48.06265],[-120.78591,48.06256],[-120.78633,48.06241],[-120.78672,48.06224],[-120.78712,48.06207],[-120.78754,48.06188],[-120.78802,48.06166],[-120.78844,48.06146],[-120.78876,48.06126],[-120.78921,48.06098],[-120.7895,48.0608],[-120.78989,48.06051],[-120.79051,48.06013],[-120.79116,48.05978],[-120.79118,48.05977],[-120.79165,48.05952],[-120.79166,48.0595],[-120.79213,48.05924],[-120.79272,48.05897],[-120.79335,48.0587],[-120.79381,48.05844],[-120.79401,48.05832],[-120.79416,48.0582],[-120.79427,48.05802],[-120.79409,48.05779],[-120.79393,48.05759],[-120.79382,48.05735],[-120.79378,48.05712],[-120.79381,48.05691],[-120.79391,48.05667],[-120.79404,48.05652],[-120.79425,48.05632],[-120.79455,48.05605],[-120.79477,48.05573],[-120.79489,48.05545],[-120.79505,48.0548],[-120.7952,48.05441],[-120.79538,48.0541],[-120.79551,48.05372],[-120.79565,48.05339],[-120.79574,48.05305],[-120.79575,48.05296],[-120.79575,48.05279],[-120.79569,48.05255],[-120.79559,48.05213],[-120.79535,48.05173],[-120.79512,48.05137],[-120.79486,48.0511],[-120.79484,48.05109],[-120.79456,48.05083],[-120.79418,48.05063],[-120.79377,48.05049],[-120.79324,48.05033],[-120.79268,48.05014],[-120.7921,48.04993],[-120.79176,48.04976],[-120.79155,48.04964],[-120.79123,48.04941],[-120.79089,48.04908],[-120.79071,48.0488],[-120.79055,48.04841],[-120.79054,48.04822],[-120.79068,48.04803],[-120.79092,48.0477],[-120.79123,48.04736],[-120.79168,48.04688],[-120.79207,48.04644],[-120.79243,48.04604],[-120.79275,48.04569],[-120.7931,48.04533],[-120.79341,48.045],[-120.79362,48.04477],[-120.79377,48.04451],[-120.79391,48.0442],[-120.79412,48.04377],[-120.79431,48.04332],[-120.79445,48.04289],[-120.79452,48.04268],[-120.79462,48.04247],[-120.79465,48.04216],[-120.79475,48.04195],[-120.7948,48.04176],[-120.79487,48.04166],[-120.79495,48.04151],[-120.79494,48.04132],[-120.79496,48.04115],[-120.7951,48.04102],[-120.79567,48.04081],[-120.79634,48.04061],[-120.79705,48.04038],[-120.79779,48.04007],[-120.79829,48.03983],[-120.79874,48.03962],[-120.79916,48.03943],[-120.79931,48.03936],[-120.79951,48.03927],[-120.7996,48.03917],[-120.79958,48.03891],[-120.79962,48.03878],[-120.79981,48.03864],[-120.79989,48.03853],[-120.79991,48.03832],[-120.7999,48.03807],[-120.79992,48.03783],[-120.79996,48.03762],[-120.8001,48.03733],[-120.80034,48.03703],[-120.80044,48.0368],[-120.80059,48.03658],[-120.80065,48.03642],[-120.80064,48.03628],[-120.80058,48.0361],[-120.80049,48.03597],[-120.80048,48.03596],[-120.80032,48.03577],[-120.80015,48.03557],[-120.80003,48.03543],[-120.79987,48.03525],[-120.79973,48.0349],[-120.79961,48.03463],[-120.79956,48.03444],[-120.79944,48.03429],[-120.79938,48.03418],[-120.79937,48.0339],[-120.79942,48.03355],[-120.79946,48.03325],[-120.79952,48.03306],[-120.7995,48.0329],[-120.79945,48.03272],[-120.79938,48.03249],[-120.79938,48.0322],[-120.79936,48.03196],[-120.79931,48.03174],[-120.79921,48.03156],[-120.79917,48.03128],[-120.799,48.03108],[-120.79892,48.03091],[-120.79863,48.03056],[-120.79841,48.03032],[-120.79816,48.03009],[-120.79799,48.0299],[-120.79792,48.0298],[-120.79796,48.0296],[-120.79811,48.0294],[-120.79821,48.02922],[-120.79837,48.02893],[-120.79846,48.02865],[-120.79857,48.02828],[-120.7986,48.02801],[-120.7986,48.02776],[-120.79857,48.02756],[-120.79849,48.02725],[-120.79831,48.02703],[-120.79802,48.02665],[-120.79757,48.02607],[-120.79755,48.02606],[-120.79708,48.02552],[-120.79694,48.0253],[-120.79691,48.02513],[-120.79694,48.02482],[-120.7971,48.02425],[-120.79717,48.02399],[-120.79715,48.02361],[-120.79717,48.02334],[-120.79715,48.02319],[-120.79705,48.02307],[-120.79671,48.02285],[-120.79641,48.02256],[-120.79593,48.02218],[-120.79569,48.02197],[-120.79561,48.02188],[-120.79547,48.02163],[-120.79537,48.02147],[-120.79536,48.02146],[-120.79516,48.02124],[-120.79515,48.02122],[-120.79477,48.02091],[-120.79398,48.02031],[-120.79367,48.02],[-120.79365,48.01998],[-120.79306,48.01951],[-120.79265,48.01923],[-120.7921,48.01882],[-120.79198,48.01881],[-120.79164,48.01881],[-120.7915,48.01881],[-120.79136,48.01881],[-120.7909,48.01886],[-120.79025,48.01896],[-120.78968,48.01906],[-120.789,48.01921],[-120.7882,48.01942],[-120.78751,48.01961],[-120.78688,48.0198],[-120.78627,48.01997],[-120.78539,48.02022],[-120.78485,48.02039],[-120.78437,48.02053],[-120.78414,48.0206],[-120.78366,48.02076],[-120.78278,48.0211],[-120.78231,48.02127],[-120.78182,48.02151],[-120.78104,48.02185],[-120.78036,48.02212],[-120.77996,48.02221],[-120.77947,48.02222],[-120.77921,48.02223],[-120.77898,48.02223],[-120.77874,48.02223],[-120.77865,48.02223],[-120.77805,48.02228],[-120.77715,48.02233],[-120.77657,48.02243],[-120.77609,48.02253],[-120.77517,48.02271],[-120.77432,48.02288],[-120.77373,48.02302],[-120.77325,48.02313],[-120.77171,48.02351],[-120.77095,48.02372],[-120.76995,48.02397],[-120.76875,48.02428],[-120.76828,48.02455],[-120.76779,48.02485],[-120.76738,48.02502],[-120.76701,48.02514],[-120.76635,48.0253],[-120.76566,48.02547],[-120.76487,48.02563],[-120.76441,48.02572],[-120.76377,48.02579],[-120.76311,48.02585],[-120.76265,48.02589],[-120.76215,48.02595],[-120.76133,48.02605],[-120.76029,48.0262],[-120.75967,48.02631],[-120.75909,48.02645],[-120.75811,48.0267],[-120.75732,48.02686],[-120.75671,48.02701],[-120.75626,48.02712],[-120.75576,48.02725],[-120.75526,48.02749],[-120.75466,48.02778],[-120.75426,48.02804],[-120.75383,48.02827],[-120.75365,48.02843],[-120.75341,48.02866],[-120.75321,48.02902],[-120.75293,48.02944],[-120.75259,48.0298],[-120.75234,48.03011],[-120.75219,48.03028],[-120.75204,48.03042],[-120.75179,48.03059],[-120.75145,48.03079],[-120.75121,48.03089],[-120.75073,48.0311],[-120.75031,48.0313],[-120.74976,48.03156],[-120.74918,48.0318],[-120.7486,48.03209],[-120.74824,48.03223],[-120.74805,48.03228],[-120.74777,48.03234],[-120.74748,48.0324],[-120.74715,48.03246],[-120.74691,48.03252],[-120.74636,48.03263],[-120.74551,48.0327],[-120.74416,48.03282],[-120.74339,48.03289],[-120.74335,48.0329],[-120.74214,48.03299],[-120.74079,48.0331],[-120.73943,48.03317],[-120.73817,48.03324],[-120.73767,48.03325],[-120.73724,48.03327],[-120.73674,48.03328],[-120.73612,48.03329],[-120.73594,48.0333],[-120.73562,48.0333],[-120.73449,48.03326],[-120.73414,48.03326],[-120.734,48.03326],[-120.73367,48.03326],[-120.73346,48.03326],[-120.73334,48.03326],[-120.73322,48.03325],[-120.73296,48.03327],[-120.73233,48.03334],[-120.73178,48.03348],[-120.73113,48.03372],[-120.73074,48.03394],[-120.7304,48.03423],[-120.73019,48.03452],[-120.72995,48.03495],[-120.72972,48.03537],[-120.7295,48.03576],[-120.72932,48.03606],[-120.72904,48.0364],[-120.72865,48.03677],[-120.72826,48.037],[-120.72797,48.03712],[-120.7277,48.03715],[-120.72718,48.03723],[-120.72636,48.03731],[-120.72573,48.03736],[-120.72506,48.0375],[-120.72363,48.03784],[-120.72316,48.03797],[-120.72241,48.03812],[-120.72181,48.03819],[-120.72128,48.03822],[-120.72119,48.03821],[-120.7211,48.03821],[-120.72078,48.03822],[-120.7207,48.03821],[-120.72067,48.03822],[-120.72063,48.03823],[-120.72051,48.03833],[-120.72018,48.03858],[-120.71954,48.03894],[-120.71888,48.03925],[-120.71832,48.03946],[-120.71796,48.03955],[-120.71736,48.03962],[-120.71664,48.03968],[-120.71598,48.03974],[-120.71568,48.03978],[-120.71553,48.03981],[-120.71543,48.03994],[-120.71518,48.04028],[-120.71507,48.04048],[-120.71505,48.04071],[-120.71501,48.04098],[-120.7149,48.04144],[-120.71479,48.04197],[-120.71472,48.04237],[-120.71472,48.04257],[-120.71462,48.04293],[-120.71444,48.04333],[-120.71452,48.04362],[-120.71456,48.04379],[-120.7145,48.04393],[-120.71423,48.0445],[-120.71415,48.04476],[-120.71387,48.04561],[-120.71368,48.04635],[-120.71365,48.04675],[-120.71366,48.04702],[-120.71376,48.0473],[-120.71384,48.0476],[-120.71384,48.04766],[-120.71386,48.04789],[-120.71381,48.04827],[-120.7137,48.04862],[-120.71356,48.04908],[-120.71331,48.0495],[-120.71313,48.04992],[-120.71307,48.05013],[-120.71311,48.05061],[-120.71312,48.051],[-120.71314,48.05164],[-120.71315,48.05219],[-120.71318,48.05266],[-120.71298,48.05301],[-120.71252,48.05379],[-120.71236,48.05412],[-120.71216,48.05452],[-120.71209,48.05483],[-120.71172,48.05549],[-120.7116,48.0557],[-120.7115,48.05605],[-120.71138,48.0564],[-120.71125,48.05683],[-120.71117,48.05718],[-120.71105,48.05754],[-120.71088,48.05781],[-120.71073,48.058],[-120.71037,48.05837],[-120.71003,48.05871],[-120.70977,48.05901],[-120.70962,48.05927],[-120.70943,48.05949],[-120.70903,48.05979],[-120.70867,48.06004],[-120.70808,48.06043],[-120.70763,48.06072],[-120.70713,48.06101],[-120.70692,48.06108],[-120.70663,48.06112],[-120.70599,48.06134],[-120.70607,48.06152],[-120.70627,48.06186],[-120.70654,48.06225],[-120.70673,48.06259],[-120.70678,48.06281],[-120.70684,48.06319],[-120.70686,48.06367],[-120.70695,48.06421],[-120.70692,48.06489],[-120.70683,48.06535],[-120.70676,48.06581],[-120.70662,48.06628],[-120.70649,48.06695],[-120.70641,48.06733],[-120.70625,48.06774],[-120.70599,48.06841],[-120.70583,48.06884],[-120.70568,48.06917],[-120.70554,48.0694],[-120.7053,48.06958],[-120.70486,48.06977],[-120.70382,48.07007],[-120.70335,48.07022],[-120.70277,48.07035],[-120.70204,48.07053],[-120.70123,48.07077],[-120.70068,48.0709],[-120.70005,48.07103],[-120.69955,48.07115],[-120.69881,48.07121],[-120.69827,48.07123],[-120.69791,48.07127],[-120.6973,48.07139],[-120.69677,48.07146],[-120.69661,48.07148],[-120.69556,48.07159],[-120.69498,48.07163],[-120.69434,48.0717],[-120.69355,48.07186],[-120.69248,48.07205],[-120.69206,48.07209],[-120.69157,48.07218],[-120.69122,48.07216],[-120.69118,48.07216],[-120.6911,48.07218],[-120.69038,48.07215],[-120.68888,48.07184],[-120.6881,48.07167],[-120.68727,48.07148],[-120.68706,48.07146],[-120.68661,48.07141],[-120.68588,48.07136],[-120.68545,48.07133],[-120.68537,48.07133],[-120.68508,48.07135],[-120.68478,48.07146],[-120.68452,48.07162],[-120.68422,48.07171],[-120.6838,48.07176],[-120.68338,48.07183],[-120.68289,48.07186],[-120.68239,48.07188],[-120.68224,48.07188],[-120.68174,48.07196],[-120.68074,48.0722],[-120.68021,48.07236],[-120.67955,48.07257],[-120.67876,48.07295],[-120.6786,48.07306],[-120.67828,48.07323],[-120.67786,48.07348],[-120.67712,48.07386],[-120.67623,48.07432],[-120.67568,48.07466],[-120.67529,48.07489],[-120.67509,48.07503],[-120.67487,48.07506],[-120.67436,48.07507],[-120.67306,48.0751],[-120.67256,48.07511],[-120.67186,48.07513],[-120.67173,48.07516],[-120.67154,48.07527],[-120.67113,48.0754],[-120.67075,48.07549],[-120.67004,48.07554],[-120.66954,48.07555],[-120.66875,48.07557],[-120.66835,48.07558],[-120.66826,48.07559],[-120.66797,48.07558],[-120.66773,48.07563],[-120.66737,48.07578],[-120.66711,48.07595],[-120.667,48.07606],[-120.66683,48.07634],[-120.66666,48.07661],[-120.66613,48.0769],[-120.66557,48.0772],[-120.6651,48.07748],[-120.66473,48.07765],[-120.66423,48.07782],[-120.66365,48.07806],[-120.66331,48.0783],[-120.66312,48.0785],[-120.66272,48.07922],[-120.66244,48.07961],[-120.66238,48.08001],[-120.66239,48.0802],[-120.66233,48.08045],[-120.6623,48.08071],[-120.66235,48.08117],[-120.66238,48.08141],[-120.66254,48.08192],[-120.66267,48.0824],[-120.66271,48.08263],[-120.66268,48.08277],[-120.66259,48.08294],[-120.66209,48.0833],[-120.66164,48.08367],[-120.66137,48.08412],[-120.66113,48.0847],[-120.66103,48.08492],[-120.6609,48.08495],[-120.6606,48.08492],[-120.66053,48.08493],[-120.66042,48.08495],[-120.66039,48.08495],[-120.6601,48.08493],[-120.65973,48.08493],[-120.65911,48.08486],[-120.6588,48.08484],[-120.65873,48.08484],[-120.65847,48.08486],[-120.65781,48.08493],[-120.65723,48.08502],[-120.65681,48.08509],[-120.65628,48.08515],[-120.6558,48.08523],[-120.65538,48.08528],[-120.65492,48.08532],[-120.6547,48.08537],[-120.65459,48.08542],[-120.65448,48.08555],[-120.65448,48.08594],[-120.65449,48.08635],[-120.65432,48.08672],[-120.65404,48.08734],[-120.65402,48.08755],[-120.65411,48.08785],[-120.65452,48.08833],[-120.65473,48.08857],[-120.65493,48.08883],[-120.65508,48.08906],[-120.6551,48.08925],[-120.65502,48.08947],[-120.65464,48.08977],[-120.65406,48.09004],[-120.65363,48.09036],[-120.65353,48.09056],[-120.65353,48.09079],[-120.6536,48.091],[-120.65392,48.09123],[-120.65445,48.09146],[-120.655,48.0917],[-120.65581,48.09214],[-120.65632,48.09255],[-120.65663,48.09289],[-120.65667,48.09312],[-120.6567,48.09342],[-120.65665,48.09377],[-120.6566,48.0941],[-120.65655,48.0946],[-120.65646,48.09502],[-120.65638,48.09545],[-120.65625,48.09594],[-120.65612,48.09634],[-120.65607,48.0966],[-120.65601,48.09704],[-120.65579,48.09739],[-120.65522,48.09772],[-120.65443,48.09811],[-120.65398,48.0983],[-120.65325,48.09856],[-120.65253,48.09892],[-120.65192,48.09927],[-120.65148,48.09954],[-120.65102,48.09992],[-120.65036,48.10041],[-120.65,48.10065],[-120.64959,48.10094],[-120.64913,48.10119],[-120.6489,48.10139],[-120.64855,48.10162],[-120.64819,48.10183],[-120.64767,48.10208],[-120.6473,48.10222],[-120.64681,48.10256],[-120.64652,48.10278],[-120.64645,48.10286],[-120.6464,48.10301],[-120.64621,48.10342],[-120.64603,48.10371],[-120.64592,48.10394],[-120.6456,48.10436],[-120.64535,48.10476],[-120.64518,48.10505],[-120.64502,48.10554],[-120.64521,48.10596],[-120.64545,48.10644],[-120.64561,48.10681],[-120.64578,48.10711],[-120.64583,48.10742],[-120.64581,48.10764],[-120.64569,48.10804],[-120.64547,48.10853],[-120.64481,48.10953],[-120.64447,48.10998],[-120.6441,48.11052],[-120.64357,48.1112],[-120.64314,48.1116],[-120.64278,48.11188],[-120.64236,48.11214],[-120.64191,48.11239],[-120.64099,48.11294],[-120.64066,48.1131],[-120.64012,48.11341],[-120.63969,48.11367],[-120.6394,48.11381],[-120.63895,48.11397],[-120.63866,48.1141],[-120.63808,48.11439],[-120.63758,48.11469],[-120.63638,48.11542],[-120.63595,48.11567],[-120.63528,48.11608],[-120.6351,48.11617],[-120.63492,48.11623],[-120.63484,48.11618],[-120.63461,48.11618],[-120.63445,48.11622],[-120.63442,48.11623],[-120.63434,48.11619],[-120.63384,48.11618],[-120.63346,48.11613],[-120.63268,48.11592],[-120.63242,48.11588],[-120.63224,48.11587],[-120.63208,48.11587],[-120.63193,48.11587],[-120.63171,48.11587],[-120.63144,48.11588],[-120.63123,48.11587],[-120.63092,48.11579],[-120.6303,48.11556],[-120.62994,48.11537],[-120.62952,48.11521],[-120.62927,48.11514],[-120.62908,48.11512],[-120.6287,48.11537],[-120.62841,48.11554],[-120.62821,48.11563],[-120.62804,48.11569],[-120.62751,48.11582],[-120.62715,48.11602],[-120.62676,48.11629],[-120.6266,48.11641],[-120.62647,48.11645],[-120.62621,48.1165],[-120.62614,48.11652],[-120.62598,48.11659],[-120.62591,48.11668],[-120.62593,48.11679],[-120.626,48.11692],[-120.62608,48.11709],[-120.6261,48.11721],[-120.6261,48.11732],[-120.6261,48.11744],[-120.62604,48.11757],[-120.62595,48.11772],[-120.62585,48.11786],[-120.62563,48.11811],[-120.62541,48.11837],[-120.62522,48.11863],[-120.62515,48.11884],[-120.62508,48.11904],[-120.62504,48.11917],[-120.62495,48.11927],[-120.62475,48.11947],[-120.6246,48.11968],[-120.62447,48.11992],[-120.6244,48.1201],[-120.62439,48.12023],[-120.62444,48.12039],[-120.62447,48.12052],[-120.62447,48.12068],[-120.62439,48.12092],[-120.62442,48.12111],[-120.62446,48.1212],[-120.62452,48.12137],[-120.62448,48.12145],[-120.62441,48.12156],[-120.62434,48.1217],[-120.62434,48.12185],[-120.62433,48.12209],[-120.62431,48.12234],[-120.62428,48.12252],[-120.62426,48.12269],[-120.62425,48.12286],[-120.62426,48.1231],[-120.62416,48.12337],[-120.62411,48.12353],[-120.62404,48.12375],[-120.62394,48.12395],[-120.62381,48.12425],[-120.62367,48.12451],[-120.6236,48.12486],[-120.62355,48.12499],[-120.62344,48.12522],[-120.62323,48.12552],[-120.62289,48.12588],[-120.62256,48.12617],[-120.62229,48.12642],[-120.62196,48.1267],[-120.62161,48.12697],[-120.6214,48.12708],[-120.62112,48.12713],[-120.62054,48.12725],[-120.62009,48.12728],[-120.61981,48.12729],[-120.61971,48.12728],[-120.6196,48.1273],[-120.61932,48.1273],[-120.61886,48.1273],[-120.61881,48.1273],[-120.61854,48.12734],[-120.61827,48.12744],[-120.61792,48.12777],[-120.61774,48.12799],[-120.61749,48.12818],[-120.61721,48.12834],[-120.617,48.12846],[-120.61689,48.12856],[-120.61671,48.12859],[-120.61647,48.12857],[-120.61638,48.12856],[-120.61635,48.12857],[-120.61621,48.1286],[-120.61605,48.12858],[-120.61554,48.12873],[-120.6151,48.12879],[-120.61454,48.12891],[-120.61388,48.12898],[-120.6136,48.12903],[-120.6132,48.12913],[-120.61269,48.12928],[-120.61222,48.12946],[-120.61182,48.12968],[-120.61156,48.12974],[-120.61125,48.12992],[-120.61089,48.13031],[-120.61066,48.13053],[-120.61042,48.13072],[-120.61005,48.1308],[-120.60967,48.13085],[-120.60889,48.13092],[-120.60816,48.13097],[-120.60759,48.13107],[-120.60744,48.13113],[-120.60715,48.13126],[-120.60683,48.13149],[-120.60672,48.13166],[-120.60667,48.13189],[-120.60667,48.13217],[-120.60676,48.13249],[-120.60688,48.13288],[-120.60693,48.13331],[-120.60693,48.13347],[-120.60683,48.13358],[-120.60651,48.13381],[-120.6063,48.134],[-120.60622,48.13414],[-120.60593,48.13437],[-120.60565,48.13463],[-120.60536,48.13482],[-120.60499,48.13509],[-120.60476,48.13533],[-120.60453,48.13559],[-120.6043,48.13588],[-120.60403,48.13623],[-120.6038,48.13653],[-120.60367,48.13677],[-120.60366,48.13695],[-120.60364,48.1371],[-120.60358,48.13719],[-120.6035,48.13722],[-120.60342,48.13723],[-120.60329,48.13715],[-120.60317,48.13706],[-120.60315,48.13707],[-120.60314,48.1371],[-120.60311,48.13718],[-120.60308,48.1372],[-120.60302,48.13722],[-120.603,48.13723],[-120.60292,48.13723],[-120.60278,48.13715],[-120.60252,48.13697],[-120.60227,48.13669],[-120.60189,48.13647],[-120.60164,48.13637],[-120.60145,48.13631],[-120.60124,48.13631],[-120.60117,48.13631],[-120.60112,48.13631],[-120.60095,48.13634],[-120.60059,48.13633],[-120.60053,48.13634],[-120.60046,48.13634],[-120.59997,48.13634],[-120.59939,48.13628],[-120.59904,48.13627],[-120.59893,48.1363],[-120.59874,48.13639],[-120.59844,48.13657],[-120.59827,48.13674],[-120.59809,48.13686],[-120.59787,48.13694],[-120.59771,48.13708],[-120.59738,48.13734],[-120.59709,48.13766],[-120.59684,48.1379],[-120.59655,48.13815],[-120.5961,48.13841],[-120.59576,48.13853],[-120.59526,48.13871],[-120.59489,48.1389],[-120.59468,48.139],[-120.59436,48.13909],[-120.59407,48.13914],[-120.59383,48.13913],[-120.59376,48.13911],[-120.59374,48.13912],[-120.59359,48.13913],[-120.59357,48.13914],[-120.59333,48.13913],[-120.59304,48.13907],[-120.59255,48.13896],[-120.59236,48.13892],[-120.59233,48.13892],[-120.5923,48.13891],[-120.5921,48.13888],[-120.5916,48.13896],[-120.5914,48.13899],[-120.59123,48.139],[-120.59113,48.139],[-120.59107,48.139],[-120.59085,48.13901],[-120.59074,48.13901],[-120.59037,48.13901],[-120.59033,48.13902],[-120.58976,48.13906],[-120.58918,48.13913],[-120.58842,48.1392],[-120.58774,48.13927],[-120.5873,48.13934],[-120.58699,48.1394],[-120.58656,48.13954],[-120.58624,48.13969],[-120.58598,48.13984],[-120.58577,48.13993],[-120.58561,48.13993],[-120.5853,48.13992],[-120.58526,48.13993],[-120.5851,48.13994],[-120.58465,48.13992],[-120.58442,48.13992],[-120.58396,48.13992],[-120.58389,48.13993],[-120.58348,48.13997],[-120.58328,48.13995],[-120.58322,48.13994],[-120.58301,48.13997],[-120.58298,48.13998],[-120.58265,48.13994],[-120.5825,48.13994],[-120.58245,48.13993],[-120.58217,48.13998],[-120.58197,48.14007],[-120.58176,48.14021],[-120.58153,48.14026],[-120.58101,48.14033],[-120.58033,48.14045],[-120.57993,48.14053],[-120.5793,48.1407],[-120.57877,48.14083],[-120.57824,48.14107],[-120.57777,48.14127],[-120.57726,48.14143],[-120.57671,48.14159],[-120.57619,48.14178],[-120.57559,48.142],[-120.57526,48.14218],[-120.57493,48.1424],[-120.57453,48.14262],[-120.57423,48.14272],[-120.57374,48.14282],[-120.57309,48.14296],[-120.57266,48.14319],[-120.57229,48.14341],[-120.57199,48.14351],[-120.57175,48.14353],[-120.57149,48.14351],[-120.57127,48.14353],[-120.57124,48.14354],[-120.57092,48.14351],[-120.57061,48.14348],[-120.57054,48.14347],[-120.57016,48.14351],[-120.56953,48.14361],[-120.56871,48.14372],[-120.56844,48.14375],[-120.56794,48.14378],[-120.56737,48.14383],[-120.56687,48.14384],[-120.56676,48.14384],[-120.56627,48.14385],[-120.56612,48.14385],[-120.56603,48.14385],[-120.56576,48.14388],[-120.56539,48.14399],[-120.56487,48.14413],[-120.56439,48.14437],[-120.5639,48.14463],[-120.56348,48.14486],[-120.56311,48.14501],[-120.56282,48.14509],[-120.56248,48.14523],[-120.56196,48.14549],[-120.56168,48.14564],[-120.56139,48.14581],[-120.56109,48.14601],[-120.56086,48.14619],[-120.56072,48.14636],[-120.56055,48.14643],[-120.56023,48.14649],[-120.55971,48.1466],[-120.55928,48.14668],[-120.55903,48.14672],[-120.55878,48.14668],[-120.55856,48.14672],[-120.55853,48.14673],[-120.55804,48.14665],[-120.55786,48.14664],[-120.55782,48.14663],[-120.55776,48.14665],[-120.55751,48.14672],[-120.55719,48.14686],[-120.55664,48.1469],[-120.55617,48.14692],[-120.55574,48.14697],[-120.55452,48.1471],[-120.55384,48.14719],[-120.55342,48.14723],[-120.5526,48.14729],[-120.55179,48.14735],[-120.55131,48.14737],[-120.55067,48.14741],[-120.5503,48.14744],[-120.54997,48.14747],[-120.54907,48.14764],[-120.54836,48.14777],[-120.54763,48.14787],[-120.54631,48.14806],[-120.54562,48.14815],[-120.54489,48.14822],[-120.54424,48.14824],[-120.54374,48.14825],[-120.54334,48.14826],[-120.54285,48.14827],[-120.54257,48.14828],[-120.54187,48.14834],[-120.54108,48.14841],[-120.54029,48.14853],[-120.5396,48.14867],[-120.5392,48.14884],[-120.53888,48.14896],[-120.53869,48.14908],[-120.53854,48.14923],[-120.5382,48.1495],[-120.53785,48.1498],[-120.5375,48.15011],[-120.53687,48.15054],[-120.53642,48.15074],[-120.53588,48.15093],[-120.53528,48.15106],[-120.53479,48.15109],[-120.53444,48.15109],[-120.53434,48.1511],[-120.53432,48.1511],[-120.5343,48.15109],[-120.53394,48.1511],[-120.53338,48.15107],[-120.5327,48.15103],[-120.53183,48.15097],[-120.53145,48.15095],[-120.53134,48.15095],[-120.53082,48.15097],[-120.53032,48.15097],[-120.53008,48.151],[-120.52955,48.1512],[-120.52908,48.15138],[-120.52851,48.15158],[-120.52778,48.15187],[-120.52744,48.15202],[-120.52744,48.15205],[-120.5274,48.15207],[-120.52723,48.15215],[-120.52726,48.15214],[-120.52801,48.15219],[-120.52852,48.1524],[-120.52999,48.15246],[-120.53108,48.15331],[-120.53238,48.15388],[-120.53252,48.15409],[-120.53364,48.15489],[-120.53477,48.15539],[-120.53548,48.15609],[-120.53644,48.15624],[-120.53681,48.15669],[-120.53682,48.1569],[-120.53696,48.15713],[-120.53781,48.15774],[-120.53808,48.15804],[-120.53856,48.15832],[-120.5391,48.15847],[-120.53982,48.15928],[-120.53989,48.15947],[-120.5399,48.15949],[-120.54019,48.15978],[-120.54026,48.15998],[-120.54221,48.16202],[-120.54302,48.1625],[-120.54422,48.16188],[-120.54517,48.1619],[-120.54671,48.16188],[-120.54695,48.16215],[-120.5479,48.16188],[-120.5493,48.16199],[-120.55183,48.16254],[-120.55289,48.16242],[-120.55381,48.1622],[-120.55463,48.16211],[-120.55671,48.1626],[-120.55798,48.16275],[-120.55996,48.16337],[-120.5602,48.16357],[-120.56235,48.164],[-120.56299,48.16437],[-120.56347,48.1648],[-120.56364,48.16514],[-120.56409,48.16558],[-120.56665,48.16621],[-120.5686,48.16697],[-120.56924,48.16704],[-120.56979,48.16665],[-120.5717,48.16626],[-120.57221,48.16608],[-120.5729,48.16517],[-120.57317,48.16499],[-120.57368,48.16522],[-120.57403,48.16531],[-120.57462,48.16541],[-120.57512,48.16545],[-120.57577,48.16552],[-120.57628,48.16556],[-120.57644,48.1656],[-120.57662,48.16569],[-120.57691,48.16581],[-120.57722,48.16589],[-120.57755,48.16594],[-120.57784,48.16593],[-120.57836,48.16594],[-120.57896,48.16592],[-120.57942,48.16592],[-120.57961,48.16601],[-120.5799,48.16621],[-120.58019,48.16634],[-120.58054,48.16649],[-120.58093,48.16662],[-120.58146,48.16676],[-120.58174,48.1669],[-120.58198,48.16712],[-120.58233,48.1675],[-120.58294,48.1682],[-120.58323,48.16851],[-120.58352,48.16882],[-120.58393,48.16922],[-120.58407,48.16941],[-120.58412,48.16958],[-120.58423,48.1698],[-120.58428,48.16994],[-120.58433,48.17013],[-120.58447,48.1704],[-120.58484,48.17071],[-120.58502,48.17084],[-120.58531,48.17101],[-120.58566,48.17115],[-120.58608,48.17128],[-120.58653,48.17139],[-120.58722,48.17151],[-120.58792,48.17157],[-120.58822,48.17167],[-120.58846,48.17178],[-120.58882,48.17192],[-120.58914,48.17202],[-120.58953,48.17218],[-120.59007,48.17243],[-120.59052,48.17267],[-120.59087,48.17282],[-120.59116,48.17298],[-120.59149,48.17319],[-120.59171,48.17332],[-120.59226,48.17367],[-120.59255,48.1739],[-120.59316,48.17436],[-120.59345,48.17456],[-120.59374,48.1747],[-120.59415,48.1749],[-120.59455,48.1751],[-120.59488,48.17527],[-120.59541,48.17552],[-120.5957,48.1756],[-120.59595,48.17576],[-120.59649,48.17598],[-120.59696,48.17621],[-120.59725,48.17629],[-120.59752,48.17636],[-120.59776,48.17646],[-120.59805,48.17657],[-120.59826,48.17689],[-120.5984,48.1771],[-120.59859,48.17742],[-120.59884,48.17765],[-120.59902,48.17779],[-120.59927,48.17797],[-120.59947,48.1781],[-120.59973,48.17823],[-120.60005,48.17834],[-120.60034,48.17844],[-120.60063,48.17858],[-120.6009,48.17872],[-120.60135,48.17892],[-120.60182,48.17911],[-120.60195,48.17919],[-120.60205,48.17934],[-120.60217,48.17948],[-120.60229,48.17962],[-120.60256,48.17988],[-120.60291,48.18017],[-120.60325,48.18038],[-120.60343,48.1805],[-120.60384,48.18067],[-120.60407,48.18077],[-120.60436,48.18085],[-120.60472,48.18091],[-120.60512,48.18097],[-120.60536,48.18106],[-120.60557,48.18115],[-120.60558,48.18135],[-120.6056,48.18159],[-120.6056,48.18165],[-120.60561,48.18208],[-120.60565,48.18233],[-120.60581,48.18254],[-120.60626,48.18321],[-120.60662,48.18356],[-120.60691,48.1838],[-120.60716,48.18399],[-120.60737,48.18424],[-120.60761,48.18451],[-120.60792,48.18484],[-120.60822,48.18516],[-120.60844,48.18541],[-120.6087,48.18577],[-120.60885,48.18603],[-120.60892,48.18624],[-120.60902,48.18666],[-120.60912,48.18695],[-120.60942,48.18786],[-120.60956,48.1883],[-120.60969,48.18871],[-120.60977,48.18906],[-120.60987,48.18925],[-120.60992,48.18941],[-120.61008,48.18974],[-120.61033,48.1901],[-120.61038,48.19027],[-120.61044,48.19045],[-120.61049,48.19043],[-120.61092,48.1903],[-120.61147,48.19001],[-120.61243,48.1899],[-120.61366,48.18942],[-120.6141,48.189],[-120.61465,48.18822],[-120.61505,48.18783],[-120.61567,48.18779],[-120.61673,48.1882],[-120.61745,48.18832],[-120.6181,48.18831],[-120.6198,48.18736],[-120.62062,48.18708],[-120.62291,48.18692],[-120.6239,48.18713],[-120.62621,48.18744],[-120.62801,48.18779],[-120.62886,48.18779],[-120.62999,48.1876],[-120.63204,48.18749],[-120.63488,48.18763],[-120.63675,48.18797],[-120.63751,48.18838],[-120.63836,48.18898],[-120.63908,48.1891],[-120.64171,48.18898],[-120.64249,48.18887],[-120.64348,48.18893],[-120.64437,48.18946],[-120.6471,48.1895],[-120.64997,48.18894],[-120.65155,48.18894],[-120.65377,48.18914],[-120.65435,48.18903],[-120.65493,48.18884],[-120.65575,48.18839],[-120.65605,48.18827],[-120.65667,48.18812],[-120.65824,48.18787],[-120.66268,48.18754],[-120.6636,48.18728],[-120.66518,48.18714],[-120.66805,48.18649],[-120.66859,48.1865],[-120.67071,48.18668],[-120.6718,48.18705],[-120.67331,48.18702],[-120.67372,48.1871],[-120.67717,48.18688],[-120.67911,48.18707],[-120.68089,48.18709],[-120.68246,48.18728],[-120.6841,48.18716],[-120.68806,48.188],[-120.68957,48.18851],[-120.6921,48.18892],[-120.6938,48.18904],[-120.69497,48.18927],[-120.69756,48.18933],[-120.69941,48.1897],[-120.70166,48.19029],[-120.70313,48.19059],[-120.70364,48.19058],[-120.70419,48.19077],[-120.70515,48.19081],[-120.70604,48.19106],[-120.70655,48.1913],[-120.70778,48.19152],[-120.70863,48.19186],[-120.7101,48.1921],[-120.71164,48.19267],[-120.71324,48.19289],[-120.71379,48.19314],[-120.714,48.19337],[-120.71475,48.19365],[-120.71605,48.19377],[-120.71673,48.19394],[-120.71793,48.19401],[-120.71946,48.19449],[-120.72278,48.1946],[-120.72483,48.19474],[-120.72517,48.19485],[-120.72759,48.19504],[-120.72859,48.19504],[-120.7307,48.19478],[-120.7332,48.19469],[-120.73494,48.19489],[-120.73597,48.1951],[-120.73781,48.19531],[-120.73825,48.19561],[-120.73908,48.19595],[-120.74164,48.19636],[-120.74212,48.19636],[-120.74415,48.19669],[-120.74476,48.19556],[-120.74521,48.19474],[-120.74582,48.19355],[-120.74631,48.19279],[-120.74669,48.19222],[-120.74706,48.19168],[-120.74763,48.19096],[-120.74813,48.19038],[-120.74843,48.19],[-120.74907,48.18925],[-120.74958,48.18869],[-120.74987,48.18836],[-120.75049,48.18764],[-120.75056,48.18755],[-120.75073,48.18728],[-120.75094,48.18703],[-120.75107,48.18694],[-120.75121,48.18686],[-120.75136,48.18675],[-120.75156,48.18662],[-120.75236,48.18613],[-120.75294,48.18577],[-120.7533,48.18552],[-120.75338,48.18547],[-120.75399,48.18528],[-120.75473,48.18501],[-120.75529,48.18471],[-120.75558,48.18438],[-120.7558,48.18419],[-120.75601,48.18404],[-120.75631,48.18382],[-120.75676,48.18362],[-120.75728,48.18334],[-120.75805,48.18301],[-120.75911,48.18254],[-120.75964,48.18229],[-120.76011,48.18198],[-120.76033,48.18179],[-120.76078,48.18145],[-120.76117,48.18118],[-120.76175,48.18068],[-120.76313,48.17968],[-120.76378,48.17938],[-120.76445,48.17901],[-120.76503,48.17874],[-120.76537,48.17877],[-120.76623,48.17888],[-120.76786,48.17906],[-120.76896,48.17916],[-120.77099,48.17941],[-120.77224,48.1796],[-120.77408,48.17991],[-120.77515,48.1801],[-120.77595,48.18025],[-120.77746,48.18054],[-120.7781,48.18065],[-120.77973,48.18091],[-120.78151,48.18113],[-120.78544,48.18169],[-120.78886,48.18216],[-120.79129,48.18249],[-120.79205,48.1826],[-120.79254,48.18273],[-120.79262,48.18276],[-120.79277,48.18302],[-120.79298,48.18343],[-120.7932,48.18392],[-120.79335,48.18426],[-120.79342,48.1845],[-120.7935,48.18475],[-120.79368,48.18508],[-120.79391,48.18539],[-120.79413,48.18564],[-120.79435,48.18586],[-120.79471,48.18618],[-120.79496,48.18648],[-120.79519,48.18673],[-120.79536,48.18697],[-120.79558,48.18732],[-120.7958,48.18771],[-120.79601,48.188],[-120.79607,48.18831],[-120.79609,48.18847],[-120.79612,48.18864],[-120.79616,48.18874],[-120.79633,48.18892],[-120.79663,48.18917],[-120.79714,48.18955],[-120.7976,48.18989],[-120.79786,48.19015],[-120.79805,48.19039],[-120.79816,48.19053],[-120.79837,48.19087],[-120.79873,48.19138],[-120.79895,48.19172],[-120.79916,48.19201],[-120.79949,48.19255],[-120.79994,48.19324],[-120.8002,48.1937],[-120.80037,48.19405],[-120.80084,48.1951],[-120.80109,48.19571],[-120.80133,48.19631],[-120.80155,48.19686],[-120.80163,48.19702],[-120.80128,48.19726],[-120.80088,48.19758],[-120.8003,48.19803],[-120.79953,48.19861],[-120.79907,48.199],[-120.79797,48.19979],[-120.79709,48.20048],[-120.79593,48.20135],[-120.79512,48.20193],[-120.79462,48.20232],[-120.79463,48.20321],[-120.79461,48.20477],[-120.79459,48.20546],[-120.79461,48.20677],[-120.79458,48.20747],[-120.79458,48.20788],[-120.79463,48.20889],[-120.79471,48.20942],[-120.79471,48.20976],[-120.79471,48.2099],[-120.79463,48.2101],[-120.79448,48.21039],[-120.79422,48.21086],[-120.79408,48.21121],[-120.79366,48.21193],[-120.79329,48.21264],[-120.7931,48.21304],[-120.79291,48.21346],[-120.79274,48.21389],[-120.79259,48.21443],[-120.79247,48.21488],[-120.79224,48.21572],[-120.7922,48.21607],[-120.7922,48.21636],[-120.79218,48.21673],[-120.79218,48.21712],[-120.79218,48.21744],[-120.79217,48.2177],[-120.79216,48.21828],[-120.79208,48.21864],[-120.79203,48.2189],[-120.792,48.2194],[-120.79198,48.22007],[-120.79203,48.22022],[-120.79215,48.22045],[-120.79226,48.22076],[-120.79233,48.22117],[-120.79245,48.22151],[-120.79233,48.22151],[-120.79192,48.22138],[-120.79146,48.22126],[-120.79003,48.22082],[-120.78878,48.22045],[-120.78833,48.22034],[-120.78777,48.22016],[-120.78631,48.21967],[-120.78563,48.21942],[-120.78514,48.21926],[-120.78391,48.21875],[-120.78334,48.2185],[-120.78257,48.21818],[-120.78185,48.21791],[-120.78118,48.21774],[-120.78063,48.2176],[-120.78016,48.21736],[-120.77987,48.2171],[-120.77945,48.21678],[-120.77888,48.21644],[-120.77865,48.21629],[-120.77823,48.21611],[-120.77785,48.21602],[-120.77763,48.21598],[-120.77701,48.21586],[-120.77617,48.21567],[-120.77557,48.21555],[-120.77519,48.21545],[-120.77451,48.21525],[-120.77352,48.21498],[-120.77294,48.21475],[-120.77228,48.21455],[-120.77201,48.21437],[-120.77178,48.21427],[-120.77156,48.21411],[-120.771,48.21371],[-120.77054,48.21333],[-120.77015,48.213],[-120.76971,48.21266],[-120.76916,48.21222],[-120.76861,48.21176],[-120.76829,48.21154],[-120.76807,48.21143],[-120.76766,48.2112],[-120.76738,48.21112],[-120.76722,48.21108],[-120.76698,48.2111],[-120.76655,48.21119],[-120.76635,48.21122],[-120.76597,48.21137],[-120.76571,48.21151],[-120.76511,48.21175],[-120.76449,48.21204],[-120.7637,48.21243],[-120.76326,48.21264],[-120.76276,48.21286],[-120.76207,48.21319],[-120.76149,48.21355],[-120.7609,48.21391],[-120.76052,48.21417],[-120.7599,48.21458],[-120.75924,48.21496],[-120.75871,48.21526],[-120.75823,48.2155],[-120.75766,48.21581],[-120.75692,48.21633],[-120.75649,48.21669],[-120.75613,48.21701],[-120.75536,48.2176],[-120.75489,48.21797],[-120.75425,48.21861],[-120.75354,48.2193],[-120.75323,48.21962],[-120.75239,48.22048],[-120.75187,48.22096],[-120.7516,48.22127],[-120.75135,48.22153],[-120.75121,48.22158],[-120.75081,48.22172],[-120.75039,48.22181],[-120.74975,48.22199],[-120.74915,48.22221],[-120.74865,48.22238],[-120.74832,48.22248],[-120.7479,48.22262],[-120.74765,48.22271],[-120.74714,48.22295],[-120.74668,48.22322],[-120.7463,48.22347],[-120.74592,48.22369],[-120.74564,48.22384],[-120.74532,48.22398],[-120.74489,48.22424],[-120.74436,48.22453],[-120.74405,48.22467],[-120.74367,48.22484],[-120.74333,48.22498],[-120.74303,48.22508],[-120.74276,48.22517],[-120.7423,48.22528],[-120.74174,48.22541],[-120.74142,48.22547],[-120.74119,48.22555],[-120.74103,48.22569],[-120.74083,48.2259],[-120.74061,48.22608],[-120.74025,48.22632],[-120.7399,48.22663],[-120.73957,48.2269],[-120.73919,48.22722],[-120.73875,48.22759],[-120.73867,48.22763],[-120.73861,48.22757],[-120.73871,48.22744],[-120.73885,48.22712],[-120.73896,48.22669],[-120.73894,48.22651],[-120.73884,48.22613],[-120.73881,48.22591],[-120.73873,48.22571],[-120.73859,48.22541],[-120.73835,48.22501],[-120.73814,48.22469],[-120.7379,48.22448],[-120.73764,48.22437],[-120.73726,48.22416],[-120.73672,48.22397],[-120.73594,48.22372],[-120.73557,48.22363],[-120.73509,48.22351],[-120.73486,48.22342],[-120.7343,48.22324],[-120.73378,48.22298],[-120.73349,48.22281],[-120.7331,48.22251],[-120.73276,48.2223],[-120.73246,48.22208],[-120.73225,48.22192],[-120.73185,48.22152],[-120.73173,48.22136],[-120.73149,48.22121],[-120.73116,48.22109],[-120.73077,48.22099],[-120.73033,48.22094],[-120.72972,48.2209],[-120.72914,48.22088],[-120.72878,48.22089],[-120.72851,48.22088],[-120.72825,48.22081],[-120.72796,48.22064],[-120.72776,48.22044],[-120.72754,48.22023],[-120.72731,48.21999],[-120.72715,48.21993],[-120.72682,48.21986],[-120.72656,48.21986],[-120.72628,48.21988],[-120.72603,48.21993],[-120.7257,48.21997],[-120.72549,48.22],[-120.72519,48.22],[-120.72459,48.21987],[-120.72413,48.21978],[-120.72397,48.21974],[-120.72377,48.21969],[-120.72348,48.21955],[-120.72323,48.21936],[-120.72301,48.21909],[-120.72285,48.21887],[-120.72242,48.21853],[-120.72178,48.21827],[-120.72157,48.21813],[-120.72138,48.21794],[-120.72112,48.21765],[-120.72089,48.21746],[-120.72066,48.2173],[-120.72046,48.2172],[-120.71993,48.21697],[-120.71924,48.21681],[-120.71893,48.21677],[-120.71848,48.21673],[-120.71792,48.21673],[-120.71752,48.21673],[-120.71688,48.21676],[-120.71627,48.21676],[-120.71574,48.21679],[-120.71524,48.21681],[-120.71487,48.21679],[-120.71454,48.21673],[-120.71418,48.21656],[-120.7137,48.21624],[-120.71336,48.21603],[-120.71306,48.21589],[-120.71263,48.2157],[-120.71204,48.21539],[-120.71149,48.21504],[-120.71098,48.21473],[-120.71059,48.21447],[-120.71032,48.2143],[-120.70997,48.21403],[-120.70926,48.21355],[-120.70894,48.2134],[-120.70846,48.21319],[-120.70776,48.21292],[-120.70717,48.21268],[-120.70677,48.21251],[-120.70623,48.21225],[-120.70579,48.21203],[-120.70559,48.21193],[-120.70527,48.21179],[-120.70474,48.21162],[-120.70428,48.21148],[-120.70388,48.21145],[-120.70329,48.21144],[-120.70286,48.21143],[-120.70236,48.21138],[-120.70172,48.21127],[-120.70121,48.21117],[-120.70064,48.21103],[-120.70022,48.21086],[-120.69977,48.21059],[-120.69928,48.2103],[-120.69873,48.21016],[-120.69815,48.21005],[-120.69762,48.20998],[-120.69706,48.20992],[-120.69633,48.20995],[-120.69594,48.21001],[-120.69541,48.21005],[-120.69477,48.21005],[-120.69407,48.21015],[-120.69346,48.21024],[-120.69301,48.21033],[-120.69266,48.21042],[-120.6923,48.21053],[-120.69205,48.21055],[-120.69186,48.21055],[-120.69146,48.21047],[-120.69094,48.21034],[-120.69028,48.21026],[-120.69006,48.21036],[-120.68964,48.21057],[-120.68933,48.21069],[-120.68904,48.21076],[-120.68867,48.21081],[-120.68838,48.21079],[-120.68776,48.21083],[-120.68718,48.21095],[-120.68678,48.21104],[-120.68634,48.21108],[-120.68598,48.2111],[-120.68552,48.21109],[-120.6851,48.21106],[-120.6847,48.21103],[-120.68412,48.21098],[-120.68393,48.21095],[-120.68361,48.21092],[-120.68319,48.21092],[-120.68284,48.21091],[-120.68251,48.21093],[-120.68176,48.2109],[-120.68148,48.21094],[-120.68115,48.21104],[-120.68096,48.21127],[-120.68087,48.21142],[-120.6807,48.21165],[-120.68052,48.21188],[-120.68026,48.21221],[-120.67989,48.21261],[-120.67964,48.2129],[-120.67943,48.21314],[-120.67926,48.21327],[-120.67897,48.21335],[-120.67875,48.21338],[-120.67842,48.2134],[-120.67801,48.21342],[-120.67766,48.21343],[-120.67696,48.21358],[-120.67641,48.21374],[-120.67608,48.21384],[-120.67593,48.2139],[-120.67587,48.21396],[-120.67567,48.21409],[-120.6756,48.21419],[-120.67562,48.21434],[-120.67567,48.21446],[-120.67572,48.21468],[-120.67573,48.21521],[-120.67553,48.21555],[-120.67519,48.21599],[-120.67493,48.21634],[-120.67479,48.21655],[-120.67463,48.21697],[-120.67447,48.21738],[-120.6744,48.21766],[-120.67432,48.21816],[-120.67424,48.21847],[-120.6742,48.21892],[-120.67408,48.21938],[-120.67384,48.21992],[-120.67369,48.22025],[-120.67362,48.22046],[-120.6735,48.22088],[-120.67345,48.22123],[-120.67336,48.22154],[-120.67325,48.22184],[-120.67305,48.22207],[-120.6728,48.22223],[-120.67248,48.22232],[-120.67182,48.22241],[-120.67127,48.22252],[-120.67074,48.22272],[-120.67033,48.22286],[-120.66995,48.22303],[-120.66967,48.22317],[-120.66913,48.22336],[-120.66859,48.22345],[-120.66834,48.22347],[-120.66806,48.22348],[-120.66738,48.22355],[-120.66716,48.2236],[-120.66681,48.22367],[-120.66619,48.22386],[-120.66575,48.22406],[-120.66543,48.2242],[-120.66525,48.22438],[-120.66519,48.22456],[-120.6651,48.22497],[-120.66501,48.22531],[-120.66491,48.22572],[-120.66488,48.22613],[-120.66487,48.22659],[-120.66488,48.22696],[-120.66493,48.22723],[-120.66497,48.22769],[-120.66501,48.22814],[-120.66497,48.22885],[-120.66494,48.22923],[-120.66485,48.22972],[-120.66478,48.23011],[-120.66475,48.23045],[-120.66467,48.23069],[-120.66449,48.23102],[-120.66437,48.23124],[-120.66425,48.23154],[-120.66399,48.23193],[-120.66372,48.23229],[-120.66352,48.23249],[-120.66337,48.23268],[-120.66319,48.23282],[-120.66298,48.23294],[-120.66275,48.23306],[-120.66263,48.23309],[-120.66208,48.23324],[-120.66151,48.23336],[-120.66121,48.23341],[-120.66097,48.23345],[-120.66066,48.23355],[-120.66037,48.23363],[-120.66013,48.23372],[-120.65986,48.23384],[-120.65934,48.23402],[-120.65881,48.23404],[-120.65843,48.23404],[-120.65815,48.23406],[-120.65802,48.2341],[-120.65783,48.23421],[-120.65762,48.23437],[-120.65742,48.23454],[-120.65701,48.23491],[-120.65676,48.23528],[-120.65657,48.23551],[-120.65621,48.23593],[-120.65605,48.23614],[-120.65567,48.23656],[-120.6554,48.23692],[-120.65515,48.2372],[-120.65487,48.23751],[-120.65462,48.23782],[-120.65419,48.23867],[-120.65413,48.23896],[-120.65407,48.2393],[-120.65405,48.23959],[-120.65405,48.23985],[-120.65398,48.24031],[-120.65386,48.24067],[-120.65374,48.24095],[-120.65356,48.2412],[-120.65334,48.24146],[-120.65314,48.24168],[-120.65279,48.24204],[-120.6524,48.24239],[-120.65205,48.24266],[-120.65174,48.24288],[-120.65141,48.24306],[-120.65089,48.24338],[-120.65046,48.24371],[-120.65019,48.2439],[-120.65007,48.244],[-120.64963,48.24437],[-120.6494,48.24461],[-120.64903,48.24495],[-120.64866,48.24528],[-120.64834,48.24556],[-120.64792,48.24598],[-120.64774,48.24621],[-120.64742,48.24653],[-120.64706,48.24684],[-120.64601,48.24749],[-120.64541,48.24785],[-120.64497,48.24807],[-120.64446,48.24831],[-120.64409,48.24846],[-120.64381,48.24858],[-120.64355,48.24873],[-120.64335,48.24915],[-120.64351,48.24961],[-120.64366,48.24986],[-120.64381,48.25006],[-120.64385,48.25019],[-120.64388,48.25034],[-120.64367,48.25058],[-120.64344,48.25077],[-120.64318,48.25095],[-120.64285,48.25125],[-120.64253,48.25161],[-120.64202,48.2521],[-120.64181,48.25226],[-120.64111,48.25271],[-120.64143,48.25343],[-120.64233,48.2563],[-120.64416,48.25669],[-120.64561,48.25698],[-120.64741,48.2573],[-120.65029,48.25787],[-120.65313,48.25844],[-120.65335,48.25842],[-120.65364,48.25825],[-120.65404,48.25806],[-120.65428,48.25797],[-120.6548,48.25784],[-120.65541,48.25773],[-120.65582,48.25756],[-120.6562,48.25739],[-120.65708,48.25689],[-120.65805,48.25636],[-120.65877,48.2559],[-120.65918,48.25549],[-120.6599,48.25496],[-120.66028,48.25475],[-120.66093,48.25455],[-120.66199,48.25429],[-120.66246,48.25411],[-120.66308,48.25375],[-120.66354,48.25341],[-120.66401,48.25304],[-120.66446,48.25277],[-120.66479,48.25254],[-120.66511,48.25226],[-120.6655,48.25198],[-120.66588,48.25177],[-120.66655,48.25154],[-120.66732,48.2513],[-120.66779,48.25107],[-120.66829,48.25064],[-120.66877,48.25042],[-120.66935,48.25021],[-120.66989,48.25],[-120.67015,48.24986],[-120.67055,48.24963],[-120.67089,48.24938],[-120.67126,48.24917],[-120.67184,48.24898],[-120.67251,48.24878],[-120.67298,48.24858],[-120.67377,48.24837],[-120.6743,48.24818],[-120.67459,48.24808],[-120.67501,48.24782],[-120.67585,48.24726],[-120.67625,48.24705],[-120.67648,48.24686],[-120.67686,48.24637],[-120.67717,48.2461],[-120.67739,48.24595],[-120.67809,48.24577],[-120.67858,48.24579],[-120.67903,48.24585],[-120.67936,48.24591],[-120.6799,48.24604],[-120.68031,48.24609],[-120.68102,48.24608],[-120.68193,48.24607],[-120.68302,48.24612],[-120.68383,48.24617],[-120.6842,48.24624],[-120.68455,48.24628],[-120.68549,48.24635],[-120.68604,48.24642],[-120.68695,48.24651],[-120.68752,48.24658],[-120.68806,48.24669],[-120.68869,48.24689],[-120.68916,48.24708],[-120.68951,48.24723],[-120.69003,48.2475],[-120.69064,48.24779],[-120.69136,48.24824],[-120.69171,48.24852],[-120.69202,48.24883],[-120.6924,48.2493],[-120.69274,48.24986],[-120.69305,48.25025],[-120.69358,48.25103],[-120.69395,48.25163],[-120.69416,48.25214],[-120.69427,48.25256],[-120.69428,48.25305],[-120.6943,48.2532],[-120.69446,48.2534],[-120.69456,48.2536],[-120.69458,48.25375],[-120.69457,48.25387],[-120.69453,48.254],[-120.69446,48.25415],[-120.69419,48.25445],[-120.6939,48.25507],[-120.6939,48.25523],[-120.6939,48.25564],[-120.69381,48.25621],[-120.69371,48.25643],[-120.69334,48.25678],[-120.6929,48.25714],[-120.69283,48.25727],[-120.69282,48.25743],[-120.69276,48.25752],[-120.69256,48.25766],[-120.6923,48.25785],[-120.69216,48.25805],[-120.69216,48.25823],[-120.69224,48.25855],[-120.69267,48.25909],[-120.693,48.25941],[-120.69346,48.26005],[-120.69356,48.26021],[-120.69361,48.26042],[-120.6936,48.26065],[-120.69337,48.261],[-120.69334,48.26109],[-120.69338,48.26116],[-120.69361,48.26136],[-120.69374,48.26154],[-120.69382,48.26176],[-120.6939,48.26198],[-120.6939,48.26226],[-120.69373,48.26251],[-120.6932,48.26303],[-120.69308,48.2633],[-120.69309,48.2635],[-120.69314,48.26408],[-120.69316,48.2644],[-120.69297,48.26466],[-120.69285,48.2648],[-120.69322,48.26522],[-120.69362,48.26562],[-120.69416,48.26601],[-120.69422,48.26618],[-120.69425,48.26645],[-120.69444,48.26667],[-120.69452,48.26682],[-120.69452,48.26694],[-120.69441,48.26711],[-120.69416,48.26744],[-120.69419,48.26789],[-120.69432,48.26881],[-120.69478,48.27271],[-120.69531,48.27754],[-120.69554,48.27961],[-120.69576,48.28207],[-120.69583,48.28235],[-120.69631,48.28271],[-120.69651,48.28298],[-120.69661,48.28318],[-120.69661,48.28345],[-120.69647,48.28371],[-120.69643,48.2841],[-120.6965,48.2843],[-120.69692,48.28475],[-120.69721,48.2852],[-120.69743,48.28556],[-120.69744,48.28582],[-120.69737,48.28606],[-120.69718,48.28648],[-120.69666,48.28718],[-120.69637,48.28754],[-120.69608,48.28798],[-120.69604,48.28815],[-120.69612,48.28828],[-120.69625,48.28842],[-120.6965,48.28866],[-120.6966,48.28884],[-120.69663,48.28904],[-120.69654,48.28922],[-120.69641,48.28933],[-120.6963,48.28941],[-120.69605,48.28947],[-120.69547,48.28957],[-120.69518,48.28963],[-120.69482,48.28984],[-120.69409,48.29056],[-120.69397,48.29066],[-120.69376,48.2907],[-120.69353,48.29067],[-120.6932,48.29055],[-120.69303,48.29051],[-120.69256,48.29052],[-120.69213,48.29059],[-120.69194,48.29066],[-120.69187,48.29077],[-120.69181,48.29105],[-120.69164,48.29145],[-120.69159,48.29175],[-120.69167,48.29208],[-120.69171,48.29269],[-120.69167,48.29295],[-120.69161,48.29315],[-120.69099,48.2938],[-120.6903,48.29467],[-120.68977,48.29544],[-120.68917,48.29686],[-120.68894,48.29742],[-120.68873,48.29791],[-120.68851,48.29833],[-120.68824,48.29879],[-120.68798,48.29911],[-120.68746,48.29953],[-120.68736,48.29968],[-120.68719,48.30025],[-120.68707,48.30044],[-120.68691,48.30061],[-120.68646,48.30084],[-120.6858,48.30106],[-120.68529,48.30127],[-120.68517,48.30138],[-120.68513,48.30145],[-120.6852,48.30165],[-120.68521,48.30201],[-120.68516,48.30221],[-120.68467,48.30395],[-120.68469,48.30422],[-120.68477,48.3046],[-120.68493,48.30509],[-120.68498,48.30565],[-120.68491,48.30648],[-120.68486,48.30678],[-120.68473,48.30712],[-120.68454,48.30749],[-120.684,48.30804],[-120.68264,48.30898],[-120.68621,48.31131],[-120.69328,48.31613],[-120.69394,48.31665],[-120.69428,48.31684],[-120.69658,48.31766],[-120.69914,48.31845],[-120.7005,48.31885],[-120.70087,48.31889],[-120.70135,48.31885],[-120.7036,48.31852],[-120.70575,48.31829],[-120.70973,48.31779],[-120.71239,48.31749],[-120.71284,48.31734],[-120.71381,48.31691],[-120.7157,48.31612],[-120.71604,48.31602],[-120.71636,48.31592],[-120.71685,48.31579],[-120.71742,48.31571],[-120.71803,48.31564],[-120.71955,48.31549],[-120.72048,48.31545],[-120.7213,48.31546],[-120.72271,48.31558],[-120.72309,48.3156],[-120.72376,48.31542],[-120.72428,48.31534],[-120.72489,48.31528],[-120.72557,48.3153],[-120.72608,48.31538],[-120.72707,48.31561],[-120.72928,48.31611],[-120.73026,48.31637],[-120.73093,48.31653],[-120.731,48.31655],[-120.73103,48.3166],[-120.73101,48.31666],[-120.73091,48.31676],[-120.73036,48.31725],[-120.73013,48.31752],[-120.73002,48.31775],[-120.73001,48.31822],[-120.73009,48.31889],[-120.73007,48.3198],[-120.73004,48.32044],[-120.72994,48.32094],[-120.72991,48.32104],[-120.72962,48.32149],[-120.72936,48.32231],[-120.72901,48.32306],[-120.73195,48.32795],[-120.73196,48.3379],[-120.73197,48.3446],[-120.73225,48.34445],[-120.73327,48.34397],[-120.73403,48.34357],[-120.73477,48.34324],[-120.73608,48.3427],[-120.73739,48.3422],[-120.73876,48.34164],[-120.73986,48.34113],[-120.74145,48.34029],[-120.74223,48.33993],[-120.74327,48.33951],[-120.74389,48.33922],[-120.74417,48.33908],[-120.74459,48.33876],[-120.74485,48.33857],[-120.74516,48.33844],[-120.74549,48.33837],[-120.74605,48.3383],[-120.74684,48.3383],[-120.74757,48.33832],[-120.74793,48.3383],[-120.74845,48.3382],[-120.7492,48.33802],[-120.7497,48.3378],[-120.75037,48.33752],[-120.75092,48.33726],[-120.7512,48.33714],[-120.75295,48.3361],[-120.75306,48.33603],[-120.75313,48.336],[-120.75322,48.33597],[-120.75346,48.33592],[-120.75366,48.33592],[-120.7538,48.33594],[-120.75394,48.336],[-120.75403,48.33607],[-120.75414,48.33617],[-120.75429,48.33628],[-120.75442,48.33638],[-120.75448,48.33642],[-120.75456,48.33646],[-120.75459,48.33648],[-120.75479,48.33659],[-120.75504,48.33672],[-120.75523,48.33687],[-120.75531,48.33692],[-120.75573,48.3372],[-120.75583,48.33729],[-120.75593,48.33736],[-120.75595,48.33738],[-120.75628,48.33764],[-120.75663,48.33791],[-120.75674,48.338],[-120.75686,48.33811],[-120.75701,48.33828],[-120.75711,48.33847],[-120.75715,48.33866],[-120.75719,48.33905],[-120.75716,48.33937],[-120.75713,48.3397],[-120.75712,48.33981],[-120.75706,48.34027],[-120.75701,48.3407],[-120.75697,48.34094],[-120.75696,48.341],[-120.75695,48.34106],[-120.75692,48.34133],[-120.75693,48.34156],[-120.75693,48.3416],[-120.75692,48.34189],[-120.75692,48.34198],[-120.75691,48.34223],[-120.75689,48.3426],[-120.75687,48.34276],[-120.75685,48.34288],[-120.75681,48.34315],[-120.75677,48.34348],[-120.75675,48.34355],[-120.75675,48.34372],[-120.75674,48.34392],[-120.75673,48.34409],[-120.75669,48.34431],[-120.75669,48.34446],[-120.75674,48.34463],[-120.75684,48.34472],[-120.75699,48.34482],[-120.75722,48.34493],[-120.75749,48.34505],[-120.75777,48.34519],[-120.758,48.34526],[-120.7582,48.34533],[-120.75841,48.34538],[-120.75853,48.3454],[-120.7586,48.34541],[-120.75867,48.34542],[-120.75894,48.34547],[-120.75909,48.34553],[-120.75934,48.34563],[-120.75962,48.34576],[-120.76,48.34597],[-120.7603,48.3461],[-120.76059,48.34624],[-120.76083,48.34632],[-120.76123,48.34643],[-120.76177,48.34661],[-120.76207,48.34674],[-120.76238,48.3469],[-120.7627,48.34704],[-120.76314,48.34725],[-120.7635,48.34738],[-120.76382,48.34749],[-120.76409,48.34757],[-120.76445,48.34769],[-120.7647,48.34781],[-120.76493,48.34787],[-120.76519,48.3479],[-120.76552,48.34789],[-120.76588,48.34785],[-120.76624,48.34778],[-120.76656,48.34769],[-120.7669,48.34763],[-120.76722,48.34758],[-120.76754,48.34753],[-120.76783,48.3475],[-120.77084,48.34716],[-120.77128,48.34705],[-120.77282,48.34676],[-120.774,48.34653],[-120.77508,48.34636],[-120.7759,48.34625],[-120.77654,48.34621],[-120.77722,48.34621],[-120.77774,48.34621],[-120.77841,48.34612],[-120.77897,48.34595],[-120.77983,48.34574],[-120.78076,48.34535],[-120.78265,48.3446],[-120.78367,48.34419],[-120.78435,48.3439],[-120.78526,48.34365],[-120.78693,48.34315],[-120.78803,48.34289],[-120.78946,48.34253],[-120.79149,48.34201],[-120.79221,48.34197],[-120.79368,48.34194],[-120.79465,48.34193],[-120.79515,48.3419],[-120.79543,48.34179],[-120.79568,48.34165],[-120.79603,48.34138],[-120.79648,48.3409],[-120.79706,48.34037],[-120.79776,48.3398],[-120.79807,48.33961],[-120.79865,48.33942],[-120.79938,48.33918],[-120.79983,48.33896],[-120.80012,48.33875],[-120.8003,48.33866],[-120.80062,48.33866],[-120.80108,48.33875],[-120.80164,48.33897],[-120.80222,48.33925],[-120.80246,48.33941],[-120.80272,48.33971],[-120.80287,48.34009],[-120.80312,48.34053],[-120.80409,48.34161],[-120.80459,48.34212],[-120.80496,48.34259],[-120.80536,48.3431],[-120.80573,48.34355],[-120.80617,48.34405],[-120.80657,48.34449],[-120.80678,48.34483],[-120.80677,48.34489],[-120.80675,48.34497],[-120.80675,48.34498],[-120.80672,48.34508],[-120.8067,48.3451],[-120.80655,48.34528],[-120.80639,48.34541],[-120.80629,48.34548],[-120.80617,48.34558],[-120.80597,48.34572],[-120.80585,48.3458],[-120.8059,48.34589],[-120.80609,48.34591],[-120.80631,48.34591],[-120.80654,48.34595],[-120.80679,48.34599],[-120.80699,48.34604],[-120.80724,48.3461],[-120.80745,48.34615],[-120.80778,48.34618],[-120.80804,48.34618],[-120.80833,48.34617],[-120.80854,48.34616],[-120.80871,48.34614],[-120.80875,48.34614],[-120.80911,48.34615],[-120.8097,48.34636],[-120.8103,48.34659],[-120.81077,48.34688],[-120.81103,48.34718],[-120.81117,48.34736],[-120.81152,48.34752],[-120.81167,48.34771],[-120.8118,48.34803],[-120.81181,48.34838],[-120.81196,48.34892],[-120.81218,48.34932],[-120.81262,48.34981],[-120.8132,48.35028],[-120.81468,48.35131],[-120.81579,48.352],[-120.81632,48.35242],[-120.81646,48.35263],[-120.81667,48.3531],[-120.81698,48.35358],[-120.81746,48.35406],[-120.81846,48.35481],[-120.82015,48.35602],[-120.82068,48.35632],[-120.82121,48.35652],[-120.82184,48.3566],[-120.82309,48.35653],[-120.82459,48.35659],[-120.82622,48.35671],[-120.82776,48.35686],[-120.8295,48.35716],[-120.83128,48.35753],[-120.83302,48.3577],[-120.83383,48.35779],[-120.83454,48.35788],[-120.8346,48.35788],[-120.835,48.35788],[-120.83551,48.35786],[-120.83574,48.35785],[-120.8364,48.35787],[-120.8366,48.35788],[-120.8372,48.35788],[-120.83761,48.35788],[-120.83798,48.35788],[-120.83858,48.35788],[-120.83862,48.35788],[-120.8394,48.35791],[-120.83957,48.35791],[-120.83966,48.35791],[-120.84004,48.35791],[-120.84035,48.3579],[-120.84055,48.35789],[-120.8407,48.35788],[-120.84099,48.35785],[-120.84143,48.35782],[-120.84179,48.35778],[-120.84215,48.35772],[-120.84238,48.3577],[-120.84244,48.3577],[-120.84289,48.35766],[-120.84342,48.35764],[-120.84402,48.35762],[-120.84426,48.35763],[-120.84434,48.35763],[-120.84444,48.35764],[-120.84462,48.35768],[-120.84504,48.35779],[-120.84531,48.35791],[-120.84568,48.35807],[-120.84608,48.35823],[-120.84649,48.35843],[-120.84669,48.35852],[-120.84718,48.35873],[-120.84768,48.35896],[-120.84779,48.35902],[-120.84807,48.35912],[-120.84843,48.35925],[-120.84874,48.35937],[-120.84896,48.35945],[-120.84919,48.35954],[-120.84954,48.35967],[-120.8499,48.35978],[-120.85023,48.35988],[-120.85033,48.35991],[-120.8505,48.35997],[-120.85071,48.36007],[-120.85091,48.36017],[-120.85113,48.36033],[-120.85129,48.36048],[-120.85132,48.36054],[-120.85134,48.36059],[-120.85137,48.36065],[-120.85143,48.36095],[-120.8515,48.36125],[-120.85153,48.36135],[-120.8516,48.36163],[-120.85171,48.36198],[-120.85178,48.36219],[-120.85181,48.36224],[-120.85193,48.36249],[-120.85214,48.36289],[-120.85233,48.36328],[-120.85249,48.36364],[-120.85252,48.36371],[-120.85261,48.36397],[-120.85269,48.36428],[-120.85276,48.36448],[-120.85282,48.36466],[-120.85297,48.36501],[-120.85305,48.36523],[-120.8531,48.36551],[-120.85312,48.36558],[-120.85318,48.36584],[-120.8533,48.36614],[-120.85347,48.36655],[-120.85359,48.36684],[-120.85386,48.36761],[-120.85426,48.36809],[-120.85431,48.36824],[-120.85466,48.36937],[-120.85474,48.36957],[-120.85482,48.37053],[-120.8551,48.37335],[-120.85524,48.37485],[-120.85595,48.38185],[-120.8562,48.3833],[-120.86435,48.38841],[-120.86517,48.38898],[-120.8655,48.38922],[-120.86633,48.39082],[-120.86766,48.3935],[-120.86803,48.39424],[-120.86823,48.39465],[-120.8684,48.395],[-120.86838,48.39501],[-120.86843,48.39512],[-120.86851,48.39535],[-120.86859,48.39568],[-120.86862,48.39583],[-120.86873,48.39612],[-120.86881,48.39626],[-120.86889,48.39641],[-120.86902,48.39665],[-120.86911,48.39681],[-120.86919,48.39696],[-120.86939,48.39721],[-120.86954,48.39746],[-120.86969,48.39773],[-120.87,48.39843],[-120.87024,48.39894],[-120.87044,48.39937],[-120.87056,48.39965],[-120.8708,48.40017],[-120.87102,48.40066],[-120.87113,48.40094],[-120.87177,48.40261],[-120.87231,48.40399],[-120.87243,48.40432],[-120.87256,48.40466],[-120.8726,48.40478],[-120.87276,48.40518],[-120.87296,48.40567],[-120.87312,48.40593],[-120.87332,48.40615],[-120.8736,48.40647],[-120.87366,48.40653],[-120.87387,48.40676],[-120.87416,48.40702],[-120.87443,48.40722],[-120.87448,48.40726],[-120.87455,48.40729],[-120.87463,48.40732],[-120.87474,48.40739],[-120.8749,48.40742],[-120.8751,48.4074],[-120.87512,48.40744],[-120.87552,48.40735],[-120.87622,48.40719],[-120.87828,48.40653],[-120.87995,48.40601],[-120.88041,48.40587],[-120.88076,48.40587],[-120.88113,48.4059],[-120.8815,48.40595],[-120.88189,48.40597],[-120.88208,48.40592],[-120.88271,48.40568],[-120.88333,48.40535],[-120.88401,48.4048],[-120.88528,48.40374],[-120.8857,48.40345],[-120.88611,48.40324],[-120.88662,48.40304],[-120.88749,48.40278],[-120.88794,48.40268],[-120.88845,48.40261],[-120.889,48.40255],[-120.88942,48.40257],[-120.88986,48.40264],[-120.89058,48.40287],[-120.89151,48.4033],[-120.89204,48.40342],[-120.89227,48.40341],[-120.89253,48.40325],[-120.89285,48.40297],[-120.89317,48.40255],[-120.89367,48.40211],[-120.89428,48.40171],[-120.89476,48.40156],[-120.89505,48.40153],[-120.89526,48.40153],[-120.89562,48.40167],[-120.89578,48.40167],[-120.89589,48.40165],[-120.89605,48.40154],[-120.89642,48.40118],[-120.89708,48.40068],[-120.89746,48.40026],[-120.89768,48.39988],[-120.89785,48.3993],[-120.89782,48.39893],[-120.89768,48.39816],[-120.89731,48.39701],[-120.89702,48.39634],[-120.89661,48.39568],[-120.89629,48.39531],[-120.89688,48.39478],[-120.89758,48.39409],[-120.89782,48.39367],[-120.89792,48.39333],[-120.89785,48.3928],[-120.8978,48.39248],[-120.8978,48.39213],[-120.89787,48.39171],[-120.89798,48.39146],[-120.89819,48.39115],[-120.89865,48.39081],[-120.8994,48.39048],[-120.90013,48.39022],[-120.90093,48.38986],[-120.90158,48.38963],[-120.90296,48.38926],[-120.9036,48.38912],[-120.90406,48.38902],[-120.90418,48.38897],[-120.9042,48.38896],[-120.9042,48.38854],[-120.90448,48.38854],[-120.90459,48.38854],[-120.90461,48.38846],[-120.90463,48.38832],[-120.9048,48.38807],[-120.90519,48.38781],[-120.90591,48.38759],[-120.90651,48.38741],[-120.90712,48.38729],[-120.9077,48.38725],[-120.90838,48.38726],[-120.90921,48.38728],[-120.90942,48.38733],[-120.90974,48.38735],[-120.91005,48.38736],[-120.91104,48.38725],[-120.91188,48.38728],[-120.91256,48.38739],[-120.91366,48.38763],[-120.91468,48.38804],[-120.91533,48.38839],[-120.91578,48.38845],[-120.91606,48.38858],[-120.91655,48.38899],[-120.91695,48.38927],[-120.91721,48.38953],[-120.91739,48.38962],[-120.91758,48.38965],[-120.91826,48.38969],[-120.91854,48.38978],[-120.91874,48.3899],[-120.91893,48.39012],[-120.91914,48.39046],[-120.91931,48.39076],[-120.91946,48.39086],[-120.9197,48.39094],[-120.92004,48.39096],[-120.92053,48.39099],[-120.92118,48.39116],[-120.92181,48.39124],[-120.92222,48.39127],[-120.92285,48.39122],[-120.92308,48.39124],[-120.92341,48.39142],[-120.92392,48.39192],[-120.92437,48.39244],[-120.92458,48.39253],[-120.92479,48.3925],[-120.9249,48.3924],[-120.9249,48.39215],[-120.92504,48.39195],[-120.92552,48.39151],[-120.92569,48.3906],[-120.92569,48.38989],[-120.92582,48.38925],[-120.9259,48.38854],[-120.92603,48.38812],[-120.92623,48.3879],[-120.92654,48.38774],[-120.92681,48.38766],[-120.9272,48.38765],[-120.92761,48.38774],[-120.9279,48.38781],[-120.92836,48.38779],[-120.9288,48.38786],[-120.92958,48.38788],[-120.93064,48.38795],[-120.93125,48.38808],[-120.93198,48.38819],[-120.93255,48.38816],[-120.93335,48.38808],[-120.93354,48.38811],[-120.93391,48.38834],[-120.93481,48.3886],[-120.93521,48.38877],[-120.93621,48.38925],[-120.93634,48.38935],[-120.9365,48.38943],[-120.9366,48.38946],[-120.93679,48.38961],[-120.93685,48.38973],[-120.93691,48.38984],[-120.9371,48.39015],[-120.93724,48.39039],[-120.93731,48.39046],[-120.93737,48.39053],[-120.9376,48.3906],[-120.93794,48.3906],[-120.93835,48.39058],[-120.93863,48.39057],[-120.93917,48.39052],[-120.93979,48.39048],[-120.94049,48.39048],[-120.94104,48.3905],[-120.94167,48.39054],[-120.94271,48.39052],[-120.94368,48.3905],[-120.94446,48.39046],[-120.94539,48.39043],[-120.94636,48.39042],[-120.94674,48.39049],[-120.94731,48.39052],[-120.94757,48.39054],[-120.94772,48.39056],[-120.94917,48.39076],[-120.95006,48.39091],[-120.95136,48.39117],[-120.95255,48.39154],[-120.95324,48.39177],[-120.95379,48.39187],[-120.95514,48.392],[-120.95602,48.39204],[-120.95664,48.39197],[-120.95689,48.39199],[-120.95705,48.39208],[-120.95714,48.39231],[-120.95721,48.39257],[-120.95723,48.39299],[-120.95734,48.39354],[-120.9575,48.39385],[-120.9577,48.39405],[-120.95792,48.39425],[-120.9581,48.39447],[-120.9582,48.3947],[-120.9583,48.39519],[-120.95834,48.39607],[-120.95831,48.39682],[-120.9583,48.39729],[-120.95814,48.39798],[-120.95783,48.39893],[-120.95766,48.39928],[-120.95765,48.3996],[-120.95769,48.40033],[-120.95765,48.40069],[-120.95761,48.40091],[-120.95734,48.40139],[-120.95722,48.40173],[-120.95717,48.40258],[-120.95705,48.40292],[-120.95682,48.40345],[-120.95656,48.40374],[-120.95624,48.40404],[-120.95589,48.40444],[-120.95569,48.40481],[-120.95563,48.40499],[-120.95559,48.40514],[-120.95559,48.40535],[-120.95573,48.40571],[-120.95583,48.40596],[-120.95576,48.40612],[-120.95538,48.40645],[-120.95525,48.40667],[-120.95518,48.40696],[-120.95525,48.40726],[-120.95534,48.40754],[-120.95558,48.40786],[-120.95599,48.40815],[-120.9566,48.40855],[-120.95708,48.40887],[-120.95727,48.40907],[-120.95743,48.40929],[-120.95756,48.40955],[-120.95763,48.40978],[-120.95763,48.41012],[-120.9575,48.41059],[-120.95708,48.41191],[-120.95656,48.41336],[-120.9558,48.41546],[-120.95575,48.41571],[-120.9554,48.41633],[-120.95508,48.41706],[-120.95481,48.41762],[-120.95466,48.41815],[-120.95459,48.41859],[-120.95449,48.41928],[-120.95436,48.41984],[-120.95433,48.41999],[-120.95427,48.42081],[-120.95424,48.42132],[-120.95422,48.42153],[-120.95421,48.42165],[-120.95422,48.42183],[-120.95423,48.42191],[-120.95425,48.42199],[-120.95424,48.42223],[-120.95424,48.42225],[-120.95425,48.42252],[-120.95426,48.42253],[-120.95428,48.42263],[-120.95431,48.42273],[-120.95441,48.42301],[-120.95444,48.42307],[-120.95455,48.42331],[-120.95471,48.42356],[-120.95476,48.42361],[-120.95479,48.42364],[-120.95481,48.42367],[-120.95486,48.42387],[-120.95482,48.42397],[-120.95478,48.42407],[-120.95468,48.42426],[-120.95463,48.42437],[-120.95457,48.42447],[-120.95457,48.4247],[-120.95463,48.42478],[-120.95469,48.42486],[-120.95471,48.42488],[-120.95487,48.42501],[-120.9549,48.42511],[-120.95494,48.42521],[-120.95496,48.42527],[-120.95504,48.42555],[-120.95505,48.42639],[-120.95505,48.42643],[-120.95505,48.42659],[-120.95506,48.42694],[-120.95504,48.42745],[-120.95508,48.4276],[-120.95513,48.42778],[-120.95532,48.42815],[-120.95537,48.42832],[-120.95546,48.42864],[-120.95564,48.42926],[-120.95574,48.42959],[-120.95611,48.43017],[-120.95627,48.43041],[-120.95654,48.43105],[-120.95659,48.43116],[-120.95661,48.43155],[-120.9566,48.4317],[-120.95659,48.43192],[-120.95655,48.43227],[-120.95655,48.43234],[-120.95654,48.43237],[-120.95654,48.43242],[-120.95664,48.43253],[-120.95674,48.43256],[-120.95684,48.43258],[-120.9571,48.43256],[-120.95753,48.4325],[-120.95768,48.43249],[-120.95799,48.43247],[-120.9588,48.43253],[-120.95908,48.43258],[-120.95911,48.43259],[-120.95945,48.43261],[-120.96011,48.43258],[-120.96056,48.43265],[-120.9613,48.43285],[-120.9616,48.43285],[-120.96201,48.4328],[-120.96243,48.4328],[-120.96271,48.43289],[-120.96377,48.43341],[-120.96464,48.43373],[-120.96499,48.43375],[-120.96532,48.43374],[-120.96567,48.43364],[-120.966,48.43361],[-120.96629,48.43361],[-120.96659,48.43366],[-120.96744,48.43387],[-120.96777,48.43393],[-120.96798,48.4339],[-120.96855,48.43369],[-120.96918,48.43372],[-120.97115,48.43415],[-120.97221,48.43417],[-120.97378,48.43416],[-120.97453,48.4341],[-120.97498,48.43396],[-120.97574,48.43356],[-120.97646,48.43325],[-120.97682,48.43311],[-120.97716,48.43306],[-120.97769,48.43303],[-120.97819,48.43301],[-120.97864,48.43294],[-120.97894,48.43283],[-120.97929,48.43265],[-120.97956,48.43251],[-120.97996,48.43226],[-120.98018,48.43217],[-120.98052,48.43214],[-120.98082,48.43217],[-120.98144,48.43226],[-120.982,48.43226],[-120.98306,48.43218],[-120.9839,48.43214],[-120.98439,48.43204],[-120.98452,48.43204],[-120.9846,48.43207],[-120.98477,48.43219],[-120.98499,48.43243],[-120.98515,48.43255],[-120.98557,48.43262],[-120.98572,48.43263],[-120.98588,48.43274],[-120.98607,48.43313],[-120.98618,48.43329],[-120.98634,48.43343],[-120.98653,48.43351],[-120.98709,48.43355],[-120.98767,48.43347],[-120.98845,48.43329],[-120.98885,48.4331],[-120.98906,48.43284],[-120.98927,48.43265],[-120.9895,48.43263],[-120.98977,48.43266],[-120.99009,48.43271],[-120.99037,48.43271],[-120.99076,48.43265],[-120.99129,48.43248],[-120.99182,48.43237],[-120.99274,48.43232],[-120.99322,48.43223],[-120.99344,48.43215],[-120.99387,48.43178],[-120.99413,48.43166],[-120.99452,48.43158],[-120.99469,48.43148],[-120.99478,48.43147],[-120.99506,48.43145],[-120.99524,48.43147],[-120.99527,48.43147],[-120.99532,48.43148],[-120.99539,48.43148],[-120.99563,48.43153],[-120.99575,48.43151],[-120.99587,48.4315],[-120.99611,48.43149],[-120.99636,48.43154],[-120.99647,48.43159],[-120.99657,48.43166],[-120.99688,48.4319],[-120.99714,48.43204],[-120.99821,48.4325],[-120.99852,48.43268],[-120.99885,48.43282],[-120.99917,48.43289],[-120.99951,48.43293],[-120.99989,48.43287],[-121.00015,48.43275],[-121.00026,48.43267],[-121.0004,48.43262],[-121.00057,48.43248],[-121.00071,48.43241],[-121.001,48.43236],[-121.00099,48.43234],[-121.00098,48.43232],[-121.00131,48.43221],[-121.00144,48.43213],[-121.0016,48.43204],[-121.00163,48.43199],[-121.00166,48.43195],[-121.00178,48.43183],[-121.00191,48.43151],[-121.00197,48.4314],[-121.00203,48.4313],[-121.00209,48.43114],[-121.00216,48.43109],[-121.00221,48.43105],[-121.00221,48.43102],[-121.00277,48.43073],[-121.0034,48.43059],[-121.00372,48.43047],[-121.00422,48.43032],[-121.00444,48.43032],[-121.00538,48.4303],[-121.00545,48.43031],[-121.00605,48.43024],[-121.00679,48.43011],[-121.0069,48.4301],[-121.00693,48.4301],[-121.00722,48.43007],[-121.00733,48.43007],[-121.00747,48.43007],[-121.00752,48.43011],[-121.00756,48.43013],[-121.00765,48.4302],[-121.00771,48.43044],[-121.0079,48.43065],[-121.00814,48.43081],[-121.00817,48.43081],[-121.0082,48.43081],[-121.00851,48.43101],[-121.00876,48.4313],[-121.00912,48.43159],[-121.00943,48.43167],[-121.00952,48.43167],[-121.00962,48.43167],[-121.0106,48.43158],[-121.01121,48.43187],[-121.01176,48.43245],[-121.01176,48.43247],[-121.01176,48.43249],[-121.01219,48.43269],[-121.01228,48.43269],[-121.01237,48.43269],[-121.01256,48.43273],[-121.01268,48.43265],[-121.01274,48.43265],[-121.0128,48.43265],[-121.01336,48.43235],[-121.01344,48.43231],[-121.01372,48.43224],[-121.01378,48.4322],[-121.01384,48.43218],[-121.01429,48.43203],[-121.01458,48.43199],[-121.01471,48.43195],[-121.01477,48.43191],[-121.01495,48.43192],[-121.01514,48.43195],[-121.01517,48.43193],[-121.0152,48.43191],[-121.0155,48.43196],[-121.0163,48.43192],[-121.01655,48.43188],[-121.01658,48.43185],[-121.01661,48.43183],[-121.01679,48.43183],[-121.01698,48.43179],[-121.01701,48.43182],[-121.01704,48.43183],[-121.01707,48.43183],[-121.0176,48.43181],[-121.01814,48.43179],[-121.01817,48.43181],[-121.0182,48.43183],[-121.01839,48.43183],[-121.01943,48.43204],[-121.01958,48.43202],[-121.01962,48.43203],[-121.01968,48.43201],[-121.02029,48.43196],[-121.02033,48.43199],[-121.02035,48.432],[-121.02047,48.432],[-121.02103,48.43208],[-121.02146,48.43228],[-121.02146,48.4323],[-121.02146,48.43232],[-121.02166,48.43238],[-121.02176,48.43241],[-121.02179,48.43243],[-121.02182,48.43245],[-121.02186,48.43245],[-121.02204,48.43245],[-121.02209,48.43246],[-121.02213,48.43249],[-121.02213,48.43254],[-121.02213,48.43257],[-121.0222,48.43261],[-121.02225,48.43261],[-121.02238,48.43286],[-121.02256,48.43302],[-121.02256,48.43308],[-121.02256,48.43314],[-121.02323,48.43359],[-121.0236,48.43363],[-121.02364,48.43365],[-121.02366,48.43367],[-121.02369,48.43367],[-121.02373,48.43367],[-121.02385,48.43376],[-121.02471,48.43363],[-121.02474,48.43361],[-121.02477,48.43359],[-121.02489,48.43359],[-121.02501,48.43359],[-121.02504,48.43357],[-121.02508,48.43355],[-121.02538,48.43363],[-121.02581,48.43371],[-121.02584,48.43373],[-121.02587,48.43375],[-121.02606,48.43376],[-121.02667,48.43363],[-121.02679,48.43355],[-121.02685,48.43355],[-121.02692,48.43355],[-121.02722,48.43347],[-121.02753,48.43347],[-121.02827,48.4336],[-121.029,48.43363],[-121.02931,48.43354],[-121.02967,48.43334],[-121.02967,48.4333],[-121.02967,48.43326],[-121.02986,48.43306],[-121.02998,48.43265],[-121.03017,48.43236],[-121.03047,48.43208],[-121.03057,48.43201],[-121.03066,48.43195],[-121.03109,48.43171],[-121.03178,48.43166],[-121.03231,48.43163],[-121.03242,48.43157],[-121.03256,48.4315],[-121.03265,48.43144],[-121.03274,48.43134],[-121.03279,48.43134],[-121.03285,48.4313],[-121.033,48.43119],[-121.03343,48.43098],[-121.03382,48.43104],[-121.03391,48.4311],[-121.03465,48.4311],[-121.03495,48.43114],[-121.0355,48.43138],[-121.03575,48.43155],[-121.03578,48.43155],[-121.03581,48.43155],[-121.03649,48.43183],[-121.03673,48.43192],[-121.03696,48.43208],[-121.03696,48.43205],[-121.03702,48.43209],[-121.03715,48.43251],[-121.03728,48.43327],[-121.038,48.43417],[-121.03878,48.43539],[-121.03854,48.43672],[-121.03844,48.43769],[-121.0384,48.43864],[-121.03898,48.43958],[-121.03949,48.44035],[-121.03936,48.44087],[-121.03992,48.44172],[-121.04049,48.44217],[-121.04106,48.44394],[-121.0406,48.44435],[-121.04073,48.44477],[-121.04108,48.44532],[-121.04171,48.44637],[-121.0433,48.44725],[-121.04517,48.44771],[-121.04639,48.44774],[-121.04739,48.44743],[-121.04826,48.44729],[-121.04943,48.44748],[-121.05089,48.44821],[-121.05152,48.44871],[-121.0526,48.44856],[-121.05382,48.44925],[-121.05467,48.44987],[-121.05539,48.45001],[-121.05565,48.45065],[-121.05609,48.45156],[-121.05737,48.45188],[-121.05878,48.45238],[-121.05929,48.4529],[-121.06016,48.45333],[-121.06046,48.45418],[-121.06079,48.45518],[-121.0611,48.45656],[-121.06134,48.45763],[-121.06152,48.4585],[-121.06204,48.45912],[-121.06269,48.45964],[-121.06343,48.46006],[-121.06495,48.46021],[-121.06711,48.4604],[-121.06874,48.46058],[-121.07106,48.46065],[-121.07261,48.46103],[-121.07293,48.46146],[-121.07354,48.46168],[-121.07409,48.46241],[-121.07644,48.46254],[-121.0775,48.46271],[-121.07848,48.46312],[-121.07957,48.46322],[-121.08063,48.46329],[-121.08161,48.46296],[-121.0825,48.46261],[-121.08391,48.46249],[-121.08511,48.46252],[-121.08593,48.46245],[-121.08737,48.46238],[-121.08841,48.46251],[-121.08939,48.46316],[-121.09013,48.46363],[-121.09103,48.46425],[-121.09157,48.46471],[-121.0929,48.46501],[-121.09418,48.46516],[-121.09553,48.4654],[-121.09645,48.46624],[-121.09766,48.46694],[-121.09923,48.46685],[-121.10045,48.46651],[-121.10181,48.46552],[-121.10311,48.46497],[-121.105,48.46481],[-121.10618,48.46453],[-121.10698,48.46384],[-121.10756,48.46306],[-121.10821,48.4627],[-121.10856,48.46196],[-121.10892,48.46082],[-121.1096,48.45992],[-121.11003,48.4589],[-121.10946,48.45813],[-121.10991,48.45722],[-121.11078,48.45628],[-121.11206,48.45589],[-121.11371,48.45519],[-121.11527,48.4546],[-121.11614,48.45363],[-121.11637,48.45206],[-121.11634,48.45063],[-121.11654,48.44979],[-121.11751,48.4496],[-121.11977,48.44948],[-121.12225,48.44915],[-121.12449,48.44851],[-121.12626,48.4478],[-121.1363,48.44722],[-121.13689,48.44786],[-121.13658,48.44832],[-121.13784,48.44921],[-121.13893,48.45017],[-121.13991,48.45095],[-121.14094,48.45167],[-121.14165,48.45241],[-121.142,48.45317],[-121.14265,48.45347],[-121.14421,48.4537],[-121.14539,48.45447],[-121.14641,48.45567],[-121.14696,48.45643],[-121.14788,48.45681],[-121.14868,48.45608],[-121.14968,48.45512],[-121.15109,48.45402],[-121.15199,48.45338],[-121.15313,48.45433],[-121.15452,48.45549],[-121.15667,48.45679],[-121.15811,48.45761],[-121.16014,48.45814],[-121.16235,48.45818],[-121.16355,48.45806],[-121.16568,48.45811],[-121.16696,48.45744],[-121.16782,48.45664],[-121.16833,48.45597],[-121.16886,48.45581],[-121.17017,48.45555],[-121.17145,48.45556],[-121.17302,48.45514],[-121.17464,48.45479],[-121.17555,48.45448],[-121.17733,48.4547],[-121.17879,48.45461],[-121.18081,48.45459],[-121.18321,48.45447],[-121.18501,48.45468],[-121.18631,48.45474],[-121.18837,48.45487],[-121.1905,48.45488],[-121.19236,48.45444],[-121.19261,48.45382],[-121.19298,48.45251],[-121.19291,48.45186],[-121.20595,48.4518],[-121.22756,48.45157],[-121.24373,48.45152],[-121.24383,48.45316],[-121.24394,48.45444],[-121.24423,48.4559],[-121.24473,48.4575],[-121.24545,48.45965],[-121.24587,48.4616],[-121.24558,48.46321],[-121.24519,48.46449],[-121.2512,48.46768],[-121.25333,48.46882],[-121.25447,48.46938],[-121.25562,48.46935],[-121.25671,48.46935],[-121.25849,48.46955],[-121.25974,48.4699],[-121.26029,48.46987],[-121.26126,48.47008],[-121.26232,48.47055],[-121.26395,48.47065],[-121.2653,48.47044],[-121.26658,48.47053],[-121.26823,48.47051],[-121.26977,48.47083],[-121.27064,48.47079],[-121.27159,48.47115],[-121.27428,48.47117],[-121.27591,48.47124],[-121.27708,48.4705],[-121.27949,48.47029],[-121.2813,48.47022],[-121.28607,48.47514],[-121.28667,48.47572],[-121.2877,48.4755],[-121.28882,48.47501],[-121.29096,48.47447]],[[-121.3259,48.4652],[-121.32587,48.46445],[-121.32441,48.46353],[-121.32139,48.46315],[-121.32096,48.46266],[-121.31897,48.46255],[-121.31459,48.46076],[-121.31348,48.46049],[-121.31259,48.45956],[-121.31305,48.45806],[-121.31459,48.45807],[-121.31706,48.45766],[-121.31902,48.45808],[-121.32436,48.45909],[-121.32825,48.46186],[-121.32829,48.46396],[-121.3265,48.46538],[-121.3259,48.4652]],[[-121.08051,48.44708],[-121.07847,48.45051],[-121.08051,48.45006],[-121.08491,48.44892],[-121.08554,48.45055],[-121.08449,48.4508],[-121.08504,48.45218],[-121.0813,48.453],[-121.08184,48.45449],[-121.08051,48.45487],[-121.07893,48.45532],[-121.07765,48.45569],[-121.07822,48.4573],[-121.07231,48.4585],[-121.07181,48.45691],[-121.07606,48.45605],[-121.07585,48.45532],[-121.07563,48.45455],[-121.07998,48.45328],[-121.06926,48.45532],[-121.06726,48.4557],[-121.06713,48.45532],[-121.06669,48.45408],[-121.06778,48.4539],[-121.06725,48.45234],[-121.07557,48.45098],[-121.07775,48.4471],[-121.08051,48.4467],[-121.08076,48.44666],[-121.08051,48.44708]],[[-120.96549,48.20071],[-120.96591,48.19908],[-120.97199,48.19974],[-120.9728,48.1965],[-120.97328,48.19655],[-120.97523,48.19678],[-120.97766,48.19705],[-120.97858,48.1935],[-120.97871,48.193],[-120.98307,48.1935],[-120.98594,48.19384],[-120.98431,48.2004],[-120.98393,48.20193],[-120.97909,48.20139],[-120.97804,48.20544],[-120.97329,48.2049],[-120.9707,48.20461],[-120.97113,48.20302],[-120.96507,48.20234],[-120.9638,48.20719],[-120.95777,48.2065],[-120.95816,48.20488],[-120.9521,48.20422],[-120.95251,48.20258],[-120.95291,48.20094],[-120.95901,48.20164],[-120.96507,48.20234],[-120.96549,48.20071]]]},"properties":{"OBJECTID":2495,"NAME":"Glacier Peak Wilderness","OWNER":"Federal Government","MANAGER":"US Forest Service","MANAGEMENT_TYPE":"Wilderness","GLOBALID":"{80AF7D88-A27D-42ED-8C6F-D19B14EDC6D6}"}},{"type":"Feature","id":2496,"geometry":{"type":"MultiPolygon","coordinates":[[[[-121.56025,48.03484],[-121.55416,48.03465],[-121.54798,48.03508],[-121.54813,48.03359],[-121.5431,48.03501],[-121.54282,48.03337],[-121.54906,48.03172],[-121.55452,48.03106],[-121.5587,48.03119],[-121.56022,48.03125],[-121.56056,48.0329],[-121.55487,48.03267],[-121.55174,48.03315],[-121.55441,48.03304],[-121.56021,48.03315],[-121.56025,48.03484],[-121.56035,48.03352],[-121.56098,48.03366],[-121.56089,48.03186],[-121.56223,48.03232],[-121.56777,48.02638],[-121.56407,48.0263],[-121.56395,48.02974],[-121.55871,48.02962],[-121.55875,48.02294],[-121.53722,48.02307],[-121.53714,48.01212],[-121.52104,48.01206],[-121.52099,48.00843],[-121.51579,48.00842],[-121.51588,48.02296],[-121.53181,48.02305],[-121.53181,48.02966],[-121.53615,48.02968],[-121.53667,48.02959],[-121.53684,48.02959],[-121.5372,48.02961],[-121.53719,48.03395],[-121.53719,48.03655],[-121.518,48.0366],[-121.51585,48.03658],[-121.51588,48.02296],[-121.49439,48.02291],[-121.49456,48.00841],[-121.47304,48.00834],[-121.47335,47.99368],[-121.45177,47.99374],[-121.4518,47.97937],[-121.4518,47.97927],[-121.45181,47.96834],[-121.45177,47.96834],[-121.45142,47.96831],[-121.45116,47.96831],[-121.45079,47.96824],[-121.45059,47.96815],[-121.45045,47.96805],[-121.45025,47.96789],[-121.45001,47.96781],[-121.44973,47.96781],[-121.44905,47.96778],[-121.44865,47.96777],[-121.44836,47.96781],[-121.44786,47.96791],[-121.44742,47.96796],[-121.44702,47.968],[-121.44649,47.96806],[-121.44617,47.96806],[-121.4458,47.96803],[-121.44535,47.96797],[-121.44496,47.96793],[-121.4445,47.96786],[-121.44417,47.96781],[-121.44386,47.96768],[-121.44363,47.96752],[-121.44323,47.96737],[-121.44287,47.96727],[-121.44218,47.96703],[-121.44148,47.96682],[-121.44093,47.96662],[-121.4407,47.96653],[-121.44038,47.96648],[-121.44004,47.96635],[-121.43975,47.96626],[-121.43918,47.96622],[-121.43872,47.96609],[-121.43851,47.96606],[-121.43823,47.96592],[-121.43787,47.96571],[-121.43758,47.96566],[-121.43718,47.96553],[-121.43691,47.96541],[-121.43668,47.96538],[-121.43625,47.9656],[-121.4359,47.9659],[-121.43537,47.96623],[-121.43493,47.96651],[-121.43453,47.96673],[-121.43411,47.96695],[-121.4339,47.96709],[-121.43368,47.96729],[-121.43348,47.96755],[-121.43333,47.96785],[-121.43312,47.9681],[-121.43292,47.96844],[-121.43234,47.96914],[-121.4321,47.96939],[-121.43195,47.96955],[-121.43195,47.96957],[-121.43194,47.96975],[-121.43194,47.96976],[-121.43184,47.9702],[-121.43184,47.97022],[-121.43183,47.97043],[-121.43183,47.97044],[-121.43177,47.97066],[-121.43161,47.97083],[-121.43146,47.97097],[-121.43146,47.97099],[-121.43145,47.9713],[-121.43145,47.97132],[-121.43133,47.97156],[-121.43074,47.97169],[-121.43034,47.97177],[-121.43,47.97187],[-121.4295,47.97187],[-121.42899,47.97188],[-121.42869,47.97185],[-121.42829,47.97182],[-121.42782,47.97179],[-121.42721,47.9717],[-121.42693,47.97161],[-121.42668,47.97146],[-121.42645,47.9713],[-121.42628,47.97118],[-121.42603,47.97117],[-121.42538,47.97121],[-121.4246,47.97139],[-121.42376,47.97143],[-121.42292,47.97147],[-121.42214,47.97152],[-121.42144,47.97152],[-121.42087,47.9716],[-121.42071,47.97167],[-121.41976,47.97308],[-121.42,47.97542],[-121.41891,47.97604],[-121.41679,47.97604],[-121.41377,47.97664],[-121.41091,47.97743],[-121.40845,47.97855],[-121.40722,47.98084],[-121.40683,47.98224],[-121.40634,47.98411],[-121.40501,47.98536],[-121.40269,47.98747],[-121.4011,47.98683],[-121.39932,47.98583],[-121.39908,47.98569],[-121.39876,47.98544],[-121.39845,47.98504],[-121.39805,47.98471],[-121.39767,47.9844],[-121.3973,47.98418],[-121.39558,47.98301],[-121.39556,47.98299],[-121.39347,47.98132],[-121.3914,47.98056],[-121.39069,47.98019],[-121.38993,47.97982],[-121.38906,47.97941],[-121.38945,47.97963],[-121.38811,47.97894],[-121.38723,47.97876],[-121.38417,47.9781],[-121.38,47.97724],[-121.37863,47.97695],[-121.37635,47.97822],[-121.3741,47.97889],[-121.37396,47.97867],[-121.37376,47.97835],[-121.37361,47.97813],[-121.37312,47.97736],[-121.37729,47.97666],[-121.37036,47.97539],[-121.36922,47.97678],[-121.37006,47.97806],[-121.36867,47.97798],[-121.36795,47.97825],[-121.36776,47.97832],[-121.36724,47.97896],[-121.36733,47.97931],[-121.36696,47.98185],[-121.36681,47.98273],[-121.36687,47.9834],[-121.36775,47.98339],[-121.36772,47.98185],[-121.36978,47.98181],[-121.36979,47.98183],[-121.37121,47.98182],[-121.37122,47.98345],[-121.37122,47.98442],[-121.36809,47.98442],[-121.36958,47.98543],[-121.37049,47.98542],[-121.37052,47.98607],[-121.37171,47.98689],[-121.37194,47.98683],[-121.3718,47.98675],[-121.37335,47.98601],[-121.37345,47.9861],[-121.37368,47.98591],[-121.37401,47.98565],[-121.37427,47.98549],[-121.37459,47.98533],[-121.37488,47.98517],[-121.37533,47.98494],[-121.37582,47.98474],[-121.37607,47.98464],[-121.37622,47.98453],[-121.37637,47.98441],[-121.37669,47.98423],[-121.37691,47.9843],[-121.37718,47.98436],[-121.37748,47.98436],[-121.37801,47.98449],[-121.37849,47.98468],[-121.37862,47.98484],[-121.38001,47.98473],[-121.37992,47.98522],[-121.38021,47.98521],[-121.3806,47.98529],[-121.3824,47.98705],[-121.38413,47.9876],[-121.38603,47.98756],[-121.38662,47.98771],[-121.38646,47.98806],[-121.38988,47.98885],[-121.38999,47.98897],[-121.39019,47.98907],[-121.39042,47.98922],[-121.3905,47.98934],[-121.39054,47.98943],[-121.39059,47.98947],[-121.39077,47.98949],[-121.39101,47.98954],[-121.39109,47.98956],[-121.39147,47.98973],[-121.39175,47.98989],[-121.39233,47.99008],[-121.39252,47.98856],[-121.39182,47.9884],[-121.39397,47.98809],[-121.39504,47.98874],[-121.39701,47.98719],[-121.39898,47.98823],[-121.39611,47.99054],[-121.39719,47.99115],[-121.39685,47.99152],[-121.39989,47.99339],[-121.40149,47.99384],[-121.40478,47.99477],[-121.40293,47.9962],[-121.3997,47.99527],[-121.39966,47.99532],[-121.39982,47.99546],[-121.39989,47.99566],[-121.39985,47.99584],[-121.39976,47.99611],[-121.39988,47.99621],[-121.4001,47.99615],[-121.40034,47.99597],[-121.40061,47.99595],[-121.40111,47.99605],[-121.40147,47.99628],[-121.4017,47.99652],[-121.40188,47.99675],[-121.40247,47.99696],[-121.40303,47.9972],[-121.40301,47.99739],[-121.40313,47.99747],[-121.40331,47.99744],[-121.40355,47.9974],[-121.40402,47.99742],[-121.40443,47.99759],[-121.40488,47.99777],[-121.40488,47.99791],[-121.40486,47.99809],[-121.40507,47.99808],[-121.40531,47.99792],[-121.40574,47.99787],[-121.40621,47.99806],[-121.40662,47.99842],[-121.40714,47.99875],[-121.40867,47.99899],[-121.40925,47.99915],[-121.40961,47.99918],[-121.4098,47.99931],[-121.40986,47.99951],[-121.41032,47.99973],[-121.41055,47.99998],[-121.41071,48.00037],[-121.41087,48.00067],[-121.41109,48.00081],[-121.41119,48.00073],[-121.41149,48.00035],[-121.41185,48.0],[-121.41198,47.99983],[-121.41217,47.99961],[-121.41247,47.99935],[-121.41286,47.99907],[-121.41315,47.99883],[-121.41336,47.99869],[-121.41359,47.99873],[-121.41513,47.9997],[-121.41718,48.00021],[-121.41835,48.00043],[-121.41963,48.00094],[-121.42085,48.00155],[-121.42265,48.00225],[-121.42207,48.00331],[-121.42556,48.00413],[-121.42614,48.00488],[-121.42655,48.00548],[-121.42737,48.00639],[-121.42808,48.00734],[-121.42831,48.00764],[-121.42917,48.00949],[-121.43016,48.01127],[-121.43118,48.01275],[-121.4318,48.01434],[-121.4328,48.01563],[-121.43336,48.01815],[-121.43431,48.01925],[-121.43469,48.01995],[-121.43492,48.02052],[-121.43357,48.02056],[-121.43322,48.02141],[-121.43299,48.02249],[-121.43329,48.02437],[-121.43348,48.0262],[-121.43334,48.02756],[-121.43203,48.02879],[-121.43163,48.0301],[-121.43105,48.03111],[-121.43053,48.03179],[-121.4304,48.03269],[-121.43087,48.03428],[-121.43122,48.03538],[-121.43096,48.03646],[-121.43273,48.03651],[-121.4329,48.03722],[-121.43268,48.03813],[-121.43231,48.03946],[-121.43146,48.04031],[-121.43048,48.04358],[-121.42951,48.0444],[-121.42839,48.0455],[-121.42747,48.04651],[-121.42651,48.04694],[-121.42513,48.04808],[-121.42323,48.04983],[-121.42217,48.05123],[-121.42004,48.05178],[-121.41863,48.05205],[-121.4169,48.05187],[-121.4154,48.05135],[-121.41475,48.05043],[-121.41473,48.04865],[-121.41488,48.04764],[-121.41333,48.04769],[-121.41235,48.04751],[-121.41178,48.04707],[-121.41096,48.04696],[-121.41015,48.04658],[-121.40837,48.04564],[-121.40571,48.04444],[-121.40467,48.04359],[-121.40264,48.04226],[-121.40176,48.0417],[-121.4,48.04019],[-121.39766,48.03874],[-121.39626,48.03859],[-121.3936,48.03805],[-121.39044,48.03753],[-121.38916,48.03733],[-121.38733,48.03667],[-121.38618,48.03604],[-121.38428,48.03582],[-121.38313,48.03572],[-121.38196,48.03535],[-121.38059,48.03477],[-121.37952,48.03411],[-121.3786,48.03383],[-121.37783,48.03393],[-121.37716,48.03398],[-121.37613,48.03372],[-121.37485,48.03333],[-121.37354,48.0328],[-121.37224,48.0318],[-121.37118,48.03132],[-121.37,48.03137],[-121.36955,48.03079],[-121.36933,48.03047],[-121.3695,48.02984],[-121.36967,48.02936],[-121.36849,48.02899],[-121.36791,48.0293],[-121.367,48.02969],[-121.36562,48.02988],[-121.36455,48.03035],[-121.36229,48.03051],[-121.3605,48.03224],[-121.36368,48.03522],[-121.36458,48.0362],[-121.36452,48.03675],[-121.36568,48.03696],[-121.36683,48.03738],[-121.36762,48.03802],[-121.36862,48.03864],[-121.37004,48.03926],[-121.37082,48.03973],[-121.37155,48.03992],[-121.37285,48.04044],[-121.3736,48.04082],[-121.3739,48.04132],[-121.37543,48.0415],[-121.37628,48.04191],[-121.37661,48.04216],[-121.37787,48.04247],[-121.37898,48.04292],[-121.37942,48.04336],[-121.3805,48.04352],[-121.38215,48.04394],[-121.38419,48.04459],[-121.38479,48.04512],[-121.38687,48.04596],[-121.38876,48.04713],[-121.39129,48.04844],[-121.39324,48.04996],[-121.39441,48.05102],[-121.39625,48.05216],[-121.3979,48.05371],[-121.39884,48.05515],[-121.39874,48.05669],[-121.39781,48.05757],[-121.39661,48.0585],[-121.39559,48.05943],[-121.39408,48.06131],[-121.39251,48.06345],[-121.39194,48.06411],[-121.39084,48.0641],[-121.38995,48.06365],[-121.3891,48.06252],[-121.38849,48.0619],[-121.38758,48.06271],[-121.38645,48.06439],[-121.38542,48.06628],[-121.385,48.06681],[-121.3841,48.06652],[-121.38278,48.06613],[-121.38109,48.06579],[-121.38036,48.06513],[-121.37619,48.06523],[-121.36709,48.06513],[-121.36772,48.06581],[-121.3678,48.06679],[-121.3677,48.06809],[-121.36837,48.0682],[-121.36911,48.06916],[-121.3698,48.07063],[-121.36955,48.07259],[-121.36933,48.07385],[-121.36934,48.0755],[-121.3701,48.07743],[-121.37077,48.07895],[-121.37053,48.08005],[-121.36976,48.08083],[-121.3697,48.0821],[-121.37007,48.08338],[-121.37031,48.08449],[-121.36902,48.08541],[-121.36637,48.08605],[-121.36529,48.08641],[-121.3643,48.08674],[-121.36359,48.08722],[-121.36303,48.08741],[-121.36212,48.08669],[-121.36156,48.08696],[-121.35548,48.08691],[-121.34605,48.08692],[-121.32433,48.08692],[-121.32423,48.07983],[-121.32431,48.0762],[-121.31916,48.07617],[-121.31913,48.06867],[-121.31374,48.06863],[-121.31364,48.06519],[-121.30293,48.06524],[-121.303,48.05085],[-121.30291,48.04725],[-121.29075,48.04706],[-121.29092,48.04622],[-121.29105,48.04551],[-121.29168,48.04538],[-121.29178,48.04479],[-121.29251,48.04415],[-121.29346,48.04374],[-121.29426,48.04355],[-121.29476,48.04337],[-121.29491,48.04284],[-121.2948,48.04226],[-121.29506,48.0418],[-121.29564,48.04151],[-121.296,48.04083],[-121.29538,48.04028],[-121.29512,48.03964],[-121.29525,48.03907],[-121.29505,48.03847],[-121.29527,48.03781],[-121.29509,48.03729],[-121.29557,48.03693],[-121.29574,48.03648],[-121.29533,48.03613],[-121.29548,48.03557],[-121.29572,48.03489],[-121.2963,48.03476],[-121.29681,48.03499],[-121.29735,48.03544],[-121.2985,48.03596],[-121.29819,48.03538],[-121.298,48.03466],[-121.29832,48.03415],[-121.29847,48.03344],[-121.29795,48.033],[-121.29722,48.03271],[-121.29672,48.03197],[-121.29621,48.03148],[-121.29563,48.03135],[-121.29571,48.03089],[-121.29659,48.03042],[-121.29791,48.03005],[-121.2984,48.02936],[-121.29816,48.02855],[-121.29812,48.02796],[-121.29825,48.02728],[-121.29823,48.02673],[-121.29883,48.02616],[-121.29887,48.0256],[-121.29896,48.02505],[-121.29894,48.02447],[-121.29909,48.02397],[-121.29939,48.02339],[-121.299,48.02309],[-121.29846,48.02249],[-121.29846,48.02199],[-121.29857,48.02137],[-121.29788,48.02114],[-121.2979,48.02076],[-121.2985,48.0204],[-121.2988,48.01969],[-121.2999,48.0193],[-121.29945,48.01884],[-121.30003,48.01818],[-121.30099,48.01796],[-121.30155,48.01794],[-121.30162,48.01761],[-121.30114,48.01733],[-121.30117,48.01699],[-121.30043,48.01667],[-121.30017,48.0161],[-121.29972,48.01592],[-121.29983,48.01534],[-121.30017,48.01499],[-121.30067,48.01442],[-121.30121,48.01387],[-121.30189,48.01353],[-121.30155,48.013],[-121.30161,48.01244],[-121.3023,48.01207],[-121.3023,48.01163],[-121.30252,48.01105],[-121.30228,48.01054],[-121.30226,48.01002],[-121.30258,48.00936],[-121.30294,48.00878],[-121.30305,48.00823],[-121.30251,48.00781],[-121.30165,48.00755],[-121.30072,48.00761],[-121.30072,48.00697],[-121.3018,48.00586],[-121.3026,48.00543],[-121.30328,48.00456],[-121.30347,48.00379],[-121.30373,48.00334],[-121.3039,48.00271],[-121.3044,48.00206],[-121.30504,48.00157],[-121.30558,48.00121],[-121.30569,48.00069],[-121.30595,47.99983],[-121.30558,47.99983],[-121.30409,47.99901],[-121.30194,47.99809],[-121.30015,47.99674],[-121.29735,47.99594],[-121.29502,47.99509],[-121.29343,47.99374],[-121.29078,47.99302],[-121.28834,47.99149],[-121.28637,47.99037],[-121.28395,47.98967],[-121.28222,47.98884],[-121.28089,47.98796],[-121.27997,47.98611],[-121.25971,47.98514],[-121.25122,47.98532],[-121.24877,47.98652],[-121.24631,47.98759],[-121.24524,47.9892],[-121.24357,47.99155],[-121.23874,47.99058],[-121.2291,47.98832],[-121.22542,47.98762],[-121.22204,47.98971],[-121.2172,47.99278],[-121.21399,47.99466],[-121.21194,47.99583],[-121.2091,47.99737],[-121.20768,47.99835],[-121.2069,47.99983],[-121.20688,48.00611],[-121.2074,48.00612],[-121.20917,48.00563],[-121.21091,48.00541],[-121.21255,48.00528],[-121.21376,48.00574],[-121.21591,48.00637],[-121.21709,48.0066],[-121.21781,48.00734],[-121.2188,48.00809],[-121.22116,48.00784],[-121.22307,48.00771],[-121.22489,48.00822],[-121.22623,48.00884],[-121.22808,48.01013],[-121.23082,48.01238],[-121.23237,48.0135],[-121.23372,48.01391],[-121.23608,48.01517],[-121.23885,48.01675],[-121.24016,48.01789],[-121.24214,48.01872],[-121.24416,48.01926],[-121.24646,48.01966],[-121.24767,48.02001],[-121.24925,48.02143],[-121.25086,48.02294],[-121.25148,48.02428],[-121.2528,48.02543],[-121.25417,48.026],[-121.25699,48.02625],[-121.25846,48.02621],[-121.26019,48.027],[-121.26131,48.02813],[-121.26253,48.02902],[-121.26367,48.02952],[-121.26513,48.02975],[-121.26637,48.03007],[-121.26822,48.03081],[-121.2706,48.03168],[-121.27292,48.03245],[-121.27479,48.0334],[-121.27551,48.03508],[-121.27594,48.03618],[-121.27492,48.03911],[-121.28122,48.04178],[-121.28152,48.05301],[-121.28355,48.05409],[-121.28476,48.05434],[-121.28551,48.05484],[-121.28654,48.05493],[-121.28694,48.05565],[-121.287,48.05614],[-121.2874,48.05652],[-121.28675,48.05712],[-121.28629,48.05761],[-121.2865,48.0579],[-121.28725,48.05848],[-121.28737,48.05881],[-121.28855,48.05977],[-121.28961,48.0604],[-121.29077,48.06129],[-121.29086,48.06206],[-121.28911,48.0624],[-121.28899,48.06348],[-121.2892,48.06542],[-121.28902,48.06595],[-121.28856,48.06646],[-121.28773,48.06615],[-121.28683,48.06574],[-121.28521,48.06575],[-121.28408,48.06622],[-121.28306,48.06679],[-121.28142,48.06686],[-121.2813,48.07084],[-121.28001,48.07093],[-121.27912,48.07123],[-121.27767,48.07187],[-121.27636,48.07294],[-121.27524,48.0741],[-121.27435,48.07461],[-121.2723,48.07458],[-121.27103,48.07418],[-121.26996,48.07415],[-121.26773,48.07454],[-121.26638,48.07515],[-121.26575,48.07592],[-121.26673,48.07697],[-121.26799,48.07786],[-121.26892,48.07902],[-121.26979,48.08004],[-121.27135,48.08116],[-121.27258,48.08241],[-121.27347,48.08365],[-121.27508,48.08418],[-121.27665,48.08461],[-121.27749,48.08513],[-121.27773,48.08633],[-121.27925,48.08728],[-121.27962,48.08823],[-121.28815,48.09429],[-121.30575,48.10656],[-121.30957,48.10929],[-121.30987,48.10998],[-121.30983,48.11114],[-121.31009,48.11285],[-121.31,48.11483],[-121.31028,48.11639],[-121.31008,48.11714],[-121.31219,48.11728],[-121.31512,48.11749],[-121.31665,48.11764],[-121.31798,48.11696],[-121.31924,48.11633],[-121.31973,48.11516],[-121.32518,48.11447],[-121.32673,48.11448],[-121.32859,48.11439],[-121.33021,48.11403],[-121.33153,48.11366],[-121.33277,48.113],[-121.33385,48.11267],[-121.33492,48.11232],[-121.33581,48.11179],[-121.3367,48.11119],[-121.33776,48.11089],[-121.33874,48.11054],[-121.33984,48.11039],[-121.34133,48.11031],[-121.34237,48.10998],[-121.3436,48.10966],[-121.34559,48.10939],[-121.34702,48.10862],[-121.34768,48.10829],[-121.3481,48.10879],[-121.3485,48.1095],[-121.34931,48.11053],[-121.35086,48.1107],[-121.35166,48.11073],[-121.35227,48.11052],[-121.35464,48.11049],[-121.3563,48.11091],[-121.35773,48.11169],[-121.35909,48.11222],[-121.36003,48.11328],[-121.36107,48.11452],[-121.36164,48.11574],[-121.36243,48.11755],[-121.36278,48.11922],[-121.36236,48.11994],[-121.36266,48.12067],[-121.36267,48.12131],[-121.36324,48.12204],[-121.36401,48.1231],[-121.36451,48.1248],[-121.36507,48.12574],[-121.36499,48.12615],[-121.3649,48.12716],[-121.36505,48.12828],[-121.36579,48.12927],[-121.3669,48.12979],[-121.3673,48.13053],[-121.36734,48.13128],[-121.36697,48.13219],[-121.36733,48.13304],[-121.36825,48.1337],[-121.36936,48.13422],[-121.36985,48.13481],[-121.3703,48.13565],[-121.37133,48.1362],[-121.37251,48.13717],[-121.37322,48.13796],[-121.37358,48.13856],[-121.37365,48.13975],[-121.37379,48.14068],[-121.37406,48.14115],[-121.37388,48.14182],[-121.37385,48.14232],[-121.37422,48.14281],[-121.37508,48.14324],[-121.37573,48.1433],[-121.37619,48.14321],[-121.37776,48.14362],[-121.37897,48.1439],[-121.38019,48.14413],[-121.38091,48.14506],[-121.38146,48.14564],[-121.38196,48.14656],[-121.38301,48.14713],[-121.38426,48.1472],[-121.38531,48.14769],[-121.38625,48.14818],[-121.3872,48.14836],[-121.38869,48.14811],[-121.38984,48.14795],[-121.39135,48.14832],[-121.3925,48.14911],[-121.39355,48.15067],[-121.3937,48.15185],[-121.39339,48.15247],[-121.3935,48.15315],[-121.39397,48.15372],[-121.39379,48.15411],[-121.39365,48.15444],[-121.39409,48.15528],[-121.39469,48.15653],[-121.39473,48.15764],[-121.39351,48.15817],[-121.37621,48.16475],[-121.37504,48.16513],[-121.36953,48.16532],[-121.36267,48.16573],[-121.35788,48.166],[-121.35776,48.16876],[-121.34349,48.16878],[-121.34307,48.16841],[-121.3424,48.16834],[-121.34089,48.16737],[-121.33867,48.1667],[-121.33683,48.16621],[-121.33612,48.16543],[-121.33316,48.16537],[-121.33145,48.16524],[-121.32972,48.1652],[-121.32655,48.16434],[-121.32418,48.16377],[-121.3228,48.1629],[-121.32014,48.16259],[-121.31751,48.16225],[-121.31641,48.16207],[-121.31524,48.16172],[-121.31408,48.16113],[-121.31203,48.16039],[-121.31078,48.16043],[-121.30976,48.16035],[-121.30835,48.15972],[-121.3079,48.15918],[-121.30688,48.15861],[-121.30612,48.15745],[-121.30632,48.15639],[-121.30479,48.1566],[-121.30296,48.15626],[-121.30133,48.15561],[-121.29934,48.15533],[-121.29701,48.15457],[-121.29555,48.15402],[-121.29429,48.15367],[-121.29318,48.15289],[-121.29265,48.1526],[-121.29205,48.15271],[-121.29043,48.15254],[-121.28949,48.15222],[-121.28734,48.15159],[-121.28548,48.15054],[-121.28348,48.14945],[-121.28241,48.14786],[-121.28149,48.14703],[-121.27628,48.14704],[-121.27532,48.14683],[-121.27425,48.14707],[-121.27319,48.14709],[-121.27217,48.14665],[-121.27152,48.14697],[-121.27016,48.14674],[-121.26905,48.14665],[-121.26771,48.14618],[-121.2668,48.14612],[-121.26573,48.14588],[-121.26472,48.14573],[-121.26325,48.14565],[-121.26197,48.14584],[-121.26034,48.14531],[-121.25967,48.14505],[-121.25942,48.14575],[-121.25953,48.15152],[-121.25945,48.15896],[-121.26035,48.15898],[-121.26165,48.15903],[-121.26238,48.15873],[-121.26263,48.15952],[-121.2626,48.16001],[-121.26264,48.16088],[-121.2631,48.16402],[-121.26403,48.16539],[-121.2651,48.16696],[-121.26574,48.16859],[-121.2759,48.16872],[-121.27598,48.17887],[-121.27811,48.17881],[-121.28022,48.179],[-121.28196,48.1798],[-121.28365,48.18094],[-121.28441,48.18111],[-121.28462,48.18194],[-121.28532,48.18254],[-121.28657,48.18344],[-121.28798,48.18486],[-121.28978,48.1862],[-121.29097,48.18673],[-121.29247,48.18683],[-121.29399,48.1873],[-121.29538,48.18765],[-121.29827,48.18713],[-121.29928,48.18662],[-121.30061,48.18625],[-121.30275,48.18606],[-121.30423,48.18665],[-121.30621,48.1873],[-121.3086,48.18815],[-121.31019,48.18852],[-121.30986,48.18963],[-121.30926,48.19067],[-121.30875,48.19159],[-121.30899,48.19251],[-121.3103,48.19316],[-121.31129,48.194],[-121.312,48.19499],[-121.31286,48.19577],[-121.31311,48.19658],[-121.31329,48.19787],[-121.31343,48.19887],[-121.31414,48.19972],[-121.31507,48.20066],[-121.31518,48.20197],[-121.31469,48.20335],[-121.30887,48.20461],[-121.30663,48.20502],[-121.30606,48.20458],[-121.30473,48.20411],[-121.30273,48.20367],[-121.30147,48.20327],[-121.30039,48.20357],[-121.29982,48.20391],[-121.2986,48.2038],[-121.2969,48.20402],[-121.29517,48.20534],[-121.29403,48.20687],[-121.29312,48.20781],[-121.28516,48.20766],[-121.28465,48.20818],[-121.28382,48.20912],[-121.28275,48.20996],[-121.28126,48.2113],[-121.27977,48.21228],[-121.26703,48.21228],[-121.266,48.21196],[-121.2652,48.21177],[-121.26403,48.21142],[-121.26257,48.2111],[-121.26161,48.21076],[-121.26046,48.21045],[-121.25905,48.21025],[-121.25794,48.21007],[-121.2569,48.21006],[-121.25602,48.21034],[-121.25543,48.211],[-121.25503,48.21172],[-121.25459,48.21248],[-121.25402,48.21312],[-121.25336,48.21392],[-121.25268,48.21462],[-121.25184,48.21478],[-121.2512,48.21509],[-121.25026,48.21596],[-121.24927,48.21653],[-121.2471,48.21711],[-121.24646,48.21783],[-121.24511,48.21868],[-121.24342,48.2199],[-121.24222,48.22079],[-121.24063,48.22119],[-121.23806,48.22151],[-121.2361,48.22175],[-121.23406,48.22129],[-121.23164,48.22122],[-121.23035,48.22193],[-121.22849,48.22306],[-121.22714,48.22406],[-121.22613,48.22438],[-121.22551,48.22486],[-121.22474,48.2255],[-121.22342,48.22563],[-121.22201,48.22647],[-121.2213,48.22697],[-121.21998,48.22712],[-121.2185,48.22764],[-121.21624,48.22838],[-121.2151,48.22918],[-121.20788,48.23361],[-121.19322,48.24221],[-121.18622,48.2422],[-121.18617,48.24988],[-121.18641,48.25297],[-121.18738,48.25291],[-121.18788,48.2523],[-121.18963,48.25203],[-121.19098,48.25151],[-121.19215,48.25118],[-121.1936,48.25176],[-121.19484,48.25256],[-121.19639,48.25368],[-121.19813,48.25502],[-121.19974,48.25604],[-121.20133,48.25701],[-121.20324,48.25772],[-121.2055,48.25848],[-121.20749,48.25873],[-121.21054,48.25875],[-121.21399,48.25959],[-121.21668,48.26023],[-121.21821,48.26028],[-121.21947,48.26063],[-121.2208,48.26164],[-121.22233,48.26253],[-121.22279,48.26332],[-121.22632,48.26338],[-121.22561,48.26424],[-121.22415,48.26521],[-121.22282,48.26617],[-121.22296,48.26718],[-121.22411,48.26809],[-121.22582,48.26844],[-121.22715,48.26881],[-121.22959,48.27071],[-121.23261,48.27225],[-121.23802,48.27439],[-121.24315,48.27671],[-121.24726,48.27846],[-121.24963,48.27951],[-121.25122,48.28088],[-121.25276,48.28064],[-121.2541,48.28073],[-121.25618,48.28127],[-121.25832,48.28147],[-121.25908,48.28137],[-121.26114,48.2811],[-121.26331,48.28056],[-121.26521,48.28027],[-121.26701,48.28043],[-121.26981,48.28026],[-121.27204,48.28019],[-121.27325,48.27957],[-121.27492,48.2791],[-121.27876,48.2786],[-121.28071,48.27888],[-121.28161,48.27937],[-121.28207,48.2789],[-121.28292,48.27838],[-121.28472,48.27801],[-121.28777,48.27778],[-121.28899,48.27709],[-121.2896,48.27628],[-121.29045,48.2755],[-121.29273,48.27508],[-121.29468,48.27506],[-121.29511,48.27442],[-121.29659,48.2744],[-121.31578,48.27222],[-121.32954,48.27064],[-121.33887,48.28445],[-121.34198,48.28957],[-121.34378,48.29303],[-121.34154,48.2933],[-121.33827,48.29431],[-121.33642,48.29486],[-121.33542,48.29585],[-121.33474,48.29712],[-121.33428,48.29815],[-121.33289,48.29921],[-121.33206,48.29952],[-121.33091,48.30049],[-121.33005,48.3019],[-121.33016,48.30294],[-121.3305,48.30376],[-121.3296,48.30461],[-121.32784,48.30595],[-121.32661,48.3078],[-121.325,48.30954],[-121.32367,48.3107],[-121.32258,48.31197],[-121.32261,48.31425],[-121.32327,48.31622],[-121.32458,48.31726],[-121.32492,48.31834],[-121.32441,48.31963],[-121.32365,48.32093],[-121.32373,48.32193],[-121.33138,48.32127],[-121.33637,48.32089],[-121.34059,48.32154],[-121.34466,48.32182],[-121.34589,48.32276],[-121.34766,48.32426],[-121.34837,48.32539],[-121.34775,48.32688],[-121.34692,48.32868],[-121.34632,48.33013],[-121.34428,48.33142],[-121.34325,48.33301],[-121.34311,48.33411],[-121.34582,48.33407],[-121.34782,48.33388],[-121.34953,48.33355],[-121.35159,48.33353],[-121.3528,48.3333],[-121.35523,48.33364],[-121.35742,48.33359],[-121.35969,48.33432],[-121.36118,48.33467],[-121.36235,48.33564],[-121.36329,48.33723],[-121.36426,48.33872],[-121.36542,48.34003],[-121.36665,48.34111],[-121.3678,48.3412],[-121.36949,48.34097],[-121.3711,48.34089],[-121.37292,48.34073],[-121.3753,48.34063],[-121.37621,48.34088],[-121.37753,48.34105],[-121.37885,48.34133],[-121.38053,48.34208],[-121.38262,48.34289],[-121.38455,48.34338],[-121.38645,48.34376],[-121.38801,48.34396],[-121.38959,48.34387],[-121.39135,48.3438],[-121.39261,48.34388],[-121.39414,48.34439],[-121.39585,48.34478],[-121.39697,48.3451],[-121.39807,48.34533],[-121.39926,48.35411],[-121.40105,48.36835],[-121.40181,48.37355],[-121.40154,48.37426],[-121.40181,48.37485],[-121.40284,48.3755],[-121.40279,48.37681],[-121.4027,48.37807],[-121.40234,48.37873],[-121.40215,48.38025],[-121.40207,48.38094],[-121.40136,48.3817],[-121.4006,48.38251],[-121.40006,48.38338],[-121.40039,48.38424],[-121.4011,48.38483],[-121.40212,48.38546],[-121.403,48.38612],[-121.403,48.38687],[-121.40311,48.38802],[-121.40366,48.38867],[-121.40369,48.38913],[-121.4038,48.38999],[-121.40436,48.3903],[-121.40443,48.39124],[-121.40502,48.39168],[-121.40636,48.39238],[-121.40782,48.39298],[-121.40804,48.39366],[-121.40781,48.39443],[-121.40804,48.39558],[-121.40861,48.39664],[-121.40924,48.39757],[-121.40963,48.3985],[-121.41047,48.39865],[-121.41207,48.39919],[-121.4126,48.39982],[-121.41255,48.4008],[-121.41204,48.40154],[-121.41178,48.40246],[-121.4122,48.40309],[-121.41303,48.40399],[-121.41394,48.40509],[-121.41436,48.40659],[-121.41399,48.40756],[-121.41322,48.40923],[-121.41275,48.40964],[-121.41182,48.4096],[-121.39029,48.40724],[-121.37846,48.40722],[-121.37744,48.40584],[-121.37711,48.40522],[-121.3756,48.40365],[-121.37556,48.40299],[-121.37565,48.402],[-121.37523,48.40108],[-121.37498,48.40007],[-121.37479,48.39896],[-121.3747,48.39775],[-121.37456,48.39695],[-121.37375,48.39614],[-121.37283,48.39549],[-121.37123,48.39469],[-121.37035,48.39448],[-121.36887,48.39459],[-121.367,48.39472],[-121.36438,48.39438],[-121.36234,48.39412],[-121.36056,48.39431],[-121.3595,48.39407],[-121.35827,48.39378],[-121.35699,48.39372],[-121.35593,48.39369],[-121.35559,48.39445],[-121.35519,48.39496],[-121.3555,48.39616],[-121.35626,48.39714],[-121.35725,48.39783],[-121.35721,48.40483],[-121.35711,48.41202],[-121.35675,48.42646],[-121.3564,48.44168],[-121.35778,48.44144],[-121.35935,48.44107],[-121.36128,48.44094],[-121.36682,48.44103],[-121.36823,48.44134],[-121.36973,48.44221],[-121.37035,48.44293],[-121.37021,48.44386],[-121.36963,48.44439],[-121.36908,48.44504],[-121.36884,48.44596],[-121.36833,48.44668],[-121.36784,48.44733],[-121.36705,48.44801],[-121.3666,48.44867],[-121.3661,48.45013],[-121.36544,48.45063],[-121.36479,48.45198],[-121.3635,48.45371],[-121.3609,48.45718],[-121.35922,48.45984],[-121.35869,48.46168],[-121.35818,48.46325],[-121.35838,48.46437],[-121.35818,48.46587],[-121.35788,48.46693],[-121.3581,48.46746],[-121.3589,48.46819],[-121.37366,48.46813],[-121.37986,48.4681],[-121.39551,48.46803],[-121.40162,48.46813],[-121.41193,48.46833],[-121.41739,48.46845],[-121.42338,48.46847],[-121.4389,48.46852],[-121.443,48.4685],[-121.44319,48.46212],[-121.44341,48.45493],[-121.46336,48.45491],[-121.46336,48.45494],[-121.46509,48.45494],[-121.46621,48.45493],[-121.4661,48.45858],[-121.46328,48.45854],[-121.4632,48.46216],[-121.4742,48.46218],[-121.47429,48.45874],[-121.47447,48.45482],[-121.48513,48.45497],[-121.48673,48.45497],[-121.49774,48.45493],[-121.49777,48.45133],[-121.50326,48.45132],[-121.50324,48.45492],[-121.50696,48.45491],[-121.50867,48.4549],[-121.51411,48.45493],[-121.51418,48.44778],[-121.51961,48.44774],[-121.51972,48.44173],[-121.52516,48.44174],[-121.5251,48.44408],[-121.53058,48.44412],[-121.5306,48.44176],[-121.53078,48.4273],[-121.53058,48.41287],[-121.53059,48.40922],[-121.53066,48.39831],[-121.53035,48.3873],[-121.53043,48.38387],[-121.52613,48.38386],[-121.51949,48.38385],[-121.5097,48.38385],[-121.5086,48.38384],[-121.49868,48.38387],[-121.49771,48.38387],[-121.48765,48.3839],[-121.48682,48.3839],[-121.4759,48.38389],[-121.46555,48.38387],[-121.46577,48.36908],[-121.45493,48.36902],[-121.44423,48.36894],[-121.44418,48.36861],[-121.44416,48.36515],[-121.44406,48.35411],[-121.44407,48.35398],[-121.44424,48.34744],[-121.44419,48.34674],[-121.43365,48.34672],[-121.43372,48.33948],[-121.43368,48.33217],[-121.43368,48.32498],[-121.43371,48.32135],[-121.4283,48.32135],[-121.42832,48.31772],[-121.42561,48.31772],[-121.4229,48.31772],[-121.42292,48.31408],[-121.42295,48.31045],[-121.41766,48.31042],[-121.41237,48.31039],[-121.41223,48.30322],[-121.41222,48.2996],[-121.40679,48.29961],[-121.40677,48.29596],[-121.41237,48.29597],[-121.41374,48.29596],[-121.42302,48.29599],[-121.42435,48.29599],[-121.43387,48.296],[-121.44465,48.29604],[-121.44516,48.29604],[-121.46677,48.29615],[-121.46721,48.29615],[-121.48785,48.29608],[-121.48893,48.29609],[-121.51238,48.29628],[-121.51319,48.29629],[-121.51309,48.28557],[-121.51307,48.28533],[-121.51306,48.27097],[-121.52367,48.27077],[-121.53116,48.27063],[-121.5315,48.27063],[-121.53363,48.27059],[-121.53413,48.27058],[-121.53428,48.27058],[-121.53946,48.27052],[-121.55055,48.27034],[-121.55043,48.26666],[-121.55576,48.26656],[-121.55592,48.26924],[-121.55726,48.26922],[-121.55726,48.26831],[-121.55862,48.26828],[-121.55864,48.26654],[-121.5613,48.26651],[-121.56134,48.27018],[-121.5669,48.2701],[-121.57785,48.26994],[-121.57771,48.26275],[-121.57769,48.25918],[-121.57768,48.25637],[-121.57691,48.25601],[-121.57282,48.25666],[-121.57246,48.25514],[-121.57505,48.25465],[-121.57419,48.25401],[-121.57268,48.25441],[-121.57182,48.25339],[-121.57127,48.25355],[-121.56864,48.2503],[-121.57754,48.24777],[-121.57745,48.2412],[-121.57745,48.24108],[-121.57729,48.23396],[-121.57756,48.2267],[-121.57737,48.22264],[-121.57718,48.21826],[-121.57727,48.21499],[-121.58256,48.21493],[-121.58264,48.21831],[-121.58817,48.2183],[-121.58823,48.22227],[-121.58779,48.2263],[-121.59322,48.22626],[-121.59869,48.22631],[-121.59875,48.22982],[-121.59882,48.23136],[-121.59895,48.23363],[-121.60075,48.2336],[-121.60984,48.23345],[-121.62077,48.23326],[-121.63197,48.23329],[-121.63744,48.2333],[-121.64248,48.2332],[-121.6535,48.23325],[-121.65494,48.23319],[-121.64718,48.23],[-121.63821,48.23205],[-121.63202,48.226],[-121.6306,48.22504],[-121.63029,48.22459],[-121.6304,48.22354],[-121.62954,48.2225],[-121.62919,48.22085],[-121.62868,48.21872],[-121.62815,48.2168],[-121.62744,48.21491],[-121.62751,48.21451],[-121.62814,48.21362],[-121.62944,48.21169],[-121.63001,48.21064],[-121.63013,48.20855],[-121.62962,48.20715],[-121.62907,48.20668],[-121.62947,48.20542],[-121.63007,48.2037],[-121.6315,48.20195],[-121.63259,48.20008],[-121.63333,48.19809],[-121.63402,48.19729],[-121.63471,48.19633],[-121.63547,48.19547],[-121.63685,48.19468],[-121.63806,48.1938],[-121.63891,48.19264],[-121.64071,48.19174],[-121.64104,48.19041],[-121.64172,48.18854],[-121.6398,48.18759],[-121.63776,48.18614],[-121.63765,48.18701],[-121.63641,48.18829],[-121.63486,48.18881],[-121.63342,48.18925],[-121.63195,48.18921],[-121.63086,48.18901],[-121.63062,48.18989],[-121.63086,48.19032],[-121.63026,48.19188],[-121.6295,48.19232],[-121.62852,48.19339],[-121.62789,48.19345],[-121.62693,48.19445],[-121.62622,48.1945],[-121.62594,48.19483],[-121.62546,48.19557],[-121.62482,48.1962],[-121.6239,48.19688],[-121.62316,48.19725],[-121.62162,48.19741],[-121.62187,48.19806],[-121.62198,48.19883],[-121.62179,48.19978],[-121.62104,48.20082],[-121.62086,48.2022],[-121.62086,48.21086],[-121.6208,48.21086],[-121.62081,48.22119],[-121.62006,48.22124],[-121.62186,48.22325],[-121.62781,48.22359],[-121.6299,48.22526],[-121.63097,48.22538],[-121.63132,48.22696],[-121.61921,48.22635],[-121.61878,48.22485],[-121.6176,48.22473],[-121.61436,48.22112],[-121.61289,48.22109],[-121.61261,48.22034],[-121.6124,48.21982],[-121.61234,48.21948],[-121.61085,48.21803],[-121.6087,48.21639],[-121.60797,48.21569],[-121.60806,48.21464],[-121.60756,48.21371],[-121.60711,48.21228],[-121.60678,48.21107],[-121.6058,48.21052],[-121.60387,48.20927],[-121.60288,48.20834],[-121.60312,48.20759],[-121.60343,48.20621],[-121.60359,48.20459],[-121.60366,48.20333],[-121.60217,48.20208],[-121.60139,48.20096],[-121.59972,48.19978],[-121.59848,48.19793],[-121.59669,48.1977],[-121.59351,48.19672],[-121.592,48.19645],[-121.59013,48.19574],[-121.58749,48.19499],[-121.58527,48.19427],[-121.5836,48.19386],[-121.58238,48.19313],[-121.58158,48.19291],[-121.5823,48.19248],[-121.58277,48.19199],[-121.58195,48.19149],[-121.58156,48.19071],[-121.58186,48.18947],[-121.582,48.18879],[-121.5822,48.18771],[-121.58315,48.18655],[-121.58403,48.18576],[-121.58494,48.18522],[-121.58584,48.18463],[-121.58626,48.18413],[-121.58677,48.1833],[-121.5872,48.18231],[-121.58793,48.18126],[-121.58873,48.18037],[-121.58948,48.17964],[-121.59047,48.17959],[-121.59094,48.17984],[-121.59193,48.17986],[-121.59143,48.179],[-121.59086,48.17715],[-121.59105,48.17519],[-121.59218,48.17368],[-121.5936,48.17297],[-121.59439,48.17214],[-121.59503,48.17116],[-121.59642,48.16978],[-121.59692,48.16957],[-121.59762,48.16897],[-121.59874,48.16825],[-121.60034,48.16781],[-121.60162,48.16765],[-121.60253,48.16764],[-121.60332,48.16704],[-121.60417,48.16657],[-121.6048,48.16642],[-121.60535,48.16583],[-121.60655,48.1649],[-121.60743,48.16427],[-121.60831,48.1636],[-121.60948,48.16309],[-121.61175,48.16276],[-121.61411,48.16243],[-121.61504,48.16243],[-121.61595,48.16246],[-121.61603,48.16151],[-121.61584,48.16034],[-121.61525,48.15947],[-121.61563,48.15846],[-121.61592,48.15794],[-121.61664,48.15766],[-121.61734,48.15745],[-121.61694,48.15675],[-121.61719,48.15584],[-121.6176,48.15449],[-121.61794,48.15354],[-121.61794,48.15253],[-121.61769,48.15189],[-121.61739,48.15096],[-121.61785,48.15056],[-121.61894,48.15003],[-121.61947,48.1491],[-121.61958,48.1478],[-121.62041,48.14722],[-121.62212,48.14682],[-121.62409,48.14659],[-121.62506,48.14689],[-121.6256,48.14711],[-121.6262,48.14697],[-121.62802,48.14679],[-121.62945,48.14671],[-121.63115,48.14694],[-121.63281,48.1472],[-121.63391,48.14704],[-121.63517,48.14692],[-121.63744,48.14699],[-121.63811,48.14667],[-121.64067,48.14632],[-121.64344,48.1461],[-121.64605,48.14627],[-121.64826,48.1467],[-121.6491,48.14716],[-121.64963,48.14752],[-121.65006,48.14727],[-121.65109,48.14683],[-121.65183,48.14563],[-121.65316,48.14419],[-121.65169,48.14353],[-121.64981,48.14291],[-121.64682,48.14225],[-121.64469,48.1419],[-121.64321,48.14138],[-121.64187,48.1407],[-121.64038,48.13994],[-121.639,48.13888],[-121.62619,48.13881],[-121.62136,48.13875],[-121.61767,48.13721],[-121.61021,48.13698],[-121.61074,48.13107],[-121.61152,48.12482],[-121.61181,48.12121],[-121.60506,48.12121],[-121.58376,48.12094],[-121.58369,48.11741],[-121.59423,48.11734],[-121.59408,48.10878],[-121.59482,48.10825],[-121.59531,48.10754],[-121.59573,48.10683],[-121.59659,48.106],[-121.59685,48.1057],[-121.59703,48.10479],[-121.59739,48.10405],[-121.59742,48.10271],[-121.59309,48.10266],[-121.59214,48.10288],[-121.59028,48.10307],[-121.58854,48.10316],[-121.58742,48.10324],[-121.58627,48.1037],[-121.58523,48.10458],[-121.58433,48.10537],[-121.58294,48.10615],[-121.58148,48.10654],[-121.58005,48.10666],[-121.57861,48.10626],[-121.57856,48.10621],[-121.57739,48.1052],[-121.575,48.10311],[-121.56939,48.09786],[-121.56871,48.09614],[-121.56789,48.09441],[-121.56738,48.09203],[-121.56671,48.08858],[-121.56661,48.08802],[-121.56555,48.08184],[-121.56682,48.08133],[-121.56826,48.08118],[-121.56874,48.08124],[-121.56966,48.08136],[-121.57016,48.08104],[-121.5712,48.08061],[-121.57164,48.08021],[-121.57046,48.08005],[-121.57033,48.07876],[-121.56919,48.08079],[-121.5632,48.07922],[-121.56514,48.07559],[-121.57124,48.07627],[-121.57738,48.07702],[-121.58347,48.07635],[-121.58372,48.07636],[-121.58373,48.07536],[-121.58374,48.07445],[-121.58877,48.07445],[-121.58883,48.07272],[-121.59468,48.07269],[-121.59471,48.07548],[-121.59675,48.07505],[-121.60052,48.07429],[-121.60377,48.07389],[-121.60565,48.07398],[-121.60836,48.0744],[-121.61049,48.07567],[-121.61159,48.07724],[-121.61242,48.07867],[-121.61331,48.07939],[-121.61405,48.08119],[-121.6134,48.08246],[-121.61398,48.08347],[-121.61396,48.0849],[-121.61637,48.08616],[-121.61794,48.08654],[-121.61936,48.08765],[-121.62063,48.08816],[-121.62449,48.08877],[-121.62627,48.09014],[-121.62637,48.08693],[-121.63278,48.08678],[-121.63492,48.08685],[-121.63504,48.08621],[-121.63621,48.08622],[-121.63911,48.08638],[-121.64088,48.08643],[-121.64245,48.08592],[-121.64355,48.08568],[-121.64417,48.08497],[-121.64488,48.08429],[-121.64591,48.08349],[-121.64661,48.08277],[-121.64678,48.08217],[-121.64706,48.08119],[-121.64782,48.07971],[-121.6485,48.07834],[-121.64896,48.07804],[-121.65015,48.07855],[-121.65144,48.07902],[-121.65239,48.07991],[-121.65467,48.0812],[-121.65706,48.08172],[-121.6587,48.08236],[-121.6587,48.08276],[-121.65751,48.08279],[-121.65664,48.0829],[-121.65537,48.08287],[-121.65422,48.08307],[-121.65294,48.0835],[-121.653,48.08396],[-121.65214,48.08488],[-121.65121,48.08575],[-121.64992,48.08666],[-121.64816,48.08727],[-121.64748,48.08769],[-121.6475,48.08869],[-121.64712,48.0895],[-121.6465,48.09014],[-121.64635,48.09106],[-121.64624,48.09223],[-121.64556,48.09295],[-121.64451,48.09343],[-121.64241,48.09351],[-121.6417,48.09381],[-121.64095,48.09421],[-121.64149,48.09461],[-121.64288,48.09513],[-121.64483,48.09557],[-121.64696,48.09579],[-121.64871,48.09584],[-121.64999,48.09537],[-121.65133,48.09467],[-121.65257,48.09384],[-121.65276,48.09297],[-121.653,48.09186],[-121.6537,48.09066],[-121.65484,48.08953],[-121.65624,48.08881],[-121.65727,48.08787],[-121.65846,48.08702],[-121.66041,48.0862],[-121.66193,48.08583],[-121.66334,48.08548],[-121.66435,48.08471],[-121.66553,48.08419],[-121.66692,48.08362],[-121.66697,48.08637],[-121.66697,48.08936],[-121.67972,48.08947],[-121.68033,48.07949],[-121.68026,48.07606],[-121.68522,48.07603],[-121.68549,48.07967],[-121.69097,48.07967],[-121.69607,48.07967],[-121.69615,48.07235],[-121.70139,48.0723],[-121.70134,48.07966],[-121.70715,48.07966],[-121.70687,48.08688],[-121.70658,48.09421],[-121.69693,48.09401],[-121.69679,48.09476],[-121.69394,48.09485],[-121.69168,48.09481],[-121.69037,48.09527],[-121.68851,48.09543],[-121.68725,48.09506],[-121.68466,48.09502],[-121.68278,48.09497],[-121.68067,48.09501],[-121.67898,48.09527],[-121.67605,48.09504],[-121.67448,48.09472],[-121.67437,48.10214],[-121.67501,48.10231],[-121.67711,48.10232],[-121.67845,48.10235],[-121.67924,48.10238],[-121.68061,48.10197],[-121.68187,48.10177],[-121.6825,48.10151],[-121.68507,48.10148],[-121.68556,48.10185],[-121.6873,48.10208],[-121.6878,48.10276],[-121.68926,48.10317],[-121.69156,48.1037],[-121.69481,48.10422],[-121.69741,48.10472],[-121.69974,48.10504],[-121.70134,48.10483],[-121.7024,48.10451],[-121.70311,48.10458],[-121.70322,48.10551],[-121.70357,48.10663],[-121.70438,48.10691],[-121.70522,48.10744],[-121.70561,48.10813],[-121.70638,48.10862],[-121.70738,48.10928],[-121.70758,48.11003],[-121.70714,48.1105],[-121.70593,48.11078],[-121.70508,48.11103],[-121.70397,48.11148],[-121.70247,48.11177],[-121.70164,48.11216],[-121.70096,48.11276],[-121.70047,48.11386],[-121.70038,48.115],[-121.70032,48.11581],[-121.70059,48.11635],[-121.70063,48.11762],[-121.70051,48.11921],[-121.69963,48.11975],[-121.69877,48.11997],[-121.69767,48.12001],[-121.69673,48.1202],[-121.69549,48.12092],[-121.6952,48.1213],[-121.69575,48.12186],[-121.69632,48.12262],[-121.69704,48.12325],[-121.69774,48.12361],[-121.69842,48.1244],[-121.69859,48.12483],[-121.69952,48.12659],[-121.69983,48.12834],[-121.70052,48.13001],[-121.70126,48.13161],[-121.70128,48.13267],[-121.70214,48.13371],[-121.70342,48.13507],[-121.70445,48.13457],[-121.70517,48.13445],[-121.70549,48.13541],[-121.70658,48.13658],[-121.7082,48.13766],[-121.70939,48.13772],[-121.71028,48.1383],[-121.71105,48.13866],[-121.71267,48.14488],[-121.7132,48.14474],[-121.71403,48.14511],[-121.71589,48.14576],[-121.71791,48.14622],[-121.71859,48.14688],[-121.7202,48.14809],[-121.72102,48.14892],[-121.72092,48.14947],[-121.72514,48.15108],[-121.72649,48.15082],[-121.72673,48.15052],[-121.72745,48.15031],[-121.72913,48.15044],[-121.73003,48.15103],[-121.7306,48.15154],[-121.73126,48.15174],[-121.73253,48.15192],[-121.73356,48.15227],[-121.73534,48.15269],[-121.73638,48.15373],[-121.7366,48.15429],[-121.73687,48.15479],[-121.73718,48.15564],[-121.7371,48.15716],[-121.73689,48.15786],[-121.73741,48.15844],[-121.7372,48.15911],[-121.73683,48.15965],[-121.73678,48.16046],[-121.74673,48.16125],[-121.7512,48.16202],[-121.7537,48.16244],[-121.75499,48.16272],[-121.75718,48.1632],[-121.76015,48.16354],[-121.76335,48.16371],[-121.76692,48.16426],[-121.77043,48.16489],[-121.77374,48.16551],[-121.77529,48.1657],[-121.77572,48.16557],[-121.7769,48.1653],[-121.77805,48.16498],[-121.77911,48.16477],[-121.78093,48.16459],[-121.78312,48.1643],[-121.78485,48.16446],[-121.78599,48.16454],[-121.78795,48.16461],[-121.79026,48.16483],[-121.79137,48.1656],[-121.79206,48.16624],[-121.79305,48.16575],[-121.79407,48.16529],[-121.79601,48.16475],[-121.79767,48.16475],[-121.80059,48.16551],[-121.80303,48.16676],[-121.80515,48.16769],[-121.80624,48.16812],[-121.80332,48.17079],[-121.80437,48.17124],[-121.8054,48.17143],[-121.80717,48.1717],[-121.80847,48.17252],[-121.8095,48.17372],[-121.81028,48.17471],[-121.81026,48.17629],[-121.80978,48.17773],[-121.80904,48.17971],[-121.80867,48.18058],[-121.80817,48.18162],[-121.80732,48.18205],[-121.80658,48.18241],[-121.80621,48.18343],[-121.8061,48.18463],[-121.80559,48.18511],[-121.80435,48.18526],[-121.80317,48.18513],[-121.80229,48.18464],[-121.80127,48.1841],[-121.8001,48.18401],[-121.79855,48.18471],[-121.79687,48.18548],[-121.79529,48.18551],[-121.79399,48.18569],[-121.79306,48.1858],[-121.79293,48.18674],[-121.79229,48.18738],[-121.79187,48.18772],[-121.79036,48.18766],[-121.78902,48.18763],[-121.78864,48.18811],[-121.78871,48.18881],[-121.77288,48.18888],[-121.77279,48.1914],[-121.77018,48.19355],[-121.76923,48.19423],[-121.76951,48.19636],[-121.77024,48.19747],[-121.77092,48.19798],[-121.77184,48.19926],[-121.77327,48.19984],[-121.77613,48.20066],[-121.77821,48.20116],[-121.78007,48.20133],[-121.78183,48.20182],[-121.78301,48.20222],[-121.78361,48.20159],[-121.78425,48.20104],[-121.78547,48.19984],[-121.78604,48.19934],[-121.7876,48.19998],[-121.7882,48.20033],[-121.78927,48.20004],[-121.79053,48.19966],[-121.79121,48.19934],[-121.79206,48.19911],[-121.7936,48.19882],[-121.79563,48.19865],[-121.79808,48.19834],[-121.80111,48.19843],[-121.80253,48.19869],[-121.80367,48.19804],[-121.80568,48.19792],[-121.8077,48.19762],[-121.81002,48.19742],[-121.81143,48.19724],[-121.81186,48.19738],[-121.81343,48.19741],[-121.81422,48.19719],[-121.81513,48.19705],[-121.81522,48.19503],[-121.81604,48.19487],[-121.817,48.19466],[-121.81817,48.1943],[-121.81937,48.19409],[-121.81992,48.19366],[-121.82042,48.19338],[-121.82145,48.19295],[-121.82293,48.1925],[-121.82456,48.19204],[-121.82637,48.19141],[-121.82821,48.19098],[-121.82921,48.19095],[-121.83001,48.19101],[-121.83099,48.19075],[-121.83205,48.1907],[-121.83299,48.191],[-121.83376,48.19124],[-121.83566,48.19142],[-121.83666,48.19132],[-121.83667,48.19082],[-121.837,48.19035],[-121.83764,48.18997],[-121.83853,48.19065],[-121.83931,48.19158],[-121.83989,48.19256],[-121.84071,48.19372],[-121.84162,48.19453],[-121.84351,48.19523],[-121.84502,48.19544],[-121.847,48.19591],[-121.85029,48.19658],[-121.85262,48.19663],[-121.85468,48.19644],[-121.85657,48.19596],[-121.85751,48.19566],[-121.8585,48.19593],[-121.85963,48.19729],[-121.86093,48.19836],[-121.86128,48.19916],[-121.86064,48.19963],[-121.85996,48.20003],[-121.85991,48.20039],[-121.86035,48.20097],[-121.86092,48.2016],[-121.8606,48.20241],[-121.86011,48.20308],[-121.85957,48.20387],[-121.85925,48.20496],[-121.85865,48.20541],[-121.85802,48.2057],[-121.85621,48.20553],[-121.84613,48.20559],[-121.84583,48.2066],[-121.84528,48.20672],[-121.84529,48.20748],[-121.8457,48.2083],[-121.84722,48.2091],[-121.84808,48.21037],[-121.85668,48.21035],[-121.86042,48.21037],[-121.8711,48.21043],[-121.87139,48.19518],[-121.86068,48.19504],[-121.86103,48.18058],[-121.86132,48.16594],[-121.8397,48.16583],[-121.83974,48.16067],[-121.83979,48.15344],[-121.83981,48.15135],[-121.83984,48.14982],[-121.84003,48.13897],[-121.84006,48.13693],[-121.84022,48.12298],[-121.82963,48.12299],[-121.81896,48.12297],[-121.819,48.11923],[-121.81904,48.11549],[-121.79768,48.11553],[-121.77625,48.11552],[-121.77582,48.1084],[-121.75446,48.10861],[-121.75439,48.10145],[-121.74381,48.1014],[-121.74371,48.09424],[-121.74376,48.08696],[-121.74902,48.08699],[-121.74903,48.08518],[-121.74898,48.07973],[-121.75427,48.07977],[-121.7651,48.0797],[-121.76522,48.08695],[-121.77598,48.08686],[-121.77588,48.09137],[-121.77581,48.09408],[-121.78139,48.09399],[-121.78684,48.0939],[-121.79708,48.09391],[-121.81299,48.09379],[-121.81839,48.09375],[-121.82388,48.09382],[-121.83438,48.09395],[-121.83982,48.09401],[-121.83983,48.08985],[-121.82973,48.0899],[-121.82961,48.08275],[-121.83985,48.0827],[-121.83986,48.07949],[-121.83964,48.06495],[-121.81821,48.06526],[-121.79714,48.06563],[-121.79703,48.05842],[-121.7872,48.05845],[-121.77619,48.05849],[-121.75447,48.05836],[-121.75448,48.05102],[-121.75451,48.04378],[-121.74391,48.04367],[-121.74382,48.03659],[-121.73316,48.03659],[-121.73307,48.05095],[-121.71191,48.05099],[-121.71204,48.03662],[-121.71109,48.03657],[-121.71107,48.03253],[-121.71106,48.0317],[-121.71105,48.02938],[-121.71101,48.02247],[-121.71102,48.02218],[-121.71105,48.01523],[-121.68879,48.01525],[-121.66709,48.01537],[-121.64574,48.01546],[-121.63476,48.01549],[-121.63488,48.02259],[-121.62411,48.02258],[-121.62416,48.0295],[-121.61329,48.0295],[-121.60242,48.02949],[-121.60254,48.0226],[-121.58007,48.02266],[-121.58007,48.02296],[-121.57477,48.02291],[-121.57481,48.02651],[-121.57365,48.02649],[-121.57304,48.03329],[-121.56877,48.03652],[-121.56164,48.04166],[-121.55927,48.04358],[-121.55482,48.04726],[-121.55875,48.04707],[-121.55922,48.04843],[-121.55804,48.04853],[-121.55852,48.04989],[-121.55489,48.0502],[-121.55545,48.0518],[-121.5562,48.05174],[-121.5567,48.05319],[-121.56046,48.05372],[-121.56184,48.05744],[-121.56628,48.05888],[-121.56546,48.06043],[-121.55994,48.05864],[-121.55096,48.05737],[-121.55357,48.06109],[-121.55056,48.06066],[-121.54794,48.05694],[-121.54628,48.05646],[-121.53989,48.05495],[-121.53694,48.05422],[-121.53774,48.05272],[-121.53973,48.05324],[-121.54217,48.05379],[-121.54038,48.0486],[-121.54614,48.05],[-121.54598,48.04953],[-121.5472,48.04942],[-121.54667,48.04788],[-121.54897,48.04767],[-121.55275,48.04448],[-121.54749,48.04313],[-121.54897,48.04035],[-121.55458,48.04178],[-121.55767,48.03647],[-121.56226,48.03543],[-121.56025,48.03484]],[[-121.33639,48.29595],[-121.33606,48.29595],[-121.33698,48.29555],[-121.33756,48.29537],[-121.33757,48.29594],[-121.33639,48.29595]],[[-121.39109,48.10003],[-121.39108,48.10348],[-121.3884,48.10346],[-121.38837,48.10004],[-121.39109,48.10003]],[[-121.64249,48.06513],[-121.64252,48.06701],[-121.63721,48.067],[-121.63718,48.06513],[-121.64249,48.06513]],[[-121.55592,48.03631],[-121.55585,48.03775],[-121.55039,48.03914],[-121.54411,48.03901],[-121.5442,48.03738],[-121.55025,48.03751],[-121.55512,48.03631],[-121.55592,48.03631]],[[-121.728,48.076],[-121.72801,48.07964],[-121.72271,48.07963],[-121.72268,48.07599],[-121.728,48.076]],[[-121.62115,48.22971],[-121.62014,48.22802],[-121.6323,48.22862],[-121.63323,48.23036],[-121.62115,48.22971]],[[-121.40869,48.11419],[-121.40905,48.11434],[-121.41024,48.115],[-121.4103,48.11776],[-121.40489,48.11787],[-121.40466,48.11348],[-121.40502,48.11322],[-121.40597,48.11306],[-121.4072,48.11355],[-121.40869,48.11419]],[[-121.39369,48.46763],[-121.3928,48.46539],[-121.39361,48.46281],[-121.39644,48.46078],[-121.3974,48.4606],[-121.39813,48.46079],[-121.39843,48.46328],[-121.39805,48.46545],[-121.39653,48.46727],[-121.3946,48.46786],[-121.39369,48.46763]],[[-121.41092,48.28878],[-121.41056,48.28982],[-121.41067,48.28998],[-121.41114,48.2907],[-121.41126,48.29141],[-121.41199,48.29229],[-121.40461,48.29224],[-121.40275,48.29235],[-121.40266,48.28875],[-121.41092,48.28878]],[[-121.27804,48.25948],[-121.27324,48.25953],[-121.27325,48.25606],[-121.27324,48.25293],[-121.2779,48.25284],[-121.27804,48.25948]],[[-121.39099,48.09963],[-121.39054,48.09911],[-121.39036,48.09854],[-121.39038,48.09837],[-121.39069,48.09766],[-121.39073,48.09725],[-121.39074,48.09692],[-121.39064,48.09648],[-121.39384,48.09643],[-121.40444,48.09642],[-121.40454,48.10346],[-121.3984,48.10356],[-121.39807,48.10281],[-121.39793,48.10226],[-121.39778,48.10171],[-121.39747,48.10139],[-121.39707,48.10125],[-121.39655,48.10102],[-121.39554,48.10051],[-121.39388,48.10044],[-121.39313,48.10024],[-121.39099,48.09963]],[[-121.53203,48.06533],[-121.53785,48.06716],[-121.54016,48.06721],[-121.5455,48.06699],[-121.54805,48.06762],[-121.54588,48.07129],[-121.54357,48.07522],[-121.54139,48.07466],[-121.54348,48.07091],[-121.54191,48.07082],[-121.54183,48.0703],[-121.53986,48.07038],[-121.53708,48.07047],[-121.53709,48.06896],[-121.52643,48.06546],[-121.52462,48.0682],[-121.5209,48.06723],[-121.52213,48.06527],[-121.52311,48.06359],[-121.52708,48.06445],[-121.52752,48.06387],[-121.53203,48.06533]],[[-121.69318,48.07232],[-121.69316,48.07599],[-121.6907,48.07599],[-121.69037,48.0723],[-121.67945,48.07226],[-121.67937,48.06504],[-121.69051,48.06501],[-121.69037,48.0723],[-121.69318,48.07232]],[[-121.55045,48.25595],[-121.55042,48.26303],[-121.53428,48.26324],[-121.53429,48.2564],[-121.53432,48.25603],[-121.55045,48.25595]]],[[[-121.39395,47.99161],[-121.39393,47.99172],[-121.3939,47.99184],[-121.3939,47.99188],[-121.39404,47.99193],[-121.39426,47.99208],[-121.39436,47.9922],[-121.39443,47.99228],[-121.3946,47.9923],[-121.39497,47.99245],[-121.39533,47.99269],[-121.39556,47.9929],[-121.39576,47.99269],[-121.39395,47.99147],[-121.39395,47.99161]]]]},"properties":{"OBJECTID":2496,"NAME":"Mount Baker Snoqualmie National Forest","OWNER":"Federal Government","MANAGER":"US Forest Service","MANAGEMENT_TYPE":"Non-Designated Forest","GLOBALID":"{B3F1FB58-DD17-4B25-9C02-95B1D8EA48D3}"}},{"type":"Feature","id":2497,"geometry":{"type":"Polygon","coordinates":[[[-121.28479,47.92471],[-121.28334,47.92582],[-121.28136,47.92668],[-121.28109,47.92816],[-121.28051,47.92975],[-121.27841,47.93053],[-121.27727,47.93177],[-121.27537,47.93368],[-121.27327,47.93552],[-121.27178,47.93747],[-121.27075,47.93946],[-121.26933,47.94111],[-121.26525,47.94271],[-121.26386,47.94377],[-121.26199,47.94498],[-121.26049,47.94623],[-121.2597,47.94644],[-121.25909,47.94654],[-121.25858,47.94656],[-121.25802,47.94656],[-121.25759,47.94653],[-121.25735,47.94653],[-121.25698,47.94653],[-121.25643,47.94648],[-121.25586,47.94639],[-121.25547,47.94634],[-121.25515,47.94623],[-121.25484,47.94606],[-121.25457,47.94587],[-121.2543,47.94564],[-121.25421,47.94557],[-121.254,47.94551],[-121.25371,47.94539],[-121.25349,47.94529],[-121.25328,47.94513],[-121.25308,47.94497],[-121.25292,47.94488],[-121.25278,47.94483],[-121.25255,47.94477],[-121.25228,47.94468],[-121.25214,47.94461],[-121.25192,47.94446],[-121.25171,47.9443],[-121.25161,47.94425],[-121.2514,47.94415],[-121.25122,47.94406],[-121.25099,47.94395],[-121.25068,47.9438],[-121.25023,47.94354],[-121.24998,47.94345],[-121.24971,47.94334],[-121.24931,47.94317],[-121.24892,47.94296],[-121.24841,47.94262],[-121.24806,47.94238],[-121.2476,47.94212],[-121.24723,47.94193],[-121.24695,47.94183],[-121.24655,47.94171],[-121.24587,47.94149],[-121.24523,47.94122],[-121.24483,47.94099],[-121.24469,47.94087],[-121.24458,47.94064],[-121.24454,47.94043],[-121.24449,47.94024],[-121.24435,47.93998],[-121.24422,47.93966],[-121.24415,47.93946],[-121.24415,47.9393],[-121.24427,47.93904],[-121.2444,47.93878],[-121.24451,47.93835],[-121.24454,47.93815],[-121.24454,47.93799],[-121.24446,47.93783],[-121.24423,47.93762],[-121.24398,47.93743],[-121.24384,47.93733],[-121.24369,47.93724],[-121.24347,47.93709],[-121.24307,47.93673],[-121.24274,47.93642],[-121.24248,47.93617],[-121.24232,47.93596],[-121.24211,47.93566],[-121.2419,47.93529],[-121.24172,47.93487],[-121.24155,47.93448],[-121.24143,47.93394],[-121.24145,47.93358],[-121.24153,47.93337],[-121.24169,47.93319],[-121.24186,47.93308],[-121.23715,47.92695],[-121.23417,47.92312],[-121.23189,47.92032],[-121.23028,47.91815],[-121.22893,47.91707],[-121.22741,47.91541],[-121.22622,47.91401],[-121.22419,47.91304],[-121.22286,47.91205],[-121.22178,47.91094],[-121.21933,47.90212],[-121.21643,47.89279],[-121.21528,47.88827],[-121.21784,47.88834],[-121.22905,47.88908],[-121.24732,47.89008],[-121.25125,47.89034],[-121.26269,47.89103],[-121.27192,47.89164],[-121.27214,47.8904],[-121.27128,47.88812],[-121.27122,47.88678],[-121.26968,47.88456],[-121.26952,47.88313],[-121.26912,47.88128],[-121.2689,47.88002],[-121.26911,47.87796],[-121.26949,47.87641],[-121.27069,47.87482],[-121.26993,47.87393],[-121.26891,47.87219],[-121.26793,47.87094],[-121.26606,47.86884],[-121.26558,47.86759],[-121.26373,47.86539],[-121.26234,47.86444],[-121.25989,47.86421],[-121.25741,47.86403],[-121.25395,47.86423],[-121.25129,47.86488],[-121.2503,47.86247],[-121.24841,47.86133],[-121.24554,47.86013],[-121.2429,47.85892],[-121.24053,47.8576],[-121.23836,47.85646],[-121.23618,47.85495],[-121.23283,47.85454],[-121.23054,47.85386],[-121.22539,47.85214],[-121.22178,47.85102],[-121.21845,47.85],[-121.21441,47.84889],[-121.20695,47.84711],[-121.20101,47.84583],[-121.19762,47.84469],[-121.19277,47.84318],[-121.18765,47.84163],[-121.18241,47.84026],[-121.177,47.83847],[-121.17526,47.83536],[-121.17247,47.83013],[-121.17024,47.82591],[-121.16847,47.82264],[-121.16871,47.82254],[-121.16903,47.82241],[-121.1692,47.82235],[-121.1693,47.82229],[-121.16941,47.82224],[-121.16951,47.82219],[-121.16955,47.82217],[-121.16962,47.82213],[-121.16968,47.82208],[-121.16974,47.82204],[-121.16984,47.82201],[-121.16989,47.82199],[-121.16995,47.82194],[-121.17006,47.82188],[-121.17019,47.82181],[-121.17029,47.82175],[-121.17038,47.82166],[-121.17043,47.82163],[-121.17057,47.82156],[-121.17067,47.82153],[-121.17078,47.82147],[-121.17091,47.82141],[-121.17105,47.82135],[-121.17118,47.82129],[-121.17123,47.82127],[-121.17127,47.82122],[-121.17135,47.82119],[-121.17145,47.82113],[-121.17156,47.82108],[-121.17174,47.82101],[-121.1719,47.82096],[-121.17196,47.82094],[-121.17209,47.82089],[-121.17214,47.82087],[-121.17226,47.82085],[-121.17239,47.82082],[-121.17247,47.82078],[-121.1725,47.82076],[-121.17261,47.82074],[-121.17268,47.82073],[-121.17277,47.82071],[-121.17285,47.82069],[-121.17293,47.82067],[-121.17305,47.82065],[-121.17319,47.82063],[-121.17329,47.82061],[-121.17343,47.82058],[-121.17356,47.82056],[-121.17367,47.82054],[-121.17375,47.82052],[-121.17383,47.8205],[-121.17389,47.82048],[-121.17401,47.82047],[-121.17425,47.82047],[-121.17442,47.82046],[-121.17449,47.82046],[-121.17457,47.82046],[-121.17462,47.82046],[-121.17479,47.82045],[-121.1749,47.82044],[-121.175,47.82043],[-121.17513,47.82042],[-121.17518,47.8204],[-121.17524,47.82039],[-121.17535,47.82037],[-121.17545,47.82034],[-121.17573,47.82019],[-121.17588,47.82007],[-121.17594,47.82004],[-121.17615,47.81987],[-121.17621,47.81981],[-121.17629,47.81976],[-121.17634,47.81972],[-121.1764,47.81969],[-121.1765,47.81964],[-121.17655,47.81961],[-121.17666,47.8196],[-121.17685,47.81958],[-121.17695,47.81957],[-121.17707,47.81951],[-121.17717,47.81948],[-121.17725,47.81946],[-121.17734,47.81944],[-121.17746,47.81943],[-121.1776,47.81941],[-121.1777,47.81939],[-121.17776,47.81939],[-121.17791,47.81938],[-121.1781,47.81936],[-121.17821,47.81932],[-121.17831,47.8193],[-121.17851,47.81928],[-121.17864,47.81925],[-121.1788,47.81921],[-121.17893,47.81917],[-121.17912,47.81914],[-121.17926,47.81912],[-121.1793,47.81915],[-121.17942,47.81923],[-121.17951,47.81937],[-121.17953,47.81948],[-121.17949,47.81964],[-121.17947,47.81975],[-121.17953,47.81983],[-121.17963,47.81992],[-121.17983,47.81997],[-121.18006,47.81999],[-121.18034,47.82004],[-121.18048,47.82006],[-121.18062,47.82013],[-121.18072,47.8202],[-121.18083,47.82034],[-121.18085,47.82045],[-121.18082,47.82057],[-121.18087,47.82071],[-121.181,47.82098],[-121.18115,47.82123],[-121.18131,47.82136],[-121.18151,47.8215],[-121.18171,47.82157],[-121.18195,47.82164],[-121.18224,47.82169],[-121.18261,47.82175],[-121.18467,47.81891],[-121.19143,47.80924],[-121.19061,47.80768],[-121.18875,47.80491],[-121.18818,47.8036],[-121.19032,47.80122],[-121.19196,47.79991],[-121.19382,47.79778],[-121.19452,47.79535],[-121.19632,47.79391],[-121.19749,47.79249],[-121.19639,47.79011],[-121.1965,47.78822],[-121.19704,47.78618],[-121.19837,47.7844],[-121.19942,47.78298],[-121.19987,47.77977],[-121.20024,47.77807],[-121.19865,47.77706],[-121.19701,47.77513],[-121.1962,47.77392],[-121.19506,47.77254],[-121.1964,47.77101],[-121.19617,47.76949],[-121.19562,47.7686],[-121.19536,47.76817],[-121.1938,47.76709],[-121.19132,47.76791],[-121.18871,47.76877],[-121.18645,47.76903],[-121.18435,47.76953],[-121.18028,47.76899],[-121.17763,47.76969],[-121.17352,47.77151],[-121.17353,47.78004],[-121.15205,47.78008],[-121.15189,47.76557],[-121.13045,47.76556],[-121.13037,47.75442],[-121.12871,47.75404],[-121.12625,47.75486],[-121.12318,47.75597],[-121.12023,47.75721],[-121.11966,47.75724],[-121.11686,47.75739],[-121.11314,47.75787],[-121.11078,47.75819],[-121.10978,47.76004],[-121.10975,47.76146],[-121.10904,47.76312],[-121.10873,47.76384],[-121.10789,47.76504],[-121.10706,47.76654],[-121.10555,47.76783],[-121.10375,47.77019],[-121.10301,47.77145],[-121.10208,47.77325],[-121.10124,47.77437],[-121.1001,47.77617],[-121.09824,47.77639],[-121.09789,47.77644],[-121.09552,47.7758],[-121.09278,47.77493],[-121.08976,47.77402],[-121.08769,47.77363],[-121.0875,47.77993],[-121.08746,47.78439],[-121.08483,47.78482],[-121.08283,47.78506],[-121.08043,47.78585],[-121.07746,47.78686],[-121.07496,47.78834],[-121.07188,47.78952],[-121.06973,47.78975],[-121.06796,47.79151],[-121.06772,47.79228],[-121.06745,47.79316],[-121.0669,47.79427],[-121.07153,47.7943],[-121.0719,47.79447],[-121.07234,47.79573],[-121.07409,47.79651],[-121.07527,47.79752],[-121.07688,47.79607],[-121.07863,47.79463],[-121.07902,47.79469],[-121.07905,47.79467],[-121.07912,47.79462],[-121.08791,47.79584],[-121.08603,47.79742],[-121.0839,47.7986],[-121.08263,47.80036],[-121.08139,47.80179],[-121.07868,47.80337],[-121.07687,47.80481],[-121.07675,47.80611],[-121.07767,47.8078],[-121.07955,47.80879],[-121.0808,47.80993],[-121.08303,47.81153],[-121.08203,47.81373],[-121.08206,47.81497],[-121.08156,47.81624],[-121.08062,47.81738],[-121.07911,47.81843],[-121.07742,47.81992],[-121.07401,47.82235],[-121.07367,47.82225],[-121.07365,47.82227],[-121.07353,47.82234],[-121.07351,47.82235],[-121.07168,47.82186],[-121.06978,47.82165],[-121.06814,47.82148],[-121.06636,47.8221],[-121.06516,47.82221],[-121.06348,47.82237],[-121.06156,47.82264],[-121.05969,47.82368],[-121.05692,47.8246],[-121.05495,47.82528],[-121.05252,47.82607],[-121.05059,47.82686],[-121.04881,47.82764],[-121.04648,47.82824],[-121.04464,47.82876],[-121.04265,47.82936],[-121.03855,47.8311],[-121.03694,47.83205],[-121.03585,47.83303],[-121.0338,47.83517],[-121.03288,47.83645],[-121.03186,47.83689],[-121.0303,47.83755],[-121.02995,47.8375],[-121.02992,47.83751],[-121.02983,47.83755],[-121.0298,47.83756],[-121.02751,47.83723],[-121.02639,47.83617],[-121.0244,47.83579],[-121.02205,47.83531],[-121.01866,47.83379],[-121.01584,47.83259],[-121.01377,47.83225],[-121.01141,47.83229],[-121.0095,47.83325],[-121.00938,47.83454],[-121.00919,47.83598],[-121.00953,47.83764],[-121.00985,47.83894],[-121.00911,47.84085],[-121.00883,47.84266],[-121.00841,47.84452],[-121.00778,47.84688],[-121.0076,47.84886],[-121.0079,47.85117],[-121.00767,47.8526],[-121.00814,47.85396],[-121.00998,47.85605],[-121.01199,47.85445],[-121.01214,47.85471],[-121.01216,47.85469],[-121.01248,47.85444],[-121.0133,47.85589],[-121.015,47.85715],[-121.01559,47.85844],[-121.01724,47.85919],[-121.01912,47.85815],[-121.02085,47.8574],[-121.02181,47.85547],[-121.02334,47.85439],[-121.02351,47.85459],[-121.02352,47.85461],[-121.02354,47.85459],[-121.02384,47.85438],[-121.02492,47.85574],[-121.02564,47.85761],[-121.02566,47.85895],[-121.02538,47.86054],[-121.02454,47.8622],[-121.02578,47.86311],[-121.02681,47.86351],[-121.0276,47.86381],[-121.0303,47.86432],[-121.03274,47.86447],[-121.03493,47.86476],[-121.03671,47.8655],[-121.03858,47.86574],[-121.03862,47.86574],[-121.04041,47.86563],[-121.04049,47.86565],[-121.04056,47.86564],[-121.04091,47.86562],[-121.0436,47.86609],[-121.0463,47.86642],[-121.04635,47.86643],[-121.04786,47.86634],[-121.04795,47.86636],[-121.04803,47.86635],[-121.04836,47.86634],[-121.05072,47.86661],[-121.0526,47.867],[-121.05511,47.86638],[-121.05529,47.86634],[-121.05748,47.86567],[-121.05934,47.86438],[-121.05888,47.86235],[-121.05881,47.86088],[-121.05898,47.85858],[-121.05868,47.85713],[-121.05866,47.85572],[-121.06044,47.85414],[-121.06075,47.85429],[-121.06078,47.85427],[-121.06094,47.85413],[-121.06314,47.85513],[-121.0647,47.85684],[-121.06551,47.85872],[-121.06555,47.85881],[-121.06604,47.85993],[-121.06819,47.86154],[-121.07026,47.86089],[-121.07157,47.86002],[-121.07282,47.85913],[-121.07502,47.85858],[-121.07505,47.85857],[-121.07662,47.85794],[-121.07877,47.85679],[-121.08057,47.85634],[-121.08326,47.85553],[-121.082,47.85361],[-121.08053,47.85234],[-121.08762,47.85238],[-121.10899,47.85232],[-121.10938,47.86664],[-121.10915,47.86664],[-121.10916,47.87753],[-121.10952,47.87763],[-121.11026,47.87779],[-121.11093,47.87785],[-121.11184,47.87813],[-121.11324,47.87919],[-121.11391,47.87968],[-121.11465,47.87996],[-121.11713,47.87996],[-121.11812,47.87996],[-121.11944,47.88013],[-121.12002,47.88024],[-121.12035,47.88041],[-121.12068,47.88046],[-121.12135,47.88079],[-121.12168,47.88085],[-121.12333,47.88124],[-121.12408,47.88152],[-121.12507,47.88174],[-121.12621,47.88235],[-121.1272,47.8838],[-121.12794,47.88463],[-121.12869,47.88513],[-121.12926,47.88552],[-121.12992,47.8858],[-121.13025,47.88608],[-121.12812,47.88762],[-121.12625,47.88852],[-121.12625,47.88866],[-121.12625,47.8897],[-121.12875,47.89238],[-121.1293,47.89421],[-121.1292,47.89605],[-121.12943,47.89833],[-121.13,47.89986],[-121.12997,47.90168],[-121.12986,47.9041],[-121.13004,47.90557],[-121.13128,47.9067],[-121.1339,47.90868],[-121.13499,47.90985],[-121.13608,47.91158],[-121.13626,47.91187],[-121.13655,47.91425],[-121.13611,47.91472],[-121.13505,47.91592],[-121.13462,47.91586],[-121.13461,47.91588],[-121.13457,47.91592],[-121.13456,47.91593],[-121.13205,47.91559],[-121.12782,47.91496],[-121.12589,47.91482],[-121.12317,47.91466],[-121.12309,47.91466],[-121.12298,47.91465],[-121.12012,47.9148],[-121.11963,47.91482],[-121.11729,47.91549],[-121.11724,47.91549],[-121.11559,47.91552],[-121.11382,47.91496],[-121.10977,47.91426],[-121.10808,47.91374],[-121.10472,47.9125],[-121.1014,47.91111],[-121.09996,47.90968],[-121.09692,47.9075],[-121.09645,47.9075],[-121.09486,47.90752],[-121.09483,47.90753],[-121.09306,47.90815],[-121.08993,47.90892],[-121.08994,47.90893],[-121.0908,47.91023],[-121.09175,47.91132],[-121.09317,47.91243],[-121.09183,47.91399],[-121.0893,47.91613],[-121.08854,47.91767],[-121.08689,47.91879],[-121.08475,47.91986],[-121.08456,47.91973],[-121.08454,47.91971],[-121.08452,47.91973],[-121.08427,47.91985],[-121.08425,47.91987],[-121.0825,47.91869],[-121.08047,47.91785],[-121.0793,47.9166],[-121.07869,47.9179],[-121.07735,47.91893],[-121.07718,47.91869],[-121.07716,47.9187],[-121.07687,47.91892],[-121.07685,47.91894],[-121.07599,47.91764],[-121.07415,47.91736],[-121.07072,47.91835],[-121.07058,47.91826],[-121.07055,47.91827],[-121.06924,47.91743],[-121.0673,47.91702],[-121.06695,47.91708],[-121.06702,47.91686],[-121.06661,47.91658],[-121.06686,47.91625],[-121.06661,47.91608],[-121.06616,47.91602],[-121.06578,47.91597],[-121.06545,47.91575],[-121.06504,47.91563],[-121.06429,47.91569],[-121.06427,47.9157],[-121.06371,47.91591],[-121.06369,47.91592],[-121.06305,47.91608],[-121.06238,47.91609],[-121.06247,47.91641],[-121.06256,47.91702],[-121.06223,47.91851],[-121.06249,47.92148],[-121.06297,47.9249],[-121.06282,47.93204],[-121.06333,47.93828],[-121.06358,47.94066],[-121.06404,47.94274],[-121.06583,47.94437],[-121.06895,47.94628],[-121.07028,47.94687],[-121.07142,47.94939],[-121.07145,47.95237],[-121.0715,47.95698],[-121.07197,47.95965],[-121.07178,47.96233],[-121.0729,47.96351],[-121.0749,47.96484],[-121.0769,47.96558],[-121.07846,47.96646],[-121.08069,47.96749],[-121.08203,47.96897],[-121.08359,47.96986],[-121.08606,47.97222],[-121.08696,47.97356],[-121.08875,47.97518],[-121.09053,47.97651],[-121.0932,47.97754],[-121.0952,47.97768],[-121.09675,47.97782],[-121.09896,47.97796],[-121.10141,47.97869],[-121.10297,47.97942],[-121.10431,47.98031],[-121.10588,47.98253],[-121.10745,47.98401],[-121.10945,47.98489],[-121.11367,47.98546],[-121.11611,47.98575],[-121.12076,47.98617],[-121.12409,47.98645],[-121.12741,47.98658],[-121.13088,47.98656],[-121.13561,47.98303],[-121.13594,47.98283],[-121.13609,47.98279],[-121.1365,47.98281],[-121.13732,47.983],[-121.13804,47.98326],[-121.13851,47.98336],[-121.14073,47.98351],[-121.14114,47.98349],[-121.14168,47.98332],[-121.14694,47.98158],[-121.14728,47.9814],[-121.14746,47.98122],[-121.14754,47.98106],[-121.14758,47.98098],[-121.14763,47.98099],[-121.1484,47.98135],[-121.14865,47.98146],[-121.14923,47.9817],[-121.14941,47.98178],[-121.14982,47.98198],[-121.14987,47.98199],[-121.15053,47.98238],[-121.15112,47.98294],[-121.15118,47.98301],[-121.15125,47.98312],[-121.15153,47.98353],[-121.15171,47.98367],[-121.15242,47.9842],[-121.15283,47.98432],[-121.1533,47.98438],[-121.15378,47.98445],[-121.15431,47.98456],[-121.1552,47.98476],[-121.15554,47.98493],[-121.15567,47.985],[-121.15597,47.98511],[-121.15649,47.98533],[-121.15815,47.9856],[-121.15827,47.98564],[-121.15845,47.98568],[-121.15933,47.98584],[-121.15939,47.98588],[-121.16205,47.986],[-121.16222,47.98603],[-121.16312,47.98623],[-121.16341,47.98635],[-121.16366,47.98635],[-121.16383,47.98635],[-121.16391,47.98641],[-121.16394,47.98643],[-121.1643,47.98643],[-121.16447,47.98631],[-121.1653,47.98619],[-121.1655,47.98611],[-121.16554,47.9861],[-121.1656,47.98608],[-121.16572,47.98604],[-121.16597,47.9858],[-121.16631,47.98548],[-121.16667,47.98524],[-121.16666,47.9852],[-121.16802,47.98433],[-121.16826,47.98417],[-121.16826,47.98397],[-121.16838,47.98389],[-121.16862,47.98318],[-121.16873,47.98305],[-121.16879,47.98298],[-121.16922,47.98276],[-121.16927,47.98274],[-121.16944,47.98274],[-121.16968,47.98274],[-121.17016,47.98267],[-121.17045,47.98262],[-121.17112,47.98225],[-121.17116,47.98223],[-121.17157,47.98195],[-121.17157,47.98191],[-121.17169,47.98179],[-121.1724,47.98139],[-121.17275,47.98126],[-121.17293,47.98119],[-121.17352,47.98107],[-121.174,47.98095],[-121.17447,47.98075],[-121.1746,47.98067],[-121.17471,47.9806],[-121.17471,47.98052],[-121.17475,47.98049],[-121.17476,47.98048],[-121.17488,47.97996],[-121.17475,47.97985],[-121.17465,47.97976],[-121.17465,47.97921],[-121.17459,47.97917],[-121.17465,47.97913],[-121.17465,47.97897],[-121.17475,47.97889],[-121.17494,47.97873],[-121.17518,47.97849],[-121.17524,47.97833],[-121.17546,47.97809],[-121.17565,47.97802],[-121.17601,47.97802],[-121.17602,47.978],[-121.17613,47.97795],[-121.17627,47.97787],[-121.1763,47.97786],[-121.17642,47.97774],[-121.17636,47.97754],[-121.17636,47.97747],[-121.17642,47.97742],[-121.17654,47.97731],[-121.17661,47.9771],[-121.17666,47.97695],[-121.17689,47.97667],[-121.17693,47.97661],[-121.17696,47.97659],[-121.17749,47.97615],[-121.17778,47.97588],[-121.1779,47.97587],[-121.17807,47.97575],[-121.17831,47.97568],[-121.17837,47.97567],[-121.17873,47.97564],[-121.17985,47.97548],[-121.18038,47.97548],[-121.18062,47.97548],[-121.18136,47.97555],[-121.18174,47.9756],[-121.18176,47.97561],[-121.18192,47.97572],[-121.18199,47.97571],[-121.18221,47.97587],[-121.18275,47.97607],[-121.18345,47.9762],[-121.18357,47.97619],[-121.18363,47.97623],[-121.18385,47.97623],[-121.18694,47.97615],[-121.18783,47.97619],[-121.18798,47.97629],[-121.18801,47.9763],[-121.18807,47.97632],[-121.18836,47.97635],[-121.18872,47.97651],[-121.18889,47.97659],[-121.18937,47.97686],[-121.18986,47.9771],[-121.18996,47.97714],[-121.19053,47.9772],[-121.19076,47.97722],[-121.19078,47.97722],[-121.19082,47.9772],[-121.1909,47.97715],[-121.19102,47.97714],[-121.19108,47.97714],[-121.19113,47.97711],[-121.19126,47.97707],[-121.19173,47.97695],[-121.19176,47.97692],[-121.19243,47.97654],[-121.1925,47.97655],[-121.19256,47.9765],[-121.19199,47.99983],[-121.19181,48.00699],[-121.1939,48.00686],[-121.19767,48.00664],[-121.20009,48.00644],[-121.20071,48.00639],[-121.2026,48.00609],[-121.20458,48.00605],[-121.20541,48.00607],[-121.20688,48.00611],[-121.2069,47.99983],[-121.20768,47.99835],[-121.2091,47.99737],[-121.21194,47.99583],[-121.21399,47.99466],[-121.2172,47.99278],[-121.22204,47.98971],[-121.22542,47.98762],[-121.2291,47.98832],[-121.23874,47.99058],[-121.24357,47.99155],[-121.24524,47.9892],[-121.24631,47.98759],[-121.24877,47.98652],[-121.25122,47.98532],[-121.25971,47.98514],[-121.27997,47.98611],[-121.28089,47.98796],[-121.28222,47.98884],[-121.28395,47.98967],[-121.28637,47.99037],[-121.28834,47.99149],[-121.29078,47.99302],[-121.29343,47.99374],[-121.29502,47.99509],[-121.29735,47.99594],[-121.30015,47.99674],[-121.30194,47.99809],[-121.30409,47.99901],[-121.30558,47.99983],[-121.30595,47.99983],[-121.30569,48.00069],[-121.30558,48.00121],[-121.30504,48.00157],[-121.3044,48.00206],[-121.3039,48.00271],[-121.30373,48.00334],[-121.30347,48.00379],[-121.30328,48.00456],[-121.3026,48.00543],[-121.3018,48.00586],[-121.30072,48.00697],[-121.30072,48.00761],[-121.30165,48.00755],[-121.30251,48.00781],[-121.30305,48.00823],[-121.30294,48.00878],[-121.30258,48.00936],[-121.30226,48.01002],[-121.30228,48.01054],[-121.30252,48.01105],[-121.3023,48.01163],[-121.3023,48.01207],[-121.30161,48.01244],[-121.30155,48.013],[-121.30189,48.01353],[-121.30121,48.01387],[-121.30067,48.01442],[-121.30017,48.01499],[-121.29983,48.01534],[-121.29972,48.01592],[-121.30017,48.0161],[-121.30043,48.01667],[-121.30117,48.01699],[-121.30114,48.01733],[-121.30162,48.01761],[-121.30155,48.01794],[-121.30099,48.01796],[-121.30003,48.01818],[-121.29945,48.01884],[-121.2999,48.0193],[-121.2988,48.01969],[-121.2985,48.0204],[-121.2979,48.02076],[-121.29788,48.02114],[-121.29857,48.02137],[-121.29846,48.02199],[-121.29846,48.02249],[-121.299,48.02309],[-121.29939,48.02339],[-121.29909,48.02397],[-121.29894,48.02447],[-121.29896,48.02505],[-121.29887,48.0256],[-121.29883,48.02616],[-121.29823,48.02673],[-121.29825,48.02728],[-121.29812,48.02796],[-121.29816,48.02855],[-121.2984,48.02936],[-121.29791,48.03005],[-121.29659,48.03042],[-121.29571,48.03089],[-121.29563,48.03135],[-121.29621,48.03148],[-121.29672,48.03197],[-121.29722,48.03271],[-121.29795,48.033],[-121.29847,48.03344],[-121.29832,48.03415],[-121.298,48.03466],[-121.29819,48.03538],[-121.2985,48.03596],[-121.29735,48.03544],[-121.29681,48.03499],[-121.2963,48.03476],[-121.29572,48.03489],[-121.29548,48.03557],[-121.29533,48.03613],[-121.29574,48.03648],[-121.29557,48.03693],[-121.29509,48.03729],[-121.29527,48.03781],[-121.29505,48.03847],[-121.29525,48.03907],[-121.29512,48.03964],[-121.29538,48.04028],[-121.296,48.04083],[-121.29564,48.04151],[-121.29506,48.0418],[-121.2948,48.04226],[-121.29491,48.04284],[-121.29476,48.04337],[-121.29426,48.04355],[-121.29346,48.04374],[-121.29251,48.04415],[-121.29178,48.04479],[-121.29168,48.04538],[-121.29105,48.04551],[-121.29092,48.04622],[-121.29075,48.04706],[-121.30291,48.04725],[-121.303,48.05085],[-121.30293,48.06524],[-121.31364,48.06519],[-121.31374,48.06863],[-121.31913,48.06867],[-121.31916,48.07617],[-121.32431,48.0762],[-121.32423,48.07983],[-121.32433,48.08692],[-121.34605,48.08692],[-121.35548,48.08691],[-121.36156,48.08696],[-121.36212,48.08669],[-121.36303,48.08741],[-121.36359,48.08722],[-121.3643,48.08674],[-121.36529,48.08641],[-121.36637,48.08605],[-121.36902,48.08541],[-121.37031,48.08449],[-121.37007,48.08338],[-121.3697,48.0821],[-121.36976,48.08083],[-121.37053,48.08005],[-121.37077,48.07895],[-121.3701,48.07743],[-121.36934,48.0755],[-121.36933,48.07385],[-121.36955,48.07259],[-121.3698,48.07063],[-121.36911,48.06916],[-121.36837,48.0682],[-121.3677,48.06809],[-121.3678,48.06679],[-121.36772,48.06581],[-121.36709,48.06513],[-121.37619,48.06523],[-121.38036,48.06513],[-121.38109,48.06579],[-121.38278,48.06613],[-121.3841,48.06652],[-121.385,48.06681],[-121.38542,48.06628],[-121.38645,48.06439],[-121.38758,48.06271],[-121.38849,48.0619],[-121.3891,48.06252],[-121.38995,48.06365],[-121.39084,48.0641],[-121.39194,48.06411],[-121.39251,48.06345],[-121.39408,48.06131],[-121.39559,48.05943],[-121.39661,48.0585],[-121.39781,48.05757],[-121.39874,48.05669],[-121.39884,48.05515],[-121.3979,48.05371],[-121.39625,48.05216],[-121.39441,48.05102],[-121.39324,48.04996],[-121.39129,48.04844],[-121.38876,48.04713],[-121.38687,48.04596],[-121.38479,48.04512],[-121.38419,48.04459],[-121.38215,48.04394],[-121.3805,48.04352],[-121.37942,48.04336],[-121.37898,48.04292],[-121.37787,48.04247],[-121.37661,48.04216],[-121.37628,48.04191],[-121.37543,48.0415],[-121.3739,48.04132],[-121.3736,48.04082],[-121.37285,48.04044],[-121.37155,48.03992],[-121.37082,48.03973],[-121.37004,48.03926],[-121.36862,48.03864],[-121.36762,48.03802],[-121.36683,48.03738],[-121.36568,48.03696],[-121.36452,48.03675],[-121.36458,48.0362],[-121.36368,48.03522],[-121.3605,48.03224],[-121.36229,48.03051],[-121.36455,48.03035],[-121.36562,48.02988],[-121.367,48.02969],[-121.36791,48.0293],[-121.36849,48.02899],[-121.36967,48.02936],[-121.3695,48.02984],[-121.36933,48.03047],[-121.36955,48.03079],[-121.37,48.03137],[-121.37118,48.03132],[-121.37224,48.0318],[-121.37354,48.0328],[-121.37485,48.03333],[-121.37613,48.03372],[-121.37716,48.03398],[-121.37783,48.03393],[-121.3786,48.03383],[-121.37952,48.03411],[-121.38059,48.03477],[-121.38196,48.03535],[-121.38313,48.03572],[-121.38428,48.03582],[-121.38618,48.03604],[-121.38733,48.03667],[-121.38916,48.03733],[-121.39044,48.03753],[-121.3936,48.03805],[-121.39626,48.03859],[-121.39766,48.03874],[-121.4,48.04019],[-121.40176,48.0417],[-121.40264,48.04226],[-121.40467,48.04359],[-121.40571,48.04444],[-121.40837,48.04564],[-121.41015,48.04658],[-121.41096,48.04696],[-121.41178,48.04707],[-121.41235,48.04751],[-121.41333,48.04769],[-121.41488,48.04764],[-121.41473,48.04865],[-121.41475,48.05043],[-121.4154,48.05135],[-121.4169,48.05187],[-121.41863,48.05205],[-121.42004,48.05178],[-121.42217,48.05123],[-121.42323,48.04983],[-121.42513,48.04808],[-121.42651,48.04694],[-121.42747,48.04651],[-121.42839,48.0455],[-121.42951,48.0444],[-121.43048,48.04358],[-121.43146,48.04031],[-121.43231,48.03946],[-121.43268,48.03813],[-121.4329,48.03722],[-121.43273,48.03651],[-121.43096,48.03646],[-121.43122,48.03538],[-121.43087,48.03428],[-121.4304,48.03269],[-121.43053,48.03179],[-121.43105,48.03111],[-121.43163,48.0301],[-121.43203,48.02879],[-121.43334,48.02756],[-121.43348,48.0262],[-121.43329,48.02437],[-121.43299,48.02249],[-121.43322,48.02141],[-121.43357,48.02056],[-121.43492,48.02052],[-121.43469,48.01995],[-121.43431,48.01925],[-121.43336,48.01815],[-121.4328,48.01563],[-121.4318,48.01434],[-121.43118,48.01275],[-121.43016,48.01127],[-121.42917,48.00949],[-121.42831,48.00764],[-121.42808,48.00734],[-121.42737,48.00639],[-121.42655,48.00548],[-121.42614,48.00488],[-121.42556,48.00413],[-121.42207,48.00331],[-121.42265,48.00225],[-121.42085,48.00155],[-121.41963,48.00094],[-121.41835,48.00043],[-121.41718,48.00021],[-121.41513,47.9997],[-121.41359,47.99873],[-121.41336,47.99869],[-121.41315,47.99883],[-121.41286,47.99907],[-121.41247,47.99935],[-121.41217,47.99961],[-121.41198,47.99983],[-121.41185,48.0],[-121.41149,48.00035],[-121.41119,48.00073],[-121.41109,48.00081],[-121.41087,48.00067],[-121.41071,48.00037],[-121.41055,47.99998],[-121.41032,47.99973],[-121.40986,47.99951],[-121.4098,47.99931],[-121.40961,47.99918],[-121.40925,47.99915],[-121.40867,47.99899],[-121.40714,47.99875],[-121.40662,47.99842],[-121.40621,47.99806],[-121.40574,47.99787],[-121.40531,47.99792],[-121.40507,47.99808],[-121.40486,47.99809],[-121.40488,47.99791],[-121.40488,47.99777],[-121.40443,47.99759],[-121.40402,47.99742],[-121.40355,47.9974],[-121.40331,47.99744],[-121.40313,47.99747],[-121.40301,47.99739],[-121.40303,47.9972],[-121.40247,47.99696],[-121.40188,47.99675],[-121.4017,47.99652],[-121.40147,47.99628],[-121.40111,47.99605],[-121.40061,47.99595],[-121.40034,47.99597],[-121.4001,47.99615],[-121.39988,47.99621],[-121.39976,47.99611],[-121.39985,47.99584],[-121.39989,47.99566],[-121.39982,47.99546],[-121.39966,47.99532],[-121.3997,47.99527],[-121.39959,47.99525],[-121.39846,47.99493],[-121.39669,47.99384],[-121.39542,47.99306],[-121.39556,47.9929],[-121.39533,47.99269],[-121.39497,47.99245],[-121.3946,47.9923],[-121.39443,47.99228],[-121.39436,47.9922],[-121.39426,47.99208],[-121.39404,47.99193],[-121.3939,47.99188],[-121.3939,47.99184],[-121.39393,47.99172],[-121.39395,47.99161],[-121.39395,47.99147],[-121.39229,47.99036],[-121.3916,47.99148],[-121.38695,47.99058],[-121.38524,47.99024],[-121.38608,47.98885],[-121.39233,47.99008],[-121.39175,47.98989],[-121.39147,47.98973],[-121.39109,47.98956],[-121.39101,47.98954],[-121.39077,47.98949],[-121.39059,47.98947],[-121.39054,47.98943],[-121.3905,47.98934],[-121.39042,47.98922],[-121.39019,47.98907],[-121.38999,47.98897],[-121.38988,47.98885],[-121.38646,47.98806],[-121.38662,47.98771],[-121.38603,47.98756],[-121.38413,47.9876],[-121.3824,47.98705],[-121.3806,47.98529],[-121.38021,47.98521],[-121.37992,47.98522],[-121.37977,47.98601],[-121.37977,47.98603],[-121.37785,47.98619],[-121.37598,47.98624],[-121.37445,47.98705],[-121.37345,47.9861],[-121.37335,47.98601],[-121.3718,47.98675],[-121.37194,47.98683],[-121.37171,47.98689],[-121.37052,47.98607],[-121.37056,47.98676],[-121.37036,47.98676],[-121.37143,47.98814],[-121.36634,47.98818],[-121.36642,47.98829],[-121.36539,47.9883],[-121.3629,47.98834],[-121.35681,47.98829],[-121.35565,47.98688],[-121.35556,47.98539],[-121.36166,47.98539],[-121.36166,47.98536],[-121.36438,47.9853],[-121.36439,47.9855],[-121.36539,47.98548],[-121.36958,47.98543],[-121.36809,47.98442],[-121.36539,47.98442],[-121.36536,47.9834],[-121.36687,47.9834],[-121.36681,47.98273],[-121.36696,47.98185],[-121.36733,47.97931],[-121.36724,47.97896],[-121.36776,47.97832],[-121.36589,47.97903],[-121.36538,47.97922],[-121.36497,47.97937],[-121.36455,47.97953],[-121.36445,47.97938],[-121.36356,47.97803],[-121.36538,47.97734],[-121.36768,47.97647],[-121.36907,47.97656],[-121.36922,47.97678],[-121.37036,47.97539],[-121.37729,47.97666],[-121.37793,47.97655],[-121.37712,47.97562],[-121.37763,47.97534],[-121.37863,47.97695],[-121.38,47.97724],[-121.38417,47.9781],[-121.38723,47.97876],[-121.38811,47.97894],[-121.38945,47.97963],[-121.38906,47.97941],[-121.38993,47.97982],[-121.39069,47.98019],[-121.3914,47.98056],[-121.39347,47.98132],[-121.39556,47.98299],[-121.39558,47.98301],[-121.3973,47.98418],[-121.39767,47.9844],[-121.39805,47.98471],[-121.39845,47.98504],[-121.39876,47.98544],[-121.39908,47.98569],[-121.39932,47.98583],[-121.4011,47.98683],[-121.40269,47.98747],[-121.40501,47.98536],[-121.40634,47.98411],[-121.40683,47.98224],[-121.40722,47.98084],[-121.40845,47.97855],[-121.41091,47.97743],[-121.41377,47.97664],[-121.41679,47.97604],[-121.41891,47.97604],[-121.42,47.97542],[-121.41976,47.97308],[-121.42071,47.97167],[-121.42044,47.97144],[-121.42006,47.97124],[-121.41955,47.97106],[-121.41902,47.97093],[-121.41848,47.97087],[-121.41739,47.97065],[-121.41629,47.97039],[-121.4153,47.97013],[-121.41266,47.96884],[-121.41046,47.96833],[-121.40974,47.96829],[-121.40927,47.96818],[-121.40846,47.96774],[-121.40844,47.96774],[-121.40778,47.96778],[-121.40204,47.96924],[-121.40102,47.9695],[-121.40164,47.97017],[-121.39641,47.97234],[-121.39512,47.97094],[-121.39574,47.97068],[-121.39256,47.97045],[-121.39194,47.96876],[-121.3936,47.96888],[-121.3933,47.96826],[-121.39912,47.96698],[-121.39964,47.96806],[-121.39536,47.969],[-121.39574,47.96903],[-121.39575,47.96908],[-121.40144,47.96763],[-121.40355,47.96709],[-121.40115,47.96689],[-121.40087,47.9664],[-121.39972,47.9667],[-121.4,47.96515],[-121.40208,47.96532],[-121.40163,47.96419],[-121.40162,47.96417],[-121.40136,47.96351],[-121.39943,47.96426],[-121.39904,47.96365],[-121.39892,47.96404],[-121.39293,47.96319],[-121.39343,47.96158],[-121.39926,47.96242],[-121.4007,47.96187],[-121.4007,47.96185],[-121.40033,47.95885],[-121.40033,47.95884],[-121.39912,47.95394],[-121.39912,47.95392],[-121.39865,47.95214],[-121.39865,47.95213],[-121.3979,47.95056],[-121.39789,47.95054],[-121.39687,47.94828],[-121.39625,47.94732],[-121.39597,47.9472],[-121.39578,47.94706],[-121.39577,47.94705],[-121.39572,47.94696],[-121.39572,47.94694],[-121.3957,47.94675],[-121.3957,47.94674],[-121.39569,47.94668],[-121.39569,47.94666],[-121.39561,47.94652],[-121.39544,47.94632],[-121.39533,47.94612],[-121.39518,47.94595],[-121.39506,47.94579],[-121.39494,47.94563],[-121.39479,47.94551],[-121.3946,47.9454],[-121.39438,47.94527],[-121.39432,47.94516],[-121.39424,47.94502],[-121.39424,47.94489],[-121.39424,47.94487],[-121.39426,47.94475],[-121.39427,47.94474],[-121.39426,47.94463],[-121.39426,47.94461],[-121.39421,47.94447],[-121.39421,47.94446],[-121.39419,47.94438],[-121.39419,47.94437],[-121.39423,47.94418],[-121.39423,47.94417],[-121.39422,47.94403],[-121.39421,47.94401],[-121.39419,47.94388],[-121.39419,47.94386],[-121.3942,47.94373],[-121.3942,47.94371],[-121.39419,47.94367],[-121.39419,47.94365],[-121.39407,47.94346],[-121.39393,47.94332],[-121.39381,47.94317],[-121.39379,47.94302],[-121.39378,47.943],[-121.39374,47.9429],[-121.39357,47.9427],[-121.39349,47.94259],[-121.39336,47.94249],[-121.39323,47.9424],[-121.39303,47.94222],[-121.3928,47.94208],[-121.39267,47.94195],[-121.39257,47.94181],[-121.39248,47.94163],[-121.39247,47.94162],[-121.39242,47.94149],[-121.39241,47.94147],[-121.3924,47.94141],[-121.39241,47.94139],[-121.39247,47.94128],[-121.39253,47.94115],[-121.39254,47.94114],[-121.39255,47.94108],[-121.39256,47.94107],[-121.39259,47.94095],[-121.39259,47.94093],[-121.39256,47.94081],[-121.39256,47.9408],[-121.39254,47.94073],[-121.39254,47.94072],[-121.39249,47.94053],[-121.39248,47.94052],[-121.39237,47.94034],[-121.39223,47.94022],[-121.3921,47.94011],[-121.39187,47.93999],[-121.39165,47.93991],[-121.39149,47.93982],[-121.39132,47.93962],[-121.39113,47.93938],[-121.39094,47.93926],[-121.39094,47.93924],[-121.39089,47.93905],[-121.39088,47.93903],[-121.39086,47.93899],[-121.39086,47.93897],[-121.39086,47.93878],[-121.39085,47.93876],[-121.39075,47.93858],[-121.39074,47.93856],[-121.39072,47.93852],[-121.39065,47.93846],[-121.39057,47.93844],[-121.39029,47.9384],[-121.39006,47.93826],[-121.38991,47.93817],[-121.38984,47.93814],[-121.38968,47.93809],[-121.38947,47.93798],[-121.38936,47.93786],[-121.38936,47.93784],[-121.38936,47.93772],[-121.38949,47.93754],[-121.38948,47.93747],[-121.3894,47.93735],[-121.38925,47.93726],[-121.3891,47.93718],[-121.38886,47.93707],[-121.38875,47.93693],[-121.38871,47.93686],[-121.38855,47.93672],[-121.38842,47.93664],[-121.38822,47.93647],[-121.38823,47.93646],[-121.38824,47.93635],[-121.38824,47.93634],[-121.38819,47.93622],[-121.3882,47.93615],[-121.38812,47.93601],[-121.38807,47.93593],[-121.38792,47.93584],[-121.38784,47.93581],[-121.38756,47.93579],[-121.38728,47.93568],[-121.38707,47.93564],[-121.38678,47.93562],[-121.38659,47.93557],[-121.38642,47.93544],[-121.38624,47.93535],[-121.38617,47.93523],[-121.38617,47.93522],[-121.38612,47.93505],[-121.38611,47.93504],[-121.38603,47.93491],[-121.38587,47.93478],[-121.38571,47.93469],[-121.3855,47.93451],[-121.38543,47.93445],[-121.38532,47.93427],[-121.38514,47.93412],[-121.38507,47.93405],[-121.38499,47.93386],[-121.38498,47.93384],[-121.38495,47.93371],[-121.38494,47.93369],[-121.3849,47.93348],[-121.3849,47.93346],[-121.38479,47.93325],[-121.38467,47.93313],[-121.3846,47.93293],[-121.3845,47.93281],[-121.38431,47.93273],[-121.38413,47.93267],[-121.38384,47.93262],[-121.38374,47.93258],[-121.38368,47.93253],[-121.38367,47.93252],[-121.38362,47.93239],[-121.38348,47.93219],[-121.38345,47.93215],[-121.38344,47.93213],[-121.38344,47.93201],[-121.38345,47.932],[-121.38355,47.93179],[-121.38356,47.93178],[-121.3836,47.93165],[-121.38361,47.93164],[-121.38361,47.9315],[-121.38361,47.93149],[-121.3836,47.93144],[-121.38355,47.93138],[-121.38337,47.9313],[-121.3831,47.93122],[-121.38293,47.93117],[-121.38278,47.93109],[-121.38268,47.93092],[-121.38253,47.93073],[-121.38241,47.93055],[-121.38228,47.93036],[-121.3821,47.93017],[-121.38202,47.92999],[-121.38191,47.92989],[-121.38166,47.92972],[-121.38165,47.92971],[-121.38157,47.92954],[-121.38157,47.92952],[-121.3815,47.92942],[-121.3815,47.9294],[-121.38144,47.92928],[-121.38159,47.9291],[-121.38172,47.92889],[-121.38179,47.92876],[-121.3818,47.92875],[-121.38186,47.92857],[-121.38186,47.92855],[-121.3819,47.92838],[-121.3819,47.92836],[-121.38189,47.92832],[-121.38189,47.9283],[-121.38183,47.92816],[-121.38169,47.92797],[-121.38158,47.92777],[-121.38147,47.92758],[-121.38147,47.92757],[-121.38147,47.92745],[-121.38147,47.92743],[-121.38149,47.92723],[-121.38149,47.92721],[-121.38146,47.92699],[-121.38146,47.92698],[-121.38141,47.92679],[-121.3814,47.92678],[-121.38138,47.92658],[-121.38139,47.92656],[-121.38141,47.92645],[-121.38142,47.92644],[-121.3815,47.9263],[-121.38162,47.92617],[-121.38183,47.92601],[-121.38189,47.92587],[-121.3819,47.92585],[-121.38193,47.92572],[-121.38193,47.9257],[-121.38192,47.92554],[-121.38192,47.92552],[-121.38191,47.92547],[-121.38191,47.92545],[-121.38183,47.92532],[-121.38172,47.92523],[-121.38158,47.92513],[-121.38148,47.92496],[-121.38147,47.92495],[-121.38142,47.92477],[-121.38141,47.92475],[-121.38143,47.92461],[-121.37998,47.92289],[-121.37789,47.92042],[-121.37644,47.9186],[-121.37255,47.91355],[-121.36909,47.90913],[-121.36636,47.90939],[-121.36462,47.909],[-121.36321,47.90714],[-121.36126,47.90612],[-121.35895,47.90572],[-121.35674,47.90605],[-121.35388,47.90527],[-121.35124,47.90524],[-121.34938,47.90528],[-121.34707,47.90609],[-121.34541,47.90704],[-121.3454,47.90706],[-121.34469,47.90898],[-121.34468,47.90899],[-121.34394,47.91074],[-121.34393,47.91076],[-121.34331,47.91253],[-121.34331,47.91255],[-121.34236,47.91429],[-121.34157,47.91588],[-121.34045,47.91688],[-121.34045,47.9169],[-121.34067,47.91855],[-121.34205,47.92013],[-121.34199,47.92185],[-121.34198,47.92186],[-121.34119,47.92363],[-121.34014,47.92488],[-121.34014,47.92489],[-121.34027,47.92627],[-121.33793,47.92659],[-121.3362,47.92723],[-121.33403,47.92765],[-121.33195,47.92817],[-121.33179,47.92824],[-121.33039,47.9287],[-121.32997,47.9288],[-121.32935,47.92883],[-121.32908,47.92888],[-121.32867,47.92897],[-121.32818,47.92911],[-121.32812,47.92913],[-121.32786,47.92919],[-121.32738,47.92927],[-121.32681,47.92944],[-121.32598,47.92963],[-121.32548,47.92972],[-121.32485,47.92976],[-121.3239,47.92981],[-121.32297,47.92981],[-121.32244,47.92976],[-121.32207,47.92971],[-121.32172,47.92964],[-121.32141,47.92966],[-121.3212,47.92976],[-121.32079,47.92995],[-121.32038,47.93007],[-121.32019,47.93012],[-121.31983,47.93017],[-121.31948,47.93019],[-121.31917,47.93025],[-121.31869,47.9304],[-121.31812,47.93055],[-121.31797,47.93059],[-121.31757,47.93063],[-121.31709,47.93065],[-121.31675,47.93068],[-121.31671,47.93068],[-121.31651,47.9307],[-121.31641,47.93071],[-121.31631,47.93074],[-121.31612,47.93079],[-121.31577,47.9309],[-121.31518,47.93116],[-121.31477,47.93133],[-121.31433,47.93144],[-121.31415,47.93147],[-121.31374,47.93145],[-121.31331,47.9314],[-121.31297,47.93128],[-121.31284,47.93122],[-121.31266,47.93111],[-121.30564,47.93095],[-121.29825,47.93073],[-121.29601,47.93046],[-121.29302,47.93126],[-121.29055,47.93033],[-121.28816,47.92906],[-121.28672,47.92828],[-121.2855,47.92684],[-121.28479,47.92471]],[[-121.38191,47.97251],[-121.38266,47.97365],[-121.3807,47.97435],[-121.37711,47.97494],[-121.37539,47.97479],[-121.37098,47.97423],[-121.36538,47.97371],[-121.3649,47.97366],[-121.35899,47.97472],[-121.35803,47.9732],[-121.36394,47.97213],[-121.36538,47.97227],[-121.37001,47.97272],[-121.37605,47.97348],[-121.37739,47.97325],[-121.37654,47.97192],[-121.37788,47.9717],[-121.38226,47.97054],[-121.38324,47.97207],[-121.38191,47.97251]],[[-121.40847,47.9717],[-121.40926,47.97172],[-121.41081,47.97228],[-121.41065,47.97265],[-121.41137,47.97334],[-121.41098,47.97417],[-121.40848,47.97484],[-121.40689,47.97491],[-121.40554,47.97425],[-121.40433,47.97235],[-121.40457,47.9722],[-121.40531,47.97217],[-121.40719,47.97159],[-121.40847,47.9717]],[[-121.36628,48.02716],[-121.36542,48.02725],[-121.36495,48.02729],[-121.36457,48.0255],[-121.36542,48.02542],[-121.3659,48.02538],[-121.36628,48.02716]]]},"properties":{"OBJECTID":2497,"NAME":"Henry M Jackson Wilderness","OWNER":"Federal Government","MANAGER":"US Forest Service","MANAGEMENT_TYPE":"Wilderness","GLOBALID":"{0DECE0E1-AA85-4A04-A5A2-8AA5F99A9A35}"}},{"type":"Feature","id":2498,"geometry":{"type":"Polygon","coordinates":[[[-121.44367,47.94105],[-121.45502,47.94399],[-121.45758,47.94279],[-121.46037,47.94352],[-121.44504,47.95064],[-121.44363,47.95038],[-121.44182,47.95026],[-121.44276,47.94948],[-121.44117,47.94908],[-121.44531,47.94706],[-121.44453,47.94686],[-121.44967,47.94439],[-121.4424,47.94255],[-121.4412,47.94226],[-121.4412,47.94228],[-121.44114,47.9432],[-121.44114,47.94322],[-121.44119,47.94421],[-121.44119,47.94423],[-121.44117,47.94484],[-121.44117,47.94486],[-121.44136,47.94566],[-121.44136,47.94568],[-121.44149,47.94619],[-121.44149,47.94621],[-121.44161,47.94697],[-121.44161,47.94698],[-121.44151,47.9478],[-121.44084,47.9488],[-121.44075,47.94951],[-121.44074,47.94953],[-121.4403,47.95024],[-121.43971,47.95066],[-121.43891,47.95108],[-121.43789,47.95136],[-121.43703,47.95149],[-121.43658,47.95187],[-121.43613,47.95208],[-121.43549,47.95116],[-121.43436,47.95029],[-121.43422,47.95029],[-121.43626,47.95262],[-121.43098,47.95471],[-121.42998,47.95357],[-121.42974,47.95329],[-121.42446,47.95537],[-121.42322,47.95396],[-121.42588,47.95291],[-121.42466,47.95149],[-121.42161,47.95035],[-121.41504,47.94784],[-121.41506,47.94783],[-121.42543,47.94356],[-121.43531,47.94746],[-121.43516,47.94722],[-121.43592,47.94678],[-121.43596,47.94665],[-121.43597,47.94663],[-121.43598,47.94649],[-121.43598,47.94648],[-121.436,47.94643],[-121.436,47.94641],[-121.43602,47.94623],[-121.43603,47.94622],[-121.43607,47.94606],[-121.43607,47.94605],[-121.4361,47.94578],[-121.4361,47.94576],[-121.43612,47.94553],[-121.43612,47.94552],[-121.4362,47.94529],[-121.4362,47.94527],[-121.43621,47.94515],[-121.43621,47.94513],[-121.43623,47.94507],[-121.43623,47.94505],[-121.43624,47.94461],[-121.43624,47.94459],[-121.43624,47.94444],[-121.43625,47.94442],[-121.43631,47.94428],[-121.43632,47.94426],[-121.43637,47.94415],[-121.43653,47.94391],[-121.43659,47.94375],[-121.43659,47.94373],[-121.4366,47.94366],[-121.4366,47.94364],[-121.43668,47.94344],[-121.43668,47.94343],[-121.43685,47.94328],[-121.43695,47.94322],[-121.43568,47.9429],[-121.43691,47.94225],[-121.43722,47.94234],[-121.43754,47.94143],[-121.43755,47.94141],[-121.43759,47.94126],[-121.4376,47.94125],[-121.43762,47.94119],[-121.43763,47.94117],[-121.43765,47.94104],[-121.43765,47.94102],[-121.4376,47.94075],[-121.4376,47.94074],[-121.43759,47.94071],[-121.43758,47.94069],[-121.43754,47.94051],[-121.43754,47.94049],[-121.43749,47.9403],[-121.43749,47.94028],[-121.43751,47.94015],[-121.43751,47.94013],[-121.43753,47.93998],[-121.43753,47.93997],[-121.43747,47.93969],[-121.43747,47.93967],[-121.43748,47.93964],[-121.43748,47.93962],[-121.43747,47.93959],[-121.43747,47.93958],[-121.43748,47.93933],[-121.43748,47.93932],[-121.43754,47.93917],[-121.43764,47.93904],[-121.438,47.93871],[-121.43832,47.93836],[-121.43844,47.93819],[-121.43847,47.93812],[-121.4386,47.93788],[-121.43861,47.93787],[-121.43865,47.93772],[-121.43865,47.93771],[-121.43866,47.93764],[-121.43867,47.93762],[-121.43866,47.93733],[-121.43865,47.93731],[-121.43859,47.9371],[-121.43858,47.93708],[-121.43852,47.93698],[-121.43836,47.93687],[-121.43812,47.93674],[-121.43803,47.93669],[-121.43793,47.93655],[-121.43792,47.93649],[-121.43791,47.93647],[-121.4379,47.93645],[-121.43789,47.93643],[-121.43783,47.93624],[-121.43782,47.93622],[-121.4378,47.93606],[-121.4378,47.93604],[-121.43777,47.93588],[-121.43777,47.93586],[-121.43781,47.93571],[-121.43789,47.93559],[-121.43793,47.93554],[-121.43797,47.93549],[-121.43815,47.93542],[-121.4384,47.9352],[-121.43865,47.93505],[-121.4388,47.93496],[-121.43899,47.93486],[-121.43907,47.93476],[-121.43907,47.93474],[-121.43907,47.93451],[-121.43907,47.9345],[-121.43897,47.9339],[-121.43897,47.93389],[-121.43823,47.9337],[-121.43883,47.9326],[-121.43882,47.93235],[-121.43882,47.93234],[-121.4388,47.93202],[-121.4388,47.932],[-121.43883,47.93191],[-121.43884,47.9319],[-121.43885,47.93177],[-121.43885,47.93175],[-121.43888,47.93165],[-121.43888,47.93163],[-121.43889,47.93153],[-121.4389,47.93152],[-121.43894,47.9314],[-121.43894,47.93138],[-121.43902,47.9312],[-121.43902,47.93118],[-121.43905,47.93111],[-121.43906,47.9311],[-121.4391,47.93099],[-121.43914,47.93092],[-121.43918,47.93083],[-121.43918,47.93081],[-121.43935,47.93046],[-121.43935,47.93044],[-121.43525,47.92938],[-121.43604,47.92805],[-121.43938,47.92892],[-121.43937,47.92891],[-121.43931,47.92881],[-121.43931,47.9288],[-121.43927,47.92869],[-121.43927,47.92867],[-121.43927,47.92846],[-121.43927,47.92844],[-121.43927,47.92834],[-121.43927,47.92832],[-121.43934,47.92806],[-121.43935,47.92804],[-121.43937,47.92791],[-121.43937,47.9279],[-121.43937,47.92757],[-121.43937,47.92756],[-121.43935,47.92751],[-121.43935,47.92749],[-121.43932,47.92724],[-121.43932,47.92722],[-121.43913,47.92638],[-121.43913,47.92637],[-121.43908,47.92615],[-121.43907,47.92613],[-121.43904,47.92589],[-121.43904,47.92588],[-121.43902,47.92585],[-121.43902,47.92583],[-121.43902,47.92576],[-121.43903,47.92574],[-121.43941,47.92547],[-121.43953,47.92536],[-121.43954,47.92517],[-121.43954,47.92516],[-121.43947,47.92491],[-121.43952,47.9248],[-121.43979,47.92456],[-121.43982,47.92452],[-121.43987,47.92439],[-121.43987,47.92438],[-121.43986,47.92415],[-121.43985,47.92414],[-121.43981,47.92403],[-121.43973,47.92393],[-121.4396,47.92383],[-121.43959,47.92382],[-121.43934,47.92308],[-121.43921,47.92268],[-121.43921,47.92266],[-121.43915,47.92258],[-121.43904,47.92236],[-121.43903,47.92234],[-121.43901,47.92227],[-121.43901,47.92226],[-121.43898,47.92217],[-121.43898,47.92215],[-121.43897,47.92181],[-121.43897,47.92179],[-121.43896,47.92151],[-121.43896,47.92149],[-121.43895,47.92072],[-121.43895,47.92071],[-121.43895,47.92058],[-121.43894,47.92056],[-121.43891,47.91897],[-121.43891,47.91896],[-121.4389,47.91865],[-121.4389,47.91863],[-121.43888,47.91853],[-121.43888,47.91852],[-121.4388,47.91796],[-121.4388,47.91795],[-121.4388,47.91784],[-121.4388,47.91782],[-121.43882,47.91751],[-121.43883,47.9175],[-121.43889,47.91738],[-121.4389,47.91736],[-121.43893,47.9173],[-121.43896,47.91726],[-121.43911,47.91705],[-121.43923,47.91688],[-121.43928,47.91679],[-121.43937,47.91669],[-121.43955,47.91635],[-121.43956,47.91633],[-121.43959,47.91621],[-121.43959,47.9162],[-121.43959,47.91617],[-121.43959,47.91615],[-121.43958,47.91601],[-121.43958,47.916],[-121.43955,47.91591],[-121.43955,47.9159],[-121.43954,47.91579],[-121.43953,47.91577],[-121.43941,47.91544],[-121.43941,47.91543],[-121.43939,47.91535],[-121.43939,47.91534],[-121.43931,47.91511],[-121.43931,47.91509],[-121.43931,47.91495],[-121.43931,47.91493],[-121.43933,47.91487],[-121.43933,47.91485],[-121.43934,47.91476],[-121.43934,47.91474],[-121.43934,47.9146],[-121.43934,47.91458],[-121.43928,47.91444],[-121.43927,47.91442],[-121.43924,47.91435],[-121.43924,47.91434],[-121.43916,47.91421],[-121.43916,47.91419],[-121.43898,47.91383],[-121.43898,47.91381],[-121.43897,47.91378],[-121.43896,47.91377],[-121.4389,47.91355],[-121.4389,47.91353],[-121.4389,47.91349],[-121.4389,47.91347],[-121.43889,47.91309],[-121.43889,47.91307],[-121.43889,47.91289],[-121.43889,47.91287],[-121.43885,47.91276],[-121.43885,47.91275],[-121.43876,47.91257],[-121.43876,47.91256],[-121.43871,47.91235],[-121.4387,47.91233],[-121.43869,47.91197],[-121.43869,47.91195],[-121.43867,47.91156],[-121.43867,47.91154],[-121.43866,47.91141],[-121.43866,47.9114],[-121.43863,47.91123],[-121.43862,47.91122],[-121.43854,47.91106],[-121.43842,47.9109],[-121.43829,47.91074],[-121.43826,47.91068],[-121.43798,47.91021],[-121.43797,47.9102],[-121.43794,47.91011],[-121.43794,47.91009],[-121.43789,47.91],[-121.43788,47.90998],[-121.43779,47.90974],[-121.43779,47.90973],[-121.43781,47.90955],[-121.43782,47.90953],[-121.43803,47.90906],[-121.43803,47.90905],[-121.43803,47.90866],[-121.43803,47.90865],[-121.43803,47.90859],[-121.43803,47.90857],[-121.43803,47.90855],[-121.43803,47.90854],[-121.43798,47.90817],[-121.43797,47.90816],[-121.43795,47.90811],[-121.4375,47.90767],[-121.43748,47.90763],[-121.43747,47.90762],[-121.43742,47.90751],[-121.43741,47.90749],[-121.43742,47.90739],[-121.43742,47.90738],[-121.43743,47.90735],[-121.43743,47.90733],[-121.43746,47.90715],[-121.43746,47.90713],[-121.43745,47.90679],[-121.43745,47.90677],[-121.43741,47.90657],[-121.4374,47.90656],[-121.43731,47.90637],[-121.43727,47.90631],[-121.43725,47.9062],[-121.43725,47.90619],[-121.4373,47.90604],[-121.43731,47.90602],[-121.43756,47.90557],[-121.43765,47.9054],[-121.43765,47.90538],[-121.43766,47.90536],[-121.43766,47.90535],[-121.43768,47.90524],[-121.43768,47.90523],[-121.43768,47.90515],[-121.43768,47.90514],[-121.43767,47.90488],[-121.43767,47.90487],[-121.43764,47.90475],[-121.43763,47.90473],[-121.43755,47.90458],[-121.43741,47.90439],[-121.43728,47.90424],[-121.43713,47.90411],[-121.43703,47.90399],[-121.43699,47.90392],[-121.43698,47.90391],[-121.43695,47.90379],[-121.43695,47.90378],[-121.43696,47.90361],[-121.43696,47.90359],[-121.43697,47.90357],[-121.43702,47.90347],[-121.43703,47.90345],[-121.43726,47.903],[-121.43726,47.90298],[-121.43727,47.90296],[-121.43729,47.90278],[-121.43729,47.90277],[-121.43726,47.90263],[-121.43726,47.90261],[-121.43717,47.90243],[-121.43713,47.90234],[-121.43701,47.90191],[-121.43688,47.90163],[-121.43683,47.90068],[-121.43683,47.90027],[-121.43675,47.89999],[-121.43644,47.9],[-121.43644,47.89918],[-121.43486,47.89988],[-121.43437,47.90009],[-121.43404,47.89969],[-121.43345,47.89948],[-121.43285,47.89947],[-121.43268,47.8995],[-121.43114,47.89938],[-121.43055,47.89937],[-121.42986,47.89933],[-121.42798,47.89932],[-121.42661,47.89912],[-121.42639,47.89901],[-121.42551,47.899],[-121.42544,47.89918],[-121.42543,47.89919],[-121.42541,47.8993],[-121.42541,47.89932],[-121.4254,47.89934],[-121.42536,47.89942],[-121.42531,47.89948],[-121.42528,47.89953],[-121.42516,47.8997],[-121.42508,47.89986],[-121.42508,47.89987],[-121.42508,47.90003],[-121.42508,47.90004],[-121.4251,47.90008],[-121.4251,47.9001],[-121.42511,47.90014],[-121.42511,47.90016],[-121.42516,47.90028],[-121.42517,47.9003],[-121.42517,47.90032],[-121.42518,47.90033],[-121.42498,47.90023],[-121.42486,47.90012],[-121.42469,47.89998],[-121.42444,47.89988],[-121.42397,47.89981],[-121.4232,47.89965],[-121.4224,47.89948],[-121.42092,47.8993],[-121.41979,47.89916],[-121.41884,47.89912],[-121.41801,47.89912],[-121.41748,47.8992],[-121.41696,47.89927],[-121.41568,47.89938],[-121.41477,47.89937],[-121.41397,47.89931],[-121.41272,47.89924],[-121.41116,47.89922],[-121.40969,47.89928],[-121.40869,47.89939],[-121.4082,47.89951],[-121.40776,47.89968],[-121.40761,47.89975],[-121.40736,47.89973],[-121.40724,47.89972],[-121.40707,47.89972],[-121.40694,47.89979],[-121.40677,47.89981],[-121.40623,47.89976],[-121.40523,47.89976],[-121.40414,47.8999],[-121.40316,47.9002],[-121.40086,47.89979],[-121.40047,47.90031],[-121.40011,47.90095],[-121.39977,47.90148],[-121.39951,47.90191],[-121.39951,47.90192],[-121.39747,47.90156],[-121.39748,47.90154],[-121.39781,47.90118],[-121.39793,47.90094],[-121.39794,47.90092],[-121.39805,47.90057],[-121.39805,47.90055],[-121.39857,47.90023],[-121.39896,47.89993],[-121.39925,47.89966],[-121.39953,47.89948],[-121.39441,47.8987],[-121.39193,47.89831],[-121.39054,47.89807],[-121.38883,47.89778],[-121.38708,47.89759],[-121.38622,47.89758],[-121.3857,47.89771],[-121.38553,47.89778],[-121.38536,47.89787],[-121.38533,47.89787],[-121.38505,47.8981],[-121.38485,47.89831],[-121.38468,47.8986],[-121.3845,47.89892],[-121.38444,47.89901],[-121.38437,47.89908],[-121.38424,47.89928],[-121.38415,47.89953],[-121.38408,47.89935],[-121.38408,47.89933],[-121.38407,47.89904],[-121.38407,47.89903],[-121.38407,47.89877],[-121.38406,47.89875],[-121.38402,47.89866],[-121.38392,47.89859],[-121.38379,47.89862],[-121.38374,47.89867],[-121.38362,47.89878],[-121.38353,47.89883],[-121.38339,47.89879],[-121.38339,47.89878],[-121.38335,47.89859],[-121.38324,47.89842],[-121.38289,47.8982],[-121.38289,47.89818],[-121.38296,47.89803],[-121.38283,47.89786],[-121.38268,47.89774],[-121.3823,47.89758],[-121.38189,47.89734],[-121.38138,47.89689],[-121.38096,47.89657],[-121.38053,47.89635],[-121.38053,47.89634],[-121.38049,47.89619],[-121.38038,47.89605],[-121.38017,47.89593],[-121.37991,47.89567],[-121.37953,47.8955],[-121.37928,47.8955],[-121.37914,47.8955],[-121.37874,47.8956],[-121.37864,47.8956],[-121.37864,47.89559],[-121.37864,47.8955],[-121.37864,47.89549],[-121.37864,47.89537],[-121.37843,47.89523],[-121.37819,47.89512],[-121.37786,47.89499],[-121.37739,47.89485],[-121.37654,47.89467],[-121.37601,47.89459],[-121.37563,47.89462],[-121.37532,47.89476],[-121.37503,47.89494],[-121.37484,47.89505],[-121.37461,47.89492],[-121.37431,47.89479],[-121.37384,47.89479],[-121.3734,47.89478],[-121.37318,47.89478],[-121.37304,47.89465],[-121.373,47.89464],[-121.373,47.89462],[-121.37273,47.89454],[-121.3724,47.89452],[-121.3722,47.89457],[-121.37185,47.89441],[-121.3716,47.89428],[-121.3712,47.89408],[-121.3707,47.89388],[-121.37046,47.8938],[-121.37025,47.89372],[-121.36982,47.89362],[-121.36946,47.89366],[-121.36906,47.89368],[-121.36882,47.8938],[-121.36878,47.89381],[-121.36818,47.89397],[-121.36798,47.89401],[-121.36783,47.89397],[-121.3678,47.89389],[-121.36779,47.89387],[-121.36759,47.89354],[-121.36743,47.89346],[-121.36727,47.89337],[-121.36689,47.89336],[-121.36644,47.89332],[-121.36594,47.8932],[-121.36528,47.89316],[-121.36457,47.893],[-121.36412,47.89295],[-121.36364,47.89281],[-121.36286,47.89269],[-121.36223,47.8927],[-121.36194,47.89279],[-121.36168,47.89274],[-121.36136,47.89266],[-121.36092,47.89266],[-121.3606,47.89271],[-121.36035,47.89265],[-121.36,47.89248],[-121.35962,47.89249],[-121.35939,47.89248],[-121.35899,47.89236],[-121.35831,47.89232],[-121.35782,47.89247],[-121.35752,47.8924],[-121.35736,47.89223],[-121.35706,47.89217],[-121.35671,47.89209],[-121.35638,47.89208],[-121.35582,47.89195],[-121.35523,47.89187],[-121.35442,47.89176],[-121.35381,47.89173],[-121.35321,47.89173],[-121.35306,47.89174],[-121.35296,47.89167],[-121.35296,47.89165],[-121.35296,47.8916],[-121.35296,47.89159],[-121.35301,47.8914],[-121.35301,47.89139],[-121.35301,47.89122],[-121.35285,47.8911],[-121.35285,47.89109],[-121.3528,47.89091],[-121.35241,47.89068],[-121.35181,47.8906],[-121.35084,47.89051],[-121.35027,47.89056],[-121.34978,47.89083],[-121.34934,47.89081],[-121.34875,47.89094],[-121.3485,47.8912],[-121.34828,47.89145],[-121.34781,47.89105],[-121.34727,47.89091],[-121.34628,47.89093],[-121.34558,47.89085],[-121.3445,47.89078],[-121.3436,47.89094],[-121.34316,47.89082],[-121.34207,47.89095],[-121.34052,47.89102],[-121.3396,47.8913],[-121.33916,47.89114],[-121.33866,47.89114],[-121.33805,47.89129],[-121.33705,47.89138],[-121.33605,47.89149],[-121.33506,47.89173],[-121.33422,47.89197],[-121.33354,47.89231],[-121.3328,47.89275],[-121.33206,47.89314],[-121.33153,47.89342],[-121.33124,47.89366],[-121.33114,47.89401],[-121.33114,47.89402],[-121.33109,47.89413],[-121.33109,47.89414],[-121.33099,47.89416],[-121.33085,47.89409],[-121.33077,47.89408],[-121.33064,47.89408],[-121.33062,47.89409],[-121.33048,47.89415],[-121.33009,47.89445],[-121.3299,47.89463],[-121.32985,47.89474],[-121.32985,47.89475],[-121.32952,47.89492],[-121.32928,47.89507],[-121.32919,47.89538],[-121.32918,47.89539],[-121.32869,47.89569],[-121.32867,47.8957],[-121.32833,47.89599],[-121.32806,47.8963],[-121.3277,47.89674],[-121.32703,47.89704],[-121.32678,47.89728],[-121.32655,47.89777],[-121.32655,47.89779],[-121.32645,47.89809],[-121.32645,47.8981],[-121.32656,47.89853],[-121.32656,47.89854],[-121.32636,47.89906],[-121.32636,47.89908],[-121.32589,47.89948],[-121.32547,47.89986],[-121.32507,47.90002],[-121.32461,47.90022],[-121.32457,47.90044],[-121.32456,47.90045],[-121.32467,47.90055],[-121.32486,47.90064],[-121.32472,47.90078],[-121.32442,47.90089],[-121.32393,47.90129],[-121.32335,47.90199],[-121.32277,47.90245],[-121.32226,47.90312],[-121.32226,47.90331],[-121.32226,47.90332],[-121.32238,47.90342],[-121.32245,47.90353],[-121.32239,47.90365],[-121.32239,47.90366],[-121.3221,47.90386],[-121.3219,47.90406],[-121.32141,47.90432],[-121.32093,47.90496],[-121.32054,47.9055],[-121.32039,47.90595],[-121.32006,47.90634],[-121.3195,47.90699],[-121.31899,47.90777],[-121.31876,47.90834],[-121.31876,47.90835],[-121.31856,47.90851],[-121.31831,47.90851],[-121.31808,47.90843],[-121.31776,47.90842],[-121.31736,47.90852],[-121.31698,47.90865],[-121.31656,47.9088],[-121.31607,47.90931],[-121.31546,47.90999],[-121.31551,47.91021],[-121.31552,47.91023],[-121.31593,47.91043],[-121.31626,47.91064],[-121.31602,47.91086],[-121.31543,47.91099],[-121.31492,47.91138],[-121.31456,47.91212],[-121.31456,47.91213],[-121.31462,47.91286],[-121.31462,47.91288],[-121.31477,47.91324],[-121.31477,47.91326],[-121.31477,47.91352],[-121.31452,47.91393],[-121.31452,47.91394],[-121.31451,47.91428],[-121.31451,47.9143],[-121.31431,47.91521],[-121.31431,47.91523],[-121.31437,47.91582],[-121.31436,47.91583],[-121.31419,47.91697],[-121.31418,47.91699],[-121.314,47.91781],[-121.314,47.91782],[-121.31372,47.91867],[-121.31372,47.91869],[-121.3137,47.91916],[-121.3137,47.91918],[-121.31348,47.91942],[-121.3126,47.92009],[-121.31211,47.92023],[-121.31172,47.92055],[-121.31153,47.92105],[-121.31153,47.92107],[-121.31153,47.92138],[-121.31154,47.9214],[-121.31168,47.92168],[-121.31169,47.9217],[-121.31188,47.92208],[-121.31189,47.92209],[-121.31202,47.92233],[-121.31224,47.92255],[-121.31229,47.92267],[-121.31229,47.92269],[-121.31222,47.92292],[-121.31222,47.92294],[-121.31222,47.92312],[-121.31222,47.92314],[-121.31225,47.92344],[-121.31226,47.92345],[-121.31201,47.92375],[-121.31192,47.92404],[-121.31192,47.92406],[-121.31178,47.92447],[-121.31178,47.92449],[-121.30306,47.9246],[-121.30306,47.92599],[-121.30306,47.926],[-121.30248,47.92605],[-121.30212,47.92607],[-121.3017,47.926],[-121.30107,47.926],[-121.30065,47.92602],[-121.30038,47.92582],[-121.30002,47.92573],[-121.29966,47.92579],[-121.29936,47.92563],[-121.2987,47.92557],[-121.29808,47.92572],[-121.29769,47.92596],[-121.29757,47.92596],[-121.29665,47.92589],[-121.29587,47.92591],[-121.29536,47.92584],[-121.29485,47.92588],[-121.29452,47.92578],[-121.29399,47.92575],[-121.29354,47.92575],[-121.29306,47.92591],[-121.29258,47.92582],[-121.29205,47.92584],[-121.29151,47.92604],[-121.29106,47.92599],[-121.29055,47.92595],[-121.29016,47.92573],[-121.28944,47.92546],[-121.28893,47.9252],[-121.28827,47.92506],[-121.288,47.92498],[-121.28776,47.92472],[-121.2876,47.92434],[-121.28724,47.92405],[-121.28703,47.92391],[-121.28667,47.92381],[-121.28616,47.92381],[-121.2858,47.92385],[-121.28539,47.92414],[-121.28506,47.92438],[-121.28479,47.92471],[-121.2855,47.92684],[-121.28672,47.92828],[-121.28816,47.92906],[-121.29055,47.93033],[-121.29302,47.93126],[-121.29601,47.93046],[-121.29825,47.93073],[-121.30564,47.93095],[-121.31266,47.93111],[-121.31284,47.93122],[-121.31297,47.93128],[-121.31331,47.9314],[-121.31374,47.93145],[-121.31415,47.93147],[-121.31433,47.93144],[-121.31477,47.93133],[-121.31518,47.93116],[-121.31577,47.9309],[-121.31612,47.93079],[-121.31631,47.93074],[-121.31641,47.93071],[-121.31651,47.9307],[-121.31671,47.93068],[-121.31675,47.93068],[-121.31709,47.93065],[-121.31757,47.93063],[-121.31797,47.93059],[-121.31812,47.93055],[-121.31869,47.9304],[-121.31917,47.93025],[-121.31948,47.93019],[-121.31983,47.93017],[-121.32019,47.93012],[-121.32038,47.93007],[-121.32079,47.92995],[-121.3212,47.92976],[-121.32141,47.92966],[-121.32172,47.92964],[-121.32207,47.92971],[-121.32244,47.92976],[-121.32297,47.92981],[-121.3239,47.92981],[-121.32485,47.92976],[-121.32548,47.92972],[-121.32598,47.92963],[-121.32681,47.92944],[-121.32738,47.92927],[-121.32786,47.92919],[-121.32812,47.92913],[-121.32818,47.92911],[-121.32867,47.92897],[-121.32908,47.92888],[-121.32935,47.92883],[-121.32997,47.9288],[-121.33039,47.9287],[-121.33179,47.92824],[-121.33195,47.92817],[-121.33403,47.92765],[-121.3362,47.92723],[-121.33793,47.92659],[-121.34027,47.92627],[-121.34014,47.92489],[-121.34014,47.92488],[-121.34119,47.92363],[-121.34198,47.92186],[-121.34199,47.92185],[-121.34205,47.92013],[-121.34067,47.91855],[-121.34045,47.9169],[-121.34045,47.91688],[-121.34157,47.91588],[-121.34236,47.91429],[-121.34331,47.91255],[-121.34331,47.91253],[-121.34393,47.91076],[-121.34394,47.91074],[-121.34468,47.90899],[-121.34469,47.90898],[-121.3454,47.90706],[-121.34541,47.90704],[-121.34707,47.90609],[-121.34938,47.90528],[-121.35124,47.90524],[-121.35388,47.90527],[-121.35674,47.90605],[-121.35895,47.90572],[-121.36126,47.90612],[-121.36321,47.90714],[-121.36462,47.909],[-121.36636,47.90939],[-121.36909,47.90913],[-121.37255,47.91355],[-121.37644,47.9186],[-121.37789,47.92042],[-121.37998,47.92289],[-121.38143,47.92461],[-121.38141,47.92475],[-121.38142,47.92477],[-121.38147,47.92495],[-121.38148,47.92496],[-121.38158,47.92513],[-121.38172,47.92523],[-121.38183,47.92532],[-121.38191,47.92545],[-121.38191,47.92547],[-121.38192,47.92552],[-121.38192,47.92554],[-121.38193,47.9257],[-121.38193,47.92572],[-121.3819,47.92585],[-121.38189,47.92587],[-121.38183,47.92601],[-121.38162,47.92617],[-121.3815,47.9263],[-121.38142,47.92644],[-121.38141,47.92645],[-121.38139,47.92656],[-121.38138,47.92658],[-121.3814,47.92678],[-121.38141,47.92679],[-121.38146,47.92698],[-121.38146,47.92699],[-121.38149,47.92721],[-121.38149,47.92723],[-121.38147,47.92743],[-121.38147,47.92745],[-121.38147,47.92757],[-121.38147,47.92758],[-121.38158,47.92777],[-121.38169,47.92797],[-121.38183,47.92816],[-121.38189,47.9283],[-121.38189,47.92832],[-121.3819,47.92836],[-121.3819,47.92838],[-121.38186,47.92855],[-121.38186,47.92857],[-121.3818,47.92875],[-121.38179,47.92876],[-121.38172,47.92889],[-121.38159,47.9291],[-121.38144,47.92928],[-121.3815,47.9294],[-121.3815,47.92942],[-121.38157,47.92952],[-121.38157,47.92954],[-121.38165,47.92971],[-121.38166,47.92972],[-121.38191,47.92989],[-121.38202,47.92999],[-121.3821,47.93017],[-121.38228,47.93036],[-121.38241,47.93055],[-121.38253,47.93073],[-121.38268,47.93092],[-121.38278,47.93109],[-121.38293,47.93117],[-121.3831,47.93122],[-121.38337,47.9313],[-121.38355,47.93138],[-121.3836,47.93144],[-121.38361,47.93149],[-121.38361,47.9315],[-121.38361,47.93164],[-121.3836,47.93165],[-121.38356,47.93178],[-121.38355,47.93179],[-121.38345,47.932],[-121.38344,47.93201],[-121.38344,47.93213],[-121.38345,47.93215],[-121.38348,47.93219],[-121.38362,47.93239],[-121.38367,47.93252],[-121.38368,47.93253],[-121.38374,47.93258],[-121.38384,47.93262],[-121.38413,47.93267],[-121.38431,47.93273],[-121.3845,47.93281],[-121.3846,47.93293],[-121.38467,47.93313],[-121.38479,47.93325],[-121.3849,47.93346],[-121.3849,47.93348],[-121.38494,47.93369],[-121.38495,47.93371],[-121.38498,47.93384],[-121.38499,47.93386],[-121.38507,47.93405],[-121.38514,47.93412],[-121.38532,47.93427],[-121.38543,47.93445],[-121.3855,47.93451],[-121.38571,47.93469],[-121.38587,47.93478],[-121.38603,47.93491],[-121.38611,47.93504],[-121.38612,47.93505],[-121.38617,47.93522],[-121.38617,47.93523],[-121.38624,47.93535],[-121.38642,47.93544],[-121.38659,47.93557],[-121.38678,47.93562],[-121.38707,47.93564],[-121.38728,47.93568],[-121.38756,47.93579],[-121.38784,47.93581],[-121.38792,47.93584],[-121.38807,47.93593],[-121.38812,47.93601],[-121.3882,47.93615],[-121.38819,47.93622],[-121.38824,47.93634],[-121.38824,47.93635],[-121.38823,47.93646],[-121.38822,47.93647],[-121.38842,47.93664],[-121.38855,47.93672],[-121.38871,47.93686],[-121.38875,47.93693],[-121.38886,47.93707],[-121.3891,47.93718],[-121.38925,47.93726],[-121.3894,47.93735],[-121.38948,47.93747],[-121.38949,47.93754],[-121.38936,47.93772],[-121.38936,47.93784],[-121.38936,47.93786],[-121.38947,47.93798],[-121.38968,47.93809],[-121.38984,47.93814],[-121.38991,47.93817],[-121.39006,47.93826],[-121.39029,47.9384],[-121.39057,47.93844],[-121.39065,47.93846],[-121.39072,47.93852],[-121.39074,47.93856],[-121.39075,47.93858],[-121.39085,47.93876],[-121.39086,47.93878],[-121.39086,47.93897],[-121.39086,47.93899],[-121.39088,47.93903],[-121.39089,47.93905],[-121.39094,47.93924],[-121.39094,47.93926],[-121.39113,47.93938],[-121.39132,47.93962],[-121.39149,47.93982],[-121.39165,47.93991],[-121.39187,47.93999],[-121.3921,47.94011],[-121.39223,47.94022],[-121.39237,47.94034],[-121.39248,47.94052],[-121.39249,47.94053],[-121.39254,47.94072],[-121.39254,47.94073],[-121.39256,47.9408],[-121.39256,47.94081],[-121.39259,47.94093],[-121.39259,47.94095],[-121.39256,47.94107],[-121.39255,47.94108],[-121.39254,47.94114],[-121.39253,47.94115],[-121.39247,47.94128],[-121.39241,47.94139],[-121.3924,47.94141],[-121.39241,47.94147],[-121.39242,47.94149],[-121.39247,47.94162],[-121.39248,47.94163],[-121.39257,47.94181],[-121.39267,47.94195],[-121.3928,47.94208],[-121.39303,47.94222],[-121.39323,47.9424],[-121.39336,47.94249],[-121.39349,47.94259],[-121.39357,47.9427],[-121.39374,47.9429],[-121.39378,47.943],[-121.39379,47.94302],[-121.39381,47.94317],[-121.39393,47.94332],[-121.39407,47.94346],[-121.39419,47.94365],[-121.39419,47.94367],[-121.3942,47.94371],[-121.3942,47.94373],[-121.39419,47.94386],[-121.39419,47.94388],[-121.39421,47.94401],[-121.39422,47.94403],[-121.39423,47.94417],[-121.39423,47.94418],[-121.39419,47.94437],[-121.39419,47.94438],[-121.39421,47.94446],[-121.39421,47.94447],[-121.39426,47.94461],[-121.39426,47.94463],[-121.39427,47.94474],[-121.39426,47.94475],[-121.39424,47.94487],[-121.39424,47.94489],[-121.39424,47.94502],[-121.39432,47.94516],[-121.39438,47.94527],[-121.3946,47.9454],[-121.39479,47.94551],[-121.39494,47.94563],[-121.39506,47.94579],[-121.39518,47.94595],[-121.39533,47.94612],[-121.39544,47.94632],[-121.39561,47.94652],[-121.39569,47.94666],[-121.39569,47.94668],[-121.3957,47.94674],[-121.3957,47.94675],[-121.39572,47.94694],[-121.39572,47.94696],[-121.39577,47.94705],[-121.39578,47.94706],[-121.39597,47.9472],[-121.39625,47.94732],[-121.39687,47.94828],[-121.39789,47.95054],[-121.3979,47.95056],[-121.39865,47.95213],[-121.39865,47.95214],[-121.39912,47.95392],[-121.39912,47.95394],[-121.40033,47.95884],[-121.40033,47.95885],[-121.4007,47.96185],[-121.4011,47.96169],[-121.40639,47.95964],[-121.4074,47.95925],[-121.40605,47.95524],[-121.40471,47.95123],[-121.40702,47.95064],[-121.40915,47.95032],[-121.41169,47.94964],[-121.41434,47.95768],[-121.41779,47.95669],[-121.4183,47.95748],[-121.41187,47.95919],[-121.40965,47.96013],[-121.40961,47.96034],[-121.40936,47.96038],[-121.40845,47.96073],[-121.40739,47.96115],[-121.40208,47.96321],[-121.40135,47.96349],[-121.40136,47.96351],[-121.40162,47.96417],[-121.40163,47.96419],[-121.40208,47.96532],[-121.40611,47.96565],[-121.40596,47.96648],[-121.40718,47.96617],[-121.40846,47.96608],[-121.40846,47.9653],[-121.40932,47.96491],[-121.40989,47.96491],[-121.4092,47.96603],[-121.41417,47.96579],[-121.4157,47.96417],[-121.41643,47.96339],[-121.41691,47.96344],[-121.41732,47.96279],[-121.41797,47.96282],[-121.41791,47.9618],[-121.41856,47.96159],[-121.41759,47.96008],[-121.42074,47.95917],[-121.42153,47.96038],[-121.42089,47.95866],[-121.42088,47.95766],[-121.42321,47.95652],[-121.4232,47.95632],[-121.42566,47.95632],[-121.42812,47.95633],[-121.42875,47.96456],[-121.42628,47.96456],[-121.42381,47.96456],[-121.42009,47.96442],[-121.41853,47.96435],[-121.41888,47.96593],[-121.42247,47.96623],[-121.41877,47.96959],[-121.41847,47.96946],[-121.41642,47.96856],[-121.41438,47.96765],[-121.41372,47.96736],[-121.40846,47.96774],[-121.40927,47.96818],[-121.40974,47.96829],[-121.41046,47.96833],[-121.41266,47.96884],[-121.4153,47.97013],[-121.41629,47.97039],[-121.41739,47.97065],[-121.41848,47.97087],[-121.41902,47.97093],[-121.41955,47.97106],[-121.42006,47.97124],[-121.42044,47.97144],[-121.42071,47.97167],[-121.42087,47.9716],[-121.42144,47.97152],[-121.42214,47.97152],[-121.42292,47.97147],[-121.42376,47.97143],[-121.4246,47.97139],[-121.42538,47.97121],[-121.42603,47.97117],[-121.42628,47.97118],[-121.42645,47.9713],[-121.42668,47.97146],[-121.42693,47.97161],[-121.42721,47.9717],[-121.42782,47.97179],[-121.42829,47.97182],[-121.42869,47.97185],[-121.42899,47.97188],[-121.4295,47.97187],[-121.43,47.97187],[-121.43034,47.97177],[-121.43074,47.97169],[-121.43133,47.97156],[-121.43145,47.97132],[-121.43145,47.9713],[-121.43146,47.97099],[-121.43146,47.97097],[-121.43161,47.97083],[-121.43177,47.97066],[-121.43183,47.97044],[-121.43183,47.97043],[-121.43184,47.97022],[-121.43184,47.9702],[-121.43194,47.96976],[-121.43194,47.96975],[-121.43195,47.96957],[-121.43195,47.96955],[-121.4321,47.96939],[-121.43234,47.96914],[-121.43292,47.96844],[-121.43312,47.9681],[-121.43333,47.96785],[-121.43348,47.96755],[-121.43368,47.96729],[-121.4339,47.96709],[-121.43411,47.96695],[-121.43453,47.96673],[-121.43493,47.96651],[-121.43537,47.96623],[-121.4359,47.9659],[-121.43625,47.9656],[-121.43668,47.96538],[-121.43691,47.96541],[-121.43718,47.96553],[-121.43758,47.96566],[-121.43787,47.96571],[-121.43823,47.96592],[-121.43851,47.96606],[-121.43872,47.96609],[-121.43918,47.96622],[-121.43975,47.96626],[-121.44004,47.96635],[-121.44038,47.96648],[-121.4407,47.96653],[-121.44093,47.96662],[-121.44148,47.96682],[-121.44218,47.96703],[-121.44287,47.96727],[-121.44323,47.96737],[-121.44363,47.96752],[-121.44386,47.96768],[-121.44417,47.96781],[-121.4445,47.96786],[-121.44496,47.96793],[-121.44535,47.96797],[-121.4458,47.96803],[-121.44617,47.96806],[-121.44649,47.96806],[-121.44702,47.968],[-121.44742,47.96796],[-121.44786,47.96791],[-121.44836,47.96781],[-121.44865,47.96777],[-121.44905,47.96778],[-121.44973,47.96781],[-121.45001,47.96781],[-121.45025,47.96789],[-121.45045,47.96805],[-121.45059,47.96815],[-121.45079,47.96824],[-121.45116,47.96831],[-121.45142,47.96831],[-121.45177,47.96834],[-121.45181,47.96834],[-121.45722,47.96842],[-121.4572,47.96479],[-121.45181,47.9648],[-121.45195,47.95027],[-121.45626,47.9503],[-121.46035,47.9503],[-121.45524,47.94924],[-121.45594,47.94756],[-121.46138,47.94894],[-121.46208,47.94734],[-121.46418,47.94784],[-121.46496,47.94623],[-121.47088,47.9477],[-121.47009,47.94931],[-121.47337,47.95029],[-121.47337,47.95266],[-121.47338,47.96476],[-121.47878,47.96477],[-121.49497,47.96478],[-121.49492,47.96838],[-121.49166,47.96838],[-121.49181,47.96863],[-121.49194,47.96876],[-121.49225,47.96883],[-121.49226,47.96884],[-121.49236,47.96905],[-121.49227,47.96928],[-121.49227,47.9693],[-121.49228,47.96947],[-121.49243,47.96968],[-121.4928,47.97005],[-121.49329,47.97051],[-121.49372,47.97094],[-121.49416,47.97127],[-121.49439,47.97156],[-121.49465,47.97173],[-121.49485,47.97186],[-121.49516,47.97227],[-121.49531,47.97247],[-121.49564,47.97294],[-121.49598,47.97341],[-121.49638,47.97383],[-121.49671,47.97411],[-121.49685,47.97433],[-121.49708,47.97455],[-121.49735,47.97484],[-121.49755,47.97508],[-121.49756,47.97541],[-121.49756,47.97543],[-121.49766,47.97597],[-121.49808,47.97649],[-121.49848,47.97693],[-121.4988,47.97718],[-121.49931,47.97743],[-121.49957,47.97753],[-121.5001,47.97781],[-121.50056,47.9781],[-121.50093,47.97835],[-121.50104,47.97851],[-121.50129,47.97874],[-121.50161,47.97895],[-121.50192,47.97918],[-121.50207,47.97933],[-121.50538,47.97937],[-121.51598,47.97951],[-121.51629,47.96476],[-121.51632,47.96137],[-121.51079,47.96134],[-121.5109,47.95419],[-121.49492,47.95397],[-121.4949,47.95039],[-121.48833,47.95037],[-121.48831,47.93585],[-121.49904,47.93583],[-121.50579,47.93576],[-121.52105,47.9356],[-121.54254,47.93562],[-121.56395,47.9356],[-121.57433,47.93559],[-121.5744,47.92852],[-121.58265,47.92855],[-121.58267,47.92547],[-121.59349,47.92562],[-121.59345,47.9221],[-121.60435,47.92221],[-121.60436,47.91857],[-121.59083,47.91852],[-121.59084,47.91486],[-121.59084,47.91484],[-121.60436,47.91495],[-121.60437,47.91132],[-121.58802,47.91131],[-121.58801,47.91472],[-121.58273,47.91478],[-121.58276,47.90761],[-121.60437,47.90767],[-121.60477,47.90761],[-121.625,47.90663],[-121.62577,47.89532],[-121.62543,47.89522],[-121.62514,47.89511],[-121.62475,47.89496],[-121.62384,47.89473],[-121.62314,47.89457],[-121.62257,47.89442],[-121.62211,47.8942],[-121.6219,47.8941],[-121.62158,47.89383],[-121.62132,47.89349],[-121.62118,47.89333],[-121.62083,47.89313],[-121.62054,47.89297],[-121.62057,47.89297],[-121.62593,47.89296],[-121.62614,47.88577],[-121.62695,47.8785],[-121.6267,47.87123],[-121.61664,47.87119],[-121.61643,47.86379],[-121.61673,47.85817],[-121.61673,47.85816],[-121.61348,47.85691],[-121.61253,47.85692],[-121.61081,47.85708],[-121.61031,47.85758],[-121.60753,47.85827],[-121.60358,47.86017],[-121.5973,47.85735],[-121.59607,47.8567],[-121.60026,47.85462],[-121.60384,47.85299],[-121.60381,47.84938],[-121.58465,47.8494],[-121.58464,47.85288],[-121.5633,47.85288],[-121.56355,47.84933],[-121.56355,47.84931],[-121.56311,47.84205],[-121.54123,47.84213],[-121.54097,47.84562],[-121.53072,47.84562],[-121.53078,47.84923],[-121.52003,47.84908],[-121.51209,47.84902],[-121.51199,47.8493],[-121.512,47.84965],[-121.51191,47.84975],[-121.512,47.85054],[-121.51001,47.85206],[-121.50958,47.85239],[-121.50799,47.8536],[-121.50597,47.8559],[-121.50583,47.85606],[-121.50386,47.8585],[-121.50356,47.85888],[-121.50227,47.85958],[-121.50104,47.86025],[-121.49947,47.86041],[-121.49827,47.86045],[-121.49826,47.86142],[-121.49825,47.8623],[-121.49824,47.86313],[-121.49316,47.86313],[-121.4931,47.86313],[-121.49301,47.86313],[-121.49291,47.86313],[-121.49273,47.86329],[-121.49214,47.86361],[-121.49163,47.86384],[-121.49058,47.86419],[-121.48966,47.86445],[-121.48901,47.86452],[-121.48861,47.86423],[-121.48861,47.86645],[-121.48173,47.86638],[-121.48297,47.8659],[-121.48298,47.86369],[-121.482,47.86384],[-121.48088,47.86405],[-121.47958,47.86441],[-121.47825,47.86489],[-121.47783,47.86505],[-121.47715,47.86532],[-121.47617,47.86576],[-121.47533,47.86627],[-121.47452,47.86683],[-121.47379,47.86746],[-121.47292,47.86828],[-121.47291,47.86904],[-121.47291,47.86905],[-121.47223,47.86934],[-121.47231,47.86953],[-121.47231,47.86955],[-121.47222,47.86957],[-121.47162,47.86989],[-121.47113,47.87034],[-121.47073,47.87076],[-121.47031,47.87109],[-121.46959,47.87161],[-121.46924,47.87194],[-121.46876,47.87228],[-121.46834,47.87277],[-121.46816,47.87292],[-121.46772,47.87322],[-121.46737,47.87347],[-121.46704,47.87379],[-121.46686,47.87407],[-121.46663,47.87432],[-121.46641,47.87451],[-121.46597,47.87487],[-121.4658,47.87499],[-121.4658,47.87527],[-121.4658,47.87528],[-121.46573,47.87551],[-121.46552,47.87576],[-121.46518,47.876],[-121.46476,47.8762],[-121.46384,47.87655],[-121.46297,47.87694],[-121.46242,47.87711],[-121.46227,47.87715],[-121.4622,47.87717],[-121.46664,47.87718],[-121.46666,47.88079],[-121.46132,47.8808],[-121.46134,47.89169],[-121.467,47.89167],[-121.46705,47.89516],[-121.45601,47.8951],[-121.45599,47.89172],[-121.45163,47.89172],[-121.45107,47.89172],[-121.45106,47.89186],[-121.45106,47.89187],[-121.45094,47.89216],[-121.45093,47.89218],[-121.45086,47.8924],[-121.45085,47.89241],[-121.45084,47.89258],[-121.45085,47.8926],[-121.45088,47.89272],[-121.45109,47.89297],[-121.45124,47.89325],[-121.45124,47.89326],[-121.45126,47.89337],[-121.45127,47.89339],[-121.45131,47.89349],[-121.45131,47.89351],[-121.45137,47.89363],[-121.45145,47.89373],[-121.45194,47.89406],[-121.45209,47.89417],[-121.4522,47.89427],[-121.45229,47.89436],[-121.45233,47.89444],[-121.45256,47.89476],[-121.45279,47.89502],[-121.45283,47.89509],[-121.45303,47.89529],[-121.45338,47.89557],[-121.45347,47.89568],[-121.45351,47.89574],[-121.45351,47.89576],[-121.45352,47.89602],[-121.45352,47.89604],[-121.4535,47.89609],[-121.4535,47.89611],[-121.45349,47.89632],[-121.45349,47.89633],[-121.45355,47.89649],[-121.45355,47.89651],[-121.45368,47.8967],[-121.45377,47.89676],[-121.45398,47.89686],[-121.45421,47.8969],[-121.45478,47.89692],[-121.45498,47.89692],[-121.45508,47.89695],[-121.45517,47.89703],[-121.45517,47.89704],[-121.45523,47.89715],[-121.45523,47.89717],[-121.45537,47.89748],[-121.45543,47.89757],[-121.45554,47.89763],[-121.45589,47.89776],[-121.45604,47.89782],[-121.4561,47.89785],[-121.45635,47.89795],[-121.45652,47.89804],[-121.45671,47.89822],[-121.45671,47.89823],[-121.45675,47.89838],[-121.45682,47.89848],[-121.45691,47.89853],[-121.45706,47.89862],[-121.45733,47.89881],[-121.45781,47.89928],[-121.45786,47.89935],[-121.45819,47.89967],[-121.45823,47.89974],[-121.45839,47.89988],[-121.45851,47.89997],[-121.45868,47.90008],[-121.45899,47.9002],[-121.45925,47.90026],[-121.45965,47.90026],[-121.46016,47.90014],[-121.46028,47.90014],[-121.46052,47.90013],[-121.46104,47.90018],[-121.46125,47.90025],[-121.4615,47.90047],[-121.46158,47.90056],[-121.46169,47.9007],[-121.46182,47.9008],[-121.46196,47.90088],[-121.46232,47.90099],[-121.46267,47.90104],[-121.46301,47.90114],[-121.46323,47.90125],[-121.46342,47.90135],[-121.46363,47.90152],[-121.46395,47.90187],[-121.46439,47.9024],[-121.46448,47.90247],[-121.4647,47.90261],[-121.46491,47.90271],[-121.46519,47.90278],[-121.46526,47.90278],[-121.4659,47.90288],[-121.46628,47.90299],[-121.4665,47.9031],[-121.46653,47.90312],[-121.46674,47.9033],[-121.46687,47.90348],[-121.46689,47.90353],[-121.4669,47.90354],[-121.46693,47.90379],[-121.46693,47.9038],[-121.46697,47.90392],[-121.46702,47.90399],[-121.46716,47.90404],[-121.46725,47.90406],[-121.4676,47.90404],[-121.468,47.90394],[-121.46825,47.90387],[-121.46848,47.90385],[-121.46859,47.90385],[-121.47024,47.90428],[-121.47098,47.90443],[-121.47138,47.90457],[-121.47146,47.90463],[-121.47155,47.90475],[-121.47191,47.90507],[-121.47206,47.90516],[-121.4723,47.90532],[-121.47246,47.90537],[-121.47269,47.90542],[-121.47315,47.90546],[-121.47413,47.90549],[-121.47434,47.90551],[-121.47449,47.90551],[-121.47558,47.90549],[-121.47575,47.90551],[-121.47625,47.90595],[-121.47636,47.90602],[-121.47656,47.90608],[-121.47691,47.9061],[-121.47702,47.90615],[-121.47702,47.90617],[-121.47717,47.90682],[-121.47717,47.90684],[-121.47724,47.90701],[-121.4773,47.90709],[-121.47738,47.90716],[-121.47764,47.90727],[-121.47781,47.90733],[-121.47788,47.9074],[-121.47795,47.90748],[-121.4782,47.90775],[-121.47842,47.9079],[-121.47892,47.90813],[-121.47911,47.90822],[-121.47918,47.9083],[-121.47921,47.90836],[-121.47921,47.90838],[-121.47922,47.90844],[-121.47923,47.90846],[-121.47933,47.90873],[-121.47942,47.90886],[-121.47956,47.90897],[-121.47961,47.909],[-121.48001,47.90925],[-121.48077,47.90961],[-121.48095,47.90973],[-121.48113,47.90979],[-121.48147,47.91],[-121.48164,47.91016],[-121.48176,47.91034],[-121.48186,47.91047],[-121.48217,47.91104],[-121.4822,47.9111],[-121.48221,47.91111],[-121.48224,47.91118],[-121.48228,47.91124],[-121.48236,47.9114],[-121.48237,47.91141],[-121.48239,47.91148],[-121.48239,47.91149],[-121.48273,47.91222],[-121.48282,47.9123],[-121.48305,47.91245],[-121.48344,47.91263],[-121.48352,47.91266],[-121.4842,47.91291],[-121.4843,47.91299],[-121.48435,47.91305],[-121.4844,47.9131],[-121.48455,47.91316],[-121.4846,47.91318],[-121.48474,47.91327],[-121.48492,47.91353],[-121.48518,47.91378],[-121.48555,47.91399],[-121.48574,47.91405],[-121.48599,47.91414],[-121.48644,47.91433],[-121.48689,47.91463],[-121.48705,47.91478],[-121.48722,47.91495],[-121.48727,47.91501],[-121.48757,47.91533],[-121.48762,47.91539],[-121.48773,47.9155],[-121.48791,47.91565],[-121.4881,47.91576],[-121.48839,47.91588],[-121.48839,47.9159],[-121.48838,47.91769],[-121.48838,47.91771],[-121.47771,47.9178],[-121.47771,47.91778],[-121.47753,47.91725],[-121.47718,47.91712],[-121.4768,47.91696],[-121.47635,47.9169],[-121.47581,47.9171],[-121.47484,47.91741],[-121.47423,47.91754],[-121.4741,47.91747],[-121.47396,47.91726],[-121.47345,47.9169],[-121.47323,47.91657],[-121.47322,47.91623],[-121.47322,47.91621],[-121.47318,47.91565],[-121.47318,47.91564],[-121.47317,47.91514],[-121.47317,47.91512],[-121.47282,47.9143],[-121.47211,47.91399],[-121.47115,47.91338],[-121.46998,47.91311],[-121.46898,47.91308],[-121.46833,47.91317],[-121.46785,47.91324],[-121.46763,47.91331],[-121.46736,47.91323],[-121.46641,47.91343],[-121.46594,47.91343],[-121.46537,47.91344],[-121.46504,47.91344],[-121.4649,47.9134],[-121.4649,47.91338],[-121.46479,47.91314],[-121.46478,47.91312],[-121.46458,47.91281],[-121.46416,47.91254],[-121.46384,47.91245],[-121.46337,47.91256],[-121.4627,47.91287],[-121.46248,47.91298],[-121.46236,47.91296],[-121.46236,47.91295],[-121.4622,47.91267],[-121.46195,47.91247],[-121.46131,47.91224],[-121.46106,47.91218],[-121.46065,47.91204],[-121.46021,47.9115],[-121.45982,47.91107],[-121.45961,47.91086],[-121.45782,47.91225],[-121.4576,47.91242],[-121.45609,47.9136],[-121.45503,47.91542],[-121.44972,47.91472],[-121.44384,47.91271],[-121.44133,47.91205],[-121.44146,47.91266],[-121.44146,47.91268],[-121.44144,47.91309],[-121.44145,47.91311],[-121.44157,47.91358],[-121.44158,47.91359],[-121.44183,47.9144],[-121.44184,47.91442],[-121.44182,47.91503],[-121.44182,47.91504],[-121.44201,47.91571],[-121.44202,47.91572],[-121.44207,47.91629],[-121.44207,47.9163],[-121.44202,47.91661],[-121.44202,47.91663],[-121.44198,47.91682],[-121.44198,47.91683],[-121.44176,47.9173],[-121.44175,47.91731],[-121.44153,47.91773],[-121.44152,47.91774],[-121.44142,47.91807],[-121.44141,47.91808],[-121.44137,47.91821],[-121.44137,47.91822],[-121.44148,47.91922],[-121.44148,47.91924],[-121.44146,47.9199],[-121.44146,47.91991],[-121.44157,47.92131],[-121.44157,47.92132],[-121.44167,47.92181],[-121.44256,47.92167],[-121.44869,47.9215],[-121.45459,47.92037],[-121.45494,47.92171],[-121.44927,47.92312],[-121.44316,47.92325],[-121.44235,47.92338],[-121.44235,47.92339],[-121.44242,47.92383],[-121.44242,47.92385],[-121.44245,47.92438],[-121.44245,47.92439],[-121.44233,47.92492],[-121.44233,47.92494],[-121.44223,47.92534],[-121.44223,47.92536],[-121.44224,47.92576],[-121.44541,47.92527],[-121.44557,47.92583],[-121.44672,47.92553],[-121.44656,47.92709],[-121.4427,47.92786],[-121.4427,47.92788],[-121.44265,47.92828],[-121.44265,47.92829],[-121.44258,47.92868],[-121.44431,47.92889],[-121.44376,47.93006],[-121.44638,47.93074],[-121.44402,47.93512],[-121.44168,47.93455],[-121.44168,47.93456],[-121.44175,47.93486],[-121.44175,47.93488],[-121.44193,47.93597],[-121.44193,47.93599],[-121.44191,47.93655],[-121.44191,47.93657],[-121.4419,47.93708],[-121.4419,47.9371],[-121.44188,47.93761],[-121.44188,47.93763],[-121.44173,47.93809],[-121.44172,47.93811],[-121.44143,47.93863],[-121.44162,47.9393],[-121.44162,47.93931],[-121.44153,47.93987],[-121.44153,47.93989],[-121.4415,47.94084],[-121.4415,47.94086],[-121.44141,47.94151],[-121.44141,47.94153],[-121.4412,47.94226],[-121.44367,47.94105]],[[-121.45288,47.92681],[-121.44675,47.92688],[-121.44679,47.92546],[-121.45293,47.92521],[-121.45288,47.92681]],[[-121.44201,47.96077],[-121.44103,47.95922],[-121.44715,47.95922],[-121.44813,47.96077],[-121.44201,47.96077]],[[-121.44151,47.95522],[-121.44307,47.95627],[-121.44083,47.95685],[-121.43549,47.95628],[-121.43391,47.95521],[-121.43462,47.95512],[-121.43285,47.95421],[-121.43621,47.95415],[-121.43892,47.9547],[-121.44047,47.95549],[-121.44151,47.95522]],[[-121.58801,47.91862],[-121.58791,47.92204],[-121.58269,47.92198],[-121.5827,47.92121],[-121.58272,47.91849],[-121.58801,47.91862]],[[-121.50025,47.96128],[-121.49495,47.96131],[-121.49494,47.95765],[-121.50013,47.9577],[-121.50025,47.96128]],[[-121.59382,47.89213],[-121.59381,47.893],[-121.59381,47.89301],[-121.58522,47.89302],[-121.58611,47.89243],[-121.58669,47.8921],[-121.58763,47.89177],[-121.58828,47.89159],[-121.589,47.8914],[-121.58965,47.89122],[-121.59037,47.89108],[-121.59182,47.89076],[-121.59254,47.89062],[-121.59348,47.89039],[-121.59382,47.89032],[-121.59456,47.89017],[-121.59549,47.89003],[-121.59635,47.89014],[-121.597,47.89024],[-121.59792,47.8904],[-121.599,47.89036],[-121.59972,47.89018],[-121.60116,47.89],[-121.60188,47.88996],[-121.60274,47.88997],[-121.60485,47.88994],[-121.60485,47.89157],[-121.60485,47.89159],[-121.60335,47.89162],[-121.60191,47.8916],[-121.60069,47.89173],[-121.59989,47.89192],[-121.59917,47.89201],[-121.59788,47.89204],[-121.59688,47.89188],[-121.59574,47.89172],[-121.59473,47.89181],[-121.59382,47.89213]],[[-121.49984,47.87393],[-121.49572,47.87324],[-121.49442,47.87329],[-121.49506,47.87201],[-121.48964,47.87168],[-121.48958,47.87003],[-121.49566,47.87039],[-121.49571,47.87032],[-121.49778,47.87022],[-121.49828,47.86949],[-121.50046,47.86985],[-121.50026,47.87015],[-121.50251,47.87054],[-121.50149,47.87183],[-121.50452,47.87222],[-121.50436,47.87359],[-121.5005,47.87309],[-121.49984,47.87393]],[[-121.4024,47.9374],[-121.39979,47.93768],[-121.40076,47.93359],[-121.3987,47.93095],[-121.40324,47.92436],[-121.39735,47.92458],[-121.39137,47.92338],[-121.3925,47.92185],[-121.39793,47.92299],[-121.40019,47.92278],[-121.40337,47.92263],[-121.40167,47.92083],[-121.40408,47.91732],[-121.40668,47.91707],[-121.40434,47.9206],[-121.4068,47.9231],[-121.40939,47.92095],[-121.40723,47.9242],[-121.40639,47.92542],[-121.40246,47.92881],[-121.40184,47.9297],[-121.40241,47.92963],[-121.40149,47.93088],[-121.40255,47.93233],[-121.40314,47.92955],[-121.4083,47.92785],[-121.41059,47.92893],[-121.40543,47.93067],[-121.40463,47.93473],[-121.40321,47.93395],[-121.4024,47.9374]]]},"properties":{"OBJECTID":2498,"NAME":"Wild Sky Wilderness","OWNER":"Federal Government","MANAGER":"US Forest Service","MANAGEMENT_TYPE":"Wilderness","GLOBALID":"{4A81B223-0D7A-45D2-B857-049BD1BDB3E4}"}},{"type":"Feature","id":2499,"geometry":{"type":"Polygon","coordinates":[[[-121.24186,47.93308],[-121.24169,47.93319],[-121.24153,47.93337],[-121.24145,47.93358],[-121.24143,47.93394],[-121.24155,47.93448],[-121.24172,47.93487],[-121.2419,47.93529],[-121.24211,47.93566],[-121.24232,47.93596],[-121.24248,47.93617],[-121.24274,47.93642],[-121.24307,47.93673],[-121.24347,47.93709],[-121.24369,47.93724],[-121.24384,47.93733],[-121.24398,47.93743],[-121.24423,47.93762],[-121.24446,47.93783],[-121.24454,47.93799],[-121.24454,47.93815],[-121.24451,47.93835],[-121.2444,47.93878],[-121.24427,47.93904],[-121.24415,47.9393],[-121.24415,47.93946],[-121.24422,47.93966],[-121.24435,47.93998],[-121.24449,47.94024],[-121.24454,47.94043],[-121.24458,47.94064],[-121.24469,47.94087],[-121.24483,47.94099],[-121.24523,47.94122],[-121.24587,47.94149],[-121.24655,47.94171],[-121.24695,47.94183],[-121.24723,47.94193],[-121.2476,47.94212],[-121.24806,47.94238],[-121.24841,47.94262],[-121.24892,47.94296],[-121.24931,47.94317],[-121.24971,47.94334],[-121.24998,47.94345],[-121.25023,47.94354],[-121.25068,47.9438],[-121.25099,47.94395],[-121.25122,47.94406],[-121.2514,47.94415],[-121.25161,47.94425],[-121.25171,47.9443],[-121.25192,47.94446],[-121.25214,47.94461],[-121.25228,47.94468],[-121.25255,47.94477],[-121.25278,47.94483],[-121.25292,47.94488],[-121.25308,47.94497],[-121.25328,47.94513],[-121.25349,47.94529],[-121.25371,47.94539],[-121.254,47.94551],[-121.25421,47.94557],[-121.2543,47.94564],[-121.25457,47.94587],[-121.25484,47.94606],[-121.25515,47.94623],[-121.25547,47.94634],[-121.25586,47.94639],[-121.25643,47.94648],[-121.25698,47.94653],[-121.25735,47.94653],[-121.25759,47.94653],[-121.25802,47.94656],[-121.25858,47.94656],[-121.25909,47.94654],[-121.2597,47.94644],[-121.26049,47.94623],[-121.26199,47.94498],[-121.26386,47.94377],[-121.26525,47.94271],[-121.26933,47.94111],[-121.27075,47.93946],[-121.27178,47.93747],[-121.27327,47.93552],[-121.27537,47.93368],[-121.27727,47.93177],[-121.27841,47.93053],[-121.28051,47.92975],[-121.28031,47.92968],[-121.28012,47.92939],[-121.27987,47.92912],[-121.27955,47.92893],[-121.27913,47.92868],[-121.27876,47.92864],[-121.27849,47.92862],[-121.27822,47.92845],[-121.2777,47.92819],[-121.27725,47.92807],[-121.27675,47.92801],[-121.27574,47.92802],[-121.27489,47.9281],[-121.27388,47.92824],[-121.27299,47.92841],[-121.27243,47.92856],[-121.27236,47.92676],[-121.2726,47.92674],[-121.27298,47.92678],[-121.27318,47.92682],[-121.27342,47.92694],[-121.27371,47.92709],[-121.27392,47.92722],[-121.27409,47.92722],[-121.27426,47.92717],[-121.27467,47.92696],[-121.27508,47.92674],[-121.27562,47.92639],[-121.27618,47.92608],[-121.27671,47.92574],[-121.27738,47.9254],[-121.27798,47.92515],[-121.27845,47.92503],[-121.27869,47.92501],[-121.27877,47.92499],[-121.27888,47.925],[-121.27907,47.92502],[-121.27938,47.9251],[-121.27953,47.92518],[-121.2797,47.92537],[-121.27979,47.92552],[-121.27993,47.92563],[-121.28009,47.92573],[-121.28025,47.92575],[-121.2804,47.92569],[-121.28057,47.92553],[-121.28067,47.92539],[-121.2808,47.9252],[-121.28106,47.9249],[-121.28127,47.92472],[-121.28139,47.92466],[-121.28145,47.92466],[-121.28154,47.92469],[-121.28169,47.9248],[-121.28182,47.92495],[-121.28195,47.925],[-121.28225,47.92502],[-121.28239,47.92501],[-121.28254,47.92493],[-121.2827,47.92479],[-121.28291,47.92457],[-121.28305,47.92449],[-121.28329,47.92442],[-121.28358,47.92432],[-121.28391,47.92422],[-121.28429,47.92406],[-121.2846,47.92385],[-121.28486,47.92358],[-121.28512,47.92335],[-121.28555,47.92298],[-121.28587,47.92275],[-121.2862,47.92256],[-121.28645,47.9225],[-121.28687,47.92248],[-121.28743,47.92251],[-121.28813,47.92255],[-121.28885,47.9226],[-121.28936,47.92267],[-121.28966,47.92271],[-121.28986,47.92272],[-121.29009,47.92271],[-121.29052,47.92269],[-121.29121,47.92268],[-121.29169,47.92272],[-121.29191,47.92278],[-121.29214,47.92287],[-121.29231,47.92297],[-121.29249,47.92309],[-121.29264,47.92317],[-121.29283,47.92317],[-121.29302,47.92312],[-121.29323,47.92304],[-121.29345,47.92293],[-121.29378,47.92275],[-121.29417,47.92256],[-121.2945,47.92245],[-121.29486,47.92234],[-121.29527,47.92225],[-121.29567,47.92218],[-121.29595,47.92208],[-121.2962,47.92199],[-121.29651,47.92188],[-121.29678,47.92179],[-121.29717,47.92164],[-121.29742,47.92153],[-121.29768,47.92141],[-121.29797,47.92132],[-121.29826,47.9213],[-121.2986,47.92133],[-121.29898,47.92138],[-121.29932,47.92148],[-121.29983,47.92156],[-121.30029,47.9216],[-121.30067,47.92158],[-121.30114,47.92158],[-121.30158,47.92159],[-121.30201,47.92163],[-121.30213,47.92164],[-121.30247,47.92161],[-121.30272,47.92154],[-121.30293,47.92149],[-121.30309,47.9214],[-121.30337,47.92118],[-121.3036,47.92092],[-121.30376,47.92054],[-121.30389,47.92027],[-121.30415,47.91991],[-121.30454,47.9195],[-121.30477,47.91932],[-121.30494,47.91918],[-121.30508,47.91913],[-121.30541,47.91903],[-121.30584,47.91891],[-121.30629,47.9188],[-121.30673,47.91872],[-121.30708,47.91868],[-121.30745,47.91866],[-121.30777,47.91866],[-121.3081,47.91863],[-121.3083,47.9186],[-121.30842,47.91857],[-121.30851,47.91852],[-121.30858,47.91849],[-121.3086,47.91838],[-121.30862,47.91825],[-121.30851,47.918],[-121.30829,47.91764],[-121.30802,47.9172],[-121.30783,47.9169],[-121.30775,47.91674],[-121.30779,47.91659],[-121.30785,47.91646],[-121.30808,47.91629],[-121.30836,47.91611],[-121.30857,47.91596],[-121.30885,47.91575],[-121.30899,47.91549],[-121.30909,47.91523],[-121.30912,47.915],[-121.30911,47.9149],[-121.30908,47.91482],[-121.30903,47.91471],[-121.30895,47.91452],[-121.30897,47.91441],[-121.30902,47.91426],[-121.30911,47.91403],[-121.30919,47.91385],[-121.30923,47.91379],[-121.30926,47.91363],[-121.30928,47.91335],[-121.30937,47.91307],[-121.30955,47.91287],[-121.30971,47.9127],[-121.30996,47.91253],[-121.31012,47.91243],[-121.31045,47.91236],[-121.31084,47.91228],[-121.31107,47.91221],[-121.31121,47.91213],[-121.31132,47.91201],[-121.31139,47.9119],[-121.31142,47.91175],[-121.31142,47.91158],[-121.31134,47.91144],[-121.31113,47.91125],[-121.3109,47.91112],[-121.31066,47.91097],[-121.31048,47.91079],[-121.31037,47.91059],[-121.31039,47.91045],[-121.31042,47.91036],[-121.31053,47.91016],[-121.31062,47.90998],[-121.3107,47.90981],[-121.31081,47.90952],[-121.31095,47.90916],[-121.31112,47.90887],[-121.31124,47.90874],[-121.31147,47.90854],[-121.31164,47.90839],[-121.31173,47.90828],[-121.3119,47.90827],[-121.31229,47.90814],[-121.31261,47.90794],[-121.31279,47.90774],[-121.31285,47.90763],[-121.31293,47.90756],[-121.31303,47.90748],[-121.31314,47.90736],[-121.3133,47.90714],[-121.3134,47.90697],[-121.31342,47.90682],[-121.3136,47.9067],[-121.31385,47.90654],[-121.31397,47.90645],[-121.31426,47.90619],[-121.31473,47.90578],[-121.31503,47.90552],[-121.31534,47.90524],[-121.31562,47.90499],[-121.31583,47.90475],[-121.31599,47.90448],[-121.31607,47.90422],[-121.31615,47.90403],[-121.31621,47.90378],[-121.31623,47.90357],[-121.31619,47.9034],[-121.31614,47.90314],[-121.31615,47.9029],[-121.31623,47.90277],[-121.31634,47.9027],[-121.31663,47.90262],[-121.31684,47.90254],[-121.31705,47.9024],[-121.31722,47.90229],[-121.31749,47.90213],[-121.3178,47.90192],[-121.31803,47.90166],[-121.31813,47.90149],[-121.3182,47.90129],[-121.31836,47.90108],[-121.31858,47.90082],[-121.31883,47.90052],[-121.31894,47.90039],[-121.31907,47.90015],[-121.31923,47.8998],[-121.31933,47.89949],[-121.31939,47.89929],[-121.31946,47.89913],[-121.31964,47.89875],[-121.31983,47.8984],[-121.31996,47.89828],[-121.32014,47.89819],[-121.32035,47.89815],[-121.32076,47.89812],[-121.32108,47.89806],[-121.32134,47.89798],[-121.32159,47.89785],[-121.32176,47.89774],[-121.32189,47.89765],[-121.32218,47.89749],[-121.32252,47.89728],[-121.32279,47.89707],[-121.32295,47.8969],[-121.32311,47.89674],[-121.32355,47.89621],[-121.32377,47.89592],[-121.32384,47.89583],[-121.32399,47.89569],[-121.32443,47.8954],[-121.32472,47.89526],[-121.32501,47.89512],[-121.32531,47.89498],[-121.3256,47.89484],[-121.32589,47.8947],[-121.32589,47.89465],[-121.32596,47.8946],[-121.32604,47.89446],[-121.32611,47.89436],[-121.32626,47.89422],[-121.32641,47.89408],[-121.32663,47.89389],[-121.32671,47.89384],[-121.32685,47.8937],[-121.32707,47.89356],[-121.32714,47.89351],[-121.32722,47.89332],[-121.32723,47.89317],[-121.3273,47.89298],[-121.32738,47.89284],[-121.3276,47.8926],[-121.32783,47.89241],[-121.32797,47.89222],[-121.32812,47.89212],[-121.32591,47.89151],[-121.32457,47.89101],[-121.32524,47.89035],[-121.32388,47.88994],[-121.32286,47.89051],[-121.32228,47.89084],[-121.32127,47.89101],[-121.31943,47.89012],[-121.31959,47.88959],[-121.31989,47.88916],[-121.32049,47.88835],[-121.32086,47.88787],[-121.32131,47.8874],[-121.3219,47.88697],[-121.32241,47.88654],[-121.32315,47.88602],[-121.32373,47.88555],[-121.32418,47.88517],[-121.32476,47.88474],[-121.32096,47.88257],[-121.31537,47.88451],[-121.31029,47.88394],[-121.31033,47.88363],[-121.31039,47.88311],[-121.3103,47.88263],[-121.31023,47.88239],[-121.31026,47.88191],[-121.31017,47.88148],[-121.30994,47.88114],[-121.30955,47.88075],[-121.30892,47.88011],[-121.30842,47.87914],[-121.30787,47.87862],[-121.30699,47.87761],[-121.30612,47.87691],[-121.30572,47.87666],[-121.30509,47.87661],[-121.30447,47.87668],[-121.30405,47.87684],[-121.30338,47.87686],[-121.30232,47.87722],[-121.30188,47.87746],[-121.3014,47.87769],[-121.30096,47.87769],[-121.3004,47.87774],[-121.3,47.8778],[-121.29925,47.87773],[-121.29803,47.87767],[-121.29738,47.87763],[-121.29717,47.87742],[-121.29714,47.87727],[-121.29796,47.8769],[-121.29835,47.87643],[-121.29923,47.87554],[-121.30041,47.87467],[-121.30083,47.87442],[-121.30104,47.87423],[-121.30108,47.87408],[-121.30107,47.87385],[-121.30105,47.8736],[-121.30064,47.87304],[-121.30015,47.87231],[-121.29981,47.87185],[-121.29959,47.87155],[-121.29942,47.87124],[-121.29874,47.87077],[-121.29843,47.87074],[-121.29791,47.87082],[-121.29739,47.87106],[-121.29676,47.87095],[-121.29663,47.87105],[-121.29618,47.87162],[-121.29593,47.872],[-121.29565,47.87236],[-121.29513,47.87267],[-121.29488,47.87276],[-121.29446,47.87276],[-121.29385,47.87272],[-121.29341,47.87272],[-121.29322,47.87272],[-121.29295,47.87254],[-121.29244,47.87229],[-121.292,47.87225],[-121.29152,47.87226],[-121.29148,47.87226],[-121.29127,47.87206],[-121.29092,47.87153],[-121.29056,47.8713],[-121.28918,47.87144],[-121.28849,47.87157],[-121.28814,47.87173],[-121.28757,47.87171],[-121.28736,47.87168],[-121.28686,47.87163],[-121.28661,47.87156],[-121.28654,47.87122],[-121.28654,47.87087],[-121.28651,47.87052],[-121.28615,47.87031],[-121.28586,47.87027],[-121.28573,47.8702],[-121.28574,47.86963],[-121.2857,47.86932],[-121.2854,47.86912],[-121.28515,47.86904],[-121.28515,47.8689],[-121.28525,47.86854],[-121.28505,47.86836],[-121.28476,47.86821],[-121.28465,47.86807],[-121.28458,47.86776],[-121.28416,47.86761],[-121.28383,47.86744],[-121.28321,47.86715],[-121.28277,47.86686],[-121.2826,47.8668],[-121.28197,47.86659],[-121.28145,47.86655],[-121.28124,47.86641],[-121.28094,47.86616],[-121.28051,47.86584],[-121.28032,47.86567],[-121.28001,47.86559],[-121.27963,47.86558],[-121.27925,47.86558],[-121.27879,47.8656],[-121.27865,47.86578],[-121.27847,47.86643],[-121.27833,47.86705],[-121.27834,47.86727],[-121.2778,47.86773],[-121.2777,47.86785],[-121.27752,47.86806],[-121.27759,47.86792],[-121.27768,47.86748],[-121.27772,47.86684],[-121.27771,47.8668],[-121.27759,47.86607],[-121.27744,47.86557],[-121.27743,47.86512],[-121.27742,47.86453],[-121.2775,47.86423],[-121.27753,47.86379],[-121.27761,47.86353],[-121.27765,47.86287],[-121.27782,47.86249],[-121.27803,47.86221],[-121.27829,47.86203],[-121.27868,47.86184],[-121.27921,47.8613],[-121.27934,47.86117],[-121.27892,47.86118],[-121.27865,47.86119],[-121.27852,47.86118],[-121.27835,47.86116],[-121.27815,47.86092],[-121.27805,47.86075],[-121.27781,47.86065],[-121.27731,47.86053],[-121.27666,47.86026],[-121.27619,47.86007],[-121.27545,47.85977],[-121.27507,47.85941],[-121.27443,47.85891],[-121.27398,47.85869],[-121.27346,47.85855],[-121.27279,47.85852],[-121.27232,47.85847],[-121.27225,47.85843],[-121.27199,47.85811],[-121.27177,47.85793],[-121.27177,47.85544],[-121.27171,47.85433],[-121.27174,47.85341],[-121.27193,47.85298],[-121.27217,47.85223],[-121.27245,47.85154],[-121.27273,47.85072],[-121.27286,47.84986],[-121.27309,47.84921],[-121.27323,47.84852],[-121.27332,47.84802],[-121.27341,47.84743],[-121.27355,47.84678],[-121.27353,47.84589],[-121.27352,47.84527],[-121.27347,47.84475],[-121.27322,47.84449],[-121.27254,47.84392],[-121.27187,47.84325],[-121.27135,47.84283],[-121.27109,47.84252],[-121.27088,47.84214],[-121.2707,47.84157],[-121.27053,47.84101],[-121.27016,47.84039],[-121.26973,47.8399],[-121.26943,47.83953],[-121.26919,47.83926],[-121.26919,47.83906],[-121.26948,47.8387],[-121.26981,47.83819],[-121.2701,47.83788],[-121.27017,47.83765],[-121.27063,47.83758],[-121.27102,47.83743],[-121.27174,47.83714],[-121.27223,47.83694],[-121.27253,47.8368],[-121.27256,47.83666],[-121.27246,47.83658],[-121.27222,47.83644],[-121.27142,47.83589],[-121.27111,47.8357],[-121.2708,47.83531],[-121.27018,47.83469],[-121.26922,47.83402],[-121.26871,47.83356],[-121.26839,47.83303],[-121.26812,47.83276],[-121.2678,47.83264],[-121.26748,47.83255],[-121.2675,47.83234],[-121.26742,47.8321],[-121.26744,47.83157],[-121.2679,47.83043],[-121.26844,47.82969],[-121.26891,47.82912],[-121.27041,47.82807],[-121.27037,47.82327],[-121.26561,47.82328],[-121.26557,47.82316],[-121.26519,47.82262],[-121.26503,47.82232],[-121.26478,47.82207],[-121.26454,47.82186],[-121.26427,47.82156],[-121.2642,47.82139],[-121.26415,47.82118],[-121.26411,47.82102],[-121.2638,47.82047],[-121.26357,47.82003],[-121.26333,47.81968],[-121.26305,47.81913],[-121.26252,47.81831],[-121.26175,47.81735],[-121.2611,47.8165],[-121.26071,47.81597],[-121.26046,47.8155],[-121.26029,47.81508],[-121.26011,47.81424],[-121.25992,47.81378],[-121.25964,47.81344],[-121.25906,47.81303],[-121.25866,47.81302],[-121.25788,47.81318],[-121.25589,47.81378],[-121.25416,47.81447],[-121.25295,47.81505],[-121.25228,47.81536],[-121.25096,47.81592],[-121.24954,47.81638],[-121.2481,47.81668],[-121.2476,47.81678],[-121.24743,47.81696],[-121.24732,47.81721],[-121.24715,47.81715],[-121.24668,47.8171],[-121.24599,47.81732],[-121.24458,47.81815],[-121.24374,47.81872],[-121.2436,47.81878],[-121.2434,47.81872],[-121.24334,47.81849],[-121.24252,47.81832],[-121.24171,47.81836],[-121.24105,47.81864],[-121.24183,47.82045],[-121.24165,47.82057],[-121.24116,47.82083],[-121.2407,47.821],[-121.24001,47.82122],[-121.23946,47.82134],[-121.23897,47.82144],[-121.23844,47.82145],[-121.23792,47.82139],[-121.23737,47.82237],[-121.23679,47.82228],[-121.23624,47.82224],[-121.23545,47.82225],[-121.23519,47.82225],[-121.23456,47.82241],[-121.23407,47.82263],[-121.23306,47.82297],[-121.23019,47.82353],[-121.22788,47.82411],[-121.22583,47.82481],[-121.22456,47.82538],[-121.22399,47.82584],[-121.22133,47.82703],[-121.22082,47.82742],[-121.21865,47.8281],[-121.2186,47.82859],[-121.2186,47.82896],[-121.21853,47.82898],[-121.21804,47.82916],[-121.21688,47.82916],[-121.2154,47.82917],[-121.21401,47.82902],[-121.2127,47.82905],[-121.21206,47.82902],[-121.21151,47.82892],[-121.21061,47.82887],[-121.21006,47.82899],[-121.20911,47.82927],[-121.20716,47.82934],[-121.20537,47.82953],[-121.20415,47.82959],[-121.20293,47.82964],[-121.20174,47.82964],[-121.19959,47.82929],[-121.19854,47.82927],[-121.1976,47.82897],[-121.19696,47.82901],[-121.19632,47.82917],[-121.19595,47.82931],[-121.19566,47.82943],[-121.19543,47.82939],[-121.1954,47.82923],[-121.19501,47.82871],[-121.19466,47.8284],[-121.19396,47.82807],[-121.19384,47.82801],[-121.19392,47.82504],[-121.19406,47.82506],[-121.19422,47.82511],[-121.19431,47.82516],[-121.19439,47.82523],[-121.19447,47.82536],[-121.19461,47.82551],[-121.19471,47.82562],[-121.19494,47.82576],[-121.19514,47.82587],[-121.19534,47.82595],[-121.19556,47.82603],[-121.19561,47.82605],[-121.19585,47.82613],[-121.19596,47.82616],[-121.19615,47.82629],[-121.19644,47.82652],[-121.19677,47.8268],[-121.19695,47.82695],[-121.19707,47.82704],[-121.19717,47.82709],[-121.19735,47.8271],[-121.19779,47.82707],[-121.19804,47.82702],[-121.19821,47.82691],[-121.19833,47.82679],[-121.19843,47.8267],[-121.19855,47.82664],[-121.19869,47.82661],[-121.19892,47.82664],[-121.19923,47.8267],[-121.1995,47.8267],[-121.19984,47.82664],[-121.20012,47.82653],[-121.20027,47.82643],[-121.20046,47.8264],[-121.201,47.8264],[-121.20123,47.82647],[-121.2015,47.82658],[-121.20176,47.8267],[-121.20203,47.82687],[-121.20218,47.82696],[-121.20227,47.82702],[-121.20235,47.82704],[-121.20257,47.8271],[-121.20277,47.82715],[-121.20305,47.82724],[-121.2033,47.82726],[-121.20365,47.8273],[-121.20392,47.82732],[-121.20416,47.82732],[-121.20425,47.82731],[-121.20441,47.8272],[-121.20456,47.82704],[-121.20465,47.82686],[-121.20475,47.82674],[-121.20492,47.82662],[-121.20511,47.82648],[-121.20543,47.82635],[-121.2057,47.82629],[-121.2062,47.82629],[-121.20671,47.82627],[-121.20712,47.82623],[-121.20764,47.82616],[-121.20801,47.82612],[-121.20847,47.82606],[-121.20873,47.826],[-121.20893,47.82595],[-121.20917,47.8259],[-121.20944,47.82589],[-121.20992,47.82584],[-121.21013,47.82583],[-121.21029,47.82592],[-121.21048,47.82602],[-121.21066,47.8261],[-121.21084,47.82614],[-121.21101,47.82614],[-121.21128,47.82612],[-121.21152,47.82609],[-121.21168,47.82605],[-121.21184,47.82594],[-121.21203,47.82578],[-121.21241,47.82553],[-121.21272,47.82536],[-121.2129,47.82532],[-121.21309,47.8253],[-121.2133,47.82533],[-121.21346,47.82537],[-121.21373,47.82556],[-121.21395,47.82568],[-121.21416,47.82578],[-121.21431,47.82588],[-121.21441,47.82594],[-121.21451,47.82598],[-121.2147,47.82599],[-121.21492,47.82597],[-121.2152,47.82587],[-121.21537,47.82571],[-121.21548,47.8255],[-121.21555,47.8253],[-121.21565,47.82507],[-121.21572,47.82488],[-121.21579,47.82473],[-121.21588,47.8246],[-121.21603,47.82448],[-121.21618,47.82441],[-121.21635,47.82436],[-121.21655,47.82435],[-121.21707,47.82438],[-121.21731,47.8244],[-121.21755,47.82437],[-121.21774,47.8243],[-121.21817,47.8241],[-121.21848,47.82398],[-121.21872,47.82391],[-121.21961,47.82383],[-121.22003,47.82377],[-121.22034,47.82371],[-121.2206,47.82363],[-121.22076,47.82358],[-121.22095,47.82351],[-121.22114,47.82341],[-121.22127,47.82331],[-121.22141,47.8232],[-121.22153,47.82309],[-121.22155,47.82298],[-121.22157,47.82276],[-121.22163,47.82264],[-121.22169,47.82257],[-121.22178,47.82249],[-121.2219,47.82246],[-121.22204,47.82246],[-121.22219,47.82252],[-121.22238,47.82266],[-121.2226,47.82289],[-121.22275,47.82299],[-121.22289,47.82301],[-121.22312,47.82304],[-121.22334,47.82306],[-121.22356,47.82311],[-121.22375,47.8232],[-121.22401,47.82333],[-121.22416,47.82338],[-121.22437,47.82343],[-121.22453,47.82341],[-121.22467,47.82336],[-121.22477,47.82329],[-121.22489,47.82319],[-121.22503,47.82307],[-121.2252,47.82292],[-121.22537,47.82285],[-121.22557,47.82276],[-121.22575,47.82269],[-121.22605,47.82262],[-121.22664,47.82249],[-121.2272,47.82238],[-121.22781,47.82226],[-121.22808,47.82225],[-121.22824,47.82221],[-121.22844,47.82216],[-121.22859,47.82215],[-121.22864,47.82207],[-121.22857,47.82197],[-121.22856,47.82187],[-121.22862,47.8218],[-121.22875,47.82178],[-121.22948,47.82179],[-121.22972,47.82175],[-121.22987,47.8217],[-121.22998,47.82167],[-121.23018,47.82164],[-121.2305,47.82158],[-121.23066,47.82152],[-121.23076,47.82144],[-121.23082,47.82132],[-121.23091,47.82117],[-121.23101,47.8211],[-121.23118,47.82101],[-121.23132,47.82099],[-121.23146,47.82099],[-121.23157,47.821],[-121.23174,47.82104],[-121.23195,47.82106],[-121.23224,47.82106],[-121.23237,47.82105],[-121.23257,47.821],[-121.23282,47.8209],[-121.23299,47.82082],[-121.23318,47.82072],[-121.23342,47.82058],[-121.23371,47.82038],[-121.23391,47.8202],[-121.23415,47.82003],[-121.23433,47.81993],[-121.23451,47.81986],[-121.23476,47.8198],[-121.23504,47.81972],[-121.23531,47.81966],[-121.23565,47.81959],[-121.23596,47.81948],[-121.23621,47.81939],[-121.23655,47.8193],[-121.23682,47.81925],[-121.2372,47.81926],[-121.23727,47.81928],[-121.23751,47.81936],[-121.23773,47.8194],[-121.23787,47.81941],[-121.23799,47.81936],[-121.23818,47.81932],[-121.23837,47.81927],[-121.23845,47.8192],[-121.23851,47.81914],[-121.23855,47.81906],[-121.23855,47.81891],[-121.2385,47.81869],[-121.23857,47.81863],[-121.2387,47.81847],[-121.23887,47.81823],[-121.23891,47.81809],[-121.23893,47.81796],[-121.23893,47.81765],[-121.23898,47.81744],[-121.2392,47.81707],[-121.23932,47.81688],[-121.23949,47.81668],[-121.23965,47.81657],[-121.23989,47.81643],[-121.24011,47.81636],[-121.24035,47.81629],[-121.24041,47.81619],[-121.24081,47.81601],[-121.24113,47.81592],[-121.24129,47.81586],[-121.24159,47.81583],[-121.24219,47.81585],[-121.24271,47.81584],[-121.24304,47.81583],[-121.24338,47.8158],[-121.24369,47.81575],[-121.24395,47.81567],[-121.24412,47.81559],[-121.24425,47.81548],[-121.24436,47.81541],[-121.24451,47.81522],[-121.24462,47.81502],[-121.24472,47.81489],[-121.24482,47.81476],[-121.24501,47.81461],[-121.24516,47.81453],[-121.24526,47.8145],[-121.24537,47.81446],[-121.24549,47.81444],[-121.24563,47.81442],[-121.2459,47.81439],[-121.24626,47.81431],[-121.24639,47.81423],[-121.24654,47.81417],[-121.24671,47.81405],[-121.2469,47.81387],[-121.24696,47.81379],[-121.24693,47.8137],[-121.24685,47.81364],[-121.24672,47.8136],[-121.24654,47.8136],[-121.24634,47.81359],[-121.24625,47.81355],[-121.24623,47.81346],[-121.24626,47.81341],[-121.24632,47.81336],[-121.24654,47.81328],[-121.24676,47.81321],[-121.24713,47.81308],[-121.24756,47.813],[-121.24806,47.81294],[-121.24843,47.81293],[-121.24861,47.81293],[-121.24892,47.81302],[-121.2492,47.81309],[-121.24947,47.81312],[-121.24978,47.81314],[-121.25015,47.81313],[-121.2504,47.81309],[-121.25063,47.81298],[-121.25088,47.81279],[-121.25094,47.81271],[-121.25104,47.81255],[-121.25122,47.81237],[-121.25142,47.81221],[-121.25158,47.81206],[-121.25178,47.81181],[-121.25198,47.81137],[-121.25213,47.8111],[-121.25239,47.81071],[-121.25244,47.81065],[-121.24275,47.80229],[-121.2426,47.7914],[-121.24137,47.78966],[-121.24005,47.789],[-121.23859,47.78824],[-121.2386,47.78694],[-121.2384,47.78689],[-121.23722,47.78674],[-121.23618,47.78646],[-121.23448,47.78629],[-121.23414,47.78627],[-121.23381,47.78607],[-121.23257,47.78583],[-121.23197,47.78592],[-121.2314,47.78599],[-121.23063,47.78609],[-121.22927,47.7863],[-121.2289,47.7863],[-121.2286,47.7863],[-121.22816,47.78631],[-121.2275,47.78633],[-121.22743,47.78633],[-121.22692,47.78616],[-121.22592,47.78605],[-121.22482,47.78583],[-121.22321,47.78575],[-121.22204,47.78576],[-121.22064,47.78579],[-121.22,47.78579],[-121.2197,47.78579],[-121.2193,47.78571],[-121.2186,47.78562],[-121.21743,47.7857],[-121.21707,47.78575],[-121.21711,47.77927],[-121.23861,47.77944],[-121.24736,47.77949],[-121.24753,47.77955],[-121.24782,47.77966],[-121.2481,47.77978],[-121.24821,47.77987],[-121.24831,47.78],[-121.24855,47.78014],[-121.24875,47.78025],[-121.24902,47.78036],[-121.24919,47.78039],[-121.24946,47.78038],[-121.24968,47.78036],[-121.25003,47.78057],[-121.25045,47.7808],[-121.25078,47.78101],[-121.25105,47.78117],[-121.25122,47.78123],[-121.2514,47.78132],[-121.25171,47.78149],[-121.25187,47.78166],[-121.25204,47.7819],[-121.25234,47.78197],[-121.25288,47.78212],[-121.25343,47.78232],[-121.25369,47.78246],[-121.25415,47.78283],[-121.25436,47.783],[-121.25444,47.78307],[-121.25469,47.78318],[-121.25555,47.78339],[-121.25611,47.78357],[-121.25624,47.78361],[-121.25667,47.78381],[-121.25697,47.78402],[-121.2571,47.78419],[-121.2573,47.78435],[-121.25749,47.78444],[-121.2578,47.78453],[-121.25844,47.78455],[-121.25883,47.78459],[-121.25893,47.78462],[-121.25932,47.78471],[-121.25997,47.78475],[-121.26011,47.78476],[-121.26063,47.78488],[-121.26116,47.78484],[-121.26144,47.78492],[-121.26175,47.78504],[-121.26232,47.78525],[-121.26244,47.78529],[-121.26297,47.78543],[-121.26339,47.78548],[-121.26381,47.78559],[-121.26417,47.78575],[-121.26411,47.77957],[-121.25996,47.77957],[-121.25959,47.77956],[-121.25972,47.76514],[-121.25925,47.76513],[-121.25928,47.75113],[-121.28097,47.75112],[-121.28103,47.76531],[-121.28118,47.76537],[-121.28143,47.76548],[-121.28167,47.76564],[-121.28182,47.76581],[-121.28184,47.76594],[-121.28187,47.76608],[-121.28191,47.76615],[-121.28206,47.76626],[-121.2823,47.76637],[-121.28242,47.76643],[-121.28261,47.7666],[-121.28275,47.76678],[-121.28288,47.76697],[-121.28302,47.76712],[-121.28313,47.7672],[-121.2833,47.76737],[-121.28349,47.7675],[-121.28368,47.76761],[-121.28394,47.76776],[-121.28415,47.76792],[-121.28433,47.76806],[-121.28451,47.76818],[-121.28495,47.76849],[-121.28518,47.76863],[-121.28531,47.76872],[-121.28545,47.76888],[-121.2856,47.76908],[-121.28572,47.76922],[-121.28586,47.76936],[-121.28609,47.7695],[-121.28633,47.76964],[-121.28653,47.76978],[-121.28674,47.76993],[-121.28696,47.77007],[-121.28712,47.77016],[-121.28715,47.77017],[-121.28738,47.77024],[-121.28767,47.77032],[-121.28796,47.77038],[-121.28828,47.77045],[-121.28857,47.77052],[-121.28887,47.77059],[-121.28915,47.77067],[-121.28937,47.77075],[-121.2896,47.77087],[-121.2898,47.77101],[-121.28999,47.77116],[-121.29011,47.77124],[-121.29023,47.77129],[-121.2905,47.77133],[-121.29089,47.77137],[-121.29117,47.77141],[-121.29143,47.77144],[-121.29171,47.77148],[-121.29199,47.77151],[-121.29226,47.77155],[-121.2925,47.77157],[-121.29279,47.7716],[-121.29302,47.77164],[-121.2933,47.77171],[-121.29351,47.77178],[-121.29382,47.77189],[-121.29403,47.772],[-121.29427,47.77213],[-121.29452,47.77224],[-121.29475,47.77235],[-121.29503,47.77247],[-121.29622,47.77245],[-121.29723,47.77236],[-121.29824,47.77211],[-121.29931,47.77183],[-121.29996,47.7713],[-121.30043,47.77077],[-121.3006,47.77047],[-121.30092,47.77001],[-121.30104,47.7697],[-121.30103,47.76954],[-121.30103,47.7694],[-121.30112,47.76926],[-121.30129,47.76902],[-121.30139,47.7688],[-121.30131,47.76524],[-121.30301,47.76526],[-121.30356,47.76474],[-121.30416,47.76417],[-121.30465,47.76371],[-121.3047,47.76349],[-121.3047,47.76334],[-121.30469,47.76326],[-121.30511,47.76314],[-121.30558,47.76285],[-121.30591,47.76242],[-121.30627,47.76179],[-121.30632,47.76141],[-121.30631,47.76111],[-121.30628,47.76081],[-121.30623,47.76058],[-121.3063,47.76042],[-121.30637,47.7597],[-121.30648,47.75964],[-121.3066,47.75931],[-121.30665,47.75913],[-121.3066,47.75895],[-121.30659,47.75885],[-121.30667,47.75856],[-121.30685,47.75816],[-121.307,47.75777],[-121.30699,47.75743],[-121.30699,47.75697],[-121.30701,47.75672],[-121.3069,47.75633],[-121.30682,47.75613],[-121.3066,47.75596],[-121.3066,47.7559],[-121.3066,47.75581],[-121.30663,47.75571],[-121.30675,47.75541],[-121.30688,47.75491],[-121.3069,47.75457],[-121.30684,47.75429],[-121.30686,47.75396],[-121.30688,47.75369],[-121.30688,47.75348],[-121.30688,47.75335],[-121.30688,47.75328],[-121.30688,47.75321],[-121.30698,47.75305],[-121.30726,47.7524],[-121.30754,47.75186],[-121.30774,47.75123],[-121.30776,47.751],[-121.30776,47.75077],[-121.30767,47.75046],[-121.30765,47.75033],[-121.30764,47.75023],[-121.30777,47.75003],[-121.30785,47.74982],[-121.30785,47.74966],[-121.30784,47.74931],[-121.30776,47.74922],[-121.30776,47.74913],[-121.30804,47.74892],[-121.30828,47.74861],[-121.30837,47.74822],[-121.30847,47.74785],[-121.30852,47.74759],[-121.30857,47.74734],[-121.30872,47.74714],[-121.30906,47.7467],[-121.30955,47.74622],[-121.30986,47.74591],[-121.31017,47.74562],[-121.31032,47.74532],[-121.31037,47.74496],[-121.31049,47.74452],[-121.31062,47.74415],[-121.31077,47.74371],[-121.31092,47.74328],[-121.31097,47.7428],[-121.31109,47.74255],[-121.31104,47.74224],[-121.31098,47.74199],[-121.31111,47.74178],[-121.31129,47.74139],[-121.31138,47.74098],[-121.3014,47.73648],[-121.29074,47.73653],[-121.2854,47.73655],[-121.28541,47.73608],[-121.28517,47.73607],[-121.28462,47.73612],[-121.28395,47.7362],[-121.28336,47.73627],[-121.28279,47.7361],[-121.28206,47.73579],[-121.28166,47.73564],[-121.28078,47.73529],[-121.2801,47.73498],[-121.27949,47.73483],[-121.27876,47.73473],[-121.27815,47.73469],[-121.27739,47.73469],[-121.27661,47.7347],[-121.27608,47.73472],[-121.27531,47.73514],[-121.27351,47.73545],[-121.27298,47.73579],[-121.27201,47.73658],[-121.27179,47.73713],[-121.27155,47.73758],[-121.27123,47.73788],[-121.27061,47.7382],[-121.26659,47.73867],[-121.26302,47.74024],[-121.2556,47.74126],[-121.25454,47.74156],[-121.25367,47.74189],[-121.25294,47.74221],[-121.25245,47.74241],[-121.25185,47.74252],[-121.25144,47.74254],[-121.25105,47.74253],[-121.25036,47.7425],[-121.24939,47.74246],[-121.24867,47.74246],[-121.24791,47.74249],[-121.24728,47.74231],[-121.24636,47.74214],[-121.24638,47.74164],[-121.24611,47.74102],[-121.24577,47.74031],[-121.24529,47.73959],[-121.2449,47.73918],[-121.24454,47.73898],[-121.24342,47.73885],[-121.24184,47.73826],[-121.24086,47.73814],[-121.23959,47.73799],[-121.23816,47.73748],[-121.23724,47.73745],[-121.23671,47.73763],[-121.23603,47.73764],[-121.23508,47.73748],[-121.23437,47.73725],[-121.23366,47.73703],[-121.23303,47.73676],[-121.23261,47.73656],[-121.23202,47.73633],[-121.22425,47.73633],[-121.22402,47.73626],[-121.22351,47.73606],[-121.22338,47.73601],[-121.2227,47.73556],[-121.22259,47.73549],[-121.22223,47.73534],[-121.22191,47.73523],[-121.2217,47.7352],[-121.22155,47.73521],[-121.22075,47.73517],[-121.22012,47.73507],[-121.21896,47.73483],[-121.21788,47.7347],[-121.21721,47.73468],[-121.21696,47.73468],[-121.21675,47.73471],[-121.21599,47.73486],[-121.21554,47.73489],[-121.21493,47.73484],[-121.21431,47.73474],[-121.21317,47.73444],[-121.21293,47.7344],[-121.21219,47.73434],[-121.21151,47.7343],[-121.21042,47.73418],[-121.21009,47.73411],[-121.2098,47.73403],[-121.20979,47.73418],[-121.20976,47.73435],[-121.20973,47.73447],[-121.20971,47.73456],[-121.20968,47.73465],[-121.20967,47.73473],[-121.20961,47.73484],[-121.20939,47.73519],[-121.20909,47.73554],[-121.20899,47.73565],[-121.20885,47.73578],[-121.20863,47.73605],[-121.20851,47.73623],[-121.20841,47.7364],[-121.20814,47.73679],[-121.20803,47.7369],[-121.20791,47.73712],[-121.2078,47.73738],[-121.20778,47.73752],[-121.20775,47.7376],[-121.20773,47.73771],[-121.20769,47.73786],[-121.20766,47.738],[-121.20761,47.73815],[-121.20759,47.73824],[-121.20749,47.73843],[-121.20738,47.73858],[-121.2073,47.7387],[-121.20728,47.73878],[-121.20702,47.73938],[-121.207,47.73945],[-121.20676,47.7399],[-121.20671,47.74001],[-121.20652,47.74035],[-121.20638,47.74058],[-121.20625,47.74074],[-121.20588,47.74106],[-121.2057,47.74118],[-121.20531,47.74147],[-121.20515,47.74158],[-121.20476,47.74175],[-121.20447,47.74186],[-121.20428,47.74197],[-121.20408,47.74217],[-121.204,47.74224],[-121.20384,47.74233],[-121.20343,47.74245],[-121.20316,47.74254],[-121.20278,47.74256],[-121.20219,47.74256],[-121.20182,47.74258],[-121.20063,47.74288],[-121.20052,47.74291],[-121.20021,47.74301],[-121.19928,47.74333],[-121.1991,47.74337],[-121.19851,47.7435],[-121.1983,47.74358],[-121.198,47.74377],[-121.19782,47.74395],[-121.19755,47.74424],[-121.19724,47.74452],[-121.19695,47.74472],[-121.1958,47.74517],[-121.1956,47.74521],[-121.19563,47.75022],[-121.19563,47.75111],[-121.19562,47.75764],[-121.19562,47.76465],[-121.19561,47.76561],[-121.19562,47.7686],[-121.19617,47.76949],[-121.1964,47.77101],[-121.19506,47.77254],[-121.1962,47.77392],[-121.19701,47.77513],[-121.19865,47.77706],[-121.20024,47.77807],[-121.19987,47.77977],[-121.19942,47.78298],[-121.19837,47.7844],[-121.19704,47.78618],[-121.1965,47.78822],[-121.19639,47.79011],[-121.19749,47.79249],[-121.19632,47.79391],[-121.19452,47.79535],[-121.19382,47.79778],[-121.19196,47.79991],[-121.19032,47.80122],[-121.18818,47.8036],[-121.18875,47.80491],[-121.19061,47.80768],[-121.19143,47.80924],[-121.18467,47.81891],[-121.18261,47.82175],[-121.18224,47.82169],[-121.18195,47.82164],[-121.18171,47.82157],[-121.18151,47.8215],[-121.18131,47.82136],[-121.18115,47.82123],[-121.181,47.82098],[-121.18087,47.82071],[-121.18082,47.82057],[-121.18085,47.82045],[-121.18083,47.82034],[-121.18072,47.8202],[-121.18062,47.82013],[-121.18048,47.82006],[-121.18034,47.82004],[-121.18006,47.81999],[-121.17983,47.81997],[-121.17963,47.81992],[-121.17953,47.81983],[-121.17947,47.81975],[-121.17949,47.81964],[-121.17953,47.81948],[-121.17951,47.81937],[-121.17942,47.81923],[-121.1793,47.81915],[-121.17926,47.81912],[-121.17912,47.81914],[-121.17893,47.81917],[-121.1788,47.81921],[-121.17864,47.81925],[-121.17851,47.81928],[-121.17831,47.8193],[-121.17821,47.81932],[-121.1781,47.81936],[-121.17791,47.81938],[-121.17776,47.81939],[-121.1777,47.81939],[-121.1776,47.81941],[-121.17746,47.81943],[-121.17734,47.81944],[-121.17725,47.81946],[-121.17717,47.81948],[-121.17707,47.81951],[-121.17695,47.81957],[-121.17685,47.81958],[-121.17666,47.8196],[-121.17655,47.81961],[-121.1765,47.81964],[-121.1764,47.81969],[-121.17634,47.81972],[-121.17629,47.81976],[-121.17621,47.81981],[-121.17615,47.81987],[-121.17594,47.82004],[-121.17588,47.82007],[-121.17573,47.82019],[-121.17545,47.82034],[-121.17535,47.82037],[-121.17524,47.82039],[-121.17518,47.8204],[-121.17513,47.82042],[-121.175,47.82043],[-121.1749,47.82044],[-121.17479,47.82045],[-121.17462,47.82046],[-121.17457,47.82046],[-121.17449,47.82046],[-121.17442,47.82046],[-121.17425,47.82047],[-121.17401,47.82047],[-121.17389,47.82048],[-121.17383,47.8205],[-121.17375,47.82052],[-121.17367,47.82054],[-121.17356,47.82056],[-121.17343,47.82058],[-121.17329,47.82061],[-121.17319,47.82063],[-121.17305,47.82065],[-121.17293,47.82067],[-121.17285,47.82069],[-121.17277,47.82071],[-121.17268,47.82073],[-121.17261,47.82074],[-121.1725,47.82076],[-121.17247,47.82078],[-121.17239,47.82082],[-121.17226,47.82085],[-121.17214,47.82087],[-121.17209,47.82089],[-121.17196,47.82094],[-121.1719,47.82096],[-121.17174,47.82101],[-121.17156,47.82108],[-121.17145,47.82113],[-121.17135,47.82119],[-121.17127,47.82122],[-121.17123,47.82127],[-121.17118,47.82129],[-121.17105,47.82135],[-121.17091,47.82141],[-121.17078,47.82147],[-121.17067,47.82153],[-121.17057,47.82156],[-121.17043,47.82163],[-121.17038,47.82166],[-121.17029,47.82175],[-121.17019,47.82181],[-121.17006,47.82188],[-121.16995,47.82194],[-121.16989,47.82199],[-121.16984,47.82201],[-121.16974,47.82204],[-121.16968,47.82208],[-121.16962,47.82213],[-121.16955,47.82217],[-121.16951,47.82219],[-121.16941,47.82224],[-121.1693,47.82229],[-121.1692,47.82235],[-121.16903,47.82241],[-121.16871,47.82254],[-121.16847,47.82264],[-121.17024,47.82591],[-121.17247,47.83013],[-121.17526,47.83536],[-121.177,47.83847],[-121.18241,47.84026],[-121.18765,47.84163],[-121.19277,47.84318],[-121.19762,47.84469],[-121.20101,47.84583],[-121.20695,47.84711],[-121.21441,47.84889],[-121.21845,47.85],[-121.22178,47.85102],[-121.22539,47.85214],[-121.23054,47.85386],[-121.23283,47.85454],[-121.23618,47.85495],[-121.23836,47.85646],[-121.24053,47.8576],[-121.2429,47.85892],[-121.24554,47.86013],[-121.24841,47.86133],[-121.2503,47.86247],[-121.25129,47.86488],[-121.25395,47.86423],[-121.25741,47.86403],[-121.25989,47.86421],[-121.26234,47.86444],[-121.26373,47.86539],[-121.26558,47.86759],[-121.26606,47.86884],[-121.26793,47.87094],[-121.26891,47.87219],[-121.26993,47.87393],[-121.27069,47.87482],[-121.26949,47.87641],[-121.26911,47.87796],[-121.2689,47.88002],[-121.26912,47.88128],[-121.26952,47.88313],[-121.26968,47.88456],[-121.27122,47.88678],[-121.27128,47.88812],[-121.27214,47.8904],[-121.27192,47.89164],[-121.26269,47.89103],[-121.25125,47.89034],[-121.24732,47.89008],[-121.22905,47.88908],[-121.21784,47.88834],[-121.21528,47.88827],[-121.21643,47.89279],[-121.21933,47.90212],[-121.22178,47.91094],[-121.22286,47.91205],[-121.22419,47.91304],[-121.22622,47.91401],[-121.22741,47.91541],[-121.22893,47.91707],[-121.23028,47.91815],[-121.23189,47.92032],[-121.23417,47.92312],[-121.23715,47.92695],[-121.24186,47.93308]],[[-121.30531,47.74743],[-121.30532,47.74561],[-121.30677,47.74561],[-121.30677,47.74743],[-121.30531,47.74743]]]},"properties":{"OBJECTID":2499,"NAME":"Wild Sky Wilderness","OWNER":"Federal Government","MANAGER":"US Forest Service","MANAGEMENT_TYPE":"Wilderness","GLOBALID":"{21599C7F-7A55-45D5-B921-7F3934D85B24}"}},{"type":"Feature","id":2528,"geometry":{"type":"Polygon","coordinates":[[[-121.61867,47.8393],[-121.61852,47.8393],[-121.61822,47.83932],[-121.61794,47.83934],[-121.61625,47.8394],[-121.6162,47.84212],[-121.62153,47.84221],[-121.62686,47.84231],[-121.62692,47.84063],[-121.62159,47.83994],[-121.62159,47.83968],[-121.6216,47.83954],[-121.62084,47.83944],[-121.62034,47.83937],[-121.62019,47.83935],[-121.62004,47.83934],[-121.61989,47.83933],[-121.61974,47.83932],[-121.61958,47.83931],[-121.61943,47.8393],[-121.61928,47.8393],[-121.61913,47.8393],[-121.61898,47.8393],[-121.61882,47.8393],[-121.61867,47.8393]]]},"properties":{"OBJECTID":2528,"NAME":" ","OWNER":"State Government","MANAGER":"WA Dept of Fish and Wildlife","MANAGEMENT_TYPE":"Wildlife","GLOBALID":"{4E555FA1-1E00-4AA6-8F8F-3929E09B5A5E}"}},{"type":"Feature","id":2529,"geometry":{"type":"Polygon","coordinates":[[[-121.60578,47.83664],[-121.60583,47.83845],[-121.61105,47.83847],[-121.61104,47.8374],[-121.61102,47.83666],[-121.61037,47.83667],[-121.60578,47.83664]]]},"properties":{"OBJECTID":2529,"NAME":" ","OWNER":"State Government","MANAGER":"WA Dept of Fish and Wildlife","MANAGEMENT_TYPE":"Wildlife","GLOBALID":"{F47E3B90-6BDA-4B63-87CB-C9A971396A15}"}},{"type":"Feature","id":2530,"geometry":{"type":"Polygon","coordinates":[[[-121.27725,47.92807],[-121.2777,47.92819],[-121.27822,47.92845],[-121.27849,47.92862],[-121.27876,47.92864],[-121.27913,47.92868],[-121.27955,47.92893],[-121.27987,47.92912],[-121.28012,47.92939],[-121.28031,47.92968],[-121.28051,47.92975],[-121.28109,47.92816],[-121.28136,47.92668],[-121.28334,47.92582],[-121.28479,47.92471],[-121.28506,47.92438],[-121.28539,47.92414],[-121.2858,47.92385],[-121.28616,47.92381],[-121.28667,47.92381],[-121.28703,47.92391],[-121.28724,47.92405],[-121.2876,47.92434],[-121.28776,47.92472],[-121.288,47.92498],[-121.28827,47.92506],[-121.28893,47.9252],[-121.28944,47.92546],[-121.29016,47.92573],[-121.29055,47.92595],[-121.29106,47.92599],[-121.29151,47.92604],[-121.29205,47.92584],[-121.29258,47.92582],[-121.29306,47.92591],[-121.29354,47.92575],[-121.29399,47.92575],[-121.29452,47.92578],[-121.29485,47.92588],[-121.29536,47.92584],[-121.29587,47.92591],[-121.29665,47.92589],[-121.29757,47.92596],[-121.29769,47.92596],[-121.29808,47.92572],[-121.2987,47.92557],[-121.29936,47.92563],[-121.29966,47.92579],[-121.30002,47.92573],[-121.30038,47.92582],[-121.30065,47.92602],[-121.30107,47.926],[-121.3017,47.926],[-121.30212,47.92607],[-121.30248,47.92605],[-121.30306,47.926],[-121.30306,47.92599],[-121.30306,47.9246],[-121.31178,47.92449],[-121.31178,47.92447],[-121.31192,47.92406],[-121.31192,47.92404],[-121.31201,47.92375],[-121.31226,47.92345],[-121.31225,47.92344],[-121.31222,47.92314],[-121.31222,47.92312],[-121.31222,47.92294],[-121.31222,47.92292],[-121.31229,47.92269],[-121.31229,47.92267],[-121.31224,47.92255],[-121.31202,47.92233],[-121.31189,47.92209],[-121.31188,47.92208],[-121.31169,47.9217],[-121.31168,47.92168],[-121.31154,47.9214],[-121.31153,47.92138],[-121.31153,47.92107],[-121.31153,47.92105],[-121.31172,47.92055],[-121.31211,47.92023],[-121.3126,47.92009],[-121.31348,47.91942],[-121.3137,47.91918],[-121.3137,47.91916],[-121.31372,47.91869],[-121.31372,47.91867],[-121.314,47.91782],[-121.314,47.91781],[-121.31418,47.91699],[-121.31419,47.91697],[-121.31436,47.91583],[-121.31437,47.91582],[-121.31431,47.91523],[-121.31431,47.91521],[-121.31451,47.9143],[-121.31451,47.91428],[-121.31452,47.91394],[-121.31452,47.91393],[-121.31477,47.91352],[-121.31477,47.91326],[-121.31477,47.91324],[-121.31462,47.91288],[-121.31462,47.91286],[-121.31456,47.91213],[-121.31456,47.91212],[-121.31492,47.91138],[-121.31543,47.91099],[-121.31602,47.91086],[-121.31626,47.91064],[-121.31593,47.91043],[-121.31552,47.91023],[-121.31551,47.91021],[-121.31546,47.90999],[-121.31607,47.90931],[-121.31656,47.9088],[-121.31698,47.90865],[-121.31736,47.90852],[-121.31776,47.90842],[-121.31808,47.90843],[-121.31831,47.90851],[-121.31856,47.90851],[-121.31876,47.90835],[-121.31876,47.90834],[-121.31899,47.90777],[-121.3195,47.90699],[-121.32006,47.90634],[-121.32039,47.90595],[-121.32054,47.9055],[-121.32093,47.90496],[-121.32141,47.90432],[-121.3219,47.90406],[-121.3221,47.90386],[-121.32239,47.90366],[-121.32239,47.90365],[-121.32245,47.90353],[-121.32238,47.90342],[-121.32226,47.90332],[-121.32226,47.90331],[-121.32226,47.90312],[-121.32277,47.90245],[-121.32335,47.90199],[-121.32393,47.90129],[-121.32442,47.90089],[-121.32472,47.90078],[-121.32486,47.90064],[-121.32467,47.90055],[-121.32456,47.90045],[-121.32457,47.90044],[-121.32461,47.90022],[-121.32507,47.90002],[-121.32547,47.89986],[-121.32589,47.89948],[-121.32636,47.89908],[-121.32636,47.89906],[-121.32656,47.89854],[-121.32656,47.89853],[-121.32645,47.8981],[-121.32645,47.89809],[-121.32655,47.89779],[-121.32655,47.89777],[-121.32678,47.89728],[-121.32703,47.89704],[-121.3277,47.89674],[-121.32806,47.8963],[-121.32833,47.89599],[-121.32867,47.8957],[-121.32869,47.89569],[-121.32918,47.89539],[-121.32919,47.89538],[-121.32928,47.89507],[-121.32952,47.89492],[-121.32985,47.89475],[-121.32985,47.89474],[-121.3299,47.89463],[-121.33009,47.89445],[-121.33048,47.89415],[-121.33062,47.89409],[-121.33064,47.89408],[-121.33077,47.89408],[-121.33085,47.89409],[-121.33099,47.89416],[-121.33109,47.89414],[-121.33109,47.89413],[-121.33114,47.89402],[-121.33114,47.89401],[-121.33124,47.89366],[-121.33153,47.89342],[-121.33206,47.89314],[-121.3328,47.89275],[-121.33354,47.89231],[-121.33422,47.89197],[-121.33506,47.89173],[-121.33605,47.89149],[-121.33705,47.89138],[-121.33805,47.89129],[-121.33866,47.89114],[-121.33916,47.89114],[-121.3396,47.8913],[-121.34052,47.89102],[-121.34207,47.89095],[-121.34316,47.89082],[-121.3436,47.89094],[-121.3445,47.89078],[-121.34558,47.89085],[-121.34628,47.89093],[-121.34727,47.89091],[-121.34781,47.89105],[-121.34828,47.89145],[-121.3485,47.8912],[-121.34875,47.89094],[-121.34934,47.89081],[-121.34978,47.89083],[-121.35027,47.89056],[-121.35084,47.89051],[-121.35181,47.8906],[-121.35241,47.89068],[-121.3528,47.89091],[-121.35285,47.89109],[-121.35285,47.8911],[-121.35301,47.89122],[-121.35301,47.89139],[-121.35301,47.8914],[-121.35296,47.89159],[-121.35296,47.8916],[-121.35296,47.89165],[-121.35296,47.89167],[-121.35306,47.89174],[-121.35321,47.89173],[-121.35381,47.89173],[-121.35442,47.89176],[-121.35523,47.89187],[-121.35582,47.89195],[-121.35638,47.89208],[-121.35671,47.89209],[-121.35706,47.89217],[-121.35736,47.89223],[-121.35752,47.8924],[-121.35782,47.89247],[-121.35831,47.89232],[-121.35899,47.89236],[-121.35939,47.89248],[-121.35962,47.89249],[-121.36,47.89248],[-121.36035,47.89265],[-121.3606,47.89271],[-121.36092,47.89266],[-121.36136,47.89266],[-121.36168,47.89274],[-121.36194,47.89279],[-121.36223,47.8927],[-121.36286,47.89269],[-121.36364,47.89281],[-121.36412,47.89295],[-121.36457,47.893],[-121.36528,47.89316],[-121.36594,47.8932],[-121.36644,47.89332],[-121.36689,47.89336],[-121.36727,47.89337],[-121.36743,47.89346],[-121.36759,47.89354],[-121.36779,47.89387],[-121.3678,47.89389],[-121.36783,47.89397],[-121.36798,47.89401],[-121.36818,47.89397],[-121.36878,47.89381],[-121.36882,47.8938],[-121.36906,47.89368],[-121.36946,47.89366],[-121.36982,47.89362],[-121.37025,47.89372],[-121.37046,47.8938],[-121.3707,47.89388],[-121.3712,47.89408],[-121.3716,47.89428],[-121.37185,47.89441],[-121.3722,47.89457],[-121.3724,47.89452],[-121.37273,47.89454],[-121.373,47.89462],[-121.373,47.89464],[-121.37304,47.89465],[-121.37318,47.89478],[-121.3734,47.89478],[-121.37384,47.89479],[-121.37431,47.89479],[-121.37461,47.89492],[-121.37484,47.89505],[-121.37503,47.89494],[-121.37532,47.89476],[-121.37563,47.89462],[-121.37601,47.89459],[-121.37654,47.89467],[-121.37739,47.89485],[-121.37786,47.89499],[-121.37819,47.89512],[-121.37843,47.89523],[-121.37864,47.89537],[-121.37864,47.89549],[-121.37864,47.8955],[-121.37864,47.89559],[-121.37864,47.8956],[-121.37874,47.8956],[-121.37914,47.8955],[-121.37928,47.8955],[-121.37953,47.8955],[-121.37991,47.89567],[-121.38017,47.89593],[-121.38038,47.89605],[-121.38049,47.89619],[-121.38053,47.89634],[-121.38053,47.89635],[-121.38096,47.89657],[-121.38138,47.89689],[-121.38189,47.89734],[-121.3823,47.89758],[-121.38268,47.89774],[-121.38283,47.89786],[-121.38296,47.89803],[-121.38289,47.89818],[-121.38289,47.8982],[-121.38324,47.89842],[-121.38335,47.89859],[-121.38339,47.89878],[-121.38339,47.89879],[-121.38353,47.89883],[-121.38362,47.89878],[-121.38374,47.89867],[-121.38379,47.89862],[-121.38392,47.89859],[-121.38402,47.89866],[-121.38406,47.89875],[-121.38407,47.89877],[-121.38407,47.89903],[-121.38407,47.89904],[-121.38408,47.89933],[-121.38408,47.89935],[-121.38415,47.89953],[-121.38424,47.89928],[-121.38437,47.89908],[-121.38444,47.89901],[-121.3845,47.89892],[-121.38468,47.8986],[-121.38485,47.89831],[-121.38505,47.8981],[-121.38533,47.89787],[-121.38536,47.89787],[-121.38553,47.89778],[-121.3857,47.89771],[-121.38622,47.89758],[-121.38708,47.89759],[-121.38883,47.89778],[-121.39054,47.89807],[-121.39193,47.89831],[-121.39441,47.8987],[-121.39953,47.89948],[-121.39925,47.89966],[-121.39896,47.89993],[-121.39857,47.90023],[-121.39805,47.90055],[-121.39805,47.90057],[-121.39794,47.90092],[-121.39793,47.90094],[-121.39781,47.90118],[-121.39748,47.90154],[-121.39747,47.90156],[-121.39951,47.90192],[-121.39951,47.90191],[-121.39977,47.90148],[-121.40011,47.90095],[-121.40047,47.90031],[-121.40086,47.89979],[-121.40316,47.9002],[-121.40414,47.8999],[-121.40523,47.89976],[-121.40623,47.89976],[-121.40677,47.89981],[-121.40694,47.89979],[-121.40707,47.89972],[-121.40724,47.89972],[-121.40736,47.89973],[-121.40761,47.89975],[-121.40776,47.89968],[-121.4082,47.89951],[-121.40869,47.89939],[-121.40969,47.89928],[-121.41116,47.89922],[-121.41272,47.89924],[-121.41397,47.89931],[-121.41477,47.89937],[-121.41568,47.89938],[-121.41696,47.89927],[-121.41748,47.8992],[-121.41801,47.89912],[-121.41884,47.89912],[-121.41979,47.89916],[-121.42092,47.8993],[-121.4224,47.89948],[-121.4232,47.89965],[-121.42397,47.89981],[-121.42444,47.89988],[-121.42469,47.89998],[-121.42486,47.90012],[-121.42498,47.90023],[-121.42518,47.90033],[-121.42517,47.90032],[-121.42517,47.9003],[-121.42516,47.90028],[-121.42511,47.90016],[-121.42511,47.90014],[-121.4251,47.9001],[-121.4251,47.90008],[-121.42508,47.90004],[-121.42508,47.90003],[-121.42508,47.89987],[-121.42508,47.89986],[-121.42516,47.8997],[-121.42528,47.89953],[-121.42531,47.89948],[-121.42536,47.89942],[-121.4254,47.89934],[-121.42541,47.89932],[-121.42541,47.8993],[-121.42543,47.89919],[-121.42544,47.89918],[-121.42551,47.899],[-121.42639,47.89901],[-121.42661,47.89912],[-121.42798,47.89932],[-121.42986,47.89933],[-121.43055,47.89937],[-121.43114,47.89938],[-121.43268,47.8995],[-121.43285,47.89947],[-121.43345,47.89948],[-121.43404,47.89969],[-121.43437,47.90009],[-121.43486,47.89988],[-121.43644,47.89918],[-121.43644,47.89917],[-121.43641,47.89652],[-121.43666,47.89651],[-121.43669,47.89651],[-121.43704,47.89589],[-121.43697,47.89528],[-121.43707,47.89454],[-121.43752,47.89353],[-121.43808,47.89313],[-121.43907,47.89271],[-121.44031,47.89239],[-121.44092,47.89209],[-121.44119,47.89197],[-121.44199,47.89173],[-121.44626,47.89172],[-121.4461,47.89348],[-121.44012,47.89346],[-121.43997,47.89424],[-121.43889,47.8948],[-121.43889,47.89647],[-121.44249,47.89639],[-121.4425,47.89803],[-121.43915,47.89811],[-121.43914,47.89994],[-121.44293,47.89984],[-121.44294,47.90149],[-121.44251,47.9015],[-121.44304,47.90292],[-121.43726,47.90263],[-121.43729,47.90277],[-121.43729,47.90278],[-121.43727,47.90296],[-121.43726,47.90298],[-121.43726,47.903],[-121.43703,47.90345],[-121.43702,47.90347],[-121.43697,47.90357],[-121.43696,47.90359],[-121.43696,47.90361],[-121.43695,47.90378],[-121.43695,47.90379],[-121.43698,47.90391],[-121.43699,47.90392],[-121.43703,47.90399],[-121.43713,47.90411],[-121.43728,47.90424],[-121.43741,47.90439],[-121.43755,47.90458],[-121.43763,47.90473],[-121.43764,47.90475],[-121.43767,47.90487],[-121.43767,47.90488],[-121.43768,47.90514],[-121.43768,47.90515],[-121.43768,47.90523],[-121.43768,47.90524],[-121.43766,47.90535],[-121.43766,47.90536],[-121.43765,47.90538],[-121.43765,47.9054],[-121.43756,47.90557],[-121.43731,47.90602],[-121.4373,47.90604],[-121.43725,47.90619],[-121.43725,47.9062],[-121.43727,47.90631],[-121.43731,47.90637],[-121.4374,47.90656],[-121.43741,47.90657],[-121.43745,47.90677],[-121.43745,47.90679],[-121.43746,47.90713],[-121.43746,47.90715],[-121.43743,47.90733],[-121.43743,47.90735],[-121.43742,47.90738],[-121.43742,47.90739],[-121.43741,47.90749],[-121.43742,47.90751],[-121.43747,47.90762],[-121.43748,47.90763],[-121.4375,47.90767],[-121.43795,47.90811],[-121.43797,47.90816],[-121.43798,47.90817],[-121.43803,47.90854],[-121.43803,47.90855],[-121.43803,47.90857],[-121.43803,47.90859],[-121.43803,47.90865],[-121.43803,47.90866],[-121.43803,47.90905],[-121.43803,47.90906],[-121.43782,47.90953],[-121.43781,47.90955],[-121.43779,47.90973],[-121.43779,47.90974],[-121.43788,47.90998],[-121.43789,47.91],[-121.43794,47.91009],[-121.43794,47.91011],[-121.43797,47.9102],[-121.43798,47.91021],[-121.43826,47.91068],[-121.43829,47.91074],[-121.43842,47.9109],[-121.43854,47.91106],[-121.43862,47.91122],[-121.43863,47.91123],[-121.43866,47.9114],[-121.43866,47.91141],[-121.43867,47.91154],[-121.43867,47.91156],[-121.43869,47.91195],[-121.43869,47.91197],[-121.4387,47.91233],[-121.43871,47.91235],[-121.43876,47.91256],[-121.43876,47.91257],[-121.43885,47.91275],[-121.43885,47.91276],[-121.43889,47.91287],[-121.43889,47.91289],[-121.43889,47.91307],[-121.43889,47.91309],[-121.4389,47.91347],[-121.4389,47.91349],[-121.4389,47.91353],[-121.4389,47.91355],[-121.43896,47.91377],[-121.43897,47.91378],[-121.43898,47.91381],[-121.43898,47.91383],[-121.43916,47.91419],[-121.43916,47.91421],[-121.43924,47.91434],[-121.43924,47.91435],[-121.43927,47.91442],[-121.43928,47.91444],[-121.43934,47.91458],[-121.43934,47.9146],[-121.43934,47.91474],[-121.43934,47.91476],[-121.43933,47.91485],[-121.43933,47.91487],[-121.43931,47.91493],[-121.43931,47.91495],[-121.43931,47.91509],[-121.43931,47.91511],[-121.43939,47.91534],[-121.43939,47.91535],[-121.43941,47.91543],[-121.43941,47.91544],[-121.43953,47.91577],[-121.43954,47.91579],[-121.43955,47.9159],[-121.43955,47.91591],[-121.43958,47.916],[-121.43958,47.91601],[-121.43959,47.91615],[-121.43959,47.91617],[-121.43959,47.9162],[-121.43959,47.91621],[-121.43956,47.91633],[-121.43955,47.91635],[-121.43937,47.91669],[-121.43928,47.91679],[-121.43923,47.91688],[-121.43911,47.91705],[-121.43896,47.91726],[-121.43893,47.9173],[-121.4389,47.91736],[-121.43889,47.91738],[-121.43883,47.9175],[-121.43882,47.91751],[-121.4388,47.91782],[-121.4388,47.91784],[-121.4388,47.91795],[-121.4388,47.91796],[-121.43888,47.91852],[-121.43888,47.91853],[-121.4389,47.91863],[-121.4389,47.91865],[-121.43891,47.91896],[-121.43891,47.91897],[-121.43894,47.92056],[-121.43895,47.92058],[-121.43895,47.92071],[-121.43895,47.92072],[-121.43896,47.92149],[-121.43896,47.92151],[-121.43897,47.92179],[-121.43897,47.92181],[-121.43898,47.92215],[-121.43898,47.92217],[-121.43901,47.92226],[-121.43901,47.92227],[-121.43903,47.92234],[-121.43904,47.92236],[-121.43915,47.92258],[-121.43921,47.92266],[-121.43907,47.92223],[-121.44167,47.92182],[-121.44167,47.92181],[-121.44157,47.92132],[-121.44157,47.92131],[-121.44146,47.91991],[-121.44146,47.9199],[-121.44148,47.91924],[-121.44148,47.91922],[-121.44137,47.91822],[-121.44137,47.91821],[-121.44141,47.91808],[-121.44142,47.91807],[-121.44152,47.91774],[-121.44153,47.91773],[-121.44175,47.91731],[-121.44176,47.9173],[-121.44198,47.91683],[-121.44198,47.91682],[-121.44202,47.91663],[-121.44202,47.91661],[-121.44207,47.9163],[-121.44207,47.91629],[-121.44202,47.91572],[-121.44201,47.91571],[-121.44182,47.91504],[-121.44182,47.91503],[-121.44184,47.91442],[-121.44183,47.9144],[-121.44158,47.91359],[-121.44157,47.91358],[-121.44145,47.91311],[-121.44144,47.91309],[-121.44146,47.91268],[-121.44146,47.91266],[-121.44133,47.91205],[-121.44384,47.91271],[-121.44489,47.9112],[-121.44341,47.91051],[-121.44388,47.90877],[-121.44433,47.90884],[-121.44945,47.91115],[-121.44839,47.91252],[-121.45013,47.91322],[-121.45016,47.91317],[-121.45168,47.91327],[-121.45384,47.91341],[-121.45609,47.9136],[-121.4576,47.91242],[-121.45782,47.91225],[-121.45961,47.91086],[-121.45982,47.91107],[-121.46021,47.9115],[-121.46065,47.91204],[-121.46106,47.91218],[-121.46131,47.91224],[-121.46195,47.91247],[-121.4622,47.91267],[-121.46236,47.91295],[-121.46236,47.91296],[-121.46248,47.91298],[-121.4627,47.91287],[-121.46337,47.91256],[-121.46384,47.91245],[-121.46416,47.91254],[-121.46458,47.91281],[-121.46478,47.91312],[-121.46479,47.91314],[-121.4649,47.91338],[-121.4649,47.9134],[-121.46504,47.91344],[-121.46537,47.91344],[-121.46594,47.91343],[-121.46641,47.91343],[-121.46736,47.91323],[-121.46763,47.91331],[-121.46785,47.91324],[-121.46833,47.91317],[-121.46898,47.91308],[-121.46998,47.91311],[-121.47115,47.91338],[-121.47211,47.91399],[-121.47282,47.9143],[-121.47317,47.91512],[-121.47317,47.91514],[-121.47318,47.91564],[-121.47318,47.91565],[-121.47322,47.91621],[-121.47322,47.91623],[-121.47323,47.91657],[-121.47345,47.9169],[-121.47396,47.91726],[-121.4741,47.91747],[-121.47423,47.91754],[-121.47484,47.91741],[-121.47581,47.9171],[-121.47635,47.9169],[-121.4768,47.91696],[-121.47718,47.91712],[-121.47753,47.91725],[-121.47771,47.91778],[-121.47771,47.9178],[-121.48838,47.91771],[-121.48838,47.91769],[-121.48839,47.9159],[-121.48839,47.91588],[-121.4881,47.91576],[-121.48791,47.91565],[-121.48773,47.9155],[-121.48762,47.91539],[-121.48757,47.91533],[-121.48727,47.91501],[-121.48722,47.91495],[-121.48705,47.91478],[-121.48689,47.91463],[-121.48644,47.91433],[-121.48599,47.91414],[-121.48574,47.91405],[-121.48555,47.91399],[-121.48518,47.91378],[-121.48492,47.91353],[-121.48474,47.91327],[-121.4846,47.91318],[-121.48455,47.91316],[-121.4844,47.9131],[-121.48435,47.91305],[-121.4843,47.91299],[-121.4842,47.91291],[-121.48352,47.91266],[-121.48344,47.91263],[-121.48305,47.91245],[-121.48282,47.9123],[-121.48273,47.91222],[-121.48239,47.91149],[-121.48239,47.91148],[-121.48237,47.91141],[-121.48236,47.9114],[-121.48228,47.91124],[-121.48224,47.91118],[-121.48221,47.91111],[-121.4822,47.9111],[-121.48217,47.91104],[-121.48186,47.91047],[-121.48176,47.91034],[-121.48164,47.91016],[-121.48147,47.91],[-121.48113,47.90979],[-121.48095,47.90973],[-121.48077,47.90961],[-121.48001,47.90925],[-121.47961,47.909],[-121.47956,47.90897],[-121.47942,47.90886],[-121.47933,47.90873],[-121.47923,47.90846],[-121.47922,47.90844],[-121.47921,47.90838],[-121.47921,47.90836],[-121.47918,47.9083],[-121.47911,47.90822],[-121.47892,47.90813],[-121.47842,47.9079],[-121.4782,47.90775],[-121.47795,47.90748],[-121.47788,47.9074],[-121.47781,47.90733],[-121.47764,47.90727],[-121.47738,47.90716],[-121.4773,47.90709],[-121.47724,47.90701],[-121.47717,47.90684],[-121.47717,47.90682],[-121.47702,47.90617],[-121.47702,47.90615],[-121.47691,47.9061],[-121.47656,47.90608],[-121.47636,47.90602],[-121.47625,47.90595],[-121.47575,47.90551],[-121.47558,47.90549],[-121.47449,47.90551],[-121.47434,47.90551],[-121.47413,47.90549],[-121.47315,47.90546],[-121.47269,47.90542],[-121.47246,47.90537],[-121.4723,47.90532],[-121.47206,47.90516],[-121.47191,47.90507],[-121.47155,47.90475],[-121.47146,47.90463],[-121.47138,47.90457],[-121.47098,47.90443],[-121.47024,47.90428],[-121.46859,47.90385],[-121.46848,47.90385],[-121.46825,47.90387],[-121.468,47.90394],[-121.4676,47.90404],[-121.46725,47.90406],[-121.46716,47.90404],[-121.46702,47.90399],[-121.46697,47.90392],[-121.46693,47.9038],[-121.46693,47.90379],[-121.4669,47.90354],[-121.46689,47.90353],[-121.46687,47.90348],[-121.46674,47.9033],[-121.46653,47.90312],[-121.4665,47.9031],[-121.46628,47.90299],[-121.4659,47.90288],[-121.46526,47.90278],[-121.46519,47.90278],[-121.46491,47.90271],[-121.4647,47.90261],[-121.46448,47.90247],[-121.46439,47.9024],[-121.46395,47.90187],[-121.46363,47.90152],[-121.46342,47.90135],[-121.46323,47.90125],[-121.46301,47.90114],[-121.46267,47.90104],[-121.46232,47.90099],[-121.46196,47.90088],[-121.46182,47.9008],[-121.46169,47.9007],[-121.46158,47.90056],[-121.4615,47.90047],[-121.46125,47.90025],[-121.46104,47.90018],[-121.46052,47.90013],[-121.46028,47.90014],[-121.46016,47.90014],[-121.45965,47.90026],[-121.45925,47.90026],[-121.45899,47.9002],[-121.45868,47.90008],[-121.45851,47.89997],[-121.45839,47.89988],[-121.45823,47.89974],[-121.45819,47.89967],[-121.45786,47.89935],[-121.45781,47.89928],[-121.45733,47.89881],[-121.45706,47.89862],[-121.45691,47.89853],[-121.45682,47.89848],[-121.45675,47.89838],[-121.45671,47.89823],[-121.45671,47.89822],[-121.45652,47.89804],[-121.45635,47.89795],[-121.4561,47.89785],[-121.45604,47.89782],[-121.45589,47.89776],[-121.45554,47.89763],[-121.45543,47.89757],[-121.45537,47.89748],[-121.45523,47.89717],[-121.45523,47.89715],[-121.45517,47.89704],[-121.45517,47.89703],[-121.45508,47.89695],[-121.45498,47.89692],[-121.45478,47.89692],[-121.45421,47.8969],[-121.45398,47.89686],[-121.45377,47.89676],[-121.45368,47.8967],[-121.45355,47.89651],[-121.45355,47.89649],[-121.45349,47.89633],[-121.45349,47.89632],[-121.4535,47.89611],[-121.4535,47.89609],[-121.45352,47.89604],[-121.45352,47.89602],[-121.45351,47.89576],[-121.45351,47.89574],[-121.45347,47.89568],[-121.45338,47.89557],[-121.45303,47.89529],[-121.45283,47.89509],[-121.45279,47.89502],[-121.45256,47.89476],[-121.45233,47.89444],[-121.45229,47.89436],[-121.4522,47.89427],[-121.45209,47.89417],[-121.45194,47.89406],[-121.45145,47.89373],[-121.45137,47.89363],[-121.45131,47.89351],[-121.45131,47.89349],[-121.45127,47.89339],[-121.45126,47.89337],[-121.45124,47.89326],[-121.45124,47.89325],[-121.45109,47.89297],[-121.45088,47.89272],[-121.45085,47.8926],[-121.45084,47.89258],[-121.45085,47.89241],[-121.45086,47.8924],[-121.45093,47.89218],[-121.45094,47.89216],[-121.45106,47.89187],[-121.45106,47.89186],[-121.45107,47.89172],[-121.45163,47.89172],[-121.45167,47.88445],[-121.45598,47.88444],[-121.45598,47.88079],[-121.46132,47.8808],[-121.46132,47.88078],[-121.46131,47.87717],[-121.4622,47.87717],[-121.46227,47.87715],[-121.46242,47.87711],[-121.46297,47.87694],[-121.46384,47.87655],[-121.46476,47.8762],[-121.46518,47.876],[-121.46552,47.87576],[-121.46573,47.87551],[-121.4658,47.87528],[-121.4658,47.87527],[-121.4658,47.87499],[-121.46597,47.87487],[-121.46641,47.87451],[-121.46663,47.87432],[-121.46686,47.87407],[-121.46704,47.87379],[-121.46737,47.87347],[-121.46772,47.87322],[-121.46816,47.87292],[-121.46834,47.87277],[-121.46876,47.87228],[-121.46924,47.87194],[-121.46959,47.87161],[-121.47031,47.87109],[-121.47073,47.87076],[-121.47113,47.87034],[-121.47162,47.86989],[-121.47222,47.86957],[-121.47231,47.86955],[-121.47231,47.86953],[-121.47223,47.86934],[-121.47291,47.86905],[-121.47291,47.86904],[-121.47292,47.86828],[-121.47379,47.86746],[-121.47452,47.86683],[-121.47533,47.86627],[-121.47617,47.86576],[-121.47715,47.86532],[-121.47783,47.86505],[-121.47825,47.86489],[-121.47958,47.86441],[-121.48088,47.86405],[-121.482,47.86384],[-121.48298,47.86369],[-121.48297,47.8659],[-121.48297,47.86592],[-121.48439,47.86581],[-121.48454,47.86519],[-121.48622,47.86511],[-121.48807,47.86442],[-121.48825,47.86436],[-121.48861,47.86423],[-121.48901,47.86452],[-121.48966,47.86445],[-121.49058,47.86419],[-121.49163,47.86384],[-121.49214,47.86361],[-121.49273,47.86329],[-121.49291,47.86313],[-121.49301,47.86313],[-121.4931,47.86313],[-121.49316,47.86313],[-121.49323,47.85653],[-121.49313,47.8566],[-121.49276,47.85682],[-121.49276,47.85694],[-121.49271,47.85738],[-121.49254,47.85756],[-121.49223,47.85774],[-121.49154,47.85792],[-121.4904,47.85817],[-121.49009,47.85827],[-121.49001,47.85833],[-121.49001,47.85841],[-121.49005,47.85849],[-121.49015,47.85857],[-121.49043,47.8587],[-121.49093,47.85884],[-121.49128,47.85901],[-121.49164,47.85928],[-121.49187,47.85961],[-121.49191,47.85981],[-121.49189,47.85991],[-121.49172,47.85999],[-121.49146,47.86],[-121.4912,47.86],[-121.49095,47.86002],[-121.49073,47.86007],[-121.49046,47.86009],[-121.49016,47.86009],[-121.49004,47.86012],[-121.48994,47.86019],[-121.48995,47.8604],[-121.48506,47.86048],[-121.48503,47.86046],[-121.48488,47.86033],[-121.48475,47.86019],[-121.48467,47.86013],[-121.48436,47.85996],[-121.48402,47.85986],[-121.48356,47.85978],[-121.48333,47.85973],[-121.48257,47.85943],[-121.48238,47.85935],[-121.48161,47.85913],[-121.48143,47.85909],[-121.48137,47.85909],[-121.48115,47.85909],[-121.48093,47.85913],[-121.48053,47.85927],[-121.48023,47.8593],[-121.48012,47.85928],[-121.47988,47.85919],[-121.47984,47.85918],[-121.47905,47.85872],[-121.47892,47.85866],[-121.47881,47.85861],[-121.47831,47.85849],[-121.47784,47.85846],[-121.47766,47.85844],[-121.47721,47.85844],[-121.47698,47.85847],[-121.47659,47.85849],[-121.47636,47.85847],[-121.47593,47.85835],[-121.47569,47.85831],[-121.47542,47.85829],[-121.47533,47.85831],[-121.47522,47.85831],[-121.47415,47.85854],[-121.47378,47.85856],[-121.47344,47.85852],[-121.47326,47.85851],[-121.47271,47.85846],[-121.4721,47.85839],[-121.47152,47.85839],[-121.47131,47.85841],[-121.47107,47.85846],[-121.47071,47.8586],[-121.47052,47.85865],[-121.47031,47.85864],[-121.47014,47.8586],[-121.46983,47.85841],[-121.46924,47.85802],[-121.46876,47.85782],[-121.46865,47.85774],[-121.46853,47.85759],[-121.46843,47.85743],[-121.46841,47.85736],[-121.46836,47.85731],[-121.46822,47.85723],[-121.46797,47.8572],[-121.46777,47.85719],[-121.46753,47.85721],[-121.46667,47.85725],[-121.4663,47.85722],[-121.46606,47.85713],[-121.46598,47.85708],[-121.46557,47.85679],[-121.46528,47.85654],[-121.4651,47.85641],[-121.46486,47.85632],[-121.464,47.85621],[-121.46387,47.85619],[-121.46371,47.85614],[-121.46322,47.85588],[-121.46291,47.85577],[-121.46253,47.85573],[-121.46197,47.85571],[-121.46179,47.85569],[-121.46166,47.85566],[-121.46132,47.85552],[-121.46124,47.85545],[-121.46119,47.85539],[-121.46097,47.85521],[-121.46081,47.85513],[-121.4605,47.85507],[-121.45988,47.85507],[-121.45978,47.85505],[-121.45949,47.85495],[-121.45936,47.85486],[-121.4593,47.85477],[-121.45924,47.85473],[-121.4593,47.85772],[-121.4595,47.85785],[-121.45989,47.85803],[-121.46029,47.85824],[-121.46069,47.85832],[-121.46128,47.8585],[-121.46192,47.85876],[-121.46251,47.859],[-121.46291,47.85915],[-121.46335,47.85928],[-121.46374,47.85946],[-121.4641,47.85973],[-121.46442,47.85978],[-121.46518,47.86009],[-121.46565,47.8603],[-121.46629,47.86045],[-121.46667,47.86057],[-121.47379,47.8606],[-121.47414,47.86127],[-121.47418,47.86164],[-121.47431,47.86192],[-121.47449,47.86237],[-121.47467,47.86252],[-121.47468,47.86268],[-121.47434,47.86306],[-121.47412,47.86324],[-121.47403,47.86336],[-121.47408,47.86347],[-121.47414,47.86357],[-121.47414,47.86366],[-121.4741,47.86373],[-121.47391,47.86384],[-121.47373,47.86395],[-121.47373,47.86406],[-121.47373,47.86415],[-121.47367,47.8642],[-121.47352,47.8643],[-121.47312,47.86444],[-121.47279,47.86464],[-121.47245,47.8648],[-121.47189,47.86483],[-121.47158,47.86488],[-121.47144,47.86488],[-121.47132,47.86497],[-121.47125,47.86508],[-121.47108,47.86516],[-121.47086,47.86525],[-121.47084,47.86547],[-121.47068,47.86572],[-121.47036,47.86591],[-121.46975,47.86626],[-121.46923,47.8665],[-121.46876,47.86681],[-121.46775,47.86723],[-121.46705,47.86766],[-121.46644,47.86795],[-121.46568,47.86805],[-121.46529,47.86825],[-121.46509,47.8684],[-121.46491,47.86856],[-121.4646,47.8687],[-121.46451,47.86888],[-121.46412,47.86912],[-121.46338,47.86942],[-121.46314,47.86972],[-121.46255,47.87006],[-121.46227,47.8703],[-121.46199,47.87046],[-121.46174,47.87072],[-121.46109,47.87087],[-121.46078,47.87096],[-121.46033,47.87122],[-121.45981,47.8715],[-121.45909,47.87164],[-121.4586,47.87166],[-121.45862,47.8719],[-121.45865,47.87214],[-121.4585,47.87244],[-121.45797,47.87272],[-121.45771,47.87306],[-121.45763,47.87326],[-121.45743,47.8735],[-121.45718,47.87382],[-121.45683,47.87416],[-121.45661,47.87434],[-121.45624,47.87472],[-121.45605,47.87505],[-121.45601,47.87534],[-121.45574,47.87582],[-121.45564,47.87595],[-121.45565,47.87634],[-121.45565,47.87656],[-121.45518,47.8766],[-121.45471,47.87705],[-121.45362,47.87767],[-121.4531,47.87806],[-121.45244,47.87884],[-121.45141,47.87998],[-121.4509,47.88072],[-121.45061,47.88105],[-121.45047,47.88124],[-121.45048,47.8814],[-121.45043,47.88153],[-121.45025,47.88188],[-121.45021,47.88243],[-121.44965,47.88308],[-121.44903,47.88373],[-121.44894,47.88389],[-121.44847,47.88425],[-121.44724,47.88494],[-121.44648,47.8851],[-121.44547,47.88524],[-121.44519,47.88553],[-121.44458,47.88595],[-121.44453,47.88605],[-121.44454,47.88634],[-121.44444,47.8865],[-121.44406,47.8866],[-121.44296,47.88677],[-121.44129,47.88711],[-121.4402,47.88728],[-121.43967,47.88731],[-121.43947,47.88732],[-121.4393,47.88733],[-121.43922,47.88738],[-121.4392,47.88745],[-121.43945,47.88778],[-121.4395,47.88793],[-121.4394,47.88806],[-121.43907,47.88822],[-121.4382,47.88823],[-121.4372,47.88817],[-121.43633,47.88792],[-121.43585,47.88751],[-121.43561,47.88751],[-121.43518,47.88751],[-121.43513,47.88764],[-121.43544,47.8879],[-121.43576,47.88828],[-121.4359,47.88864],[-121.43578,47.88908],[-121.43578,47.88931],[-121.43593,47.88963],[-121.43598,47.88989],[-121.43599,47.89005],[-121.43599,47.89027],[-121.43571,47.89047],[-121.43537,47.89057],[-121.4349,47.8906],[-121.43499,47.89103],[-121.43469,47.89173],[-121.43412,47.89173],[-121.43403,47.89202],[-121.43401,47.8923],[-121.43421,47.89276],[-121.43418,47.89327],[-121.43428,47.8935],[-121.43424,47.89364],[-121.43418,47.89385],[-121.43397,47.89417],[-121.43352,47.89457],[-121.43305,47.89484],[-121.43241,47.89505],[-121.43177,47.89519],[-121.43186,47.89547],[-121.43046,47.89567],[-121.42991,47.89572],[-121.42932,47.89569],[-121.42885,47.89555],[-121.42821,47.89539],[-121.42736,47.89535],[-121.42628,47.8955],[-121.42493,47.8957],[-121.42404,47.89583],[-121.42285,47.89576],[-121.42177,47.89568],[-121.42032,47.89545],[-121.41775,47.8949],[-121.41624,47.89501],[-121.41579,47.89489],[-121.41505,47.89489],[-121.41441,47.8949],[-121.41408,47.89493],[-121.41397,47.89495],[-121.41397,47.89637],[-121.41397,47.89647],[-121.41398,47.89656],[-121.41379,47.89648],[-121.41321,47.89624],[-121.41217,47.89614],[-121.41201,47.89615],[-121.41165,47.89615],[-121.41087,47.8963],[-121.41053,47.8964],[-121.41019,47.89651],[-121.41001,47.89659],[-121.40926,47.8969],[-121.40854,47.89733],[-121.40818,47.89765],[-121.40782,47.89786],[-121.40756,47.89797],[-121.4072,47.89801],[-121.40683,47.89787],[-121.40636,47.89763],[-121.40594,47.89745],[-121.40589,47.89744],[-121.40541,47.89725],[-121.40468,47.89701],[-121.40416,47.89687],[-121.40342,47.8966],[-121.40279,47.89632],[-121.40216,47.89615],[-121.40191,47.89614],[-121.40159,47.89612],[-121.40018,47.89616],[-121.40003,47.89617],[-121.39914,47.89614],[-121.39826,47.89608],[-121.39747,47.89601],[-121.39669,47.89591],[-121.39617,47.89585],[-121.39596,47.89578],[-121.39533,47.89554],[-121.39465,47.89526],[-121.39428,47.89513],[-121.39397,47.89502],[-121.39349,47.89485],[-121.39313,47.89478],[-121.39292,47.89479],[-121.39276,47.89479],[-121.3924,47.89486],[-121.39209,47.8949],[-121.39183,47.89487],[-121.39156,47.89476],[-121.39141,47.89469],[-121.39124,47.8946],[-121.3911,47.89451],[-121.39099,47.89445],[-121.39072,47.89421],[-121.39046,47.89382],[-121.39014,47.89334],[-121.38992,47.89306],[-121.38976,47.89292],[-121.38934,47.89268],[-121.38918,47.89265],[-121.38898,47.89261],[-121.38856,47.89265],[-121.38809,47.89276],[-121.38732,47.89297],[-121.38669,47.89305],[-121.38581,47.89309],[-121.3855,47.89305],[-121.38461,47.89296],[-121.38403,47.89286],[-121.38371,47.89277],[-121.38367,47.89275],[-121.3833,47.89262],[-121.38309,47.89248],[-121.38293,47.89246],[-121.38272,47.89245],[-121.38247,47.89246],[-121.38211,47.89249],[-121.38151,47.89242],[-121.38117,47.89234],[-121.38075,47.8922],[-121.38052,47.89211],[-121.38011,47.89189],[-121.37981,47.89175],[-121.3792,47.8915],[-121.37915,47.89148],[-121.37847,47.89129],[-121.37814,47.89122],[-121.37782,47.89119],[-121.37753,47.89119],[-121.37732,47.89123],[-121.37715,47.8913],[-121.37693,47.89145],[-121.37671,47.89152],[-121.3766,47.89154],[-121.37621,47.89155],[-121.37525,47.89124],[-121.375,47.89105],[-121.37494,47.891],[-121.37467,47.89068],[-121.37451,47.89044],[-121.3742,47.8903],[-121.37399,47.89027],[-121.37385,47.89029],[-121.37368,47.89031],[-121.37316,47.89045],[-121.37284,47.89049],[-121.37279,47.89048],[-121.37253,47.89046],[-121.37211,47.89021],[-121.37179,47.88987],[-121.37158,47.88952],[-121.37142,47.88931],[-121.37137,47.88924],[-121.37095,47.88907],[-121.37043,47.88903],[-121.37037,47.88904],[-121.37011,47.88907],[-121.3696,47.88925],[-121.36908,47.88936],[-121.36825,47.88943],[-121.36814,47.88944],[-121.36772,47.88944],[-121.36736,47.88937],[-121.36699,47.88927],[-121.3669,47.88923],[-121.36662,47.8891],[-121.36599,47.88872],[-121.36589,47.88867],[-121.36542,47.88848],[-121.36506,47.88838],[-121.36463,47.88827],[-121.36411,47.88818],[-121.36385,47.88814],[-121.36306,47.88804],[-121.36259,47.88801],[-121.36257,47.88801],[-121.3622,47.88803],[-121.36202,47.88805],[-121.36103,47.88798],[-121.36014,47.88788],[-121.35962,47.88782],[-121.35931,47.88774],[-121.3591,47.88768],[-121.35831,47.88746],[-121.35826,47.88744],[-121.35774,47.88729],[-121.35711,47.8871],[-121.35633,47.88686],[-121.35586,47.88679],[-121.35534,47.88683],[-121.35502,47.88687],[-121.35471,47.88691],[-121.35419,47.88698],[-121.35367,47.88695],[-121.35336,47.88692],[-121.35294,47.88681],[-121.35278,47.88677],[-121.35257,47.88671],[-121.3519,47.88665],[-121.35158,47.88672],[-121.35138,47.88683],[-121.35081,47.88711],[-121.35009,47.88754],[-121.34978,47.88768],[-121.34968,47.88771],[-121.34952,47.88775],[-121.3492,47.88775],[-121.34884,47.88769],[-121.34837,47.88758],[-121.34785,47.88748],[-121.34765,47.88747],[-121.34748,47.88745],[-121.34649,47.88749],[-121.3455,47.88764],[-121.3454,47.88768],[-121.34499,47.88784],[-121.34802,47.88833],[-121.34799,47.8892],[-121.34431,47.8892],[-121.34427,47.88939],[-121.33786,47.88972],[-121.33784,47.88837],[-121.338,47.888],[-121.33814,47.88761],[-121.33845,47.8875],[-121.33903,47.88743],[-121.33908,47.88688],[-121.34136,47.88725],[-121.34133,47.88707],[-121.34127,47.88676],[-121.34096,47.88655],[-121.34079,47.88649],[-121.34085,47.88641],[-121.34102,47.88604],[-121.34127,47.88573],[-121.34178,47.88525],[-121.34206,47.88495],[-121.34221,47.88482],[-121.34236,47.88463],[-121.34246,47.88446],[-121.34274,47.88375],[-121.34278,47.88345],[-121.3428,47.88318],[-121.34284,47.88306],[-121.34289,47.88296],[-121.34295,47.88281],[-121.3431,47.88261],[-121.34346,47.88197],[-121.34381,47.88129],[-121.34388,47.88108],[-121.34404,47.88072],[-121.34406,47.88065],[-121.3442,47.88017],[-121.3442,47.87972],[-121.34415,47.87942],[-121.34414,47.87933],[-121.34408,47.87914],[-121.34397,47.87891],[-121.34386,47.87874],[-121.3437,47.87852],[-121.34339,47.87811],[-121.34314,47.87774],[-121.34311,47.87766],[-121.34307,47.87739],[-121.34305,47.87722],[-121.34305,47.87676],[-121.34303,47.87671],[-121.34302,47.87664],[-121.34301,47.87649],[-121.34301,47.87624],[-121.343,47.87539],[-121.343,47.87525],[-121.34303,47.87516],[-121.34304,47.87511],[-121.34312,47.87495],[-121.34319,47.87484],[-121.34328,47.87475],[-121.34357,47.87448],[-121.34377,47.87428],[-121.34385,47.87417],[-121.34388,47.8741],[-121.34391,47.8737],[-121.34393,47.87347],[-121.34407,47.873],[-121.34415,47.87283],[-121.34418,47.87269],[-121.3443,47.87235],[-121.33792,47.86246],[-121.33814,47.86228],[-121.33862,47.86223],[-121.33931,47.86213],[-121.34002,47.86171],[-121.34062,47.86116],[-121.34122,47.8606],[-121.34162,47.86001],[-121.34144,47.85935],[-121.34105,47.85809],[-121.3409,47.85727],[-121.34101,47.85613],[-121.34137,47.85552],[-121.34164,47.85487],[-121.34193,47.85415],[-121.34227,47.85322],[-121.34236,47.85252],[-121.34204,47.85197],[-121.3418,47.85162],[-121.34213,47.85123],[-121.34263,47.85081],[-121.34303,47.85026],[-121.34338,47.84957],[-121.34365,47.84896],[-121.34364,47.84862],[-121.34325,47.84739],[-121.32782,47.83624],[-121.32735,47.83496],[-121.32764,47.83478],[-121.32793,47.83459],[-121.32797,47.83446],[-121.32795,47.83419],[-121.3279,47.83399],[-121.32776,47.83357],[-121.328,47.83308],[-121.32808,47.83264],[-121.32836,47.83207],[-121.32863,47.83163],[-121.32887,47.83126],[-121.32923,47.83088],[-121.32953,47.83062],[-121.32975,47.8304],[-121.32982,47.83018],[-121.32971,47.83009],[-121.32936,47.83005],[-121.32827,47.82986],[-121.32723,47.82964],[-121.32634,47.82954],[-121.32569,47.82934],[-121.32524,47.82925],[-121.32475,47.82906],[-121.32468,47.82881],[-121.32462,47.82821],[-121.32477,47.82782],[-121.32508,47.82742],[-121.32555,47.82708],[-121.32604,47.82676],[-121.32646,47.82647],[-121.32702,47.82597],[-121.32764,47.82539],[-121.32826,47.82498],[-121.32869,47.82473],[-121.32911,47.82434],[-121.32933,47.82404],[-121.32953,47.82379],[-121.32954,47.82349],[-121.32945,47.82308],[-121.32908,47.82271],[-121.32818,47.82241],[-121.32742,47.82233],[-121.32706,47.8223],[-121.32598,47.82238],[-121.32515,47.8224],[-121.32489,47.82238],[-121.32443,47.82235],[-121.32418,47.8223],[-121.32359,47.82179],[-121.32327,47.82152],[-121.32316,47.82133],[-121.32489,47.82099],[-121.32487,47.80953],[-121.32474,47.80956],[-121.32409,47.80957],[-121.32359,47.80966],[-121.32323,47.80976],[-121.32277,47.81003],[-121.32234,47.8102],[-121.32199,47.81023],[-121.32171,47.81021],[-121.32155,47.8102],[-121.32088,47.80997],[-121.32046,47.80987],[-121.31989,47.80981],[-121.31948,47.8098],[-121.31879,47.80993],[-121.31822,47.81011],[-121.3178,47.8102],[-121.31704,47.81025],[-121.31648,47.81036],[-121.31617,47.81037],[-121.31582,47.81029],[-121.31532,47.81011],[-121.31462,47.8099],[-121.31438,47.80989],[-121.31371,47.80987],[-121.31337,47.80991],[-121.31305,47.81],[-121.3129,47.81009],[-121.31269,47.81016],[-121.31229,47.81023],[-121.31191,47.81025],[-121.31113,47.81023],[-121.31066,47.81035],[-121.30988,47.81039],[-121.30946,47.81056],[-121.30917,47.81065],[-121.30865,47.81071],[-121.30791,47.81079],[-121.3076,47.81086],[-121.30711,47.81099],[-121.30666,47.81109],[-121.30624,47.81123],[-121.30584,47.81145],[-121.30542,47.81162],[-121.30505,47.81172],[-121.30448,47.81183],[-121.30382,47.8119],[-121.30331,47.81204],[-121.30285,47.81214],[-121.30253,47.81228],[-121.30251,47.80907],[-121.30255,47.80538],[-121.30258,47.80169],[-121.30262,47.798],[-121.29469,47.798],[-121.29492,47.79774],[-121.29509,47.79738],[-121.29517,47.79697],[-121.29519,47.79634],[-121.29525,47.79584],[-121.29518,47.79495],[-121.29505,47.79437],[-121.29503,47.79405],[-121.29507,47.79386],[-121.29521,47.7937],[-121.29555,47.79355],[-121.29587,47.79338],[-121.29617,47.79326],[-121.2964,47.7932],[-121.29696,47.79311],[-121.29745,47.79295],[-121.29763,47.79284],[-121.29788,47.79246],[-121.29813,47.79203],[-121.29849,47.7915],[-121.29865,47.79121],[-121.29875,47.791],[-121.29882,47.79085],[-121.29886,47.7906],[-121.29885,47.79045],[-121.29882,47.7903],[-121.29873,47.79014],[-121.2984,47.78964],[-121.29818,47.78931],[-121.29777,47.78884],[-121.29727,47.7883],[-121.29689,47.78788],[-121.29669,47.78758],[-121.29647,47.78718],[-121.2963,47.78679],[-121.29626,47.78659],[-121.29628,47.78636],[-121.29634,47.78609],[-121.29645,47.78573],[-121.29669,47.78545],[-121.29689,47.78529],[-121.29713,47.78519],[-121.29777,47.78504],[-121.29839,47.78488],[-121.29877,47.78473],[-121.29917,47.7845],[-121.29985,47.78403],[-121.30003,47.78384],[-121.30027,47.7834],[-121.30049,47.78305],[-121.30054,47.78288],[-121.30052,47.7827],[-121.3003,47.78224],[-121.30026,47.78196],[-121.30027,47.78169],[-121.30032,47.78145],[-121.30046,47.78118],[-121.30072,47.781],[-121.30096,47.78081],[-121.30113,47.78062],[-121.30126,47.78042],[-121.30129,47.78025],[-121.30129,47.77993],[-121.30164,47.77956],[-121.3016,47.77797],[-121.30147,47.7724],[-121.30139,47.7688],[-121.30129,47.76902],[-121.30112,47.76926],[-121.30103,47.7694],[-121.30103,47.76954],[-121.30104,47.7697],[-121.30092,47.77001],[-121.3006,47.77047],[-121.30043,47.77077],[-121.29996,47.7713],[-121.29931,47.77183],[-121.29824,47.77211],[-121.29723,47.77236],[-121.29622,47.77245],[-121.29503,47.77247],[-121.29475,47.77235],[-121.29452,47.77224],[-121.29427,47.77213],[-121.29403,47.772],[-121.29382,47.77189],[-121.29351,47.77178],[-121.2933,47.77171],[-121.29302,47.77164],[-121.29279,47.7716],[-121.2925,47.77157],[-121.29226,47.77155],[-121.29199,47.77151],[-121.29171,47.77148],[-121.29143,47.77144],[-121.29117,47.77141],[-121.29089,47.77137],[-121.2905,47.77133],[-121.29023,47.77129],[-121.29011,47.77124],[-121.28999,47.77116],[-121.2898,47.77101],[-121.2896,47.77087],[-121.28937,47.77075],[-121.28915,47.77067],[-121.28887,47.77059],[-121.28857,47.77052],[-121.28828,47.77045],[-121.28796,47.77038],[-121.28767,47.77032],[-121.28738,47.77024],[-121.28715,47.77017],[-121.28712,47.77016],[-121.28696,47.77007],[-121.28674,47.76993],[-121.28653,47.76978],[-121.28633,47.76964],[-121.28609,47.7695],[-121.28586,47.76936],[-121.28572,47.76922],[-121.2856,47.76908],[-121.28545,47.76888],[-121.28531,47.76872],[-121.28518,47.76863],[-121.28495,47.76849],[-121.28451,47.76818],[-121.28433,47.76806],[-121.28415,47.76792],[-121.28394,47.76776],[-121.28368,47.76761],[-121.28349,47.7675],[-121.2833,47.76737],[-121.28313,47.7672],[-121.28302,47.76712],[-121.28288,47.76697],[-121.28275,47.76678],[-121.28261,47.7666],[-121.28242,47.76643],[-121.2823,47.76637],[-121.28206,47.76626],[-121.28191,47.76615],[-121.28187,47.76608],[-121.28184,47.76594],[-121.28182,47.76581],[-121.28167,47.76564],[-121.28143,47.76548],[-121.28118,47.76537],[-121.28103,47.76531],[-121.28097,47.75112],[-121.25928,47.75113],[-121.25925,47.76513],[-121.25972,47.76514],[-121.25959,47.77956],[-121.25996,47.77957],[-121.26411,47.77957],[-121.26417,47.78575],[-121.26381,47.78559],[-121.26339,47.78548],[-121.26297,47.78543],[-121.26244,47.78529],[-121.26232,47.78525],[-121.26175,47.78504],[-121.26144,47.78492],[-121.26116,47.78484],[-121.26063,47.78488],[-121.26011,47.78476],[-121.25997,47.78475],[-121.25932,47.78471],[-121.25893,47.78462],[-121.25883,47.78459],[-121.25844,47.78455],[-121.2578,47.78453],[-121.25749,47.78444],[-121.2573,47.78435],[-121.2571,47.78419],[-121.25697,47.78402],[-121.25667,47.78381],[-121.25624,47.78361],[-121.25611,47.78357],[-121.25555,47.78339],[-121.25469,47.78318],[-121.25444,47.78307],[-121.25436,47.783],[-121.25415,47.78283],[-121.25369,47.78246],[-121.25343,47.78232],[-121.25288,47.78212],[-121.25234,47.78197],[-121.25204,47.7819],[-121.25187,47.78166],[-121.25171,47.78149],[-121.2514,47.78132],[-121.25122,47.78123],[-121.25105,47.78117],[-121.25078,47.78101],[-121.25045,47.7808],[-121.25003,47.78057],[-121.24968,47.78036],[-121.24946,47.78038],[-121.24919,47.78039],[-121.24902,47.78036],[-121.24875,47.78025],[-121.24855,47.78014],[-121.24831,47.78],[-121.24821,47.77987],[-121.2481,47.77978],[-121.24782,47.77966],[-121.24753,47.77955],[-121.24736,47.77949],[-121.23861,47.77944],[-121.21711,47.77927],[-121.21707,47.78575],[-121.21743,47.7857],[-121.2186,47.78562],[-121.2193,47.78571],[-121.2197,47.78579],[-121.22,47.78579],[-121.22064,47.78579],[-121.22204,47.78576],[-121.22321,47.78575],[-121.22482,47.78583],[-121.22592,47.78605],[-121.22692,47.78616],[-121.22743,47.78633],[-121.2275,47.78633],[-121.22816,47.78631],[-121.2286,47.7863],[-121.2289,47.7863],[-121.22927,47.7863],[-121.23063,47.78609],[-121.2314,47.78599],[-121.23197,47.78592],[-121.23257,47.78583],[-121.23381,47.78607],[-121.23414,47.78627],[-121.23448,47.78629],[-121.23618,47.78646],[-121.23722,47.78674],[-121.2384,47.78689],[-121.2386,47.78694],[-121.23859,47.78824],[-121.24005,47.789],[-121.24137,47.78966],[-121.2426,47.7914],[-121.24275,47.80229],[-121.25244,47.81065],[-121.25239,47.81071],[-121.25213,47.8111],[-121.25198,47.81137],[-121.25178,47.81181],[-121.25158,47.81206],[-121.25142,47.81221],[-121.25122,47.81237],[-121.25104,47.81255],[-121.25094,47.81271],[-121.25088,47.81279],[-121.25063,47.81298],[-121.2504,47.81309],[-121.25015,47.81313],[-121.24978,47.81314],[-121.24947,47.81312],[-121.2492,47.81309],[-121.24892,47.81302],[-121.24861,47.81293],[-121.24843,47.81293],[-121.24806,47.81294],[-121.24756,47.813],[-121.24713,47.81308],[-121.24676,47.81321],[-121.24654,47.81328],[-121.24632,47.81336],[-121.24626,47.81341],[-121.24623,47.81346],[-121.24625,47.81355],[-121.24634,47.81359],[-121.24654,47.8136],[-121.24672,47.8136],[-121.24685,47.81364],[-121.24693,47.8137],[-121.24696,47.81379],[-121.2469,47.81387],[-121.24671,47.81405],[-121.24654,47.81417],[-121.24639,47.81423],[-121.24626,47.81431],[-121.2459,47.81439],[-121.24563,47.81442],[-121.24549,47.81444],[-121.24537,47.81446],[-121.24526,47.8145],[-121.24516,47.81453],[-121.24501,47.81461],[-121.24482,47.81476],[-121.24472,47.81489],[-121.24462,47.81502],[-121.24451,47.81522],[-121.24436,47.81541],[-121.24425,47.81548],[-121.24412,47.81559],[-121.24395,47.81567],[-121.24369,47.81575],[-121.24338,47.8158],[-121.24304,47.81583],[-121.24271,47.81584],[-121.24219,47.81585],[-121.24159,47.81583],[-121.24129,47.81586],[-121.24113,47.81592],[-121.24081,47.81601],[-121.24041,47.81619],[-121.24035,47.81629],[-121.24011,47.81636],[-121.23989,47.81643],[-121.23965,47.81657],[-121.23949,47.81668],[-121.23932,47.81688],[-121.2392,47.81707],[-121.23898,47.81744],[-121.23893,47.81765],[-121.23893,47.81796],[-121.23891,47.81809],[-121.23887,47.81823],[-121.2387,47.81847],[-121.23857,47.81863],[-121.2385,47.81869],[-121.23855,47.81891],[-121.23855,47.81906],[-121.23851,47.81914],[-121.23845,47.8192],[-121.23837,47.81927],[-121.23818,47.81932],[-121.23799,47.81936],[-121.23787,47.81941],[-121.23773,47.8194],[-121.23751,47.81936],[-121.23727,47.81928],[-121.2372,47.81926],[-121.23682,47.81925],[-121.23655,47.8193],[-121.23621,47.81939],[-121.23596,47.81948],[-121.23565,47.81959],[-121.23531,47.81966],[-121.23504,47.81972],[-121.23476,47.8198],[-121.23451,47.81986],[-121.23433,47.81993],[-121.23415,47.82003],[-121.23391,47.8202],[-121.23371,47.82038],[-121.23342,47.82058],[-121.23318,47.82072],[-121.23299,47.82082],[-121.23282,47.8209],[-121.23257,47.821],[-121.23237,47.82105],[-121.23224,47.82106],[-121.23195,47.82106],[-121.23174,47.82104],[-121.23157,47.821],[-121.23146,47.82099],[-121.23132,47.82099],[-121.23118,47.82101],[-121.23101,47.8211],[-121.23091,47.82117],[-121.23082,47.82132],[-121.23076,47.82144],[-121.23066,47.82152],[-121.2305,47.82158],[-121.23018,47.82164],[-121.22998,47.82167],[-121.22987,47.8217],[-121.22972,47.82175],[-121.22948,47.82179],[-121.22875,47.82178],[-121.22862,47.8218],[-121.22856,47.82187],[-121.22857,47.82197],[-121.22864,47.82207],[-121.22859,47.82215],[-121.22844,47.82216],[-121.22824,47.82221],[-121.22808,47.82225],[-121.22781,47.82226],[-121.2272,47.82238],[-121.22664,47.82249],[-121.22605,47.82262],[-121.22575,47.82269],[-121.22557,47.82276],[-121.22537,47.82285],[-121.2252,47.82292],[-121.22503,47.82307],[-121.22489,47.82319],[-121.22477,47.82329],[-121.22467,47.82336],[-121.22453,47.82341],[-121.22437,47.82343],[-121.22416,47.82338],[-121.22401,47.82333],[-121.22375,47.8232],[-121.22356,47.82311],[-121.22334,47.82306],[-121.22312,47.82304],[-121.22289,47.82301],[-121.22275,47.82299],[-121.2226,47.82289],[-121.22238,47.82266],[-121.22219,47.82252],[-121.22204,47.82246],[-121.2219,47.82246],[-121.22178,47.82249],[-121.22169,47.82257],[-121.22163,47.82264],[-121.22157,47.82276],[-121.22155,47.82298],[-121.22153,47.82309],[-121.22141,47.8232],[-121.22127,47.82331],[-121.22114,47.82341],[-121.22095,47.82351],[-121.22076,47.82358],[-121.2206,47.82363],[-121.22034,47.82371],[-121.22003,47.82377],[-121.21961,47.82383],[-121.21872,47.82391],[-121.21848,47.82398],[-121.21817,47.8241],[-121.21774,47.8243],[-121.21755,47.82437],[-121.21731,47.8244],[-121.21707,47.82438],[-121.21655,47.82435],[-121.21635,47.82436],[-121.21618,47.82441],[-121.21603,47.82448],[-121.21588,47.8246],[-121.21579,47.82473],[-121.21572,47.82488],[-121.21565,47.82507],[-121.21555,47.8253],[-121.21548,47.8255],[-121.21537,47.82571],[-121.2152,47.82587],[-121.21492,47.82597],[-121.2147,47.82599],[-121.21451,47.82598],[-121.21441,47.82594],[-121.21431,47.82588],[-121.21416,47.82578],[-121.21395,47.82568],[-121.21373,47.82556],[-121.21346,47.82537],[-121.2133,47.82533],[-121.21309,47.8253],[-121.2129,47.82532],[-121.21272,47.82536],[-121.21241,47.82553],[-121.21203,47.82578],[-121.21184,47.82594],[-121.21168,47.82605],[-121.21152,47.82609],[-121.21128,47.82612],[-121.21101,47.82614],[-121.21084,47.82614],[-121.21066,47.8261],[-121.21048,47.82602],[-121.21029,47.82592],[-121.21013,47.82583],[-121.20992,47.82584],[-121.20944,47.82589],[-121.20917,47.8259],[-121.20893,47.82595],[-121.20873,47.826],[-121.20847,47.82606],[-121.20801,47.82612],[-121.20764,47.82616],[-121.20712,47.82623],[-121.20671,47.82627],[-121.2062,47.82629],[-121.2057,47.82629],[-121.20543,47.82635],[-121.20511,47.82648],[-121.20492,47.82662],[-121.20475,47.82674],[-121.20465,47.82686],[-121.20456,47.82704],[-121.20441,47.8272],[-121.20425,47.82731],[-121.20416,47.82732],[-121.20392,47.82732],[-121.20365,47.8273],[-121.2033,47.82726],[-121.20305,47.82724],[-121.20277,47.82715],[-121.20257,47.8271],[-121.20235,47.82704],[-121.20227,47.82702],[-121.20218,47.82696],[-121.20203,47.82687],[-121.20176,47.8267],[-121.2015,47.82658],[-121.20123,47.82647],[-121.201,47.8264],[-121.20046,47.8264],[-121.20027,47.82643],[-121.20012,47.82653],[-121.19984,47.82664],[-121.1995,47.8267],[-121.19923,47.8267],[-121.19892,47.82664],[-121.19869,47.82661],[-121.19855,47.82664],[-121.19843,47.8267],[-121.19833,47.82679],[-121.19821,47.82691],[-121.19804,47.82702],[-121.19779,47.82707],[-121.19735,47.8271],[-121.19717,47.82709],[-121.19707,47.82704],[-121.19695,47.82695],[-121.19677,47.8268],[-121.19644,47.82652],[-121.19615,47.82629],[-121.19596,47.82616],[-121.19585,47.82613],[-121.19561,47.82605],[-121.19556,47.82603],[-121.19534,47.82595],[-121.19514,47.82587],[-121.19494,47.82576],[-121.19471,47.82562],[-121.19461,47.82551],[-121.19447,47.82536],[-121.19439,47.82523],[-121.19431,47.82516],[-121.19422,47.82511],[-121.19406,47.82506],[-121.19392,47.82504],[-121.19384,47.82801],[-121.19396,47.82807],[-121.19466,47.8284],[-121.19501,47.82871],[-121.1954,47.82923],[-121.19543,47.82939],[-121.19566,47.82943],[-121.19595,47.82931],[-121.19632,47.82917],[-121.19696,47.82901],[-121.1976,47.82897],[-121.19854,47.82927],[-121.19959,47.82929],[-121.20174,47.82964],[-121.20293,47.82964],[-121.20415,47.82959],[-121.20537,47.82953],[-121.20716,47.82934],[-121.20911,47.82927],[-121.21006,47.82899],[-121.21061,47.82887],[-121.21151,47.82892],[-121.21206,47.82902],[-121.2127,47.82905],[-121.21401,47.82902],[-121.2154,47.82917],[-121.21688,47.82916],[-121.21804,47.82916],[-121.21853,47.82898],[-121.2186,47.82896],[-121.2186,47.82859],[-121.21865,47.8281],[-121.22082,47.82742],[-121.22133,47.82703],[-121.22399,47.82584],[-121.22456,47.82538],[-121.22583,47.82481],[-121.22788,47.82411],[-121.23019,47.82353],[-121.23306,47.82297],[-121.23407,47.82263],[-121.23456,47.82241],[-121.23519,47.82225],[-121.23545,47.82225],[-121.23624,47.82224],[-121.23679,47.82228],[-121.23737,47.82237],[-121.23792,47.82139],[-121.23844,47.82145],[-121.23897,47.82144],[-121.23946,47.82134],[-121.24001,47.82122],[-121.2407,47.821],[-121.24116,47.82083],[-121.24165,47.82057],[-121.24183,47.82045],[-121.24105,47.81864],[-121.24171,47.81836],[-121.24252,47.81832],[-121.24334,47.81849],[-121.2434,47.81872],[-121.2436,47.81878],[-121.24374,47.81872],[-121.24458,47.81815],[-121.24599,47.81732],[-121.24668,47.8171],[-121.24715,47.81715],[-121.24732,47.81721],[-121.24743,47.81696],[-121.2476,47.81678],[-121.2481,47.81668],[-121.24954,47.81638],[-121.25096,47.81592],[-121.25228,47.81536],[-121.25295,47.81505],[-121.25416,47.81447],[-121.25589,47.81378],[-121.25788,47.81318],[-121.25866,47.81302],[-121.25906,47.81303],[-121.25964,47.81344],[-121.25992,47.81378],[-121.26011,47.81424],[-121.26029,47.81508],[-121.26046,47.8155],[-121.26071,47.81597],[-121.2611,47.8165],[-121.26175,47.81735],[-121.26252,47.81831],[-121.26305,47.81913],[-121.26333,47.81968],[-121.26357,47.82003],[-121.2638,47.82047],[-121.26411,47.82102],[-121.26415,47.82118],[-121.2642,47.82139],[-121.26427,47.82156],[-121.26454,47.82186],[-121.26478,47.82207],[-121.26503,47.82232],[-121.26519,47.82262],[-121.26557,47.82316],[-121.26561,47.82328],[-121.27037,47.82327],[-121.27041,47.82807],[-121.26891,47.82912],[-121.26844,47.82969],[-121.2679,47.83043],[-121.26744,47.83157],[-121.26742,47.8321],[-121.2675,47.83234],[-121.26748,47.83255],[-121.2678,47.83264],[-121.26812,47.83276],[-121.26839,47.83303],[-121.26871,47.83356],[-121.26922,47.83402],[-121.27018,47.83469],[-121.2708,47.83531],[-121.27111,47.8357],[-121.27142,47.83589],[-121.27222,47.83644],[-121.27246,47.83658],[-121.27256,47.83666],[-121.27253,47.8368],[-121.27223,47.83694],[-121.27174,47.83714],[-121.27102,47.83743],[-121.27063,47.83758],[-121.27017,47.83765],[-121.2701,47.83788],[-121.26981,47.83819],[-121.26948,47.8387],[-121.26919,47.83906],[-121.26919,47.83926],[-121.26943,47.83953],[-121.26973,47.8399],[-121.27016,47.84039],[-121.27053,47.84101],[-121.2707,47.84157],[-121.27088,47.84214],[-121.27109,47.84252],[-121.27135,47.84283],[-121.27187,47.84325],[-121.27254,47.84392],[-121.27322,47.84449],[-121.27347,47.84475],[-121.27352,47.84527],[-121.27353,47.84589],[-121.27355,47.84678],[-121.27341,47.84743],[-121.27332,47.84802],[-121.27323,47.84852],[-121.27309,47.84921],[-121.27286,47.84986],[-121.27273,47.85072],[-121.27245,47.85154],[-121.27217,47.85223],[-121.27193,47.85298],[-121.27174,47.85341],[-121.27171,47.85433],[-121.27177,47.85544],[-121.27177,47.85793],[-121.27199,47.85811],[-121.27225,47.85843],[-121.27232,47.85847],[-121.27279,47.85852],[-121.27346,47.85855],[-121.27398,47.85869],[-121.27443,47.85891],[-121.27507,47.85941],[-121.27545,47.85977],[-121.27619,47.86007],[-121.27666,47.86026],[-121.27731,47.86053],[-121.27781,47.86065],[-121.27805,47.86075],[-121.27815,47.86092],[-121.27835,47.86116],[-121.27852,47.86118],[-121.27865,47.86119],[-121.27892,47.86118],[-121.27934,47.86117],[-121.27921,47.8613],[-121.27868,47.86184],[-121.27829,47.86203],[-121.27803,47.86221],[-121.27782,47.86249],[-121.27765,47.86287],[-121.27761,47.86353],[-121.27753,47.86379],[-121.2775,47.86423],[-121.27742,47.86453],[-121.27743,47.86512],[-121.27744,47.86557],[-121.27759,47.86607],[-121.27771,47.8668],[-121.27772,47.86684],[-121.27768,47.86748],[-121.27759,47.86792],[-121.27752,47.86806],[-121.2777,47.86785],[-121.2778,47.86773],[-121.27834,47.86727],[-121.27833,47.86705],[-121.27847,47.86643],[-121.27865,47.86578],[-121.27879,47.8656],[-121.27925,47.86558],[-121.27963,47.86558],[-121.28001,47.86559],[-121.28032,47.86567],[-121.28051,47.86584],[-121.28094,47.86616],[-121.28124,47.86641],[-121.28145,47.86655],[-121.28197,47.86659],[-121.2826,47.8668],[-121.28277,47.86686],[-121.28321,47.86715],[-121.28383,47.86744],[-121.28416,47.86761],[-121.28458,47.86776],[-121.28465,47.86807],[-121.28476,47.86821],[-121.28505,47.86836],[-121.28525,47.86854],[-121.28515,47.8689],[-121.28515,47.86904],[-121.2854,47.86912],[-121.2857,47.86932],[-121.28574,47.86963],[-121.28573,47.8702],[-121.28586,47.87027],[-121.28615,47.87031],[-121.28651,47.87052],[-121.28654,47.87087],[-121.28654,47.87122],[-121.28661,47.87156],[-121.28686,47.87163],[-121.28736,47.87168],[-121.28757,47.87171],[-121.28814,47.87173],[-121.28849,47.87157],[-121.28918,47.87144],[-121.29056,47.8713],[-121.29092,47.87153],[-121.29127,47.87206],[-121.29148,47.87226],[-121.29152,47.87226],[-121.292,47.87225],[-121.29244,47.87229],[-121.29295,47.87254],[-121.29322,47.87272],[-121.29341,47.87272],[-121.29385,47.87272],[-121.29446,47.87276],[-121.29488,47.87276],[-121.29513,47.87267],[-121.29565,47.87236],[-121.29593,47.872],[-121.29618,47.87162],[-121.29663,47.87105],[-121.29676,47.87095],[-121.29739,47.87106],[-121.29791,47.87082],[-121.29843,47.87074],[-121.29874,47.87077],[-121.29942,47.87124],[-121.29959,47.87155],[-121.29981,47.87185],[-121.30015,47.87231],[-121.30064,47.87304],[-121.30105,47.8736],[-121.30107,47.87385],[-121.30108,47.87408],[-121.30104,47.87423],[-121.30083,47.87442],[-121.30041,47.87467],[-121.29923,47.87554],[-121.29835,47.87643],[-121.29796,47.8769],[-121.29714,47.87727],[-121.29717,47.87742],[-121.29738,47.87763],[-121.29803,47.87767],[-121.29925,47.87773],[-121.3,47.8778],[-121.3004,47.87774],[-121.30096,47.87769],[-121.3014,47.87769],[-121.30188,47.87746],[-121.30232,47.87722],[-121.30338,47.87686],[-121.30405,47.87684],[-121.30447,47.87668],[-121.30509,47.87661],[-121.30572,47.87666],[-121.30612,47.87691],[-121.30699,47.87761],[-121.30787,47.87862],[-121.30842,47.87914],[-121.30892,47.88011],[-121.30955,47.88075],[-121.30994,47.88114],[-121.31017,47.88148],[-121.31026,47.88191],[-121.31023,47.88239],[-121.3103,47.88263],[-121.31039,47.88311],[-121.31033,47.88363],[-121.31029,47.88394],[-121.31537,47.88451],[-121.32096,47.88257],[-121.32476,47.88474],[-121.32418,47.88517],[-121.32373,47.88555],[-121.32315,47.88602],[-121.32241,47.88654],[-121.3219,47.88697],[-121.32131,47.8874],[-121.32086,47.88787],[-121.32049,47.88835],[-121.31989,47.88916],[-121.31959,47.88959],[-121.31943,47.89012],[-121.32127,47.89101],[-121.32228,47.89084],[-121.32286,47.89051],[-121.32388,47.88994],[-121.32524,47.89035],[-121.32457,47.89101],[-121.32591,47.89151],[-121.32812,47.89212],[-121.32797,47.89222],[-121.32783,47.89241],[-121.3276,47.8926],[-121.32738,47.89284],[-121.3273,47.89298],[-121.32723,47.89317],[-121.32722,47.89332],[-121.32714,47.89351],[-121.32707,47.89356],[-121.32685,47.8937],[-121.32671,47.89384],[-121.32663,47.89389],[-121.32641,47.89408],[-121.32626,47.89422],[-121.32611,47.89436],[-121.32604,47.89446],[-121.32596,47.8946],[-121.32589,47.89465],[-121.32589,47.8947],[-121.3256,47.89484],[-121.32531,47.89498],[-121.32501,47.89512],[-121.32472,47.89526],[-121.32443,47.8954],[-121.32399,47.89569],[-121.32384,47.89583],[-121.32377,47.89592],[-121.32355,47.89621],[-121.32311,47.89674],[-121.32295,47.8969],[-121.32279,47.89707],[-121.32252,47.89728],[-121.32218,47.89749],[-121.32189,47.89765],[-121.32176,47.89774],[-121.32159,47.89785],[-121.32134,47.89798],[-121.32108,47.89806],[-121.32076,47.89812],[-121.32035,47.89815],[-121.32014,47.89819],[-121.31996,47.89828],[-121.31983,47.8984],[-121.31964,47.89875],[-121.31946,47.89913],[-121.31939,47.89929],[-121.31933,47.89949],[-121.31923,47.8998],[-121.31907,47.90015],[-121.31894,47.90039],[-121.31883,47.90052],[-121.31858,47.90082],[-121.31836,47.90108],[-121.3182,47.90129],[-121.31813,47.90149],[-121.31803,47.90166],[-121.3178,47.90192],[-121.31749,47.90213],[-121.31722,47.90229],[-121.31705,47.9024],[-121.31684,47.90254],[-121.31663,47.90262],[-121.31634,47.9027],[-121.31623,47.90277],[-121.31615,47.9029],[-121.31614,47.90314],[-121.31619,47.9034],[-121.31623,47.90357],[-121.31621,47.90378],[-121.31615,47.90403],[-121.31607,47.90422],[-121.31599,47.90448],[-121.31583,47.90475],[-121.31562,47.90499],[-121.31534,47.90524],[-121.31503,47.90552],[-121.31473,47.90578],[-121.31426,47.90619],[-121.31397,47.90645],[-121.31385,47.90654],[-121.3136,47.9067],[-121.31342,47.90682],[-121.3134,47.90697],[-121.3133,47.90714],[-121.31314,47.90736],[-121.31303,47.90748],[-121.31293,47.90756],[-121.31285,47.90763],[-121.31279,47.90774],[-121.31261,47.90794],[-121.31229,47.90814],[-121.3119,47.90827],[-121.31173,47.90828],[-121.31164,47.90839],[-121.31147,47.90854],[-121.31124,47.90874],[-121.31112,47.90887],[-121.31095,47.90916],[-121.31081,47.90952],[-121.3107,47.90981],[-121.31062,47.90998],[-121.31053,47.91016],[-121.31042,47.91036],[-121.31039,47.91045],[-121.31037,47.91059],[-121.31048,47.91079],[-121.31066,47.91097],[-121.3109,47.91112],[-121.31113,47.91125],[-121.31134,47.91144],[-121.31142,47.91158],[-121.31142,47.91175],[-121.31139,47.9119],[-121.31132,47.91201],[-121.31121,47.91213],[-121.31107,47.91221],[-121.31084,47.91228],[-121.31045,47.91236],[-121.31012,47.91243],[-121.30996,47.91253],[-121.30971,47.9127],[-121.30955,47.91287],[-121.30937,47.91307],[-121.30928,47.91335],[-121.30926,47.91363],[-121.30923,47.91379],[-121.30919,47.91385],[-121.30911,47.91403],[-121.30902,47.91426],[-121.30897,47.91441],[-121.30895,47.91452],[-121.30903,47.91471],[-121.30908,47.91482],[-121.30911,47.9149],[-121.30912,47.915],[-121.30909,47.91523],[-121.30899,47.91549],[-121.30885,47.91575],[-121.30857,47.91596],[-121.30836,47.91611],[-121.30808,47.91629],[-121.30785,47.91646],[-121.30779,47.91659],[-121.30775,47.91674],[-121.30783,47.9169],[-121.30802,47.9172],[-121.30829,47.91764],[-121.30851,47.918],[-121.30862,47.91825],[-121.3086,47.91838],[-121.30858,47.91849],[-121.30851,47.91852],[-121.30842,47.91857],[-121.3083,47.9186],[-121.3081,47.91863],[-121.30777,47.91866],[-121.30745,47.91866],[-121.30708,47.91868],[-121.30673,47.91872],[-121.30629,47.9188],[-121.30584,47.91891],[-121.30541,47.91903],[-121.30508,47.91913],[-121.30494,47.91918],[-121.30477,47.91932],[-121.30454,47.9195],[-121.30415,47.91991],[-121.30389,47.92027],[-121.30376,47.92054],[-121.3036,47.92092],[-121.30337,47.92118],[-121.30309,47.9214],[-121.30293,47.92149],[-121.30272,47.92154],[-121.30247,47.92161],[-121.30213,47.92164],[-121.30201,47.92163],[-121.30158,47.92159],[-121.30114,47.92158],[-121.30067,47.92158],[-121.30029,47.9216],[-121.29983,47.92156],[-121.29932,47.92148],[-121.29898,47.92138],[-121.2986,47.92133],[-121.29826,47.9213],[-121.29797,47.92132],[-121.29768,47.92141],[-121.29742,47.92153],[-121.29717,47.92164],[-121.29678,47.92179],[-121.29651,47.92188],[-121.2962,47.92199],[-121.29595,47.92208],[-121.29567,47.92218],[-121.29527,47.92225],[-121.29486,47.92234],[-121.2945,47.92245],[-121.29417,47.92256],[-121.29378,47.92275],[-121.29345,47.92293],[-121.29323,47.92304],[-121.29302,47.92312],[-121.29283,47.92317],[-121.29264,47.92317],[-121.29249,47.92309],[-121.29231,47.92297],[-121.29214,47.92287],[-121.29191,47.92278],[-121.29169,47.92272],[-121.29121,47.92268],[-121.29052,47.92269],[-121.29009,47.92271],[-121.28986,47.92272],[-121.28966,47.92271],[-121.28936,47.92267],[-121.28885,47.9226],[-121.28813,47.92255],[-121.28743,47.92251],[-121.28687,47.92248],[-121.28645,47.9225],[-121.2862,47.92256],[-121.28587,47.92275],[-121.28555,47.92298],[-121.28512,47.92335],[-121.28486,47.92358],[-121.2846,47.92385],[-121.28429,47.92406],[-121.28391,47.92422],[-121.28358,47.92432],[-121.28329,47.92442],[-121.28305,47.92449],[-121.28291,47.92457],[-121.2827,47.92479],[-121.28254,47.92493],[-121.28239,47.92501],[-121.28225,47.92502],[-121.28195,47.925],[-121.28182,47.92495],[-121.28169,47.9248],[-121.28154,47.92469],[-121.28145,47.92466],[-121.28139,47.92466],[-121.28127,47.92472],[-121.28106,47.9249],[-121.2808,47.9252],[-121.28067,47.92539],[-121.28057,47.92553],[-121.2804,47.92569],[-121.28025,47.92575],[-121.28009,47.92573],[-121.27993,47.92563],[-121.27979,47.92552],[-121.2797,47.92537],[-121.27953,47.92518],[-121.27938,47.9251],[-121.27907,47.92502],[-121.27888,47.925],[-121.27877,47.92499],[-121.27869,47.92501],[-121.27845,47.92503],[-121.27798,47.92515],[-121.27738,47.9254],[-121.27671,47.92574],[-121.27618,47.92608],[-121.27562,47.92639],[-121.27508,47.92674],[-121.27467,47.92696],[-121.27426,47.92717],[-121.27409,47.92722],[-121.27392,47.92722],[-121.27371,47.92709],[-121.27342,47.92694],[-121.27318,47.92682],[-121.27298,47.92678],[-121.2726,47.92674],[-121.27236,47.92676],[-121.27243,47.92856],[-121.27299,47.92841],[-121.27388,47.92824],[-121.27489,47.9281],[-121.27574,47.92802],[-121.27675,47.92801],[-121.27725,47.92807]],[[-121.42766,47.89769],[-121.42693,47.89782],[-121.4266,47.89614],[-121.43017,47.89587],[-121.43226,47.89571],[-121.4339,47.89499],[-121.4357,47.89249],[-121.43549,47.89173],[-121.43549,47.89087],[-121.44291,47.88802],[-121.44133,47.88974],[-121.44088,47.88979],[-121.44046,47.88984],[-121.44043,47.89158],[-121.43806,47.89232],[-121.43688,47.89304],[-121.43625,47.8942],[-121.43614,47.89529],[-121.43607,47.89582],[-121.43571,47.89658],[-121.43477,47.89692],[-121.43336,47.89705],[-121.43067,47.89691],[-121.42887,47.89708],[-121.42766,47.89769]],[[-121.43018,47.89878],[-121.43019,47.89722],[-121.43499,47.89737],[-121.43618,47.89704],[-121.43618,47.89866],[-121.43545,47.89893],[-121.43018,47.89878]]]},"properties":{"OBJECTID":2530,"NAME":"Mt Baker-Snoqualmie National Forest","OWNER":"Federal Government","MANAGER":"US Forest Service","MANAGEMENT_TYPE":"Non-Designated Forest","GLOBALID":"{69E4EA2F-C6E4-4387-A990-41CCCAE14D30}"}},{"type":"Feature","id":2531,"geometry":{"type":"Polygon","coordinates":[[[-121.40279,47.89632],[-121.40342,47.8966],[-121.40416,47.89687],[-121.40468,47.89701],[-121.40541,47.89725],[-121.40589,47.89744],[-121.40594,47.89745],[-121.40636,47.89763],[-121.40683,47.89787],[-121.4072,47.89801],[-121.40756,47.89797],[-121.40782,47.89786],[-121.40818,47.89765],[-121.40854,47.89733],[-121.40926,47.8969],[-121.41001,47.89659],[-121.41019,47.89651],[-121.41053,47.8964],[-121.41087,47.8963],[-121.41165,47.89615],[-121.41201,47.89615],[-121.41217,47.89614],[-121.41321,47.89624],[-121.41379,47.89648],[-121.41398,47.89656],[-121.41397,47.89647],[-121.41397,47.89637],[-121.41397,47.89495],[-121.41408,47.89493],[-121.41441,47.8949],[-121.41505,47.89489],[-121.41579,47.89489],[-121.41624,47.89501],[-121.41775,47.8949],[-121.42032,47.89545],[-121.42177,47.89568],[-121.42285,47.89576],[-121.42404,47.89583],[-121.42493,47.8957],[-121.42628,47.8955],[-121.42736,47.89535],[-121.42821,47.89539],[-121.42885,47.89555],[-121.42932,47.89569],[-121.42991,47.89572],[-121.43046,47.89567],[-121.43186,47.89547],[-121.43177,47.89519],[-121.43241,47.89505],[-121.43305,47.89484],[-121.43352,47.89457],[-121.43397,47.89417],[-121.43418,47.89385],[-121.43424,47.89364],[-121.43428,47.8935],[-121.43418,47.89327],[-121.43421,47.89276],[-121.43401,47.8923],[-121.43403,47.89202],[-121.43412,47.89173],[-121.43469,47.89173],[-121.43499,47.89103],[-121.4349,47.8906],[-121.43537,47.89057],[-121.43571,47.89047],[-121.43599,47.89027],[-121.43599,47.89005],[-121.43598,47.88989],[-121.43593,47.88963],[-121.43578,47.88931],[-121.43578,47.88908],[-121.4359,47.88864],[-121.43576,47.88828],[-121.43544,47.8879],[-121.43513,47.88764],[-121.43518,47.88751],[-121.43561,47.88751],[-121.43585,47.88751],[-121.43633,47.88792],[-121.4372,47.88817],[-121.4382,47.88823],[-121.43907,47.88822],[-121.4394,47.88806],[-121.4395,47.88793],[-121.43945,47.88778],[-121.4392,47.88745],[-121.43922,47.88738],[-121.4393,47.88733],[-121.43947,47.88732],[-121.43967,47.88731],[-121.4402,47.88728],[-121.44129,47.88711],[-121.44296,47.88677],[-121.44406,47.8866],[-121.44444,47.8865],[-121.44454,47.88634],[-121.44453,47.88605],[-121.44458,47.88595],[-121.44519,47.88553],[-121.44547,47.88524],[-121.44648,47.8851],[-121.44724,47.88494],[-121.44847,47.88425],[-121.44894,47.88389],[-121.44903,47.88373],[-121.44965,47.88308],[-121.45021,47.88243],[-121.45025,47.88188],[-121.45043,47.88153],[-121.45048,47.8814],[-121.45047,47.88124],[-121.45061,47.88105],[-121.4509,47.88072],[-121.45141,47.87998],[-121.45244,47.87884],[-121.4531,47.87806],[-121.45362,47.87767],[-121.45471,47.87705],[-121.45518,47.8766],[-121.45565,47.87656],[-121.45565,47.87634],[-121.45564,47.87595],[-121.45574,47.87582],[-121.45601,47.87534],[-121.45605,47.87505],[-121.45624,47.87472],[-121.45661,47.87434],[-121.45683,47.87416],[-121.45718,47.87382],[-121.45743,47.8735],[-121.45763,47.87326],[-121.45771,47.87306],[-121.45797,47.87272],[-121.4585,47.87244],[-121.45865,47.87214],[-121.45862,47.8719],[-121.4586,47.87166],[-121.45909,47.87164],[-121.45981,47.8715],[-121.46033,47.87122],[-121.46078,47.87096],[-121.46109,47.87087],[-121.46174,47.87072],[-121.46199,47.87046],[-121.46227,47.8703],[-121.46255,47.87006],[-121.46314,47.86972],[-121.46338,47.86942],[-121.46412,47.86912],[-121.46451,47.86888],[-121.4646,47.8687],[-121.46491,47.86856],[-121.46509,47.8684],[-121.46529,47.86825],[-121.46568,47.86805],[-121.46644,47.86795],[-121.46705,47.86766],[-121.46775,47.86723],[-121.46876,47.86681],[-121.46923,47.8665],[-121.46975,47.86626],[-121.47036,47.86591],[-121.47068,47.86572],[-121.47084,47.86547],[-121.47086,47.86525],[-121.47108,47.86516],[-121.47125,47.86508],[-121.47132,47.86497],[-121.47144,47.86488],[-121.47158,47.86488],[-121.47189,47.86483],[-121.47245,47.8648],[-121.47279,47.86464],[-121.47312,47.86444],[-121.47352,47.8643],[-121.47367,47.8642],[-121.47373,47.86415],[-121.47373,47.86406],[-121.47373,47.86395],[-121.47391,47.86384],[-121.4741,47.86373],[-121.47414,47.86366],[-121.47414,47.86357],[-121.47408,47.86347],[-121.47403,47.86336],[-121.47412,47.86324],[-121.47434,47.86306],[-121.47468,47.86268],[-121.47467,47.86252],[-121.47449,47.86237],[-121.47431,47.86192],[-121.47418,47.86164],[-121.47414,47.86127],[-121.47379,47.8606],[-121.46667,47.86057],[-121.46629,47.86045],[-121.46565,47.8603],[-121.46518,47.86009],[-121.46442,47.85978],[-121.4641,47.85973],[-121.46374,47.85946],[-121.46335,47.85928],[-121.46291,47.85915],[-121.46251,47.859],[-121.46192,47.85876],[-121.46128,47.8585],[-121.46069,47.85832],[-121.46029,47.85824],[-121.45989,47.85803],[-121.4595,47.85785],[-121.4593,47.85772],[-121.45924,47.85473],[-121.4593,47.85477],[-121.45936,47.85486],[-121.45949,47.85495],[-121.45978,47.85505],[-121.45988,47.85507],[-121.4605,47.85507],[-121.46081,47.85513],[-121.46097,47.85521],[-121.46119,47.85539],[-121.46124,47.85545],[-121.46132,47.85552],[-121.46166,47.85566],[-121.46179,47.85569],[-121.46197,47.85571],[-121.46253,47.85573],[-121.46291,47.85577],[-121.46322,47.85588],[-121.46371,47.85614],[-121.46387,47.85619],[-121.464,47.85621],[-121.46486,47.85632],[-121.4651,47.85641],[-121.46528,47.85654],[-121.46557,47.85679],[-121.46598,47.85708],[-121.46606,47.85713],[-121.4663,47.85722],[-121.46667,47.85725],[-121.46753,47.85721],[-121.46777,47.85719],[-121.46797,47.8572],[-121.46822,47.85723],[-121.46836,47.85731],[-121.46841,47.85736],[-121.46843,47.85743],[-121.46853,47.85759],[-121.46865,47.85774],[-121.46876,47.85782],[-121.46924,47.85802],[-121.46983,47.85841],[-121.47014,47.8586],[-121.47031,47.85864],[-121.47052,47.85865],[-121.47071,47.8586],[-121.47107,47.85846],[-121.47131,47.85841],[-121.47152,47.85839],[-121.4721,47.85839],[-121.47271,47.85846],[-121.47326,47.85851],[-121.47344,47.85852],[-121.47378,47.85856],[-121.47415,47.85854],[-121.47522,47.85831],[-121.47533,47.85831],[-121.47542,47.85829],[-121.47569,47.85831],[-121.47593,47.85835],[-121.47636,47.85847],[-121.47659,47.85849],[-121.47698,47.85847],[-121.47721,47.85844],[-121.47766,47.85844],[-121.47784,47.85846],[-121.47831,47.85849],[-121.47881,47.85861],[-121.47892,47.85866],[-121.47905,47.85872],[-121.47984,47.85918],[-121.47988,47.85919],[-121.48012,47.85928],[-121.48023,47.8593],[-121.48053,47.85927],[-121.48093,47.85913],[-121.48115,47.85909],[-121.48137,47.85909],[-121.48143,47.85909],[-121.48161,47.85913],[-121.48238,47.85935],[-121.48257,47.85943],[-121.48333,47.85973],[-121.48356,47.85978],[-121.48402,47.85986],[-121.48436,47.85996],[-121.48467,47.86013],[-121.48475,47.86019],[-121.48488,47.86033],[-121.48503,47.86046],[-121.48506,47.86048],[-121.48995,47.8604],[-121.48994,47.86019],[-121.49004,47.86012],[-121.49016,47.86009],[-121.49046,47.86009],[-121.49073,47.86007],[-121.49095,47.86002],[-121.4912,47.86],[-121.49146,47.86],[-121.49172,47.85999],[-121.49189,47.85991],[-121.49191,47.85981],[-121.49187,47.85961],[-121.49164,47.85928],[-121.49128,47.85901],[-121.49093,47.85884],[-121.49043,47.8587],[-121.49015,47.85857],[-121.49005,47.85849],[-121.49001,47.85841],[-121.49001,47.85833],[-121.49009,47.85827],[-121.4904,47.85817],[-121.49154,47.85792],[-121.49223,47.85774],[-121.49254,47.85756],[-121.49271,47.85738],[-121.49276,47.85694],[-121.49276,47.85682],[-121.49313,47.8566],[-121.49323,47.85653],[-121.49324,47.85599],[-121.49515,47.85601],[-121.49542,47.85588],[-121.49576,47.85563],[-121.49597,47.85545],[-121.49626,47.85536],[-121.49658,47.85529],[-121.49679,47.85519],[-121.49744,47.85499],[-121.49818,47.85474],[-121.49835,47.85462],[-121.49845,47.84892],[-121.50011,47.84894],[-121.50018,47.84887],[-121.5002,47.84875],[-121.5001,47.84857],[-121.50009,47.84836],[-121.50019,47.84826],[-121.50029,47.84813],[-121.50036,47.848],[-121.50044,47.84785],[-121.50052,47.84769],[-121.50051,47.84753],[-121.50051,47.84736],[-121.50062,47.84716],[-121.50072,47.84689],[-121.50071,47.84675],[-121.50073,47.84668],[-121.50083,47.84659],[-121.50091,47.84649],[-121.50094,47.84628],[-121.50095,47.84589],[-121.50087,47.84564],[-121.50071,47.84542],[-121.50045,47.84527],[-121.50001,47.84504],[-121.49989,47.8448],[-121.49957,47.84459],[-121.49933,47.84451],[-121.49897,47.84423],[-121.49897,47.84401],[-121.49896,47.84383],[-121.49904,47.84375],[-121.49945,47.8437],[-121.49995,47.84363],[-121.50006,47.84347],[-121.50002,47.84333],[-121.49998,47.84326],[-121.49999,47.84308],[-121.49997,47.84284],[-121.49985,47.84263],[-121.49984,47.84244],[-121.49982,47.84233],[-121.49994,47.84217],[-121.50013,47.84213],[-121.50031,47.84206],[-121.50042,47.84174],[-121.50042,47.8414],[-121.50041,47.84116],[-121.50025,47.84095],[-121.49989,47.84061],[-121.49985,47.84048],[-121.5,47.84036],[-121.5003,47.84027],[-121.50073,47.8402],[-121.5011,47.84009],[-121.50142,47.84006],[-121.50153,47.83994],[-121.50145,47.83985],[-121.50145,47.83977],[-121.50141,47.83956],[-121.50133,47.83943],[-121.50124,47.83919],[-121.5012,47.83887],[-121.50119,47.83872],[-121.50109,47.83859],[-121.50079,47.83834],[-121.50075,47.83819],[-121.50088,47.83801],[-121.50088,47.83773],[-121.50078,47.83745],[-121.50063,47.83718],[-121.50053,47.83707],[-121.50053,47.83702],[-121.50061,47.83685],[-121.50084,47.83667],[-121.50097,47.83652],[-121.50095,47.8363],[-121.50087,47.83611],[-121.50073,47.83602],[-121.50067,47.83584],[-121.50084,47.83564],[-121.50083,47.83536],[-121.50071,47.83511],[-121.50061,47.83495],[-121.50061,47.83479],[-121.50066,47.83466],[-121.50094,47.83448],[-121.50103,47.8342],[-121.50101,47.83415],[-121.50103,47.83407],[-121.50118,47.834],[-121.50136,47.83393],[-121.50151,47.83376],[-121.50157,47.83357],[-121.50158,47.83328],[-121.50184,47.83303],[-121.50265,47.83229],[-121.50348,47.83154],[-121.50399,47.83107],[-121.50407,47.83049],[-121.50419,47.83014],[-121.5043,47.82999],[-121.50437,47.82997],[-121.50458,47.83028],[-121.50481,47.83051],[-121.50504,47.83067],[-121.50515,47.83072],[-121.5054,47.83062],[-121.50565,47.83058],[-121.5061,47.83039],[-121.50672,47.82984],[-121.50711,47.8294],[-121.50732,47.82899],[-121.50733,47.82843],[-121.50728,47.82804],[-121.50709,47.82767],[-121.50697,47.8275],[-121.50697,47.82732],[-121.50701,47.82724],[-121.5073,47.82688],[-121.50759,47.82654],[-121.50786,47.82626],[-121.5083,47.82594],[-121.50973,47.82509],[-121.51045,47.82462],[-121.51073,47.82427],[-121.51073,47.82415],[-121.51067,47.82405],[-121.51037,47.82394],[-121.50952,47.82367],[-121.50901,47.82346],[-121.50833,47.82315],[-121.50807,47.82302],[-121.50787,47.8229],[-121.50779,47.82276],[-121.50783,47.82256],[-121.50792,47.82237],[-121.50799,47.82188],[-121.50814,47.82143],[-121.50815,47.82104],[-121.50803,47.82066],[-121.50784,47.8201],[-121.50779,47.81985],[-121.50781,47.81975],[-121.50719,47.81943],[-121.50668,47.81919],[-121.50639,47.81907],[-121.50481,47.81863],[-121.50321,47.8182],[-121.50226,47.81796],[-121.50178,47.81783],[-121.50123,47.81763],[-121.5011,47.81761],[-121.5007,47.81745],[-121.50023,47.81728],[-121.49979,47.81715],[-121.49853,47.81693],[-121.49741,47.81662],[-121.49643,47.8164],[-121.49602,47.81634],[-121.49554,47.81627],[-121.49372,47.81612],[-121.49324,47.81609],[-121.49259,47.81606],[-121.49215,47.81606],[-121.49197,47.81608],[-121.49203,47.816],[-121.49209,47.81591],[-121.49228,47.81585],[-121.49262,47.81576],[-121.49297,47.81563],[-121.4934,47.81546],[-121.49388,47.81527],[-121.49415,47.81527],[-121.49447,47.81529],[-121.49501,47.81529],[-121.49584,47.81528],[-121.49654,47.81528],[-121.49683,47.81528],[-121.49712,47.81527],[-121.49743,47.81517],[-121.49783,47.81509],[-121.49826,47.815],[-121.49875,47.81497],[-121.49919,47.8149],[-121.49937,47.81484],[-121.4995,47.81476],[-121.49948,47.8146],[-121.49934,47.81442],[-121.49909,47.81427],[-121.49892,47.81416],[-121.49876,47.81397],[-121.49872,47.81378],[-121.49863,47.81359],[-121.49853,47.81349],[-121.49839,47.81329],[-121.49805,47.81313],[-121.4977,47.81286],[-121.49754,47.81267],[-121.49725,47.81244],[-121.49697,47.81231],[-121.49677,47.81214],[-121.49644,47.81185],[-121.49612,47.81169],[-121.49579,47.81154],[-121.49559,47.81141],[-121.49558,47.81127],[-121.4955,47.81114],[-121.49533,47.81095],[-121.49513,47.81076],[-121.49481,47.81063],[-121.49463,47.81047],[-121.49455,47.8103],[-121.4944,47.81009],[-121.4943,47.80993],[-121.49407,47.80968],[-121.49368,47.80929],[-121.49323,47.80899],[-121.49295,47.80889],[-121.49283,47.80876],[-121.49264,47.80856],[-121.49239,47.80841],[-121.49212,47.80833],[-121.49185,47.80825],[-121.49154,47.80814],[-121.49134,47.80801],[-121.49124,47.80787],[-121.49112,47.80776],[-121.49099,47.80761],[-121.49067,47.80747],[-121.49026,47.80732],[-121.49008,47.80723],[-121.48998,47.80707],[-121.48991,47.80701],[-121.48978,47.80694],[-121.48943,47.80678],[-121.48918,47.80661],[-121.48871,47.80638],[-121.48847,47.80627],[-121.48819,47.80619],[-121.48788,47.80618],[-121.4875,47.80618],[-121.48726,47.80614],[-121.48712,47.80605],[-121.48693,47.80597],[-121.48665,47.80593],[-121.4863,47.8058],[-121.48623,47.80569],[-121.48611,47.8056],[-121.48598,47.80556],[-121.48588,47.80553],[-121.48573,47.80545],[-121.48567,47.80539],[-121.48563,47.80532],[-121.48547,47.80507],[-121.48528,47.8049],[-121.48516,47.80486],[-121.48493,47.80482],[-121.48477,47.80476],[-121.48458,47.80468],[-121.48436,47.80457],[-121.48404,47.80453],[-121.4836,47.80454],[-121.48354,47.80449],[-121.48353,47.80439],[-121.48353,47.80428],[-121.48337,47.80418],[-121.48319,47.80405],[-121.48289,47.80402],[-121.48262,47.80404],[-121.4823,47.80404],[-121.48214,47.804],[-121.48205,47.80391],[-121.48186,47.80379],[-121.48135,47.80362],[-121.48103,47.80362],[-121.48072,47.80363],[-121.48057,47.80358],[-121.48028,47.80346],[-121.48009,47.80346],[-121.47987,47.8034],[-121.47948,47.80326],[-121.4792,47.80316],[-121.47882,47.80313],[-121.47869,47.80305],[-121.47838,47.80288],[-121.47807,47.80275],[-121.47765,47.8027],[-121.4774,47.8027],[-121.47727,47.80285],[-121.47718,47.80296],[-121.47693,47.80309],[-121.47677,47.80305],[-121.47668,47.80294],[-121.47661,47.80281],[-121.47648,47.80269],[-121.47632,47.80259],[-121.47632,47.80434],[-121.47623,47.80413],[-121.47609,47.80393],[-121.47576,47.80372],[-121.47558,47.80369],[-121.47546,47.80365],[-121.47532,47.80354],[-121.47515,47.80338],[-121.47485,47.80332],[-121.4745,47.80332],[-121.47424,47.8032],[-121.47396,47.80314],[-121.4736,47.80311],[-121.47332,47.80307],[-121.47298,47.80307],[-121.47276,47.80308],[-121.47258,47.80307],[-121.47225,47.80293],[-121.4718,47.80282],[-121.4715,47.80278],[-121.47114,47.80269],[-121.47087,47.80264],[-121.47062,47.80264],[-121.47047,47.80263],[-121.47015,47.80249],[-121.46989,47.80243],[-121.46964,47.80243],[-121.46934,47.80244],[-121.469,47.80237],[-121.46856,47.80231],[-121.46828,47.80231],[-121.46804,47.80231],[-121.46782,47.80231],[-121.46759,47.80225],[-121.46743,47.8022],[-121.46727,47.80216],[-121.4671,47.80215],[-121.46691,47.80217],[-121.46673,47.80222],[-121.46643,47.80229],[-121.46618,47.80234],[-121.46599,47.8024],[-121.46578,47.8025],[-121.46559,47.80257],[-121.46546,47.80259],[-121.46541,47.80259],[-121.46537,47.80257],[-121.46537,47.80251],[-121.46537,47.80238],[-121.46537,47.80229],[-121.46537,47.80217],[-121.46545,47.80197],[-121.46543,47.80168],[-121.46544,47.80148],[-121.4653,47.80137],[-121.46478,47.80117],[-121.46441,47.80104],[-121.46366,47.8008],[-121.46312,47.80064],[-121.46271,47.80049],[-121.46224,47.80038],[-121.46194,47.80037],[-121.4616,47.80038],[-121.46139,47.80038],[-121.46122,47.8004],[-121.4611,47.80036],[-121.46103,47.80029],[-121.46089,47.80014],[-121.46079,47.8],[-121.4604,47.79978],[-121.46006,47.79964],[-121.45957,47.7995],[-121.45943,47.7994],[-121.45908,47.7992],[-121.45877,47.79904],[-121.45833,47.79894],[-121.45811,47.79881],[-121.45776,47.79869],[-121.45734,47.79853],[-121.457,47.79843],[-121.45666,47.79834],[-121.45652,47.79822],[-121.4563,47.79804],[-121.45608,47.79788],[-121.45572,47.79771],[-121.45568,47.7977],[-121.45567,47.79458],[-121.45569,47.79251],[-121.45536,47.79213],[-121.4553,47.79203],[-121.45516,47.7919],[-121.45511,47.79186],[-121.45493,47.79173],[-121.45469,47.79161],[-121.45443,47.79153],[-121.45437,47.79151],[-121.45381,47.79143],[-121.45343,47.79132],[-121.45314,47.79119],[-121.45249,47.79072],[-121.45242,47.79067],[-121.45216,47.79054],[-121.45195,47.79046],[-121.45193,47.79045],[-121.45158,47.79033],[-121.45128,47.79028],[-121.45094,47.79027],[-121.45056,47.79032],[-121.45042,47.79033],[-121.44978,47.79021],[-121.44967,47.7902],[-121.44904,47.79015],[-121.44856,47.79015],[-121.44824,47.79014],[-121.44808,47.79016],[-121.44751,47.79026],[-121.44637,47.79049],[-121.44592,47.79057],[-121.44514,47.79062],[-121.44492,47.79059],[-121.44478,47.79056],[-121.44472,47.79054],[-121.44462,47.79048],[-121.44447,47.79037],[-121.44442,47.79029],[-121.44429,47.79016],[-121.44398,47.78993],[-121.44363,47.78973],[-121.44335,47.78961],[-121.44294,47.78949],[-121.44252,47.78933],[-121.44134,47.78902],[-121.44121,47.78895],[-121.4407,47.7886],[-121.44052,47.78852],[-121.44049,47.78851],[-121.44027,47.78847],[-121.43947,47.79031],[-121.439,47.79015],[-121.43832,47.79007],[-121.43755,47.79007],[-121.43698,47.79009],[-121.43662,47.79016],[-121.43615,47.7901],[-121.43531,47.78976],[-121.43462,47.78945],[-121.434,47.78909],[-121.43349,47.7889],[-121.43311,47.78879],[-121.43262,47.78854],[-121.432,47.78832],[-121.43143,47.78799],[-121.43081,47.7878],[-121.43021,47.78765],[-121.42953,47.78749],[-121.42901,47.78724],[-121.42863,47.78713],[-121.42828,47.78693],[-121.42798,47.7867],[-121.42755,47.78638],[-121.42715,47.7862],[-121.42677,47.78613],[-121.42625,47.786],[-121.42595,47.78597],[-121.4257,47.78596],[-121.42557,47.78578],[-121.42522,47.78553],[-121.42487,47.78536],[-121.42442,47.78521],[-121.42367,47.78502],[-121.4232,47.78499],[-121.42285,47.78499],[-121.4227,47.78493],[-121.42237,47.78481],[-121.42212,47.78441],[-121.42169,47.78415],[-121.42129,47.78398],[-121.42114,47.78387],[-121.42101,47.78363],[-121.42083,47.78357],[-121.42061,47.78357],[-121.42051,47.78355],[-121.42041,47.78344],[-121.42015,47.78314],[-121.41983,47.78285],[-121.41927,47.78254],[-121.41885,47.78236],[-121.41855,47.78221],[-121.41857,47.78204],[-121.41916,47.78177],[-121.42002,47.78128],[-121.42036,47.78094],[-121.42061,47.78065],[-121.42091,47.7806],[-121.42158,47.78061],[-121.42215,47.78076],[-121.42255,47.78089],[-121.42263,47.78112],[-121.42274,47.78156],[-121.42294,47.78177],[-121.42314,47.78192],[-121.42317,47.78207],[-121.42375,47.78245],[-121.4244,47.78265],[-121.42517,47.78281],[-121.42565,47.78284],[-121.4261,47.78295],[-121.42667,47.783],[-121.42712,47.78316],[-121.42765,47.7834],[-121.42805,47.78366],[-121.42845,47.78386],[-121.4286,47.78391],[-121.42883,47.78409],[-121.4291,47.78426],[-121.42938,47.78439],[-121.42965,47.7845],[-121.42986,47.78457],[-121.42998,47.78468],[-121.43011,47.78488],[-121.43031,47.78512],[-121.43069,47.78542],[-121.43099,47.78562],[-121.43122,47.7857],[-121.43147,47.78575],[-121.43167,47.78574],[-121.43184,47.78574],[-121.43201,47.78561],[-121.43219,47.78559],[-121.43241,47.78559],[-121.43276,47.7857],[-121.43304,47.78577],[-121.43351,47.78581],[-121.43371,47.78583],[-121.43396,47.78591],[-121.43434,47.78612],[-121.43461,47.78627],[-121.43491,47.78639],[-121.43529,47.78654],[-121.43566,47.78655],[-121.43593,47.78655],[-121.43648,47.78651],[-121.43691,47.78656],[-121.43756,47.78675],[-121.4381,47.78675],[-121.43845,47.78675],[-121.43885,47.78678],[-121.43922,47.78691],[-121.4396,47.78699],[-121.44047,47.7871],[-121.44092,47.78716],[-121.44122,47.78723],[-121.44145,47.78733],[-121.44172,47.78749],[-121.44212,47.78769],[-121.44258,47.7879],[-121.44298,47.78807],[-121.44343,47.78825],[-121.44375,47.78838],[-121.44393,47.78838],[-121.44408,47.78838],[-121.44436,47.78835],[-121.44455,47.78831],[-121.44475,47.7883],[-121.44499,47.7884],[-121.44548,47.78856],[-121.44592,47.78863],[-121.44652,47.78871],[-121.44714,47.7887],[-121.44794,47.78861],[-121.44843,47.78844],[-121.449,47.78837],[-121.44935,47.78832],[-121.44973,47.78833],[-121.45002,47.78838],[-121.45033,47.78837],[-121.45057,47.78834],[-121.4509,47.78832],[-121.45117,47.78834],[-121.45148,47.78848],[-121.45189,47.78862],[-121.4524,47.78872],[-121.45276,47.78881],[-121.45332,47.78889],[-121.45419,47.78902],[-121.45436,47.78903],[-121.45451,47.78912],[-121.45491,47.78927],[-121.45522,47.78937],[-121.45558,47.7894],[-121.45578,47.78941],[-121.45595,47.78944],[-121.45606,47.78947],[-121.45624,47.7897],[-121.45645,47.78989],[-121.45669,47.79001],[-121.45687,47.79013],[-121.45707,47.79017],[-121.45747,47.79032],[-121.45769,47.79033],[-121.45789,47.79058],[-121.45798,47.79067],[-121.45827,47.7907],[-121.45858,47.79072],[-121.45886,47.79078],[-121.45915,47.79094],[-121.45938,47.79109],[-121.45971,47.79123],[-121.46013,47.79139],[-121.46044,47.79148],[-121.46055,47.79155],[-121.46075,47.79169],[-121.46091,47.79168],[-121.46126,47.79174],[-121.46149,47.7919],[-121.4618,47.79202],[-121.46208,47.79206],[-121.46226,47.79206],[-121.46246,47.79207],[-121.46261,47.79209],[-121.46286,47.79226],[-121.46312,47.79229],[-121.46324,47.79239],[-121.46355,47.79266],[-121.46386,47.7928],[-121.46397,47.79289],[-121.46424,47.79295],[-121.46448,47.79298],[-121.46473,47.79314],[-121.46506,47.7933],[-121.46544,47.79345],[-121.4657,47.79356],[-121.46608,47.79362],[-121.46639,47.79373],[-121.46675,47.79384],[-121.46708,47.79385],[-121.46745,47.79399],[-121.46776,47.79408],[-121.46818,47.79408],[-121.46843,47.79419],[-121.46856,47.79427],[-121.4688,47.79434],[-121.46914,47.79434],[-121.46969,47.79442],[-121.46997,47.79443],[-121.47011,47.79468],[-121.47022,47.79482],[-121.47047,47.79501],[-121.47058,47.79509],[-121.47069,47.79512],[-121.47078,47.79512],[-121.47105,47.79507],[-121.47131,47.79504],[-121.47144,47.79505],[-121.47153,47.79505],[-121.47166,47.79514],[-121.47177,47.79528],[-121.47187,47.79536],[-121.47201,47.79539],[-121.4722,47.7954],[-121.47237,47.79537],[-121.47259,47.79534],[-121.47279,47.79531],[-121.47293,47.79526],[-121.47308,47.79526],[-121.47314,47.79528],[-121.4732,47.79533],[-121.4733,47.7955],[-121.47339,47.79553],[-121.47352,47.79554],[-121.47363,47.79554],[-121.47381,47.79548],[-121.47404,47.79543],[-121.47428,47.79534],[-121.47456,47.79521],[-121.47479,47.79509],[-121.47492,47.79499],[-121.47506,47.79485],[-121.4752,47.79476],[-121.47537,47.79465],[-121.47555,47.79452],[-121.4756,47.79439],[-121.47561,47.79424],[-121.47552,47.79412],[-121.47547,47.79399],[-121.47546,47.79392],[-121.47552,47.79376],[-121.47559,47.79354],[-121.47563,47.79335],[-121.47564,47.79311],[-121.47564,47.79294],[-121.47544,47.79273],[-121.47533,47.79262],[-121.47513,47.79243],[-121.47499,47.79232],[-121.4749,47.79221],[-121.47487,47.79206],[-121.47464,47.79189],[-121.47445,47.79176],[-121.4743,47.79165],[-121.4743,47.79155],[-121.47436,47.79144],[-121.47441,47.79131],[-121.47452,47.79117],[-121.47454,47.791],[-121.47454,47.79074],[-121.47453,47.79051],[-121.47439,47.79033],[-121.47439,47.7902],[-121.47438,47.78995],[-121.47441,47.78974],[-121.47432,47.7895],[-121.47404,47.78935],[-121.47398,47.78922],[-121.47406,47.78907],[-121.47403,47.78877],[-121.47394,47.7886],[-121.47394,47.78847],[-121.47399,47.78837],[-121.4741,47.78824],[-121.47418,47.78799],[-121.47418,47.7878],[-121.47414,47.78739],[-121.47414,47.78709],[-121.47413,47.78694],[-121.47413,47.78675],[-121.47427,47.78658],[-121.47426,47.78635],[-121.47417,47.78607],[-121.474,47.78551],[-121.47377,47.78515],[-121.47374,47.78506],[-121.47382,47.78487],[-121.47401,47.78468],[-121.47406,47.78443],[-121.47397,47.78428],[-121.47388,47.78389],[-121.47379,47.78359],[-121.47359,47.7834],[-121.47303,47.78303],[-121.47258,47.78282],[-121.47232,47.78273],[-121.47218,47.78262],[-121.47195,47.78243],[-121.47174,47.7823],[-121.47095,47.78197],[-121.47064,47.7819],[-121.47041,47.78186],[-121.47031,47.78182],[-121.4701,47.78165],[-121.4697,47.78139],[-121.46947,47.78131],[-121.46925,47.7811],[-121.469,47.78097],[-121.4687,47.78076],[-121.46838,47.78035],[-121.46815,47.78015],[-121.46779,47.77996],[-121.46733,47.77988],[-121.46711,47.77988],[-121.46678,47.77977],[-121.46621,47.77946],[-121.4657,47.77922],[-121.46521,47.77909],[-121.46456,47.7789],[-121.46407,47.77873],[-121.46368,47.77871],[-121.4633,47.77872],[-121.46303,47.77882],[-121.46277,47.77889],[-121.46249,47.77876],[-121.46218,47.77865],[-121.46182,47.77856],[-121.46148,47.77844],[-121.46138,47.77834],[-121.45554,47.77843],[-121.45311,47.77837],[-121.45288,47.77148],[-121.45279,47.76872],[-121.45234,47.76848],[-121.45168,47.76817],[-121.45075,47.76758],[-121.44999,47.76729],[-121.44931,47.76685],[-121.44869,47.76657],[-121.44844,47.76655],[-121.4481,47.76683],[-121.44803,47.76686],[-121.44788,47.76683],[-121.44779,47.76665],[-121.44766,47.76654],[-121.44752,47.76639],[-121.44747,47.76619],[-121.44739,47.76592],[-121.4473,47.76573],[-121.44728,47.76558],[-121.44719,47.76546],[-121.447,47.76538],[-121.44693,47.76533],[-121.44685,47.76527],[-121.44683,47.7652],[-121.44689,47.7651],[-121.44693,47.76502],[-121.44686,47.76487],[-121.44665,47.76468],[-121.44562,47.7641],[-121.44536,47.76382],[-121.4448,47.76337],[-121.4444,47.76308],[-121.44408,47.76292],[-121.44367,47.76278],[-121.44336,47.76269],[-121.44322,47.76263],[-121.44317,47.76257],[-121.44324,47.76252],[-121.44342,47.76247],[-121.44382,47.76226],[-121.44397,47.76213],[-121.44401,47.76208],[-121.44404,47.76194],[-121.44387,47.76142],[-121.44354,47.76094],[-121.4434,47.76064],[-121.44338,47.76049],[-121.4433,47.76038],[-121.44312,47.76034],[-121.44288,47.76034],[-121.44259,47.76034],[-121.44233,47.76027],[-121.44212,47.76011],[-121.44181,47.75985],[-121.44149,47.75966],[-121.44096,47.75944],[-121.44071,47.75934],[-121.44054,47.75925],[-121.44024,47.75886],[-121.43986,47.75846],[-121.43952,47.7581],[-121.43916,47.75774],[-121.43877,47.75741],[-121.43821,47.75703],[-121.43738,47.75657],[-121.43675,47.75628],[-121.43571,47.75579],[-121.43522,47.75566],[-121.43483,47.75566],[-121.43464,47.75572],[-121.43445,47.75581],[-121.4343,47.75584],[-121.43419,47.75579],[-121.43416,47.75565],[-121.43418,47.7554],[-121.4342,47.75515],[-121.43416,47.75493],[-121.43384,47.75472],[-121.43301,47.75439],[-121.43258,47.75418],[-121.43191,47.75388],[-121.43161,47.75382],[-121.43159,47.74998],[-121.43153,47.74306],[-121.41523,47.73924],[-121.40831,47.7358],[-121.40581,47.73549],[-121.4053,47.73602],[-121.40526,47.73699],[-121.40528,47.73809],[-121.40486,47.7388],[-121.40396,47.7392],[-121.40267,47.7394],[-121.40142,47.73944],[-121.39998,47.73936],[-121.39859,47.73934],[-121.39801,47.7395],[-121.39705,47.73961],[-121.39634,47.73961],[-121.39532,47.7393],[-121.39412,47.73892],[-121.39267,47.73848],[-121.39238,47.73848],[-121.39037,47.73882],[-121.38904,47.739],[-121.38902,47.74275],[-121.38901,47.74351],[-121.38895,47.75126],[-121.39965,47.75121],[-121.39955,47.76576],[-121.38898,47.76575],[-121.38864,47.78022],[-121.36803,47.78017],[-121.36751,47.78014],[-121.36735,47.77192],[-121.35807,47.76565],[-121.34587,47.7656],[-121.34607,47.77993],[-121.33572,47.77998],[-121.32456,47.77983],[-121.30258,47.77956],[-121.30164,47.77956],[-121.30129,47.77993],[-121.30129,47.78025],[-121.30126,47.78042],[-121.30113,47.78062],[-121.30096,47.78081],[-121.30072,47.781],[-121.30046,47.78118],[-121.30032,47.78145],[-121.30027,47.78169],[-121.30026,47.78196],[-121.3003,47.78224],[-121.30052,47.7827],[-121.30054,47.78288],[-121.30049,47.78305],[-121.30027,47.7834],[-121.30003,47.78384],[-121.29985,47.78403],[-121.29917,47.7845],[-121.29877,47.78473],[-121.29839,47.78488],[-121.29777,47.78504],[-121.29713,47.78519],[-121.29689,47.78529],[-121.29669,47.78545],[-121.29645,47.78573],[-121.29634,47.78609],[-121.29628,47.78636],[-121.29626,47.78659],[-121.2963,47.78679],[-121.29647,47.78718],[-121.29669,47.78758],[-121.29689,47.78788],[-121.29727,47.7883],[-121.29777,47.78884],[-121.29818,47.78931],[-121.2984,47.78964],[-121.29873,47.79014],[-121.29882,47.7903],[-121.29885,47.79045],[-121.29886,47.7906],[-121.29882,47.79085],[-121.29875,47.791],[-121.29865,47.79121],[-121.29849,47.7915],[-121.29813,47.79203],[-121.29788,47.79246],[-121.29763,47.79284],[-121.29745,47.79295],[-121.29696,47.79311],[-121.2964,47.7932],[-121.29617,47.79326],[-121.29587,47.79338],[-121.29555,47.79355],[-121.29521,47.7937],[-121.29507,47.79386],[-121.29503,47.79405],[-121.29505,47.79437],[-121.29518,47.79495],[-121.29525,47.79584],[-121.29519,47.79634],[-121.29517,47.79697],[-121.29509,47.79738],[-121.29492,47.79774],[-121.29469,47.798],[-121.30262,47.798],[-121.30258,47.80169],[-121.30255,47.80538],[-121.30251,47.80907],[-121.30253,47.81228],[-121.30285,47.81214],[-121.30331,47.81204],[-121.30382,47.8119],[-121.30448,47.81183],[-121.30505,47.81172],[-121.30542,47.81162],[-121.30584,47.81145],[-121.30624,47.81123],[-121.30666,47.81109],[-121.30711,47.81099],[-121.3076,47.81086],[-121.30791,47.81079],[-121.30865,47.81071],[-121.30917,47.81065],[-121.30946,47.81056],[-121.30988,47.81039],[-121.31066,47.81035],[-121.31113,47.81023],[-121.31191,47.81025],[-121.31229,47.81023],[-121.31269,47.81016],[-121.3129,47.81009],[-121.31305,47.81],[-121.31337,47.80991],[-121.31371,47.80987],[-121.31438,47.80989],[-121.31462,47.8099],[-121.31532,47.81011],[-121.31582,47.81029],[-121.31617,47.81037],[-121.31648,47.81036],[-121.31704,47.81025],[-121.3178,47.8102],[-121.31822,47.81011],[-121.31879,47.80993],[-121.31948,47.8098],[-121.31989,47.80981],[-121.32046,47.80987],[-121.32088,47.80997],[-121.32155,47.8102],[-121.32171,47.81021],[-121.32199,47.81023],[-121.32234,47.8102],[-121.32277,47.81003],[-121.32323,47.80976],[-121.32359,47.80966],[-121.32409,47.80957],[-121.32474,47.80956],[-121.32487,47.80953],[-121.32489,47.82099],[-121.32316,47.82133],[-121.32327,47.82152],[-121.32359,47.82179],[-121.32418,47.8223],[-121.32443,47.82235],[-121.32489,47.82238],[-121.32515,47.8224],[-121.32598,47.82238],[-121.32706,47.8223],[-121.32742,47.82233],[-121.32818,47.82241],[-121.32908,47.82271],[-121.32945,47.82308],[-121.32954,47.82349],[-121.32953,47.82379],[-121.32933,47.82404],[-121.32911,47.82434],[-121.32869,47.82473],[-121.32826,47.82498],[-121.32764,47.82539],[-121.32702,47.82597],[-121.32646,47.82647],[-121.32604,47.82676],[-121.32555,47.82708],[-121.32508,47.82742],[-121.32477,47.82782],[-121.32462,47.82821],[-121.32468,47.82881],[-121.32475,47.82906],[-121.32524,47.82925],[-121.32569,47.82934],[-121.32634,47.82954],[-121.32723,47.82964],[-121.32827,47.82986],[-121.32936,47.83005],[-121.32971,47.83009],[-121.32982,47.83018],[-121.32975,47.8304],[-121.32953,47.83062],[-121.32923,47.83088],[-121.32887,47.83126],[-121.32863,47.83163],[-121.32836,47.83207],[-121.32808,47.83264],[-121.328,47.83308],[-121.32776,47.83357],[-121.3279,47.83399],[-121.32795,47.83419],[-121.32797,47.83446],[-121.32793,47.83459],[-121.32764,47.83478],[-121.32735,47.83496],[-121.32782,47.83624],[-121.34325,47.84739],[-121.34364,47.84862],[-121.34365,47.84896],[-121.34338,47.84957],[-121.34303,47.85026],[-121.34263,47.85081],[-121.34213,47.85123],[-121.3418,47.85162],[-121.34204,47.85197],[-121.34236,47.85252],[-121.34227,47.85322],[-121.34193,47.85415],[-121.34164,47.85487],[-121.34137,47.85552],[-121.34101,47.85613],[-121.3409,47.85727],[-121.34105,47.85809],[-121.34144,47.85935],[-121.34162,47.86001],[-121.34122,47.8606],[-121.34062,47.86116],[-121.34002,47.86171],[-121.33931,47.86213],[-121.33862,47.86223],[-121.33814,47.86228],[-121.33792,47.86246],[-121.3443,47.87235],[-121.34418,47.87269],[-121.34415,47.87283],[-121.34407,47.873],[-121.34393,47.87347],[-121.34391,47.8737],[-121.34388,47.8741],[-121.34385,47.87417],[-121.34377,47.87428],[-121.34357,47.87448],[-121.34328,47.87475],[-121.34319,47.87484],[-121.34312,47.87495],[-121.34304,47.87511],[-121.34303,47.87516],[-121.343,47.87525],[-121.343,47.87539],[-121.34301,47.87624],[-121.34301,47.87649],[-121.34302,47.87664],[-121.34303,47.87671],[-121.34305,47.87676],[-121.34305,47.87722],[-121.34307,47.87739],[-121.34311,47.87766],[-121.34314,47.87774],[-121.34339,47.87811],[-121.3437,47.87852],[-121.34386,47.87874],[-121.34397,47.87891],[-121.34408,47.87914],[-121.34414,47.87933],[-121.34415,47.87942],[-121.3442,47.87972],[-121.3442,47.88017],[-121.34406,47.88065],[-121.34404,47.88072],[-121.34388,47.88108],[-121.34381,47.88129],[-121.34346,47.88197],[-121.3431,47.88261],[-121.34295,47.88281],[-121.34289,47.88296],[-121.34284,47.88306],[-121.3428,47.88318],[-121.34278,47.88345],[-121.34274,47.88375],[-121.34246,47.88446],[-121.34236,47.88463],[-121.34221,47.88482],[-121.34206,47.88495],[-121.34178,47.88525],[-121.34127,47.88573],[-121.34102,47.88604],[-121.34085,47.88641],[-121.34079,47.88649],[-121.34096,47.88655],[-121.34127,47.88676],[-121.34133,47.88707],[-121.34136,47.88725],[-121.34499,47.88784],[-121.3454,47.88768],[-121.3455,47.88764],[-121.34649,47.88749],[-121.34748,47.88745],[-121.34765,47.88747],[-121.34785,47.88748],[-121.34837,47.88758],[-121.34884,47.88769],[-121.3492,47.88775],[-121.34952,47.88775],[-121.34968,47.88771],[-121.34978,47.88768],[-121.35009,47.88754],[-121.35081,47.88711],[-121.35138,47.88683],[-121.35158,47.88672],[-121.3519,47.88665],[-121.35257,47.88671],[-121.35278,47.88677],[-121.35294,47.88681],[-121.35336,47.88692],[-121.35367,47.88695],[-121.35419,47.88698],[-121.35471,47.88691],[-121.35502,47.88687],[-121.35534,47.88683],[-121.35586,47.88679],[-121.35633,47.88686],[-121.35711,47.8871],[-121.35774,47.88729],[-121.35826,47.88744],[-121.35831,47.88746],[-121.3591,47.88768],[-121.35931,47.88774],[-121.35962,47.88782],[-121.36014,47.88788],[-121.36103,47.88798],[-121.36202,47.88805],[-121.3622,47.88803],[-121.36257,47.88801],[-121.36259,47.88801],[-121.36306,47.88804],[-121.36385,47.88814],[-121.36411,47.88818],[-121.36463,47.88827],[-121.36506,47.88838],[-121.36542,47.88848],[-121.36589,47.88867],[-121.36599,47.88872],[-121.36662,47.8891],[-121.3669,47.88923],[-121.36699,47.88927],[-121.36736,47.88937],[-121.36772,47.88944],[-121.36814,47.88944],[-121.36825,47.88943],[-121.36908,47.88936],[-121.3696,47.88925],[-121.37011,47.88907],[-121.37037,47.88904],[-121.37043,47.88903],[-121.37095,47.88907],[-121.37137,47.88924],[-121.37142,47.88931],[-121.37158,47.88952],[-121.37179,47.88987],[-121.37211,47.89021],[-121.37253,47.89046],[-121.37279,47.89048],[-121.37284,47.89049],[-121.37316,47.89045],[-121.37368,47.89031],[-121.37385,47.89029],[-121.37399,47.89027],[-121.3742,47.8903],[-121.37451,47.89044],[-121.37467,47.89068],[-121.37494,47.891],[-121.375,47.89105],[-121.37525,47.89124],[-121.37621,47.89155],[-121.3766,47.89154],[-121.37671,47.89152],[-121.37693,47.89145],[-121.37715,47.8913],[-121.37732,47.89123],[-121.37753,47.89119],[-121.37782,47.89119],[-121.37814,47.89122],[-121.37847,47.89129],[-121.37915,47.89148],[-121.3792,47.8915],[-121.37981,47.89175],[-121.38011,47.89189],[-121.38052,47.89211],[-121.38075,47.8922],[-121.38117,47.89234],[-121.38151,47.89242],[-121.38211,47.89249],[-121.38247,47.89246],[-121.38272,47.89245],[-121.38293,47.89246],[-121.38309,47.89248],[-121.3833,47.89262],[-121.38367,47.89275],[-121.38371,47.89277],[-121.38403,47.89286],[-121.38461,47.89296],[-121.3855,47.89305],[-121.38581,47.89309],[-121.38669,47.89305],[-121.38732,47.89297],[-121.38809,47.89276],[-121.38856,47.89265],[-121.38898,47.89261],[-121.38918,47.89265],[-121.38934,47.89268],[-121.38976,47.89292],[-121.38992,47.89306],[-121.39014,47.89334],[-121.39046,47.89382],[-121.39072,47.89421],[-121.39099,47.89445],[-121.3911,47.89451],[-121.39124,47.8946],[-121.39141,47.89469],[-121.39156,47.89476],[-121.39183,47.89487],[-121.39209,47.8949],[-121.3924,47.89486],[-121.39276,47.89479],[-121.39292,47.89479],[-121.39313,47.89478],[-121.39349,47.89485],[-121.39397,47.89502],[-121.39428,47.89513],[-121.39465,47.89526],[-121.39533,47.89554],[-121.39596,47.89578],[-121.39617,47.89585],[-121.39669,47.89591],[-121.39747,47.89601],[-121.39826,47.89608],[-121.39914,47.89614],[-121.40003,47.89617],[-121.40018,47.89616],[-121.40159,47.89612],[-121.40191,47.89614],[-121.40216,47.89615],[-121.40279,47.89632]],[[-121.49797,47.82166],[-121.49803,47.82495],[-121.49808,47.82823],[-121.49281,47.82834],[-121.48754,47.82844],[-121.48735,47.8217],[-121.49797,47.82166]],[[-121.48705,47.84267],[-121.48252,47.8419],[-121.4808,47.8416],[-121.48058,47.84157],[-121.47959,47.84134],[-121.4791,47.84122],[-121.47901,47.84125],[-121.4773,47.84174],[-121.47721,47.84177],[-121.47709,47.84181],[-121.47507,47.84239],[-121.47361,47.84282],[-121.47361,47.84248],[-121.47363,47.84118],[-121.4771,47.84004],[-121.47723,47.84],[-121.4773,47.83997],[-121.47809,47.83971],[-121.47882,47.83947],[-121.48548,47.84058],[-121.48794,47.84099],[-121.49285,47.84182],[-121.49417,47.8407],[-121.49493,47.84006],[-121.49507,47.8399],[-121.49509,47.83988],[-121.49526,47.83967],[-121.49556,47.83932],[-121.49558,47.8393],[-121.49389,47.8392],[-121.49371,47.83919],[-121.49448,47.83831],[-121.49485,47.83831],[-121.49558,47.8383],[-121.49607,47.83839],[-121.49623,47.83842],[-121.49635,47.83841],[-121.49684,47.83837],[-121.49684,47.83847],[-121.49684,47.83861],[-121.49826,47.83895],[-121.49832,47.83896],[-121.49847,47.83899],[-121.49883,47.83908],[-121.49895,47.83933],[-121.49847,47.83977],[-121.49832,47.8399],[-121.49828,47.83994],[-121.49716,47.84098],[-121.49586,47.84217],[-121.49566,47.84236],[-121.49588,47.84241],[-121.49594,47.84242],[-121.49834,47.84289],[-121.49837,47.84444],[-121.4925,47.84352],[-121.48837,47.84287],[-121.48796,47.84281],[-121.48727,47.8427],[-121.48705,47.84267]],[[-121.49296,47.83499],[-121.48773,47.83518],[-121.48764,47.83181],[-121.49288,47.83167],[-121.49296,47.83499]]]},"properties":{"OBJECTID":2531,"NAME":"Wild Sky Wilderness","OWNER":"Federal Government","MANAGER":"US Forest Service","MANAGEMENT_TYPE":"Wilderness","GLOBALID":"{96465372-CF8B-4C89-8C81-360BDF662BF6}"}},{"type":"Feature","id":2532,"geometry":{"type":"Polygon","coordinates":[[[-121.51004,47.83868],[-121.51459,47.8387],[-121.51455,47.83529],[-121.5125,47.83529],[-121.51186,47.8353],[-121.51165,47.8353],[-121.51148,47.83539],[-121.51108,47.83566],[-121.51094,47.83579],[-121.51082,47.83599],[-121.51079,47.83609],[-121.51077,47.83631],[-121.51075,47.83636],[-121.51073,47.83656],[-121.51069,47.83671],[-121.51068,47.83719],[-121.51065,47.8373],[-121.51049,47.83761],[-121.51042,47.83776],[-121.51025,47.83811],[-121.51009,47.83853],[-121.51005,47.83862],[-121.51004,47.83868]]]},"properties":{"OBJECTID":2532,"NAME":" ","OWNER":"County Government","MANAGER":"County","MANAGEMENT_TYPE":"Unknown","GLOBALID":"{AE951753-213C-40D0-BC48-743731E0B484}"}},{"type":"Feature","id":2533,"geometry":{"type":"Polygon","coordinates":[[[-121.56318,47.82079],[-121.5686,47.82079],[-121.56868,47.81884],[-121.5687,47.81831],[-121.56868,47.81832],[-121.56864,47.81737],[-121.56863,47.81708],[-121.56875,47.81711],[-121.56876,47.81677],[-121.56748,47.81649],[-121.56616,47.81649],[-121.56494,47.81665],[-121.56405,47.81697],[-121.56355,47.81726],[-121.56354,47.81773],[-121.56318,47.82079]]]},"properties":{"OBJECTID":2533,"NAME":" ","OWNER":"Federal Government","MANAGER":"US Forest Service","MANAGEMENT_TYPE":"Non-Designated Forest","GLOBALID":"{7FD8A36C-CA9D-4C45-A4B7-5E241CD46D6B}"}},{"type":"Feature","id":2534,"geometry":{"type":"Polygon","coordinates":[[[-121.57934,47.81306],[-121.58485,47.81436],[-121.58485,47.81405],[-121.58485,47.81318],[-121.58485,47.81288],[-121.58485,47.81185],[-121.58484,47.80645],[-121.56728,47.80644],[-121.56599,47.80646],[-121.56587,47.80646],[-121.5658,47.80646],[-121.56553,47.80646],[-121.56562,47.80667],[-121.56616,47.80727],[-121.5666,47.80779],[-121.56764,47.80817],[-121.56979,47.80857],[-121.5704,47.8092],[-121.57051,47.8097],[-121.57038,47.81011],[-121.57017,47.81075],[-121.57029,47.81112],[-121.57047,47.81142],[-121.571,47.81198],[-121.57157,47.81255],[-121.57208,47.81279],[-121.57268,47.81288],[-121.5737,47.81267],[-121.57505,47.81248],[-121.57631,47.81236],[-121.5771,47.81235],[-121.57934,47.81306]]]},"properties":{"OBJECTID":2534,"NAME":" ","OWNER":"Federal Government","MANAGER":"US Forest Service","MANAGEMENT_TYPE":"Non-Designated Forest","GLOBALID":"{8F2869B7-49CD-4BC7-B0F7-9FC9461C6893}"}},{"type":"Feature","id":3050,"geometry":{"type":"Polygon","coordinates":[[[-121.71687,47.86901],[-121.71687,47.86938],[-121.71767,47.8694],[-121.71767,47.86904],[-121.71746,47.86904],[-121.71725,47.86902],[-121.71701,47.86901],[-121.71687,47.86901]]]},"properties":{"OBJECTID":3050,"NAME":"Wallace River Hatchery","OWNER":"State Government","MANAGER":"WA Dept of Fish and Wildlife","MANAGEMENT_TYPE":"Fish Hatchery","GLOBALID":"{84577C3B-567D-4E00-9038-871E4AC71516}"}},{"type":"Feature","id":3634,"geometry":{"type":"Polygon","coordinates":[[[-121.8153,47.88887],[-121.82067,47.88875],[-121.82072,47.88522],[-121.81533,47.88532],[-121.8153,47.88887]]]},"properties":{"OBJECTID":3634,"NAME":" ","OWNER":"City or Municipal Government","MANAGER":"City or Municipality","MANAGEMENT_TYPE":"Unknown","GLOBALID":"{E00B714E-8BAA-4159-B2CA-7D44E14EB101}"}},{"type":"Feature","id":3635,"geometry":{"type":"MultiPolygon","coordinates":[[[[-121.58669,47.8921],[-121.58611,47.89243],[-121.58522,47.89302],[-121.59381,47.89301],[-121.59381,47.893],[-121.59382,47.89213],[-121.59473,47.89181],[-121.59574,47.89172],[-121.59688,47.89188],[-121.59788,47.89204],[-121.59917,47.89201],[-121.59989,47.89192],[-121.60069,47.89173],[-121.60191,47.8916],[-121.60335,47.89162],[-121.60485,47.89159],[-121.60485,47.89157],[-121.60485,47.88994],[-121.60274,47.88997],[-121.60188,47.88996],[-121.60116,47.89],[-121.59972,47.89018],[-121.599,47.89036],[-121.59792,47.8904],[-121.597,47.89024],[-121.59635,47.89014],[-121.59549,47.89003],[-121.59456,47.89017],[-121.59382,47.89032],[-121.59348,47.89039],[-121.59254,47.89062],[-121.59182,47.89076],[-121.59037,47.89108],[-121.58965,47.89122],[-121.589,47.8914],[-121.58828,47.89159],[-121.58763,47.89177],[-121.58669,47.8921]]],[[[-121.62083,47.89313],[-121.62118,47.89333],[-121.62132,47.89349],[-121.62158,47.89383],[-121.6219,47.8941],[-121.62211,47.8942],[-121.62257,47.89442],[-121.62314,47.89457],[-121.62384,47.89473],[-121.62475,47.89496],[-121.62514,47.89511],[-121.62543,47.89522],[-121.62577,47.89532],[-121.62577,47.89531],[-121.62593,47.89296],[-121.62057,47.89297],[-121.62054,47.89297],[-121.62083,47.89313]]]]},"properties":{"OBJECTID":3635,"NAME":"Okanogan - Wenatchee National Forest","OWNER":"Federal Government","MANAGER":"US Forest Service","MANAGEMENT_TYPE":"Non-Designated Forest","GLOBALID":"{9CF51F42-A467-4A44-9E4A-A9799E74EE09}"}},{"type":"Feature","id":3636,"geometry":{"type":"Polygon","coordinates":[[[-121.68955,47.9686],[-121.68413,47.96858],[-121.67319,47.96852],[-121.67323,47.96495],[-121.66774,47.96493],[-121.66628,47.96502],[-121.66088,47.96498],[-121.661,47.9614],[-121.65501,47.9614],[-121.65501,47.96136],[-121.65499,47.96136],[-121.65478,47.96133],[-121.65458,47.96129],[-121.65416,47.96115],[-121.65413,47.96114],[-121.6536,47.96084],[-121.653,47.96052],[-121.6523,47.96008],[-121.65186,47.95977],[-121.65174,47.95971],[-121.65165,47.95965],[-121.65162,47.95962],[-121.65152,47.95948],[-121.6514,47.95931],[-121.65126,47.95917],[-121.65109,47.95901],[-121.65087,47.95882],[-121.65035,47.95845],[-121.65007,47.95823],[-121.64928,47.95762],[-121.64922,47.95755],[-121.64911,47.95752],[-121.64894,47.95749],[-121.64861,47.95742],[-121.64859,47.95742],[-121.64851,47.95737],[-121.64841,47.95733],[-121.6482,47.95723],[-121.64793,47.95707],[-121.64765,47.95695],[-121.64726,47.95678],[-121.64705,47.95673],[-121.64666,47.95666],[-121.64648,47.95661],[-121.64622,47.95658],[-121.64607,47.95656],[-121.64593,47.95652],[-121.64579,47.95647],[-121.6457,47.95641],[-121.6456,47.95635],[-121.64552,47.95628],[-121.64541,47.95616],[-121.6453,47.95608],[-121.64515,47.95597],[-121.64503,47.9559],[-121.64492,47.95583],[-121.64479,47.95577],[-121.64462,47.95572],[-121.64435,47.95562],[-121.64423,47.95554],[-121.64411,47.95546],[-121.64392,47.95532],[-121.6437,47.95515],[-121.6436,47.95503],[-121.64356,47.95497],[-121.64341,47.95489],[-121.64306,47.95468],[-121.64262,47.95441],[-121.6426,47.95439],[-121.64258,47.95435],[-121.64243,47.95425],[-121.64227,47.95417],[-121.64217,47.95409],[-121.64211,47.954],[-121.64204,47.95394],[-121.64192,47.95385],[-121.6418,47.95376],[-121.64161,47.95366],[-121.64145,47.95359],[-121.64134,47.95354],[-121.64132,47.95353],[-121.64125,47.95345],[-121.64119,47.95337],[-121.64111,47.95329],[-121.64108,47.95325],[-121.64104,47.95323],[-121.64089,47.95319],[-121.64052,47.95302],[-121.64006,47.9528],[-121.63959,47.95255],[-121.63935,47.95237],[-121.63912,47.95224],[-121.63881,47.95204],[-121.63849,47.95191],[-121.63831,47.95184],[-121.63817,47.95176],[-121.63809,47.95169],[-121.63799,47.95164],[-121.63788,47.9516],[-121.63759,47.95154],[-121.63725,47.95139],[-121.63686,47.95125],[-121.63654,47.95112],[-121.63609,47.95087],[-121.63582,47.95071],[-121.63542,47.9505],[-121.63509,47.95035],[-121.63504,47.95034],[-121.63497,47.95031],[-121.6349,47.95028],[-121.63483,47.95025],[-121.63477,47.95021],[-121.63471,47.95017],[-121.63466,47.95013],[-121.63461,47.95008],[-121.63458,47.95006],[-121.63453,47.95002],[-121.63448,47.94999],[-121.63442,47.94996],[-121.63436,47.94994],[-121.63426,47.94992],[-121.63418,47.9499],[-121.6341,47.94988],[-121.63402,47.94986],[-121.63394,47.94983],[-121.63387,47.94979],[-121.6338,47.94976],[-121.63378,47.94974],[-121.63376,47.94972],[-121.63371,47.94968],[-121.63367,47.94965],[-121.63361,47.94962],[-121.63356,47.94959],[-121.6335,47.94957],[-121.63343,47.94955],[-121.63337,47.94953],[-121.63331,47.94952],[-121.63324,47.9495],[-121.63314,47.94946],[-121.63302,47.94943],[-121.63291,47.9494],[-121.63279,47.94937],[-121.6327,47.94935],[-121.63263,47.94934],[-121.63253,47.94933],[-121.63243,47.94931],[-121.63233,47.94928],[-121.63224,47.94925],[-121.63215,47.94922],[-121.63207,47.94918],[-121.63198,47.94914],[-121.63194,47.94912],[-121.63192,47.94911],[-121.63182,47.94905],[-121.63173,47.94899],[-121.63164,47.94893],[-121.63156,47.94886],[-121.63148,47.94879],[-121.63141,47.94872],[-121.63136,47.94867],[-121.63132,47.94863],[-121.63126,47.94859],[-121.63121,47.94855],[-121.63114,47.94852],[-121.63108,47.94849],[-121.63101,47.94847],[-121.63094,47.94845],[-121.63086,47.94843],[-121.63082,47.94842],[-121.63064,47.94839],[-121.63047,47.94836],[-121.63031,47.94832],[-121.63014,47.94828],[-121.62998,47.94824],[-121.62982,47.94819],[-121.62973,47.94816],[-121.62943,47.94804],[-121.62912,47.94791],[-121.62894,47.94784],[-121.62876,47.94777],[-121.62858,47.94769],[-121.62842,47.94761],[-121.62822,47.94752],[-121.62812,47.94747],[-121.62792,47.94738],[-121.62781,47.94732],[-121.62769,47.94724],[-121.62764,47.94721],[-121.62758,47.94716],[-121.62752,47.94713],[-121.62746,47.94709],[-121.6274,47.94707],[-121.62733,47.94704],[-121.62726,47.94702],[-121.62718,47.947],[-121.62639,47.94691],[-121.62632,47.94691],[-121.62626,47.9469],[-121.6262,47.94688],[-121.62615,47.94686],[-121.6261,47.94684],[-121.62605,47.94682],[-121.626,47.94679],[-121.62597,47.94677],[-121.62589,47.94672],[-121.62581,47.94668],[-121.62573,47.94664],[-121.62564,47.94661],[-121.62561,47.9466],[-121.62553,47.94658],[-121.62546,47.94656],[-121.6254,47.94654],[-121.62534,47.94651],[-121.62528,47.94648],[-121.62524,47.94646],[-121.62505,47.94636],[-121.62496,47.94632],[-121.62485,47.94632],[-121.62474,47.94634],[-121.62454,47.94656],[-121.62433,47.94673],[-121.62401,47.94705],[-121.62392,47.94713],[-121.6239,47.94718],[-121.6239,47.94724],[-121.62392,47.94731],[-121.62401,47.94742],[-121.62411,47.94755],[-121.62425,47.94769],[-121.62429,47.94775],[-121.62436,47.94778],[-121.62462,47.94784],[-121.62474,47.9479],[-121.62483,47.94798],[-121.62497,47.94806],[-121.62505,47.94816],[-121.6252,47.94834],[-121.62525,47.95051],[-121.62453,47.95052],[-121.62454,47.95407],[-121.62883,47.95409],[-121.63312,47.9541],[-121.63318,47.95414],[-121.63329,47.95425],[-121.63337,47.95437],[-121.63343,47.95447],[-121.63346,47.95453],[-121.63355,47.95463],[-121.63362,47.9547],[-121.63364,47.95473],[-121.63372,47.95477],[-121.63384,47.95482],[-121.63393,47.95487],[-121.63401,47.95495],[-121.63414,47.95508],[-121.63429,47.95519],[-121.63461,47.95537],[-121.63512,47.95568],[-121.63529,47.95577],[-121.63551,47.95583],[-121.63569,47.9559],[-121.63571,47.95591],[-121.63595,47.95611],[-121.6361,47.95626],[-121.63616,47.95635],[-121.63628,47.95646],[-121.63641,47.95658],[-121.63652,47.95672],[-121.63656,47.95682],[-121.63659,47.95692],[-121.63663,47.95702],[-121.63674,47.95711],[-121.63691,47.95723],[-121.63708,47.95741],[-121.63725,47.95758],[-121.63738,47.95771],[-121.6375,47.9578],[-121.63764,47.95786],[-121.63766,47.95787],[-121.63776,47.95798],[-121.63781,47.95812],[-121.63794,47.95825],[-121.63809,47.95834],[-121.63819,47.95839],[-121.63821,47.9584],[-121.6383,47.95849],[-121.63835,47.95857],[-121.63861,47.95886],[-121.63883,47.95907],[-121.63899,47.95928],[-121.63908,47.95937],[-121.63913,47.95939],[-121.63926,47.95945],[-121.63955,47.9596],[-121.63967,47.95971],[-121.63984,47.95986],[-121.63991,47.95996],[-121.63998,47.96005],[-121.64004,47.96019],[-121.64007,47.96029],[-121.64015,47.96039],[-121.64025,47.96047],[-121.64043,47.96064],[-121.64063,47.96086],[-121.6407,47.96099],[-121.64089,47.96116],[-121.64098,47.96134],[-121.64113,47.96149],[-121.64117,47.96159],[-121.64138,47.96187],[-121.6415,47.96207],[-121.64159,47.96219],[-121.64173,47.96229],[-121.6419,47.96245],[-121.64206,47.96267],[-121.64215,47.96279],[-121.64232,47.96309],[-121.64241,47.96332],[-121.64244,47.96348],[-121.64243,47.96358],[-121.64241,47.96366],[-121.64228,47.96375],[-121.64221,47.96381],[-121.64219,47.96383],[-121.64203,47.96387],[-121.6417,47.96389],[-121.64138,47.96388],[-121.64127,47.96388],[-121.64117,47.96387],[-121.64107,47.9639],[-121.64099,47.96395],[-121.64096,47.96396],[-121.64078,47.96399],[-121.64062,47.964],[-121.64044,47.96399],[-121.64041,47.96399],[-121.64027,47.96393],[-121.64018,47.9639],[-121.64006,47.96388],[-121.63991,47.96386],[-121.63979,47.96386],[-121.63962,47.96387],[-121.63958,47.96387],[-121.63958,47.96389],[-121.63944,47.9639],[-121.63934,47.96393],[-121.63931,47.96394],[-121.6392,47.96398],[-121.63917,47.96399],[-121.63909,47.96403],[-121.63904,47.96406],[-121.63902,47.96407],[-121.63894,47.96416],[-121.63883,47.96425],[-121.63868,47.96434],[-121.63854,47.96441],[-121.63848,47.96443],[-121.63812,47.96463],[-121.63795,47.96475],[-121.63795,47.96478],[-121.63769,47.96494],[-121.63758,47.96504],[-121.63745,47.96515],[-121.63739,47.96527],[-121.63728,47.96543],[-121.63719,47.96558],[-121.6371,47.96566],[-121.63699,47.96572],[-121.63684,47.96576],[-121.63665,47.96583],[-121.63626,47.96596],[-121.63588,47.96608],[-121.63558,47.96616],[-121.63539,47.96618],[-121.63495,47.96624],[-121.63452,47.96627],[-121.6341,47.96625],[-121.63359,47.96622],[-121.63298,47.96619],[-121.63265,47.96615],[-121.63253,47.96615],[-121.63239,47.96616],[-121.63217,47.96615],[-121.63214,47.96614],[-121.63205,47.9661],[-121.63193,47.9661],[-121.63139,47.96609],[-121.63094,47.96605],[-121.63082,47.96604],[-121.63047,47.96605],[-121.63,47.96605],[-121.62968,47.96606],[-121.62958,47.96606],[-121.62943,47.96609],[-121.62926,47.96613],[-121.62909,47.96616],[-121.62897,47.9662],[-121.6288,47.96621],[-121.62844,47.96622],[-121.62815,47.9662],[-121.62794,47.96621],[-121.62761,47.96621],[-121.62728,47.96627],[-121.6271,47.96631],[-121.62691,47.96635],[-121.62672,47.96637],[-121.62648,47.9664],[-121.62633,47.96641],[-121.62615,47.96644],[-121.62598,47.96648],[-121.62583,47.96653],[-121.62574,47.96657],[-121.62567,47.96665],[-121.62565,47.96666],[-121.62549,47.96674],[-121.62532,47.96678],[-121.62518,47.96685],[-121.62497,47.96692],[-121.62461,47.96702],[-121.62433,47.9671],[-121.62416,47.96713],[-121.62404,47.96716],[-121.62387,47.96719],[-121.62361,47.96719],[-121.62358,47.96718],[-121.62341,47.96713],[-121.62326,47.96709],[-121.62313,47.9671],[-121.62296,47.96713],[-121.62282,47.96716],[-121.62241,47.96724],[-121.62199,47.96737],[-121.62166,47.96752],[-121.62132,47.96763],[-121.62084,47.96778],[-121.62031,47.96798],[-121.61995,47.96812],[-121.61979,47.96825],[-121.6197,47.96851],[-121.61958,47.96874],[-121.61943,47.96896],[-121.61928,47.96914],[-121.61912,47.96929],[-121.61907,47.96935],[-121.61904,47.96942],[-121.61904,47.9695],[-121.61904,47.96958],[-121.61908,47.96967],[-121.61916,47.96978],[-121.61924,47.96989],[-121.61929,47.97001],[-121.61935,47.97009],[-121.6194,47.97023],[-121.61942,47.97039],[-121.61949,47.9706],[-121.61951,47.97075],[-121.61951,47.97086],[-121.61952,47.97095],[-121.6195,47.97104],[-121.61949,47.97106],[-121.61941,47.97113],[-121.61928,47.97122],[-121.61914,47.97128],[-121.61898,47.97134],[-121.61883,47.97138],[-121.61867,47.9714],[-121.61857,47.97139],[-121.61843,47.97137],[-121.61839,47.97135],[-121.61833,47.97129],[-121.61825,47.97126],[-121.61813,47.97124],[-121.61803,47.9712],[-121.61798,47.97121],[-121.61788,47.97126],[-121.61777,47.97132],[-121.61762,47.97138],[-121.61748,47.97142],[-121.61728,47.97144],[-121.61726,47.97143],[-121.61707,47.97139],[-121.61694,47.97134],[-121.61686,47.97131],[-121.61679,47.9713],[-121.61674,47.97131],[-121.61668,47.97134],[-121.61653,47.97138],[-121.6163,47.9715],[-121.61562,47.97185],[-121.61552,47.97192],[-121.61542,47.97198],[-121.61524,47.97204],[-121.61503,47.97207],[-121.61501,47.97207],[-121.61463,47.97202],[-121.61414,47.97204],[-121.6137,47.97204],[-121.6134,47.97204],[-121.61249,47.97216],[-121.61171,47.97227],[-121.61109,47.97235],[-121.61063,47.97243],[-121.61041,47.97246],[-121.61017,47.9725],[-121.60986,47.97258],[-121.6096,47.97267],[-121.60941,47.97275],[-121.60925,47.97281],[-121.60911,47.97288],[-121.60898,47.97301],[-121.60855,47.97343],[-121.60831,47.97362],[-121.6082,47.97373],[-121.6081,47.97389],[-121.60804,47.97405],[-121.60792,47.97432],[-121.60787,47.97446],[-121.60781,47.97457],[-121.60771,47.97467],[-121.60758,47.97473],[-121.6074,47.97479],[-121.60717,47.97484],[-121.60699,47.97487],[-121.6068,47.97488],[-121.60667,47.97491],[-121.6065,47.97495],[-121.60636,47.975],[-121.60625,47.97507],[-121.60613,47.97518],[-121.60598,47.97532],[-121.60583,47.97546],[-121.60566,47.97559],[-121.60559,47.97565],[-121.60544,47.97577],[-121.60532,47.97588],[-121.60518,47.97598],[-121.60503,47.97606],[-121.60482,47.97615],[-121.60462,47.97622],[-121.60433,47.97631],[-121.60376,47.9764],[-121.60298,47.97658],[-121.60257,47.97669],[-121.60237,47.97673],[-121.60223,47.97677],[-121.60216,47.97677],[-121.60188,47.97678],[-121.60184,47.97677],[-121.60163,47.97668],[-121.6014,47.97658],[-121.6012,47.97652],[-121.60105,47.97647],[-121.60097,47.97643],[-121.60073,47.97639],[-121.6006,47.97639],[-121.60009,47.97638],[-121.59984,47.97639],[-121.59964,47.97641],[-121.59936,47.97642],[-121.59924,47.97643],[-121.59908,47.97644],[-121.59896,47.97644],[-121.59894,47.97643],[-121.5988,47.97639],[-121.59878,47.97638],[-121.59865,47.97628],[-121.5986,47.9762],[-121.59841,47.97599],[-121.59832,47.97593],[-121.59826,47.97587],[-121.5982,47.97583],[-121.59817,47.97582],[-121.59808,47.97582],[-121.59801,47.97582],[-121.59792,47.97582],[-121.59787,47.97585],[-121.59782,47.9759],[-121.5978,47.97593],[-121.5978,47.97605],[-121.59781,47.97623],[-121.59785,47.97643],[-121.59789,47.97665],[-121.59795,47.97683],[-121.59798,47.97701],[-121.59803,47.97714],[-121.59805,47.97727],[-121.59805,47.9773],[-121.59798,47.97738],[-121.59794,47.97747],[-121.59788,47.97755],[-121.59781,47.97765],[-121.59771,47.97777],[-121.5976,47.97783],[-121.59758,47.97786],[-121.59758,47.97791],[-121.5976,47.97801],[-121.5976,47.97812],[-121.59761,47.97819],[-121.59758,47.97829],[-121.59758,47.97839],[-121.59756,47.97849],[-121.59751,47.97858],[-121.59744,47.97865],[-121.59735,47.97871],[-121.59723,47.97876],[-121.59708,47.9788],[-121.59682,47.97884],[-121.59647,47.97884],[-121.59627,47.97884],[-121.59604,47.97883],[-121.59581,47.97877],[-121.59565,47.97871],[-121.59551,47.97864],[-121.5954,47.97858],[-121.59528,47.9785],[-121.59511,47.9784],[-121.59494,47.97832],[-121.59467,47.97821],[-121.59451,47.97811],[-121.59436,47.97807],[-121.59425,47.97807],[-121.59416,47.97808],[-121.59396,47.97811],[-121.59378,47.97813],[-121.5936,47.97821],[-121.59344,47.97827],[-121.59326,47.97833],[-121.5931,47.97839],[-121.59287,47.97843],[-121.59268,47.97843],[-121.59248,47.97843],[-121.59229,47.97843],[-121.5921,47.97841],[-121.59194,47.9784],[-121.59179,47.97838],[-121.59159,47.9783],[-121.59143,47.97819],[-121.5913,47.97812],[-121.59118,47.97804],[-121.59099,47.97793],[-121.59084,47.97779],[-121.59064,47.97761],[-121.59051,47.97758],[-121.59038,47.97753],[-121.59026,47.9775],[-121.59015,47.97747],[-121.59002,47.97746],[-121.58982,47.97747],[-121.58964,47.97747],[-121.58951,47.97748],[-121.5893,47.9775],[-121.58908,47.97751],[-121.58891,47.97756],[-121.58877,47.97758],[-121.5886,47.97759],[-121.58847,47.97761],[-121.58835,47.97764],[-121.58816,47.97764],[-121.58797,47.97767],[-121.58755,47.97765],[-121.58732,47.9776],[-121.58711,47.97754],[-121.58693,47.97752],[-121.58667,47.9775],[-121.5865,47.97745],[-121.58632,47.97741],[-121.58611,47.97734],[-121.58596,47.97728],[-121.58579,47.97721],[-121.58556,47.97709],[-121.58538,47.97701],[-121.58497,47.97684],[-121.58432,47.97652],[-121.58414,47.97644],[-121.58405,47.9764],[-121.58394,47.97637],[-121.58381,47.97635],[-121.58361,47.97633],[-121.5833,47.97631],[-121.58316,47.97627],[-121.58298,47.97622],[-121.5827,47.97614],[-121.58245,47.97602],[-121.58229,47.97593],[-121.58211,47.97583],[-121.58187,47.97571],[-121.58152,47.97547],[-121.5814,47.97538],[-121.5813,47.97529],[-121.58119,47.97516],[-121.58113,47.97506],[-121.58104,47.97498],[-121.58094,47.97494],[-121.58087,47.97492],[-121.58071,47.97492],[-121.58056,47.97493],[-121.58057,47.9791],[-121.58062,47.97961],[-121.58046,47.98639],[-121.59128,47.98649],[-121.59115,47.99373],[-121.59254,47.99372],[-121.59246,47.99387],[-121.59234,47.99412],[-121.59226,47.99434],[-121.59223,47.99455],[-121.5922,47.99459],[-121.59214,47.99467],[-121.59212,47.99474],[-121.59212,47.99482],[-121.59214,47.99492],[-121.59218,47.99504],[-121.5922,47.99519],[-121.59224,47.99533],[-121.59231,47.99551],[-121.59235,47.9957],[-121.59239,47.99586],[-121.5924,47.99599],[-121.59241,47.99611],[-121.59244,47.99627],[-121.5923,47.99704],[-121.59226,47.9973],[-121.58597,47.99733],[-121.58597,47.99762],[-121.58594,47.99797],[-121.5859,47.99875],[-121.58586,47.99927],[-121.58577,47.99956],[-121.58571,47.99991],[-121.58574,48.00014],[-121.58573,48.00019],[-121.58562,48.00033],[-121.58553,48.0005],[-121.58549,48.00053],[-121.58532,48.00063],[-121.58516,48.00071],[-121.58495,48.0008],[-121.58482,48.00084],[-121.5848,48.00087],[-121.58479,48.00103],[-121.58472,48.00163],[-121.58483,48.00242],[-121.58483,48.00266],[-121.58482,48.00288],[-121.58481,48.00291],[-121.58472,48.00309],[-121.58448,48.00352],[-121.58446,48.00355],[-121.58438,48.00361],[-121.58427,48.00379],[-121.58396,48.00439],[-121.58364,48.00516],[-121.58302,48.00615],[-121.5825,48.00691],[-121.58211,48.00756],[-121.58196,48.00778],[-121.58195,48.00782],[-121.58197,48.00785],[-121.58161,48.00791],[-121.58163,48.00795],[-121.58173,48.00806],[-121.58187,48.00817],[-121.58206,48.00829],[-121.58229,48.00841],[-121.58254,48.0084],[-121.58277,48.00837],[-121.58294,48.00834],[-121.58276,48.00853],[-121.58264,48.00865],[-121.58246,48.00893],[-121.58233,48.00913],[-121.58221,48.00928],[-121.5821,48.0095],[-121.58183,48.00959],[-121.58168,48.00967],[-121.5815,48.00982],[-121.58137,48.01001],[-121.58125,48.01037],[-121.58121,48.01053],[-121.58118,48.01075],[-121.58116,48.01112],[-121.58105,48.01144],[-121.58101,48.01157],[-121.58095,48.01174],[-121.58087,48.01198],[-121.58078,48.01232],[-121.58079,48.0127],[-121.58057,48.01307],[-121.58048,48.01324],[-121.58045,48.01327],[-121.58072,48.01355],[-121.58081,48.01363],[-121.58086,48.01366],[-121.58099,48.01369],[-121.58137,48.01376],[-121.58163,48.0138],[-121.58204,48.01382],[-121.5824,48.01379],[-121.58291,48.01376],[-121.58314,48.01377],[-121.58352,48.01379],[-121.58406,48.0138],[-121.5844,48.01386],[-121.58498,48.01392],[-121.58524,48.01399],[-121.58534,48.01397],[-121.58544,48.01388],[-121.58556,48.01382],[-121.58553,48.01163],[-121.58553,48.00958],[-121.58819,48.008],[-121.59394,48.00808],[-121.59382,48.00788],[-121.5938,48.00768],[-121.59384,48.00752],[-121.59389,48.00742],[-121.59396,48.00731],[-121.5941,48.00721],[-121.59424,48.00717],[-121.59441,48.00715],[-121.59465,48.00715],[-121.59482,48.00715],[-121.59511,48.00707],[-121.59519,48.00701],[-121.59527,48.00695],[-121.59533,48.00682],[-121.59538,48.00663],[-121.59546,48.00627],[-121.5955,48.00609],[-121.59553,48.00586],[-121.59565,48.00561],[-121.59579,48.00544],[-121.59593,48.00532],[-121.5969,48.00415],[-121.59745,48.00341],[-121.59762,48.00318],[-121.59762,48.00307],[-121.59761,48.0028],[-121.59762,48.0026],[-121.59769,48.00244],[-121.59768,48.00218],[-121.59768,48.00204],[-121.59765,48.00178],[-121.59761,48.00166],[-121.59759,48.00152],[-121.59755,48.00134],[-121.59774,48.00088],[-121.59781,48.00053],[-121.59801,48.00029],[-121.59814,48.00021],[-121.59827,48.00009],[-121.59847,47.99993],[-121.59863,47.99986],[-121.59879,47.9998],[-121.5989,47.9998],[-121.59899,47.99983],[-121.59908,47.99991],[-121.59911,47.99999],[-121.5991,48.00009],[-121.59902,48.0002],[-121.59893,48.00043],[-121.59878,48.00071],[-121.59877,48.00093],[-121.5988,48.00115],[-121.59894,48.00133],[-121.59913,48.00162],[-121.59939,48.00187],[-121.59947,48.00198],[-121.59956,48.00196],[-121.59962,48.00192],[-121.6002,48.00152],[-121.601,48.0009],[-121.60157,48.00056],[-121.60195,48.00029],[-121.60206,48.00013],[-121.60217,47.99998],[-121.60236,47.99958],[-121.60265,47.99897],[-121.60301,47.99852],[-121.60322,47.99837],[-121.60343,47.99836],[-121.60422,47.99833],[-121.6048,47.9983],[-121.60496,47.99826],[-121.60505,47.99821],[-121.6051,47.99814],[-121.60512,47.99809],[-121.60508,47.998],[-121.605,47.99794],[-121.60482,47.99785],[-121.60471,47.9978],[-121.60459,47.99769],[-121.60447,47.9975],[-121.60441,47.99732],[-121.60442,47.99712],[-121.60449,47.99689],[-121.60387,47.99669],[-121.60335,47.99649],[-121.60298,47.99632],[-121.60318,47.99586],[-121.60317,47.99559],[-121.60327,47.99524],[-121.60342,47.99506],[-121.60347,47.99489],[-121.60357,47.99482],[-121.60357,47.99461],[-121.60382,47.9944],[-121.60417,47.99398],[-121.60437,47.9937],[-121.60441,47.99322],[-121.60771,47.9901],[-121.60306,47.99007],[-121.60285,47.99008],[-121.60265,47.99042],[-121.60255,47.99046],[-121.60239,47.99046],[-121.60229,47.99046],[-121.60229,47.99032],[-121.60223,47.99022],[-121.60223,47.99015],[-121.60228,47.99008],[-121.60218,47.9901],[-121.60216,47.98644],[-121.60438,47.98649],[-121.60448,47.98638],[-121.60473,47.98607],[-121.60498,47.98579],[-121.60513,47.98558],[-121.60518,47.98555],[-121.60513,47.98534],[-121.60528,47.98513],[-121.60553,47.98492],[-121.60579,47.98467],[-121.60584,47.98464],[-121.60584,47.9846],[-121.60558,47.98447],[-121.60516,47.98416],[-121.60479,47.98389],[-121.60468,47.98382],[-121.60468,47.98378],[-121.60478,47.98368],[-121.60489,47.98364],[-121.60504,47.98368],[-121.60556,47.9837],[-121.60597,47.98374],[-121.60618,47.98373],[-121.60696,47.98383],[-121.60732,47.98386],[-121.60763,47.98396],[-121.60761,47.98289],[-121.62414,47.98298],[-121.64577,47.98301],[-121.64583,47.98122],[-121.65127,47.98116],[-121.65134,47.97944],[-121.65675,47.97945],[-121.66225,47.9793],[-121.66225,47.98105],[-121.66768,47.98102],[-121.67858,47.9813],[-121.67857,47.98299],[-121.68946,47.9832],[-121.68949,47.97955],[-121.68957,47.9759],[-121.68958,47.97225],[-121.68955,47.9686]]]},"properties":{"OBJECTID":3636,"NAME":"Snohomish County PUD Watershed","OWNER":"County Government","MANAGER":"County","MANAGEMENT_TYPE":"Watershed","GLOBALID":"{53919EDB-DAA3-4E32-AE92-72BB5A588852}"}},{"type":"Feature","id":3637,"geometry":{"type":"Polygon","coordinates":[[[-121.51579,48.00842],[-121.51583,48.00486],[-121.49994,48.00472],[-121.49985,48.00841],[-121.50239,48.00841],[-121.50227,48.01194],[-121.50759,48.01198],[-121.50762,48.01015],[-121.51305,48.01023],[-121.51291,48.00842],[-121.51579,48.00842]]]},"properties":{"OBJECTID":3637,"NAME":"Mount Baker Snoqualmie National Forest","OWNER":"Federal Government","MANAGER":"US Forest Service","MANAGEMENT_TYPE":"Non-Designated Forest","GLOBALID":"{B3F493D6-FF70-4A61-8BBC-F705BEF7B87A}"}},{"type":"Feature","id":3638,"geometry":{"type":"Polygon","coordinates":[[[-121.49166,47.96838],[-121.48953,47.96839],[-121.48949,47.97198],[-121.49487,47.972],[-121.49483,47.97561],[-121.49478,47.97923],[-121.49711,47.97926],[-121.50008,47.9793],[-121.50207,47.97933],[-121.50192,47.97918],[-121.50161,47.97895],[-121.50129,47.97874],[-121.50104,47.97851],[-121.50093,47.97835],[-121.50056,47.9781],[-121.5001,47.97781],[-121.49957,47.97753],[-121.49931,47.97743],[-121.4988,47.97718],[-121.49848,47.97693],[-121.49808,47.97649],[-121.49766,47.97597],[-121.49756,47.97543],[-121.49756,47.97541],[-121.49755,47.97508],[-121.49735,47.97484],[-121.49708,47.97455],[-121.49685,47.97433],[-121.49671,47.97411],[-121.49638,47.97383],[-121.49598,47.97341],[-121.49564,47.97294],[-121.49531,47.97247],[-121.49516,47.97227],[-121.49485,47.97186],[-121.49465,47.97173],[-121.49439,47.97156],[-121.49416,47.97127],[-121.49372,47.97094],[-121.49329,47.97051],[-121.4928,47.97005],[-121.49243,47.96968],[-121.49228,47.96947],[-121.49227,47.9693],[-121.49227,47.96928],[-121.49236,47.96905],[-121.49226,47.96884],[-121.49225,47.96883],[-121.49194,47.96876],[-121.49181,47.96863],[-121.49166,47.96838]]]},"properties":{"OBJECTID":3638,"NAME":" ","OWNER":"Federal Government","MANAGER":"US Forest Service","MANAGEMENT_TYPE":"Non-Designated Forest","GLOBALID":"{98FD8C36-10AB-48E2-A1C9-9E31C55AA3EB}"}},{"type":"Feature","id":3639,"geometry":{"type":"Polygon","coordinates":[[[-121.53173,47.95051],[-121.53175,47.94305],[-121.52635,47.94302],[-121.52633,47.94664],[-121.52116,47.94669],[-121.52119,47.95046],[-121.53173,47.95051]]]},"properties":{"OBJECTID":3639,"NAME":"Mount Baker-Snoqualmie National Forest","OWNER":"Federal Government","MANAGER":"US Forest Service","MANAGEMENT_TYPE":"Non-Designated Forest","GLOBALID":"{187DD8DF-39C3-4E85-8975-C51ABBD09EED}"}},{"type":"Feature","id":3640,"geometry":{"type":"Polygon","coordinates":[[[-121.59083,47.91852],[-121.60436,47.91857],[-121.60436,47.91495],[-121.59084,47.91484],[-121.59084,47.91486],[-121.59083,47.91852]]]},"properties":{"OBJECTID":3640,"NAME":" ","OWNER":"Federal Government","MANAGER":"US Forest Service","MANAGEMENT_TYPE":"Non-Designated Forest","GLOBALID":"{8AC9FDD4-6E35-49E4-8738-67DF7F68BBED}"}},{"type":"Feature","id":3641,"geometry":{"type":"Polygon","coordinates":[[[-121.46371,47.76404],[-121.46383,47.77128],[-121.47499,47.77107],[-121.4752,47.76384],[-121.46371,47.76404]]]},"properties":{"OBJECTID":3641,"NAME":"Mount Baker-Snoqualmie National Forest","OWNER":"Federal Government","MANAGER":"US Forest Service","MANAGEMENT_TYPE":"Non-Designated Forest","GLOBALID":"{49CBC4DE-C369-4830-8AC2-6855B107F59D}"}},{"type":"Feature","id":3642,"geometry":{"type":"Polygon","coordinates":[[[-121.36735,47.77192],[-121.36722,47.76568],[-121.35807,47.76565],[-121.36735,47.77192]]]},"properties":{"OBJECTID":3642,"NAME":" ","OWNER":"Federal Government","MANAGER":"US Forest Service","MANAGEMENT_TYPE":"Non-Designated Forest","GLOBALID":"{553A57E2-6DC8-4E0A-B909-73953FF410AC}"}},{"type":"Feature","id":3643,"geometry":{"type":"Polygon","coordinates":[[[-121.49835,47.85462],[-121.49818,47.85474],[-121.49744,47.85499],[-121.49679,47.85519],[-121.49658,47.85529],[-121.49626,47.85536],[-121.49597,47.85545],[-121.49576,47.85563],[-121.49542,47.85588],[-121.49515,47.85601],[-121.49832,47.85603],[-121.49835,47.85462]]]},"properties":{"OBJECTID":3643,"NAME":" ","OWNER":"Federal Government","MANAGER":"US Forest Service","MANAGEMENT_TYPE":"Non-Designated Forest","GLOBALID":"{B0CD1F31-F78F-4E04-A980-95B8E75D55ED}"}},{"type":"Feature","id":3644,"geometry":{"type":"Polygon","coordinates":[[[-121.6568,47.8373],[-121.65633,47.83713],[-121.65623,47.83709],[-121.65545,47.83679],[-121.65518,47.83668],[-121.65501,47.83662],[-121.65488,47.83657],[-121.65482,47.83655],[-121.65445,47.83642],[-121.65401,47.83627],[-121.65386,47.83622],[-121.65391,47.83963],[-121.6553,47.83944],[-121.65706,47.83884],[-121.6576,47.8385],[-121.65835,47.83784],[-121.65811,47.83776],[-121.65699,47.83737],[-121.6568,47.8373]]]},"properties":{"OBJECTID":3644,"NAME":" ","OWNER":"County Government","MANAGER":"County","MANAGEMENT_TYPE":"Park","GLOBALID":"{10449225-452F-4339-B1B6-EBDD2B4E16EC}"}},{"type":"Feature","id":3645,"geometry":{"type":"Polygon","coordinates":[[[-121.71317,47.77712],[-121.69238,47.77723],[-121.69123,47.77724],[-121.67078,47.77725],[-121.67055,47.78437],[-121.676,47.78439],[-121.67583,47.79153],[-121.69234,47.79165],[-121.69207,47.80581],[-121.68663,47.80581],[-121.68654,47.80958],[-121.69201,47.8096],[-121.70249,47.80957],[-121.70247,47.81331],[-121.713,47.81323],[-121.71294,47.80586],[-121.71306,47.79162],[-121.71317,47.77712]]]},"properties":{"OBJECTID":3645,"NAME":" ","OWNER":"Federal Government","MANAGER":"US Forest Service","MANAGEMENT_TYPE":"Non-Designated Forest","GLOBALID":"{03BA5670-1345-4B7B-9539-8523550A4A6A}"}},{"type":"Feature","id":3646,"geometry":{"type":"Polygon","coordinates":[[[-121.67016,47.82073],[-121.65971,47.82071],[-121.64898,47.82026],[-121.64366,47.82034],[-121.64363,47.82431],[-121.64898,47.82434],[-121.64898,47.82238],[-121.65441,47.8224],[-121.65441,47.82422],[-121.65968,47.82422],[-121.6597,47.82793],[-121.66497,47.82783],[-121.67024,47.82774],[-121.6702,47.82424],[-121.67016,47.82073]]]},"properties":{"OBJECTID":3646,"NAME":" ","OWNER":"Federal Government","MANAGER":"US Forest Service","MANAGEMENT_TYPE":"Non-Designated Forest","GLOBALID":"{FF987840-5E42-46B3-AF4E-2678131382A2}"}},{"type":"Feature","id":3647,"geometry":{"type":"Polygon","coordinates":[[[-121.64995,47.77713],[-121.659,47.77717],[-121.66437,47.7772],[-121.66439,47.77354],[-121.6644,47.76992],[-121.65903,47.76978],[-121.65901,47.77339],[-121.64826,47.77309],[-121.64827,47.77712],[-121.64995,47.77713]]]},"properties":{"OBJECTID":3647,"NAME":"Tolt River Watershed","OWNER":"City or Municipal Government","MANAGER":"City or Municipality","MANAGEMENT_TYPE":"Watershed","GLOBALID":"{E7A0BF7A-080A-4AAC-8675-DA1D9EA79420}"}},{"type":"Feature","id":3648,"geometry":{"type":"Polygon","coordinates":[[[-121.43549,47.95116],[-121.43613,47.95208],[-121.43658,47.95187],[-121.43703,47.95149],[-121.43789,47.95136],[-121.43891,47.95108],[-121.43971,47.95066],[-121.4403,47.95024],[-121.44074,47.94953],[-121.44075,47.94951],[-121.44084,47.9488],[-121.44151,47.9478],[-121.44161,47.94698],[-121.44161,47.94697],[-121.44149,47.94621],[-121.44149,47.94619],[-121.44136,47.94568],[-121.44136,47.94566],[-121.44117,47.94486],[-121.44117,47.94484],[-121.44119,47.94423],[-121.44119,47.94421],[-121.44114,47.94322],[-121.44114,47.9432],[-121.4412,47.94228],[-121.4412,47.94226],[-121.44141,47.94153],[-121.44141,47.94151],[-121.4415,47.94086],[-121.4415,47.94084],[-121.44153,47.93989],[-121.44153,47.93987],[-121.44162,47.93931],[-121.44162,47.9393],[-121.44143,47.93863],[-121.44172,47.93811],[-121.44173,47.93809],[-121.44188,47.93763],[-121.44188,47.93761],[-121.4419,47.9371],[-121.4419,47.93708],[-121.44191,47.93657],[-121.44191,47.93655],[-121.44193,47.93599],[-121.44193,47.93597],[-121.44175,47.93488],[-121.44175,47.93486],[-121.44168,47.93456],[-121.43897,47.9339],[-121.43907,47.9345],[-121.43907,47.93451],[-121.43907,47.93474],[-121.43907,47.93476],[-121.43899,47.93486],[-121.4388,47.93496],[-121.43865,47.93505],[-121.4384,47.9352],[-121.43815,47.93542],[-121.43797,47.93549],[-121.43793,47.93554],[-121.43789,47.93559],[-121.43781,47.93571],[-121.43777,47.93586],[-121.43777,47.93588],[-121.4378,47.93604],[-121.4378,47.93606],[-121.43782,47.93622],[-121.43783,47.93624],[-121.43789,47.93643],[-121.4379,47.93645],[-121.43791,47.93647],[-121.43792,47.93649],[-121.43793,47.93655],[-121.43803,47.93669],[-121.43812,47.93674],[-121.43836,47.93687],[-121.43852,47.93698],[-121.43858,47.93708],[-121.43859,47.9371],[-121.43865,47.93731],[-121.43866,47.93733],[-121.43867,47.93762],[-121.43866,47.93764],[-121.43865,47.93771],[-121.43865,47.93772],[-121.43861,47.93787],[-121.4386,47.93788],[-121.43847,47.93812],[-121.43844,47.93819],[-121.43832,47.93836],[-121.438,47.93871],[-121.43764,47.93904],[-121.43754,47.93917],[-121.43748,47.93932],[-121.43748,47.93933],[-121.43747,47.93958],[-121.43747,47.93959],[-121.43748,47.93962],[-121.43748,47.93964],[-121.43747,47.93967],[-121.43747,47.93969],[-121.43753,47.93997],[-121.43753,47.93998],[-121.43751,47.94013],[-121.43751,47.94015],[-121.43749,47.94028],[-121.43749,47.9403],[-121.43754,47.94049],[-121.43754,47.94051],[-121.43758,47.94069],[-121.43759,47.94071],[-121.4376,47.94074],[-121.4376,47.94075],[-121.43765,47.94102],[-121.43765,47.94104],[-121.43763,47.94117],[-121.43762,47.94119],[-121.4376,47.94125],[-121.43759,47.94126],[-121.43755,47.94141],[-121.43754,47.94143],[-121.43722,47.94234],[-121.43722,47.94235],[-121.43943,47.94294],[-121.43817,47.94355],[-121.43695,47.94324],[-121.43686,47.94329],[-121.43668,47.94344],[-121.4366,47.94364],[-121.4366,47.94366],[-121.43659,47.94373],[-121.43659,47.94375],[-121.43653,47.94391],[-121.43637,47.94415],[-121.43632,47.94426],[-121.43631,47.94428],[-121.43625,47.94442],[-121.43624,47.94444],[-121.43624,47.94459],[-121.43624,47.94461],[-121.43623,47.94505],[-121.43623,47.94507],[-121.43621,47.94513],[-121.43621,47.94515],[-121.4362,47.94527],[-121.4362,47.94529],[-121.43612,47.94552],[-121.43612,47.94553],[-121.4361,47.94576],[-121.4361,47.94578],[-121.43607,47.94605],[-121.43607,47.94606],[-121.43603,47.94622],[-121.43602,47.94623],[-121.436,47.94641],[-121.436,47.94643],[-121.43598,47.94648],[-121.43598,47.94649],[-121.43597,47.94663],[-121.43596,47.94665],[-121.43592,47.94678],[-121.43516,47.94722],[-121.43531,47.94746],[-121.42543,47.94356],[-121.41506,47.94783],[-121.41504,47.94784],[-121.42161,47.95035],[-121.42165,47.95035],[-121.43422,47.95029],[-121.43436,47.95029],[-121.43575,47.95028],[-121.43704,47.95028],[-121.43549,47.95116]]]},"properties":{"OBJECTID":3648,"NAME":" ","OWNER":"Federal Government","MANAGER":"US Forest Service","MANAGEMENT_TYPE":"Non-Designated Forest","GLOBALID":"{4D2D91AB-940F-435F-B09F-9542102DEEC9}"}},{"type":"Feature","id":3649,"geometry":{"type":"Polygon","coordinates":[[[-121.43935,47.93046],[-121.43918,47.93081],[-121.43918,47.93083],[-121.43914,47.93092],[-121.4391,47.93099],[-121.43906,47.9311],[-121.43905,47.93111],[-121.43902,47.93118],[-121.43902,47.9312],[-121.43894,47.93138],[-121.43894,47.9314],[-121.4389,47.93152],[-121.43889,47.93153],[-121.43888,47.93163],[-121.43888,47.93165],[-121.43885,47.93175],[-121.43885,47.93177],[-121.43884,47.9319],[-121.43883,47.93191],[-121.4388,47.932],[-121.4388,47.93202],[-121.43882,47.93234],[-121.43882,47.93235],[-121.43883,47.9326],[-121.43991,47.9306],[-121.43935,47.93046]]]},"properties":{"OBJECTID":3649,"NAME":" ","OWNER":"Federal Government","MANAGER":"US Forest Service","MANAGEMENT_TYPE":"Non-Designated Forest","GLOBALID":"{927502E5-6206-47DE-B905-A999E1234E9F}"}},{"type":"Feature","id":3650,"geometry":{"type":"Polygon","coordinates":[[[-121.43938,47.92892],[-121.4394,47.92895],[-121.44,47.92911],[-121.44036,47.92843],[-121.44258,47.92869],[-121.44258,47.92868],[-121.44265,47.92829],[-121.44265,47.92828],[-121.4427,47.92788],[-121.44005,47.92841],[-121.43963,47.92705],[-121.44002,47.92696],[-121.43979,47.92616],[-121.44224,47.92578],[-121.44224,47.92576],[-121.44223,47.92536],[-121.44223,47.92534],[-121.44233,47.92494],[-121.44233,47.92492],[-121.44245,47.92439],[-121.44245,47.92438],[-121.44242,47.92385],[-121.44242,47.92383],[-121.44235,47.92339],[-121.4396,47.92383],[-121.43973,47.92393],[-121.43981,47.92403],[-121.43985,47.92414],[-121.43986,47.92415],[-121.43987,47.92438],[-121.43987,47.92439],[-121.43982,47.92452],[-121.43979,47.92456],[-121.43952,47.9248],[-121.43947,47.92491],[-121.43954,47.92516],[-121.43954,47.92517],[-121.43953,47.92536],[-121.43941,47.92547],[-121.43903,47.92574],[-121.43902,47.92576],[-121.43902,47.92583],[-121.43902,47.92585],[-121.43904,47.92588],[-121.43904,47.92589],[-121.43907,47.92613],[-121.43908,47.92615],[-121.43913,47.92637],[-121.43913,47.92638],[-121.43932,47.92722],[-121.43932,47.92724],[-121.43935,47.92749],[-121.43935,47.92751],[-121.43937,47.92756],[-121.43937,47.92757],[-121.43937,47.9279],[-121.43937,47.92791],[-121.43935,47.92804],[-121.43934,47.92806],[-121.43927,47.92832],[-121.43927,47.92834],[-121.43927,47.92844],[-121.43927,47.92846],[-121.43927,47.92867],[-121.43927,47.92869],[-121.43931,47.9288],[-121.43931,47.92881],[-121.43937,47.92891],[-121.43938,47.92892]]]},"properties":{"OBJECTID":3650,"NAME":" ","OWNER":"Federal Government","MANAGER":"US Forest Service","MANAGEMENT_TYPE":"Non-Designated Forest","GLOBALID":"{7EE4EAF6-CB56-481D-B265-46160185B3BE}"}},{"type":"Feature","id":4033,"geometry":{"type":"MultiPolygon","coordinates":[[[[-121.66867,47.89296],[-121.66947,47.89411],[-121.66945,47.89539],[-121.6696,47.89543],[-121.66984,47.89554],[-121.67006,47.89575],[-121.67008,47.89577],[-121.67011,47.89578],[-121.67014,47.8958],[-121.67017,47.89581],[-121.6702,47.89581],[-121.67024,47.89581],[-121.67027,47.89581],[-121.67031,47.8958],[-121.67034,47.89579],[-121.67037,47.89578],[-121.6704,47.89577],[-121.67042,47.89575],[-121.67044,47.89573],[-121.67045,47.8957],[-121.67045,47.89568],[-121.67051,47.8952],[-121.67057,47.89486],[-121.67065,47.89467],[-121.67069,47.89455],[-121.67071,47.89445],[-121.6703,47.89357],[-121.67005,47.89302],[-121.67002,47.89294],[-121.66999,47.89286],[-121.67005,47.89262],[-121.6702,47.89251],[-121.66995,47.89232],[-121.6695,47.89225],[-121.66952,47.89181],[-121.66959,47.88934],[-121.66969,47.88573],[-121.66695,47.88575],[-121.66698,47.88396],[-121.66425,47.88398],[-121.66437,47.87921],[-121.66438,47.87857],[-121.66072,47.87858],[-121.66077,47.87498],[-121.66735,47.87499],[-121.66776,47.87499],[-121.6698,47.87499],[-121.67246,47.87496],[-121.67245,47.87585],[-121.67511,47.87582],[-121.67777,47.87579],[-121.67778,47.87491],[-121.68044,47.87488],[-121.68046,47.87267],[-121.68046,47.8718],[-121.68051,47.87177],[-121.68046,47.87173],[-121.68046,47.87135],[-121.68046,47.8713],[-121.68047,47.86805],[-121.68043,47.86804],[-121.68031,47.86773],[-121.68031,47.86769],[-121.68031,47.86761],[-121.68032,47.86754],[-121.68034,47.86747],[-121.68037,47.86739],[-121.6804,47.86732],[-121.68043,47.86725],[-121.68048,47.86718],[-121.68048,47.86585],[-121.68008,47.86582],[-121.68004,47.86572],[-121.67998,47.86576],[-121.68004,47.86606],[-121.67924,47.86609],[-121.67923,47.8666],[-121.67802,47.86644],[-121.67759,47.86694],[-121.67589,47.86628],[-121.67571,47.86631],[-121.67529,47.86637],[-121.67515,47.86637],[-121.67493,47.86638],[-121.67393,47.86604],[-121.67338,47.86568],[-121.67299,47.86557],[-121.67249,47.86557],[-121.67249,47.8654],[-121.67249,47.86505],[-121.6704,47.86424],[-121.67036,47.86432],[-121.67035,47.86436],[-121.67034,47.8644],[-121.67031,47.86444],[-121.67028,47.86447],[-121.67025,47.86451],[-121.67022,47.86454],[-121.67018,47.86458],[-121.67015,47.86461],[-121.67011,47.86464],[-121.67007,47.86467],[-121.67003,47.86471],[-121.66998,47.86477],[-121.66996,47.86479],[-121.66994,47.86483],[-121.66993,47.86487],[-121.66993,47.86491],[-121.66994,47.86495],[-121.66995,47.86499],[-121.66998,47.86503],[-121.67001,47.86507],[-121.67009,47.86517],[-121.67013,47.8653],[-121.6702,47.86543],[-121.67034,47.86561],[-121.67068,47.86596],[-121.67106,47.86643],[-121.67114,47.86659],[-121.67138,47.86705],[-121.67138,47.86722],[-121.67138,47.86726],[-121.67135,47.86729],[-121.67121,47.86745],[-121.67117,47.86756],[-121.6712,47.86768],[-121.67121,47.86771],[-121.67123,47.86773],[-121.67147,47.86797],[-121.6716,47.86815],[-121.67162,47.86827],[-121.67163,47.86843],[-121.6716,47.86857],[-121.6715,47.86875],[-121.67142,47.86883],[-121.67137,47.8689],[-121.67117,47.86913],[-121.67093,47.86938],[-121.67086,47.86947],[-121.6706,47.86974],[-121.67046,47.86988],[-121.67019,47.87006],[-121.66995,47.87019],[-121.66981,47.8703],[-121.66981,47.8702],[-121.66981,47.87009],[-121.67005,47.86996],[-121.6703,47.86979],[-121.67043,47.86967],[-121.67068,47.8694],[-121.67075,47.86931],[-121.671,47.86906],[-121.67119,47.86884],[-121.67124,47.86877],[-121.67131,47.86869],[-121.6714,47.86853],[-121.67143,47.86842],[-121.67142,47.86828],[-121.6714,47.86819],[-121.67129,47.86804],[-121.67104,47.86779],[-121.67103,47.86776],[-121.67101,47.86774],[-121.671,47.86772],[-121.67096,47.86755],[-121.67101,47.8674],[-121.67118,47.86722],[-121.67118,47.86708],[-121.67094,47.86663],[-121.67087,47.86649],[-121.6705,47.86603],[-121.67017,47.86568],[-121.67001,47.86549],[-121.66994,47.86534],[-121.66989,47.86522],[-121.66982,47.86513],[-121.66983,47.86471],[-121.66985,47.86464],[-121.66988,47.86461],[-121.66992,47.86458],[-121.66996,47.86454],[-121.67,47.86451],[-121.67004,47.86448],[-121.67007,47.86445],[-121.6701,47.86441],[-121.67013,47.86437],[-121.67015,47.86434],[-121.67016,47.8643],[-121.67017,47.86426],[-121.6702,47.86421],[-121.67022,47.86417],[-121.67013,47.86413],[-121.6701,47.86413],[-121.66983,47.86414],[-121.66945,47.86414],[-121.66944,47.86455],[-121.66942,47.86591],[-121.66982,47.86592],[-121.66982,47.86595],[-121.66982,47.86778],[-121.66982,47.8695],[-121.65907,47.87064],[-121.65909,47.86862],[-121.64819,47.87032],[-121.6482,47.87012],[-121.64764,47.86968],[-121.64581,47.87076],[-121.64817,47.87254],[-121.64818,47.87265],[-121.64629,47.87265],[-121.6429,47.87676],[-121.64289,47.8786],[-121.6482,47.87864],[-121.65496,47.87861],[-121.65897,47.87859],[-121.65872,47.88583],[-121.66146,47.8858],[-121.66415,47.88761],[-121.66496,47.8876],[-121.66867,47.89296]],[[-121.67747,47.86707],[-121.67741,47.86715],[-121.67874,47.86768],[-121.67515,47.86771],[-121.67515,47.86765],[-121.67249,47.86669],[-121.67249,47.8656],[-121.67324,47.86582],[-121.67379,47.86617],[-121.67487,47.86654],[-121.67533,47.86654],[-121.67585,47.86645],[-121.67747,47.86707]]],[[[-121.68032,47.91405],[-121.68199,47.91545],[-121.68298,47.918],[-121.68554,47.91885],[-121.68612,47.91954],[-121.6886,47.92197],[-121.68863,47.92198],[-121.69067,47.92199],[-121.69068,47.91835],[-121.69069,47.91471],[-121.69075,47.91107],[-121.6908,47.90742],[-121.68539,47.90741],[-121.6824,47.9074],[-121.68102,47.90381],[-121.68032,47.90198],[-121.68008,47.90199],[-121.68011,47.9002],[-121.67614,47.9002],[-121.67614,47.90014],[-121.67622,47.89915],[-121.67677,47.89798],[-121.67659,47.8975],[-121.67583,47.89709],[-121.67522,47.89676],[-121.67481,47.89658],[-121.67519,47.8958],[-121.67482,47.89559],[-121.67401,47.89513],[-121.67274,47.8948],[-121.67141,47.89386],[-121.67073,47.89294],[-121.67065,47.89285],[-121.67037,47.89263],[-121.67028,47.8927],[-121.67024,47.89285],[-121.67027,47.89294],[-121.67028,47.89297],[-121.67096,47.89443],[-121.67093,47.89458],[-121.67088,47.89471],[-121.67081,47.8949],[-121.67075,47.89522],[-121.6707,47.89569],[-121.67069,47.89573],[-121.67068,47.89576],[-121.67066,47.8958],[-121.67063,47.89583],[-121.6706,47.89586],[-121.67056,47.89589],[-121.67052,47.89591],[-121.67048,47.89593],[-121.67043,47.89595],[-121.67038,47.89596],[-121.67033,47.89597],[-121.67028,47.89598],[-121.67022,47.89598],[-121.67017,47.89597],[-121.67012,47.89597],[-121.67006,47.89596],[-121.67001,47.89594],[-121.66997,47.89592],[-121.66993,47.8959],[-121.66989,47.89587],[-121.66986,47.89584],[-121.66967,47.89566],[-121.66948,47.89557],[-121.66945,47.89556],[-121.66943,47.89658],[-121.66938,47.90022],[-121.66929,47.90387],[-121.66928,47.90419],[-121.66915,47.90751],[-121.66934,47.90751],[-121.66943,47.90754],[-121.66954,47.90772],[-121.66967,47.90784],[-121.6698,47.90794],[-121.66999,47.908],[-121.67011,47.90808],[-121.67018,47.90809],[-121.67027,47.90809],[-121.67038,47.90808],[-121.67051,47.90804],[-121.67069,47.908],[-121.67082,47.9079],[-121.67106,47.90789],[-121.67125,47.9079],[-121.67135,47.90795],[-121.67147,47.90798],[-121.67156,47.90803],[-121.67162,47.90806],[-121.67165,47.90807],[-121.67173,47.90807],[-121.67186,47.90803],[-121.67207,47.90798],[-121.67225,47.90798],[-121.67238,47.90801],[-121.67254,47.90807],[-121.67263,47.90817],[-121.67277,47.90838],[-121.6782,47.90832],[-121.68032,47.91405]]]]},"properties":{"OBJECTID":4033,"NAME":"Wallace Falls State Park","OWNER":"State Government","MANAGER":"WA State Parks and Recreation Commission","MANAGEMENT_TYPE":"Park","GLOBALID":"{39AF3598-B28A-4976-9C90-87A12D2175B1}"}},{"type":"Feature","id":4034,"geometry":{"type":"Polygon","coordinates":[[[-121.62694,47.83979],[-121.63166,47.84036],[-121.63162,47.8405],[-121.6321,47.84055],[-121.63231,47.84058],[-121.63232,47.84047],[-121.63162,47.8403],[-121.63152,47.84026],[-121.63142,47.84022],[-121.63078,47.83998],[-121.63008,47.83973],[-121.63004,47.83971],[-121.62996,47.83967],[-121.6299,47.83959],[-121.62987,47.83954],[-121.62977,47.8394],[-121.62953,47.83916],[-121.62919,47.83896],[-121.62849,47.83865],[-121.62842,47.83861],[-121.62734,47.83825],[-121.62699,47.83813],[-121.627,47.83816],[-121.62698,47.83864],[-121.62696,47.83916],[-121.62696,47.8393],[-121.62695,47.83944],[-121.62694,47.83979]]]},"properties":{"OBJECTID":4034,"NAME":"Forks of the Sky State Park","OWNER":"State Government","MANAGER":"WA State Parks and Recreation Commission","MANAGEMENT_TYPE":"Park","GLOBALID":"{97E13AF5-B73F-4357-939D-10081F2615AD}"}},{"type":"Feature","id":4035,"geometry":{"type":"Polygon","coordinates":[[[-121.61308,47.83856],[-121.61326,47.83858],[-121.6134,47.83861],[-121.61363,47.83863],[-121.61406,47.83865],[-121.61476,47.83867],[-121.61626,47.83869],[-121.61628,47.83764],[-121.61606,47.83767],[-121.61588,47.83775],[-121.61558,47.83795],[-121.61532,47.8381],[-121.61508,47.83818],[-121.61485,47.8382],[-121.61476,47.83821],[-121.6143,47.83824],[-121.61391,47.83824],[-121.61365,47.83821],[-121.61303,47.83805],[-121.61242,47.83784],[-121.61196,47.8376],[-121.61169,47.83742],[-121.61141,47.83716],[-121.61122,47.83699],[-121.61113,47.83687],[-121.61112,47.83682],[-121.61108,47.83675],[-121.61102,47.83666],[-121.61104,47.8374],[-121.61136,47.83767],[-121.61148,47.83779],[-121.61159,47.83788],[-121.61172,47.83799],[-121.61189,47.83809],[-121.61202,47.83816],[-121.61221,47.83826],[-121.61235,47.83833],[-121.61248,47.83839],[-121.61261,47.83844],[-121.61279,47.83849],[-121.61291,47.83852],[-121.61308,47.83856]]]},"properties":{"OBJECTID":4035,"NAME":"Forks of the Sky State Park Property","OWNER":"State Government","MANAGER":"WA State Parks and Recreation Commission","MANAGEMENT_TYPE":"Park","GLOBALID":"{A82E6135-2E7B-4925-9003-C7F7E4769222}"}},{"type":"Feature","id":4036,"geometry":{"type":"MultiPolygon","coordinates":[[[[-121.51553,47.83215],[-121.51465,47.83291],[-121.51329,47.83371],[-121.51316,47.83386],[-121.51299,47.83428],[-121.51298,47.83431],[-121.5125,47.83529],[-121.51455,47.83529],[-121.51619,47.83528],[-121.5202,47.83526],[-121.52416,47.83521],[-121.5275,47.83516],[-121.53057,47.83512],[-121.53142,47.83451],[-121.53391,47.83387],[-121.53599,47.83301],[-121.53845,47.83233],[-121.54075,47.83158],[-121.54166,47.83163],[-121.54235,47.83166],[-121.54302,47.83149],[-121.54575,47.83078],[-121.54874,47.83143],[-121.5492,47.83153],[-121.55059,47.83148],[-121.55101,47.83141],[-121.55257,47.83116],[-121.55422,47.83024],[-121.55625,47.83038],[-121.55769,47.83032],[-121.55827,47.8303],[-121.55957,47.82946],[-121.56044,47.82835],[-121.5603,47.82784],[-121.5601,47.82703],[-121.56118,47.82683],[-121.56152,47.82588],[-121.56221,47.82621],[-121.56315,47.82608],[-121.56386,47.82598],[-121.56454,47.82499],[-121.56658,47.82452],[-121.56854,47.82364],[-121.56903,47.82342],[-121.57178,47.82424],[-121.57392,47.82377],[-121.57506,47.82352],[-121.57648,47.82459],[-121.57871,47.82512],[-121.57916,47.82672],[-121.57935,47.82741],[-121.58238,47.82686],[-121.58333,47.8271],[-121.58445,47.828],[-121.5853,47.82867],[-121.58715,47.82872],[-121.58966,47.82778],[-121.58977,47.82752],[-121.59024,47.8265],[-121.59118,47.82489],[-121.59375,47.8241],[-121.59468,47.82381],[-121.59776,47.82266],[-121.59615,47.8223],[-121.59631,47.82145],[-121.59948,47.82085],[-121.60076,47.82131],[-121.60227,47.82186],[-121.60357,47.82269],[-121.60623,47.82373],[-121.60979,47.82495],[-121.61068,47.82749],[-121.61171,47.8275],[-121.61174,47.82726],[-121.61192,47.82513],[-121.61169,47.82415],[-121.61169,47.82413],[-121.61167,47.82403],[-121.61165,47.82402],[-121.61159,47.82398],[-121.61154,47.82394],[-121.61146,47.82389],[-121.61021,47.82335],[-121.60896,47.82287],[-121.60825,47.82262],[-121.60779,47.82245],[-121.60733,47.82227],[-121.60688,47.82209],[-121.60647,47.82192],[-121.60606,47.82174],[-121.60607,47.82161],[-121.60648,47.82179],[-121.60696,47.82199],[-121.60741,47.82217],[-121.60787,47.82235],[-121.60833,47.82252],[-121.60904,47.82277],[-121.61029,47.82325],[-121.61156,47.8238],[-121.61166,47.82387],[-121.61171,47.8239],[-121.61182,47.82398],[-121.61185,47.82413],[-121.61209,47.82512],[-121.6119,47.82725],[-121.61182,47.82763],[-121.61639,47.82767],[-121.61638,47.82761],[-121.61637,47.82754],[-121.61636,47.82747],[-121.61635,47.82741],[-121.61633,47.82734],[-121.61631,47.82727],[-121.61629,47.82721],[-121.61627,47.82714],[-121.61625,47.82707],[-121.61622,47.82701],[-121.61619,47.82694],[-121.61617,47.82688],[-121.61614,47.82681],[-121.6161,47.82675],[-121.61607,47.82668],[-121.61604,47.82662],[-121.616,47.82656],[-121.61596,47.82649],[-121.61592,47.82643],[-121.61588,47.82637],[-121.61584,47.82631],[-121.61579,47.82625],[-121.61574,47.82619],[-121.6157,47.82613],[-121.61565,47.82607],[-121.6156,47.82601],[-121.61554,47.82595],[-121.61549,47.82589],[-121.61543,47.82583],[-121.61538,47.82578],[-121.61532,47.82572],[-121.61526,47.82567],[-121.6152,47.82561],[-121.61514,47.82556],[-121.61507,47.82551],[-121.61444,47.82487],[-121.61457,47.82481],[-121.61437,47.82465],[-121.61425,47.82455],[-121.61412,47.82444],[-121.614,47.82433],[-121.61388,47.82422],[-121.61377,47.82411],[-121.61366,47.824],[-121.61355,47.82388],[-121.61344,47.82376],[-121.61334,47.82365],[-121.61221,47.82237],[-121.61172,47.82268],[-121.61146,47.82285],[-121.61137,47.82277],[-121.61131,47.82273],[-121.61126,47.8227],[-121.6112,47.82266],[-121.61114,47.82262],[-121.61108,47.82258],[-121.61102,47.82255],[-121.61096,47.82251],[-121.6109,47.82247],[-121.61084,47.82244],[-121.61077,47.82241],[-121.61071,47.82237],[-121.61065,47.82234],[-121.61058,47.82231],[-121.61051,47.82228],[-121.61045,47.82225],[-121.61038,47.82222],[-121.61031,47.82219],[-121.61024,47.82216],[-121.61017,47.82214],[-121.6101,47.82211],[-121.61003,47.82209],[-121.60995,47.82206],[-121.60988,47.82204],[-121.60981,47.82202],[-121.60973,47.822],[-121.61007,47.8214],[-121.60937,47.82141],[-121.60931,47.82141],[-121.60926,47.82141],[-121.60921,47.8214],[-121.60916,47.8214],[-121.60911,47.8214],[-121.60906,47.8214],[-121.60901,47.82139],[-121.60896,47.82139],[-121.60891,47.82138],[-121.60886,47.82138],[-121.60881,47.82137],[-121.60876,47.82136],[-121.60871,47.82136],[-121.60867,47.82135],[-121.60862,47.82134],[-121.60857,47.82133],[-121.60852,47.82132],[-121.60847,47.82131],[-121.60842,47.8213],[-121.60838,47.82129],[-121.60833,47.82128],[-121.60828,47.82126],[-121.60824,47.82125],[-121.60819,47.82124],[-121.60815,47.82122],[-121.6081,47.82121],[-121.60805,47.82119],[-121.60801,47.82118],[-121.60797,47.82116],[-121.60792,47.82115],[-121.60788,47.82113],[-121.60784,47.82111],[-121.60779,47.82109],[-121.60775,47.82107],[-121.60771,47.82105],[-121.60767,47.82103],[-121.60763,47.82101],[-121.60759,47.82099],[-121.60755,47.82097],[-121.60751,47.82095],[-121.60747,47.82093],[-121.60744,47.82091],[-121.6074,47.82088],[-121.60736,47.82086],[-121.60733,47.82084],[-121.60729,47.82081],[-121.60726,47.82079],[-121.60701,47.82057],[-121.60653,47.82059],[-121.60654,47.8203],[-121.60628,47.82017],[-121.60615,47.82011],[-121.6059,47.81997],[-121.60565,47.81982],[-121.60553,47.81975],[-121.60528,47.81959],[-121.60458,47.81913],[-121.60451,47.81907],[-121.60443,47.81901],[-121.60427,47.8189],[-121.60411,47.8188],[-121.60385,47.81864],[-121.60358,47.8185],[-121.6034,47.81841],[-121.60321,47.81832],[-121.60301,47.81824],[-121.60282,47.81817],[-121.60261,47.81809],[-121.60241,47.81803],[-121.6021,47.81794],[-121.60188,47.81788],[-121.60167,47.81783],[-121.60145,47.81779],[-121.6012,47.81774],[-121.60101,47.81771],[-121.60078,47.81768],[-121.60056,47.81766],[-121.60033,47.81764],[-121.59999,47.81762],[-121.59976,47.81762],[-121.59953,47.81762],[-121.59919,47.81763],[-121.59896,47.81764],[-121.59874,47.81766],[-121.5984,47.8177],[-121.59818,47.81773],[-121.59798,47.81775],[-121.59756,47.81785],[-121.59713,47.81794],[-121.59578,47.81828],[-121.59449,47.8186],[-121.59439,47.81865],[-121.59428,47.81871],[-121.59417,47.81876],[-121.59405,47.81881],[-121.59394,47.81886],[-121.59382,47.8189],[-121.5937,47.81894],[-121.59357,47.81898],[-121.59345,47.81901],[-121.59332,47.81904],[-121.59319,47.81907],[-121.59306,47.8191],[-121.59293,47.81912],[-121.5928,47.81914],[-121.59267,47.81916],[-121.59253,47.81917],[-121.5924,47.81918],[-121.59226,47.81919],[-121.59213,47.81919],[-121.59199,47.8192],[-121.59186,47.81919],[-121.59172,47.81919],[-121.59159,47.81918],[-121.59145,47.81917],[-121.59132,47.81915],[-121.59119,47.81913],[-121.59106,47.81911],[-121.59093,47.81909],[-121.5908,47.81906],[-121.59067,47.81903],[-121.59054,47.819],[-121.59037,47.81895],[-121.59024,47.8189],[-121.59006,47.81884],[-121.58989,47.81876],[-121.58972,47.81869],[-121.58887,47.81833],[-121.58648,47.81732],[-121.58485,47.81663],[-121.58485,47.81681],[-121.58473,47.81677],[-121.58403,47.81651],[-121.58385,47.81645],[-121.58369,47.81641],[-121.58341,47.81633],[-121.58315,47.81627],[-121.58297,47.81623],[-121.5828,47.81619],[-121.58262,47.81616],[-121.58244,47.81613],[-121.58226,47.81611],[-121.58208,47.81609],[-121.5819,47.81607],[-121.58172,47.81605],[-121.58153,47.81604],[-121.58135,47.81602],[-121.58102,47.81601],[-121.5808,47.81602],[-121.58057,47.81603],[-121.58039,47.81604],[-121.58016,47.81607],[-121.57994,47.81609],[-121.57973,47.81612],[-121.57959,47.81615],[-121.57955,47.81615],[-121.57938,47.81619],[-121.57921,47.81622],[-121.57902,47.81627],[-121.57885,47.81631],[-121.57862,47.81638],[-121.57831,47.81647],[-121.57787,47.81661],[-121.57564,47.81727],[-121.57857,47.81685],[-121.57902,47.81679],[-121.57916,47.81677],[-121.5792,47.81676],[-121.57921,47.81678],[-121.57933,47.81711],[-121.57943,47.8174],[-121.57962,47.81794],[-121.57983,47.81852],[-121.57963,47.81855],[-121.5754,47.81916],[-121.57734,47.82],[-121.57479,47.82096],[-121.57423,47.82096],[-121.57423,47.82116],[-121.57184,47.82205],[-121.57003,47.82128],[-121.57084,47.82096],[-121.57329,47.81999],[-121.57294,47.82006],[-121.57057,47.81967],[-121.57018,47.8185],[-121.56868,47.81884],[-121.5686,47.82079],[-121.56318,47.82079],[-121.56318,47.82217],[-121.56037,47.82338],[-121.55932,47.82279],[-121.55925,47.82282],[-121.55914,47.82286],[-121.55903,47.8229],[-121.5586,47.82306],[-121.55817,47.82322],[-121.55808,47.82325],[-121.55799,47.82329],[-121.5579,47.82332],[-121.55756,47.82345],[-121.55727,47.82356],[-121.55716,47.8236],[-121.55706,47.82364],[-121.55687,47.82371],[-121.55651,47.82383],[-121.55597,47.82401],[-121.55586,47.82405],[-121.55575,47.82409],[-121.5552,47.82427],[-121.55466,47.82446],[-121.55455,47.8245],[-121.55451,47.82451],[-121.55444,47.82453],[-121.55389,47.82472],[-121.55335,47.82491],[-121.55324,47.82494],[-121.55313,47.82498],[-121.55259,47.82516],[-121.55252,47.82519],[-121.55215,47.82531],[-121.55204,47.82535],[-121.55193,47.82539],[-121.55145,47.82555],[-121.55145,47.82551],[-121.55145,47.82541],[-121.55145,47.82532],[-121.55145,47.82522],[-121.55145,47.82513],[-121.55145,47.82481],[-121.55145,47.82468],[-121.55145,47.82459],[-121.55145,47.82453],[-121.55145,47.8243],[-121.55145,47.82414],[-121.55145,47.82411],[-121.55145,47.82408],[-121.55145,47.82396],[-121.55145,47.82392],[-121.55142,47.82393],[-121.55131,47.82397],[-121.5512,47.824],[-121.55109,47.82404],[-121.55098,47.82408],[-121.55088,47.82413],[-121.55078,47.82417],[-121.55067,47.82421],[-121.55057,47.82425],[-121.55046,47.82429],[-121.55036,47.82434],[-121.55025,47.82438],[-121.55015,47.82442],[-121.55004,47.82446],[-121.54994,47.8245],[-121.54983,47.82455],[-121.54973,47.82459],[-121.54962,47.82463],[-121.54952,47.82467],[-121.54941,47.82471],[-121.54931,47.82476],[-121.5492,47.8248],[-121.54915,47.82482],[-121.54927,47.82743],[-121.54734,47.82786],[-121.54661,47.82802],[-121.54602,47.82816],[-121.54558,47.82826],[-121.54514,47.82835],[-121.54476,47.82844],[-121.54402,47.8286],[-121.54372,47.82867],[-121.54288,47.82886],[-121.54198,47.82907],[-121.5421,47.82808],[-121.54124,47.8282],[-121.54049,47.82831],[-121.53882,47.8282],[-121.53783,47.82813],[-121.53783,47.82787],[-121.5366,47.82769],[-121.53493,47.82745],[-121.53493,47.82771],[-121.53268,47.82783],[-121.53105,47.82811],[-121.53062,47.82819],[-121.53,47.82829],[-121.53,47.82819],[-121.53,47.82468],[-121.53,47.82465],[-121.53,47.82445],[-121.52995,47.82445],[-121.52961,47.8244],[-121.52923,47.82438],[-121.52919,47.82438],[-121.52869,47.8244],[-121.52801,47.82441],[-121.52756,47.82444],[-121.52694,47.82448],[-121.5265,47.82451],[-121.52611,47.82456],[-121.52574,47.82459],[-121.52561,47.82461],[-121.5255,47.82462],[-121.5253,47.82465],[-121.52506,47.8247],[-121.52493,47.82472],[-121.52448,47.8248],[-121.52431,47.82483],[-121.5239,47.82492],[-121.52383,47.82494],[-121.52352,47.82493],[-121.52248,47.82547],[-121.52208,47.82577],[-121.52197,47.82584],[-121.52143,47.82624],[-121.52078,47.82674],[-121.52043,47.82684],[-121.52007,47.82686],[-121.51922,47.82687],[-121.5186,47.82696],[-121.51799,47.82705],[-121.51739,47.82737],[-121.51684,47.82791],[-121.51657,47.82858],[-121.51651,47.82922],[-121.51652,47.82966],[-121.51652,47.82973],[-121.51652,47.82986],[-121.5164,47.8306],[-121.51625,47.83099],[-121.51601,47.83159],[-121.51553,47.83215]],[[-121.58484,47.82077],[-121.59033,47.82073],[-121.59024,47.82432],[-121.58462,47.82426],[-121.58484,47.82077]]],[[[-121.52004,47.8251],[-121.52005,47.82563],[-121.52005,47.82579],[-121.52005,47.82604],[-121.5208,47.82597],[-121.52091,47.82595],[-121.52144,47.82579],[-121.52172,47.82568],[-121.52183,47.8256],[-121.52189,47.82555],[-121.52212,47.82533],[-121.52223,47.82521],[-121.52231,47.82512],[-121.52238,47.82504],[-121.52246,47.82488],[-121.52256,47.82478],[-121.52276,47.82463],[-121.52325,47.82434],[-121.52328,47.82432],[-121.52363,47.824],[-121.52382,47.82385],[-121.52387,47.8238],[-121.52394,47.82366],[-121.52395,47.82356],[-121.52399,47.8233],[-121.52407,47.82319],[-121.52413,47.82313],[-121.52417,47.82309],[-121.52427,47.82299],[-121.52438,47.82289],[-121.52449,47.8228],[-121.52462,47.82271],[-121.52475,47.82263],[-121.52482,47.82259],[-121.52488,47.82258],[-121.52524,47.82236],[-121.526,47.82209],[-121.52661,47.82201],[-121.52701,47.82202],[-121.52744,47.8221],[-121.52768,47.82213],[-121.52791,47.82213],[-121.52817,47.82207],[-121.52822,47.82205],[-121.52827,47.82205],[-121.52843,47.82205],[-121.52857,47.82209],[-121.52876,47.82209],[-121.52888,47.82205],[-121.529,47.82201],[-121.52919,47.822],[-121.52925,47.82199],[-121.52944,47.82198],[-121.5297,47.82191],[-121.52994,47.82192],[-121.53031,47.82198],[-121.53042,47.82201],[-121.53041,47.82151],[-121.5304,47.82092],[-121.52892,47.82094],[-121.52645,47.82097],[-121.52353,47.82109],[-121.52288,47.8211],[-121.52265,47.82111],[-121.52079,47.82117],[-121.52046,47.82119],[-121.51999,47.8213],[-121.52004,47.8251]]],[[[-121.58844,47.81767],[-121.58853,47.81771],[-121.58861,47.81775],[-121.5887,47.81779],[-121.58878,47.81782],[-121.58887,47.81786],[-121.58895,47.81789],[-121.58904,47.81793],[-121.58913,47.81796],[-121.58922,47.81799],[-121.58931,47.81802],[-121.5894,47.81805],[-121.5895,47.81808],[-121.58959,47.81811],[-121.58968,47.81814],[-121.58978,47.81816],[-121.58987,47.81819],[-121.58997,47.81821],[-121.59007,47.81823],[-121.59016,47.81825],[-121.59026,47.81827],[-121.59037,47.81829],[-121.59046,47.81831],[-121.59056,47.81832],[-121.59065,47.81834],[-121.59075,47.81835],[-121.59085,47.81836],[-121.59095,47.81838],[-121.59105,47.81839],[-121.59116,47.8184],[-121.59126,47.8184],[-121.59136,47.81841],[-121.59146,47.81842],[-121.59124,47.81839],[-121.59109,47.8183],[-121.59086,47.81818],[-121.5907,47.81811],[-121.59051,47.81797],[-121.59039,47.81781],[-121.59031,47.81769],[-121.59004,47.81748],[-121.58962,47.81717],[-121.5894,47.817],[-121.58911,47.8168],[-121.58888,47.81665],[-121.58885,47.81663],[-121.58885,47.81689],[-121.5887,47.81672],[-121.5883,47.81639],[-121.5878,47.81607],[-121.5877,47.81602],[-121.58744,47.8159],[-121.58711,47.81575],[-121.5866,47.81557],[-121.58598,47.8154],[-121.58536,47.8152],[-121.58485,47.81505],[-121.58485,47.8163],[-121.58717,47.81729],[-121.58821,47.81773],[-121.58832,47.81761],[-121.58844,47.81767]]],[[[-121.58485,47.81288],[-121.5851,47.81295],[-121.58532,47.81302],[-121.58552,47.8131],[-121.58574,47.81318],[-121.58593,47.81327],[-121.58625,47.81343],[-121.5865,47.81355],[-121.58668,47.81364],[-121.58671,47.81364],[-121.58742,47.81364],[-121.5874,47.81185],[-121.58485,47.81185],[-121.58485,47.81288]]],[[[-121.5769,47.81418],[-121.57668,47.81428],[-121.57664,47.81432],[-121.57636,47.81465],[-121.57624,47.81483],[-121.57627,47.81497],[-121.57633,47.81505],[-121.5764,47.81509],[-121.5766,47.8152],[-121.57671,47.81526],[-121.57682,47.81534],[-121.57686,47.81543],[-121.5768,47.81555],[-121.57666,47.81569],[-121.5765,47.81584],[-121.57643,47.81589],[-121.57624,47.81604],[-121.57617,47.81609],[-121.57582,47.81626],[-121.57579,47.81628],[-121.57539,47.81644],[-121.5749,47.81659],[-121.57434,47.81675],[-121.57439,47.81689],[-121.57444,47.81703],[-121.57449,47.81701],[-121.57691,47.81627],[-121.57708,47.81622],[-121.57709,47.81604],[-121.57709,47.81516],[-121.57709,47.81486],[-121.57709,47.81473],[-121.57709,47.81441],[-121.57709,47.81436],[-121.57709,47.81411],[-121.5769,47.81418]]],[[[-121.59556,47.81761],[-121.59553,47.81764],[-121.5955,47.81767],[-121.59547,47.8177],[-121.59545,47.81773],[-121.59539,47.81779],[-121.59579,47.81769],[-121.59685,47.81743],[-121.59731,47.81733],[-121.59772,47.81723],[-121.59802,47.81719],[-121.59825,47.81716],[-121.59862,47.81712],[-121.59888,47.81709],[-121.59914,47.81708],[-121.59947,47.81707],[-121.59937,47.81704],[-121.59888,47.81691],[-121.59884,47.8169],[-121.59879,47.81689],[-121.59874,47.81688],[-121.59869,47.81687],[-121.59865,47.81686],[-121.5986,47.81685],[-121.59855,47.81684],[-121.5985,47.81684],[-121.59845,47.81683],[-121.5984,47.81682],[-121.59835,47.81682],[-121.5983,47.81681],[-121.59825,47.81681],[-121.5982,47.81681],[-121.59815,47.8168],[-121.5981,47.8168],[-121.59805,47.8168],[-121.598,47.8168],[-121.59795,47.81679],[-121.5979,47.81679],[-121.59785,47.81679],[-121.5978,47.8168],[-121.59775,47.8168],[-121.59771,47.8168],[-121.59766,47.8168],[-121.59761,47.8168],[-121.59757,47.81681],[-121.59751,47.81681],[-121.59746,47.81682],[-121.59741,47.81682],[-121.59736,47.81683],[-121.59731,47.81684],[-121.59726,47.81684],[-121.59721,47.81685],[-121.59716,47.81686],[-121.59712,47.81687],[-121.59707,47.81688],[-121.59702,47.81689],[-121.59697,47.8169],[-121.59693,47.81691],[-121.59688,47.81692],[-121.59683,47.81693],[-121.59679,47.81695],[-121.59674,47.81696],[-121.59669,47.81697],[-121.59665,47.81699],[-121.5966,47.817],[-121.59656,47.81702],[-121.59652,47.81703],[-121.59647,47.81705],[-121.59642,47.81707],[-121.59639,47.81709],[-121.59634,47.8171],[-121.5963,47.81712],[-121.59626,47.81714],[-121.59623,47.81716],[-121.59635,47.81727],[-121.59623,47.81733],[-121.59612,47.81739],[-121.59602,47.81745],[-121.59595,47.81751],[-121.59583,47.8176],[-121.59579,47.81758],[-121.59567,47.81752],[-121.59565,47.81753],[-121.59562,47.81756],[-121.59559,47.81759],[-121.59556,47.81761]]],[[[-121.56864,47.81737],[-121.56868,47.81832],[-121.5687,47.81831],[-121.57001,47.81797],[-121.56994,47.81777],[-121.56982,47.8174],[-121.56973,47.81737],[-121.56928,47.81726],[-121.56875,47.81711],[-121.56863,47.81708],[-121.56864,47.81737]]],[[[-121.56861,47.81649],[-121.56956,47.81674],[-121.56959,47.81675],[-121.56959,47.81673],[-121.56957,47.81666],[-121.56915,47.81654],[-121.56867,47.81636],[-121.56861,47.81634],[-121.56861,47.81649]]]]},"properties":{"OBJECTID":4036,"NAME":"Forks of the Sky State Park Property","OWNER":"State Government","MANAGER":"WA State Parks and Recreation Commission","MANAGEMENT_TYPE":"Park","GLOBALID":"{F5DAFE0B-85C3-45ED-9C2F-1257344A7134}"}},{"type":"Feature","id":4037,"geometry":{"type":"Polygon","coordinates":[[[-121.6175,47.82768],[-121.6179,47.82768],[-121.61794,47.82762],[-121.61797,47.82745],[-121.61797,47.82703],[-121.61795,47.82693],[-121.61788,47.82681],[-121.61765,47.8265],[-121.61755,47.82632],[-121.61748,47.82617],[-121.6174,47.82605],[-121.61739,47.82599],[-121.61723,47.82583],[-121.6171,47.8257],[-121.61699,47.82557],[-121.61676,47.82542],[-121.61639,47.82518],[-121.61611,47.82497],[-121.61589,47.82482],[-121.61536,47.82439],[-121.61505,47.82455],[-121.61636,47.82559],[-121.61645,47.82564],[-121.61649,47.82568],[-121.61654,47.82571],[-121.61658,47.82574],[-121.61663,47.82578],[-121.61667,47.82581],[-121.61671,47.82585],[-121.61675,47.82588],[-121.61679,47.82592],[-121.61683,47.82596],[-121.61687,47.82599],[-121.6169,47.82603],[-121.61694,47.82607],[-121.61697,47.82611],[-121.61701,47.82615],[-121.61704,47.82619],[-121.61707,47.82623],[-121.6171,47.82627],[-121.61713,47.82631],[-121.61716,47.82635],[-121.61719,47.82639],[-121.61722,47.82643],[-121.61724,47.82647],[-121.61727,47.82651],[-121.61729,47.82656],[-121.61731,47.8266],[-121.61733,47.82664],[-121.61735,47.82669],[-121.61737,47.82673],[-121.61739,47.82677],[-121.61741,47.82682],[-121.61742,47.82686],[-121.61744,47.8269],[-121.61745,47.82695],[-121.61746,47.82699],[-121.61747,47.82704],[-121.61748,47.82708],[-121.61749,47.82713],[-121.6175,47.82717],[-121.61751,47.82722],[-121.61751,47.82726],[-121.61751,47.82731],[-121.61752,47.82735],[-121.61752,47.8274],[-121.61752,47.82744],[-121.61752,47.82749],[-121.61752,47.82753],[-121.61751,47.82758],[-121.61751,47.82762],[-121.6175,47.82768]]]},"properties":{"OBJECTID":4037,"NAME":"Forks of the Sky State Park Property","OWNER":"State Government","MANAGER":"WA State Parks and Recreation Commission","MANAGEMENT_TYPE":"Park","GLOBALID":"{934B013C-E578-45D4-821D-CB01BE89ABDE}"}},{"type":"Feature","id":4038,"geometry":{"type":"MultiPolygon","coordinates":[[[[-121.60722,47.8199],[-121.60714,47.81985],[-121.60704,47.81981],[-121.60696,47.81975],[-121.60686,47.81968],[-121.60676,47.81964],[-121.60667,47.81959],[-121.60656,47.81953],[-121.60652,47.81951],[-121.60639,47.81946],[-121.60627,47.81939],[-121.60617,47.81933],[-121.60607,47.81929],[-121.60589,47.8192],[-121.60578,47.81909],[-121.60567,47.819],[-121.60554,47.81883],[-121.60542,47.81865],[-121.60531,47.81851],[-121.6052,47.81839],[-121.60513,47.81831],[-121.60506,47.81823],[-121.60485,47.81804],[-121.60465,47.81788],[-121.6045,47.81777],[-121.60425,47.81764],[-121.60412,47.81756],[-121.60386,47.81746],[-121.60362,47.81733],[-121.60344,47.81726],[-121.60322,47.81717],[-121.60298,47.81706],[-121.60283,47.81701],[-121.60277,47.81699],[-121.60252,47.81691],[-121.60234,47.81684],[-121.60209,47.81678],[-121.6019,47.81675],[-121.60161,47.81671],[-121.6014,47.81665],[-121.60122,47.81661],[-121.601,47.81657],[-121.60071,47.81653],[-121.60045,47.81647],[-121.60016,47.81641],[-121.59993,47.81634],[-121.59974,47.81627],[-121.59953,47.81613],[-121.59939,47.81609],[-121.59918,47.816],[-121.59901,47.81589],[-121.59885,47.81584],[-121.59865,47.81576],[-121.59836,47.81566],[-121.59814,47.81559],[-121.59792,47.81555],[-121.59762,47.81549],[-121.59721,47.81543],[-121.597,47.81544],[-121.59688,47.81543],[-121.59668,47.81547],[-121.59649,47.81549],[-121.59625,47.81554],[-121.59611,47.8156],[-121.59596,47.8157],[-121.59582,47.81578],[-121.59572,47.81586],[-121.59565,47.81599],[-121.59558,47.81621],[-121.59552,47.81629],[-121.59546,47.81642],[-121.59536,47.81656],[-121.59522,47.81672],[-121.59504,47.81689],[-121.59486,47.81709],[-121.5947,47.81722],[-121.59448,47.81735],[-121.59431,47.81745],[-121.59415,47.81754],[-121.59404,47.81759],[-121.59389,47.8177],[-121.59374,47.8178],[-121.59363,47.81789],[-121.59343,47.81803],[-121.59326,47.81813],[-121.59308,47.81824],[-121.59292,47.8183],[-121.59269,47.81836],[-121.59257,47.8184],[-121.59268,47.81839],[-121.59278,47.81838],[-121.59288,47.81837],[-121.59298,47.81836],[-121.59308,47.81834],[-121.59318,47.81833],[-121.59328,47.81831],[-121.59338,47.8183],[-121.59347,47.81828],[-121.59357,47.81826],[-121.59367,47.81824],[-121.59376,47.81822],[-121.59386,47.8182],[-121.59396,47.81817],[-121.59405,47.81815],[-121.59415,47.81812],[-121.59424,47.81809],[-121.59475,47.81796],[-121.59504,47.81765],[-121.59516,47.81752],[-121.59526,47.81742],[-121.59536,47.81733],[-121.5955,47.81723],[-121.59559,47.81716],[-121.59567,47.81711],[-121.59572,47.81708],[-121.5958,47.81703],[-121.59585,47.81701],[-121.59603,47.81692],[-121.59621,47.81684],[-121.59637,47.81678],[-121.59652,47.81673],[-121.59668,47.81668],[-121.59684,47.81664],[-121.597,47.8166],[-121.59723,47.81657],[-121.59739,47.81655],[-121.59756,47.81653],[-121.59779,47.81652],[-121.59796,47.81652],[-121.59813,47.81653],[-121.5983,47.81654],[-121.59847,47.81655],[-121.59864,47.81658],[-121.59881,47.81661],[-121.59903,47.81666],[-121.60044,47.81703],[-121.6008,47.81713],[-121.60092,47.81714],[-121.60121,47.81718],[-121.60138,47.81721],[-121.60167,47.81726],[-121.60192,47.81731],[-121.60216,47.81737],[-121.6024,47.81743],[-121.60275,47.81753],[-121.60298,47.81761],[-121.60321,47.81769],[-121.60343,47.81777],[-121.60365,47.81786],[-121.60386,47.81796],[-121.60407,47.81806],[-121.60437,47.81822],[-121.60466,47.81839],[-121.60485,47.81852],[-121.60502,47.81864],[-121.60512,47.81871],[-121.60518,47.81876],[-121.60585,47.81919],[-121.60609,47.81935],[-121.60619,47.81941],[-121.60642,47.81955],[-121.60656,47.81962],[-121.60663,47.81965],[-121.60666,47.81967],[-121.6067,47.81968],[-121.60673,47.8197],[-121.60676,47.81971],[-121.6068,47.81972],[-121.60683,47.81974],[-121.60687,47.81975],[-121.6069,47.81977],[-121.60694,47.81978],[-121.60697,47.8198],[-121.60701,47.81981],[-121.60704,47.81983],[-121.60708,47.81984],[-121.60711,47.81986],[-121.60714,47.81987],[-121.60718,47.81988],[-121.60722,47.8199]]],[[[-121.60725,47.81991],[-121.60728,47.81993],[-121.60732,47.81994],[-121.60735,47.81996],[-121.60738,47.81997],[-121.60742,47.81999],[-121.60745,47.82],[-121.60749,47.82002],[-121.60752,47.82003],[-121.60756,47.82005],[-121.60759,47.82006],[-121.60763,47.82007],[-121.60766,47.82009],[-121.6077,47.8201],[-121.60773,47.82012],[-121.60777,47.82013],[-121.6078,47.82014],[-121.60784,47.82016],[-121.60787,47.82017],[-121.60791,47.82018],[-121.60795,47.82019],[-121.60798,47.82021],[-121.60802,47.82022],[-121.60806,47.82023],[-121.60809,47.82024],[-121.60813,47.82026],[-121.60816,47.82027],[-121.6082,47.82028],[-121.60824,47.82029],[-121.60827,47.82031],[-121.60831,47.82032],[-121.60835,47.82033],[-121.60838,47.82034],[-121.60842,47.82036],[-121.60845,47.82037],[-121.60849,47.82038],[-121.60853,47.8204],[-121.60856,47.82041],[-121.6086,47.82042],[-121.60863,47.82043],[-121.60867,47.82045],[-121.60871,47.82046],[-121.60874,47.82047],[-121.60878,47.82049],[-121.60881,47.8205],[-121.60885,47.82051],[-121.60888,47.82053],[-121.60892,47.82054],[-121.60964,47.82068],[-121.61152,47.82131],[-121.6116,47.82134],[-121.61165,47.82136],[-121.61169,47.82138],[-121.61174,47.8214],[-121.61179,47.82142],[-121.61183,47.82144],[-121.61188,47.82147],[-121.61192,47.82149],[-121.61196,47.82151],[-121.612,47.82153],[-121.61205,47.82156],[-121.61209,47.82158],[-121.61213,47.82161],[-121.61217,47.82163],[-121.61221,47.82166],[-121.61225,47.82169],[-121.61229,47.82171],[-121.61232,47.82174],[-121.61236,47.82177],[-121.61239,47.8218],[-121.61243,47.82183],[-121.61246,47.82186],[-121.6125,47.82188],[-121.61253,47.82191],[-121.61256,47.82195],[-121.61259,47.82198],[-121.61262,47.82201],[-121.61265,47.82204],[-121.61268,47.82207],[-121.61286,47.82196],[-121.61265,47.82176],[-121.61244,47.82154],[-121.61229,47.82142],[-121.61187,47.82112],[-121.61182,47.82109],[-121.61149,47.8209],[-121.61123,47.82078],[-121.61105,47.82072],[-121.61076,47.82061],[-121.61042,47.82051],[-121.60994,47.8205],[-121.60959,47.82052],[-121.60944,47.82047],[-121.60934,47.82042],[-121.60925,47.8204],[-121.60912,47.82038],[-121.60901,47.82032],[-121.60883,47.82033],[-121.60859,47.8203],[-121.60843,47.8203],[-121.60826,47.82025],[-121.60812,47.82023],[-121.60799,47.82018],[-121.60789,47.82015],[-121.60775,47.82009],[-121.60761,47.82005],[-121.60745,47.81997],[-121.60736,47.81993],[-121.60722,47.8199],[-121.60725,47.81991]]]]},"properties":{"OBJECTID":4038,"NAME":"Forks of the Sky State Park Property","OWNER":"State Government","MANAGER":"WA State Parks and Recreation Commission","MANAGEMENT_TYPE":"Park","GLOBALID":"{F54B8BFE-1D6A-4A04-AA6A-AEC3136C9300}"}},{"type":"Feature","id":4039,"geometry":{"type":"Polygon","coordinates":[[[-121.58485,47.81436],[-121.58545,47.8144],[-121.58608,47.81449],[-121.58625,47.81451],[-121.58642,47.81455],[-121.58669,47.81462],[-121.58695,47.81467],[-121.58716,47.81472],[-121.58721,47.81473],[-121.5874,47.81482],[-121.58763,47.81493],[-121.58782,47.81505],[-121.58788,47.81512],[-121.58847,47.81548],[-121.58851,47.81551],[-121.58858,47.81555],[-121.58895,47.81583],[-121.58951,47.81625],[-121.58953,47.81627],[-121.5896,47.81632],[-121.58994,47.81656],[-121.59029,47.81672],[-121.59053,47.81695],[-121.59101,47.81727],[-121.59161,47.81747],[-121.59178,47.8175],[-121.59214,47.81748],[-121.59218,47.81748],[-121.59236,47.81741],[-121.59292,47.81719],[-121.59341,47.81692],[-121.59345,47.8169],[-121.59348,47.81687],[-121.59387,47.81661],[-121.5941,47.81637],[-121.59452,47.81588],[-121.59473,47.81574],[-121.5949,47.81563],[-121.59506,47.81554],[-121.59522,47.81544],[-121.59521,47.81516],[-121.59463,47.81542],[-121.59437,47.81554],[-121.59429,47.81557],[-121.5941,47.81565],[-121.59382,47.81575],[-121.59353,47.81583],[-121.59323,47.81589],[-121.59292,47.81595],[-121.59261,47.81598],[-121.59229,47.816],[-121.59198,47.81601],[-121.59166,47.816],[-121.59134,47.81597],[-121.59103,47.81593],[-121.59072,47.81587],[-121.59043,47.8158],[-121.59014,47.81571],[-121.58984,47.81561],[-121.58883,47.81508],[-121.58633,47.8138],[-121.586,47.81364],[-121.5857,47.8135],[-121.58552,47.81342],[-121.58533,47.81334],[-121.58513,47.81327],[-121.58485,47.81318],[-121.58485,47.81405],[-121.58485,47.81436]]]},"properties":{"OBJECTID":4039,"NAME":"Forks of the Sky State Park Property","OWNER":"State Government","MANAGER":"WA State Parks and Recreation Commission","MANAGEMENT_TYPE":"Park","GLOBALID":"{7A9EBD6B-0604-4E2E-AC3D-BF5676B293DB}"}},{"type":"Feature","id":4365,"geometry":{"type":"Polygon","coordinates":[[[-121.48539,47.75273],[-121.48538,47.75118],[-121.48068,47.75047],[-121.47455,47.74954],[-121.47462,47.75111],[-121.48072,47.75203],[-121.48539,47.75273]]]},"properties":{"OBJECTID":4365,"NAME":" ","OWNER":"Federal Government","MANAGER":"US Forest Service","MANAGEMENT_TYPE":"Non-Designated Forest","GLOBALID":"{739843A2-8DF6-49E7-9849-C45F39236DBA}"}},{"type":"Feature","id":4366,"geometry":{"type":"Polygon","coordinates":[[[-121.45831,47.75225],[-121.4588,47.75233],[-121.45881,47.75231],[-121.45931,47.7524],[-121.4593,47.75242],[-121.45994,47.75257],[-121.46035,47.75271],[-121.46033,47.75275],[-121.46037,47.75276],[-121.4604,47.75277],[-121.46044,47.75279],[-121.46047,47.7528],[-121.46051,47.75282],[-121.46054,47.75283],[-121.46057,47.75284],[-121.46061,47.75286],[-121.46064,47.75287],[-121.46068,47.75289],[-121.46071,47.7529],[-121.46074,47.75292],[-121.46078,47.75294],[-121.46081,47.75295],[-121.46084,47.75297],[-121.46087,47.75298],[-121.4609,47.753],[-121.46094,47.75302],[-121.46097,47.75303],[-121.461,47.75305],[-121.46103,47.75307],[-121.46106,47.75309],[-121.46109,47.7531],[-121.46112,47.75312],[-121.46115,47.75314],[-121.46119,47.75316],[-121.46122,47.75317],[-121.46125,47.75319],[-121.46127,47.75321],[-121.4613,47.75323],[-121.46133,47.75325],[-121.46136,47.75327],[-121.46139,47.75329],[-121.46142,47.75331],[-121.46145,47.75332],[-121.46148,47.75334],[-121.4615,47.75336],[-121.46153,47.75338],[-121.46156,47.7534],[-121.46159,47.75342],[-121.46161,47.75344],[-121.46164,47.75346],[-121.46166,47.75348],[-121.46351,47.75487],[-121.46344,47.75334],[-121.46336,47.75161],[-121.46324,47.75157],[-121.46316,47.75155],[-121.46313,47.75154],[-121.4631,47.75153],[-121.46304,47.75152],[-121.46297,47.75152],[-121.46286,47.75152],[-121.46278,47.75151],[-121.46269,47.7515],[-121.46262,47.75149],[-121.46253,47.75148],[-121.46242,47.75146],[-121.46224,47.75143],[-121.46219,47.75142],[-121.46207,47.75142],[-121.46186,47.75143],[-121.4617,47.75142],[-121.46161,47.75142],[-121.46157,47.75142],[-121.4614,47.75142],[-121.46115,47.75141],[-121.46106,47.7514],[-121.46093,47.75139],[-121.46086,47.75139],[-121.46075,47.75137],[-121.46067,47.75136],[-121.46055,47.75135],[-121.46047,47.75135],[-121.46036,47.75134],[-121.46029,47.75133],[-121.46018,47.75132],[-121.46007,47.7513],[-121.45999,47.75128],[-121.45992,47.75128],[-121.45975,47.75127],[-121.45961,47.75126],[-121.45952,47.75126],[-121.45944,47.75124],[-121.45931,47.75122],[-121.45924,47.7512],[-121.45901,47.75113],[-121.45888,47.7511],[-121.45871,47.75106],[-121.45865,47.75105],[-121.45852,47.75103],[-121.45842,47.75101],[-121.45835,47.751],[-121.45826,47.751],[-121.45814,47.751],[-121.45791,47.751],[-121.45787,47.75101],[-121.45763,47.75101],[-121.4575,47.75101],[-121.4573,47.751],[-121.4571,47.75099],[-121.45687,47.75098],[-121.4567,47.75097],[-121.45656,47.75095],[-121.45647,47.75095],[-121.45638,47.75094],[-121.45627,47.75092],[-121.45621,47.75092],[-121.45831,47.75225]]]},"properties":{"OBJECTID":4366,"NAME":"UNITED STATES","OWNER":"Federal Government","MANAGER":"US Forest Service","MANAGEMENT_TYPE":"Non-Designated Forest","GLOBALID":"{C18D23B4-4ED5-42DF-A4CE-EDAEA8FF22D5}"}},{"type":"Feature","id":4367,"geometry":{"type":"Polygon","coordinates":[[[-121.45284,47.74984],[-121.45448,47.75112],[-121.45453,47.75115],[-121.45455,47.75116],[-121.45458,47.75118],[-121.4546,47.7512],[-121.45463,47.75122],[-121.45465,47.75124],[-121.45468,47.75125],[-121.45471,47.75127],[-121.45473,47.75129],[-121.45476,47.75131],[-121.45479,47.75132],[-121.45481,47.75134],[-121.45484,47.75136],[-121.45487,47.75137],[-121.4549,47.75139],[-121.45493,47.7514],[-121.45495,47.75142],[-121.45498,47.75144],[-121.45501,47.75145],[-121.45504,47.75147],[-121.45507,47.75148],[-121.4551,47.7515],[-121.45513,47.75151],[-121.45516,47.75153],[-121.45519,47.75154],[-121.45522,47.75156],[-121.45525,47.75157],[-121.45528,47.75158],[-121.45531,47.7516],[-121.45534,47.75161],[-121.45537,47.75163],[-121.4554,47.75164],[-121.45544,47.75165],[-121.45547,47.75166],[-121.4555,47.75168],[-121.45553,47.75169],[-121.45556,47.7517],[-121.4556,47.75171],[-121.45563,47.75173],[-121.45566,47.75174],[-121.45569,47.75175],[-121.45573,47.75176],[-121.45576,47.75177],[-121.45579,47.75178],[-121.45583,47.75179],[-121.45586,47.7518],[-121.45589,47.75181],[-121.45593,47.75182],[-121.45596,47.75183],[-121.45599,47.75184],[-121.45603,47.75185],[-121.45606,47.75186],[-121.4561,47.75187],[-121.45613,47.75188],[-121.45617,47.75189],[-121.4562,47.7519],[-121.45624,47.75191],[-121.45627,47.75191],[-121.45631,47.75192],[-121.45306,47.74983],[-121.45284,47.74984]]]},"properties":{"OBJECTID":4367,"NAME":null,"OWNER":"Federal Government","MANAGER":"US Forest Service","MANAGEMENT_TYPE":"Non-Designated Forest","GLOBALID":"{D0C360A2-AFDB-429E-8CD1-0CBDCF4FD52D}"}},{"type":"Feature","id":4368,"geometry":{"type":"Polygon","coordinates":[[[-121.55511,47.82035],[-121.55502,47.82038],[-121.55492,47.8204],[-121.55483,47.82043],[-121.5547,47.82047],[-121.55498,47.82081],[-121.55506,47.82078],[-121.55516,47.82076],[-121.55525,47.82073],[-121.55534,47.8207],[-121.55544,47.82067],[-121.55553,47.82065],[-121.55562,47.82062],[-121.55572,47.82059],[-121.55591,47.82054],[-121.55577,47.82044],[-121.55568,47.82037],[-121.55552,47.82023],[-121.55548,47.82024],[-121.55539,47.82027],[-121.5553,47.8203],[-121.5552,47.82032],[-121.55511,47.82035]]]},"properties":{"OBJECTID":4368,"NAME":"Index School District #63","OWNER":"State Government","MANAGER":"Other","MANAGEMENT_TYPE":"Public School","GLOBALID":"{A738A10E-2ECD-4CE7-882D-F0A319F48FDF}"}},{"type":"Feature","id":4369,"geometry":{"type":"Polygon","coordinates":[[[-121.5471,47.81824],[-121.54712,47.81995],[-121.54733,47.81994],[-121.54817,47.81991],[-121.54815,47.81873],[-121.54815,47.81871],[-121.54814,47.81842],[-121.54814,47.81819],[-121.5471,47.81824]]]},"properties":{"OBJECTID":4369,"NAME":"Index School District #63","OWNER":"State Government","MANAGER":"Other","MANAGEMENT_TYPE":"Public School","GLOBALID":"{D615658E-2A98-4084-8119-FB71FBD4C21D}"}},{"type":"Feature","id":4664,"geometry":{"type":"Polygon","coordinates":[[[-121.66776,47.87499],[-121.66738,47.87696],[-121.66974,47.87707],[-121.66978,47.87707],[-121.6698,47.87499],[-121.66776,47.87499]]]},"properties":{"OBJECTID":4664,"NAME":"Wallace Falls State Park","OWNER":"State Government","MANAGER":"WA State Parks and Recreation Commission","MANAGEMENT_TYPE":"Park","GLOBALID":"{FBBFD90E-8E30-42A8-A4A4-FEFDA1DB0504}"}},{"type":"Feature","id":4665,"geometry":{"type":"Polygon","coordinates":[[[-121.66735,47.87714],[-121.66729,47.87741],[-121.66803,47.87825],[-121.66877,47.87838],[-121.66977,47.87838],[-121.66978,47.87725],[-121.66975,47.87726],[-121.66735,47.87714]]]},"properties":{"OBJECTID":4665,"NAME":"Wallace Falls State Park","OWNER":"State Government","MANAGER":"WA State Parks and Recreation Commission","MANAGEMENT_TYPE":"Park","GLOBALID":"{9F988368-4EC9-48F6-91DA-B8E247F12901}"}},{"type":"Feature","id":4666,"geometry":{"type":"Polygon","coordinates":[[[-121.66873,47.87856],[-121.66786,47.8784],[-121.66724,47.8777],[-121.66707,47.87857],[-121.66873,47.87856]]]},"properties":{"OBJECTID":4666,"NAME":"Wallace Falls State Park","OWNER":"State Government","MANAGER":"WA State Parks and Recreation Commission","MANAGEMENT_TYPE":"Park","GLOBALID":"{7DB30923-AE75-4325-8A0A-B07824449DE7}"}},{"type":"Feature","id":4988,"geometry":{"type":"MultiPolygon","coordinates":[[[[-121.82337,47.86135],[-121.82338,47.86137],[-121.82341,47.86145],[-121.82361,47.86142],[-121.82377,47.86139],[-121.8238,47.86139],[-121.82392,47.86136],[-121.82408,47.86132],[-121.82423,47.86128],[-121.82438,47.86124],[-121.8244,47.86124],[-121.82438,47.86117],[-121.82429,47.86117],[-121.82415,47.86088],[-121.82411,47.8608],[-121.82403,47.86081],[-121.824,47.86073],[-121.82391,47.86053],[-121.82384,47.86045],[-121.82371,47.86047],[-121.82356,47.86051],[-121.8234,47.86054],[-121.82325,47.86057],[-121.82305,47.8606],[-121.82317,47.86089],[-121.82321,47.86097],[-121.82324,47.86105],[-121.82337,47.86135]]],[[[-121.82338,47.86013],[-121.8234,47.86019],[-121.82327,47.86023],[-121.82312,47.86027],[-121.82293,47.86032],[-121.82304,47.86058],[-121.82323,47.86054],[-121.82339,47.86051],[-121.82355,47.86048],[-121.8237,47.86045],[-121.82382,47.86043],[-121.82358,47.86016],[-121.82355,47.86009],[-121.82338,47.86013]]]]},"properties":{"OBJECTID":4988,"NAME":"Town of Sultan","OWNER":"City or Municipal Government","MANAGER":"City or Municipality","MANAGEMENT_TYPE":"Unknown","GLOBALID":"{6BCE17CD-B350-420F-9CA5-3E8E7D242294}"}},{"type":"Feature","id":4989,"geometry":{"type":"Polygon","coordinates":[[[-121.82149,47.86069],[-121.82099,47.86082],[-121.82111,47.86105],[-121.8213,47.86129],[-121.82156,47.86144],[-121.82188,47.86153],[-121.82204,47.86155],[-121.82272,47.86151],[-121.82266,47.86148],[-121.82258,47.86142],[-121.82249,47.86135],[-121.82239,47.86127],[-121.82236,47.86124],[-121.82235,47.86122],[-121.8223,47.86116],[-121.82229,47.86115],[-121.82223,47.8611],[-121.8222,47.86108],[-121.82216,47.86106],[-121.82209,47.86103],[-121.82198,47.86098],[-121.82186,47.86093],[-121.8218,47.86091],[-121.82174,47.86088],[-121.82172,47.86086],[-121.82169,47.86084],[-121.82167,47.86082],[-121.82159,47.86076],[-121.82155,47.86074],[-121.82151,47.86071],[-121.82149,47.86069]]]},"properties":{"OBJECTID":4989,"NAME":"Town of Sultan","OWNER":"City or Municipal Government","MANAGER":"City or Municipality","MANAGEMENT_TYPE":"Park","GLOBALID":"{68772E75-3B3D-43E8-91DE-4ED7CDC28791}"}},{"type":"Feature","id":4990,"geometry":{"type":"MultiPolygon","coordinates":[[[[-121.82262,47.86069],[-121.82246,47.86072],[-121.82231,47.86075],[-121.82215,47.86078],[-121.82199,47.86081],[-121.82172,47.86086],[-121.82174,47.86088],[-121.8218,47.86091],[-121.82186,47.86093],[-121.82198,47.86098],[-121.82209,47.86103],[-121.82216,47.86106],[-121.8222,47.86108],[-121.82223,47.8611],[-121.82229,47.86115],[-121.8223,47.86116],[-121.82235,47.86122],[-121.82236,47.86124],[-121.82239,47.86127],[-121.82249,47.86135],[-121.82258,47.86142],[-121.82266,47.86148],[-121.82272,47.86151],[-121.82296,47.86149],[-121.82317,47.86148],[-121.82314,47.86141],[-121.82313,47.86139],[-121.82301,47.8611],[-121.82297,47.86102],[-121.82294,47.86094],[-121.82281,47.86065],[-121.82262,47.86069]]],[[[-121.82251,47.86042],[-121.82235,47.86046],[-121.8222,47.8605],[-121.82205,47.86054],[-121.8219,47.86058],[-121.82174,47.86062],[-121.82149,47.86069],[-121.82151,47.86071],[-121.82155,47.86074],[-121.82159,47.86076],[-121.82167,47.86082],[-121.82169,47.86084],[-121.82182,47.86081],[-121.82198,47.86078],[-121.82214,47.86075],[-121.82229,47.86072],[-121.82245,47.86069],[-121.82261,47.86066],[-121.8228,47.86062],[-121.8227,47.86037],[-121.82251,47.86042]]]]},"properties":{"OBJECTID":4990,"NAME":"Sultan River Sites","OWNER":"State Government","MANAGER":"WA Dept of Fish and Wildlife","MANAGEMENT_TYPE":"Recreation","GLOBALID":"{45FEDE49-B6E2-4912-B785-CC7ADA3E171A}"}},{"type":"Feature","id":5144,"geometry":{"type":"Polygon","coordinates":[[[-121.73254,47.7777],[-121.72286,47.77741],[-121.72308,47.78095],[-121.73298,47.78114],[-121.73254,47.7777]]]},"properties":{"OBJECTID":5144,"NAME":"Tolt River Watershed","OWNER":"City or Municipal Government","MANAGER":"City or Municipality","MANAGEMENT_TYPE":"Watershed","GLOBALID":"{1DDBC328-1B1E-4430-B04D-DD8E574BF1AC}"}},{"type":"Feature","id":5168,"geometry":{"type":"Polygon","coordinates":[[[-121.92894,47.84492],[-121.92825,47.84487],[-121.92715,47.84475],[-121.92715,47.84477],[-121.92715,47.84488],[-121.92716,47.84521],[-121.92716,47.84525],[-121.92716,47.84528],[-121.92726,47.84531],[-121.92774,47.84545],[-121.92782,47.84531],[-121.92795,47.84504],[-121.92896,47.84511],[-121.92894,47.84492]]]},"properties":{"OBJECTID":5168,"NAME":"Skykomish River Sites","OWNER":"State Government","MANAGER":"WA Dept of Fish and Wildlife","MANAGEMENT_TYPE":"Recreation","GLOBALID":"{1E5DA1E6-3B66-4C93-A34B-87754F6A4104}"}},{"type":"Feature","id":5540,"geometry":{"type":"Polygon","coordinates":[[[-121.79685,47.9943],[-121.797,47.99426],[-121.79715,47.99422],[-121.7973,47.99417],[-121.79744,47.99412],[-121.79773,47.99399],[-121.798,47.99384],[-121.79812,47.99377],[-121.79822,47.99369],[-121.79837,47.99358],[-121.79843,47.99348],[-121.79851,47.99327],[-121.79856,47.99305],[-121.79858,47.9929],[-121.79859,47.99279],[-121.79857,47.99268],[-121.79854,47.99256],[-121.79844,47.99235],[-121.79838,47.99225],[-121.7983,47.99217],[-121.79828,47.99206],[-121.7983,47.99198],[-121.79836,47.99188],[-121.79842,47.99181],[-121.79853,47.99173],[-121.79866,47.99166],[-121.79876,47.9916],[-121.79888,47.99151],[-121.79898,47.99142],[-121.79905,47.99133],[-121.79907,47.99119],[-121.79904,47.99108],[-121.799,47.99102],[-121.79889,47.99094],[-121.79875,47.99088],[-121.79859,47.99084],[-121.79839,47.9908],[-121.79823,47.99078],[-121.79806,47.99078],[-121.79789,47.99079],[-121.79773,47.99081],[-121.79758,47.99084],[-121.79742,47.99088],[-121.79724,47.99092],[-121.79709,47.99097],[-121.79697,47.99103],[-121.79681,47.99105],[-121.79672,47.99107],[-121.79619,47.99114],[-121.79557,47.99127],[-121.79532,47.99132],[-121.79516,47.99133],[-121.79483,47.99136],[-121.79398,47.9914],[-121.79379,47.99141],[-121.79364,47.99143],[-121.79349,47.99147],[-121.79334,47.99153],[-121.79323,47.99162],[-121.79317,47.99169],[-121.79319,47.99182],[-121.79332,47.99188],[-121.79354,47.99192],[-121.79386,47.99196],[-121.79398,47.992],[-121.79405,47.99202],[-121.79414,47.99209],[-121.79418,47.9922],[-121.79419,47.99236],[-121.79422,47.99258],[-121.79426,47.99269],[-121.79432,47.99279],[-121.7944,47.99289],[-121.79453,47.99303],[-121.79456,47.99306],[-121.79475,47.99325],[-121.79484,47.99333],[-121.79497,47.99343],[-121.79497,47.99349],[-121.79502,47.99359],[-121.79508,47.9937],[-121.79516,47.99379],[-121.79532,47.99392],[-121.79543,47.994],[-121.79556,47.99407],[-121.79567,47.99412],[-121.79582,47.99417],[-121.79601,47.99422],[-121.79619,47.99425],[-121.79636,47.99427],[-121.79652,47.99429],[-121.79685,47.9943]]]},"properties":{"OBJECTID":5540,"NAME":"Mount Baker-Snoqualmie National Forest","OWNER":"Federal Government","MANAGER":"US Forest Service","MANAGEMENT_TYPE":"Non-Designated Forest","GLOBALID":"{7B1AEF23-707F-4F8A-A352-B7CD37D1F83A}"}},{"type":"Feature","id":5722,"geometry":{"type":"Polygon","coordinates":[[[-121.60159,47.84568],[-121.60059,47.84569],[-121.60067,47.84626],[-121.60159,47.84568]]]},"properties":{"OBJECTID":5722,"NAME":" ","OWNER":"Federal Government","MANAGER":"US Bureau of Land Management","MANAGEMENT_TYPE":"Unknown","GLOBALID":"{961FB409-5964-4476-A23A-9BFA11D58375}"}},{"type":"Feature","id":5847,"geometry":{"type":"Polygon","coordinates":[[[-121.74548,47.86444],[-121.74542,47.86444],[-121.74523,47.86444],[-121.74521,47.86564],[-121.74546,47.86548],[-121.74548,47.86444]]]},"properties":{"OBJECTID":5847,"NAME":"Wallace River Sites","OWNER":"State Government","MANAGER":"WA Dept of Fish and Wildlife","MANAGEMENT_TYPE":"Recreation","GLOBALID":"{36B31F16-4914-4B45-A170-81A0D84E3DFF}"}},{"type":"Feature","id":5935,"geometry":{"type":"Polygon","coordinates":[[[-121.37445,47.98705],[-121.3744,47.98553],[-121.37446,47.98551],[-121.37622,47.98492],[-121.3781,47.98488],[-121.37862,47.98484],[-121.37849,47.98468],[-121.37801,47.98449],[-121.37748,47.98436],[-121.37718,47.98436],[-121.37691,47.9843],[-121.37669,47.98423],[-121.37637,47.98441],[-121.37622,47.98453],[-121.37607,47.98464],[-121.37582,47.98474],[-121.37533,47.98494],[-121.37488,47.98517],[-121.37459,47.98533],[-121.37427,47.98549],[-121.37401,47.98565],[-121.37368,47.98591],[-121.37345,47.9861],[-121.37445,47.98705]]]},"properties":{"OBJECTID":5935,"NAME":"Henry M Jackson Wilderness","OWNER":"Federal Government","MANAGER":"US Forest Service","MANAGEMENT_TYPE":"Wilderness","GLOBALID":"{76FFF43A-780D-4CE5-8839-25E1A10AFDF5}"}},{"type":"Feature","id":5936,"geometry":{"type":"Polygon","coordinates":[[[-121.79671,47.96464],[-121.79709,47.95751],[-121.79435,47.95751],[-121.79407,47.96461],[-121.79671,47.96464]]]},"properties":{"OBJECTID":5936,"NAME":"Lake Champlain Watershed","OWNER":"City or Municipal Government","MANAGER":"City or Municipality","MANAGEMENT_TYPE":"Watershed","GLOBALID":"{3C0DD493-59C4-4ED0-B64A-CE47E2F04930}"}},{"type":"Feature","id":5937,"geometry":{"type":"Polygon","coordinates":[[[-121.79709,47.95751],[-121.80234,47.9575],[-121.80233,47.95633],[-121.80243,47.95626],[-121.80256,47.95621],[-121.80267,47.95615],[-121.80277,47.9561],[-121.80307,47.9559],[-121.80316,47.95585],[-121.80323,47.95578],[-121.80337,47.95565],[-121.80352,47.95552],[-121.80359,47.95542],[-121.80363,47.95532],[-121.80364,47.95522],[-121.80362,47.95514],[-121.80361,47.95506],[-121.80361,47.95501],[-121.80362,47.95496],[-121.80365,47.9549],[-121.80368,47.95483],[-121.80373,47.95476],[-121.80394,47.95447],[-121.80398,47.95439],[-121.80402,47.9543],[-121.80404,47.95421],[-121.80405,47.95412],[-121.80403,47.95403],[-121.804,47.95395],[-121.80393,47.9538],[-121.80392,47.95374],[-121.80392,47.9537],[-121.80392,47.95368],[-121.80394,47.95364],[-121.80398,47.95361],[-121.80405,47.95354],[-121.8041,47.95346],[-121.80412,47.95337],[-121.80414,47.95329],[-121.80414,47.95321],[-121.80414,47.95314],[-121.80411,47.95307],[-121.80412,47.95295],[-121.80414,47.95283],[-121.80417,47.95269],[-121.80419,47.95254],[-121.80419,47.95237],[-121.80416,47.95224],[-121.80415,47.95213],[-121.80419,47.95198],[-121.80426,47.95185],[-121.80433,47.95166],[-121.80434,47.95146],[-121.80431,47.95129],[-121.80427,47.95114],[-121.80422,47.95099],[-121.8042,47.95087],[-121.80417,47.95071],[-121.80414,47.95055],[-121.8041,47.95034],[-121.8041,47.95028],[-121.8039,47.95028],[-121.80227,47.95028],[-121.80231,47.95163],[-121.80224,47.95169],[-121.80217,47.95174],[-121.80207,47.95182],[-121.80197,47.95191],[-121.8019,47.95197],[-121.80184,47.95205],[-121.80179,47.95211],[-121.80177,47.9522],[-121.80176,47.95227],[-121.80174,47.95236],[-121.80172,47.95242],[-121.80165,47.95247],[-121.80158,47.95252],[-121.80158,47.95264],[-121.80157,47.95274],[-121.80159,47.95288],[-121.80161,47.95298],[-121.80171,47.9531],[-121.80184,47.95324],[-121.80192,47.95334],[-121.80197,47.95349],[-121.80205,47.9536],[-121.80204,47.95372],[-121.80203,47.95383],[-121.80191,47.95407],[-121.80151,47.95407],[-121.80113,47.95545],[-121.79706,47.95556],[-121.79709,47.95751]]]},"properties":{"OBJECTID":5937,"NAME":"Lake Champlain Watershed","OWNER":"City or Municipal Government","MANAGER":"City or Municipality","MANAGEMENT_TYPE":"Watershed","GLOBALID":"{92A70E57-1AD3-4F8B-999B-B215775EDA36}"}},{"type":"Feature","id":6087,"geometry":{"type":"Polygon","coordinates":[[[-121.79671,47.96464],[-121.79407,47.96461],[-121.79143,47.96459],[-121.78611,47.9646],[-121.78588,47.97179],[-121.77542,47.97187],[-121.76473,47.97197],[-121.76469,47.97559],[-121.75412,47.97576],[-121.7488,47.97557],[-121.74883,47.97204],[-121.74374,47.97195],[-121.74371,47.96831],[-121.73344,47.9682],[-121.71159,47.96827],[-121.71173,47.96468],[-121.68951,47.96499],[-121.68955,47.9686],[-121.68958,47.97225],[-121.68957,47.9759],[-121.7113,47.97532],[-121.71144,47.97192],[-121.72797,47.97185],[-121.72794,47.97545],[-121.73352,47.97545],[-121.74371,47.97551],[-121.74369,47.97908],[-121.74789,47.97909],[-121.74802,47.98271],[-121.75354,47.98288],[-121.7607,47.98281],[-121.76459,47.98277],[-121.76908,47.98276],[-121.7699,47.98276],[-121.76991,47.97919],[-121.77519,47.97918],[-121.786,47.9791],[-121.78603,47.97546],[-121.7968,47.9754],[-121.79688,47.97176],[-121.79671,47.96464]]]},"properties":{"OBJECTID":6087,"NAME":"Mount Baker-Snoqualmie National Forest","OWNER":"Federal Government","MANAGER":"US Forest Service","MANAGEMENT_TYPE":"Non-Designated Forest","GLOBALID":"{AF102E27-0E85-4C04-86C8-3FACEACC8785}"}},{"type":"Feature","id":6162,"geometry":{"type":"Polygon","coordinates":[[[-121.54855,47.80507],[-121.54866,47.8053],[-121.54924,47.80535],[-121.5496,47.80517],[-121.54976,47.80511],[-121.54993,47.80505],[-121.5501,47.805],[-121.55027,47.80496],[-121.55044,47.80493],[-121.55062,47.8049],[-121.5508,47.80488],[-121.55097,47.80486],[-121.55115,47.80485],[-121.55133,47.80485],[-121.5515,47.80486],[-121.55168,47.80487],[-121.55186,47.80489],[-121.55203,47.80492],[-121.5522,47.80495],[-121.55233,47.80498],[-121.55246,47.80502],[-121.55259,47.80506],[-121.55271,47.8051],[-121.55267,47.80256],[-121.55223,47.80274],[-121.54828,47.80441],[-121.54855,47.80507]]]},"properties":{"OBJECTID":6162,"NAME":null,"OWNER":"State Government","MANAGER":"WA Dept of Fish and Wildlife","MANAGEMENT_TYPE":"Wildlife","GLOBALID":"{B5254F07-65FF-4EDB-84A2-B43FFDFB98BC}"}},{"type":"Feature","id":6218,"geometry":{"type":"MultiPolygon","coordinates":[[[[-121.60753,47.85827],[-121.61031,47.85758],[-121.61081,47.85708],[-121.61253,47.85692],[-121.61348,47.85691],[-121.61673,47.85816],[-121.61681,47.85655],[-121.61603,47.85653],[-121.61604,47.85412],[-121.61327,47.85411],[-121.61217,47.85479],[-121.61153,47.85521],[-121.61091,47.85477],[-121.60985,47.85402],[-121.60742,47.85556],[-121.60614,47.85464],[-121.60575,47.85436],[-121.60454,47.85513],[-121.60286,47.85393],[-121.60449,47.8529],[-121.60731,47.85111],[-121.60888,47.85012],[-121.60795,47.84938],[-121.60631,47.84937],[-121.60381,47.84938],[-121.60384,47.85299],[-121.60026,47.85462],[-121.6018,47.85528],[-121.60753,47.85827]]],[[[-121.61424,47.85124],[-121.61591,47.85242],[-121.61604,47.85236],[-121.61604,47.8501],[-121.61424,47.85124]]]]},"properties":{"OBJECTID":6218,"NAME":" ","OWNER":"Federal Government","MANAGER":"US Forest Service","MANAGEMENT_TYPE":"Non-Designated Forest","GLOBALID":"{4C52A401-57C1-421B-8A8A-730184F36DBA}"}},{"type":"Feature","id":6330,"geometry":{"type":"Polygon","coordinates":[[[-121.62127,47.83922],[-121.6216,47.83926],[-121.62161,47.83912],[-121.62694,47.83979],[-121.62695,47.83944],[-121.62696,47.8393],[-121.62696,47.83916],[-121.62698,47.83864],[-121.627,47.83816],[-121.62699,47.83813],[-121.62636,47.83791],[-121.62624,47.83788],[-121.62599,47.83782],[-121.625,47.83766],[-121.62446,47.8376],[-121.62371,47.83752],[-121.62258,47.83749],[-121.62144,47.8375],[-121.61999,47.83753],[-121.61942,47.83756],[-121.61866,47.83759],[-121.61839,47.8376],[-121.61679,47.83759],[-121.61648,47.83761],[-121.61628,47.83764],[-121.61626,47.83869],[-121.61625,47.83912],[-121.6179,47.83906],[-121.61818,47.83904],[-121.6185,47.83903],[-121.61882,47.83902],[-121.61914,47.83902],[-121.61945,47.83903],[-121.61977,47.83904],[-121.62009,47.83907],[-121.62041,47.8391],[-121.62127,47.83922]]]},"properties":{"OBJECTID":6330,"NAME":" ","OWNER":"State Government","MANAGER":"WA Dept of Fish and Wildlife","MANAGEMENT_TYPE":"Wildlife","GLOBALID":"{F0151789-9002-4159-A7EB-C0B07649EAF4}"}},{"type":"Feature","id":6375,"geometry":{"type":"Polygon","coordinates":[[[-121.906,47.92023],[-121.9054,47.92025],[-121.90534,47.92141],[-121.90596,47.9214],[-121.90738,47.92135],[-121.90739,47.9212],[-121.9074,47.92094],[-121.90742,47.92051],[-121.90744,47.92019],[-121.906,47.92023]]]},"properties":{"OBJECTID":6375,"NAME":"Snohomish County Lakes","OWNER":"State Government","MANAGER":"WA Dept of Fish and Wildlife","MANAGEMENT_TYPE":"Recreation","GLOBALID":"{B124A8FC-58BC-471E-8CF8-20145863FA22}"}},{"type":"Feature","id":6407,"geometry":{"type":"Polygon","coordinates":[[[-121.9374,47.88157],[-121.93739,47.88141],[-121.93735,47.88141],[-121.93496,47.88145],[-121.93496,47.88171],[-121.93496,47.88175],[-121.93508,47.88183],[-121.93536,47.88161],[-121.9374,47.88157]]]},"properties":{"OBJECTID":6407,"NAME":"Snohomish County Lakes","OWNER":"State Government","MANAGER":"WA Dept of Fish and Wildlife","MANAGEMENT_TYPE":"Recreation","GLOBALID":"{90A140E5-619E-4D8E-877C-D44AAB8342FF}"}},{"type":"Feature","id":6414,"geometry":{"type":"Polygon","coordinates":[[[-121.66438,47.87857],[-121.66667,47.87857],[-121.6669,47.87732],[-121.66685,47.87726],[-121.66608,47.87717],[-121.66617,47.87682],[-121.66698,47.87691],[-121.66735,47.87499],[-121.66077,47.87498],[-121.66072,47.87858],[-121.66438,47.87857]]]},"properties":{"OBJECTID":6414,"NAME":"Wallace Falls State Park","OWNER":"State Government","MANAGER":"WA State Parks and Recreation Commission","MANAGEMENT_TYPE":"Park","GLOBALID":"{FA5AA0D3-2E16-4266-A10F-532F039EF213}"}},{"type":"Feature","id":6458,"geometry":{"type":"Polygon","coordinates":[[[-121.75873,47.86815],[-121.7574,47.86793],[-121.7574,47.86818],[-121.7574,47.86852],[-121.7574,47.86857],[-121.75917,47.86898],[-121.75928,47.869],[-121.75938,47.86903],[-121.75951,47.86906],[-121.75963,47.86908],[-121.75963,47.869],[-121.75961,47.86835],[-121.75901,47.86819],[-121.75873,47.86815]]]},"properties":{"OBJECTID":6458,"NAME":"Wallace River Sites","OWNER":"State Government","MANAGER":"WA Dept of Fish and Wildlife","MANAGEMENT_TYPE":"Recreation","GLOBALID":"{DDDDCBDF-3DA0-4F87-9512-F852CECEC9DE}"}},{"type":"Feature","id":6464,"geometry":{"type":"Polygon","coordinates":[[[-121.53595,47.80572],[-121.53662,47.80509],[-121.53539,47.80357],[-121.53484,47.80349],[-121.53595,47.80572]]]},"properties":{"OBJECTID":6464,"NAME":"Rearing Ponds","OWNER":"State Government","MANAGER":"WA Dept of Fish and Wildlife","MANAGEMENT_TYPE":"Fish Hatchery","GLOBALID":"{D03FB29F-2EFF-40DB-AECB-985EFEFCCD33}"}},{"type":"Feature","id":6502,"geometry":{"type":"Polygon","coordinates":[[[-121.90826,47.85449],[-121.90826,47.85427],[-121.90779,47.85434],[-121.90774,47.85434],[-121.9077,47.85435],[-121.90756,47.85439],[-121.90748,47.85446],[-121.90826,47.85449]]]},"properties":{"OBJECTID":6502,"NAME":"Skykomish River Sites","OWNER":"State Government","MANAGER":"WA Dept of Fish and Wildlife","MANAGEMENT_TYPE":"Recreation","GLOBALID":"{A38D29C5-8BED-4A5B-9883-67AD20D9C4AE}"}},{"type":"Feature","id":6503,"geometry":{"type":"Polygon","coordinates":[[[-121.81477,47.85869],[-121.81476,47.85834],[-121.81476,47.85814],[-121.81453,47.85843],[-121.81417,47.85888],[-121.8143,47.85886],[-121.81437,47.85884],[-121.81445,47.85882],[-121.81452,47.8588],[-121.81459,47.85878],[-121.81466,47.85875],[-121.81477,47.85869]]]},"properties":{"OBJECTID":6503,"NAME":"Skykomish River Sites","OWNER":"State Government","MANAGER":"WA Dept of Fish and Wildlife","MANAGEMENT_TYPE":"Recreation","GLOBALID":"{B913F8CD-0298-431E-8180-EFED88BB7AD4}"}},{"type":"Feature","id":6504,"geometry":{"type":"Polygon","coordinates":[[[-121.65888,47.83778],[-121.65903,47.83767],[-121.65924,47.83746],[-121.65935,47.83736],[-121.65937,47.83728],[-121.65938,47.83721],[-121.65939,47.8371],[-121.65949,47.83677],[-121.65961,47.83655],[-121.65966,47.83537],[-121.65895,47.83512],[-121.65872,47.83512],[-121.65762,47.83512],[-121.6567,47.83638],[-121.65734,47.83661],[-121.65699,47.83711],[-121.65771,47.83736],[-121.65775,47.83731],[-121.65882,47.8377],[-121.65879,47.83775],[-121.65883,47.83777],[-121.65888,47.83778]]]},"properties":{"OBJECTID":6504,"NAME":"Skykomish River Sites","OWNER":"State Government","MANAGER":"WA Dept of Fish and Wildlife","MANAGEMENT_TYPE":"Recreation","GLOBALID":"{F09A3700-DCE9-4760-9C4D-7197216E305B}"}},{"type":"Feature","id":6510,"geometry":{"type":"Polygon","coordinates":[[[-121.8807,47.81674],[-121.88141,47.81675],[-121.88405,47.81679],[-121.88412,47.81679],[-121.88413,47.81662],[-121.88405,47.81662],[-121.8813,47.81658],[-121.88086,47.81658],[-121.88071,47.81658],[-121.8807,47.81674]]]},"properties":{"OBJECTID":6510,"NAME":"Snohomish County Lakes","OWNER":"State Government","MANAGER":"WA Dept of Fish and Wildlife","MANAGEMENT_TYPE":"Recreation","GLOBALID":"{DF199D9D-C179-41F3-A51C-F54E1DEFF170}"}},{"type":"Feature","id":6607,"geometry":{"type":"Polygon","coordinates":[[[-121.90345,47.7673],[-121.90312,47.76732],[-121.90236,47.76735],[-121.90195,47.76722],[-121.90188,47.7672],[-121.90211,47.76742],[-121.90217,47.76748],[-121.90219,47.76752],[-121.90223,47.7676],[-121.90229,47.76766],[-121.90233,47.76768],[-121.90239,47.76768],[-121.90361,47.76767],[-121.90345,47.7673]]]},"properties":{"OBJECTID":6607,"NAME":"King County Lakes","OWNER":"State Government","MANAGER":"WA Dept of Fish and Wildlife","MANAGEMENT_TYPE":"Recreation","GLOBALID":"{7DAD7E56-2E57-4E5B-8885-35576E448768}"}}]}