{"type":"FeatureCollection","features":[{"type":"Feature","id":11,"geometry":{"type":"Point","coordinates":[-121.5042,47.7528]},"properties":{"OBJECTID":11,"SITE_ID":12,"SITE_NAME":"Salmon Creek","ALTERNATE_NAMES":"","PRIMARY_COMMODITY":"Antimony (Sb)","COMMODITIES":"Reportedly antimony","ORE_MINERALS":"","GANGUE":"","LOCATION_DESCRIPTION":"1 mi S of Baring","LEGAL_DESCRIPTION":"S 1/2 of sec. 10, T26N, R10E","LOCATION_ACCURACY":"coordinate accuracy highly variable","COUNTY":"King","LATITUDE":47.7528,"LONGITUDE":-121.5042,"MINING_DISTRICT":"","LOCATION_SOURCE":"USGS MAS/MILS Database ","ASSAYS":"","PRODUCTION":"","COMMENTS":""}},{"type":"Feature","id":28,"geometry":{"type":"Point","coordinates":[-121.347308,47.937112]},"properties":{"OBJECTID":28,"SITE_ID":29,"SITE_NAME":"Columbia Mountain","ALTERNATE_NAMES":"","PRIMARY_COMMODITY":"Antimony (Sb)","COMMODITIES":"Reportedly antimony","ORE_MINERALS":"Reportedly tetrahedrite","GANGUE":"","LOCATION_DESCRIPTION":"Troublesome Creek area, 15 mi from Index","LEGAL_DESCRIPTION":"","LOCATION_ACCURACY":"coordinates estimated from location description","COUNTY":"Snohomish","LATITUDE":47.93711241479,"LONGITUDE":-121.34730762786,"MINING_DISTRICT":"","LOCATION_SOURCE":"Bulletin 37","ASSAYS":"","PRODUCTION":"","COMMENTS":""}},{"type":"Feature","id":38,"geometry":{"type":"Point","coordinates":[-121.589377,48.075947]},"properties":{"OBJECTID":38,"SITE_ID":40,"SITE_NAME":"Lucky Strike","ALTERNATE_NAMES":"","PRIMARY_COMMODITY":"Arsenic (As)","COMMODITIES":"Arsenic","ORE_MINERALS":"Pyrite, arsenical pyrrhotite","GANGUE":"","LOCATION_DESCRIPTION":"","LEGAL_DESCRIPTION":"NE 1/4 of sec. 24, T30N, R9E","LOCATION_ACCURACY":"coordinates estimated from legal description","COUNTY":"Snohomish","LATITUDE":48.0759466002017,"LONGITUDE":-121.589376951078,"MINING_DISTRICT":"","LOCATION_SOURCE":"Bulletin 37","ASSAYS":"","PRODUCTION":"","COMMENTS":""}},{"type":"Feature","id":39,"geometry":{"type":"Point","coordinates":[-121.4461,47.9617]},"properties":{"OBJECTID":39,"SITE_ID":41,"SITE_NAME":"Mineral Mountain","ALTERNATE_NAMES":"","PRIMARY_COMMODITY":"Arsenic (As)","COMMODITIES":"Arsenic","ORE_MINERALS":"Arsenopyrite","GANGUE":"","LOCATION_DESCRIPTION":"","LEGAL_DESCRIPTION":"NW 1/4 of sec. 31, T29N, R11E","LOCATION_ACCURACY":"coordinate accuracy highly variable","COUNTY":"Snohomish","LATITUDE":47.9617,"LONGITUDE":-121.4461,"MINING_DISTRICT":"Silver Creek","LOCATION_SOURCE":"USGS MAS/MILS Database ","ASSAYS":"","PRODUCTION":"","COMMENTS":""}},{"type":"Feature","id":40,"geometry":{"type":"Point","coordinates":[-121.5833,47.8569]},"properties":{"OBJECTID":40,"SITE_ID":42,"SITE_NAME":"Reiter","ALTERNATE_NAMES":"American Arsenic","PRIMARY_COMMODITY":"Arsenic (As)","COMMODITIES":"Arsenic","ORE_MINERALS":"Realgar, orpiment, arsenolite","GANGUE":"","LOCATION_DESCRIPTION":"Near the headwaters of Hogarty Creek","LEGAL_DESCRIPTION":"sec. 1, T27N, R9E; sec. 6, T27N, R10E","LOCATION_ACCURACY":"coordinate accuracy highly variable","COUNTY":"Snohomish","LATITUDE":47.8569,"LONGITUDE":-121.5833,"MINING_DISTRICT":"","LOCATION_SOURCE":"USGS MAS/MILS Database ","ASSAYS":"yes","PRODUCTION":"yes","COMMENTS":"Assays are in Bulletin 37. Production information is in Bulletin 37."}},{"type":"Feature","id":46,"geometry":{"type":"Point","coordinates":[-121.3722,47.7569]},"properties":{"OBJECTID":46,"SITE_ID":49,"SITE_NAME":"Baring","ALTERNATE_NAMES":"","PRIMARY_COMMODITY":"Chromium (Cr)","COMMODITIES":"Chromium","ORE_MINERALS":"","GANGUE":"","LOCATION_DESCRIPTION":"1.25 mi S of Baring","LEGAL_DESCRIPTION":"N 1/2 of the SE 1/4 of sec. 10, T26N, R10E","LOCATION_ACCURACY":"coordinate accuracy highly variable","COUNTY":"King","LATITUDE":47.7569,"LONGITUDE":-121.3722,"MINING_DISTRICT":"","LOCATION_SOURCE":"USGS MAS/MILS Database ","ASSAYS":"","PRODUCTION":"","COMMENTS":""}},{"type":"Feature","id":124,"geometry":{"type":"Point","coordinates":[-121.3486,47.9772]},"properties":{"OBJECTID":124,"SITE_ID":127,"SITE_NAME":"Pthomigan","ALTERNATE_NAMES":"","PRIMARY_COMMODITY":"Cobalt (Co)","COMMODITIES":"Cobalt, copper, gold, silver","ORE_MINERALS":"Glaucodot, chalcopyrite, pyrite","GANGUE":"","LOCATION_DESCRIPTION":"1.5 mi from Windy Pass near W Fork Pasayten River","LEGAL_DESCRIPTION":"T38N, R17E","LOCATION_ACCURACY":"coordinate accuracy highly variable","COUNTY":"Okanogan","LATITUDE":47.9772,"LONGITUDE":-121.3486,"MINING_DISTRICT":"","LOCATION_SOURCE":"USGS MAS/MILS Database ","ASSAYS":"","PRODUCTION":"","COMMENTS":""}},{"type":"Feature","id":228,"geometry":{"type":"Point","coordinates":[-121.4403,47.7722]},"properties":{"OBJECTID":228,"SITE_ID":240,"SITE_NAME":"Golden Tunnel","ALTERNATE_NAMES":"","PRIMARY_COMMODITY":"Copper (Cu)","COMMODITIES":"Copper, gold, silver","ORE_MINERALS":"","GANGUE":"","LOCATION_DESCRIPTION":"Near head of Eagle Creek","LEGAL_DESCRIPTION":"sec. 6, T26N, R11E","LOCATION_ACCURACY":"coordinate accuracy highly variable","COUNTY":"King","LATITUDE":47.7722,"LONGITUDE":-121.4403,"MINING_DISTRICT":"","LOCATION_SOURCE":"USGS MAS/MILS Database ","ASSAYS":"","PRODUCTION":"","COMMENTS":""}},{"type":"Feature","id":440,"geometry":{"type":"Point","coordinates":[-121.5603,48.0211]},"properties":{"OBJECTID":440,"SITE_ID":470,"SITE_NAME":"Ala-Dickson","ALTERNATE_NAMES":"Ala, Dickson","PRIMARY_COMMODITY":"Copper (Cu)","COMMODITIES":"Copper, lead, zinc, gold, silver","ORE_MINERALS":"Galena, sphalerite, pyrrhotite, arsenopyrite, chalcopyrite","GANGUE":"Quartz, talc, carbonates of calcium, magnesium,, iron","LOCATION_DESCRIPTION":"","LEGAL_DESCRIPTION":"NE 1/4 of sec. 7, T29N, R10E","LOCATION_ACCURACY":"coordinate accuracy highly variable","COUNTY":"Snohomish","LATITUDE":48.0211,"LONGITUDE":-121.5603,"MINING_DISTRICT":"","LOCATION_SOURCE":"USGS MAS/MILS Database ","ASSAYS":"yes","PRODUCTION":"","COMMENTS":"Assays are in Bulletin 37."}},{"type":"Feature","id":441,"geometry":{"type":"Point","coordinates":[-121.7033,47.8139]},"properties":{"OBJECTID":441,"SITE_ID":471,"SITE_NAME":"Anaconda","ALTERNATE_NAMES":"","PRIMARY_COMMODITY":"Copper (Cu)","COMMODITIES":"Copper, silver","ORE_MINERALS":"Chalcopyrite, bornite","GANGUE":"Calcite, quartz","LOCATION_DESCRIPTION":"12 mi above mouth of Beckler River","LEGAL_DESCRIPTION":"","LOCATION_ACCURACY":"coordinate accuracy highly variable","COUNTY":"Snohomish","LATITUDE":47.8139,"LONGITUDE":-121.7033,"MINING_DISTRICT":"","LOCATION_SOURCE":"USGS MAS/MILS Database ","ASSAYS":"","PRODUCTION":"","COMMENTS":""}},{"type":"Feature","id":443,"geometry":{"type":"Point","coordinates":[-121.4333,47.8889]},"properties":{"OBJECTID":443,"SITE_ID":473,"SITE_NAME":"Armament","ALTERNATE_NAMES":"Wayside","PRIMARY_COMMODITY":"Copper (Cu)","COMMODITIES":"Copper, arsenic","ORE_MINERALS":"Molybdenite, chalcopyrite, pyrite, molybdenite, scheelite, malachite","GANGUE":"Quartz, altered diorite","LOCATION_DESCRIPTION":"","LEGAL_DESCRIPTION":"NW 1/4 of sec. 30, T28N, R11E","LOCATION_ACCURACY":"coordinate accuracy highly variable","COUNTY":"Snohomish","LATITUDE":47.8889,"LONGITUDE":-121.4333,"MINING_DISTRICT":"","LOCATION_SOURCE":"USGS MAS/MILS Database ","ASSAYS":"yes","PRODUCTION":"","COMMENTS":"Assays are in Bulletin 37."}},{"type":"Feature","id":445,"geometry":{"type":"Point","coordinates":[-121.5592,48.0736]},"properties":{"OBJECTID":445,"SITE_ID":475,"SITE_NAME":"Bangor Creek","ALTERNATE_NAMES":"Bornite","PRIMARY_COMMODITY":"Copper (Cu)","COMMODITIES":"Copper, gold, silver","ORE_MINERALS":"Chalcopyrite, bornite","GANGUE":"","LOCATION_DESCRIPTION":"On W Fork of Bangor Creek at mouth of Deer Creek, 1 mi E of Silverton","LEGAL_DESCRIPTION":"sec. 20, T30N, R10E","LOCATION_ACCURACY":"coordinate accuracy highly variable","COUNTY":"Snohomish","LATITUDE":48.0736,"LONGITUDE":-121.5592,"MINING_DISTRICT":"","LOCATION_SOURCE":"USGS MAS/MILS Database ","ASSAYS":"yes","PRODUCTION":"","COMMENTS":"Assays are in Bulletin 37."}},{"type":"Feature","id":446,"geometry":{"type":"Point","coordinates":[-121.3208,47.8764]},"properties":{"OBJECTID":446,"SITE_ID":476,"SITE_NAME":"Beckler River","ALTERNATE_NAMES":"","PRIMARY_COMMODITY":"Copper (Cu)","COMMODITIES":"Copper, gold, silver","ORE_MINERALS":"Chalcopyrite, pyrite","GANGUE":"","LOCATION_DESCRIPTION":"At the head of Beckler River","LEGAL_DESCRIPTION":"T27N, R12E","LOCATION_ACCURACY":"coordinate accuracy highly variable","COUNTY":"Snohomish","LATITUDE":47.8764,"LONGITUDE":-121.3208,"MINING_DISTRICT":"Index","LOCATION_SOURCE":"USGS MAS/MILS Database ","ASSAYS":"","PRODUCTION":"","COMMENTS":""}},{"type":"Feature","id":447,"geometry":{"type":"Point","coordinates":[-121.5728,48.0606]},"properties":{"OBJECTID":447,"SITE_ID":477,"SITE_NAME":"Bell and Crown","ALTERNATE_NAMES":"Bell, Crown","PRIMARY_COMMODITY":"Copper (Cu)","COMMODITIES":"Copper, gold, silver, lead","ORE_MINERALS":"Chalcopyrite, galena, pyrite","GANGUE":"Quartz","LOCATION_DESCRIPTION":"On divide at E Fork of Bender Creek about 1 mi S of Silverton","LEGAL_DESCRIPTION":"sec. 30, T30N, R10E","LOCATION_ACCURACY":"coordinate accuracy highly variable","COUNTY":"Snohomish","LATITUDE":48.0606,"LONGITUDE":-121.5728,"MINING_DISTRICT":"","LOCATION_SOURCE":"USGS MAS/MILS Database ","ASSAYS":"yes","PRODUCTION":"","COMMENTS":"Assays are in Bulletin 37."}},{"type":"Feature","id":448,"geometry":{"type":"Point","coordinates":[-121.5186,48.0322]},"properties":{"OBJECTID":448,"SITE_ID":478,"SITE_NAME":"Big Copper","ALTERNATE_NAMES":"","PRIMARY_COMMODITY":"Copper (Cu)","COMMODITIES":"Copper, cobalt, gold, silver","ORE_MINERALS":"","GANGUE":"","LOCATION_DESCRIPTION":"On S side of Hall Peak","LEGAL_DESCRIPTION":"NE 1/4 of sec. 4, T29N, R10E","LOCATION_ACCURACY":"coordinate accuracy highly variable","COUNTY":"Snohomish","LATITUDE":48.0322,"LONGITUDE":-121.5186,"MINING_DISTRICT":"Sultan","LOCATION_SOURCE":"USGS MAS/MILS Database ","ASSAYS":"","PRODUCTION":"","COMMENTS":""}},{"type":"Feature","id":449,"geometry":{"type":"Point","coordinates":[-121.4764,47.8406]},"properties":{"OBJECTID":449,"SITE_ID":479,"SITE_NAME":"Bitter Creek","ALTERNATE_NAMES":"","PRIMARY_COMMODITY":"Copper (Cu)","COMMODITIES":"Copper","ORE_MINERALS":"Bornite, chalcopyrite, pyrite, hematite","GANGUE":"Crushed, altered granodiorite","LOCATION_DESCRIPTION":"About 4.5 mi NE of Index on Bitter Creek","LEGAL_DESCRIPTION":"sec. 11, T27N, R10E","LOCATION_ACCURACY":"coordinate accuracy highly variable","COUNTY":"Snohomish","LATITUDE":47.8406,"LONGITUDE":-121.4764,"MINING_DISTRICT":"","LOCATION_SOURCE":"USGS MAS/MILS Database ","ASSAYS":"yes","PRODUCTION":"","COMMENTS":"Assays are in Bulletin 37."}},{"type":"Feature","id":451,"geometry":{"type":"Point","coordinates":[-121.425,47.9278]},"properties":{"OBJECTID":451,"SITE_ID":481,"SITE_NAME":"Blackstone","ALTERNATE_NAMES":"","PRIMARY_COMMODITY":"Copper (Cu)","COMMODITIES":"Copper, silver","ORE_MINERALS":"","GANGUE":"","LOCATION_DESCRIPTION":"In Hancock Gulch","LEGAL_DESCRIPTION":"sec. 8, T28N, R11E","LOCATION_ACCURACY":"coordinate accuracy highly variable","COUNTY":"Snohomish","LATITUDE":47.9278,"LONGITUDE":-121.425,"MINING_DISTRICT":"Silver Creek","LOCATION_SOURCE":"USGS MAS/MILS Database ","ASSAYS":"yes","PRODUCTION":"","COMMENTS":"Assays are in Bulletin 37."}},{"type":"Feature","id":452,"geometry":{"type":"Point","coordinates":[-121.9497,48.085]},"properties":{"OBJECTID":452,"SITE_ID":482,"SITE_NAME":"Blomquist","ALTERNATE_NAMES":"","PRIMARY_COMMODITY":"Copper (Cu)","COMMODITIES":"Copper, gold, silver","ORE_MINERALS":"Chalcopyrite, covelite, malachite, chrysocolla","GANGUE":"Quartz","LOCATION_DESCRIPTION":"","LEGAL_DESCRIPTION":"E 1/2 of the SE 1/4 of sec. 18, T30N, R7E","LOCATION_ACCURACY":"coordinate accuracy highly variable","COUNTY":"Snohomish","LATITUDE":48.085,"LONGITUDE":-121.9497,"MINING_DISTRICT":"","LOCATION_SOURCE":"USGS MAS/MILS Database ","ASSAYS":"yes","PRODUCTION":"","COMMENTS":"Assays are in Bulletin 37."}},{"type":"Feature","id":453,"geometry":{"type":"Point","coordinates":[-121.35,48.0167]},"properties":{"OBJECTID":453,"SITE_ID":483,"SITE_NAME":"Blue Rock","ALTERNATE_NAMES":"","PRIMARY_COMMODITY":"Copper (Cu)","COMMODITIES":"Copper, gold, silver","ORE_MINERALS":"Arsenopyrite, chalcopyrite, pyrite","GANGUE":"","LOCATION_DESCRIPTION":"On W side of Goat Lake","LEGAL_DESCRIPTION":"near center of sec. 11, T29N, R11E","LOCATION_ACCURACY":"coordinate accuracy highly variable","COUNTY":"Snohomish","LATITUDE":48.0167,"LONGITUDE":-121.35,"MINING_DISTRICT":"Monte Cristo","LOCATION_SOURCE":"USGS MAS/MILS Database ","ASSAYS":"","PRODUCTION":"","COMMENTS":""}},{"type":"Feature","id":454,"geometry":{"type":"Point","coordinates":[-121.3508,48.0008]},"properties":{"OBJECTID":454,"SITE_ID":484,"SITE_NAME":"Bon Ton","ALTERNATE_NAMES":"","PRIMARY_COMMODITY":"Copper (Cu)","COMMODITIES":"Copper, gold, silver","ORE_MINERALS":"Bornite, chalcopyrite, pyrite","GANGUE":"","LOCATION_DESCRIPTION":"1 mi S of Goat Lake","LEGAL_DESCRIPTION":"SE 1/4 of sec. 14, T29N, R11E","LOCATION_ACCURACY":"coordinate accuracy highly variable","COUNTY":"Snohomish","LATITUDE":48.0008,"LONGITUDE":-121.3508,"MINING_DISTRICT":"Monte Cristo","LOCATION_SOURCE":"USGS MAS/MILS Database ","ASSAYS":"yes","PRODUCTION":"","COMMENTS":"Assays are in Bulletin 37."}},{"type":"Feature","id":455,"geometry":{"type":"Point","coordinates":[-121.563339,48.099111]},"properties":{"OBJECTID":455,"SITE_ID":485,"SITE_NAME":"Bonanza Queen","ALTERNATE_NAMES":"","PRIMARY_COMMODITY":"Copper (Cu)","COMMODITIES":"Copper, gold, silver, tellurium, arsenic","ORE_MINERALS":"Chalcopyrite, sylvanite, realgar","GANGUE":"Pyrite, pyrrhotite, arsenopyrite, quartz, calcite, altered diorite","LOCATION_DESCRIPTION":"On Deer Creek about 0.5 mi N of Silverton","LEGAL_DESCRIPTION":"secs. 7, 8, 17, and 18, T30N, R10E","LOCATION_ACCURACY":"generally from USGS 7.5-minute topographic map","COUNTY":"Snohomish","LATITUDE":48.099111,"LONGITUDE":-121.563339,"MINING_DISTRICT":"","LOCATION_SOURCE":"Open File Report 90-18","ASSAYS":"yes","PRODUCTION":"yes","COMMENTS":"Assays are in Bulletin 37 and in the scanned files. Production information is in Bulletin 37."}},{"type":"Feature","id":456,"geometry":{"type":"Point","coordinates":[-121.6592,47.9622]},"properties":{"OBJECTID":456,"SITE_ID":486,"SITE_NAME":"Border Queen","ALTERNATE_NAMES":"","PRIMARY_COMMODITY":"Copper (Cu)","COMMODITIES":"Copper","ORE_MINERALS":"Pyrite, trace of arsenopyrite and chalcopyrite; may also contain gold","GANGUE":"Silicifed dike rock","LOCATION_DESCRIPTION":"","LEGAL_DESCRIPTION":"NW 1/4 of sec. 33, T29N, R9E","LOCATION_ACCURACY":"coordinate accuracy highly variable","COUNTY":"Snohomish","LATITUDE":47.9622,"LONGITUDE":-121.6592,"MINING_DISTRICT":"","LOCATION_SOURCE":"USGS MAS/MILS Database ","ASSAYS":"","PRODUCTION":"","COMMENTS":""}},{"type":"Feature","id":457,"geometry":{"type":"Point","coordinates":[-121.4169,47.8464]},"properties":{"OBJECTID":457,"SITE_ID":487,"SITE_NAME":"Boston","ALTERNATE_NAMES":"","PRIMARY_COMMODITY":"Copper (Cu)","COMMODITIES":"Copper, gold","ORE_MINERALS":"","GANGUE":"","LOCATION_DESCRIPTION":"","LEGAL_DESCRIPTION":"","LOCATION_ACCURACY":"coordinate accuracy highly variable","COUNTY":"Snohomish","LATITUDE":47.8464,"LONGITUDE":-121.4169,"MINING_DISTRICT":"Darrington","LOCATION_SOURCE":"USGS MAS/MILS Database ","ASSAYS":"","PRODUCTION":"","COMMENTS":""}},{"type":"Feature","id":458,"geometry":{"type":"Point","coordinates":[-121.4397,47.9122]},"properties":{"OBJECTID":458,"SITE_ID":488,"SITE_NAME":"Broken Ridge","ALTERNATE_NAMES":"Silver Creek","PRIMARY_COMMODITY":"Copper (Cu)","COMMODITIES":"Copper, silver, gold, zinc","ORE_MINERALS":"Chalcopyrite, pyrite, bornite, sphalerite, quartz","GANGUE":"Silicified metamorphic rock, quartz","LOCATION_DESCRIPTION":"","LEGAL_DESCRIPTION":"S 1/2 of sec. 18, T28N, R11E","LOCATION_ACCURACY":"coordinate accuracy highly variable","COUNTY":"Snohomish","LATITUDE":47.9122,"LONGITUDE":-121.4397,"MINING_DISTRICT":"Silver Creek","LOCATION_SOURCE":"USGS MAS/MILS Database ","ASSAYS":"yes","PRODUCTION":"yes","COMMENTS":"Assays are in Bulletin 37. Production information is in Bulletin 37."}},{"type":"Feature","id":459,"geometry":{"type":"Point","coordinates":[-121.526547,47.781889]},"properties":{"OBJECTID":459,"SITE_ID":489,"SITE_NAME":"Buckeye","ALTERNATE_NAMES":"","PRIMARY_COMMODITY":"Copper (Cu)","COMMODITIES":"Copper, silver, gold","ORE_MINERALS":"Chalcopyrite, bornite, cuprite, chalcocite","GANGUE":"Quartz, calcite, crushed, altered granodiorite","LOCATION_DESCRIPTION":"About 1 mi W of Halford","LEGAL_DESCRIPTION":"SE 1/4 of sec. 33, T27N, R10E","LOCATION_ACCURACY":"generally from USGS 7.5-minute topographic map","COUNTY":"Snohomish","LATITUDE":47.781889,"LONGITUDE":-121.526547,"MINING_DISTRICT":"","LOCATION_SOURCE":"Open File Report 90-18","ASSAYS":"yes","PRODUCTION":"yes","COMMENTS":"Assays are in Bulletin 37. Production information is in Bulletin 37."}},{"type":"Feature","id":460,"geometry":{"type":"Point","coordinates":[-121.6517,48.0769]},"properties":{"OBJECTID":460,"SITE_ID":490,"SITE_NAME":"Bullet","ALTERNATE_NAMES":"","PRIMARY_COMMODITY":"Copper (Cu)","COMMODITIES":"Copper, gold, silver","ORE_MINERALS":"Pyrite, chalcopyrite, arsenopyrite","GANGUE":"","LOCATION_DESCRIPTION":"On the mountain at mouth of Gordon Creek","LEGAL_DESCRIPTION":"NE 1/4 of sec. 21, T30N, R9E","LOCATION_ACCURACY":"coordinate accuracy highly variable","COUNTY":"Snohomish","LATITUDE":48.0769,"LONGITUDE":-121.6517,"MINING_DISTRICT":"Silverton","LOCATION_SOURCE":"USGS MAS/MILS Database ","ASSAYS":"yes","PRODUCTION":"","COMMENTS":"Assays are in Bulletin 37."}},{"type":"Feature","id":462,"geometry":{"type":"Point","coordinates":[-121.4706,47.8386]},"properties":{"OBJECTID":462,"SITE_ID":493,"SITE_NAME":"Calumet","ALTERNATE_NAMES":"","PRIMARY_COMMODITY":"Copper (Cu)","COMMODITIES":"Copper, zinc","ORE_MINERALS":"Chalcopyrite, pyrite, sphalerite","GANGUE":"Quartz, calcite, altered granodiorite","LOCATION_DESCRIPTION":"On the ridge between the N and S branches of Bitter Creek","LEGAL_DESCRIPTION":"secs. 11 and 12, T27N, R10E","LOCATION_ACCURACY":"coordinate accuracy highly variable","COUNTY":"Snohomish","LATITUDE":47.8386,"LONGITUDE":-121.4706,"MINING_DISTRICT":"Index","LOCATION_SOURCE":"USGS MAS/MILS Database ","ASSAYS":"","PRODUCTION":"","COMMENTS":""}},{"type":"Feature","id":463,"geometry":{"type":"Point","coordinates":[-121.4542,47.8444]},"properties":{"OBJECTID":463,"SITE_ID":494,"SITE_NAME":"Cascade","ALTERNATE_NAMES":"Homestead","PRIMARY_COMMODITY":"Copper (Cu)","COMMODITIES":"Copper, gold, silver","ORE_MINERALS":"Chalcopyrite, bornite, pyrite","GANGUE":"Quartz","LOCATION_DESCRIPTION":"On the S side of Trout Creek","LEGAL_DESCRIPTION":"sec. 12, T27N, R10E; sec. 7, T27N, R11E","LOCATION_ACCURACY":"coordinate accuracy highly variable","COUNTY":"Snohomish","LATITUDE":47.8444,"LONGITUDE":-121.4542,"MINING_DISTRICT":"Index","LOCATION_SOURCE":"USGS MAS/MILS Database ","ASSAYS":"yes","PRODUCTION":"","COMMENTS":"Assays are in Bulletin 37."}},{"type":"Feature","id":464,"geometry":{"type":"Point","coordinates":[-121.4931,47.8667]},"properties":{"OBJECTID":464,"SITE_ID":495,"SITE_NAME":"Charlotte","ALTERNATE_NAMES":"","PRIMARY_COMMODITY":"Copper (Cu)","COMMODITIES":"Copper, gold, silver","ORE_MINERALS":"Chalcopyrite, pyrite, chalcocite","GANGUE":"","LOCATION_DESCRIPTION":"About 0.5 mi SW of the Ethel mine on NW side of N Fork of Skykomish River","LEGAL_DESCRIPTION":"SW 1/4 of sec. 35, T28N, R10E","LOCATION_ACCURACY":"coordinate accuracy highly variable","COUNTY":"Snohomish","LATITUDE":47.8667,"LONGITUDE":-121.4931,"MINING_DISTRICT":"","LOCATION_SOURCE":"USGS MAS/MILS Database ","ASSAYS":"","PRODUCTION":"yes","COMMENTS":"Production information is in Bulletin 37."}},{"type":"Feature","id":465,"geometry":{"type":"Point","coordinates":[-121.5556,48.0708]},"properties":{"OBJECTID":465,"SITE_ID":496,"SITE_NAME":"Cleveland","ALTERNATE_NAMES":"","PRIMARY_COMMODITY":"Copper (Cu)","COMMODITIES":"Copper, gold, silver, lead","ORE_MINERALS":"Pyrite, chalcopyrite, arsenopyrite, galena","GANGUE":"","LOCATION_DESCRIPTION":"Adjoining the Copper Independent property","LEGAL_DESCRIPTION":"SW 1/4 of sec. 20, T30N, R10E","LOCATION_ACCURACY":"coordinate accuracy highly variable","COUNTY":"Snohomish","LATITUDE":48.0708,"LONGITUDE":-121.5556,"MINING_DISTRICT":"Silverton","LOCATION_SOURCE":"USGS MAS/MILS Database ","ASSAYS":"yes","PRODUCTION":"","COMMENTS":"Assays are in Bulletin 37."}},{"type":"Feature","id":467,"geometry":{"type":"Point","coordinates":[-121.5786,48.0986]},"properties":{"OBJECTID":467,"SITE_ID":498,"SITE_NAME":"Colts","ALTERNATE_NAMES":"","PRIMARY_COMMODITY":"Copper (Cu)","COMMODITIES":"Copper, silver, gold","ORE_MINERALS":"Chalcopyrite","GANGUE":"","LOCATION_DESCRIPTION":"On a fork of Deer Creek","LEGAL_DESCRIPTION":"SW 1/4 of sec. 7, T30N, R10E","LOCATION_ACCURACY":"coordinate accuracy highly variable","COUNTY":"Snohomish","LATITUDE":48.0986,"LONGITUDE":-121.5786,"MINING_DISTRICT":"Silverton","LOCATION_SOURCE":"USGS MAS/MILS Database ","ASSAYS":"yes","PRODUCTION":"","COMMENTS":"Assays are in Bulletin 37."}},{"type":"Feature","id":468,"geometry":{"type":"Point","coordinates":[-121.4181,47.8667]},"properties":{"OBJECTID":468,"SITE_ID":499,"SITE_NAME":"Commerical","ALTERNATE_NAMES":"","PRIMARY_COMMODITY":"Copper (Cu)","COMMODITIES":"Copper, gold","ORE_MINERALS":"Chalcopyrite, pyrite","GANGUE":"","LOCATION_DESCRIPTION":"","LEGAL_DESCRIPTION":"SE 1/4 of sec. 32, T28N, R11E","LOCATION_ACCURACY":"coordinate accuracy highly variable","COUNTY":"Snohomish","LATITUDE":47.8667,"LONGITUDE":-121.4181,"MINING_DISTRICT":"Index","LOCATION_SOURCE":"USGS MAS/MILS Database ","ASSAYS":"yes","PRODUCTION":"","COMMENTS":"Assays are in Bulletin 37."}},{"type":"Feature","id":469,"geometry":{"type":"Point","coordinates":[-121.4111,47.8533]},"properties":{"OBJECTID":469,"SITE_ID":500,"SITE_NAME":"Cooperative","ALTERNATE_NAMES":"Howard","PRIMARY_COMMODITY":"Copper (Cu)","COMMODITIES":"Copper, gold, silver, lead, zinc","ORE_MINERALS":"Chalcopyrite, bornite, pyrite","GANGUE":"","LOCATION_DESCRIPTION":"","LEGAL_DESCRIPTION":"SE 1/4 of sec. 29, T28N, R11E; sec. 4 and 5, T27N, R11E","LOCATION_ACCURACY":"coordinate accuracy highly variable","COUNTY":"Snohomish","LATITUDE":47.8533,"LONGITUDE":-121.4111,"MINING_DISTRICT":"","LOCATION_SOURCE":"USGS MAS/MILS Database ","ASSAYS":"yes","PRODUCTION":"","COMMENTS":"Assays are in Bulletin 37."}},{"type":"Feature","id":470,"geometry":{"type":"Point","coordinates":[-121.613111,47.848589]},"properties":{"OBJECTID":470,"SITE_ID":501,"SITE_NAME":"Copper Belle","ALTERNATE_NAMES":"Bunker Hill","PRIMARY_COMMODITY":"Copper (Cu)","COMMODITIES":"Copper, gold, silver, tungsten","ORE_MINERALS":"Chalcopyrite, bornite, magnetite, hematite","GANGUE":"Pyrite, quartz, calcite, crushed, altered granodiorite","LOCATION_DESCRIPTION":"On S slope of the mountain NE of the old station of Reiter","LEGAL_DESCRIPTION":"secs. 1, 2, 11, and 12, T27N, R9E","LOCATION_ACCURACY":"generally from USGS 7.5-minute topographic map","COUNTY":"Snohomish","LATITUDE":47.848589,"LONGITUDE":-121.613111,"MINING_DISTRICT":"Index","LOCATION_SOURCE":"Open File Report 90-18","ASSAYS":"yes","PRODUCTION":"yes","COMMENTS":"Assays are in Bulletin 37 and in the scanned files. Production information is in Bulletin 37."}},{"type":"Feature","id":471,"geometry":{"type":"Point","coordinates":[-121.4483,47.9314]},"properties":{"OBJECTID":471,"SITE_ID":502,"SITE_NAME":"Copper Chief","ALTERNATE_NAMES":"","PRIMARY_COMMODITY":"Copper (Cu)","COMMODITIES":"Copper, gold, silver, lead","ORE_MINERALS":"Chalcopyrite, galena, arsenopyrite","GANGUE":"","LOCATION_DESCRIPTION":"On W side of Silver Creek","LEGAL_DESCRIPTION":"NW 1/4 of sec. 7, T28N, R11E","LOCATION_ACCURACY":"coordinate accuracy highly variable","COUNTY":"Snohomish","LATITUDE":47.9314,"LONGITUDE":-121.4483,"MINING_DISTRICT":"","LOCATION_SOURCE":"USGS MAS/MILS Database ","ASSAYS":"yes","PRODUCTION":"","COMMENTS":"Assays are in Bulletin 37."}},{"type":"Feature","id":472,"geometry":{"type":"Point","coordinates":[-121.4722,47.8597]},"properties":{"OBJECTID":472,"SITE_ID":503,"SITE_NAME":"Copper King","ALTERNATE_NAMES":"","PRIMARY_COMMODITY":"Copper (Cu)","COMMODITIES":"Copper","ORE_MINERALS":"Black copper oxide, bornite, chalcopyrite, malachite","GANGUE":"","LOCATION_DESCRIPTION":"475 ft N of Sunset lode","LEGAL_DESCRIPTION":"NW 1/4 of sec. 1, T27N, R10E","LOCATION_ACCURACY":"coordinate accuracy highly variable","COUNTY":"Snohomish","LATITUDE":47.8597,"LONGITUDE":-121.4722,"MINING_DISTRICT":"","LOCATION_SOURCE":"USGS MAS/MILS Database ","ASSAYS":"","PRODUCTION":"yes","COMMENTS":"Production information is in Bulletin 37."}},{"type":"Feature","id":473,"geometry":{"type":"Point","coordinates":[-121.5908,48.0861]},"properties":{"OBJECTID":473,"SITE_ID":504,"SITE_NAME":"Copper Queen","ALTERNATE_NAMES":"","PRIMARY_COMMODITY":"Copper (Cu)","COMMODITIES":"Copper, gold","ORE_MINERALS":"Pyrrhotite","GANGUE":"","LOCATION_DESCRIPTION":"N of Silverton","LEGAL_DESCRIPTION":"sec. 13, T30N, R9E","LOCATION_ACCURACY":"coordinate accuracy highly variable","COUNTY":"Snohomish","LATITUDE":48.0861,"LONGITUDE":-121.5908,"MINING_DISTRICT":"","LOCATION_SOURCE":"USGS MAS/MILS Database ","ASSAYS":"yes","PRODUCTION":"","COMMENTS":"Assays are in Bulletin 37."}},{"type":"Feature","id":474,"geometry":{"type":"Point","coordinates":[-121.5789,48.0853]},"properties":{"OBJECTID":474,"SITE_ID":505,"SITE_NAME":"Copperhead","ALTERNATE_NAMES":"","PRIMARY_COMMODITY":"Copper (Cu)","COMMODITIES":"Copper, gold, silver","ORE_MINERALS":"Chalcopyrite","GANGUE":"","LOCATION_DESCRIPTION":"On Long Mtn.","LEGAL_DESCRIPTION":"SW 1/4 of sec. 18, T30N, R10E","LOCATION_ACCURACY":"coordinate accuracy highly variable","COUNTY":"Snohomish","LATITUDE":48.0853,"LONGITUDE":-121.5789,"MINING_DISTRICT":"","LOCATION_SOURCE":"USGS MAS/MILS Database ","ASSAYS":"yes","PRODUCTION":"","COMMENTS":"Assays are in Bulletin 37."}},{"type":"Feature","id":476,"geometry":{"type":"Point","coordinates":[-121.4389,47.9181]},"properties":{"OBJECTID":476,"SITE_ID":507,"SITE_NAME":"Covered Wagon","ALTERNATE_NAMES":"","PRIMARY_COMMODITY":"Copper (Cu)","COMMODITIES":"Copper, gold","ORE_MINERALS":"","GANGUE":"","LOCATION_DESCRIPTION":"On W side of Silver Creek, 0.5 mi N of Galena","LEGAL_DESCRIPTION":"NE 1/4 of sec. 19, T28N, R11E","LOCATION_ACCURACY":"coordinate accuracy highly variable","COUNTY":"Snohomish","LATITUDE":47.9181,"LONGITUDE":-121.4389,"MINING_DISTRICT":"","LOCATION_SOURCE":"USGS MAS/MILS Database ","ASSAYS":"","PRODUCTION":"","COMMENTS":""}},{"type":"Feature","id":479,"geometry":{"type":"Point","coordinates":[-121.4456,47.9547]},"properties":{"OBJECTID":479,"SITE_ID":511,"SITE_NAME":"Diamond Hitch","ALTERNATE_NAMES":"","PRIMARY_COMMODITY":"Copper (Cu)","COMMODITIES":"Copper, gold, silver","ORE_MINERALS":"Chalcopyrite, pyrite","GANGUE":"","LOCATION_DESCRIPTION":"On W Fork of Silver Creek","LEGAL_DESCRIPTION":"sec. 31, T29N, R11E","LOCATION_ACCURACY":"coordinate accuracy highly variable","COUNTY":"Snohomish","LATITUDE":47.9547,"LONGITUDE":-121.4456,"MINING_DISTRICT":"","LOCATION_SOURCE":"USGS MAS/MILS Database ","ASSAYS":"","PRODUCTION":"","COMMENTS":""}},{"type":"Feature","id":480,"geometry":{"type":"Point","coordinates":[-121.4919,47.9589]},"properties":{"OBJECTID":480,"SITE_ID":512,"SITE_NAME":"Doris","ALTERNATE_NAMES":"Blackman, Brown","PRIMARY_COMMODITY":"Copper (Cu)","COMMODITIES":"Copper, silver","ORE_MINERALS":"Chalcopyrite, pyrite, a small amount of sphalerite, a small amount of scheelite","GANGUE":"Quartz, brecciated metamorphics","LOCATION_DESCRIPTION":"","LEGAL_DESCRIPTION":"E 1/2 of sec. 34 and W 1/2 of sec. 35, T29N, R10E","LOCATION_ACCURACY":"coordinate accuracy highly variable","COUNTY":"Snohomish","LATITUDE":47.9589,"LONGITUDE":-121.4919,"MINING_DISTRICT":"Sultan","LOCATION_SOURCE":"USGS MAS/MILS Database ","ASSAYS":"","PRODUCTION":"","COMMENTS":""}},{"type":"Feature","id":482,"geometry":{"type":"Point","coordinates":[-121.3397,48.005]},"properties":{"OBJECTID":482,"SITE_ID":514,"SITE_NAME":"El Dorado","ALTERNATE_NAMES":"","PRIMARY_COMMODITY":"Copper (Cu)","COMMODITIES":"Copper, silver, gold","ORE_MINERALS":"Chalcopyrite, pyrite","GANGUE":"","LOCATION_DESCRIPTION":"0.75 mi SE of Goat Lake","LEGAL_DESCRIPTION":"NW 1/4 of sec. 13, T29N, R11E","LOCATION_ACCURACY":"coordinate accuracy highly variable","COUNTY":"Snohomish","LATITUDE":48.005,"LONGITUDE":-121.3397,"MINING_DISTRICT":"","LOCATION_SOURCE":"USGS MAS/MILS Database ","ASSAYS":"yes","PRODUCTION":"","COMMENTS":"Assays are in Bulletin 37."}},{"type":"Feature","id":483,"geometry":{"type":"Point","coordinates":[-121.4764,48.0136]},"properties":{"OBJECTID":483,"SITE_ID":515,"SITE_NAME":"Eldred","ALTERNATE_NAMES":"","PRIMARY_COMMODITY":"Copper (Cu)","COMMODITIES":"Copper, tungsten","ORE_MINERALS":"Pyrite, arsenopyrite, minor chalcopyrite,, scheelite","GANGUE":"","LOCATION_DESCRIPTION":"At headwaters of Stillaguamish River","LEGAL_DESCRIPTION":"sec. 11, T29N, R10E","LOCATION_ACCURACY":"coordinate accuracy highly variable","COUNTY":"Snohomish","LATITUDE":48.0136,"LONGITUDE":-121.4764,"MINING_DISTRICT":"","LOCATION_SOURCE":"USGS MAS/MILS Database ","ASSAYS":"","PRODUCTION":"","COMMENTS":""}},{"type":"Feature","id":484,"geometry":{"type":"Point","coordinates":[-121.526667,48.015795]},"properties":{"OBJECTID":484,"SITE_ID":516,"SITE_NAME":"\"48-55\"","ALTERNATE_NAMES":"Garnet, Vesper Peak","PRIMARY_COMMODITY":"Copper (Cu)","COMMODITIES":"Nonmetallics constitute principal value","ORE_MINERALS":"Small amounts chalcopyrite, arsenopyrite","GANGUE":"Calcite, grossularite, augite, diopside, epidote, prehnite, scapolite? vesuvianite, hillebrandite?","LOCATION_DESCRIPTION":"300 ft SW of ridge crest","LEGAL_DESCRIPTION":"center of sec. 9, T29N, R10E","LOCATION_ACCURACY":"coordinates estimated from legal description","COUNTY":"Snohomish","LATITUDE":48.0157949167632,"LONGITUDE":-121.526666731059,"MINING_DISTRICT":"","LOCATION_SOURCE":"Bulletin 37","ASSAYS":"","PRODUCTION":"","COMMENTS":""}},{"type":"Feature","id":485,"geometry":{"type":"Point","coordinates":[-121.495247,47.871114]},"properties":{"OBJECTID":485,"SITE_ID":517,"SITE_NAME":"Ethel","ALTERNATE_NAMES":"Ethel Consolidated","PRIMARY_COMMODITY":"Copper (Cu)","COMMODITIES":"Copper, gold, silver","ORE_MINERALS":"Chalcopyrite, bornite, chalcocite, fluorite","GANGUE":"Pyrite, quartz, calcite, decomposed granodiorite","LOCATION_DESCRIPTION":"About 5.5 mi NE of Index on S side of Excelsior Creek","LEGAL_DESCRIPTION":"secs. 34 and 35, T28N, R10E","LOCATION_ACCURACY":"generally from USGS 7.5-minute topographic map","COUNTY":"Snohomish","LATITUDE":47.871114,"LONGITUDE":-121.495247,"MINING_DISTRICT":"","LOCATION_SOURCE":"Open File Report 90-18","ASSAYS":"yes","PRODUCTION":"yes","COMMENTS":"Assays are in Bulletin 37. Production information is in Bulletin 37."}},{"type":"Feature","id":486,"geometry":{"type":"Point","coordinates":[-121.4772,48.0822]},"properties":{"OBJECTID":486,"SITE_ID":518,"SITE_NAME":"Eureka","ALTERNATE_NAMES":"","PRIMARY_COMMODITY":"Copper (Cu)","COMMODITIES":"Copper, silver, gold, lead","ORE_MINERALS":"Chalcopyrite, galena, tetrahedrite","GANGUE":"","LOCATION_DESCRIPTION":"On the divide between Perry and Falls Creeks","LEGAL_DESCRIPTION":"SE 1/4 of sec. 14, T30N, R10E","LOCATION_ACCURACY":"coordinate accuracy highly variable","COUNTY":"Snohomish","LATITUDE":48.0822,"LONGITUDE":-121.4772,"MINING_DISTRICT":"Silverton","LOCATION_SOURCE":"USGS MAS/MILS Database ","ASSAYS":"yes","PRODUCTION":"","COMMENTS":"Assays are in Bulletin 37."}},{"type":"Feature","id":487,"geometry":{"type":"Point","coordinates":[-121.5428,48.0764]},"properties":{"OBJECTID":487,"SITE_ID":519,"SITE_NAME":"Everett","ALTERNATE_NAMES":"","PRIMARY_COMMODITY":"Copper (Cu)","COMMODITIES":"Copper, gold, silver","ORE_MINERALS":"Chalcopyrite, pyrite, tetrahedrite","GANGUE":"","LOCATION_DESCRIPTION":"","LEGAL_DESCRIPTION":"NE 1/4 of sec. 20, T30N, R10E","LOCATION_ACCURACY":"coordinate accuracy highly variable","COUNTY":"Snohomish","LATITUDE":48.0764,"LONGITUDE":-121.5428,"MINING_DISTRICT":"Silverton","LOCATION_SOURCE":"USGS MAS/MILS Database ","ASSAYS":"","PRODUCTION":"","COMMENTS":""}},{"type":"Feature","id":488,"geometry":{"type":"Point","coordinates":[-121.4292,47.9028]},"properties":{"OBJECTID":488,"SITE_ID":520,"SITE_NAME":"Evergreen","ALTERNATE_NAMES":"","PRIMARY_COMMODITY":"Copper (Cu)","COMMODITIES":"Copper, gold, silver","ORE_MINERALS":"Chalcopyrite, pyrite","GANGUE":"","LOCATION_DESCRIPTION":"On E side of Silver Creek just above Galena","LEGAL_DESCRIPTION":"NW 1/4 of sec. 20, T28N, R11E","LOCATION_ACCURACY":"coordinate accuracy highly variable","COUNTY":"Snohomish","LATITUDE":47.9028,"LONGITUDE":-121.4292,"MINING_DISTRICT":"","LOCATION_SOURCE":"USGS MAS/MILS Database ","ASSAYS":"yes","PRODUCTION":"","COMMENTS":"Assays are in Bulletin 37."}},{"type":"Feature","id":489,"geometry":{"type":"Point","coordinates":[-121.491906,47.971031]},"properties":{"OBJECTID":489,"SITE_ID":521,"SITE_NAME":"Florence Rae","ALTERNATE_NAMES":"Rudebeck-Florence Rae","PRIMARY_COMMODITY":"Copper (Cu)","COMMODITIES":"Copper, silver, gold, nickel, lead, zinc, tungsten","ORE_MINERALS":"Chalcopyrite, sphalerite, galena, chromite, scheelite","GANGUE":"Pyrite, pyrrhotite, magnetite, specular hematite, quartz, calcite, amphibole, serpentine","LOCATION_DESCRIPTION":"","LEGAL_DESCRIPTION":"secs. 26 and 27, T29N, R10E","LOCATION_ACCURACY":"generally from USGS 7.5-minute topographic map","COUNTY":"Snohomish","LATITUDE":47.971031,"LONGITUDE":-121.491906,"MINING_DISTRICT":"","LOCATION_SOURCE":"Open File Report 90-18","ASSAYS":"yes","PRODUCTION":"yes","COMMENTS":"Assays are in Bulletin 37 and in the scanned files. Production information is in Bulletin 37."}},{"type":"Feature","id":490,"geometry":{"type":"Point","coordinates":[-121.48929,47.846595]},"properties":{"OBJECTID":490,"SITE_ID":522,"SITE_NAME":"Florence-Rae","ALTERNATE_NAMES":"","PRIMARY_COMMODITY":"Copper (Cu)","COMMODITIES":"Copper, gold, silver","ORE_MINERALS":"Chalcopyrite, bornite, pyrite, hematite","GANGUE":"Crushed, altered granodiorite","LOCATION_DESCRIPTION":"On the ridge between Trout and Bitter Creeks","LEGAL_DESCRIPTION":"sec. 2, T27N, R10E","LOCATION_ACCURACY":"coordinates estimated from legal description","COUNTY":"Snohomish","LATITUDE":47.8465951411483,"LONGITUDE":-121.489289834036,"MINING_DISTRICT":"Index","LOCATION_SOURCE":"Bulletin 37","ASSAYS":"yes","PRODUCTION":"","COMMENTS":"Assays are in Bulletin 37."}},{"type":"Feature","id":491,"geometry":{"type":"Point","coordinates":[-121.3383,47.9944]},"properties":{"OBJECTID":491,"SITE_ID":523,"SITE_NAME":"Foggy","ALTERNATE_NAMES":"Alleghaney, Penn","PRIMARY_COMMODITY":"Copper (Cu)","COMMODITIES":"Copper, gold, silver, lead, zinc, antimony, arsenic","ORE_MINERALS":"Arsenopyrite, pyrite, chalcopyrite, galena, sphalerite, stibnite, realgar","GANGUE":"Quartz","LOCATION_DESCRIPTION":"On the NE slope of Cadet Peak","LEGAL_DESCRIPTION":"SW 1/4 of the SW 1/4 of sec. 13, T29N, R11E","LOCATION_ACCURACY":"coordinate accuracy highly variable","COUNTY":"Snohomish","LATITUDE":47.9944,"LONGITUDE":-121.3383,"MINING_DISTRICT":"Monte Cristo","LOCATION_SOURCE":"USGS MAS/MILS Database ","ASSAYS":"yes","PRODUCTION":"","COMMENTS":"Assays are in Bulletin 37."}},{"type":"Feature","id":494,"geometry":{"type":"Point","coordinates":[-121.5669,48.0758]},"properties":{"OBJECTID":494,"SITE_ID":526,"SITE_NAME":"Four Brothers","ALTERNATE_NAMES":"","PRIMARY_COMMODITY":"Copper (Cu)","COMMODITIES":"Copper","ORE_MINERALS":"","GANGUE":"","LOCATION_DESCRIPTION":"West of the Helena group","LEGAL_DESCRIPTION":"NE 1/4 of sec. 19, T30N, R10E","LOCATION_ACCURACY":"coordinate accuracy highly variable","COUNTY":"Snohomish","LATITUDE":48.0758,"LONGITUDE":-121.5669,"MINING_DISTRICT":"Silverton","LOCATION_SOURCE":"USGS MAS/MILS Database ","ASSAYS":"","PRODUCTION":"","COMMENTS":""}},{"type":"Feature","id":495,"geometry":{"type":"Point","coordinates":[-121.5911,48.0858]},"properties":{"OBJECTID":495,"SITE_ID":527,"SITE_NAME":"Fox","ALTERNATE_NAMES":"","PRIMARY_COMMODITY":"Copper (Cu)","COMMODITIES":"Copper","ORE_MINERALS":"","GANGUE":"","LOCATION_DESCRIPTION":"Near Silverton on Long Mtn.","LEGAL_DESCRIPTION":"","LOCATION_ACCURACY":"coordinate accuracy highly variable","COUNTY":"Snohomish","LATITUDE":48.0858,"LONGITUDE":-121.5911,"MINING_DISTRICT":"","LOCATION_SOURCE":"USGS MAS/MILS Database ","ASSAYS":"yes","PRODUCTION":"","COMMENTS":"Assays are in Bulletin 37."}},{"type":"Feature","id":497,"geometry":{"type":"Point","coordinates":[-121.4392,47.9575]},"properties":{"OBJECTID":497,"SITE_ID":529,"SITE_NAME":"Gold Bar","ALTERNATE_NAMES":"","PRIMARY_COMMODITY":"Copper (Cu)","COMMODITIES":"Copper, lead, gold, silver","ORE_MINERALS":"Chalcopyrite, galena, pyrite","GANGUE":"","LOCATION_DESCRIPTION":"","LEGAL_DESCRIPTION":"sec. 31, T29N, R11E","LOCATION_ACCURACY":"coordinate accuracy highly variable","COUNTY":"Snohomish","LATITUDE":47.9575,"LONGITUDE":-121.4392,"MINING_DISTRICT":"Silver Creek","LOCATION_SOURCE":"USGS MAS/MILS Database ","ASSAYS":"","PRODUCTION":"","COMMENTS":""}},{"type":"Feature","id":500,"geometry":{"type":"Point","coordinates":[-121.5681,48.0522]},"properties":{"OBJECTID":500,"SITE_ID":532,"SITE_NAME":"Granite Mountain","ALTERNATE_NAMES":"","PRIMARY_COMMODITY":"Copper (Cu)","COMMODITIES":"Copper, gold","ORE_MINERALS":"Chalcopyrite, pyrite","GANGUE":"","LOCATION_DESCRIPTION":"On Marble Mtn.","LEGAL_DESCRIPTION":"","LOCATION_ACCURACY":"coordinate accuracy highly variable","COUNTY":"Snohomish","LATITUDE":48.0522,"LONGITUDE":-121.5681,"MINING_DISTRICT":"","LOCATION_SOURCE":"USGS MAS/MILS Database ","ASSAYS":"yes","PRODUCTION":"","COMMENTS":"Assays are in Bulletin 37."}},{"type":"Feature","id":501,"geometry":{"type":"Point","coordinates":[-121.4333,47.9139]},"properties":{"OBJECTID":501,"SITE_ID":533,"SITE_NAME":"Gray Eagle","ALTERNATE_NAMES":"","PRIMARY_COMMODITY":"Copper (Cu)","COMMODITIES":"Copper, silver, lead","ORE_MINERALS":"Galena, chalcopyrite","GANGUE":"","LOCATION_DESCRIPTION":"On E side of Silver Creek","LEGAL_DESCRIPTION":"sec. 17, T28N, R11E","LOCATION_ACCURACY":"coordinate accuracy highly variable","COUNTY":"Snohomish","LATITUDE":47.9139,"LONGITUDE":-121.4333,"MINING_DISTRICT":"","LOCATION_SOURCE":"USGS MAS/MILS Database ","ASSAYS":"","PRODUCTION":"","COMMENTS":""}},{"type":"Feature","id":504,"geometry":{"type":"Point","coordinates":[-121.4897,47.8261]},"properties":{"OBJECTID":504,"SITE_ID":536,"SITE_NAME":"Gunn Peak","ALTERNATE_NAMES":"","PRIMARY_COMMODITY":"Copper (Cu)","COMMODITIES":"Copper, silver, gold","ORE_MINERALS":"Chalcopyrite, bornite","GANGUE":"Crushed granodiorite","LOCATION_DESCRIPTION":"Near the headwaters of Canyon Creek, 3.5 mi NE of Index","LEGAL_DESCRIPTION":"sec. 14, T27N, R10E","LOCATION_ACCURACY":"coordinate accuracy highly variable","COUNTY":"Snohomish","LATITUDE":47.8261,"LONGITUDE":-121.4897,"MINING_DISTRICT":"","LOCATION_SOURCE":"USGS MAS/MILS Database ","ASSAYS":"yes","PRODUCTION":"","COMMENTS":"Assays are in Bulletin 37."}},{"type":"Feature","id":505,"geometry":{"type":"Point","coordinates":[-121.4411,47.9575]},"properties":{"OBJECTID":505,"SITE_ID":537,"SITE_NAME":"Hancock","ALTERNATE_NAMES":"","PRIMARY_COMMODITY":"Copper (Cu)","COMMODITIES":"Copper, gold, silver, nickel, cobalt","ORE_MINERALS":"Chalcopyrite, pyrite","GANGUE":"","LOCATION_DESCRIPTION":"0.5 mi N of Mineral City","LEGAL_DESCRIPTION":"sec. 31, T29N, R11E","LOCATION_ACCURACY":"coordinate accuracy highly variable","COUNTY":"Snohomish","LATITUDE":47.9575,"LONGITUDE":-121.4411,"MINING_DISTRICT":"Silver Creek","LOCATION_SOURCE":"USGS MAS/MILS Database ","ASSAYS":"","PRODUCTION":"","COMMENTS":""}},{"type":"Feature","id":508,"geometry":{"type":"Point","coordinates":[-121.4542,47.9542]},"properties":{"OBJECTID":508,"SITE_ID":540,"SITE_NAME":"Hard Pass","ALTERNATE_NAMES":"","PRIMARY_COMMODITY":"Copper (Cu)","COMMODITIES":"Copper, gold, silver","ORE_MINERALS":"Chalcopyrite, tetrahedrite","GANGUE":"","LOCATION_DESCRIPTION":"On W side of Sheep Gap Mtn.","LEGAL_DESCRIPTION":"SE 1/4 of sec. 36, T29N, R10E","LOCATION_ACCURACY":"coordinate accuracy highly variable","COUNTY":"Snohomish","LATITUDE":47.9542,"LONGITUDE":-121.4542,"MINING_DISTRICT":"","LOCATION_SOURCE":"USGS MAS/MILS Database ","ASSAYS":"","PRODUCTION":"","COMMENTS":""}},{"type":"Feature","id":511,"geometry":{"type":"Point","coordinates":[-121.539435,47.828676]},"properties":{"OBJECTID":511,"SITE_ID":543,"SITE_NAME":"Helena","ALTERNATE_NAMES":"","PRIMARY_COMMODITY":"Copper (Cu)","COMMODITIES":"Copper","ORE_MINERALS":"Chalcopyrite, bornite, pyrite","GANGUE":"Quartz, calcite, altered granodiorite","LOCATION_DESCRIPTION":"0.5 mi NE of Index","LEGAL_DESCRIPTION":"NW 1/4 of sec. 16, T27N, R10E","LOCATION_ACCURACY":"coordinates estimated from legal description","COUNTY":"Snohomish","LATITUDE":47.8286760751261,"LONGITUDE":-121.539435095514,"MINING_DISTRICT":"","LOCATION_SOURCE":"Bulletin 37","ASSAYS":"","PRODUCTION":"","COMMENTS":""}},{"type":"Feature","id":512,"geometry":{"type":"Point","coordinates":[-121.47,47.955]},"properties":{"OBJECTID":512,"SITE_ID":544,"SITE_NAME":"Helena and Sadie","ALTERNATE_NAMES":"Helena, Sadie","PRIMARY_COMMODITY":"Copper (Cu)","COMMODITIES":"Copper, gold, silver","ORE_MINERALS":"Chalcopyrite","GANGUE":"","LOCATION_DESCRIPTION":"On W side of Sheep Gap Mtn.","LEGAL_DESCRIPTION":"SW 1/4 of sec. 36, T29N, R10E","LOCATION_ACCURACY":"coordinate accuracy highly variable","COUNTY":"Snohomish","LATITUDE":47.955,"LONGITUDE":-121.47,"MINING_DISTRICT":"","LOCATION_SOURCE":"USGS MAS/MILS Database ","ASSAYS":"yes","PRODUCTION":"","COMMENTS":"Assays are in Bulletin 37."}},{"type":"Feature","id":514,"geometry":{"type":"Point","coordinates":[-121.5444,48.0694]},"properties":{"OBJECTID":514,"SITE_ID":546,"SITE_NAME":"Hoodoo","ALTERNATE_NAMES":"","PRIMARY_COMMODITY":"Copper (Cu)","COMMODITIES":"Copper, gold, silver","ORE_MINERALS":"Chalcopyrite, pyrite, pyrrhotite, stannite","GANGUE":"Quartz, calcite, country rock","LOCATION_DESCRIPTION":"On Hoodoo Gulch","LEGAL_DESCRIPTION":"SE 1/4 of sec. 20, T30N, R10E","LOCATION_ACCURACY":"coordinate accuracy highly variable","COUNTY":"Snohomish","LATITUDE":48.0694,"LONGITUDE":-121.5444,"MINING_DISTRICT":"Silverton","LOCATION_SOURCE":"USGS MAS/MILS Database ","ASSAYS":"yes","PRODUCTION":"","COMMENTS":"Assays are in Bulletin 37."}},{"type":"Feature","id":516,"geometry":{"type":"Point","coordinates":[-121.4606,48.0153]},"properties":{"OBJECTID":516,"SITE_ID":548,"SITE_NAME":"Hustler","ALTERNATE_NAMES":"","PRIMARY_COMMODITY":"Copper (Cu)","COMMODITIES":"Copper, arsenic, tungsten","ORE_MINERALS":"Chalcopyrite, pyrite, molybdenite, scheelite, arsenopyrite","GANGUE":"","LOCATION_DESCRIPTION":"At head of Stillaguamish River","LEGAL_DESCRIPTION":"sec. 12, T29N, R10E","LOCATION_ACCURACY":"coordinate accuracy highly variable","COUNTY":"Snohomish","LATITUDE":48.0153,"LONGITUDE":-121.4606,"MINING_DISTRICT":"","LOCATION_SOURCE":"USGS MAS/MILS Database ","ASSAYS":"","PRODUCTION":"","COMMENTS":""}},{"type":"Feature","id":517,"geometry":{"type":"Point","coordinates":[-121.55,48.0739]},"properties":{"OBJECTID":517,"SITE_ID":549,"SITE_NAME":"Imperial","ALTERNATE_NAMES":"","PRIMARY_COMMODITY":"Copper (Cu)","COMMODITIES":"Copper, silver, gold, lead","ORE_MINERALS":"Chalcopyrite, arsenopyrite, galena","GANGUE":"","LOCATION_DESCRIPTION":"About 1.5 mi E of Silverton","LEGAL_DESCRIPTION":"sec. 20, T30N, R10E","LOCATION_ACCURACY":"coordinate accuracy highly variable","COUNTY":"Snohomish","LATITUDE":48.0739,"LONGITUDE":-121.55,"MINING_DISTRICT":"","LOCATION_SOURCE":"USGS MAS/MILS Database ","ASSAYS":"yes","PRODUCTION":"","COMMENTS":"Assays are in Bulletin 37."}},{"type":"Feature","id":518,"geometry":{"type":"Point","coordinates":[-121.4356,47.9497]},"properties":{"OBJECTID":518,"SITE_ID":550,"SITE_NAME":"Independence","ALTERNATE_NAMES":"","PRIMARY_COMMODITY":"Copper (Cu)","COMMODITIES":"Copper","ORE_MINERALS":"Chalcopyrite, bornite","GANGUE":"","LOCATION_DESCRIPTION":"At Mineral City","LEGAL_DESCRIPTION":"sec. 6, T28N, R11E","LOCATION_ACCURACY":"coordinate accuracy highly variable","COUNTY":"Snohomish","LATITUDE":47.9497,"LONGITUDE":-121.4356,"MINING_DISTRICT":"","LOCATION_SOURCE":"USGS MAS/MILS Database ","ASSAYS":"yes","PRODUCTION":"","COMMENTS":"Assays are in Bulletin 37."}},{"type":"Feature","id":519,"geometry":{"type":"Point","coordinates":[-121.5011,47.8172]},"properties":{"OBJECTID":519,"SITE_ID":551,"SITE_NAME":"Index Bornite","ALTERNATE_NAMES":"","PRIMARY_COMMODITY":"Copper (Cu)","COMMODITIES":"Copper, silver","ORE_MINERALS":"Chalcopyrite, bornite, chalcocite","GANGUE":"Quartz, calcite, crushed granodiorite","LOCATION_DESCRIPTION":"On Lewis Creek 2.5 mi E of Index","LEGAL_DESCRIPTION":"secs. 22 and 23, T27N, R10E","LOCATION_ACCURACY":"coordinate accuracy highly variable","COUNTY":"Snohomish","LATITUDE":47.8172,"LONGITUDE":-121.5011,"MINING_DISTRICT":"","LOCATION_SOURCE":"USGS MAS/MILS Database ","ASSAYS":"yes","PRODUCTION":"","COMMENTS":"Assays are in Bulletin 37."}},{"type":"Feature","id":520,"geometry":{"type":"Point","coordinates":[-121.4778,47.8236]},"properties":{"OBJECTID":520,"SITE_ID":552,"SITE_NAME":"Index Peacock","ALTERNATE_NAMES":"","PRIMARY_COMMODITY":"Copper (Cu)","COMMODITIES":"Copper","ORE_MINERALS":"Chalcopyrite, bornite","GANGUE":"","LOCATION_DESCRIPTION":"On Canyon Creek above the Gunn Peak prospect","LEGAL_DESCRIPTION":"sec. 14, T27N, R10E","LOCATION_ACCURACY":"coordinate accuracy highly variable","COUNTY":"Snohomish","LATITUDE":47.8236,"LONGITUDE":-121.4778,"MINING_DISTRICT":"Index","LOCATION_SOURCE":"USGS MAS/MILS Database ","ASSAYS":"","PRODUCTION":"","COMMENTS":""}},{"type":"Feature","id":521,"geometry":{"type":"Point","coordinates":[-121.496319,47.977461]},"properties":{"OBJECTID":521,"SITE_ID":553,"SITE_NAME":"Iowa","ALTERNATE_NAMES":"Mint","PRIMARY_COMMODITY":"Copper (Cu)","COMMODITIES":"Copper, gold, silver","ORE_MINERALS":"Chalcopyrite, scheelite, powellite, molybdenite, sphalerite, bornite, malachite","GANGUE":"Pyrite, quartz, calcite, chlorite","LOCATION_DESCRIPTION":"","LEGAL_DESCRIPTION":"NW 1/4 of sec. 27, T29N, R10E","LOCATION_ACCURACY":"generally from USGS 7.5-minute topographic map","COUNTY":"Snohomish","LATITUDE":47.977461,"LONGITUDE":-121.496319,"MINING_DISTRICT":"Sultan","LOCATION_SOURCE":"Open File Report 90-18","ASSAYS":"yes","PRODUCTION":"yes","COMMENTS":"Assays are in Bulletin 37. Production information is in Bulletin 37."}},{"type":"Feature","id":522,"geometry":{"type":"Point","coordinates":[-121.4442,47.9278]},"properties":{"OBJECTID":522,"SITE_ID":554,"SITE_NAME":"Jamboree","ALTERNATE_NAMES":"","PRIMARY_COMMODITY":"Copper (Cu)","COMMODITIES":"Copper, gold","ORE_MINERALS":"Arsenopyrite, chalcopyrite","GANGUE":"","LOCATION_DESCRIPTION":"","LEGAL_DESCRIPTION":"sec. 7, T28N, R11E","LOCATION_ACCURACY":"coordinate accuracy highly variable","COUNTY":"Snohomish","LATITUDE":47.9278,"LONGITUDE":-121.4442,"MINING_DISTRICT":"Silver Creek","LOCATION_SOURCE":"USGS MAS/MILS Database ","ASSAYS":"","PRODUCTION":"","COMMENTS":""}},{"type":"Feature","id":523,"geometry":{"type":"Point","coordinates":[-121.5053,47.9764]},"properties":{"OBJECTID":523,"SITE_ID":555,"SITE_NAME":"Jerry Chatman","ALTERNATE_NAMES":"","PRIMARY_COMMODITY":"Copper (Cu)","COMMODITIES":"Copper, tungsten","ORE_MINERALS":"Chalcopyrite, bornite, scheelite, malachite","GANGUE":"Quartz, brecciated quartzite, chlorite, serpentine","LOCATION_DESCRIPTION":"","LEGAL_DESCRIPTION":"N 1/2 of sec. 27, T29N, R10E","LOCATION_ACCURACY":"coordinate accuracy highly variable","COUNTY":"Snohomish","LATITUDE":47.9764,"LONGITUDE":-121.5053,"MINING_DISTRICT":"Sultan","LOCATION_SOURCE":"USGS MAS/MILS Database ","ASSAYS":"","PRODUCTION":"","COMMENTS":""}},{"type":"Feature","id":524,"geometry":{"type":"Point","coordinates":[-121.8192,47.9325]},"properties":{"OBJECTID":524,"SITE_ID":556,"SITE_NAME":"Johnson","ALTERNATE_NAMES":"","PRIMARY_COMMODITY":"Copper (Cu)","COMMODITIES":"Copper","ORE_MINERALS":"","GANGUE":"","LOCATION_DESCRIPTION":"","LEGAL_DESCRIPTION":"NE 1/4 of sec. 7 and N 1/2 of the NW 1/4 sec. 8, T28N, R8E","LOCATION_ACCURACY":"coordinate accuracy highly variable","COUNTY":"Snohomish","LATITUDE":47.9325,"LONGITUDE":-121.8192,"MINING_DISTRICT":"","LOCATION_SOURCE":"USGS MAS/MILS Database ","ASSAYS":"yes","PRODUCTION":"","COMMENTS":"Assays are in Bulletin 37."}},{"type":"Feature","id":525,"geometry":{"type":"Point","coordinates":[-121.4444,47.9097]},"properties":{"OBJECTID":525,"SITE_ID":558,"SITE_NAME":"Kazian","ALTERNATE_NAMES":"","PRIMARY_COMMODITY":"Copper (Cu)","COMMODITIES":"Copper, lead, zinc","ORE_MINERALS":"Chalcocite, covellite","GANGUE":"","LOCATION_DESCRIPTION":"","LEGAL_DESCRIPTION":"S center of sec. 18, T28N, R11E","LOCATION_ACCURACY":"coordinate accuracy highly variable","COUNTY":"Snohomish","LATITUDE":47.9097,"LONGITUDE":-121.4444,"MINING_DISTRICT":"","LOCATION_SOURCE":"USGS MAS/MILS Database ","ASSAYS":"","PRODUCTION":"","COMMENTS":""}},{"type":"Feature","id":526,"geometry":{"type":"Point","coordinates":[-121.4917,47.9931]},"properties":{"OBJECTID":526,"SITE_ID":559,"SITE_NAME":"Kelly Creek","ALTERNATE_NAMES":"","PRIMARY_COMMODITY":"Copper (Cu)","COMMODITIES":"Copper","ORE_MINERALS":"Pyrite, pyrrhotite, small amount of chalcopyrite","GANGUE":"","LOCATION_DESCRIPTION":"","LEGAL_DESCRIPTION":"NW 1/4 of sec. 23, T29N, R10E","LOCATION_ACCURACY":"coordinate accuracy highly variable","COUNTY":"Snohomish","LATITUDE":47.9931,"LONGITUDE":-121.4917,"MINING_DISTRICT":"","LOCATION_SOURCE":"USGS MAS/MILS Database ","ASSAYS":"","PRODUCTION":"","COMMENTS":""}},{"type":"Feature","id":527,"geometry":{"type":"Point","coordinates":[-121.7847,47.9722]},"properties":{"OBJECTID":527,"SITE_ID":560,"SITE_NAME":"Keystone","ALTERNATE_NAMES":"Hammond","PRIMARY_COMMODITY":"Copper (Cu)","COMMODITIES":"Copper, gold, silver","ORE_MINERALS":"Chalcopyrite","GANGUE":"","LOCATION_DESCRIPTION":"","LEGAL_DESCRIPTION":"sec. 28, T29N, R8E","LOCATION_ACCURACY":"coordinate accuracy highly variable","COUNTY":"Snohomish","LATITUDE":47.9722,"LONGITUDE":-121.7847,"MINING_DISTRICT":"Sultan","LOCATION_SOURCE":"USGS MAS/MILS Database ","ASSAYS":"yes","PRODUCTION":"","COMMENTS":"Assays are in Bulletin 37."}},{"type":"Feature","id":529,"geometry":{"type":"Point","coordinates":[-121.455,47.8744]},"properties":{"OBJECTID":529,"SITE_ID":562,"SITE_NAME":"Kitanning","ALTERNATE_NAMES":"","PRIMARY_COMMODITY":"Copper (Cu)","COMMODITIES":"Copper","ORE_MINERALS":"Chalcopyrite, bornite, chalcocite, pyrite","GANGUE":"Quartz, crushed granodiorite","LOCATION_DESCRIPTION":"On N side of the divide between Trout and Lost Creeks","LEGAL_DESCRIPTION":"sec. 36, T28N, R10E; sec. 31, T28N, R11E","LOCATION_ACCURACY":"coordinate accuracy highly variable","COUNTY":"Snohomish","LATITUDE":47.8744,"LONGITUDE":-121.455,"MINING_DISTRICT":"Index","LOCATION_SOURCE":"USGS MAS/MILS Database ","ASSAYS":"","PRODUCTION":"","COMMENTS":""}},{"type":"Feature","id":530,"geometry":{"type":"Point","coordinates":[-121.5929,47.916061]},"properties":{"OBJECTID":530,"SITE_ID":563,"SITE_NAME":"Kromona","ALTERNATE_NAMES":"Jones, Scriber","PRIMARY_COMMODITY":"Copper (Cu)","COMMODITIES":"Copper, silver, gold, molybdenum, tungsten","ORE_MINERALS":"Chalcopyrite, molybdenite, scheelite, powellite, bornite, malachite","GANGUE":"Pyrite, pyrrhotite, marcasite, quartz, calcite, shattered wall rock","LOCATION_DESCRIPTION":"In Sultan Basin","LEGAL_DESCRIPTION":"near center of sec. 13, T28N, R9E","LOCATION_ACCURACY":"generally from USGS 7.5-minute topographic map","COUNTY":"Snohomish","LATITUDE":47.916061,"LONGITUDE":-121.5929,"MINING_DISTRICT":"","LOCATION_SOURCE":"Open File Report 90-18","ASSAYS":"yes","PRODUCTION":"yes","COMMENTS":"Assays are in Bulletin 37 and in the scanned files. Production information is in Bulletin 37."}},{"type":"Feature","id":531,"geometry":{"type":"Point","coordinates":[-121.580767,47.792678]},"properties":{"OBJECTID":531,"SITE_ID":564,"SITE_NAME":"Lake Serene","ALTERNATE_NAMES":"Index, Index-Independent, Pride of Index, Wilbur Index","PRIMARY_COMMODITY":"Copper (Cu)","COMMODITIES":"Copper, gold, silver","ORE_MINERALS":"Bornite, chalcopyrite, chalcocite, azurite","GANGUE":"Pyrite, quartz","LOCATION_DESCRIPTION":"About 2 mi S of Index","LEGAL_DESCRIPTION":"SW 1/4 of sec. 30, T27N, R10E","LOCATION_ACCURACY":"generally from USGS 7.5-minute topographic map","COUNTY":"Snohomish","LATITUDE":47.792678,"LONGITUDE":-121.580767,"MINING_DISTRICT":"","LOCATION_SOURCE":"Open File Report 90-18","ASSAYS":"yes","PRODUCTION":"yes","COMMENTS":"Assays are in Bulletin 37. Production information is in Bulletin 37."}},{"type":"Feature","id":532,"geometry":{"type":"Point","coordinates":[-121.425,47.9278]},"properties":{"OBJECTID":532,"SITE_ID":566,"SITE_NAME":"Last Dollar","ALTERNATE_NAMES":"","PRIMARY_COMMODITY":"Copper (Cu)","COMMODITIES":"Copper, gold","ORE_MINERALS":"Chalcopyrite, pyrite","GANGUE":"","LOCATION_DESCRIPTION":"Adjacent to the Bluff prospect","LEGAL_DESCRIPTION":"sec. 8, T28N, R11E","LOCATION_ACCURACY":"coordinate accuracy highly variable","COUNTY":"Snohomish","LATITUDE":47.9278,"LONGITUDE":-121.425,"MINING_DISTRICT":"Silver Creek","LOCATION_SOURCE":"USGS MAS/MILS Database ","ASSAYS":"yes","PRODUCTION":"","COMMENTS":"Assays are in Bulletin 37."}},{"type":"Feature","id":533,"geometry":{"type":"Point","coordinates":[-121.4186,47.9711]},"properties":{"OBJECTID":533,"SITE_ID":567,"SITE_NAME":"Lida","ALTERNATE_NAMES":"","PRIMARY_COMMODITY":"Copper (Cu)","COMMODITIES":"Copper, gold, silver","ORE_MINERALS":"Chalcopyrite, arsenopyrite, pyrite","GANGUE":"","LOCATION_DESCRIPTION":"Adjoining the Edison property on the NE","LEGAL_DESCRIPTION":"sec. 29, T29N, R11E","LOCATION_ACCURACY":"coordinate accuracy highly variable","COUNTY":"Snohomish","LATITUDE":47.9711,"LONGITUDE":-121.4186,"MINING_DISTRICT":"Silver Creek","LOCATION_SOURCE":"USGS MAS/MILS Database ","ASSAYS":"","PRODUCTION":"","COMMENTS":""}},{"type":"Feature","id":534,"geometry":{"type":"Point","coordinates":[-121.5469,48.0333]},"properties":{"OBJECTID":534,"SITE_ID":568,"SITE_NAME":"Little Chief","ALTERNATE_NAMES":"","PRIMARY_COMMODITY":"Copper (Cu)","COMMODITIES":"Copper, gold, silver, cobalt, nickel","ORE_MINERALS":"Chalcopyrite, pyrrhotite, arsenopyrite, copper carbonate","GANGUE":"Quartz, calcite, amphibole","LOCATION_DESCRIPTION":"","LEGAL_DESCRIPTION":"N 1/2 of sec. 5, T29N, R10E","LOCATION_ACCURACY":"coordinate accuracy highly variable","COUNTY":"Snohomish","LATITUDE":48.0333,"LONGITUDE":-121.5469,"MINING_DISTRICT":"","LOCATION_SOURCE":"USGS MAS/MILS Database ","ASSAYS":"yes","PRODUCTION":"","COMMENTS":"Assays are in Bulletin 37."}},{"type":"Feature","id":535,"geometry":{"type":"Point","coordinates":[-121.4278,47.9625]},"properties":{"OBJECTID":535,"SITE_ID":569,"SITE_NAME":"Lost Creek","ALTERNATE_NAMES":"","PRIMARY_COMMODITY":"Copper (Cu)","COMMODITIES":"Copper, gold, silver","ORE_MINERALS":"Chalcopyrite, bornite, chalcocite, pyrite","GANGUE":"Quartz, quartzite","LOCATION_DESCRIPTION":"Along Lost Creek","LEGAL_DESCRIPTION":"secs. 29, 31, and 32, T28N, R11E","LOCATION_ACCURACY":"coordinate accuracy highly variable","COUNTY":"Snohomish","LATITUDE":47.9625,"LONGITUDE":-121.4278,"MINING_DISTRICT":"Index","LOCATION_SOURCE":"USGS MAS/MILS Database ","ASSAYS":"yes","PRODUCTION":"","COMMENTS":"Assays are in Bulletin 37."}},{"type":"Feature","id":536,"geometry":{"type":"Point","coordinates":[-121.5886,48.0747]},"properties":{"OBJECTID":536,"SITE_ID":570,"SITE_NAME":"Lucky Strike","ALTERNATE_NAMES":"","PRIMARY_COMMODITY":"Copper (Cu)","COMMODITIES":"Copper","ORE_MINERALS":"","GANGUE":"","LOCATION_DESCRIPTION":"","LEGAL_DESCRIPTION":"sec. 24, T30N, R9E","LOCATION_ACCURACY":"coordinate accuracy highly variable","COUNTY":"Snohomish","LATITUDE":48.0747,"LONGITUDE":-121.5886,"MINING_DISTRICT":"","LOCATION_SOURCE":"USGS MAS/MILS Database ","ASSAYS":"","PRODUCTION":"","COMMENTS":""}},{"type":"Feature","id":538,"geometry":{"type":"Point","coordinates":[-121.442022,47.981431]},"properties":{"OBJECTID":538,"SITE_ID":572,"SITE_NAME":"Mackinaw","ALTERNATE_NAMES":"Weden Creek","PRIMARY_COMMODITY":"Copper (Cu)","COMMODITIES":"Copper, nickel, cobalt, gold, silver, uranium","ORE_MINERALS":"Chalcopyrite, malachite, chrysocolla, garnierite, erythrite, chloanthite, cubanite, pentlandite","GANGUE":"Pyrite, pyrrhotite, quartz, calcite, serpentine","LOCATION_DESCRIPTION":"On W Fork Weden Creek, about 3 mi from Monte Cristo","LEGAL_DESCRIPTION":"SE 1/4 of the SW 1/4 of sec. 19, T29N, R11E","LOCATION_ACCURACY":"generally from USGS 7.5-minute topographic map","COUNTY":"Snohomish","LATITUDE":47.981431,"LONGITUDE":-121.442022,"MINING_DISTRICT":"","LOCATION_SOURCE":"Open File Report 90-18","ASSAYS":"yes","PRODUCTION":"yes","COMMENTS":"Assays are in Bulletin 37 and in the scanned files. Production information is in Bulletin 37."}},{"type":"Feature","id":539,"geometry":{"type":"Point","coordinates":[-121.5492,48.0597]},"properties":{"OBJECTID":539,"SITE_ID":573,"SITE_NAME":"Mamie","ALTERNATE_NAMES":"","PRIMARY_COMMODITY":"Copper (Cu)","COMMODITIES":"Copper","ORE_MINERALS":"","GANGUE":"","LOCATION_DESCRIPTION":"About 2 mi S of Silverton","LEGAL_DESCRIPTION":"sec. 29, T30N, R10E","LOCATION_ACCURACY":"coordinate accuracy highly variable","COUNTY":"Snohomish","LATITUDE":48.0597,"LONGITUDE":-121.5492,"MINING_DISTRICT":"","LOCATION_SOURCE":"USGS MAS/MILS Database ","ASSAYS":"","PRODUCTION":"yes","COMMENTS":"Production information is in Bulletin 37."}},{"type":"Feature","id":541,"geometry":{"type":"Point","coordinates":[-121.4783,47.9414]},"properties":{"OBJECTID":541,"SITE_ID":576,"SITE_NAME":"Marvel","ALTERNATE_NAMES":"","PRIMARY_COMMODITY":"Copper (Cu)","COMMODITIES":"Copper","ORE_MINERALS":"Chalcopyrite, small amounts of pyrrhotite, scheelite, sphalerite","GANGUE":"Quartz","LOCATION_DESCRIPTION":"","LEGAL_DESCRIPTION":"SW 1/4 of sec. 2, T28N, R10E","LOCATION_ACCURACY":"coordinate accuracy highly variable","COUNTY":"Snohomish","LATITUDE":47.9414,"LONGITUDE":-121.4783,"MINING_DISTRICT":"","LOCATION_SOURCE":"USGS MAS/MILS Database ","ASSAYS":"","PRODUCTION":"","COMMENTS":""}},{"type":"Feature","id":542,"geometry":{"type":"Point","coordinates":[-121.4417,47.8306]},"properties":{"OBJECTID":542,"SITE_ID":577,"SITE_NAME":"Merchant","ALTERNATE_NAMES":"Copper, Empire","PRIMARY_COMMODITY":"Copper (Cu)","COMMODITIES":"Copper","ORE_MINERALS":"Chalcopyrite, bornite, pyrite, magnetite, hematite","GANGUE":"Quartz, crushed county rock","LOCATION_DESCRIPTION":"On W side of Trout Creek about 4 mi from its mouth","LEGAL_DESCRIPTION":"center S 1/2 of sec. 18, T27N, R11E","LOCATION_ACCURACY":"coordinate accuracy highly variable","COUNTY":"Snohomish","LATITUDE":47.8306,"LONGITUDE":-121.4417,"MINING_DISTRICT":"","LOCATION_SOURCE":"USGS MAS/MILS Database ","ASSAYS":"","PRODUCTION":"","COMMENTS":""}},{"type":"Feature","id":543,"geometry":{"type":"Point","coordinates":[-121.4383,47.9389]},"properties":{"OBJECTID":543,"SITE_ID":578,"SITE_NAME":"Mineral Mines","ALTERNATE_NAMES":"","PRIMARY_COMMODITY":"Copper (Cu)","COMMODITIES":"Copper, gold, silver, lead, zinc","ORE_MINERALS":"Chalcopyrite, pyrite, galena, sphalerite","GANGUE":"","LOCATION_DESCRIPTION":"","LEGAL_DESCRIPTION":"SE 1/4 of sec. 6, T28N, R11E","LOCATION_ACCURACY":"coordinate accuracy highly variable","COUNTY":"Snohomish","LATITUDE":47.9389,"LONGITUDE":-121.4383,"MINING_DISTRICT":"","LOCATION_SOURCE":"USGS MAS/MILS Database ","ASSAYS":"","PRODUCTION":"yes","COMMENTS":"Production information is in OFR 90-18."}},{"type":"Feature","id":544,"geometry":{"type":"Point","coordinates":[-121.6128,48.0872]},"properties":{"OBJECTID":544,"SITE_ID":579,"SITE_NAME":"Monitor and Sterling","ALTERNATE_NAMES":"Monitor, Sterling","PRIMARY_COMMODITY":"Copper (Cu)","COMMODITIES":"Copper, gold, silver","ORE_MINERALS":"Chalcopyrite, tetrahedrite","GANGUE":"","LOCATION_DESCRIPTION":"On Marten Creek","LEGAL_DESCRIPTION":"sec. 14, T30N, R9E","LOCATION_ACCURACY":"coordinate accuracy highly variable","COUNTY":"Snohomish","LATITUDE":48.0872,"LONGITUDE":-121.6128,"MINING_DISTRICT":"Silverton","LOCATION_SOURCE":"USGS MAS/MILS Database ","ASSAYS":"","PRODUCTION":"","COMMENTS":""}},{"type":"Feature","id":548,"geometry":{"type":"Point","coordinates":[-121.4433,47.9578]},"properties":{"OBJECTID":548,"SITE_ID":583,"SITE_NAME":"National","ALTERNATE_NAMES":"","PRIMARY_COMMODITY":"Copper (Cu)","COMMODITIES":"Copper, gold, silver","ORE_MINERALS":"Chalcopyrite, pyrite, marcasite, arsenopyrite","GANGUE":"","LOCATION_DESCRIPTION":"On E side of the W Fork of Silver Creek","LEGAL_DESCRIPTION":"sec. 31, T29N, R11E","LOCATION_ACCURACY":"coordinate accuracy highly variable","COUNTY":"Snohomish","LATITUDE":47.9578,"LONGITUDE":-121.4433,"MINING_DISTRICT":"","LOCATION_SOURCE":"USGS MAS/MILS Database ","ASSAYS":"yes","PRODUCTION":"","COMMENTS":"Assays are in Bulletin 37."}},{"type":"Feature","id":550,"geometry":{"type":"Point","coordinates":[-121.3403,48.0056]},"properties":{"OBJECTID":550,"SITE_ID":585,"SITE_NAME":"Nevada","ALTERNATE_NAMES":"","PRIMARY_COMMODITY":"Copper (Cu)","COMMODITIES":"Copper, gold, silver","ORE_MINERALS":"Chalcopyrite, pyrite","GANGUE":"","LOCATION_DESCRIPTION":"0.25 mi SE of Goat Lake","LEGAL_DESCRIPTION":"sec. 12, T29N, R11E","LOCATION_ACCURACY":"coordinate accuracy highly variable","COUNTY":"Snohomish","LATITUDE":48.0056,"LONGITUDE":-121.3403,"MINING_DISTRICT":"","LOCATION_SOURCE":"USGS MAS/MILS Database ","ASSAYS":"","PRODUCTION":"","COMMENTS":""}},{"type":"Feature","id":551,"geometry":{"type":"Point","coordinates":[-121.5564,48.0675]},"properties":{"OBJECTID":551,"SITE_ID":586,"SITE_NAME":"New York","ALTERNATE_NAMES":"","PRIMARY_COMMODITY":"Copper (Cu)","COMMODITIES":"Copper, gold, silver","ORE_MINERALS":"Arsenopyrite, chalcopyrite","GANGUE":"","LOCATION_DESCRIPTION":"","LEGAL_DESCRIPTION":"SW 1/4 of sec. 20, T30N, R10E","LOCATION_ACCURACY":"coordinate accuracy highly variable","COUNTY":"Snohomish","LATITUDE":48.0675,"LONGITUDE":-121.5564,"MINING_DISTRICT":"Silverton","LOCATION_SOURCE":"USGS MAS/MILS Database ","ASSAYS":"yes","PRODUCTION":"","COMMENTS":"Assays are in Bulletin 37."}},{"type":"Feature","id":552,"geometry":{"type":"Point","coordinates":[-121.4147,47.9481]},"properties":{"OBJECTID":552,"SITE_ID":587,"SITE_NAME":"New York-Seattle","ALTERNATE_NAMES":"","PRIMARY_COMMODITY":"Copper (Cu)","COMMODITIES":"Copper, gold, silver","ORE_MINERALS":"","GANGUE":"","LOCATION_DESCRIPTION":"","LEGAL_DESCRIPTION":"sec. 4, T28N, R11E","LOCATION_ACCURACY":"coordinate accuracy highly variable","COUNTY":"Snohomish","LATITUDE":47.9481,"LONGITUDE":-121.4147,"MINING_DISTRICT":"Silver Creek","LOCATION_SOURCE":"USGS MAS/MILS Database ","ASSAYS":"yes","PRODUCTION":"yes","COMMENTS":"Assays are in Bulletin 37. Production information is in Bulletin 37."}},{"type":"Feature","id":553,"geometry":{"type":"Point","coordinates":[-121.5275,48.0711]},"properties":{"OBJECTID":553,"SITE_ID":588,"SITE_NAME":"Nickel Bird","ALTERNATE_NAMES":"","PRIMARY_COMMODITY":"Copper (Cu)","COMMODITIES":"Copper, lead, silver","ORE_MINERALS":"Chalcopyrite, pyrrhotite, argentiferous galena","GANGUE":"Quartz, calcite","LOCATION_DESCRIPTION":"","LEGAL_DESCRIPTION":"sec. 21, T30N, R10E","LOCATION_ACCURACY":"coordinate accuracy highly variable","COUNTY":"Snohomish","LATITUDE":48.0711,"LONGITUDE":-121.5275,"MINING_DISTRICT":"","LOCATION_SOURCE":"USGS MAS/MILS Database ","ASSAYS":"","PRODUCTION":"","COMMENTS":""}},{"type":"Feature","id":554,"geometry":{"type":"Point","coordinates":[-121.4453,47.85]},"properties":{"OBJECTID":554,"SITE_ID":589,"SITE_NAME":"Non Pareil","ALTERNATE_NAMES":"","PRIMARY_COMMODITY":"Copper (Cu)","COMMODITIES":"Copper, gold, silver, cobalt, nickel","ORE_MINERALS":"Chalcopyrite, bornite, pyrite, chalcocite, malachite","GANGUE":"Quartz, altered granodiorite","LOCATION_DESCRIPTION":"On NE side of Trout Creek","LEGAL_DESCRIPTION":"SW 1/4 of sec. 6, T27N, R11E","LOCATION_ACCURACY":"coordinate accuracy highly variable","COUNTY":"Snohomish","LATITUDE":47.85,"LONGITUDE":-121.4453,"MINING_DISTRICT":"","LOCATION_SOURCE":"USGS MAS/MILS Database ","ASSAYS":"yes","PRODUCTION":"","COMMENTS":"Assays are in Bulletin 37."}},{"type":"Feature","id":555,"geometry":{"type":"Point","coordinates":[-121.5319,47.85]},"properties":{"OBJECTID":555,"SITE_ID":590,"SITE_NAME":"North Star","ALTERNATE_NAMES":"","PRIMARY_COMMODITY":"Copper (Cu)","COMMODITIES":"Copper","ORE_MINERALS":"Chalcopyrite, bornite, pyrite","GANGUE":"Quartz, crushed and altered granodiorite","LOCATION_DESCRIPTION":"At the headwaters of N Star Creek","LEGAL_DESCRIPTION":"sec. 4, T27N, R10E","LOCATION_ACCURACY":"coordinate accuracy highly variable","COUNTY":"Snohomish","LATITUDE":47.85,"LONGITUDE":-121.5319,"MINING_DISTRICT":"Index","LOCATION_SOURCE":"USGS MAS/MILS Database ","ASSAYS":"","PRODUCTION":"","COMMENTS":""}},{"type":"Feature","id":556,"geometry":{"type":"Point","coordinates":[-121.402625,47.984172]},"properties":{"OBJECTID":556,"SITE_ID":591,"SITE_NAME":"O and B","ALTERNATE_NAMES":"O & B","PRIMARY_COMMODITY":"Copper (Cu)","COMMODITIES":"Copper, gold, silver","ORE_MINERALS":"Chalcopyrite, galena, sphalerite, realgar","GANGUE":"Pyrite, arsenopyrite, quartz, calcite","LOCATION_DESCRIPTION":"About 0.5 mi SW of Monte Cristo on slope of Silvertip Peak","LEGAL_DESCRIPTION":"sec. 21 or NW 1/4 sec. 28, T29N, R11E","LOCATION_ACCURACY":"generally from USGS 7.5-minute topographic map","COUNTY":"Snohomish","LATITUDE":47.984172,"LONGITUDE":-121.402625,"MINING_DISTRICT":"","LOCATION_SOURCE":"Open File Report 90-18","ASSAYS":"yes","PRODUCTION":"yes","COMMENTS":"Assays are in Bulletin 37. Production information is in Bulletin 37."}},{"type":"Feature","id":557,"geometry":{"type":"Point","coordinates":[-121.5275,48.0433]},"properties":{"OBJECTID":557,"SITE_ID":592,"SITE_NAME":"Olson","ALTERNATE_NAMES":"","PRIMARY_COMMODITY":"Copper (Cu)","COMMODITIES":"Copper","ORE_MINERALS":"Iron oxides, sulfides, copper sulfides","GANGUE":"","LOCATION_DESCRIPTION":"On steep SE slope of Big Four Mtn.","LEGAL_DESCRIPTION":"near S center of sec. 33, T30N, R10E","LOCATION_ACCURACY":"coordinate accuracy highly variable","COUNTY":"Snohomish","LATITUDE":48.0433,"LONGITUDE":-121.5275,"MINING_DISTRICT":"","LOCATION_SOURCE":"USGS MAS/MILS Database ","ASSAYS":"","PRODUCTION":"","COMMENTS":""}},{"type":"Feature","id":558,"geometry":{"type":"Point","coordinates":[-121.5764,48.0694]},"properties":{"OBJECTID":558,"SITE_ID":593,"SITE_NAME":"Ore Recoveries","ALTERNATE_NAMES":"","PRIMARY_COMMODITY":"Copper (Cu)","COMMODITIES":"Copper, gold, silver, arsenic, tin","ORE_MINERALS":"","GANGUE":"","LOCATION_DESCRIPTION":"At Silverton","LEGAL_DESCRIPTION":"SW 1/4 of sec. 19, T30N, R10E","LOCATION_ACCURACY":"coordinate accuracy highly variable","COUNTY":"Snohomish","LATITUDE":48.0694,"LONGITUDE":-121.5764,"MINING_DISTRICT":"","LOCATION_SOURCE":"USGS MAS/MILS Database ","ASSAYS":"yes","PRODUCTION":"yes","COMMENTS":"Assays are in Bulletin 37. Production information is in Bulletin 37."}},{"type":"Feature","id":559,"geometry":{"type":"Point","coordinates":[-121.419059,47.89556]},"properties":{"OBJECTID":559,"SITE_ID":594,"SITE_NAME":"Oro Fino","ALTERNATE_NAMES":"","PRIMARY_COMMODITY":"Copper (Cu)","COMMODITIES":"Copper, gold, silver","ORE_MINERALS":"Chalcopyrite, native copper","GANGUE":"","LOCATION_DESCRIPTION":"","LEGAL_DESCRIPTION":"SE 1/4 of sec. 20, T28N, R11E","LOCATION_ACCURACY":"coordinates estimated from legal description","COUNTY":"Snohomish","LATITUDE":47.8955598951683,"LONGITUDE":-121.419058663446,"MINING_DISTRICT":"Silver Creek","LOCATION_SOURCE":"Bulletin 37","ASSAYS":"yes","PRODUCTION":"","COMMENTS":"Assays are in Bulletin 37."}},{"type":"Feature","id":560,"geometry":{"type":"Point","coordinates":[-121.4236,47.9139]},"properties":{"OBJECTID":560,"SITE_ID":595,"SITE_NAME":"P. I.","ALTERNATE_NAMES":"P I, PI","PRIMARY_COMMODITY":"Copper (Cu)","COMMODITIES":"Copper, silver, lead","ORE_MINERALS":"Chalcopyrite, galena","GANGUE":"","LOCATION_DESCRIPTION":"About 1 mi NE of Galena","LEGAL_DESCRIPTION":"sec. 17, T28N, R11E","LOCATION_ACCURACY":"coordinate accuracy highly variable","COUNTY":"Snohomish","LATITUDE":47.9139,"LONGITUDE":-121.4236,"MINING_DISTRICT":"","LOCATION_SOURCE":"USGS MAS/MILS Database ","ASSAYS":"yes","PRODUCTION":"","COMMENTS":"Assays are in Bulletin 37."}},{"type":"Feature","id":561,"geometry":{"type":"Point","coordinates":[-121.3622,47.9858]},"properties":{"OBJECTID":561,"SITE_ID":596,"SITE_NAME":"Philo","ALTERNATE_NAMES":"","PRIMARY_COMMODITY":"Copper (Cu)","COMMODITIES":"Gold, silver, copper","ORE_MINERALS":"Arsenopyrite, chalcopyrite, pyrite","GANGUE":"","LOCATION_DESCRIPTION":"On W side of Cadet Peak","LEGAL_DESCRIPTION":"sec. 23, T29N, R11E","LOCATION_ACCURACY":"coordinate accuracy highly variable","COUNTY":"Snohomish","LATITUDE":47.9858,"LONGITUDE":-121.3622,"MINING_DISTRICT":"Monte Cristo","LOCATION_SOURCE":"USGS MAS/MILS Database ","ASSAYS":"","PRODUCTION":"","COMMENTS":""}},{"type":"Feature","id":562,"geometry":{"type":"Point","coordinates":[-121.5875,47.8669]},"properties":{"OBJECTID":562,"SITE_ID":597,"SITE_NAME":"Red Cross","ALTERNATE_NAMES":"Isabell","PRIMARY_COMMODITY":"Copper (Cu)","COMMODITIES":"Copper, gold, silver","ORE_MINERALS":"Chalcopyrite, bornite, pyrite","GANGUE":"Quartz","LOCATION_DESCRIPTION":"2 mi N of Reiter","LEGAL_DESCRIPTION":"SE 1/4 of sec. 36, T28N, R9E","LOCATION_ACCURACY":"coordinate accuracy highly variable","COUNTY":"Snohomish","LATITUDE":47.8669,"LONGITUDE":-121.5875,"MINING_DISTRICT":"","LOCATION_SOURCE":"USGS MAS/MILS Database ","ASSAYS":"yes","PRODUCTION":"","COMMENTS":"Assays are in Bulletin 37."}},{"type":"Feature","id":563,"geometry":{"type":"Point","coordinates":[-121.4847,48.0139]},"properties":{"OBJECTID":563,"SITE_ID":598,"SITE_NAME":"Rustler","ALTERNATE_NAMES":"","PRIMARY_COMMODITY":"Copper (Cu)","COMMODITIES":"Copper, arsenic, lead, zinc","ORE_MINERALS":"Pyrrhotite, pyrite, chalcopyrite, molybdenite, galena, sphalerite","GANGUE":"","LOCATION_DESCRIPTION":"In a deep canyon","LEGAL_DESCRIPTION":"sec. 11, T29N, R10E","LOCATION_ACCURACY":"coordinate accuracy highly variable","COUNTY":"Snohomish","LATITUDE":48.0139,"LONGITUDE":-121.4847,"MINING_DISTRICT":"Monte Cristo","LOCATION_SOURCE":"USGS MAS/MILS Database ","ASSAYS":"yes","PRODUCTION":"","COMMENTS":"Assays are in Bulletin 37."}},{"type":"Feature","id":565,"geometry":{"type":"Point","coordinates":[-121.4383,47.9175]},"properties":{"OBJECTID":565,"SITE_ID":600,"SITE_NAME":"Skrinde","ALTERNATE_NAMES":"Kena, Kena and Troly, Troly","PRIMARY_COMMODITY":"Copper (Cu)","COMMODITIES":"Copper, gold, silver","ORE_MINERALS":"Pyrite, chalcopyrite","GANGUE":"","LOCATION_DESCRIPTION":"Near the Silver Queen property","LEGAL_DESCRIPTION":"NE 1/4 of sec. 18, T28N, R11E","LOCATION_ACCURACY":"coordinate accuracy highly variable","COUNTY":"Snohomish","LATITUDE":47.9175,"LONGITUDE":-121.4383,"MINING_DISTRICT":"","LOCATION_SOURCE":"USGS MAS/MILS Database ","ASSAYS":"","PRODUCTION":"","COMMENTS":""}},{"type":"Feature","id":566,"geometry":{"type":"Point","coordinates":[-121.4236,47.9056]},"properties":{"OBJECTID":566,"SITE_ID":601,"SITE_NAME":"Smith-Way","ALTERNATE_NAMES":"","PRIMARY_COMMODITY":"Copper (Cu)","COMMODITIES":"Copper","ORE_MINERALS":"Chalcopyrite, pyrite, bornite","GANGUE":"Quartz","LOCATION_DESCRIPTION":"1 mi up Silver Creek from its mouth","LEGAL_DESCRIPTION":"secs. 17 and 20, T28N, R11E","LOCATION_ACCURACY":"coordinate accuracy highly variable","COUNTY":"Snohomish","LATITUDE":47.9056,"LONGITUDE":-121.4236,"MINING_DISTRICT":"","LOCATION_SOURCE":"USGS MAS/MILS Database ","ASSAYS":"","PRODUCTION":"yes","COMMENTS":"Production information is in OFR 90-18."}},{"type":"Feature","id":568,"geometry":{"type":"Point","coordinates":[-121.4442,47.9431]},"properties":{"OBJECTID":568,"SITE_ID":603,"SITE_NAME":"St. Louis","ALTERNATE_NAMES":"","PRIMARY_COMMODITY":"Copper (Cu)","COMMODITIES":"Copper, gold, silver","ORE_MINERALS":"Pyrite, chalcopyrite","GANGUE":"","LOCATION_DESCRIPTION":"On Cascade Gulch","LEGAL_DESCRIPTION":"sec. 6, T28N, R11E","LOCATION_ACCURACY":"coordinate accuracy highly variable","COUNTY":"Snohomish","LATITUDE":47.9431,"LONGITUDE":-121.4442,"MINING_DISTRICT":"Silver Creek","LOCATION_SOURCE":"USGS MAS/MILS Database ","ASSAYS":"yes","PRODUCTION":"yes","COMMENTS":"Assays are in Bulletin 37. Production information is in OFR 90-18."}},{"type":"Feature","id":570,"geometry":{"type":"Point","coordinates":[-121.469031,47.951894]},"properties":{"OBJECTID":570,"SITE_ID":605,"SITE_NAME":"Sultan King","ALTERNATE_NAMES":"Hicks, Sultan Queen","PRIMARY_COMMODITY":"Copper (Cu)","COMMODITIES":"Copper, gold, silver, molybdenum","ORE_MINERALS":"Chalcopyrite, molybdenite, sphalerite","GANGUE":"Pyrite, pyrrhotite, arsenopyrite, magnetite, specular hematite, marcasite, quartz","LOCATION_DESCRIPTION":"","LEGAL_DESCRIPTION":"S 1/2 of sec. 36, T29N, R10E; and N 1/2 sec. 1, T28N, R10E","LOCATION_ACCURACY":"generally from USGS 7.5-minute topographic map","COUNTY":"Snohomish","LATITUDE":47.951894,"LONGITUDE":-121.469031,"MINING_DISTRICT":"","LOCATION_SOURCE":"Open File Report 90-18","ASSAYS":"yes","PRODUCTION":"yes","COMMENTS":"Assays are in Bulletin 37. Production information is in Bulletin 37."}},{"type":"Feature","id":571,"geometry":{"type":"Point","coordinates":[-121.503467,48.008664]},"properties":{"OBJECTID":571,"SITE_ID":606,"SITE_NAME":"Sunrise","ALTERNATE_NAMES":"","PRIMARY_COMMODITY":"Copper (Cu)","COMMODITIES":"Copper, molybdenum, gold, silver, tungsten","ORE_MINERALS":"Chalcopyrite, molybdenite, scheelite","GANGUE":"Quartz, sericite, biotite, orthoclase, chlorite, pennine, epidote; propylitic, potassic","LOCATION_DESCRIPTION":"Near summit of Sunrise Mtn.","LEGAL_DESCRIPTION":"N line of sec. 15, T29N, R10E","LOCATION_ACCURACY":"generally from USGS 7.5-minute topographic map","COUNTY":"Snohomish","LATITUDE":48.008664,"LONGITUDE":-121.503467,"MINING_DISTRICT":"","LOCATION_SOURCE":"Open File Report 90-18","ASSAYS":"yes","PRODUCTION":"","COMMENTS":"Assays are in Bulletin 37 and in the scanned files."}},{"type":"Feature","id":572,"geometry":{"type":"Point","coordinates":[-121.462667,47.857161]},"properties":{"OBJECTID":572,"SITE_ID":607,"SITE_NAME":"Sunset","ALTERNATE_NAMES":"","PRIMARY_COMMODITY":"Copper (Cu)","COMMODITIES":"Copper, gold, silver","ORE_MINERALS":"Chalcopyrite, bornite, molybdenite, silver, copper","GANGUE":"Pyrite, quartz, calcite, marcasite, serpentine, talc, chlorite, kaolinite in a gangue of altered granodiorite","LOCATION_DESCRIPTION":"On N side of Trout Creek about 6 mi NE of Index","LEGAL_DESCRIPTION":"sec. 1, T27N, R10E; sec. 6, T27N, R11E","LOCATION_ACCURACY":"GPS coordinates","COUNTY":"Snohomish","LATITUDE":47.857161,"LONGITUDE":-121.462667,"MINING_DISTRICT":"Index","LOCATION_SOURCE":"IAML Database ","ASSAYS":"yes","PRODUCTION":"yes","COMMENTS":"Assays are in Bulletin 37. Production information is in Bulletin 37."}},{"type":"Feature","id":573,"geometry":{"type":"Point","coordinates":[-121.4789,47.8086]},"properties":{"OBJECTID":573,"SITE_ID":608,"SITE_NAME":"Uncle Sam","ALTERNATE_NAMES":"","PRIMARY_COMMODITY":"Copper (Cu)","COMMODITIES":"Copper, gold, silver","ORE_MINERALS":"Chalcopyrite, bornite, pyrite, hematite","GANGUE":"Quartzite, garnet, hornblende","LOCATION_DESCRIPTION":"On S slope of the divide between Lewis and Barclay Creeks","LEGAL_DESCRIPTION":"sec. 23, T27N, R10E","LOCATION_ACCURACY":"coordinate accuracy highly variable","COUNTY":"Snohomish","LATITUDE":47.8086,"LONGITUDE":-121.4789,"MINING_DISTRICT":"Index","LOCATION_SOURCE":"USGS MAS/MILS Database ","ASSAYS":"yes","PRODUCTION":"yes","COMMENTS":"Assays are in Bulletin 37. Production information is in OFR 90-18."}},{"type":"Feature","id":574,"geometry":{"type":"Point","coordinates":[-121.579174,48.068264]},"properties":{"OBJECTID":574,"SITE_ID":609,"SITE_NAME":"Virginia","ALTERNATE_NAMES":"","PRIMARY_COMMODITY":"Copper (Cu)","COMMODITIES":"Copper, gold, silver","ORE_MINERALS":"Chalcopyrite, arsenopyrite","GANGUE":"","LOCATION_DESCRIPTION":"At Silverton","LEGAL_DESCRIPTION":"SW 1/4 of sec. 19, T30N, R10E","LOCATION_ACCURACY":"coordinates estimated from legal description","COUNTY":"Snohomish","LATITUDE":48.0682640615265,"LONGITUDE":-121.57917418271,"MINING_DISTRICT":"","LOCATION_SOURCE":"Bulletin 37","ASSAYS":"","PRODUCTION":"","COMMENTS":""}},{"type":"Feature","id":575,"geometry":{"type":"Point","coordinates":[-121.4194,47.9583]},"properties":{"OBJECTID":575,"SITE_ID":610,"SITE_NAME":"Washington-Iowa","ALTERNATE_NAMES":"","PRIMARY_COMMODITY":"Copper (Cu)","COMMODITIES":"Copper, lead, zinc, gold, silver","ORE_MINERALS":"","GANGUE":"","LOCATION_DESCRIPTION":"","LEGAL_DESCRIPTION":"sec. 32, T29N, R11E","LOCATION_ACCURACY":"coordinate accuracy highly variable","COUNTY":"Snohomish","LATITUDE":47.9583,"LONGITUDE":-121.4194,"MINING_DISTRICT":"Silver Creek","LOCATION_SOURCE":"USGS MAS/MILS Database ","ASSAYS":"","PRODUCTION":"","COMMENTS":""}},{"type":"Feature","id":576,"geometry":{"type":"Point","coordinates":[-121.934525,48.095622]},"properties":{"OBJECTID":576,"SITE_ID":611,"SITE_NAME":"Wayside","ALTERNATE_NAMES":"","PRIMARY_COMMODITY":"Copper (Cu)","COMMODITIES":"Copper, gold, silver, lead, zinc, vanadium","ORE_MINERALS":"Chalcopyrite, galena, sphalerite, bornite","GANGUE":"Pyrite, cherty quartz","LOCATION_DESCRIPTION":"1.5 mi E of Granite Falls","LEGAL_DESCRIPTION":"SE 1/4 of sec. 8, T30N, R7E","LOCATION_ACCURACY":"GPS coordinates","COUNTY":"Snohomish","LATITUDE":48.095622,"LONGITUDE":-121.934525,"MINING_DISTRICT":"Index","LOCATION_SOURCE":"IAML Database ","ASSAYS":"yes","PRODUCTION":"yes","COMMENTS":"Assays are in Bulletin 37 and in the scanned files. Production information is in Bulletin 37."}},{"type":"Feature","id":577,"geometry":{"type":"Point","coordinates":[-121.4411,47.9278]},"properties":{"OBJECTID":577,"SITE_ID":612,"SITE_NAME":"Westland","ALTERNATE_NAMES":"","PRIMARY_COMMODITY":"Copper (Cu)","COMMODITIES":"Copper, gold, silver","ORE_MINERALS":"Pyrite, chalcopyrite, arsenopyrite","GANGUE":"","LOCATION_DESCRIPTION":"On W side of Silver Creek","LEGAL_DESCRIPTION":"sec. 7, T28N, R11E","LOCATION_ACCURACY":"coordinate accuracy highly variable","COUNTY":"Snohomish","LATITUDE":47.9278,"LONGITUDE":-121.4411,"MINING_DISTRICT":"","LOCATION_SOURCE":"USGS MAS/MILS Database ","ASSAYS":"yes","PRODUCTION":"","COMMENTS":"Assays are in Bulletin 37."}},{"type":"Feature","id":579,"geometry":{"type":"Point","coordinates":[-121.4194,47.9583]},"properties":{"OBJECTID":579,"SITE_ID":614,"SITE_NAME":"Wild Rose","ALTERNATE_NAMES":"","PRIMARY_COMMODITY":"Copper (Cu)","COMMODITIES":"Copper, mercury, cobalt, arsenic, nickel, gold, silver","ORE_MINERALS":"","GANGUE":"","LOCATION_DESCRIPTION":"On Silver Creek about 200 yards upstream from Molybdenum Gulch","LEGAL_DESCRIPTION":"sec. 32, T29N, R11E","LOCATION_ACCURACY":"coordinate accuracy highly variable","COUNTY":"Snohomish","LATITUDE":47.9583,"LONGITUDE":-121.4194,"MINING_DISTRICT":"","LOCATION_SOURCE":"USGS MAS/MILS Database ","ASSAYS":"","PRODUCTION":"","COMMENTS":""}},{"type":"Feature","id":580,"geometry":{"type":"Point","coordinates":[-121.4389,47.9569]},"properties":{"OBJECTID":580,"SITE_ID":615,"SITE_NAME":"Winnie","ALTERNATE_NAMES":"","PRIMARY_COMMODITY":"Copper (Cu)","COMMODITIES":"Copper, gold, silver","ORE_MINERALS":"Pyrite, chalcopyrite","GANGUE":"","LOCATION_DESCRIPTION":"Just E of the National prospect","LEGAL_DESCRIPTION":"sec. 31, T29N, R11E","LOCATION_ACCURACY":"coordinate accuracy highly variable","COUNTY":"Snohomish","LATITUDE":47.9569,"LONGITUDE":-121.4389,"MINING_DISTRICT":"Silver Creek","LOCATION_SOURCE":"USGS MAS/MILS Database ","ASSAYS":"yes","PRODUCTION":"","COMMENTS":"Assays are in Bulletin 37."}},{"type":"Feature","id":581,"geometry":{"type":"Point","coordinates":[-121.9503,48.0914]},"properties":{"OBJECTID":581,"SITE_ID":616,"SITE_NAME":"Yankee Boy","ALTERNATE_NAMES":"","PRIMARY_COMMODITY":"Copper (Cu)","COMMODITIES":"Copper, gold, lead, zinc","ORE_MINERALS":"Malachite, sphalerite, pyrite, galena","GANGUE":"Quartz, calcite","LOCATION_DESCRIPTION":"0.9 mi E of Granite Falls.","LEGAL_DESCRIPTION":"NE 1/4 of sec. 18, T30N, R7E","LOCATION_ACCURACY":"coordinate accuracy highly variable","COUNTY":"Snohomish","LATITUDE":48.0914,"LONGITUDE":-121.9503,"MINING_DISTRICT":"","LOCATION_SOURCE":"USGS MAS/MILS Database ","ASSAYS":"","PRODUCTION":"","COMMENTS":""}},{"type":"Feature","id":1858,"geometry":{"type":"Point","coordinates":[-121.505344,47.754917]},"properties":{"OBJECTID":1858,"SITE_ID":2058,"SITE_NAME":"Anderson","ALTERNATE_NAMES":"Baring","PRIMARY_COMMODITY":"Iron (Fe)","COMMODITIES":"Iron, lead, zinc, silver, gold, copper","ORE_MINERALS":"Magnetite","GANGUE":"Amphibole","LOCATION_DESCRIPTION":"1 mi from railroad at Baring","LEGAL_DESCRIPTION":"S 1/2 of sec. 10 and near SE corner of sec. 11, T26N, R10E","LOCATION_ACCURACY":"generally from USGS 7.5-minute topographic map","COUNTY":"King","LATITUDE":47.754917,"LONGITUDE":-121.505344,"MINING_DISTRICT":"","LOCATION_SOURCE":"Open File Report 90-18","ASSAYS":"yes","PRODUCTION":"yes","COMMENTS":"Assays are in Bulletin 37. Production information is in Bulletin 37."}},{"type":"Feature","id":1915,"geometry":{"type":"Point","coordinates":[-121.52,48.0517]},"properties":{"OBJECTID":1915,"SITE_ID":2116,"SITE_NAME":"Big Four","ALTERNATE_NAMES":"","PRIMARY_COMMODITY":"Iron (Fe)","COMMODITIES":"Iron","ORE_MINERALS":"Magnetite, hematite","GANGUE":"","LOCATION_DESCRIPTION":"On N slope of Big Four Mtn.","LEGAL_DESCRIPTION":"","LOCATION_ACCURACY":"coordinate accuracy highly variable","COUNTY":"Snohomish","LATITUDE":48.0517,"LONGITUDE":-121.52,"MINING_DISTRICT":"","LOCATION_SOURCE":"USGS MAS/MILS Database ","ASSAYS":"","PRODUCTION":"","COMMENTS":""}},{"type":"Feature","id":1916,"geometry":{"type":"Point","coordinates":[-121.5394,47.9492]},"properties":{"OBJECTID":1916,"SITE_ID":2117,"SITE_NAME":"Blue Stone","ALTERNATE_NAMES":"","PRIMARY_COMMODITY":"Iron (Fe)","COMMODITIES":"Iron","ORE_MINERALS":"Magnetite, pyrite, specular hematite","GANGUE":"Actinolite","LOCATION_DESCRIPTION":"","LEGAL_DESCRIPTION":"NW 1/4 of sec. 4, T28N, R10E","LOCATION_ACCURACY":"coordinate accuracy highly variable","COUNTY":"Snohomish","LATITUDE":47.9492,"LONGITUDE":-121.5394,"MINING_DISTRICT":"Sultan Basin","LOCATION_SOURCE":"USGS MAS/MILS Database ","ASSAYS":"","PRODUCTION":"yes","COMMENTS":"Production information is in OFR 90-18."}},{"type":"Feature","id":2083,"geometry":{"type":"Point","coordinates":[-121.5042,47.7569]},"properties":{"OBJECTID":2083,"SITE_ID":2296,"SITE_NAME":"Treasury Lead","ALTERNATE_NAMES":"","PRIMARY_COMMODITY":"Lead (Pb)","COMMODITIES":"Lead, zinc","ORE_MINERALS":"Galena, sphalerite","GANGUE":"","LOCATION_DESCRIPTION":"About 1 mi S of Baring, on Index Creek","LEGAL_DESCRIPTION":"sec. 10, T26N, R10E","LOCATION_ACCURACY":"coordinate accuracy highly variable","COUNTY":"King","LATITUDE":47.7569,"LONGITUDE":-121.5042,"MINING_DISTRICT":"","LOCATION_SOURCE":"USGS MAS/MILS Database ","ASSAYS":"","PRODUCTION":"","COMMENTS":""}},{"type":"Feature","id":2084,"geometry":{"type":"Point","coordinates":[-121.4083,47.9008]},"properties":{"OBJECTID":2084,"SITE_ID":2297,"SITE_NAME":"Good Luck","ALTERNATE_NAMES":"","PRIMARY_COMMODITY":"Lead (Pb)","COMMODITIES":"Lead, silver","ORE_MINERALS":"","GANGUE":"","LOCATION_DESCRIPTION":"On Gold Creek near Snoqualmie Pass","LEGAL_DESCRIPTION":"sec. 27, T23N, R12E","LOCATION_ACCURACY":"coordinate accuracy highly variable","COUNTY":"Kittitas","LATITUDE":47.9008,"LONGITUDE":-121.4083,"MINING_DISTRICT":"","LOCATION_SOURCE":"USGS MAS/MILS Database ","ASSAYS":"","PRODUCTION":"","COMMENTS":""}},{"type":"Feature","id":2134,"geometry":{"type":"Point","coordinates":[-121.3422,48.0094]},"properties":{"OBJECTID":2134,"SITE_ID":2350,"SITE_NAME":"Republic","ALTERNATE_NAMES":"","PRIMARY_COMMODITY":"Lead (Pb)","COMMODITIES":"Lead, silver, copper","ORE_MINERALS":"Pyrite, galena, malachite","GANGUE":"Quartz","LOCATION_DESCRIPTION":"Near summit of E ridge of Peacock Mtn.","LEGAL_DESCRIPTION":"NE 1/4 of sec. 30, T35N, R25E","LOCATION_ACCURACY":"coordinate accuracy highly variable","COUNTY":"Okanogan","LATITUDE":48.0094,"LONGITUDE":-121.3422,"MINING_DISTRICT":"","LOCATION_SOURCE":"USGS MAS/MILS Database ","ASSAYS":"","PRODUCTION":"","COMMENTS":""}},{"type":"Feature","id":2210,"geometry":{"type":"Point","coordinates":[-121.4453,47.9422]},"properties":{"OBJECTID":2210,"SITE_ID":2433,"SITE_NAME":"Alta","ALTERNATE_NAMES":"","PRIMARY_COMMODITY":"Lead (Pb)","COMMODITIES":"Lead, silver, zinc","ORE_MINERALS":"Galena, sphalerite, pyrite arsenopyrite","GANGUE":"","LOCATION_DESCRIPTION":"","LEGAL_DESCRIPTION":"approx. sec. 24, T35N, R13E","LOCATION_ACCURACY":"coordinate accuracy highly variable","COUNTY":"Skagit","LATITUDE":47.9422,"LONGITUDE":-121.4453,"MINING_DISTRICT":"","LOCATION_SOURCE":"USGS MAS/MILS Database ","ASSAYS":"","PRODUCTION":"","COMMENTS":""}},{"type":"Feature","id":2230,"geometry":{"type":"Point","coordinates":[-121.5347,48.0483]},"properties":{"OBJECTID":2230,"SITE_ID":2457,"SITE_NAME":"Big Four","ALTERNATE_NAMES":"","PRIMARY_COMMODITY":"Lead (Pb)","COMMODITIES":"Lead, silver, antimony","ORE_MINERALS":"Galena, arsenopyrite, probably tetrahedrite","GANGUE":"","LOCATION_DESCRIPTION":"On N slope of Big Four Mtn.","LEGAL_DESCRIPTION":"NW 1/4 of sec. 33, T30N, R10E","LOCATION_ACCURACY":"coordinate accuracy highly variable","COUNTY":"Snohomish","LATITUDE":48.0483,"LONGITUDE":-121.5347,"MINING_DISTRICT":"Silverton","LOCATION_SOURCE":"USGS MAS/MILS Database ","ASSAYS":"yes","PRODUCTION":"","COMMENTS":"Assays are in Bulletin 37."}},{"type":"Feature","id":2231,"geometry":{"type":"Point","coordinates":[-121.4436,47.9267]},"properties":{"OBJECTID":2231,"SITE_ID":2458,"SITE_NAME":"Billy Lee","ALTERNATE_NAMES":"","PRIMARY_COMMODITY":"Lead (Pb)","COMMODITIES":"Lead, silver, gold","ORE_MINERALS":"Galena","GANGUE":"","LOCATION_DESCRIPTION":"On W side of Silver Creek about 2 mi S of Mineral City","LEGAL_DESCRIPTION":"NW 1/4 of the SE 1/4 of sec. 7, T28N, R11E","LOCATION_ACCURACY":"coordinate accuracy highly variable","COUNTY":"Snohomish","LATITUDE":47.9267,"LONGITUDE":-121.4436,"MINING_DISTRICT":"Silver Creek","LOCATION_SOURCE":"USGS MAS/MILS Database ","ASSAYS":"yes","PRODUCTION":"","COMMENTS":"Assays are in Bulletin 37."}},{"type":"Feature","id":2232,"geometry":{"type":"Point","coordinates":[-121.4339,47.9392]},"properties":{"OBJECTID":2232,"SITE_ID":2460,"SITE_NAME":"Crown Point","ALTERNATE_NAMES":"","PRIMARY_COMMODITY":"Lead (Pb)","COMMODITIES":"Lead, silver, gold","ORE_MINERALS":"Galena","GANGUE":"","LOCATION_DESCRIPTION":"In Straightup Gulch on E side of Silver Creek","LEGAL_DESCRIPTION":"sec. 8, T28N, R11E","LOCATION_ACCURACY":"coordinate accuracy highly variable","COUNTY":"Snohomish","LATITUDE":47.9392,"LONGITUDE":-121.4339,"MINING_DISTRICT":"Silver Creek","LOCATION_SOURCE":"USGS MAS/MILS Database ","ASSAYS":"yes","PRODUCTION":"","COMMENTS":"Assays are in Bulletin 37."}},{"type":"Feature","id":2234,"geometry":{"type":"Point","coordinates":[-121.4908,47.9194]},"properties":{"OBJECTID":2234,"SITE_ID":2462,"SITE_NAME":"Dominion","ALTERNATE_NAMES":"","PRIMARY_COMMODITY":"Lead (Pb)","COMMODITIES":"Lead, silver","ORE_MINERALS":"Galena","GANGUE":"","LOCATION_DESCRIPTION":"In Dominion Gulch on Salmon Creek","LEGAL_DESCRIPTION":"T28N, R10E","LOCATION_ACCURACY":"coordinate accuracy highly variable","COUNTY":"Snohomish","LATITUDE":47.9194,"LONGITUDE":-121.4908,"MINING_DISTRICT":"Silver Creek","LOCATION_SOURCE":"USGS MAS/MILS Database ","ASSAYS":"","PRODUCTION":"","COMMENTS":""}},{"type":"Feature","id":2235,"geometry":{"type":"Point","coordinates":[-121.385,47.9708]},"properties":{"OBJECTID":2235,"SITE_ID":2463,"SITE_NAME":"Emma Moore","ALTERNATE_NAMES":"","PRIMARY_COMMODITY":"Lead (Pb)","COMMODITIES":"Lead, silver, gold","ORE_MINERALS":"Arsenopyrite, pyrite, galena","GANGUE":"","LOCATION_DESCRIPTION":"On W side of '76 Basin about 1 mi from Monte Cristo","LEGAL_DESCRIPTION":"sec. 27, T29N, R11E","LOCATION_ACCURACY":"coordinate accuracy highly variable","COUNTY":"Snohomish","LATITUDE":47.9708,"LONGITUDE":-121.385,"MINING_DISTRICT":"","LOCATION_SOURCE":"USGS MAS/MILS Database ","ASSAYS":"yes","PRODUCTION":"","COMMENTS":"Assays are in Bulletin 37."}},{"type":"Feature","id":2236,"geometry":{"type":"Point","coordinates":[-121.4497,47.9464]},"properties":{"OBJECTID":2236,"SITE_ID":2466,"SITE_NAME":"Four Brothers","ALTERNATE_NAMES":"","PRIMARY_COMMODITY":"Lead (Pb)","COMMODITIES":"Lead, silver","ORE_MINERALS":"Galena","GANGUE":"","LOCATION_DESCRIPTION":"Adjacent to the Silver Slipper property","LEGAL_DESCRIPTION":"sec. 6, T28N, R11E","LOCATION_ACCURACY":"coordinate accuracy highly variable","COUNTY":"Snohomish","LATITUDE":47.9464,"LONGITUDE":-121.4497,"MINING_DISTRICT":"Silver Creek","LOCATION_SOURCE":"USGS MAS/MILS Database ","ASSAYS":"","PRODUCTION":"","COMMENTS":""}},{"type":"Feature","id":2238,"geometry":{"type":"Point","coordinates":[-121.4431,47.9328]},"properties":{"OBJECTID":2238,"SITE_ID":2468,"SITE_NAME":"Gettysburg","ALTERNATE_NAMES":"","PRIMARY_COMMODITY":"Lead (Pb)","COMMODITIES":"Lead, gold, silver","ORE_MINERALS":"Galena, pyrite","GANGUE":"","LOCATION_DESCRIPTION":"E of Silver Slipper property","LEGAL_DESCRIPTION":"sec. 7, T28N, R11E","LOCATION_ACCURACY":"coordinate accuracy highly variable","COUNTY":"Snohomish","LATITUDE":47.9328,"LONGITUDE":-121.4431,"MINING_DISTRICT":"Silver Creek","LOCATION_SOURCE":"USGS MAS/MILS Database ","ASSAYS":"yes","PRODUCTION":"","COMMENTS":"Assays are in Bulletin 37."}},{"type":"Feature","id":2239,"geometry":{"type":"Point","coordinates":[-121.3881,47.9181]},"properties":{"OBJECTID":2239,"SITE_ID":2469,"SITE_NAME":"Golconda","ALTERNATE_NAMES":"","PRIMARY_COMMODITY":"Lead (Pb)","COMMODITIES":"Lead, gold, silver","ORE_MINERALS":"Galena, pyrite","GANGUE":"Quartz","LOCATION_DESCRIPTION":"On Troublesome Creek E of Silver Creek","LEGAL_DESCRIPTION":"SE 1/4 of sec. 8, T28N, R11E","LOCATION_ACCURACY":"coordinate accuracy highly variable","COUNTY":"Snohomish","LATITUDE":47.9181,"LONGITUDE":-121.3881,"MINING_DISTRICT":"Silver Creek","LOCATION_SOURCE":"USGS MAS/MILS Database ","ASSAYS":"yes","PRODUCTION":"","COMMENTS":"Assays are in Bulletin 37."}},{"type":"Feature","id":2240,"geometry":{"type":"Point","coordinates":[-121.6411,47.8844]},"properties":{"OBJECTID":2240,"SITE_ID":2470,"SITE_NAME":"Gold Bar and Elmo","ALTERNATE_NAMES":"Elmo, Gold Bar","PRIMARY_COMMODITY":"Lead (Pb)","COMMODITIES":"Silver, lead, copper, gold","ORE_MINERALS":"Galena, chalcopyrite","GANGUE":"","LOCATION_DESCRIPTION":"4 mi up Wallace River from Gold Bar","LEGAL_DESCRIPTION":"","LOCATION_ACCURACY":"coordinate accuracy highly variable","COUNTY":"Snohomish","LATITUDE":47.8844,"LONGITUDE":-121.6411,"MINING_DISTRICT":"","LOCATION_SOURCE":"USGS MAS/MILS Database ","ASSAYS":"yes","PRODUCTION":"","COMMENTS":"Assays are in Bulletin 37."}},{"type":"Feature","id":2241,"geometry":{"type":"Point","coordinates":[-121.4386,47.95]},"properties":{"OBJECTID":2241,"SITE_ID":2471,"SITE_NAME":"Gypsy Queen","ALTERNATE_NAMES":"","PRIMARY_COMMODITY":"Lead (Pb)","COMMODITIES":"Lead, gold, silver","ORE_MINERALS":"Galena","GANGUE":"","LOCATION_DESCRIPTION":"On E side of the W Fork of Silver Creek","LEGAL_DESCRIPTION":"sec. 6, T28N, R11E","LOCATION_ACCURACY":"coordinate accuracy highly variable","COUNTY":"Snohomish","LATITUDE":47.95,"LONGITUDE":-121.4386,"MINING_DISTRICT":"","LOCATION_SOURCE":"USGS MAS/MILS Database ","ASSAYS":"","PRODUCTION":"","COMMENTS":""}},{"type":"Feature","id":2242,"geometry":{"type":"Point","coordinates":[-121.4431,47.9253]},"properties":{"OBJECTID":2242,"SITE_ID":2472,"SITE_NAME":"Idaho","ALTERNATE_NAMES":"","PRIMARY_COMMODITY":"Lead (Pb)","COMMODITIES":"Lead, gold, silver","ORE_MINERALS":"Galena","GANGUE":"","LOCATION_DESCRIPTION":"On W side of Silver Creek","LEGAL_DESCRIPTION":"sec. 7, T28N, R11E","LOCATION_ACCURACY":"coordinate accuracy highly variable","COUNTY":"Snohomish","LATITUDE":47.9253,"LONGITUDE":-121.4431,"MINING_DISTRICT":"","LOCATION_SOURCE":"USGS MAS/MILS Database ","ASSAYS":"yes","PRODUCTION":"","COMMENTS":"Assays are in Bulletin 37."}},{"type":"Feature","id":2243,"geometry":{"type":"Point","coordinates":[-121.3403,47.9639]},"properties":{"OBJECTID":2243,"SITE_ID":2473,"SITE_NAME":"Jasper","ALTERNATE_NAMES":"","PRIMARY_COMMODITY":"Lead (Pb)","COMMODITIES":"Lead, silver","ORE_MINERALS":"Galena","GANGUE":"Quartz","LOCATION_DESCRIPTION":"On W slope of National Mtn., on N part of Silver Creek","LEGAL_DESCRIPTION":"NE 1/4 of the NW 1/4 of sec. 36, T29N, R11E","LOCATION_ACCURACY":"coordinate accuracy highly variable","COUNTY":"Snohomish","LATITUDE":47.9639,"LONGITUDE":-121.3403,"MINING_DISTRICT":"Silver Creek","LOCATION_SOURCE":"USGS MAS/MILS Database ","ASSAYS":"yes","PRODUCTION":"","COMMENTS":"Assays are in Bulletin 37."}},{"type":"Feature","id":2245,"geometry":{"type":"Point","coordinates":[-121.4494,47.9231]},"properties":{"OBJECTID":2245,"SITE_ID":2475,"SITE_NAME":"Lockwood","ALTERNATE_NAMES":"","PRIMARY_COMMODITY":"Lead (Pb)","COMMODITIES":"Lead, gold, silver","ORE_MINERALS":"Galena, pyrite","GANGUE":"","LOCATION_DESCRIPTION":"On W side of Silver Creek","LEGAL_DESCRIPTION":"SW 1/4 of sec. 7, T28N, R11E","LOCATION_ACCURACY":"coordinate accuracy highly variable","COUNTY":"Snohomish","LATITUDE":47.9231,"LONGITUDE":-121.4494,"MINING_DISTRICT":"","LOCATION_SOURCE":"USGS MAS/MILS Database ","ASSAYS":"yes","PRODUCTION":"","COMMENTS":"Assays are in Bulletin 37."}},{"type":"Feature","id":2246,"geometry":{"type":"Point","coordinates":[-121.4397,47.9336]},"properties":{"OBJECTID":2246,"SITE_ID":2476,"SITE_NAME":"Martin Engdahl","ALTERNATE_NAMES":"","PRIMARY_COMMODITY":"Lead (Pb)","COMMODITIES":"Lead, silver, zinc, copper, gold","ORE_MINERALS":"Galena, sphalerite, chalcopyrite, arsenopyrite, pyrite, molybdenite?","GANGUE":"Quartz","LOCATION_DESCRIPTION":"On W side of Silver Creek","LEGAL_DESCRIPTION":"NE 1/4 of sec. 7, T28N, R11E","LOCATION_ACCURACY":"coordinate accuracy highly variable","COUNTY":"Snohomish","LATITUDE":47.9336,"LONGITUDE":-121.4397,"MINING_DISTRICT":"","LOCATION_SOURCE":"USGS MAS/MILS Database ","ASSAYS":"yes","PRODUCTION":"","COMMENTS":"Assays are in Bulletin 37."}},{"type":"Feature","id":2247,"geometry":{"type":"Point","coordinates":[-121.3939,47.9486]},"properties":{"OBJECTID":2247,"SITE_ID":2477,"SITE_NAME":"Morning Star","ALTERNATE_NAMES":"","PRIMARY_COMMODITY":"Lead (Pb)","COMMODITIES":"Lead, silver, copper, gold","ORE_MINERALS":"Galena, pyrite, chalcopyrite","GANGUE":"","LOCATION_DESCRIPTION":"","LEGAL_DESCRIPTION":"NE 1/4 of sec. 4, T28N, R11E","LOCATION_ACCURACY":"coordinate accuracy highly variable","COUNTY":"Snohomish","LATITUDE":47.9486,"LONGITUDE":-121.3939,"MINING_DISTRICT":"Silver Creek","LOCATION_SOURCE":"USGS MAS/MILS Database ","ASSAYS":"yes","PRODUCTION":"","COMMENTS":"Assays are in Bulletin 37."}},{"type":"Feature","id":2248,"geometry":{"type":"Point","coordinates":[-121.4486,47.9303]},"properties":{"OBJECTID":2248,"SITE_ID":2480,"SITE_NAME":"Ontario","ALTERNATE_NAMES":"","PRIMARY_COMMODITY":"Lead (Pb)","COMMODITIES":"Lead, silver, gold","ORE_MINERALS":"Pyrite, galena","GANGUE":"","LOCATION_DESCRIPTION":"Just S of Copper Chief property","LEGAL_DESCRIPTION":"sec. 7, T28N, R11E","LOCATION_ACCURACY":"coordinate accuracy highly variable","COUNTY":"Snohomish","LATITUDE":47.9303,"LONGITUDE":-121.4486,"MINING_DISTRICT":"Silver Creek","LOCATION_SOURCE":"USGS MAS/MILS Database ","ASSAYS":"","PRODUCTION":"","COMMENTS":""}},{"type":"Feature","id":2249,"geometry":{"type":"Point","coordinates":[-121.339503,48.00564]},"properties":{"OBJECTID":2249,"SITE_ID":2482,"SITE_NAME":"Republican","ALTERNATE_NAMES":"","PRIMARY_COMMODITY":"Lead (Pb)","COMMODITIES":"Gold, silver, lead","ORE_MINERALS":"Pyrite, galena","GANGUE":"","LOCATION_DESCRIPTION":"0.75 mi SE of Goat Lake","LEGAL_DESCRIPTION":"sec. 13, T29N, R11E","LOCATION_ACCURACY":"coordinates estimated from legal description","COUNTY":"Snohomish","LATITUDE":48.0056395350692,"LONGITUDE":-121.339502708665,"MINING_DISTRICT":"","LOCATION_SOURCE":"Bulletin 37","ASSAYS":"","PRODUCTION":"","COMMENTS":""}},{"type":"Feature","id":2250,"geometry":{"type":"Point","coordinates":[-121.3781,47.9731]},"properties":{"OBJECTID":2250,"SITE_ID":2483,"SITE_NAME":"Seventy Six","ALTERNATE_NAMES":"","PRIMARY_COMMODITY":"Lead (Pb)","COMMODITIES":"Gold, silver, lead","ORE_MINERALS":"Galena, pyrite","GANGUE":"","LOCATION_DESCRIPTION":"On E side of '76 Basin about 1 mi S of Monte Cristo","LEGAL_DESCRIPTION":"sec. 27, T29N, R11E","LOCATION_ACCURACY":"coordinate accuracy highly variable","COUNTY":"Snohomish","LATITUDE":47.9731,"LONGITUDE":-121.3781,"MINING_DISTRICT":"","LOCATION_SOURCE":"USGS MAS/MILS Database ","ASSAYS":"yes","PRODUCTION":"","COMMENTS":"Assays are in Bulletin 37."}},{"type":"Feature","id":2251,"geometry":{"type":"Point","coordinates":[-121.4236,47.9139]},"properties":{"OBJECTID":2251,"SITE_ID":2485,"SITE_NAME":"Sunset and Beatrice","ALTERNATE_NAMES":"Beatrice, Sunset","PRIMARY_COMMODITY":"Lead (Pb)","COMMODITIES":"Lead, gold, silver","ORE_MINERALS":"Galena","GANGUE":"","LOCATION_DESCRIPTION":"On E side of Silver Creek","LEGAL_DESCRIPTION":"sec. 17, T28N, R11E","LOCATION_ACCURACY":"coordinate accuracy highly variable","COUNTY":"Snohomish","LATITUDE":47.9139,"LONGITUDE":-121.4236,"MINING_DISTRICT":"","LOCATION_SOURCE":"USGS MAS/MILS Database ","ASSAYS":"yes","PRODUCTION":"","COMMENTS":"Assays are in Bulletin 37."}},{"type":"Feature","id":2252,"geometry":{"type":"Point","coordinates":[-121.4469,47.9544]},"properties":{"OBJECTID":2252,"SITE_ID":2486,"SITE_NAME":"Trade Dollar","ALTERNATE_NAMES":"","PRIMARY_COMMODITY":"Lead (Pb)","COMMODITIES":"Lead, silver","ORE_MINERALS":"Galena, iron sulfides","GANGUE":"","LOCATION_DESCRIPTION":"On Trade Dollar Creek W of Mineral City","LEGAL_DESCRIPTION":"SE 1/4 of sec. 36, T29N, R10E","LOCATION_ACCURACY":"coordinate accuracy highly variable","COUNTY":"Snohomish","LATITUDE":47.9544,"LONGITUDE":-121.4469,"MINING_DISTRICT":"Silver Creek","LOCATION_SOURCE":"USGS MAS/MILS Database ","ASSAYS":"yes","PRODUCTION":"","COMMENTS":"Assays are in Bulletin 37."}},{"type":"Feature","id":2253,"geometry":{"type":"Point","coordinates":[-121.4508,47.9233]},"properties":{"OBJECTID":2253,"SITE_ID":2487,"SITE_NAME":"Vandalia","ALTERNATE_NAMES":"","PRIMARY_COMMODITY":"Lead (Pb)","COMMODITIES":"Lead, silver, gold","ORE_MINERALS":"Pyrite, galena","GANGUE":"","LOCATION_DESCRIPTION":"","LEGAL_DESCRIPTION":"SW 1/4 of sec. 7, T28N, R11E","LOCATION_ACCURACY":"coordinate accuracy highly variable","COUNTY":"Snohomish","LATITUDE":47.9233,"LONGITUDE":-121.4508,"MINING_DISTRICT":"Silver Creek","LOCATION_SOURCE":"USGS MAS/MILS Database ","ASSAYS":"yes","PRODUCTION":"","COMMENTS":"Assays are in Bulletin 37."}},{"type":"Feature","id":2254,"geometry":{"type":"Point","coordinates":[-121.3561,47.9892]},"properties":{"OBJECTID":2254,"SITE_ID":2488,"SITE_NAME":"Whistler","ALTERNATE_NAMES":"","PRIMARY_COMMODITY":"Lead (Pb)","COMMODITIES":"Gold, silver, copper, lead","ORE_MINERALS":"Pyrite, galena, tetrahedrite","GANGUE":"","LOCATION_DESCRIPTION":"On N slope of Cadet Peak","LEGAL_DESCRIPTION":"sec. 23, T29N, R11E","LOCATION_ACCURACY":"coordinate accuracy highly variable","COUNTY":"Snohomish","LATITUDE":47.9892,"LONGITUDE":-121.3561,"MINING_DISTRICT":"Monte Cristo","LOCATION_SOURCE":"USGS MAS/MILS Database ","ASSAYS":"","PRODUCTION":"","COMMENTS":""}},{"type":"Feature","id":2586,"geometry":{"type":"Point","coordinates":[-121.5325,48.0314]},"properties":{"OBJECTID":2586,"SITE_ID":2838,"SITE_NAME":"Copper Lake","ALTERNATE_NAMES":"","PRIMARY_COMMODITY":"Molybdenum (Mo)","COMMODITIES":"Molybdenum, arsenic","ORE_MINERALS":"Molybdenite","GANGUE":"","LOCATION_DESCRIPTION":"At head of Copper Lake, Sultan Basin","LEGAL_DESCRIPTION":"sec. 4, T29N, R10E","LOCATION_ACCURACY":"coordinate accuracy highly variable","COUNTY":"Snohomish","LATITUDE":48.0314,"LONGITUDE":-121.5325,"MINING_DISTRICT":"","LOCATION_SOURCE":"USGS MAS/MILS Database ","ASSAYS":"","PRODUCTION":"","COMMENTS":""}},{"type":"Feature","id":2587,"geometry":{"type":"Point","coordinates":[-121.5797,47.9231]},"properties":{"OBJECTID":2587,"SITE_ID":2839,"SITE_NAME":"Golden Eagle","ALTERNATE_NAMES":"","PRIMARY_COMMODITY":"Molybdenum (Mo)","COMMODITIES":"Molybdenum, arsenic, gold, silver","ORE_MINERALS":"Molybdenite, chalcopyrite, scheelite, pyrite","GANGUE":"Quartz, gouge","LOCATION_DESCRIPTION":"","LEGAL_DESCRIPTION":"S 1/2 of sec. 7, T28N, R10E; SE 1/4 of sec. 12, T28N, R9E","LOCATION_ACCURACY":"coordinate accuracy highly variable","COUNTY":"Snohomish","LATITUDE":47.9231,"LONGITUDE":-121.5797,"MINING_DISTRICT":"Sultan Basin","LOCATION_SOURCE":"USGS MAS/MILS Database ","ASSAYS":"","PRODUCTION":"yes","COMMENTS":"Production information is in Bulletin 37."}},{"type":"Feature","id":2588,"geometry":{"type":"Point","coordinates":[-121.5922,47.9372]},"properties":{"OBJECTID":2588,"SITE_ID":2840,"SITE_NAME":"St. Theresa","ALTERNATE_NAMES":"","PRIMARY_COMMODITY":"Molybdenum (Mo)","COMMODITIES":"Molybdenum, arsenic, copper","ORE_MINERALS":"Molybdenite, chalcopyrite","GANGUE":"Quartz, calcite, siderite","LOCATION_DESCRIPTION":"","LEGAL_DESCRIPTION":"S 1/2 of sec. 1 and N 1/2 of sec. 12, T28N, R9E","LOCATION_ACCURACY":"coordinate accuracy highly variable","COUNTY":"Snohomish","LATITUDE":47.9372,"LONGITUDE":-121.5922,"MINING_DISTRICT":"Sultan Basin","LOCATION_SOURCE":"USGS MAS/MILS Database ","ASSAYS":"","PRODUCTION":"","COMMENTS":""}},{"type":"Feature","id":2640,"geometry":{"type":"Point","coordinates":[-121.9117,48.0356]},"properties":{"OBJECTID":2640,"SITE_ID":2892,"SITE_NAME":"Anderson","ALTERNATE_NAMES":"","PRIMARY_COMMODITY":"Nickel (Ni)","COMMODITIES":"Nickel","ORE_MINERALS":"Nickel silicate","GANGUE":"Silica-carbonate","LOCATION_DESCRIPTION":"About 4 mi SE of Granite Falls","LEGAL_DESCRIPTION":"near N line of sec. 4, T29N, R7E","LOCATION_ACCURACY":"coordinate accuracy highly variable","COUNTY":"Snohomish","LATITUDE":48.0356,"LONGITUDE":-121.9117,"MINING_DISTRICT":"","LOCATION_SOURCE":"USGS MAS/MILS Database ","ASSAYS":"yes","PRODUCTION":"","COMMENTS":"Assays are in Bulletin 37."}},{"type":"Feature","id":2642,"geometry":{"type":"Point","coordinates":[-121.9142,48.0403]},"properties":{"OBJECTID":2642,"SITE_ID":2894,"SITE_NAME":"Granite Falls","ALTERNATE_NAMES":"","PRIMARY_COMMODITY":"Nickel (Ni)","COMMODITIES":"Nickel, mercury","ORE_MINERALS":"Garnierite, genthite, cinnabar","GANGUE":"Quartz, carbonates","LOCATION_DESCRIPTION":"E of Menzel Lake","LEGAL_DESCRIPTION":"center W 1/2 of sec. 33, T30N, R7E","LOCATION_ACCURACY":"coordinate accuracy highly variable","COUNTY":"Snohomish","LATITUDE":48.0403,"LONGITUDE":-121.9142,"MINING_DISTRICT":"","LOCATION_SOURCE":"USGS MAS/MILS Database ","ASSAYS":"yes","PRODUCTION":"","COMMENTS":"Assays are in Bulletin 37."}},{"type":"Feature","id":3032,"geometry":{"type":"Point","coordinates":[-121.4442,47.9442]},"properties":{"OBJECTID":3032,"SITE_ID":3321,"SITE_NAME":"Keller","ALTERNATE_NAMES":"","PRIMARY_COMMODITY":"Uranium (U)","COMMODITIES":"Uranium","ORE_MINERALS":"","GANGUE":"","LOCATION_DESCRIPTION":"Near Mineral City","LEGAL_DESCRIPTION":"sec. 6 probable, T28N, R11E","LOCATION_ACCURACY":"coordinate accuracy highly variable","COUNTY":"Snohomish","LATITUDE":47.9442,"LONGITUDE":-121.4442,"MINING_DISTRICT":"","LOCATION_SOURCE":"USGS MAS/MILS Database ","ASSAYS":"yes","PRODUCTION":"","COMMENTS":"Assays are in Bulletin 37."}},{"type":"Feature","id":3033,"geometry":{"type":"Point","coordinates":[-121.4444,47.8847]},"properties":{"OBJECTID":3033,"SITE_ID":3322,"SITE_NAME":"Molly","ALTERNATE_NAMES":"","PRIMARY_COMMODITY":"Uranium (U)","COMMODITIES":"Uranium, arsenic","ORE_MINERALS":"Molybdenite, uraninite, chalcopyrite","GANGUE":"","LOCATION_DESCRIPTION":"Near Galena Lookout Station, approximately 9 mi E of Index on N Fork of Skykomish River","LEGAL_DESCRIPTION":"sec. 30, T28N, R11E","LOCATION_ACCURACY":"coordinate accuracy highly variable","COUNTY":"Snohomish","LATITUDE":47.8847,"LONGITUDE":-121.4444,"MINING_DISTRICT":"","LOCATION_SOURCE":"USGS MAS/MILS Database ","ASSAYS":"","PRODUCTION":"","COMMENTS":""}},{"type":"Feature","id":3034,"geometry":{"type":"Point","coordinates":[-121.9167,47.8647]},"properties":{"OBJECTID":3034,"SITE_ID":3323,"SITE_NAME":"Sultan","ALTERNATE_NAMES":"","PRIMARY_COMMODITY":"Uranium (U)","COMMODITIES":"Uranium","ORE_MINERALS":"","GANGUE":"","LOCATION_DESCRIPTION":"5 mi W of the town of Sultan","LEGAL_DESCRIPTION":"","LOCATION_ACCURACY":"coordinate accuracy highly variable","COUNTY":"Snohomish","LATITUDE":47.8647,"LONGITUDE":-121.9167,"MINING_DISTRICT":"","LOCATION_SOURCE":"USGS MAS/MILS Database ","ASSAYS":"","PRODUCTION":"","COMMENTS":""}},{"type":"Feature","id":3157,"geometry":{"type":"Point","coordinates":[-121.5439,48.0397]},"properties":{"OBJECTID":3157,"SITE_ID":3448,"SITE_NAME":"Milwaukee","ALTERNATE_NAMES":"","PRIMARY_COMMODITY":"Zinc (Zn)","COMMODITIES":"Zinc, lead, gold, silver","ORE_MINERALS":"Sphalerite, galena, chalcopyrite, arsenopyrite, pyrite","GANGUE":"Quartz with comb structure","LOCATION_DESCRIPTION":"","LEGAL_DESCRIPTION":"SE 1/4 of sec. 32, T30N, R10E","LOCATION_ACCURACY":"coordinate accuracy highly variable","COUNTY":"Snohomish","LATITUDE":48.0397,"LONGITUDE":-121.5439,"MINING_DISTRICT":"Sultan Basin","LOCATION_SOURCE":"USGS MAS/MILS Database ","ASSAYS":"yes","PRODUCTION":"","COMMENTS":"Assays are in Bulletin 37."}},{"type":"Feature","id":3158,"geometry":{"type":"Point","coordinates":[-121.4528,47.9497]},"properties":{"OBJECTID":3158,"SITE_ID":3449,"SITE_NAME":"S.M.P.","ALTERNATE_NAMES":"","PRIMARY_COMMODITY":"Zinc (Zn)","COMMODITIES":"Zinc, copper, gold","ORE_MINERALS":"","GANGUE":"","LOCATION_DESCRIPTION":"","LEGAL_DESCRIPTION":"sec. 6, T28N, R11E; sec. 31, T29N, R11E; sec. 1, T28N, R10E","LOCATION_ACCURACY":"coordinate accuracy highly variable","COUNTY":"Snohomish","LATITUDE":47.9497,"LONGITUDE":-121.4528,"MINING_DISTRICT":"Silver Creek","LOCATION_SOURCE":"USGS MAS/MILS Database ","ASSAYS":"","PRODUCTION":"","COMMENTS":""}},{"type":"Feature","id":3332,"geometry":{"type":"Point","coordinates":[-121.446977,47.993316]},"properties":{"OBJECTID":3332,"SITE_ID":3753,"SITE_NAME":"Glacier","ALTERNATE_NAMES":"","PRIMARY_COMMODITY":"Copper (Cu)","COMMODITIES":"Copper, gold, silver","ORE_MINERALS":"Chalcopyrite","GANGUE":"Quartz, calcite, pyrite","LOCATION_DESCRIPTION":"On W side of '76 Basin","LEGAL_DESCRIPTION":"","LOCATION_ACCURACY":"coordinates estimated from location description","COUNTY":"Snohomish","LATITUDE":47.9933162141552,"LONGITUDE":-121.446977034943,"MINING_DISTRICT":"Monte Cristo","LOCATION_SOURCE":"Bulletin 37","ASSAYS":"","PRODUCTION":"","COMMENTS":""}},{"type":"Feature","id":3391,"geometry":{"type":"Point","coordinates":[-121.567669,48.075814]},"properties":{"OBJECTID":3391,"SITE_ID":3871,"SITE_NAME":"Silverton mines","ALTERNATE_NAMES":"Cleveland, Copper Independent, Eclipse, Hoodoo, Ore Recoveries, Virginia","PRIMARY_COMMODITY":"Copper (Cu)","COMMODITIES":"Copper, gold, silver, arsenic, tin","ORE_MINERALS":"Chalcopyrite, galena, stannite, native mercury","GANGUE":"Pyrite, pyrrhotite, arsenopyrite, quartz, calcite","LOCATION_DESCRIPTION":"At Silverton","LEGAL_DESCRIPTION":"sec. 19, T30N, R10E","LOCATION_ACCURACY":"generally from USGS 7.5-minute topographic map","COUNTY":"Snohomish","LATITUDE":48.075814,"LONGITUDE":-121.567669,"MINING_DISTRICT":"Silverton","LOCATION_SOURCE":"Open File Report 90-18","ASSAYS":"","PRODUCTION":"yes","COMMENTS":"Production information is in OFR 90-18."}},{"type":"Feature","id":3489,"geometry":{"type":"Point","coordinates":[-121.4383,47.9321]},"properties":{"OBJECTID":3489,"SITE_ID":3970,"SITE_NAME":"Silver Creek Mining District","ALTERNATE_NAMES":"Silver Creek District","PRIMARY_COMMODITY":"Lead (Pb)","COMMODITIES":"Lead","ORE_MINERALS":"","GANGUE":"","LOCATION_DESCRIPTION":"","LEGAL_DESCRIPTION":"","LOCATION_ACCURACY":"USGS 7.5-minute topographic map","COUNTY":"Snohomish","LATITUDE":47.9321,"LONGITUDE":-121.4383,"MINING_DISTRICT":"Silver Creek","LOCATION_SOURCE":"USGS 7.5-minute topographic map","ASSAYS":"","PRODUCTION":"","COMMENTS":""}},{"type":"Feature","id":3505,"geometry":{"type":"Point","coordinates":[-121.445,47.8419]},"properties":{"OBJECTID":3505,"SITE_ID":3986,"SITE_NAME":"Index Mining District","ALTERNATE_NAMES":"Index District","PRIMARY_COMMODITY":"Copper (Cu)","COMMODITIES":"Copper","ORE_MINERALS":"","GANGUE":"","LOCATION_DESCRIPTION":"","LEGAL_DESCRIPTION":"","LOCATION_ACCURACY":"mining district centroid","COUNTY":"Snohomish","LATITUDE":47.8419,"LONGITUDE":-121.445,"MINING_DISTRICT":"Index","LOCATION_SOURCE":"Washington metal mine files","ASSAYS":"","PRODUCTION":"","COMMENTS":""}},{"type":"Feature","id":3509,"geometry":{"type":"Point","coordinates":[-121.798,47.9239]},"properties":{"OBJECTID":3509,"SITE_ID":3990,"SITE_NAME":"Sultan Mining District","ALTERNATE_NAMES":"Sultan District","PRIMARY_COMMODITY":"Copper (Cu)","COMMODITIES":"Copper","ORE_MINERALS":"","GANGUE":"","LOCATION_DESCRIPTION":"","LEGAL_DESCRIPTION":"","LOCATION_ACCURACY":"mining district centroid","COUNTY":"Snohomish","LATITUDE":47.9239,"LONGITUDE":-121.798,"MINING_DISTRICT":"Sultan","LOCATION_SOURCE":"Washington metal mine files","ASSAYS":"yes","PRODUCTION":"","COMMENTS":"Assays are in the scanned files."}},{"type":"Feature","id":3526,"geometry":{"type":"Point","coordinates":[-121.529,48.0929]},"properties":{"OBJECTID":3526,"SITE_ID":4007,"SITE_NAME":"Colville Mining District","ALTERNATE_NAMES":"Colville District","PRIMARY_COMMODITY":"Zinc (Zn)","COMMODITIES":"Zinc","ORE_MINERALS":"","GANGUE":"","LOCATION_DESCRIPTION":"","LEGAL_DESCRIPTION":"","LOCATION_ACCURACY":"mining district centroid","COUNTY":"","LATITUDE":48.0929,"LONGITUDE":-121.529,"MINING_DISTRICT":"Colville","LOCATION_SOURCE":"Mining in the Pacific Northwest","ASSAYS":"","PRODUCTION":"","COMMENTS":""}}]}